snapshot,query_key,calls,total_exec_ms,rows,query_sha256
added_sql-1--1-contended,10_-1052881757650665872_true,98,23.39590900000001,98,fd5eb69aa72a67eaa6834c3b8a7cd13d1ce88f4afb01f6ba3a2afff48fa5e00a
added_sql-1--1-contended,10_-1402584087708913972_true,644,18.20605600000001,643,352fbeb1379fc328ef8b1508b0dce3809dedf7bcc37380bf175c27ba5d47aaaf
added_sql-1--1-contended,10_-2009659903980438264_true,6,0.263359,6,af0f73f4c1b00b9ef923a36431f245937f4a1746f3a94effdeddc55b59c97663
added_sql-1--1-contended,10_-2855378371138922046_true,419,9.654829000000001,419,1e355565d2f9d2d725a6c113ab9c3cbd5f0a1e079360fa050b0f7d154a00ecfb
added_sql-1--1-contended,10_-3832981572635927287_true,98,2.4645670000000015,98,b9aa0556b6ebbf56a3dc07649ba62fc021fcc1b4ab045cfb1ec487d7709924ad
added_sql-1--1-contended,10_-3860739276665616125_true,1,0.128714,1,a3ba3c2b1babefc6a0d87dee1697a42c514b779b41f724f94f2f7b03a3f2cc4f
added_sql-1--1-contended,10_-4044405742537025589_true,2,0.057078000000000004,0,9ac771e1d8b2ecc77c63ae37213074966f7a3917cea724e3d384926d06bbadae
added_sql-1--1-contended,10_-4202626520741838959_true,2,0.046277,0,12e05f0048b04c42d73fa08be525c579118e635c63ada3ed0e8812d8d1023dd1
added_sql-1--1-contended,10_-4809885398804894281_true,194,82.74297899999998,194,92ce1667148ac440c8788c3d3af00d2c3b9422ff8d9e0859d4748a74389b9996
added_sql-1--1-contended,10_-4819928050126555128_true,98,28.32504000000001,98,477d13bbca42f7fea2eee5fae48829f553932ea70abc08f3481950fc111f9933
added_sql-1--1-contended,10_-5198611253100323484_true,98,1.6701779999999995,98,7023ede274147bdf32196bb22065e88162316eb4895843571324ba855be65e93
added_sql-1--1-contended,10_-5239448546576074090_true,98,2.8615310000000003,299,0be1f76876c6d9a758e837f5a84b512f0e4fd26933058437b47ca0b26edbe5e6
added_sql-1--1-contended,10_-5638955352960985681_true,2,0.023294,0,506ebcd04bd91cb7937fc70d0015974155147795a1c46f002c0bb0fb06ec708d
added_sql-1--1-contended,10_-6238842771805104800_true,98,2.5225530000000003,98,49773b6f878393bd324582d4599c51543223cec6aa2311d43a8b7efad1a9c68f
added_sql-1--1-contended,10_-6339237704490227906_true,227,0.460415,227,2461f8bb8070d8f1e4e669943dfb1cc042ed3e05c56721efdd125ae68b55f78c
added_sql-1--1-contended,10_-6842937031447782956_true,194,127.68683200000004,194,00b521f1d47ad8f9260913ab55502fd00e830befb813e1cd4c76e5d5b4f28d71
added_sql-1--1-contended,10_-7159942097980501218_true,98,61.93440500000001,98,6ae7b188f5d5f6f8fb8fcba3b92b5a772061a6f4b373bde9ca538360aa483b33
added_sql-1--1-contended,10_-7477484057581112166_true,485,14.774730000000009,485,9627c3632787ab65dc8f8cd646685704337a625e64ba1c45ceeaa719fe208304
added_sql-1--1-contended,10_-7676915344437841334_true,4,0.002786,0,587fa628a9fe4642ac0e22825a97e81d388af674f7251a9fb699f96901dcb710
added_sql-1--1-contended,10_1033802039123175271_true,98,251.21513600000003,98,e819be7fb057a82b354deac1ce64d7a14ca65977f53ef48880ce60e7c39d25d1
added_sql-1--1-contended,10_1407442300845343054_true,2,0.023625999999999998,0,4a59fed636fa6cc37f980842ae33a5c5925b30e7cd5c44df84428cd9aa9d0795
added_sql-1--1-contended,10_1516204262266125831_true,225,4.975171000000003,225,e169d97b39de2de9e691007670fd3af5dbde5d70d56d831386a92f310ca3ea15
added_sql-1--1-contended,10_1731465853063539113_true,129,17.759843000000007,129,5be3a8d53aceda658f2dae7a68e2fe254eaaadbdd41d490face8824895d710b4
added_sql-1--1-contended,10_1767282781953035540_true,224,7.749875000000001,512,0f293e8ff0f0e1890d430270763675b49f06f33b864106eeefe2ab77c810e8c8
added_sql-1--1-contended,10_1779149457895871573_true,3,0.26912800000000003,18,54e5d7d708a74c6fd6544d783f0a2a1e30b8b6a5227d6da2495a76df03d8d2a8
added_sql-1--1-contended,10_2096569030600054063_true,129,3.3501430000000023,129,c9e8e165a338ac836ded5aa8f5e86a0385b9bfe21d62581fb04832d3db7a1436
added_sql-1--1-contended,10_2267975671437662225_true,129,31.280282999999994,129,7c1209b5f81463c042e65511d9fc2660c84845d54e555b315f3e021244da0e43
added_sql-1--1-contended,10_272815608956864943_true,292,8.824506999999995,292,19fcbfeabe76d434f20ea5fae408ee9841da6e733f879379f7efbbdd715c56e2
added_sql-1--1-contended,10_3077585829638170063_true,129,68.98503700000002,129,687e79bbc1ec03b14f500126657c21c6a06eb4298839db2c813f29dda3833373
added_sql-1--1-contended,10_3175560230803026983_true,129,2.2049550000000004,129,7e4a7862cfb3876ac23318104c891ea05802ddda717ec18dcd7b96526b130cb1
added_sql-1--1-contended,10_3491474400644981095_true,2,0.04228,0,0c6614ae587779f47879bc40e3dba399480d06a06661a10064934846709e9df4
added_sql-1--1-contended,10_4613823412944004157_true,2,0.059062,0,cc86dddcee9764940d1aa1beec3e930b230454e3f7ca3d8c2e234989567f824b
added_sql-1--1-contended,10_4656313577910830320_true,98,22.517864000000014,98,a594e138cb3d18f9604403cdd6e641756e815005e18689fc566d5d947409de4e
added_sql-1--1-contended,10_4854991825702068830_true,873,0.5557179999999995,0,a8402858d4f1e1d27afee976520485ebb4b96a5387355b823f0d0b8079729032
added_sql-1--1-contended,10_5603963236059248545_true,2,0.026219,0,c4824c687a8bd39f8c08d9df08f6386571083d40c57fb9b145a1e4480b3f0962
added_sql-1--1-contended,10_6097083398544187049_true,1,4.71E-4,0,79663c1d3b43ceaf9ee728e501c64b57ae2e4d6cb36ff5c65eddcda1de27342f
added_sql-1--1-contended,10_614676945849492516_true,2,1.6088710000000002,0,62b398df9124d865936994039a924eb7b70f9c5572e7030bf0c2a251bcea333a
added_sql-1--1-contended,10_6617438240737550109_true,2,0.129585,6,e3f26b4e29b4a7250e7771ea0f1047eb5bbde6b9e4ae3570b6725623a388fa6c
added_sql-1--1-contended,10_8004310239819770328_true,98,1.339835,98,9bfad657bb875e10805ca81a661d09001022e8a32b91c57d1d8a4bd9cd0a53c9
added_sql-1--1-contended,10_8085437714887874422_true,225,55.99295700000001,224,1a5346cdb428ad7e820bb07aee152260cab9a3ebbf0f2b06567f88f9a6f02341
added_sql-1--1-contended,10_831126298545652160_true,3,0.218253,21,7216db1b4f01955b020adfdaf0d1537d45f7e7ada3bcb50563d14cf0134deccf
added_sql-1--1-contended,10_9091044686983837465_true,193,14.143647000000003,193,84dfa94eec8a34624f7259661a2e4558d8950e4987d2799e4d4d959131dc4ff6
added_sql-1--1-mixed,10_-1052881757650665872_true,96,22.974862000000012,96,fd5eb69aa72a67eaa6834c3b8a7cd13d1ce88f4afb01f6ba3a2afff48fa5e00a
added_sql-1--1-mixed,10_-1402584087708913972_true,576,16.637477,576,352fbeb1379fc328ef8b1508b0dce3809dedf7bcc37380bf175c27ba5d47aaaf
added_sql-1--1-mixed,10_-2009659903980438264_true,6,0.263359,6,af0f73f4c1b00b9ef923a36431f245937f4a1746f3a94effdeddc55b59c97663
added_sql-1--1-mixed,10_-2855378371138922046_true,384,8.843363999999998,384,1e355565d2f9d2d725a6c113ab9c3cbd5f0a1e079360fa050b0f7d154a00ecfb
added_sql-1--1-mixed,10_-3832981572635927287_true,96,2.356041000000001,96,b9aa0556b6ebbf56a3dc07649ba62fc021fcc1b4ab045cfb1ec487d7709924ad
added_sql-1--1-mixed,10_-4044405742537025589_true,2,0.057078000000000004,0,9ac771e1d8b2ecc77c63ae37213074966f7a3917cea724e3d384926d06bbadae
added_sql-1--1-mixed,10_-4202626520741838959_true,2,0.046277,0,12e05f0048b04c42d73fa08be525c579118e635c63ada3ed0e8812d8d1023dd1
added_sql-1--1-mixed,10_-4809885398804894281_true,192,81.90257999999997,192,92ce1667148ac440c8788c3d3af00d2c3b9422ff8d9e0859d4748a74389b9996
added_sql-1--1-mixed,10_-4819928050126555128_true,96,27.901509000000008,96,477d13bbca42f7fea2eee5fae48829f553932ea70abc08f3481950fc111f9933
added_sql-1--1-mixed,10_-5198611253100323484_true,96,1.6388499999999995,96,7023ede274147bdf32196bb22065e88162316eb4895843571324ba855be65e93
added_sql-1--1-mixed,10_-5239448546576074090_true,96,2.7656280000000004,288,0be1f76876c6d9a758e837f5a84b512f0e4fd26933058437b47ca0b26edbe5e6
added_sql-1--1-mixed,10_-5638955352960985681_true,2,0.023294,0,506ebcd04bd91cb7937fc70d0015974155147795a1c46f002c0bb0fb06ec708d
added_sql-1--1-mixed,10_-6238842771805104800_true,96,2.451118,96,49773b6f878393bd324582d4599c51543223cec6aa2311d43a8b7efad1a9c68f
added_sql-1--1-mixed,10_-6339237704490227906_true,192,0.403749,192,2461f8bb8070d8f1e4e669943dfb1cc042ed3e05c56721efdd125ae68b55f78c
added_sql-1--1-mixed,10_-6842937031447782956_true,192,126.04874600000004,192,00b521f1d47ad8f9260913ab55502fd00e830befb813e1cd4c76e5d5b4f28d71
added_sql-1--1-mixed,10_-7159942097980501218_true,96,61.02824300000001,96,6ae7b188f5d5f6f8fb8fcba3b92b5a772061a6f4b373bde9ca538360aa483b33
added_sql-1--1-mixed,10_-7477484057581112166_true,384,11.67978000000001,384,9627c3632787ab65dc8f8cd646685704337a625e64ba1c45ceeaa719fe208304
added_sql-1--1-mixed,10_1033802039123175271_true,96,251.16675400000003,96,e819be7fb057a82b354deac1ce64d7a14ca65977f53ef48880ce60e7c39d25d1
added_sql-1--1-mixed,10_1407442300845343054_true,2,0.023625999999999998,0,4a59fed636fa6cc37f980842ae33a5c5925b30e7cd5c44df84428cd9aa9d0795
added_sql-1--1-mixed,10_1516204262266125831_true,192,4.309512000000002,192,e169d97b39de2de9e691007670fd3af5dbde5d70d56d831386a92f310ca3ea15
added_sql-1--1-mixed,10_1731465853063539113_true,96,12.767097000000007,96,5be3a8d53aceda658f2dae7a68e2fe254eaaadbdd41d490face8824895d710b4
added_sql-1--1-mixed,10_1767282781953035540_true,192,6.942241000000002,480,0f293e8ff0f0e1890d430270763675b49f06f33b864106eeefe2ab77c810e8c8
added_sql-1--1-mixed,10_1779149457895871573_true,3,0.26912800000000003,18,54e5d7d708a74c6fd6544d783f0a2a1e30b8b6a5227d6da2495a76df03d8d2a8
added_sql-1--1-mixed,10_2096569030600054063_true,96,2.2659240000000005,96,c9e8e165a338ac836ded5aa8f5e86a0385b9bfe21d62581fb04832d3db7a1436
added_sql-1--1-mixed,10_2267975671437662225_true,96,23.891596000000003,96,7c1209b5f81463c042e65511d9fc2660c84845d54e555b315f3e021244da0e43
added_sql-1--1-mixed,10_272815608956864943_true,288,8.700180999999994,288,19fcbfeabe76d434f20ea5fae408ee9841da6e733f879379f7efbbdd715c56e2
added_sql-1--1-mixed,10_3077585829638170063_true,96,52.489223000000024,96,687e79bbc1ec03b14f500126657c21c6a06eb4298839db2c813f29dda3833373
added_sql-1--1-mixed,10_3175560230803026983_true,96,1.4601050000000004,96,7e4a7862cfb3876ac23318104c891ea05802ddda717ec18dcd7b96526b130cb1
added_sql-1--1-mixed,10_3491474400644981095_true,2,0.04228,0,0c6614ae587779f47879bc40e3dba399480d06a06661a10064934846709e9df4
added_sql-1--1-mixed,10_4613823412944004157_true,2,0.059062,0,cc86dddcee9764940d1aa1beec3e930b230454e3f7ca3d8c2e234989567f824b
added_sql-1--1-mixed,10_4656313577910830320_true,96,21.903062000000013,96,a594e138cb3d18f9604403cdd6e641756e815005e18689fc566d5d947409de4e
added_sql-1--1-mixed,10_4854991825702068830_true,770,0.4794459999999993,0,a8402858d4f1e1d27afee976520485ebb4b96a5387355b823f0d0b8079729032
added_sql-1--1-mixed,10_5603963236059248545_true,2,0.026219,0,c4824c687a8bd39f8c08d9df08f6386571083d40c57fb9b145a1e4480b3f0962
added_sql-1--1-mixed,10_6097083398544187049_true,1,4.71E-4,0,79663c1d3b43ceaf9ee728e501c64b57ae2e4d6cb36ff5c65eddcda1de27342f
added_sql-1--1-mixed,10_614676945849492516_true,2,1.6088710000000002,0,62b398df9124d865936994039a924eb7b70f9c5572e7030bf0c2a251bcea333a
added_sql-1--1-mixed,10_6617438240737550109_true,2,0.129585,6,e3f26b4e29b4a7250e7771ea0f1047eb5bbde6b9e4ae3570b6725623a388fa6c
added_sql-1--1-mixed,10_8004310239819770328_true,96,1.321881,96,9bfad657bb875e10805ca81a661d09001022e8a32b91c57d1d8a4bd9cd0a53c9
added_sql-1--1-mixed,10_8085437714887874422_true,192,7.873812000000003,192,1a5346cdb428ad7e820bb07aee152260cab9a3ebbf0f2b06567f88f9a6f02341
added_sql-1--1-mixed,10_831126298545652160_true,3,0.218253,21,7216db1b4f01955b020adfdaf0d1537d45f7e7ada3bcb50563d14cf0134deccf
added_sql-1--1-mixed,10_9091044686983837465_true,192,14.100997000000003,192,84dfa94eec8a34624f7259661a2e4558d8950e4987d2799e4d4d959131dc4ff6
added_sql-1-0-contended,10_-1052881757650665872_true,196,45.019972000000024,196,fd5eb69aa72a67eaa6834c3b8a7cd13d1ce88f4afb01f6ba3a2afff48fa5e00a
added_sql-1-0-contended,10_-1402584087708913972_true,1288,34.301684000000044,1286,352fbeb1379fc328ef8b1508b0dce3809dedf7bcc37380bf175c27ba5d47aaaf
added_sql-1-0-contended,10_-2009659903980438264_true,7,0.374249,7,af0f73f4c1b00b9ef923a36431f245937f4a1746f3a94effdeddc55b59c97663
added_sql-1-0-contended,10_-2855378371138922046_true,838,18.60311400000001,838,1e355565d2f9d2d725a6c113ab9c3cbd5f0a1e079360fa050b0f7d154a00ecfb
added_sql-1-0-contended,10_-3832981572635927287_true,196,4.595194000000001,196,b9aa0556b6ebbf56a3dc07649ba62fc021fcc1b4ab045cfb1ec487d7709924ad
added_sql-1-0-contended,10_-3860739276665616125_true,2,0.251776,2,a3ba3c2b1babefc6a0d87dee1697a42c514b779b41f724f94f2f7b03a3f2cc4f
added_sql-1-0-contended,10_-4044405742537025589_true,4,0.15781900000000001,0,9ac771e1d8b2ecc77c63ae37213074966f7a3917cea724e3d384926d06bbadae
added_sql-1-0-contended,10_-4202626520741838959_true,4,0.086074,0,12e05f0048b04c42d73fa08be525c579118e635c63ada3ed0e8812d8d1023dd1
added_sql-1-0-contended,10_-4809885398804894281_true,388,156.612375,388,92ce1667148ac440c8788c3d3af00d2c3b9422ff8d9e0859d4748a74389b9996
added_sql-1-0-contended,10_-4819928050126555128_true,196,46.76819900000002,196,477d13bbca42f7fea2eee5fae48829f553932ea70abc08f3481950fc111f9933
added_sql-1-0-contended,10_-5198611253100323484_true,196,3.033134999999998,196,7023ede274147bdf32196bb22065e88162316eb4895843571324ba855be65e93
added_sql-1-0-contended,10_-5239448546576074090_true,196,5.496640000000001,897,0be1f76876c6d9a758e837f5a84b512f0e4fd26933058437b47ca0b26edbe5e6
added_sql-1-0-contended,10_-5638955352960985681_true,4,0.039173,0,506ebcd04bd91cb7937fc70d0015974155147795a1c46f002c0bb0fb06ec708d
added_sql-1-0-contended,10_-6238842771805104800_true,196,4.778429999999998,196,49773b6f878393bd324582d4599c51543223cec6aa2311d43a8b7efad1a9c68f
added_sql-1-0-contended,10_-6339237704490227906_true,454,0.8048030000000006,454,2461f8bb8070d8f1e4e669943dfb1cc042ed3e05c56721efdd125ae68b55f78c
added_sql-1-0-contended,10_-6842937031447782956_true,388,237.60466999999997,388,00b521f1d47ad8f9260913ab55502fd00e830befb813e1cd4c76e5d5b4f28d71
added_sql-1-0-contended,10_-7159942097980501218_true,196,105.72431900000001,196,6ae7b188f5d5f6f8fb8fcba3b92b5a772061a6f4b373bde9ca538360aa483b33
added_sql-1-0-contended,10_-7477484057581112166_true,970,28.67197699999999,970,9627c3632787ab65dc8f8cd646685704337a625e64ba1c45ceeaa719fe208304
added_sql-1-0-contended,10_-7676915344437841334_true,4,0.002786,0,587fa628a9fe4642ac0e22825a97e81d388af674f7251a9fb699f96901dcb710
added_sql-1-0-contended,10_1033802039123175271_true,196,501.0752080000001,196,e819be7fb057a82b354deac1ce64d7a14ca65977f53ef48880ce60e7c39d25d1
added_sql-1-0-contended,10_1407442300845343054_true,4,0.050085,0,4a59fed636fa6cc37f980842ae33a5c5925b30e7cd5c44df84428cd9aa9d0795
added_sql-1-0-contended,10_1516204262266125831_true,450,10.013810000000008,450,e169d97b39de2de9e691007670fd3af5dbde5d70d56d831386a92f310ca3ea15
added_sql-1-0-contended,10_1731465853063539113_true,258,34.21300600000002,258,5be3a8d53aceda658f2dae7a68e2fe254eaaadbdd41d490face8824895d710b4
added_sql-1-0-contended,10_1767282781953035540_true,448,20.363380000000006,1600,0f293e8ff0f0e1890d430270763675b49f06f33b864106eeefe2ab77c810e8c8
added_sql-1-0-contended,10_1779149457895871573_true,3,0.26912800000000003,18,54e5d7d708a74c6fd6544d783f0a2a1e30b8b6a5227d6da2495a76df03d8d2a8
added_sql-1-0-contended,10_2096569030600054063_true,258,6.774748000000005,258,c9e8e165a338ac836ded5aa8f5e86a0385b9bfe21d62581fb04832d3db7a1436
added_sql-1-0-contended,10_2267975671437662225_true,258,58.33982100000001,258,7c1209b5f81463c042e65511d9fc2660c84845d54e555b315f3e021244da0e43
added_sql-1-0-contended,10_272815608956864943_true,584,15.996989999999988,584,19fcbfeabe76d434f20ea5fae408ee9841da6e733f879379f7efbbdd715c56e2
added_sql-1-0-contended,10_3077585829638170063_true,258,125.44537800000005,258,687e79bbc1ec03b14f500126657c21c6a06eb4298839db2c813f29dda3833373
added_sql-1-0-contended,10_3175560230803026983_true,258,4.050122000000001,258,7e4a7862cfb3876ac23318104c891ea05802ddda717ec18dcd7b96526b130cb1
added_sql-1-0-contended,10_3491474400644981095_true,4,0.08935099999999999,0,0c6614ae587779f47879bc40e3dba399480d06a06661a10064934846709e9df4
added_sql-1-0-contended,10_4613823412944004157_true,4,0.086454,0,cc86dddcee9764940d1aa1beec3e930b230454e3f7ca3d8c2e234989567f824b
added_sql-1-0-contended,10_4656313577910830320_true,196,39.670557,196,a594e138cb3d18f9604403cdd6e641756e815005e18689fc566d5d947409de4e
added_sql-1-0-contended,10_4854991825702068830_true,1746,1.063647999999998,0,a8402858d4f1e1d27afee976520485ebb4b96a5387355b823f0d0b8079729032
added_sql-1-0-contended,10_5603963236059248545_true,4,0.067779,0,c4824c687a8bd39f8c08d9df08f6386571083d40c57fb9b145a1e4480b3f0962
added_sql-1-0-contended,10_6097083398544187049_true,1,4.71E-4,0,79663c1d3b43ceaf9ee728e501c64b57ae2e4d6cb36ff5c65eddcda1de27342f
added_sql-1-0-contended,10_614676945849492516_true,4,3.207573,0,62b398df9124d865936994039a924eb7b70f9c5572e7030bf0c2a251bcea333a
added_sql-1-0-contended,10_6617438240737550109_true,2,0.129585,6,e3f26b4e29b4a7250e7771ea0f1047eb5bbde6b9e4ae3570b6725623a388fa6c
added_sql-1-0-contended,10_8004310239819770328_true,196,2.6059010000000002,196,9bfad657bb875e10805ca81a661d09001022e8a32b91c57d1d8a4bd9cd0a53c9
added_sql-1-0-contended,10_8085437714887874422_true,450,65.82956599999997,448,1a5346cdb428ad7e820bb07aee152260cab9a3ebbf0f2b06567f88f9a6f02341
added_sql-1-0-contended,10_831126298545652160_true,3,0.218253,21,7216db1b4f01955b020adfdaf0d1537d45f7e7ada3bcb50563d14cf0134deccf
added_sql-1-0-contended,10_9091044686983837465_true,386,27.143233000000013,386,84dfa94eec8a34624f7259661a2e4558d8950e4987d2799e4d4d959131dc4ff6
added_sql-1-0-mixed,10_-1052881757650665872_true,194,44.62216100000003,194,fd5eb69aa72a67eaa6834c3b8a7cd13d1ce88f4afb01f6ba3a2afff48fa5e00a
added_sql-1-0-mixed,10_-1402584087708913972_true,1220,33.07386700000002,1219,352fbeb1379fc328ef8b1508b0dce3809dedf7bcc37380bf175c27ba5d47aaaf
added_sql-1-0-mixed,10_-2009659903980438264_true,7,0.374249,7,af0f73f4c1b00b9ef923a36431f245937f4a1746f3a94effdeddc55b59c97663
added_sql-1-0-mixed,10_-2855378371138922046_true,803,18.111912000000004,803,1e355565d2f9d2d725a6c113ab9c3cbd5f0a1e079360fa050b0f7d154a00ecfb
added_sql-1-0-mixed,10_-3832981572635927287_true,194,4.536575000000001,194,b9aa0556b6ebbf56a3dc07649ba62fc021fcc1b4ab045cfb1ec487d7709924ad
added_sql-1-0-mixed,10_-3860739276665616125_true,1,0.128714,1,a3ba3c2b1babefc6a0d87dee1697a42c514b779b41f724f94f2f7b03a3f2cc4f
added_sql-1-0-mixed,10_-4044405742537025589_true,4,0.15781900000000001,0,9ac771e1d8b2ecc77c63ae37213074966f7a3917cea724e3d384926d06bbadae
added_sql-1-0-mixed,10_-4202626520741838959_true,4,0.086074,0,12e05f0048b04c42d73fa08be525c579118e635c63ada3ed0e8812d8d1023dd1
added_sql-1-0-mixed,10_-4809885398804894281_true,386,155.784951,386,92ce1667148ac440c8788c3d3af00d2c3b9422ff8d9e0859d4748a74389b9996
added_sql-1-0-mixed,10_-4819928050126555128_true,194,46.44873600000002,194,477d13bbca42f7fea2eee5fae48829f553932ea70abc08f3481950fc111f9933
added_sql-1-0-mixed,10_-5198611253100323484_true,194,3.015150999999998,194,7023ede274147bdf32196bb22065e88162316eb4895843571324ba855be65e93
added_sql-1-0-mixed,10_-5239448546576074090_true,194,5.440143000000001,875,0be1f76876c6d9a758e837f5a84b512f0e4fd26933058437b47ca0b26edbe5e6
added_sql-1-0-mixed,10_-5638955352960985681_true,4,0.039173,0,506ebcd04bd91cb7937fc70d0015974155147795a1c46f002c0bb0fb06ec708d
added_sql-1-0-mixed,10_-6238842771805104800_true,194,4.741058999999998,194,49773b6f878393bd324582d4599c51543223cec6aa2311d43a8b7efad1a9c68f
added_sql-1-0-mixed,10_-6339237704490227906_true,419,0.7497210000000005,419,2461f8bb8070d8f1e4e669943dfb1cc042ed3e05c56721efdd125ae68b55f78c
added_sql-1-0-mixed,10_-6842937031447782956_true,386,236.62010899999999,386,00b521f1d47ad8f9260913ab55502fd00e830befb813e1cd4c76e5d5b4f28d71
added_sql-1-0-mixed,10_-7159942097980501218_true,194,104.55081,194,6ae7b188f5d5f6f8fb8fcba3b92b5a772061a6f4b373bde9ca538360aa483b33
added_sql-1-0-mixed,10_-7477484057581112166_true,869,26.194168000000005,869,9627c3632787ab65dc8f8cd646685704337a625e64ba1c45ceeaa719fe208304
added_sql-1-0-mixed,10_-7676915344437841334_true,4,0.002786,0,587fa628a9fe4642ac0e22825a97e81d388af674f7251a9fb699f96901dcb710
added_sql-1-0-mixed,10_1033802039123175271_true,194,501.0245730000001,194,e819be7fb057a82b354deac1ce64d7a14ca65977f53ef48880ce60e7c39d25d1
added_sql-1-0-mixed,10_1407442300845343054_true,4,0.050085,0,4a59fed636fa6cc37f980842ae33a5c5925b30e7cd5c44df84428cd9aa9d0795
added_sql-1-0-mixed,10_1516204262266125831_true,417,9.539153000000006,417,e169d97b39de2de9e691007670fd3af5dbde5d70d56d831386a92f310ca3ea15
added_sql-1-0-mixed,10_1731465853063539113_true,225,29.403013000000016,225,5be3a8d53aceda658f2dae7a68e2fe254eaaadbdd41d490face8824895d710b4
added_sql-1-0-mixed,10_1767282781953035540_true,416,19.64760400000001,1568,0f293e8ff0f0e1890d430270763675b49f06f33b864106eeefe2ab77c810e8c8
added_sql-1-0-mixed,10_1779149457895871573_true,3,0.26912800000000003,18,54e5d7d708a74c6fd6544d783f0a2a1e30b8b6a5227d6da2495a76df03d8d2a8
added_sql-1-0-mixed,10_2096569030600054063_true,225,5.863566000000004,225,c9e8e165a338ac836ded5aa8f5e86a0385b9bfe21d62581fb04832d3db7a1436
added_sql-1-0-mixed,10_2267975671437662225_true,225,51.862252999999995,225,7c1209b5f81463c042e65511d9fc2660c84845d54e555b315f3e021244da0e43
added_sql-1-0-mixed,10_272815608956864943_true,580,15.93706799999999,580,19fcbfeabe76d434f20ea5fae408ee9841da6e733f879379f7efbbdd715c56e2
added_sql-1-0-mixed,10_3077585829638170063_true,225,111.06194599999999,225,687e79bbc1ec03b14f500126657c21c6a06eb4298839db2c813f29dda3833373
added_sql-1-0-mixed,10_3175560230803026983_true,225,3.543553000000001,225,7e4a7862cfb3876ac23318104c891ea05802ddda717ec18dcd7b96526b130cb1
added_sql-1-0-mixed,10_3491474400644981095_true,4,0.08935099999999999,0,0c6614ae587779f47879bc40e3dba399480d06a06661a10064934846709e9df4
added_sql-1-0-mixed,10_4613823412944004157_true,4,0.086454,0,cc86dddcee9764940d1aa1beec3e930b230454e3f7ca3d8c2e234989567f824b
added_sql-1-0-mixed,10_4656313577910830320_true,194,39.29849300000001,194,a594e138cb3d18f9604403cdd6e641756e815005e18689fc566d5d947409de4e
added_sql-1-0-mixed,10_4854991825702068830_true,1643,1.0063669999999987,0,a8402858d4f1e1d27afee976520485ebb4b96a5387355b823f0d0b8079729032
added_sql-1-0-mixed,10_5603963236059248545_true,4,0.067779,0,c4824c687a8bd39f8c08d9df08f6386571083d40c57fb9b145a1e4480b3f0962
added_sql-1-0-mixed,10_6097083398544187049_true,1,4.71E-4,0,79663c1d3b43ceaf9ee728e501c64b57ae2e4d6cb36ff5c65eddcda1de27342f
added_sql-1-0-mixed,10_614676945849492516_true,4,3.207573,0,62b398df9124d865936994039a924eb7b70f9c5572e7030bf0c2a251bcea333a
added_sql-1-0-mixed,10_6617438240737550109_true,2,0.129585,6,e3f26b4e29b4a7250e7771ea0f1047eb5bbde6b9e4ae3570b6725623a388fa6c
added_sql-1-0-mixed,10_8004310239819770328_true,194,2.554463,194,9bfad657bb875e10805ca81a661d09001022e8a32b91c57d1d8a4bd9cd0a53c9
added_sql-1-0-mixed,10_8085437714887874422_true,417,63.57448399999998,416,1a5346cdb428ad7e820bb07aee152260cab9a3ebbf0f2b06567f88f9a6f02341
added_sql-1-0-mixed,10_831126298545652160_true,3,0.218253,21,7216db1b4f01955b020adfdaf0d1537d45f7e7ada3bcb50563d14cf0134deccf
added_sql-1-0-mixed,10_9091044686983837465_true,385,27.086136000000014,385,84dfa94eec8a34624f7259661a2e4558d8950e4987d2799e4d4d959131dc4ff6
added_sql-1-1-contended,10_-1052881757650665872_true,294,66.19569700000001,294,fd5eb69aa72a67eaa6834c3b8a7cd13d1ce88f4afb01f6ba3a2afff48fa5e00a
added_sql-1-1-contended,10_-1402584087708913972_true,1932,49.57033100000007,1929,352fbeb1379fc328ef8b1508b0dce3809dedf7bcc37380bf175c27ba5d47aaaf
added_sql-1-1-contended,10_-2009659903980438264_true,8,0.467846,8,af0f73f4c1b00b9ef923a36431f245937f4a1746f3a94effdeddc55b59c97663
added_sql-1-1-contended,10_-2855378371138922046_true,1257,27.636909000000024,1257,1e355565d2f9d2d725a6c113ab9c3cbd5f0a1e079360fa050b0f7d154a00ecfb
added_sql-1-1-contended,10_-3832981572635927287_true,294,6.743355999999998,294,b9aa0556b6ebbf56a3dc07649ba62fc021fcc1b4ab045cfb1ec487d7709924ad
added_sql-1-1-contended,10_-3860739276665616125_true,3,0.31227,3,a3ba3c2b1babefc6a0d87dee1697a42c514b779b41f724f94f2f7b03a3f2cc4f
added_sql-1-1-contended,10_-4044405742537025589_true,6,0.22973500000000002,0,9ac771e1d8b2ecc77c63ae37213074966f7a3917cea724e3d384926d06bbadae
added_sql-1-1-contended,10_-4202626520741838959_true,6,0.134874,0,12e05f0048b04c42d73fa08be525c579118e635c63ada3ed0e8812d8d1023dd1
added_sql-1-1-contended,10_-4809885398804894281_true,582,229.44274900000005,582,92ce1667148ac440c8788c3d3af00d2c3b9422ff8d9e0859d4748a74389b9996
added_sql-1-1-contended,10_-4819928050126555128_true,294,64.53629000000002,294,477d13bbca42f7fea2eee5fae48829f553932ea70abc08f3481950fc111f9933
added_sql-1-1-contended,10_-5198611253100323484_true,294,4.321498999999997,294,7023ede274147bdf32196bb22065e88162316eb4895843571324ba855be65e93
added_sql-1-1-contended,10_-5239448546576074090_true,294,8.548905000000001,1785,0be1f76876c6d9a758e837f5a84b512f0e4fd26933058437b47ca0b26edbe5e6
added_sql-1-1-contended,10_-5638955352960985681_true,5,0.048991,0,506ebcd04bd91cb7937fc70d0015974155147795a1c46f002c0bb0fb06ec708d
added_sql-1-1-contended,10_-6238842771805104800_true,294,6.904295999999998,294,49773b6f878393bd324582d4599c51543223cec6aa2311d43a8b7efad1a9c68f
added_sql-1-1-contended,10_-6339237704490227906_true,681,1.157441,681,2461f8bb8070d8f1e4e669943dfb1cc042ed3e05c56721efdd125ae68b55f78c
added_sql-1-1-contended,10_-6842937031447782956_true,582,353.06884399999996,582,00b521f1d47ad8f9260913ab55502fd00e830befb813e1cd4c76e5d5b4f28d71
added_sql-1-1-contended,10_-7159942097980501218_true,294,151.05654900000005,294,6ae7b188f5d5f6f8fb8fcba3b92b5a772061a6f4b373bde9ca538360aa483b33
added_sql-1-1-contended,10_-7477484057581112166_true,1455,41.54987099999999,1455,9627c3632787ab65dc8f8cd646685704337a625e64ba1c45ceeaa719fe208304
added_sql-1-1-contended,10_-7676915344437841334_true,4,0.002786,0,587fa628a9fe4642ac0e22825a97e81d388af674f7251a9fb699f96901dcb710
added_sql-1-1-contended,10_1033802039123175271_true,294,681.5791699999999,294,e819be7fb057a82b354deac1ce64d7a14ca65977f53ef48880ce60e7c39d25d1
added_sql-1-1-contended,10_1407442300845343054_true,6,0.083869,0,4a59fed636fa6cc37f980842ae33a5c5925b30e7cd5c44df84428cd9aa9d0795
added_sql-1-1-contended,10_1516204262266125831_true,675,14.116598000000025,675,e169d97b39de2de9e691007670fd3af5dbde5d70d56d831386a92f310ca3ea15
added_sql-1-1-contended,10_1731465853063539113_true,387,52.02627499999999,387,5be3a8d53aceda658f2dae7a68e2fe254eaaadbdd41d490face8824895d710b4
added_sql-1-1-contended,10_1767282781953035540_true,672,30.792039000000024,3264,0f293e8ff0f0e1890d430270763675b49f06f33b864106eeefe2ab77c810e8c8
added_sql-1-1-contended,10_1779149457895871573_true,3,0.26912800000000003,18,54e5d7d708a74c6fd6544d783f0a2a1e30b8b6a5227d6da2495a76df03d8d2a8
added_sql-1-1-contended,10_2096569030600054063_true,387,10.38443,387,c9e8e165a338ac836ded5aa8f5e86a0385b9bfe21d62581fb04832d3db7a1436
added_sql-1-1-contended,10_2267975671437662225_true,387,87.36948900000004,387,7c1209b5f81463c042e65511d9fc2660c84845d54e555b315f3e021244da0e43
added_sql-1-1-contended,10_272815608956864943_true,876,22.870894999999983,876,19fcbfeabe76d434f20ea5fae408ee9841da6e733f879379f7efbbdd715c56e2
added_sql-1-1-contended,10_3077585829638170063_true,387,178.0632550000002,387,687e79bbc1ec03b14f500126657c21c6a06eb4298839db2c813f29dda3833373
added_sql-1-1-contended,10_3175560230803026983_true,387,5.809452999999999,387,7e4a7862cfb3876ac23318104c891ea05802ddda717ec18dcd7b96526b130cb1
added_sql-1-1-contended,10_3491474400644981095_true,6,0.13499899999999998,0,0c6614ae587779f47879bc40e3dba399480d06a06661a10064934846709e9df4
added_sql-1-1-contended,10_4613823412944004157_true,5,0.09850600000000001,0,cc86dddcee9764940d1aa1beec3e930b230454e3f7ca3d8c2e234989567f824b
added_sql-1-1-contended,10_4656313577910830320_true,294,56.613740000000014,294,a594e138cb3d18f9604403cdd6e641756e815005e18689fc566d5d947409de4e
added_sql-1-1-contended,10_4854991825702068830_true,2619,1.5628740000000023,0,a8402858d4f1e1d27afee976520485ebb4b96a5387355b823f0d0b8079729032
added_sql-1-1-contended,10_5603963236059248545_true,6,0.10994900000000002,0,c4824c687a8bd39f8c08d9df08f6386571083d40c57fb9b145a1e4480b3f0962
added_sql-1-1-contended,10_6097083398544187049_true,1,4.71E-4,0,79663c1d3b43ceaf9ee728e501c64b57ae2e4d6cb36ff5c65eddcda1de27342f
added_sql-1-1-contended,10_614676945849492516_true,6,4.820893,0,62b398df9124d865936994039a924eb7b70f9c5572e7030bf0c2a251bcea333a
added_sql-1-1-contended,10_6617438240737550109_true,2,0.129585,6,e3f26b4e29b4a7250e7771ea0f1047eb5bbde6b9e4ae3570b6725623a388fa6c
added_sql-1-1-contended,10_8004310239819770328_true,294,4.007935000000002,294,9bfad657bb875e10805ca81a661d09001022e8a32b91c57d1d8a4bd9cd0a53c9
added_sql-1-1-contended,10_8085437714887874422_true,675,83.031664,672,1a5346cdb428ad7e820bb07aee152260cab9a3ebbf0f2b06567f88f9a6f02341
added_sql-1-1-contended,10_831126298545652160_true,3,0.218253,21,7216db1b4f01955b020adfdaf0d1537d45f7e7ada3bcb50563d14cf0134deccf
added_sql-1-1-contended,10_9091044686983837465_true,579,38.866349000000014,579,84dfa94eec8a34624f7259661a2e4558d8950e4987d2799e4d4d959131dc4ff6
added_sql-1-1-mixed,10_-1052881757650665872_true,292,65.833813,292,fd5eb69aa72a67eaa6834c3b8a7cd13d1ce88f4afb01f6ba3a2afff48fa5e00a
added_sql-1-1-mixed,10_-1402584087708913972_true,1864,48.39845200000005,1862,352fbeb1379fc328ef8b1508b0dce3809dedf7bcc37380bf175c27ba5d47aaaf
added_sql-1-1-mixed,10_-2009659903980438264_true,8,0.467846,8,af0f73f4c1b00b9ef923a36431f245937f4a1746f3a94effdeddc55b59c97663
added_sql-1-1-mixed,10_-2855378371138922046_true,1222,26.956535000000017,1222,1e355565d2f9d2d725a6c113ab9c3cbd5f0a1e079360fa050b0f7d154a00ecfb
added_sql-1-1-mixed,10_-3832981572635927287_true,292,6.711514999999998,292,b9aa0556b6ebbf56a3dc07649ba62fc021fcc1b4ab045cfb1ec487d7709924ad
added_sql-1-1-mixed,10_-3860739276665616125_true,2,0.251776,2,a3ba3c2b1babefc6a0d87dee1697a42c514b779b41f724f94f2f7b03a3f2cc4f
added_sql-1-1-mixed,10_-4044405742537025589_true,5,0.192675,0,9ac771e1d8b2ecc77c63ae37213074966f7a3917cea724e3d384926d06bbadae
added_sql-1-1-mixed,10_-4202626520741838959_true,6,0.134874,0,12e05f0048b04c42d73fa08be525c579118e635c63ada3ed0e8812d8d1023dd1
added_sql-1-1-mixed,10_-4809885398804894281_true,580,228.79501400000004,580,92ce1667148ac440c8788c3d3af00d2c3b9422ff8d9e0859d4748a74389b9996
added_sql-1-1-mixed,10_-4819928050126555128_true,292,64.20648600000003,292,477d13bbca42f7fea2eee5fae48829f553932ea70abc08f3481950fc111f9933
added_sql-1-1-mixed,10_-5198611253100323484_true,292,4.309446999999997,292,7023ede274147bdf32196bb22065e88162316eb4895843571324ba855be65e93
added_sql-1-1-mixed,10_-5239448546576074090_true,292,8.463224,1761,0be1f76876c6d9a758e837f5a84b512f0e4fd26933058437b47ca0b26edbe5e6
added_sql-1-1-mixed,10_-5638955352960985681_true,5,0.048991,0,506ebcd04bd91cb7937fc70d0015974155147795a1c46f002c0bb0fb06ec708d
added_sql-1-1-mixed,10_-6238842771805104800_true,292,6.861705999999998,292,49773b6f878393bd324582d4599c51543223cec6aa2311d43a8b7efad1a9c68f
added_sql-1-1-mixed,10_-6339237704490227906_true,646,1.1040250000000003,646,2461f8bb8070d8f1e4e669943dfb1cc042ed3e05c56721efdd125ae68b55f78c
added_sql-1-1-mixed,10_-6842937031447782956_true,580,351.75109299999997,580,00b521f1d47ad8f9260913ab55502fd00e830befb813e1cd4c76e5d5b4f28d71
added_sql-1-1-mixed,10_-7159942097980501218_true,292,150.14830100000006,292,6ae7b188f5d5f6f8fb8fcba3b92b5a772061a6f4b373bde9ca538360aa483b33
added_sql-1-1-mixed,10_-7477484057581112166_true,1354,38.99843300000001,1354,9627c3632787ab65dc8f8cd646685704337a625e64ba1c45ceeaa719fe208304
added_sql-1-1-mixed,10_-7676915344437841334_true,4,0.002786,0,587fa628a9fe4642ac0e22825a97e81d388af674f7251a9fb699f96901dcb710
added_sql-1-1-mixed,10_1033802039123175271_true,292,681.5360379999998,292,e819be7fb057a82b354deac1ce64d7a14ca65977f53ef48880ce60e7c39d25d1
added_sql-1-1-mixed,10_1407442300845343054_true,5,0.065083,0,4a59fed636fa6cc37f980842ae33a5c5925b30e7cd5c44df84428cd9aa9d0795
added_sql-1-1-mixed,10_1516204262266125831_true,642,13.634159000000023,642,e169d97b39de2de9e691007670fd3af5dbde5d70d56d831386a92f310ca3ea15
added_sql-1-1-mixed,10_1731465853063539113_true,354,47.549504,354,5be3a8d53aceda658f2dae7a68e2fe254eaaadbdd41d490face8824895d710b4
added_sql-1-1-mixed,10_1767282781953035540_true,640,30.073264000000027,3232,0f293e8ff0f0e1890d430270763675b49f06f33b864106eeefe2ab77c810e8c8
added_sql-1-1-mixed,10_1779149457895871573_true,3,0.26912800000000003,18,54e5d7d708a74c6fd6544d783f0a2a1e30b8b6a5227d6da2495a76df03d8d2a8
added_sql-1-1-mixed,10_2096569030600054063_true,354,9.394649000000001,354,c9e8e165a338ac836ded5aa8f5e86a0385b9bfe21d62581fb04832d3db7a1436
added_sql-1-1-mixed,10_2267975671437662225_true,354,79.97530000000003,354,7c1209b5f81463c042e65511d9fc2660c84845d54e555b315f3e021244da0e43
added_sql-1-1-mixed,10_272815608956864943_true,872,22.792956999999983,872,19fcbfeabe76d434f20ea5fae408ee9841da6e733f879379f7efbbdd715c56e2
added_sql-1-1-mixed,10_3077585829638170063_true,354,164.56209300000015,354,687e79bbc1ec03b14f500126657c21c6a06eb4298839db2c813f29dda3833373
added_sql-1-1-mixed,10_3175560230803026983_true,354,5.401399999999999,354,7e4a7862cfb3876ac23318104c891ea05802ddda717ec18dcd7b96526b130cb1
added_sql-1-1-mixed,10_3491474400644981095_true,5,0.11043099999999999,0,0c6614ae587779f47879bc40e3dba399480d06a06661a10064934846709e9df4
added_sql-1-1-mixed,10_4613823412944004157_true,5,0.09850600000000001,0,cc86dddcee9764940d1aa1beec3e930b230454e3f7ca3d8c2e234989567f824b
added_sql-1-1-mixed,10_4656313577910830320_true,292,56.28030000000001,292,a594e138cb3d18f9604403cdd6e641756e815005e18689fc566d5d947409de4e
added_sql-1-1-mixed,10_4854991825702068830_true,2516,1.5106840000000024,0,a8402858d4f1e1d27afee976520485ebb4b96a5387355b823f0d0b8079729032
added_sql-1-1-mixed,10_5603963236059248545_true,5,0.09047200000000001,0,c4824c687a8bd39f8c08d9df08f6386571083d40c57fb9b145a1e4480b3f0962
added_sql-1-1-mixed,10_6097083398544187049_true,1,4.71E-4,0,79663c1d3b43ceaf9ee728e501c64b57ae2e4d6cb36ff5c65eddcda1de27342f
added_sql-1-1-mixed,10_614676945849492516_true,5,4.014198,0,62b398df9124d865936994039a924eb7b70f9c5572e7030bf0c2a251bcea333a
added_sql-1-1-mixed,10_6617438240737550109_true,2,0.129585,6,e3f26b4e29b4a7250e7771ea0f1047eb5bbde6b9e4ae3570b6725623a388fa6c
added_sql-1-1-mixed,10_8004310239819770328_true,292,3.990652000000001,292,9bfad657bb875e10805ca81a661d09001022e8a32b91c57d1d8a4bd9cd0a53c9
added_sql-1-1-mixed,10_8085437714887874422_true,642,72.646673,640,1a5346cdb428ad7e820bb07aee152260cab9a3ebbf0f2b06567f88f9a6f02341
added_sql-1-1-mixed,10_831126298545652160_true,3,0.218253,21,7216db1b4f01955b020adfdaf0d1537d45f7e7ada3bcb50563d14cf0134deccf
added_sql-1-1-mixed,10_9091044686983837465_true,578,38.821154000000014,578,84dfa94eec8a34624f7259661a2e4558d8950e4987d2799e4d4d959131dc4ff6
added_sql-1-2-contended,10_-1052881757650665872_true,392,84.69578999999999,392,fd5eb69aa72a67eaa6834c3b8a7cd13d1ce88f4afb01f6ba3a2afff48fa5e00a
added_sql-1-2-contended,10_-1402584087708913972_true,2576,63.30826000000012,2572,352fbeb1379fc328ef8b1508b0dce3809dedf7bcc37380bf175c27ba5d47aaaf
added_sql-1-2-contended,10_-2009659903980438264_true,8,0.467846,8,af0f73f4c1b00b9ef923a36431f245937f4a1746f3a94effdeddc55b59c97663
added_sql-1-2-contended,10_-2855378371138922046_true,1676,35.333737000000006,1676,1e355565d2f9d2d725a6c113ab9c3cbd5f0a1e079360fa050b0f7d154a00ecfb
added_sql-1-2-contended,10_-3832981572635927287_true,392,8.828432,392,b9aa0556b6ebbf56a3dc07649ba62fc021fcc1b4ab045cfb1ec487d7709924ad
added_sql-1-2-contended,10_-3860739276665616125_true,4,0.355211,4,a3ba3c2b1babefc6a0d87dee1697a42c514b779b41f724f94f2f7b03a3f2cc4f
added_sql-1-2-contended,10_-4044405742537025589_true,7,0.269851,0,9ac771e1d8b2ecc77c63ae37213074966f7a3917cea724e3d384926d06bbadae
added_sql-1-2-contended,10_-4202626520741838959_true,7,0.15875899999999998,0,12e05f0048b04c42d73fa08be525c579118e635c63ada3ed0e8812d8d1023dd1
added_sql-1-2-contended,10_-4809885398804894281_true,776,288.97711499999997,776,92ce1667148ac440c8788c3d3af00d2c3b9422ff8d9e0859d4748a74389b9996
added_sql-1-2-contended,10_-4819928050126555128_true,392,79.73462400000001,392,477d13bbca42f7fea2eee5fae48829f553932ea70abc08f3481950fc111f9933
added_sql-1-2-contended,10_-5198611253100323484_true,392,5.554484999999996,392,7023ede274147bdf32196bb22065e88162316eb4895843571324ba855be65e93
added_sql-1-2-contended,10_-5239448546576074090_true,392,11.371712000000004,2950,0be1f76876c6d9a758e837f5a84b512f0e4fd26933058437b47ca0b26edbe5e6
added_sql-1-2-contended,10_-5638955352960985681_true,7,0.066635,0,506ebcd04bd91cb7937fc70d0015974155147795a1c46f002c0bb0fb06ec708d
added_sql-1-2-contended,10_-6238842771805104800_true,392,8.82387899999999,392,49773b6f878393bd324582d4599c51543223cec6aa2311d43a8b7efad1a9c68f
added_sql-1-2-contended,10_-6339237704490227906_true,908,1.461689000000001,908,2461f8bb8070d8f1e4e669943dfb1cc042ed3e05c56721efdd125ae68b55f78c
added_sql-1-2-contended,10_-6842937031447782956_true,776,450.09062199999977,776,00b521f1d47ad8f9260913ab55502fd00e830befb813e1cd4c76e5d5b4f28d71
added_sql-1-2-contended,10_-7159942097980501218_true,392,190.203804,392,6ae7b188f5d5f6f8fb8fcba3b92b5a772061a6f4b373bde9ca538360aa483b33
added_sql-1-2-contended,10_-7477484057581112166_true,1940,53.634130999999975,1940,9627c3632787ab65dc8f8cd646685704337a625e64ba1c45ceeaa719fe208304
added_sql-1-2-contended,10_-7676915344437841334_true,4,0.002786,0,587fa628a9fe4642ac0e22825a97e81d388af674f7251a9fb699f96901dcb710
added_sql-1-2-contended,10_1033802039123175271_true,392,885.3518599999996,392,e819be7fb057a82b354deac1ce64d7a14ca65977f53ef48880ce60e7c39d25d1
added_sql-1-2-contended,10_1407442300845343054_true,7,0.09257499999999999,0,4a59fed636fa6cc37f980842ae33a5c5925b30e7cd5c44df84428cd9aa9d0795
added_sql-1-2-contended,10_1516204262266125831_true,900,18.742100000000033,900,e169d97b39de2de9e691007670fd3af5dbde5d70d56d831386a92f310ca3ea15
added_sql-1-2-contended,10_1731465853063539113_true,516,67.66854799999999,516,5be3a8d53aceda658f2dae7a68e2fe254eaaadbdd41d490face8824895d710b4
added_sql-1-2-contended,10_1767282781953035540_true,896,54.381772000000005,5504,0f293e8ff0f0e1890d430270763675b49f06f33b864106eeefe2ab77c810e8c8
added_sql-1-2-contended,10_1779149457895871573_true,3,0.26912800000000003,18,54e5d7d708a74c6fd6544d783f0a2a1e30b8b6a5227d6da2495a76df03d8d2a8
added_sql-1-2-contended,10_2096569030600054063_true,516,13.488589999999999,516,c9e8e165a338ac836ded5aa8f5e86a0385b9bfe21d62581fb04832d3db7a1436
added_sql-1-2-contended,10_2267975671437662225_true,516,112.641643,516,7c1209b5f81463c042e65511d9fc2660c84845d54e555b315f3e021244da0e43
added_sql-1-2-contended,10_272815608956864943_true,1168,29.286468999999975,1168,19fcbfeabe76d434f20ea5fae408ee9841da6e733f879379f7efbbdd715c56e2
added_sql-1-2-contended,10_3077585829638170063_true,516,229.341826,516,687e79bbc1ec03b14f500126657c21c6a06eb4298839db2c813f29dda3833373
added_sql-1-2-contended,10_3175560230803026983_true,516,7.473699999999997,516,7e4a7862cfb3876ac23318104c891ea05802ddda717ec18dcd7b96526b130cb1
added_sql-1-2-contended,10_3491474400644981095_true,7,0.16141899999999998,0,0c6614ae587779f47879bc40e3dba399480d06a06661a10064934846709e9df4
added_sql-1-2-contended,10_4613823412944004157_true,7,0.132529,0,cc86dddcee9764940d1aa1beec3e930b230454e3f7ca3d8c2e234989567f824b
added_sql-1-2-contended,10_4656313577910830320_true,392,71.26542500000005,392,a594e138cb3d18f9604403cdd6e641756e815005e18689fc566d5d947409de4e
added_sql-1-2-contended,10_4854991825702068830_true,3491,2.0030060000000005,0,a8402858d4f1e1d27afee976520485ebb4b96a5387355b823f0d0b8079729032
added_sql-1-2-contended,10_5603963236059248545_true,7,0.12424600000000002,0,c4824c687a8bd39f8c08d9df08f6386571083d40c57fb9b145a1e4480b3f0962
added_sql-1-2-contended,10_6097083398544187049_true,1,4.71E-4,0,79663c1d3b43ceaf9ee728e501c64b57ae2e4d6cb36ff5c65eddcda1de27342f
added_sql-1-2-contended,10_614676945849492516_true,7,5.64432,0,62b398df9124d865936994039a924eb7b70f9c5572e7030bf0c2a251bcea333a
added_sql-1-2-contended,10_6617438240737550109_true,3,0.226778,9,e3f26b4e29b4a7250e7771ea0f1047eb5bbde6b9e4ae3570b6725623a388fa6c
added_sql-1-2-contended,10_8004310239819770328_true,392,5.109851999999994,392,9bfad657bb875e10805ca81a661d09001022e8a32b91c57d1d8a4bd9cd0a53c9
added_sql-1-2-contended,10_8085437714887874422_true,900,94.06731,896,1a5346cdb428ad7e820bb07aee152260cab9a3ebbf0f2b06567f88f9a6f02341
added_sql-1-2-contended,10_831126298545652160_true,3,0.218253,21,7216db1b4f01955b020adfdaf0d1537d45f7e7ada3bcb50563d14cf0134deccf
added_sql-1-2-contended,10_9091044686983837465_true,772,50.091778,772,84dfa94eec8a34624f7259661a2e4558d8950e4987d2799e4d4d959131dc4ff6
added_sql-1-2-mixed,10_-1052881757650665872_true,390,84.35031599999999,390,fd5eb69aa72a67eaa6834c3b8a7cd13d1ce88f4afb01f6ba3a2afff48fa5e00a
added_sql-1-2-mixed,10_-1402584087708913972_true,2508,62.23496200000012,2505,352fbeb1379fc328ef8b1508b0dce3809dedf7bcc37380bf175c27ba5d47aaaf
added_sql-1-2-mixed,10_-2009659903980438264_true,8,0.467846,8,af0f73f4c1b00b9ef923a36431f245937f4a1746f3a94effdeddc55b59c97663
added_sql-1-2-mixed,10_-2855378371138922046_true,1641,34.673298,1641,1e355565d2f9d2d725a6c113ab9c3cbd5f0a1e079360fa050b0f7d154a00ecfb
added_sql-1-2-mixed,10_-3832981572635927287_true,390,8.797633999999999,390,b9aa0556b6ebbf56a3dc07649ba62fc021fcc1b4ab045cfb1ec487d7709924ad
added_sql-1-2-mixed,10_-3860739276665616125_true,3,0.31227,3,a3ba3c2b1babefc6a0d87dee1697a42c514b779b41f724f94f2f7b03a3f2cc4f
added_sql-1-2-mixed,10_-4044405742537025589_true,7,0.269851,0,9ac771e1d8b2ecc77c63ae37213074966f7a3917cea724e3d384926d06bbadae
added_sql-1-2-mixed,10_-4202626520741838959_true,7,0.15875899999999998,0,12e05f0048b04c42d73fa08be525c579118e635c63ada3ed0e8812d8d1023dd1
added_sql-1-2-mixed,10_-4809885398804894281_true,774,288.47660999999994,774,92ce1667148ac440c8788c3d3af00d2c3b9422ff8d9e0859d4748a74389b9996
added_sql-1-2-mixed,10_-4819928050126555128_true,390,79.42334600000001,390,477d13bbca42f7fea2eee5fae48829f553932ea70abc08f3481950fc111f9933
added_sql-1-2-mixed,10_-5198611253100323484_true,390,5.517344999999996,390,7023ede274147bdf32196bb22065e88162316eb4895843571324ba855be65e93
added_sql-1-2-mixed,10_-5239448546576074090_true,390,11.333681000000004,2937,0be1f76876c6d9a758e837f5a84b512f0e4fd26933058437b47ca0b26edbe5e6
added_sql-1-2-mixed,10_-5638955352960985681_true,7,0.066635,0,506ebcd04bd91cb7937fc70d0015974155147795a1c46f002c0bb0fb06ec708d
added_sql-1-2-mixed,10_-6238842771805104800_true,390,8.794221999999989,390,49773b6f878393bd324582d4599c51543223cec6aa2311d43a8b7efad1a9c68f
added_sql-1-2-mixed,10_-6339237704490227906_true,873,1.4135290000000007,873,2461f8bb8070d8f1e4e669943dfb1cc042ed3e05c56721efdd125ae68b55f78c
added_sql-1-2-mixed,10_-6842937031447782956_true,774,449.29294399999975,774,00b521f1d47ad8f9260913ab55502fd00e830befb813e1cd4c76e5d5b4f28d71
added_sql-1-2-mixed,10_-7159942097980501218_true,390,189.288334,390,6ae7b188f5d5f6f8fb8fcba3b92b5a772061a6f4b373bde9ca538360aa483b33
added_sql-1-2-mixed,10_-7477484057581112166_true,1839,51.166788999999994,1839,9627c3632787ab65dc8f8cd646685704337a625e64ba1c45ceeaa719fe208304
added_sql-1-2-mixed,10_-7676915344437841334_true,4,0.002786,0,587fa628a9fe4642ac0e22825a97e81d388af674f7251a9fb699f96901dcb710
added_sql-1-2-mixed,10_1033802039123175271_true,390,885.3084569999996,390,e819be7fb057a82b354deac1ce64d7a14ca65977f53ef48880ce60e7c39d25d1
added_sql-1-2-mixed,10_1407442300845343054_true,7,0.09257499999999999,0,4a59fed636fa6cc37f980842ae33a5c5925b30e7cd5c44df84428cd9aa9d0795
added_sql-1-2-mixed,10_1516204262266125831_true,867,18.221054000000038,867,e169d97b39de2de9e691007670fd3af5dbde5d70d56d831386a92f310ca3ea15
added_sql-1-2-mixed,10_1731465853063539113_true,483,63.38050399999998,483,5be3a8d53aceda658f2dae7a68e2fe254eaaadbdd41d490face8824895d710b4
added_sql-1-2-mixed,10_1767282781953035540_true,864,53.62498799999999,5472,0f293e8ff0f0e1890d430270763675b49f06f33b864106eeefe2ab77c810e8c8
added_sql-1-2-mixed,10_1779149457895871573_true,3,0.26912800000000003,18,54e5d7d708a74c6fd6544d783f0a2a1e30b8b6a5227d6da2495a76df03d8d2a8
added_sql-1-2-mixed,10_2096569030600054063_true,483,12.660351999999996,483,c9e8e165a338ac836ded5aa8f5e86a0385b9bfe21d62581fb04832d3db7a1436
added_sql-1-2-mixed,10_2267975671437662225_true,483,106.16886600000004,483,7c1209b5f81463c042e65511d9fc2660c84845d54e555b315f3e021244da0e43
added_sql-1-2-mixed,10_272815608956864943_true,1164,29.228609999999975,1164,19fcbfeabe76d434f20ea5fae408ee9841da6e733f879379f7efbbdd715c56e2
added_sql-1-2-mixed,10_3077585829638170063_true,483,215.86343800000003,483,687e79bbc1ec03b14f500126657c21c6a06eb4298839db2c813f29dda3833373
added_sql-1-2-mixed,10_3175560230803026983_true,483,7.019273999999996,483,7e4a7862cfb3876ac23318104c891ea05802ddda717ec18dcd7b96526b130cb1
added_sql-1-2-mixed,10_3491474400644981095_true,7,0.16141899999999998,0,0c6614ae587779f47879bc40e3dba399480d06a06661a10064934846709e9df4
added_sql-1-2-mixed,10_4613823412944004157_true,7,0.132529,0,cc86dddcee9764940d1aa1beec3e930b230454e3f7ca3d8c2e234989567f824b
added_sql-1-2-mixed,10_4656313577910830320_true,390,70.95613900000005,390,a594e138cb3d18f9604403cdd6e641756e815005e18689fc566d5d947409de4e
added_sql-1-2-mixed,10_4854991825702068830_true,3388,1.9591830000000003,0,a8402858d4f1e1d27afee976520485ebb4b96a5387355b823f0d0b8079729032
added_sql-1-2-mixed,10_5603963236059248545_true,7,0.12424600000000002,0,c4824c687a8bd39f8c08d9df08f6386571083d40c57fb9b145a1e4480b3f0962
added_sql-1-2-mixed,10_6097083398544187049_true,1,4.71E-4,0,79663c1d3b43ceaf9ee728e501c64b57ae2e4d6cb36ff5c65eddcda1de27342f
added_sql-1-2-mixed,10_614676945849492516_true,7,5.64432,0,62b398df9124d865936994039a924eb7b70f9c5572e7030bf0c2a251bcea333a
added_sql-1-2-mixed,10_6617438240737550109_true,3,0.226778,9,e3f26b4e29b4a7250e7771ea0f1047eb5bbde6b9e4ae3570b6725623a388fa6c
added_sql-1-2-mixed,10_8004310239819770328_true,390,5.090323999999994,390,9bfad657bb875e10805ca81a661d09001022e8a32b91c57d1d8a4bd9cd0a53c9
added_sql-1-2-mixed,10_8085437714887874422_true,867,92.875952,864,1a5346cdb428ad7e820bb07aee152260cab9a3ebbf0f2b06567f88f9a6f02341
added_sql-1-2-mixed,10_831126298545652160_true,3,0.218253,21,7216db1b4f01955b020adfdaf0d1537d45f7e7ada3bcb50563d14cf0134deccf
added_sql-1-2-mixed,10_9091044686983837465_true,771,50.028327,771,84dfa94eec8a34624f7259661a2e4558d8950e4987d2799e4d4d959131dc4ff6
added_sql-2--1-contended,10_-1052881757650665872_true,98,25.69486800000001,98,fd5eb69aa72a67eaa6834c3b8a7cd13d1ce88f4afb01f6ba3a2afff48fa5e00a
added_sql-2--1-contended,10_-1402584087708913972_true,646,20.47340799999999,645,352fbeb1379fc328ef8b1508b0dce3809dedf7bcc37380bf175c27ba5d47aaaf
added_sql-2--1-contended,10_-2009659903980438264_true,12,0.6509690000000001,12,af0f73f4c1b00b9ef923a36431f245937f4a1746f3a94effdeddc55b59c97663
added_sql-2--1-contended,10_-2855378371138922046_true,421,11.621652999999998,421,1e355565d2f9d2d725a6c113ab9c3cbd5f0a1e079360fa050b0f7d154a00ecfb
added_sql-2--1-contended,10_-3832981572635927287_true,98,3.101530000000001,98,b9aa0556b6ebbf56a3dc07649ba62fc021fcc1b4ab045cfb1ec487d7709924ad
added_sql-2--1-contended,10_-3860739276665616125_true,1,0.04717,1,a3ba3c2b1babefc6a0d87dee1697a42c514b779b41f724f94f2f7b03a3f2cc4f
added_sql-2--1-contended,10_-4044405742537025589_true,4,0.191752,0,9ac771e1d8b2ecc77c63ae37213074966f7a3917cea724e3d384926d06bbadae
added_sql-2--1-contended,10_-4202626520741838959_true,4,0.07944,0,12e05f0048b04c42d73fa08be525c579118e635c63ada3ed0e8812d8d1023dd1
added_sql-2--1-contended,10_-4809885398804894281_true,196,112.776058,196,92ce1667148ac440c8788c3d3af00d2c3b9422ff8d9e0859d4748a74389b9996
added_sql-2--1-contended,10_-4819928050126555128_true,98,42.04589399999999,98,477d13bbca42f7fea2eee5fae48829f553932ea70abc08f3481950fc111f9933
added_sql-2--1-contended,10_-5198611253100323484_true,98,1.8748769999999997,98,7023ede274147bdf32196bb22065e88162316eb4895843571324ba855be65e93
added_sql-2--1-contended,10_-5239448546576074090_true,98,2.9319580000000007,301,0be1f76876c6d9a758e837f5a84b512f0e4fd26933058437b47ca0b26edbe5e6
added_sql-2--1-contended,10_-5638955352960985681_true,4,0.051668,0,506ebcd04bd91cb7937fc70d0015974155147795a1c46f002c0bb0fb06ec708d
added_sql-2--1-contended,10_-6238842771805104800_true,98,2.59638,98,49773b6f878393bd324582d4599c51543223cec6aa2311d43a8b7efad1a9c68f
added_sql-2--1-contended,10_-6339237704490227906_true,227,0.5204649999999998,227,2461f8bb8070d8f1e4e669943dfb1cc042ed3e05c56721efdd125ae68b55f78c
added_sql-2--1-contended,10_-6842937031447782956_true,196,180.65879200000006,196,00b521f1d47ad8f9260913ab55502fd00e830befb813e1cd4c76e5d5b4f28d71
added_sql-2--1-contended,10_-7159942097980501218_true,98,81.67292000000002,98,6ae7b188f5d5f6f8fb8fcba3b92b5a772061a6f4b373bde9ca538360aa483b33
added_sql-2--1-contended,10_-7477484057581112166_true,485,18.335742000000003,485,9627c3632787ab65dc8f8cd646685704337a625e64ba1c45ceeaa719fe208304
added_sql-2--1-contended,10_-7676915344437841334_true,8,0.005901,0,587fa628a9fe4642ac0e22825a97e81d388af674f7251a9fb699f96901dcb710
added_sql-2--1-contended,10_1033802039123175271_true,98,1243.9408369999999,98,e819be7fb057a82b354deac1ce64d7a14ca65977f53ef48880ce60e7c39d25d1
added_sql-2--1-contended,10_1407442300845343054_true,4,0.061466999999999994,0,11b39d76b8a64074fa231a30611cd671f641db90c85fff205bd04701a9e700fb
added_sql-2--1-contended,10_1516204262266125831_true,225,6.173138999999998,225,e169d97b39de2de9e691007670fd3af5dbde5d70d56d831386a92f310ca3ea15
added_sql-2--1-contended,10_1731465853063539113_true,129,22.282834000000005,129,5be3a8d53aceda658f2dae7a68e2fe254eaaadbdd41d490face8824895d710b4
added_sql-2--1-contended,10_1767282781953035540_true,224,8.405137999999994,512,0f293e8ff0f0e1890d430270763675b49f06f33b864106eeefe2ab77c810e8c8
added_sql-2--1-contended,10_1779149457895871573_true,3,0.31556700000000004,18,54e5d7d708a74c6fd6544d783f0a2a1e30b8b6a5227d6da2495a76df03d8d2a8
added_sql-2--1-contended,10_2096569030600054063_true,129,3.6098730000000003,129,c9e8e165a338ac836ded5aa8f5e86a0385b9bfe21d62581fb04832d3db7a1436
added_sql-2--1-contended,10_2267975671437662225_true,129,37.28469800000002,129,29d56bfe2e9480a41b37312aa86c8dc70f43c8f3f74a07ee4d354ee468c5e9d3
added_sql-2--1-contended,10_272815608956864943_true,294,7.854472000000005,294,19fcbfeabe76d434f20ea5fae408ee9841da6e733f879379f7efbbdd715c56e2
added_sql-2--1-contended,10_3077585829638170063_true,129,88.026193,129,687e79bbc1ec03b14f500126657c21c6a06eb4298839db2c813f29dda3833373
added_sql-2--1-contended,10_3175560230803026983_true,129,2.5713520000000005,129,7e4a7862cfb3876ac23318104c891ea05802ddda717ec18dcd7b96526b130cb1
added_sql-2--1-contended,10_3491474400644981095_true,4,0.08554199999999999,0,0665206a738062fc40135852d5359182da357ccd026bd36dab1c81f5159ce3ca
added_sql-2--1-contended,10_4613823412944004157_true,4,0.071946,0,cc86dddcee9764940d1aa1beec3e930b230454e3f7ca3d8c2e234989567f824b
added_sql-2--1-contended,10_4656313577910830320_true,98,30.040068999999995,98,a594e138cb3d18f9604403cdd6e641756e815005e18689fc566d5d947409de4e
added_sql-2--1-contended,10_4854991825702068830_true,879,0.6187539999999999,0,a8402858d4f1e1d27afee976520485ebb4b96a5387355b823f0d0b8079729032
added_sql-2--1-contended,10_5603963236059248545_true,4,0.082134,0,1a7c7421aae884c9ad6dea6b7c7717e6cc103595ddcdbdfb235b5c8dee785c5c
added_sql-2--1-contended,10_6097083398544187049_true,3,0.004538,0,79663c1d3b43ceaf9ee728e501c64b57ae2e4d6cb36ff5c65eddcda1de27342f
added_sql-2--1-contended,10_614676945849492516_true,4,3.747606,0,62b398df9124d865936994039a924eb7b70f9c5572e7030bf0c2a251bcea333a
added_sql-2--1-contended,10_6617438240737550109_true,1,0.07624399999999999,3,e3f26b4e29b4a7250e7771ea0f1047eb5bbde6b9e4ae3570b6725623a388fa6c
added_sql-2--1-contended,10_8004310239819770328_true,98,2.012670000000001,98,9bfad657bb875e10805ca81a661d09001022e8a32b91c57d1d8a4bd9cd0a53c9
added_sql-2--1-contended,10_8085437714887874422_true,225,150.715723,224,1a5346cdb428ad7e820bb07aee152260cab9a3ebbf0f2b06567f88f9a6f02341
added_sql-2--1-contended,10_831126298545652160_true,9,0.772393,63,7216db1b4f01955b020adfdaf0d1537d45f7e7ada3bcb50563d14cf0134deccf
added_sql-2--1-contended,10_9091044686983837465_true,193,15.273069000000008,193,84dfa94eec8a34624f7259661a2e4558d8950e4987d2799e4d4d959131dc4ff6
added_sql-2--1-mixed,10_-1052881757650665872_true,96,25.22915800000001,96,fd5eb69aa72a67eaa6834c3b8a7cd13d1ce88f4afb01f6ba3a2afff48fa5e00a
added_sql-2--1-mixed,10_-1402584087708913972_true,576,18.765158000000007,576,352fbeb1379fc328ef8b1508b0dce3809dedf7bcc37380bf175c27ba5d47aaaf
added_sql-2--1-mixed,10_-2009659903980438264_true,12,0.6509690000000001,12,af0f73f4c1b00b9ef923a36431f245937f4a1746f3a94effdeddc55b59c97663
added_sql-2--1-mixed,10_-2855378371138922046_true,384,10.697556999999996,384,1e355565d2f9d2d725a6c113ab9c3cbd5f0a1e079360fa050b0f7d154a00ecfb
added_sql-2--1-mixed,10_-3832981572635927287_true,96,3.0583570000000004,96,b9aa0556b6ebbf56a3dc07649ba62fc021fcc1b4ab045cfb1ec487d7709924ad
added_sql-2--1-mixed,10_-4044405742537025589_true,4,0.191752,0,9ac771e1d8b2ecc77c63ae37213074966f7a3917cea724e3d384926d06bbadae
added_sql-2--1-mixed,10_-4202626520741838959_true,4,0.07944,0,12e05f0048b04c42d73fa08be525c579118e635c63ada3ed0e8812d8d1023dd1
added_sql-2--1-mixed,10_-4809885398804894281_true,192,111.621715,192,92ce1667148ac440c8788c3d3af00d2c3b9422ff8d9e0859d4748a74389b9996
added_sql-2--1-mixed,10_-4819928050126555128_true,96,41.67015299999999,96,477d13bbca42f7fea2eee5fae48829f553932ea70abc08f3481950fc111f9933
added_sql-2--1-mixed,10_-5198611253100323484_true,96,1.8469639999999996,96,7023ede274147bdf32196bb22065e88162316eb4895843571324ba855be65e93
added_sql-2--1-mixed,10_-5239448546576074090_true,96,2.8694810000000004,288,0be1f76876c6d9a758e837f5a84b512f0e4fd26933058437b47ca0b26edbe5e6
added_sql-2--1-mixed,10_-5638955352960985681_true,4,0.051668,0,506ebcd04bd91cb7937fc70d0015974155147795a1c46f002c0bb0fb06ec708d
added_sql-2--1-mixed,10_-6238842771805104800_true,96,2.5428089999999997,96,49773b6f878393bd324582d4599c51543223cec6aa2311d43a8b7efad1a9c68f
added_sql-2--1-mixed,10_-6339237704490227906_true,192,0.45129199999999975,192,2461f8bb8070d8f1e4e669943dfb1cc042ed3e05c56721efdd125ae68b55f78c
added_sql-2--1-mixed,10_-6842937031447782956_true,192,178.21227700000006,192,00b521f1d47ad8f9260913ab55502fd00e830befb813e1cd4c76e5d5b4f28d71
added_sql-2--1-mixed,10_-7159942097980501218_true,96,80.45885400000002,96,6ae7b188f5d5f6f8fb8fcba3b92b5a772061a6f4b373bde9ca538360aa483b33
added_sql-2--1-mixed,10_-7477484057581112166_true,384,15.249730999999993,384,9627c3632787ab65dc8f8cd646685704337a625e64ba1c45ceeaa719fe208304
added_sql-2--1-mixed,10_1033802039123175271_true,96,1243.8830879999998,96,e819be7fb057a82b354deac1ce64d7a14ca65977f53ef48880ce60e7c39d25d1
added_sql-2--1-mixed,10_1407442300845343054_true,4,0.061466999999999994,0,11b39d76b8a64074fa231a30611cd671f641db90c85fff205bd04701a9e700fb
added_sql-2--1-mixed,10_1516204262266125831_true,192,5.158524999999999,192,e169d97b39de2de9e691007670fd3af5dbde5d70d56d831386a92f310ca3ea15
added_sql-2--1-mixed,10_1731465853063539113_true,96,17.181973000000003,96,5be3a8d53aceda658f2dae7a68e2fe254eaaadbdd41d490face8824895d710b4
added_sql-2--1-mixed,10_1767282781953035540_true,192,7.6479539999999995,480,0f293e8ff0f0e1890d430270763675b49f06f33b864106eeefe2ab77c810e8c8
added_sql-2--1-mixed,10_1779149457895871573_true,3,0.31556700000000004,18,54e5d7d708a74c6fd6544d783f0a2a1e30b8b6a5227d6da2495a76df03d8d2a8
added_sql-2--1-mixed,10_2096569030600054063_true,96,2.4786159999999997,96,c9e8e165a338ac836ded5aa8f5e86a0385b9bfe21d62581fb04832d3db7a1436
added_sql-2--1-mixed,10_2267975671437662225_true,96,28.29506400000001,96,29d56bfe2e9480a41b37312aa86c8dc70f43c8f3f74a07ee4d354ee468c5e9d3
added_sql-2--1-mixed,10_272815608956864943_true,288,7.710348000000005,288,19fcbfeabe76d434f20ea5fae408ee9841da6e733f879379f7efbbdd715c56e2
added_sql-2--1-mixed,10_3077585829638170063_true,96,70.05164300000001,96,687e79bbc1ec03b14f500126657c21c6a06eb4298839db2c813f29dda3833373
added_sql-2--1-mixed,10_3175560230803026983_true,96,2.025874,96,7e4a7862cfb3876ac23318104c891ea05802ddda717ec18dcd7b96526b130cb1
added_sql-2--1-mixed,10_3491474400644981095_true,4,0.08554199999999999,0,0665206a738062fc40135852d5359182da357ccd026bd36dab1c81f5159ce3ca
added_sql-2--1-mixed,10_4613823412944004157_true,4,0.071946,0,cc86dddcee9764940d1aa1beec3e930b230454e3f7ca3d8c2e234989567f824b
added_sql-2--1-mixed,10_4656313577910830320_true,96,29.606228999999995,96,a594e138cb3d18f9604403cdd6e641756e815005e18689fc566d5d947409de4e
added_sql-2--1-mixed,10_4854991825702068830_true,772,0.548762,0,a8402858d4f1e1d27afee976520485ebb4b96a5387355b823f0d0b8079729032
added_sql-2--1-mixed,10_5603963236059248545_true,4,0.082134,0,1a7c7421aae884c9ad6dea6b7c7717e6cc103595ddcdbdfb235b5c8dee785c5c
added_sql-2--1-mixed,10_6097083398544187049_true,3,0.004538,0,79663c1d3b43ceaf9ee728e501c64b57ae2e4d6cb36ff5c65eddcda1de27342f
added_sql-2--1-mixed,10_614676945849492516_true,4,3.747606,0,62b398df9124d865936994039a924eb7b70f9c5572e7030bf0c2a251bcea333a
added_sql-2--1-mixed,10_6617438240737550109_true,1,0.07624399999999999,3,e3f26b4e29b4a7250e7771ea0f1047eb5bbde6b9e4ae3570b6725623a388fa6c
added_sql-2--1-mixed,10_8004310239819770328_true,96,1.9881530000000007,96,9bfad657bb875e10805ca81a661d09001022e8a32b91c57d1d8a4bd9cd0a53c9
added_sql-2--1-mixed,10_8085437714887874422_true,192,8.015066999999997,192,1a5346cdb428ad7e820bb07aee152260cab9a3ebbf0f2b06567f88f9a6f02341
added_sql-2--1-mixed,10_831126298545652160_true,9,0.772393,63,7216db1b4f01955b020adfdaf0d1537d45f7e7ada3bcb50563d14cf0134deccf
added_sql-2--1-mixed,10_9091044686983837465_true,192,15.143864000000008,192,84dfa94eec8a34624f7259661a2e4558d8950e4987d2799e4d4d959131dc4ff6
added_sql-2-0-contended,10_-1052881757650665872_true,196,48.89969900000003,196,fd5eb69aa72a67eaa6834c3b8a7cd13d1ce88f4afb01f6ba3a2afff48fa5e00a
added_sql-2-0-contended,10_-1402584087708913972_true,1292,39.923531999999966,1290,352fbeb1379fc328ef8b1508b0dce3809dedf7bcc37380bf175c27ba5d47aaaf
added_sql-2-0-contended,10_-2009659903980438264_true,13,0.7788510000000002,13,af0f73f4c1b00b9ef923a36431f245937f4a1746f3a94effdeddc55b59c97663
added_sql-2-0-contended,10_-2855378371138922046_true,842,22.807177000000024,842,1e355565d2f9d2d725a6c113ab9c3cbd5f0a1e079360fa050b0f7d154a00ecfb
added_sql-2-0-contended,10_-3832981572635927287_true,196,6.251259999999999,196,b9aa0556b6ebbf56a3dc07649ba62fc021fcc1b4ab045cfb1ec487d7709924ad
added_sql-2-0-contended,10_-3860739276665616125_true,2,0.130327,2,a3ba3c2b1babefc6a0d87dee1697a42c514b779b41f724f94f2f7b03a3f2cc4f
added_sql-2-0-contended,10_-4044405742537025589_true,8,0.3392400000000001,0,9ac771e1d8b2ecc77c63ae37213074966f7a3917cea724e3d384926d06bbadae
added_sql-2-0-contended,10_-4202626520741838959_true,8,0.153872,0,12e05f0048b04c42d73fa08be525c579118e635c63ada3ed0e8812d8d1023dd1
added_sql-2-0-contended,10_-4809885398804894281_true,392,209.0430760000001,392,92ce1667148ac440c8788c3d3af00d2c3b9422ff8d9e0859d4748a74389b9996
added_sql-2-0-contended,10_-4819928050126555128_true,196,64.76963099999999,196,477d13bbca42f7fea2eee5fae48829f553932ea70abc08f3481950fc111f9933
added_sql-2-0-contended,10_-5198611253100323484_true,196,3.7490510000000006,196,7023ede274147bdf32196bb22065e88162316eb4895843571324ba855be65e93
added_sql-2-0-contended,10_-5239448546576074090_true,196,5.975889000000002,896,0be1f76876c6d9a758e837f5a84b512f0e4fd26933058437b47ca0b26edbe5e6
added_sql-2-0-contended,10_-5638955352960985681_true,8,0.07383899999999999,0,506ebcd04bd91cb7937fc70d0015974155147795a1c46f002c0bb0fb06ec708d
added_sql-2-0-contended,10_-6238842771805104800_true,196,5.056843000000002,196,49773b6f878393bd324582d4599c51543223cec6aa2311d43a8b7efad1a9c68f
added_sql-2-0-contended,10_-6339237704490227906_true,454,0.9303849999999992,454,2461f8bb8070d8f1e4e669943dfb1cc042ed3e05c56721efdd125ae68b55f78c
added_sql-2-0-contended,10_-6842937031447782956_true,392,321.5348240000003,392,00b521f1d47ad8f9260913ab55502fd00e830befb813e1cd4c76e5d5b4f28d71
added_sql-2-0-contended,10_-7159942097980501218_true,196,133.42689599999997,196,6ae7b188f5d5f6f8fb8fcba3b92b5a772061a6f4b373bde9ca538360aa483b33
added_sql-2-0-contended,10_-7477484057581112166_true,970,34.49006599999999,970,9627c3632787ab65dc8f8cd646685704337a625e64ba1c45ceeaa719fe208304
added_sql-2-0-contended,10_-7676915344437841334_true,8,0.005901,0,587fa628a9fe4642ac0e22825a97e81d388af674f7251a9fb699f96901dcb710
added_sql-2-0-contended,10_1033802039123175271_true,196,3044.5108809999992,196,e819be7fb057a82b354deac1ce64d7a14ca65977f53ef48880ce60e7c39d25d1
added_sql-2-0-contended,10_1407442300845343054_true,8,0.10913600000000001,0,11b39d76b8a64074fa231a30611cd671f641db90c85fff205bd04701a9e700fb
added_sql-2-0-contended,10_1516204262266125831_true,450,13.490123999999998,450,e169d97b39de2de9e691007670fd3af5dbde5d70d56d831386a92f310ca3ea15
added_sql-2-0-contended,10_1731465853063539113_true,258,40.896473000000036,258,5be3a8d53aceda658f2dae7a68e2fe254eaaadbdd41d490face8824895d710b4
added_sql-2-0-contended,10_1767282781953035540_true,448,18.699744999999993,1600,0f293e8ff0f0e1890d430270763675b49f06f33b864106eeefe2ab77c810e8c8
added_sql-2-0-contended,10_1779149457895871573_true,3,0.31556700000000004,18,54e5d7d708a74c6fd6544d783f0a2a1e30b8b6a5227d6da2495a76df03d8d2a8
added_sql-2-0-contended,10_2096569030600054063_true,258,7.585837,258,c9e8e165a338ac836ded5aa8f5e86a0385b9bfe21d62581fb04832d3db7a1436
added_sql-2-0-contended,10_2267975671437662225_true,258,69.1844890000001,258,29d56bfe2e9480a41b37312aa86c8dc70f43c8f3f74a07ee4d354ee468c5e9d3
added_sql-2-0-contended,10_272815608956864943_true,588,15.395401000000003,588,19fcbfeabe76d434f20ea5fae408ee9841da6e733f879379f7efbbdd715c56e2
added_sql-2-0-contended,10_3077585829638170063_true,258,153.71427199999994,258,687e79bbc1ec03b14f500126657c21c6a06eb4298839db2c813f29dda3833373
added_sql-2-0-contended,10_3175560230803026983_true,258,4.757271,258,7e4a7862cfb3876ac23318104c891ea05802ddda717ec18dcd7b96526b130cb1
added_sql-2-0-contended,10_3491474400644981095_true,8,0.17047199999999998,0,0665206a738062fc40135852d5359182da357ccd026bd36dab1c81f5159ce3ca
added_sql-2-0-contended,10_4613823412944004157_true,8,0.125659,0,cc86dddcee9764940d1aa1beec3e930b230454e3f7ca3d8c2e234989567f824b
added_sql-2-0-contended,10_4656313577910830320_true,196,50.75427199999996,196,a594e138cb3d18f9604403cdd6e641756e815005e18689fc566d5d947409de4e
added_sql-2-0-contended,10_4854991825702068830_true,1758,1.2322950000000024,0,a8402858d4f1e1d27afee976520485ebb4b96a5387355b823f0d0b8079729032
added_sql-2-0-contended,10_5603963236059248545_true,8,0.14370999999999998,0,1a7c7421aae884c9ad6dea6b7c7717e6cc103595ddcdbdfb235b5c8dee785c5c
added_sql-2-0-contended,10_6097083398544187049_true,3,0.004538,0,79663c1d3b43ceaf9ee728e501c64b57ae2e4d6cb36ff5c65eddcda1de27342f
added_sql-2-0-contended,10_614676945849492516_true,8,7.502325,0,62b398df9124d865936994039a924eb7b70f9c5572e7030bf0c2a251bcea333a
added_sql-2-0-contended,10_6617438240737550109_true,3,0.22514499999999998,9,e3f26b4e29b4a7250e7771ea0f1047eb5bbde6b9e4ae3570b6725623a388fa6c
added_sql-2-0-contended,10_8004310239819770328_true,196,3.9542819999999996,196,9bfad657bb875e10805ca81a661d09001022e8a32b91c57d1d8a4bd9cd0a53c9
added_sql-2-0-contended,10_8085437714887874422_true,450,268.92199399999987,448,1a5346cdb428ad7e820bb07aee152260cab9a3ebbf0f2b06567f88f9a6f02341
added_sql-2-0-contended,10_831126298545652160_true,9,0.772393,63,7216db1b4f01955b020adfdaf0d1537d45f7e7ada3bcb50563d14cf0134deccf
added_sql-2-0-contended,10_9091044686983837465_true,386,29.363170999999994,386,84dfa94eec8a34624f7259661a2e4558d8950e4987d2799e4d4d959131dc4ff6
added_sql-2-0-mixed,10_-1052881757650665872_true,194,48.40080500000003,194,fd5eb69aa72a67eaa6834c3b8a7cd13d1ce88f4afb01f6ba3a2afff48fa5e00a
added_sql-2-0-mixed,10_-1402584087708913972_true,1222,38.35423999999998,1221,352fbeb1379fc328ef8b1508b0dce3809dedf7bcc37380bf175c27ba5d47aaaf
added_sql-2-0-mixed,10_-2009659903980438264_true,13,0.7788510000000002,13,af0f73f4c1b00b9ef923a36431f245937f4a1746f3a94effdeddc55b59c97663
added_sql-2-0-mixed,10_-2855378371138922046_true,805,21.968723000000015,805,1e355565d2f9d2d725a6c113ab9c3cbd5f0a1e079360fa050b0f7d154a00ecfb
added_sql-2-0-mixed,10_-3832981572635927287_true,194,6.215222999999999,194,b9aa0556b6ebbf56a3dc07649ba62fc021fcc1b4ab045cfb1ec487d7709924ad
added_sql-2-0-mixed,10_-3860739276665616125_true,1,0.04717,1,a3ba3c2b1babefc6a0d87dee1697a42c514b779b41f724f94f2f7b03a3f2cc4f
added_sql-2-0-mixed,10_-4044405742537025589_true,8,0.3392400000000001,0,9ac771e1d8b2ecc77c63ae37213074966f7a3917cea724e3d384926d06bbadae
added_sql-2-0-mixed,10_-4202626520741838959_true,8,0.153872,0,12e05f0048b04c42d73fa08be525c579118e635c63ada3ed0e8812d8d1023dd1
added_sql-2-0-mixed,10_-4809885398804894281_true,388,207.2237670000001,388,92ce1667148ac440c8788c3d3af00d2c3b9422ff8d9e0859d4748a74389b9996
added_sql-2-0-mixed,10_-4819928050126555128_true,194,64.36946499999999,194,477d13bbca42f7fea2eee5fae48829f553932ea70abc08f3481950fc111f9933
added_sql-2-0-mixed,10_-5198611253100323484_true,194,3.6956590000000005,194,7023ede274147bdf32196bb22065e88162316eb4895843571324ba855be65e93
added_sql-2-0-mixed,10_-5239448546576074090_true,194,5.901058000000002,877,0be1f76876c6d9a758e837f5a84b512f0e4fd26933058437b47ca0b26edbe5e6
added_sql-2-0-mixed,10_-5638955352960985681_true,8,0.07383899999999999,0,506ebcd04bd91cb7937fc70d0015974155147795a1c46f002c0bb0fb06ec708d
added_sql-2-0-mixed,10_-6238842771805104800_true,194,5.014634000000002,194,49773b6f878393bd324582d4599c51543223cec6aa2311d43a8b7efad1a9c68f
added_sql-2-0-mixed,10_-6339237704490227906_true,419,0.8634809999999995,419,2461f8bb8070d8f1e4e669943dfb1cc042ed3e05c56721efdd125ae68b55f78c
added_sql-2-0-mixed,10_-6842937031447782956_true,388,319.0908150000003,388,00b521f1d47ad8f9260913ab55502fd00e830befb813e1cd4c76e5d5b4f28d71
added_sql-2-0-mixed,10_-7159942097980501218_true,194,132.54933599999998,194,6ae7b188f5d5f6f8fb8fcba3b92b5a772061a6f4b373bde9ca538360aa483b33
added_sql-2-0-mixed,10_-7477484057581112166_true,869,30.916432,869,9627c3632787ab65dc8f8cd646685704337a625e64ba1c45ceeaa719fe208304
added_sql-2-0-mixed,10_-7676915344437841334_true,8,0.005901,0,587fa628a9fe4642ac0e22825a97e81d388af674f7251a9fb699f96901dcb710
added_sql-2-0-mixed,10_1033802039123175271_true,194,3044.467066999999,194,e819be7fb057a82b354deac1ce64d7a14ca65977f53ef48880ce60e7c39d25d1
added_sql-2-0-mixed,10_1407442300845343054_true,8,0.10913600000000001,0,11b39d76b8a64074fa231a30611cd671f641db90c85fff205bd04701a9e700fb
added_sql-2-0-mixed,10_1516204262266125831_true,417,12.562740999999997,417,e169d97b39de2de9e691007670fd3af5dbde5d70d56d831386a92f310ca3ea15
added_sql-2-0-mixed,10_1731465853063539113_true,225,35.328522000000014,225,5be3a8d53aceda658f2dae7a68e2fe254eaaadbdd41d490face8824895d710b4
added_sql-2-0-mixed,10_1767282781953035540_true,416,17.860058000000002,1568,0f293e8ff0f0e1890d430270763675b49f06f33b864106eeefe2ab77c810e8c8
added_sql-2-0-mixed,10_1779149457895871573_true,3,0.31556700000000004,18,54e5d7d708a74c6fd6544d783f0a2a1e30b8b6a5227d6da2495a76df03d8d2a8
added_sql-2-0-mixed,10_2096569030600054063_true,225,6.519129999999999,225,c9e8e165a338ac836ded5aa8f5e86a0385b9bfe21d62581fb04832d3db7a1436
added_sql-2-0-mixed,10_2267975671437662225_true,225,61.272935000000054,225,29d56bfe2e9480a41b37312aa86c8dc70f43c8f3f74a07ee4d354ee468c5e9d3
added_sql-2-0-mixed,10_272815608956864943_true,582,15.273210000000004,582,19fcbfeabe76d434f20ea5fae408ee9841da6e733f879379f7efbbdd715c56e2
added_sql-2-0-mixed,10_3077585829638170063_true,225,134.80624399999994,225,687e79bbc1ec03b14f500126657c21c6a06eb4298839db2c813f29dda3833373
added_sql-2-0-mixed,10_3175560230803026983_true,225,4.087033,225,7e4a7862cfb3876ac23318104c891ea05802ddda717ec18dcd7b96526b130cb1
added_sql-2-0-mixed,10_3491474400644981095_true,8,0.17047199999999998,0,0665206a738062fc40135852d5359182da357ccd026bd36dab1c81f5159ce3ca
added_sql-2-0-mixed,10_4613823412944004157_true,8,0.125659,0,cc86dddcee9764940d1aa1beec3e930b230454e3f7ca3d8c2e234989567f824b
added_sql-2-0-mixed,10_4656313577910830320_true,194,50.22203599999996,194,a594e138cb3d18f9604403cdd6e641756e815005e18689fc566d5d947409de4e
added_sql-2-0-mixed,10_4854991825702068830_true,1651,1.1601790000000023,0,a8402858d4f1e1d27afee976520485ebb4b96a5387355b823f0d0b8079729032
added_sql-2-0-mixed,10_5603963236059248545_true,8,0.14370999999999998,0,1a7c7421aae884c9ad6dea6b7c7717e6cc103595ddcdbdfb235b5c8dee785c5c
added_sql-2-0-mixed,10_6097083398544187049_true,3,0.004538,0,79663c1d3b43ceaf9ee728e501c64b57ae2e4d6cb36ff5c65eddcda1de27342f
added_sql-2-0-mixed,10_614676945849492516_true,8,7.502325,0,62b398df9124d865936994039a924eb7b70f9c5572e7030bf0c2a251bcea333a
added_sql-2-0-mixed,10_6617438240737550109_true,3,0.22514499999999998,9,e3f26b4e29b4a7250e7771ea0f1047eb5bbde6b9e4ae3570b6725623a388fa6c
added_sql-2-0-mixed,10_8004310239819770328_true,194,3.9363379999999997,194,9bfad657bb875e10805ca81a661d09001022e8a32b91c57d1d8a4bd9cd0a53c9
added_sql-2-0-mixed,10_8085437714887874422_true,417,158.97786399999995,416,1a5346cdb428ad7e820bb07aee152260cab9a3ebbf0f2b06567f88f9a6f02341
added_sql-2-0-mixed,10_831126298545652160_true,9,0.772393,63,7216db1b4f01955b020adfdaf0d1537d45f7e7ada3bcb50563d14cf0134deccf
added_sql-2-0-mixed,10_9091044686983837465_true,385,29.268221999999994,385,84dfa94eec8a34624f7259661a2e4558d8950e4987d2799e4d4d959131dc4ff6
added_sql-2-1-contended,10_-1052881757650665872_true,294,72.313799,294,fd5eb69aa72a67eaa6834c3b8a7cd13d1ce88f4afb01f6ba3a2afff48fa5e00a
added_sql-2-1-contended,10_-1402584087708913972_true,1938,58.332377999999935,1935,352fbeb1379fc328ef8b1508b0dce3809dedf7bcc37380bf175c27ba5d47aaaf
added_sql-2-1-contended,10_-2009659903980438264_true,14,0.8865750000000002,14,af0f73f4c1b00b9ef923a36431f245937f4a1746f3a94effdeddc55b59c97663
added_sql-2-1-contended,10_-2855378371138922046_true,1263,33.83446200000004,1263,1e355565d2f9d2d725a6c113ab9c3cbd5f0a1e079360fa050b0f7d154a00ecfb
added_sql-2-1-contended,10_-3832981572635927287_true,294,8.882901000000004,294,b9aa0556b6ebbf56a3dc07649ba62fc021fcc1b4ab045cfb1ec487d7709924ad
added_sql-2-1-contended,10_-3860739276665616125_true,3,0.215669,3,a3ba3c2b1babefc6a0d87dee1697a42c514b779b41f724f94f2f7b03a3f2cc4f
added_sql-2-1-contended,10_-4044405742537025589_true,12,0.6209450000000001,0,9ac771e1d8b2ecc77c63ae37213074966f7a3917cea724e3d384926d06bbadae
added_sql-2-1-contended,10_-4202626520741838959_true,12,0.26884800000000003,0,12e05f0048b04c42d73fa08be525c579118e635c63ada3ed0e8812d8d1023dd1
added_sql-2-1-contended,10_-4809885398804894281_true,588,304.2113740000003,588,92ce1667148ac440c8788c3d3af00d2c3b9422ff8d9e0859d4748a74389b9996
added_sql-2-1-contended,10_-4819928050126555128_true,294,84.74956100000001,294,477d13bbca42f7fea2eee5fae48829f553932ea70abc08f3481950fc111f9933
added_sql-2-1-contended,10_-5198611253100323484_true,294,5.5432340000000035,294,7023ede274147bdf32196bb22065e88162316eb4895843571324ba855be65e93
added_sql-2-1-contended,10_-5239448546576074090_true,294,9.280148,1781,0be1f76876c6d9a758e837f5a84b512f0e4fd26933058437b47ca0b26edbe5e6
added_sql-2-1-contended,10_-5638955352960985681_true,12,0.121188,0,506ebcd04bd91cb7937fc70d0015974155147795a1c46f002c0bb0fb06ec708d
added_sql-2-1-contended,10_-6238842771805104800_true,294,7.576041000000003,294,49773b6f878393bd324582d4599c51543223cec6aa2311d43a8b7efad1a9c68f
added_sql-2-1-contended,10_-6339237704490227906_true,681,1.3356799999999998,681,2461f8bb8070d8f1e4e669943dfb1cc042ed3e05c56721efdd125ae68b55f78c
added_sql-2-1-contended,10_-6842937031447782956_true,588,455.9059850000005,588,00b521f1d47ad8f9260913ab55502fd00e830befb813e1cd4c76e5d5b4f28d71
added_sql-2-1-contended,10_-7159942097980501218_true,294,186.192966,294,6ae7b188f5d5f6f8fb8fcba3b92b5a772061a6f4b373bde9ca538360aa483b33
added_sql-2-1-contended,10_-7477484057581112166_true,1455,52.49743599999999,1455,9627c3632787ab65dc8f8cd646685704337a625e64ba1c45ceeaa719fe208304
added_sql-2-1-contended,10_-7676915344437841334_true,8,0.005901,0,587fa628a9fe4642ac0e22825a97e81d388af674f7251a9fb699f96901dcb710
added_sql-2-1-contended,10_1033802039123175271_true,294,3807.6118800000013,294,e819be7fb057a82b354deac1ce64d7a14ca65977f53ef48880ce60e7c39d25d1
added_sql-2-1-contended,10_1407442300845343054_true,12,0.19088,0,11b39d76b8a64074fa231a30611cd671f641db90c85fff205bd04701a9e700fb
added_sql-2-1-contended,10_1516204262266125831_true,675,18.980605000000015,675,e169d97b39de2de9e691007670fd3af5dbde5d70d56d831386a92f310ca3ea15
added_sql-2-1-contended,10_1731465853063539113_true,387,59.617731000000035,387,5be3a8d53aceda658f2dae7a68e2fe254eaaadbdd41d490face8824895d710b4
added_sql-2-1-contended,10_1767282781953035540_true,672,34.38504199999998,3264,0f293e8ff0f0e1890d430270763675b49f06f33b864106eeefe2ab77c810e8c8
added_sql-2-1-contended,10_1779149457895871573_true,3,0.31556700000000004,18,54e5d7d708a74c6fd6544d783f0a2a1e30b8b6a5227d6da2495a76df03d8d2a8
added_sql-2-1-contended,10_2096569030600054063_true,387,11.204165999999994,387,c9e8e165a338ac836ded5aa8f5e86a0385b9bfe21d62581fb04832d3db7a1436
added_sql-2-1-contended,10_2267975671437662225_true,387,99.84163100000018,387,29d56bfe2e9480a41b37312aa86c8dc70f43c8f3f74a07ee4d354ee468c5e9d3
added_sql-2-1-contended,10_272815608956864943_true,882,22.586760000000005,882,19fcbfeabe76d434f20ea5fae408ee9841da6e733f879379f7efbbdd715c56e2
added_sql-2-1-contended,10_3077585829638170063_true,387,218.16940899999992,387,687e79bbc1ec03b14f500126657c21c6a06eb4298839db2c813f29dda3833373
added_sql-2-1-contended,10_3175560230803026983_true,387,6.816101999999995,387,7e4a7862cfb3876ac23318104c891ea05802ddda717ec18dcd7b96526b130cb1
added_sql-2-1-contended,10_3491474400644981095_true,12,0.268187,0,0665206a738062fc40135852d5359182da357ccd026bd36dab1c81f5159ce3ca
added_sql-2-1-contended,10_4613823412944004157_true,12,0.191303,0,cc86dddcee9764940d1aa1beec3e930b230454e3f7ca3d8c2e234989567f824b
added_sql-2-1-contended,10_4656313577910830320_true,294,71.02616299999995,294,a594e138cb3d18f9604403cdd6e641756e815005e18689fc566d5d947409de4e
added_sql-2-1-contended,10_4854991825702068830_true,2637,1.7584539999999993,0,a8402858d4f1e1d27afee976520485ebb4b96a5387355b823f0d0b8079729032
added_sql-2-1-contended,10_5603963236059248545_true,12,0.214052,0,1a7c7421aae884c9ad6dea6b7c7717e6cc103595ddcdbdfb235b5c8dee785c5c
added_sql-2-1-contended,10_6097083398544187049_true,3,0.004538,0,79663c1d3b43ceaf9ee728e501c64b57ae2e4d6cb36ff5c65eddcda1de27342f
added_sql-2-1-contended,10_614676945849492516_true,12,11.668903,0,62b398df9124d865936994039a924eb7b70f9c5572e7030bf0c2a251bcea333a
added_sql-2-1-contended,10_6617438240737550109_true,3,0.22514499999999998,9,e3f26b4e29b4a7250e7771ea0f1047eb5bbde6b9e4ae3570b6725623a388fa6c
added_sql-2-1-contended,10_8004310239819770328_true,294,6.895838000000003,294,9bfad657bb875e10805ca81a661d09001022e8a32b91c57d1d8a4bd9cd0a53c9
added_sql-2-1-contended,10_8085437714887874422_true,675,344.2692919999997,672,1a5346cdb428ad7e820bb07aee152260cab9a3ebbf0f2b06567f88f9a6f02341
added_sql-2-1-contended,10_831126298545652160_true,9,0.772393,63,7216db1b4f01955b020adfdaf0d1537d45f7e7ada3bcb50563d14cf0134deccf
added_sql-2-1-contended,10_9091044686983837465_true,579,43.467462999999995,579,84dfa94eec8a34624f7259661a2e4558d8950e4987d2799e4d4d959131dc4ff6
added_sql-2-1-mixed,10_-1052881757650665872_true,292,71.774269,292,fd5eb69aa72a67eaa6834c3b8a7cd13d1ce88f4afb01f6ba3a2afff48fa5e00a
added_sql-2-1-mixed,10_-1402584087708913972_true,1868,56.73438999999996,1866,352fbeb1379fc328ef8b1508b0dce3809dedf7bcc37380bf175c27ba5d47aaaf
added_sql-2-1-mixed,10_-2009659903980438264_true,14,0.8865750000000002,14,af0f73f4c1b00b9ef923a36431f245937f4a1746f3a94effdeddc55b59c97663
added_sql-2-1-mixed,10_-2855378371138922046_true,1226,32.82840100000005,1226,1e355565d2f9d2d725a6c113ab9c3cbd5f0a1e079360fa050b0f7d154a00ecfb
added_sql-2-1-mixed,10_-3832981572635927287_true,292,8.846843000000005,292,b9aa0556b6ebbf56a3dc07649ba62fc021fcc1b4ab045cfb1ec487d7709924ad
added_sql-2-1-mixed,10_-3860739276665616125_true,2,0.130327,2,a3ba3c2b1babefc6a0d87dee1697a42c514b779b41f724f94f2f7b03a3f2cc4f
added_sql-2-1-mixed,10_-4044405742537025589_true,12,0.6209450000000001,0,9ac771e1d8b2ecc77c63ae37213074966f7a3917cea724e3d384926d06bbadae
added_sql-2-1-mixed,10_-4202626520741838959_true,12,0.26884800000000003,0,12e05f0048b04c42d73fa08be525c579118e635c63ada3ed0e8812d8d1023dd1
added_sql-2-1-mixed,10_-4809885398804894281_true,584,302.64431300000035,584,92ce1667148ac440c8788c3d3af00d2c3b9422ff8d9e0859d4748a74389b9996
added_sql-2-1-mixed,10_-4819928050126555128_true,292,84.41568000000002,292,477d13bbca42f7fea2eee5fae48829f553932ea70abc08f3481950fc111f9933
added_sql-2-1-mixed,10_-5198611253100323484_true,292,5.523025000000003,292,7023ede274147bdf32196bb22065e88162316eb4895843571324ba855be65e93
added_sql-2-1-mixed,10_-5239448546576074090_true,292,9.204694000000002,1760,0be1f76876c6d9a758e837f5a84b512f0e4fd26933058437b47ca0b26edbe5e6
added_sql-2-1-mixed,10_-5638955352960985681_true,10,0.094348,0,506ebcd04bd91cb7937fc70d0015974155147795a1c46f002c0bb0fb06ec708d
added_sql-2-1-mixed,10_-6238842771805104800_true,292,7.527920000000003,292,49773b6f878393bd324582d4599c51543223cec6aa2311d43a8b7efad1a9c68f
added_sql-2-1-mixed,10_-6339237704490227906_true,646,1.2769799999999998,646,2461f8bb8070d8f1e4e669943dfb1cc042ed3e05c56721efdd125ae68b55f78c
added_sql-2-1-mixed,10_-6842937031447782956_true,584,453.9718870000005,584,00b521f1d47ad8f9260913ab55502fd00e830befb813e1cd4c76e5d5b4f28d71
added_sql-2-1-mixed,10_-7159942097980501218_true,292,185.109868,292,6ae7b188f5d5f6f8fb8fcba3b92b5a772061a6f4b373bde9ca538360aa483b33
added_sql-2-1-mixed,10_-7477484057581112166_true,1354,49.56310199999997,1354,9627c3632787ab65dc8f8cd646685704337a625e64ba1c45ceeaa719fe208304
added_sql-2-1-mixed,10_-7676915344437841334_true,8,0.005901,0,587fa628a9fe4642ac0e22825a97e81d388af674f7251a9fb699f96901dcb710
added_sql-2-1-mixed,10_1033802039123175271_true,292,3807.552547000001,292,e819be7fb057a82b354deac1ce64d7a14ca65977f53ef48880ce60e7c39d25d1
added_sql-2-1-mixed,10_1407442300845343054_true,12,0.19088,0,11b39d76b8a64074fa231a30611cd671f641db90c85fff205bd04701a9e700fb
added_sql-2-1-mixed,10_1516204262266125831_true,642,18.249319000000007,642,e169d97b39de2de9e691007670fd3af5dbde5d70d56d831386a92f310ca3ea15
added_sql-2-1-mixed,10_1731465853063539113_true,354,55.40382600000005,354,5be3a8d53aceda658f2dae7a68e2fe254eaaadbdd41d490face8824895d710b4
added_sql-2-1-mixed,10_1767282781953035540_true,640,30.193663999999973,3232,0f293e8ff0f0e1890d430270763675b49f06f33b864106eeefe2ab77c810e8c8
added_sql-2-1-mixed,10_1779149457895871573_true,3,0.31556700000000004,18,54e5d7d708a74c6fd6544d783f0a2a1e30b8b6a5227d6da2495a76df03d8d2a8
added_sql-2-1-mixed,10_2096569030600054063_true,354,10.293276999999996,354,c9e8e165a338ac836ded5aa8f5e86a0385b9bfe21d62581fb04832d3db7a1436
added_sql-2-1-mixed,10_2267975671437662225_true,354,92.52134800000012,354,29d56bfe2e9480a41b37312aa86c8dc70f43c8f3f74a07ee4d354ee468c5e9d3
added_sql-2-1-mixed,10_272815608956864943_true,876,22.469058000000004,876,19fcbfeabe76d434f20ea5fae408ee9841da6e733f879379f7efbbdd715c56e2
added_sql-2-1-mixed,10_3077585829638170063_true,354,201.30909899999992,354,687e79bbc1ec03b14f500126657c21c6a06eb4298839db2c813f29dda3833373
added_sql-2-1-mixed,10_3175560230803026983_true,354,6.266303999999997,354,7e4a7862cfb3876ac23318104c891ea05802ddda717ec18dcd7b96526b130cb1
added_sql-2-1-mixed,10_3491474400644981095_true,12,0.268187,0,0665206a738062fc40135852d5359182da357ccd026bd36dab1c81f5159ce3ca
added_sql-2-1-mixed,10_4613823412944004157_true,10,0.15783,0,cc86dddcee9764940d1aa1beec3e930b230454e3f7ca3d8c2e234989567f824b
added_sql-2-1-mixed,10_4656313577910830320_true,292,70.62572599999996,292,a594e138cb3d18f9604403cdd6e641756e815005e18689fc566d5d947409de4e
added_sql-2-1-mixed,10_4854991825702068830_true,2530,1.6907420000000004,0,a8402858d4f1e1d27afee976520485ebb4b96a5387355b823f0d0b8079729032
added_sql-2-1-mixed,10_5603963236059248545_true,12,0.214052,0,1a7c7421aae884c9ad6dea6b7c7717e6cc103595ddcdbdfb235b5c8dee785c5c
added_sql-2-1-mixed,10_6097083398544187049_true,3,0.004538,0,79663c1d3b43ceaf9ee728e501c64b57ae2e4d6cb36ff5c65eddcda1de27342f
added_sql-2-1-mixed,10_614676945849492516_true,12,11.668903,0,62b398df9124d865936994039a924eb7b70f9c5572e7030bf0c2a251bcea333a
added_sql-2-1-mixed,10_6617438240737550109_true,3,0.22514499999999998,9,e3f26b4e29b4a7250e7771ea0f1047eb5bbde6b9e4ae3570b6725623a388fa6c
added_sql-2-1-mixed,10_8004310239819770328_true,292,6.873515000000003,292,9bfad657bb875e10805ca81a661d09001022e8a32b91c57d1d8a4bd9cd0a53c9
added_sql-2-1-mixed,10_8085437714887874422_true,642,276.3686089999997,640,1a5346cdb428ad7e820bb07aee152260cab9a3ebbf0f2b06567f88f9a6f02341
added_sql-2-1-mixed,10_831126298545652160_true,9,0.772393,63,7216db1b4f01955b020adfdaf0d1537d45f7e7ada3bcb50563d14cf0134deccf
added_sql-2-1-mixed,10_9091044686983837465_true,578,43.421555999999995,578,84dfa94eec8a34624f7259661a2e4558d8950e4987d2799e4d4d959131dc4ff6
added_sql-2-2-contended,10_-1052881757650665872_true,392,96.82877300000007,392,fd5eb69aa72a67eaa6834c3b8a7cd13d1ce88f4afb01f6ba3a2afff48fa5e00a
added_sql-2-2-contended,10_-1402584087708913972_true,2584,76.0148399999999,2580,352fbeb1379fc328ef8b1508b0dce3809dedf7bcc37380bf175c27ba5d47aaaf
added_sql-2-2-contended,10_-2009659903980438264_true,14,0.8865750000000002,14,af0f73f4c1b00b9ef923a36431f245937f4a1746f3a94effdeddc55b59c97663
added_sql-2-2-contended,10_-2855378371138922046_true,1684,44.51628200000002,1684,1e355565d2f9d2d725a6c113ab9c3cbd5f0a1e079360fa050b0f7d154a00ecfb
added_sql-2-2-contended,10_-3832981572635927287_true,392,11.662148000000009,392,b9aa0556b6ebbf56a3dc07649ba62fc021fcc1b4ab045cfb1ec487d7709924ad
added_sql-2-2-contended,10_-3860739276665616125_true,4,0.31782299999999997,4,a3ba3c2b1babefc6a0d87dee1697a42c514b779b41f724f94f2f7b03a3f2cc4f
added_sql-2-2-contended,10_-4044405742537025589_true,14,0.7525650000000002,0,9ac771e1d8b2ecc77c63ae37213074966f7a3917cea724e3d384926d06bbadae
added_sql-2-2-contended,10_-4202626520741838959_true,16,0.33875800000000006,0,12e05f0048b04c42d73fa08be525c579118e635c63ada3ed0e8812d8d1023dd1
added_sql-2-2-contended,10_-4809885398804894281_true,784,399.3789630000009,784,92ce1667148ac440c8788c3d3af00d2c3b9422ff8d9e0859d4748a74389b9996
added_sql-2-2-contended,10_-4819928050126555128_true,392,106.66623399999996,392,477d13bbca42f7fea2eee5fae48829f553932ea70abc08f3481950fc111f9933
added_sql-2-2-contended,10_-5198611253100323484_true,392,7.211705000000004,392,7023ede274147bdf32196bb22065e88162316eb4895843571324ba855be65e93
added_sql-2-2-contended,10_-5239448546576074090_true,392,13.351331000000002,2953,0be1f76876c6d9a758e837f5a84b512f0e4fd26933058437b47ca0b26edbe5e6
added_sql-2-2-contended,10_-5638955352960985681_true,14,0.139733,0,506ebcd04bd91cb7937fc70d0015974155147795a1c46f002c0bb0fb06ec708d
added_sql-2-2-contended,10_-6238842771805104800_true,392,10.318159000000001,392,49773b6f878393bd324582d4599c51543223cec6aa2311d43a8b7efad1a9c68f
added_sql-2-2-contended,10_-6339237704490227906_true,908,1.7477009999999997,908,2461f8bb8070d8f1e4e669943dfb1cc042ed3e05c56721efdd125ae68b55f78c
added_sql-2-2-contended,10_-6842937031447782956_true,784,600.1717270000008,784,00b521f1d47ad8f9260913ab55502fd00e830befb813e1cd4c76e5d5b4f28d71
added_sql-2-2-contended,10_-7159942097980501218_true,392,240.46071799999999,392,6ae7b188f5d5f6f8fb8fcba3b92b5a772061a6f4b373bde9ca538360aa483b33
added_sql-2-2-contended,10_-7477484057581112166_true,1940,67.84937799999992,1940,9627c3632787ab65dc8f8cd646685704337a625e64ba1c45ceeaa719fe208304
added_sql-2-2-contended,10_-7676915344437841334_true,8,0.005901,0,587fa628a9fe4642ac0e22825a97e81d388af674f7251a9fb699f96901dcb710
added_sql-2-2-contended,10_1033802039123175271_true,392,4390.893932999998,392,e819be7fb057a82b354deac1ce64d7a14ca65977f53ef48880ce60e7c39d25d1
added_sql-2-2-contended,10_1407442300845343054_true,16,0.24750599999999998,0,11b39d76b8a64074fa231a30611cd671f641db90c85fff205bd04701a9e700fb
added_sql-2-2-contended,10_1516204262266125831_true,900,28.320160000000005,900,e169d97b39de2de9e691007670fd3af5dbde5d70d56d831386a92f310ca3ea15
added_sql-2-2-contended,10_1731465853063539113_true,516,77.165542,516,5be3a8d53aceda658f2dae7a68e2fe254eaaadbdd41d490face8824895d710b4
added_sql-2-2-contended,10_1767282781953035540_true,896,56.83032099999999,5504,0f293e8ff0f0e1890d430270763675b49f06f33b864106eeefe2ab77c810e8c8
added_sql-2-2-contended,10_1779149457895871573_true,3,0.31556700000000004,18,54e5d7d708a74c6fd6544d783f0a2a1e30b8b6a5227d6da2495a76df03d8d2a8
added_sql-2-2-contended,10_2096569030600054063_true,516,14.744777999999988,516,c9e8e165a338ac836ded5aa8f5e86a0385b9bfe21d62581fb04832d3db7a1436
added_sql-2-2-contended,10_2267975671437662225_true,516,131.44134100000028,516,29d56bfe2e9480a41b37312aa86c8dc70f43c8f3f74a07ee4d354ee468c5e9d3
added_sql-2-2-contended,10_272815608956864943_true,1176,29.820623000000015,1176,19fcbfeabe76d434f20ea5fae408ee9841da6e733f879379f7efbbdd715c56e2
added_sql-2-2-contended,10_3077585829638170063_true,516,277.79836300000005,516,687e79bbc1ec03b14f500126657c21c6a06eb4298839db2c813f29dda3833373
added_sql-2-2-contended,10_3175560230803026983_true,516,8.883931999999996,516,7e4a7862cfb3876ac23318104c891ea05802ddda717ec18dcd7b96526b130cb1
added_sql-2-2-contended,10_3491474400644981095_true,16,0.410194,0,0665206a738062fc40135852d5359182da357ccd026bd36dab1c81f5159ce3ca
added_sql-2-2-contended,10_4613823412944004157_true,14,0.218754,0,cc86dddcee9764940d1aa1beec3e930b230454e3f7ca3d8c2e234989567f824b
added_sql-2-2-contended,10_4656313577910830320_true,392,92.87669699999995,392,a594e138cb3d18f9604403cdd6e641756e815005e18689fc566d5d947409de4e
added_sql-2-2-contended,10_4854991825702068830_true,3516,2.2862410000000013,0,a8402858d4f1e1d27afee976520485ebb4b96a5387355b823f0d0b8079729032
added_sql-2-2-contended,10_5603963236059248545_true,16,0.262243,0,1a7c7421aae884c9ad6dea6b7c7717e6cc103595ddcdbdfb235b5c8dee785c5c
added_sql-2-2-contended,10_6097083398544187049_true,3,0.004538,0,79663c1d3b43ceaf9ee728e501c64b57ae2e4d6cb36ff5c65eddcda1de27342f
added_sql-2-2-contended,10_614676945849492516_true,14,14.278216,0,62b398df9124d865936994039a924eb7b70f9c5572e7030bf0c2a251bcea333a
added_sql-2-2-contended,10_6617438240737550109_true,3,0.22514499999999998,9,e3f26b4e29b4a7250e7771ea0f1047eb5bbde6b9e4ae3570b6725623a388fa6c
added_sql-2-2-contended,10_8004310239819770328_true,392,8.642436000000004,392,9bfad657bb875e10805ca81a661d09001022e8a32b91c57d1d8a4bd9cd0a53c9
added_sql-2-2-contended,10_8085437714887874422_true,900,371.5914729999998,896,1a5346cdb428ad7e820bb07aee152260cab9a3ebbf0f2b06567f88f9a6f02341
added_sql-2-2-contended,10_831126298545652160_true,9,0.772393,63,7216db1b4f01955b020adfdaf0d1537d45f7e7ada3bcb50563d14cf0134deccf
added_sql-2-2-contended,10_9091044686983837465_true,772,56.61856299999996,772,84dfa94eec8a34624f7259661a2e4558d8950e4987d2799e4d4d959131dc4ff6
added_sql-2-2-mixed,10_-1052881757650665872_true,390,96.41751500000008,390,fd5eb69aa72a67eaa6834c3b8a7cd13d1ce88f4afb01f6ba3a2afff48fa5e00a
added_sql-2-2-mixed,10_-1402584087708913972_true,2514,74.58471399999989,2511,352fbeb1379fc328ef8b1508b0dce3809dedf7bcc37380bf175c27ba5d47aaaf
added_sql-2-2-mixed,10_-2009659903980438264_true,14,0.8865750000000002,14,af0f73f4c1b00b9ef923a36431f245937f4a1746f3a94effdeddc55b59c97663
added_sql-2-2-mixed,10_-2855378371138922046_true,1647,43.61721900000002,1647,1e355565d2f9d2d725a6c113ab9c3cbd5f0a1e079360fa050b0f7d154a00ecfb
added_sql-2-2-mixed,10_-3832981572635927287_true,390,11.615881000000009,390,b9aa0556b6ebbf56a3dc07649ba62fc021fcc1b4ab045cfb1ec487d7709924ad
added_sql-2-2-mixed,10_-3860739276665616125_true,3,0.215669,3,a3ba3c2b1babefc6a0d87dee1697a42c514b779b41f724f94f2f7b03a3f2cc4f
added_sql-2-2-mixed,10_-4044405742537025589_true,14,0.7525650000000002,0,9ac771e1d8b2ecc77c63ae37213074966f7a3917cea724e3d384926d06bbadae
added_sql-2-2-mixed,10_-4202626520741838959_true,14,0.3069390000000001,0,12e05f0048b04c42d73fa08be525c579118e635c63ada3ed0e8812d8d1023dd1
added_sql-2-2-mixed,10_-4809885398804894281_true,780,398.02869100000095,780,92ce1667148ac440c8788c3d3af00d2c3b9422ff8d9e0859d4748a74389b9996
added_sql-2-2-mixed,10_-4819928050126555128_true,390,106.31189399999997,390,477d13bbca42f7fea2eee5fae48829f553932ea70abc08f3481950fc111f9933
added_sql-2-2-mixed,10_-5198611253100323484_true,390,7.186907000000003,390,7023ede274147bdf32196bb22065e88162316eb4895843571324ba855be65e93
added_sql-2-2-mixed,10_-5239448546576074090_true,390,13.311136000000003,2933,0be1f76876c6d9a758e837f5a84b512f0e4fd26933058437b47ca0b26edbe5e6
added_sql-2-2-mixed,10_-5638955352960985681_true,14,0.139733,0,506ebcd04bd91cb7937fc70d0015974155147795a1c46f002c0bb0fb06ec708d
added_sql-2-2-mixed,10_-6238842771805104800_true,390,10.275027000000001,390,49773b6f878393bd324582d4599c51543223cec6aa2311d43a8b7efad1a9c68f
added_sql-2-2-mixed,10_-6339237704490227906_true,873,1.6845579999999998,873,2461f8bb8070d8f1e4e669943dfb1cc042ed3e05c56721efdd125ae68b55f78c
added_sql-2-2-mixed,10_-6842937031447782956_true,780,598.0271530000008,780,00b521f1d47ad8f9260913ab55502fd00e830befb813e1cd4c76e5d5b4f28d71
added_sql-2-2-mixed,10_-7159942097980501218_true,390,239.59962,390,6ae7b188f5d5f6f8fb8fcba3b92b5a772061a6f4b373bde9ca538360aa483b33
added_sql-2-2-mixed,10_-7477484057581112166_true,1839,65.1987919999999,1839,9627c3632787ab65dc8f8cd646685704337a625e64ba1c45ceeaa719fe208304
added_sql-2-2-mixed,10_-7676915344437841334_true,8,0.005901,0,587fa628a9fe4642ac0e22825a97e81d388af674f7251a9fb699f96901dcb710
added_sql-2-2-mixed,10_1033802039123175271_true,390,4390.812247999997,390,e819be7fb057a82b354deac1ce64d7a14ca65977f53ef48880ce60e7c39d25d1
added_sql-2-2-mixed,10_1407442300845343054_true,14,0.22271,0,11b39d76b8a64074fa231a30611cd671f641db90c85fff205bd04701a9e700fb
added_sql-2-2-mixed,10_1516204262266125831_true,867,27.66416800000001,867,e169d97b39de2de9e691007670fd3af5dbde5d70d56d831386a92f310ca3ea15
added_sql-2-2-mixed,10_1731465853063539113_true,483,72.860112,483,5be3a8d53aceda658f2dae7a68e2fe254eaaadbdd41d490face8824895d710b4
added_sql-2-2-mixed,10_1767282781953035540_true,864,55.92107099999999,5472,0f293e8ff0f0e1890d430270763675b49f06f33b864106eeefe2ab77c810e8c8
added_sql-2-2-mixed,10_1779149457895871573_true,3,0.31556700000000004,18,54e5d7d708a74c6fd6544d783f0a2a1e30b8b6a5227d6da2495a76df03d8d2a8
added_sql-2-2-mixed,10_2096569030600054063_true,483,13.736188999999994,483,c9e8e165a338ac836ded5aa8f5e86a0385b9bfe21d62581fb04832d3db7a1436
added_sql-2-2-mixed,10_2267975671437662225_true,483,124.3355260000003,483,29d56bfe2e9480a41b37312aa86c8dc70f43c8f3f74a07ee4d354ee468c5e9d3
added_sql-2-2-mixed,10_272815608956864943_true,1170,29.690818000000014,1170,19fcbfeabe76d434f20ea5fae408ee9841da6e733f879379f7efbbdd715c56e2
added_sql-2-2-mixed,10_3077585829638170063_true,483,264.05780200000004,483,687e79bbc1ec03b14f500126657c21c6a06eb4298839db2c813f29dda3833373
added_sql-2-2-mixed,10_3175560230803026983_true,483,8.331705999999999,483,7e4a7862cfb3876ac23318104c891ea05802ddda717ec18dcd7b96526b130cb1
added_sql-2-2-mixed,10_3491474400644981095_true,14,0.314844,0,0665206a738062fc40135852d5359182da357ccd026bd36dab1c81f5159ce3ca
added_sql-2-2-mixed,10_4613823412944004157_true,14,0.218754,0,cc86dddcee9764940d1aa1beec3e930b230454e3f7ca3d8c2e234989567f824b
added_sql-2-2-mixed,10_4656313577910830320_true,390,92.49823099999995,390,a594e138cb3d18f9604403cdd6e641756e815005e18689fc566d5d947409de4e
added_sql-2-2-mixed,10_4854991825702068830_true,3407,2.226378000000001,0,a8402858d4f1e1d27afee976520485ebb4b96a5387355b823f0d0b8079729032
added_sql-2-2-mixed,10_5603963236059248545_true,14,0.229321,0,1a7c7421aae884c9ad6dea6b7c7717e6cc103595ddcdbdfb235b5c8dee785c5c
added_sql-2-2-mixed,10_6097083398544187049_true,3,0.004538,0,79663c1d3b43ceaf9ee728e501c64b57ae2e4d6cb36ff5c65eddcda1de27342f
added_sql-2-2-mixed,10_614676945849492516_true,14,14.278216,0,62b398df9124d865936994039a924eb7b70f9c5572e7030bf0c2a251bcea333a
added_sql-2-2-mixed,10_6617438240737550109_true,3,0.22514499999999998,9,e3f26b4e29b4a7250e7771ea0f1047eb5bbde6b9e4ae3570b6725623a388fa6c
added_sql-2-2-mixed,10_8004310239819770328_true,390,8.604204000000003,390,9bfad657bb875e10805ca81a661d09001022e8a32b91c57d1d8a4bd9cd0a53c9
added_sql-2-2-mixed,10_8085437714887874422_true,867,352.03578699999997,864,1a5346cdb428ad7e820bb07aee152260cab9a3ebbf0f2b06567f88f9a6f02341
added_sql-2-2-mixed,10_831126298545652160_true,9,0.772393,63,7216db1b4f01955b020adfdaf0d1537d45f7e7ada3bcb50563d14cf0134deccf
added_sql-2-2-mixed,10_9091044686983837465_true,771,56.58250499999996,771,84dfa94eec8a34624f7259661a2e4558d8950e4987d2799e4d4d959131dc4ff6
added_sql-4--1-contended,10_-1052881757650665872_true,98,28.673068999999995,98,fd5eb69aa72a67eaa6834c3b8a7cd13d1ce88f4afb01f6ba3a2afff48fa5e00a
added_sql-4--1-contended,10_-1402584087708913972_true,650,24.942550000000022,649,352fbeb1379fc328ef8b1508b0dce3809dedf7bcc37380bf175c27ba5d47aaaf
added_sql-4--1-contended,10_-2009659903980438264_true,28,1.7881660000000004,28,af0f73f4c1b00b9ef923a36431f245937f4a1746f3a94effdeddc55b59c97663
added_sql-4--1-contended,10_-2855378371138922046_true,425,13.514211,425,1e355565d2f9d2d725a6c113ab9c3cbd5f0a1e079360fa050b0f7d154a00ecfb
added_sql-4--1-contended,10_-3832981572635927287_true,98,3.158819999999999,98,b9aa0556b6ebbf56a3dc07649ba62fc021fcc1b4ab045cfb1ec487d7709924ad
added_sql-4--1-contended,10_-3860739276665616125_true,1,0.086824,1,a3ba3c2b1babefc6a0d87dee1697a42c514b779b41f724f94f2f7b03a3f2cc4f
added_sql-4--1-contended,10_-4044405742537025589_true,9,0.2432,0,9ac771e1d8b2ecc77c63ae37213074966f7a3917cea724e3d384926d06bbadae
added_sql-4--1-contended,10_-4202626520741838959_true,10,0.310497,0,35d6b5d0dab59bcf346cc54bebdd8dfd4cba73055c7c61ac466ba5d037ad08f0
added_sql-4--1-contended,10_-4809885398804894281_true,200,138.37408200000002,200,92ce1667148ac440c8788c3d3af00d2c3b9422ff8d9e0859d4748a74389b9996
added_sql-4--1-contended,10_-4819928050126555128_true,98,65.94609900000002,98,477d13bbca42f7fea2eee5fae48829f553932ea70abc08f3481950fc111f9933
added_sql-4--1-contended,10_-5198611253100323484_true,98,2.4029229999999995,98,7023ede274147bdf32196bb22065e88162316eb4895843571324ba855be65e93
added_sql-4--1-contended,10_-5239448546576074090_true,98,4.006107999999999,300,0be1f76876c6d9a758e837f5a84b512f0e4fd26933058437b47ca0b26edbe5e6
added_sql-4--1-contended,10_-5638955352960985681_true,8,0.068739,0,506ebcd04bd91cb7937fc70d0015974155147795a1c46f002c0bb0fb06ec708d
added_sql-4--1-contended,10_-6238842771805104800_true,98,2.945827999999999,98,49773b6f878393bd324582d4599c51543223cec6aa2311d43a8b7efad1a9c68f
added_sql-4--1-contended,10_-6339237704490227906_true,227,0.6911750000000001,227,2461f8bb8070d8f1e4e669943dfb1cc042ed3e05c56721efdd125ae68b55f78c
added_sql-4--1-contended,10_-6842937031447782956_true,200,226.24569100000008,200,00b521f1d47ad8f9260913ab55502fd00e830befb813e1cd4c76e5d5b4f28d71
added_sql-4--1-contended,10_-7159942097980501218_true,98,118.22557399999995,98,6ae7b188f5d5f6f8fb8fcba3b92b5a772061a6f4b373bde9ca538360aa483b33
added_sql-4--1-contended,10_-7477484057581112166_true,485,19.721630000000022,485,9627c3632787ab65dc8f8cd646685704337a625e64ba1c45ceeaa719fe208304
added_sql-4--1-contended,10_-7676915344437841334_true,16,0.013295999999999999,0,587fa628a9fe4642ac0e22825a97e81d388af674f7251a9fb699f96901dcb710
added_sql-4--1-contended,10_1033802039123175271_true,98,4281.669666,98,e819be7fb057a82b354deac1ce64d7a14ca65977f53ef48880ce60e7c39d25d1
added_sql-4--1-contended,10_1407442300845343054_true,10,0.150545,0,11b39d76b8a64074fa231a30611cd671f641db90c85fff205bd04701a9e700fb
added_sql-4--1-contended,10_1516204262266125831_true,225,6.442323000000005,225,e169d97b39de2de9e691007670fd3af5dbde5d70d56d831386a92f310ca3ea15
added_sql-4--1-contended,10_1731465853063539113_true,129,24.599481999999995,129,5be3a8d53aceda658f2dae7a68e2fe254eaaadbdd41d490face8824895d710b4
added_sql-4--1-contended,10_1767282781953035540_true,224,12.040535,512,0f293e8ff0f0e1890d430270763675b49f06f33b864106eeefe2ab77c810e8c8
added_sql-4--1-contended,10_1779149457895871573_true,8,0.915331,48,54e5d7d708a74c6fd6544d783f0a2a1e30b8b6a5227d6da2495a76df03d8d2a8
added_sql-4--1-contended,10_2096569030600054063_true,129,3.706556000000002,129,c9e8e165a338ac836ded5aa8f5e86a0385b9bfe21d62581fb04832d3db7a1436
added_sql-4--1-contended,10_2267975671437662225_true,129,44.939344999999996,129,7c1209b5f81463c042e65511d9fc2660c84845d54e555b315f3e021244da0e43
added_sql-4--1-contended,10_272815608956864943_true,298,10.017307999999993,298,19fcbfeabe76d434f20ea5fae408ee9841da6e733f879379f7efbbdd715c56e2
added_sql-4--1-contended,10_3077585829638170063_true,129,135.103938,129,687e79bbc1ec03b14f500126657c21c6a06eb4298839db2c813f29dda3833373
added_sql-4--1-contended,10_3175560230803026983_true,129,2.7033579999999997,129,7e4a7862cfb3876ac23318104c891ea05802ddda717ec18dcd7b96526b130cb1
added_sql-4--1-contended,10_3491474400644981095_true,10,0.26902000000000004,0,0665206a738062fc40135852d5359182da357ccd026bd36dab1c81f5159ce3ca
added_sql-4--1-contended,10_4613823412944004157_true,8,0.110279,0,cc86dddcee9764940d1aa1beec3e930b230454e3f7ca3d8c2e234989567f824b
added_sql-4--1-contended,10_4656313577910830320_true,98,39.204035,98,a594e138cb3d18f9604403cdd6e641756e815005e18689fc566d5d947409de4e
added_sql-4--1-contended,10_4854991825702068830_true,893,0.7017589999999999,0,a8402858d4f1e1d27afee976520485ebb4b96a5387355b823f0d0b8079729032
added_sql-4--1-contended,10_5603963236059248545_true,10,0.20831299999999997,0,1a7c7421aae884c9ad6dea6b7c7717e6cc103595ddcdbdfb235b5c8dee785c5c
added_sql-4--1-contended,10_6097083398544187049_true,7,0.007083,0,79663c1d3b43ceaf9ee728e501c64b57ae2e4d6cb36ff5c65eddcda1de27342f
added_sql-4--1-contended,10_614676945849492516_true,9,13.164748999999997,0,62b398df9124d865936994039a924eb7b70f9c5572e7030bf0c2a251bcea333a
added_sql-4--1-contended,10_6617438240737550109_true,2,0.131919,6,e3f26b4e29b4a7250e7771ea0f1047eb5bbde6b9e4ae3570b6725623a388fa6c
added_sql-4--1-contended,10_8004310239819770328_true,98,2.5580959999999995,98,9bfad657bb875e10805ca81a661d09001022e8a32b91c57d1d8a4bd9cd0a53c9
added_sql-4--1-contended,10_8085437714887874422_true,225,174.50940500000004,224,1a5346cdb428ad7e820bb07aee152260cab9a3ebbf0f2b06567f88f9a6f02341
added_sql-4--1-contended,10_831126298545652160_true,16,2.9590829999999992,112,7216db1b4f01955b020adfdaf0d1537d45f7e7ada3bcb50563d14cf0134deccf
added_sql-4--1-contended,10_9091044686983837465_true,193,15.784161000000005,193,84dfa94eec8a34624f7259661a2e4558d8950e4987d2799e4d4d959131dc4ff6
added_sql-4--1-mixed,10_-1052881757650665872_true,96,27.720358999999995,96,fd5eb69aa72a67eaa6834c3b8a7cd13d1ce88f4afb01f6ba3a2afff48fa5e00a
added_sql-4--1-mixed,10_-1402584087708913972_true,576,22.787127000000027,576,352fbeb1379fc328ef8b1508b0dce3809dedf7bcc37380bf175c27ba5d47aaaf
added_sql-4--1-mixed,10_-2009659903980438264_true,27,1.6971540000000003,27,af0f73f4c1b00b9ef923a36431f245937f4a1746f3a94effdeddc55b59c97663
added_sql-4--1-mixed,10_-2855378371138922046_true,384,12.345672000000006,384,1e355565d2f9d2d725a6c113ab9c3cbd5f0a1e079360fa050b0f7d154a00ecfb
added_sql-4--1-mixed,10_-3832981572635927287_true,96,3.1174309999999994,96,b9aa0556b6ebbf56a3dc07649ba62fc021fcc1b4ab045cfb1ec487d7709924ad
added_sql-4--1-mixed,10_-4044405742537025589_true,8,0.223873,0,9ac771e1d8b2ecc77c63ae37213074966f7a3917cea724e3d384926d06bbadae
added_sql-4--1-mixed,10_-4202626520741838959_true,8,0.213735,0,35d6b5d0dab59bcf346cc54bebdd8dfd4cba73055c7c61ac466ba5d037ad08f0
added_sql-4--1-mixed,10_-4809885398804894281_true,192,135.13085800000002,192,92ce1667148ac440c8788c3d3af00d2c3b9422ff8d9e0859d4748a74389b9996
added_sql-4--1-mixed,10_-4819928050126555128_true,96,64.99866800000002,96,477d13bbca42f7fea2eee5fae48829f553932ea70abc08f3481950fc111f9933
added_sql-4--1-mixed,10_-5198611253100323484_true,96,2.364569999999999,96,7023ede274147bdf32196bb22065e88162316eb4895843571324ba855be65e93
added_sql-4--1-mixed,10_-5239448546576074090_true,96,3.9003479999999993,288,0be1f76876c6d9a758e837f5a84b512f0e4fd26933058437b47ca0b26edbe5e6
added_sql-4--1-mixed,10_-5638955352960985681_true,8,0.068739,0,506ebcd04bd91cb7937fc70d0015974155147795a1c46f002c0bb0fb06ec708d
added_sql-4--1-mixed,10_-6238842771805104800_true,96,2.8921149999999987,96,49773b6f878393bd324582d4599c51543223cec6aa2311d43a8b7efad1a9c68f
added_sql-4--1-mixed,10_-6339237704490227906_true,192,0.6084000000000003,192,2461f8bb8070d8f1e4e669943dfb1cc042ed3e05c56721efdd125ae68b55f78c
added_sql-4--1-mixed,10_-6842937031447782956_true,192,221.06136900000007,192,00b521f1d47ad8f9260913ab55502fd00e830befb813e1cd4c76e5d5b4f28d71
added_sql-4--1-mixed,10_-7159942097980501218_true,96,116.94354899999996,96,6ae7b188f5d5f6f8fb8fcba3b92b5a772061a6f4b373bde9ca538360aa483b33
added_sql-4--1-mixed,10_-7477484057581112166_true,384,15.975472000000014,384,9627c3632787ab65dc8f8cd646685704337a625e64ba1c45ceeaa719fe208304
added_sql-4--1-mixed,10_1033802039123175271_true,96,4281.622797999999,96,e819be7fb057a82b354deac1ce64d7a14ca65977f53ef48880ce60e7c39d25d1
added_sql-4--1-mixed,10_1407442300845343054_true,8,0.12660000000000002,0,11b39d76b8a64074fa231a30611cd671f641db90c85fff205bd04701a9e700fb
added_sql-4--1-mixed,10_1516204262266125831_true,192,5.454936000000004,192,e169d97b39de2de9e691007670fd3af5dbde5d70d56d831386a92f310ca3ea15
added_sql-4--1-mixed,10_1731465853063539113_true,96,18.830424000000004,96,5be3a8d53aceda658f2dae7a68e2fe254eaaadbdd41d490face8824895d710b4
added_sql-4--1-mixed,10_1767282781953035540_true,192,11.229942000000001,480,0f293e8ff0f0e1890d430270763675b49f06f33b864106eeefe2ab77c810e8c8
added_sql-4--1-mixed,10_1779149457895871573_true,8,0.915331,48,54e5d7d708a74c6fd6544d783f0a2a1e30b8b6a5227d6da2495a76df03d8d2a8
added_sql-4--1-mixed,10_2096569030600054063_true,96,2.708904000000002,96,c9e8e165a338ac836ded5aa8f5e86a0385b9bfe21d62581fb04832d3db7a1436
added_sql-4--1-mixed,10_2267975671437662225_true,96,35.51502599999999,96,7c1209b5f81463c042e65511d9fc2660c84845d54e555b315f3e021244da0e43
added_sql-4--1-mixed,10_272815608956864943_true,288,9.814104999999994,288,19fcbfeabe76d434f20ea5fae408ee9841da6e733f879379f7efbbdd715c56e2
added_sql-4--1-mixed,10_3077585829638170063_true,96,115.24051299999999,96,687e79bbc1ec03b14f500126657c21c6a06eb4298839db2c813f29dda3833373
added_sql-4--1-mixed,10_3175560230803026983_true,96,1.8834619999999997,96,7e4a7862cfb3876ac23318104c891ea05802ddda717ec18dcd7b96526b130cb1
added_sql-4--1-mixed,10_3491474400644981095_true,8,0.20092200000000002,0,0665206a738062fc40135852d5359182da357ccd026bd36dab1c81f5159ce3ca
added_sql-4--1-mixed,10_4613823412944004157_true,8,0.110279,0,cc86dddcee9764940d1aa1beec3e930b230454e3f7ca3d8c2e234989567f824b
added_sql-4--1-mixed,10_4656313577910830320_true,96,38.659655,96,a594e138cb3d18f9604403cdd6e641756e815005e18689fc566d5d947409de4e
added_sql-4--1-mixed,10_4854991825702068830_true,776,0.6196759999999999,0,a8402858d4f1e1d27afee976520485ebb4b96a5387355b823f0d0b8079729032
added_sql-4--1-mixed,10_5603963236059248545_true,8,0.17050099999999996,0,1a7c7421aae884c9ad6dea6b7c7717e6cc103595ddcdbdfb235b5c8dee785c5c
added_sql-4--1-mixed,10_6097083398544187049_true,7,0.007083,0,79663c1d3b43ceaf9ee728e501c64b57ae2e4d6cb36ff5c65eddcda1de27342f
added_sql-4--1-mixed,10_614676945849492516_true,8,12.257712999999997,0,62b398df9124d865936994039a924eb7b70f9c5572e7030bf0c2a251bcea333a
added_sql-4--1-mixed,10_6617438240737550109_true,2,0.131919,6,e3f26b4e29b4a7250e7771ea0f1047eb5bbde6b9e4ae3570b6725623a388fa6c
added_sql-4--1-mixed,10_8004310239819770328_true,96,2.5051949999999996,96,9bfad657bb875e10805ca81a661d09001022e8a32b91c57d1d8a4bd9cd0a53c9
added_sql-4--1-mixed,10_8085437714887874422_true,192,9.828556,192,1a5346cdb428ad7e820bb07aee152260cab9a3ebbf0f2b06567f88f9a6f02341
added_sql-4--1-mixed,10_831126298545652160_true,16,2.9590829999999992,112,7216db1b4f01955b020adfdaf0d1537d45f7e7ada3bcb50563d14cf0134deccf
added_sql-4--1-mixed,10_9091044686983837465_true,192,15.727373000000005,192,84dfa94eec8a34624f7259661a2e4558d8950e4987d2799e4d4d959131dc4ff6
added_sql-4-0-contended,10_-1052881757650665872_true,196,56.02097999999998,196,fd5eb69aa72a67eaa6834c3b8a7cd13d1ce88f4afb01f6ba3a2afff48fa5e00a
added_sql-4-0-contended,10_-1402584087708913972_true,1300,45.64875700000001,1298,352fbeb1379fc328ef8b1508b0dce3809dedf7bcc37380bf175c27ba5d47aaaf
added_sql-4-0-contended,10_-2009659903980438264_true,30,2.0310560000000004,30,af0f73f4c1b00b9ef923a36431f245937f4a1746f3a94effdeddc55b59c97663
added_sql-4-0-contended,10_-2855378371138922046_true,850,26.646074999999993,850,1e355565d2f9d2d725a6c113ab9c3cbd5f0a1e079360fa050b0f7d154a00ecfb
added_sql-4-0-contended,10_-3832981572635927287_true,196,6.468542999999998,196,b9aa0556b6ebbf56a3dc07649ba62fc021fcc1b4ab045cfb1ec487d7709924ad
added_sql-4-0-contended,10_-3860739276665616125_true,2,0.170622,2,a3ba3c2b1babefc6a0d87dee1697a42c514b779b41f724f94f2f7b03a3f2cc4f
added_sql-4-0-contended,10_-4044405742537025589_true,17,0.473644,0,9ac771e1d8b2ecc77c63ae37213074966f7a3917cea724e3d384926d06bbadae
added_sql-4-0-contended,10_-4202626520741838959_true,17,0.5641069999999999,0,35d6b5d0dab59bcf346cc54bebdd8dfd4cba73055c7c61ac466ba5d037ad08f0
added_sql-4-0-contended,10_-4809885398804894281_true,400,244.23543600000008,400,92ce1667148ac440c8788c3d3af00d2c3b9422ff8d9e0859d4748a74389b9996
added_sql-4-0-contended,10_-4819928050126555128_true,196,96.48727199999993,196,477d13bbca42f7fea2eee5fae48829f553932ea70abc08f3481950fc111f9933
added_sql-4-0-contended,10_-5198611253100323484_true,196,4.932783999999999,196,7023ede274147bdf32196bb22065e88162316eb4895843571324ba855be65e93
added_sql-4-0-contended,10_-5239448546576074090_true,196,8.160500999999996,893,0be1f76876c6d9a758e837f5a84b512f0e4fd26933058437b47ca0b26edbe5e6
added_sql-4-0-contended,10_-5638955352960985681_true,16,0.143419,0,506ebcd04bd91cb7937fc70d0015974155147795a1c46f002c0bb0fb06ec708d
added_sql-4-0-contended,10_-6238842771805104800_true,196,6.542577999999997,196,49773b6f878393bd324582d4599c51543223cec6aa2311d43a8b7efad1a9c68f
added_sql-4-0-contended,10_-6339237704490227906_true,454,1.1762040000000002,454,2461f8bb8070d8f1e4e669943dfb1cc042ed3e05c56721efdd125ae68b55f78c
added_sql-4-0-contended,10_-6842937031447782956_true,400,399.8900240000002,400,00b521f1d47ad8f9260913ab55502fd00e830befb813e1cd4c76e5d5b4f28d71
added_sql-4-0-contended,10_-7159942097980501218_true,196,183.50101799999996,196,6ae7b188f5d5f6f8fb8fcba3b92b5a772061a6f4b373bde9ca538360aa483b33
added_sql-4-0-contended,10_-7477484057581112166_true,970,39.66680600000002,970,9627c3632787ab65dc8f8cd646685704337a625e64ba1c45ceeaa719fe208304
added_sql-4-0-contended,10_-7676915344437841334_true,16,0.013295999999999999,0,587fa628a9fe4642ac0e22825a97e81d388af674f7251a9fb699f96901dcb710
added_sql-4-0-contended,10_1033802039123175271_true,196,7110.7809019999995,196,e819be7fb057a82b354deac1ce64d7a14ca65977f53ef48880ce60e7c39d25d1
added_sql-4-0-contended,10_1407442300845343054_true,17,0.24849300000000002,0,11b39d76b8a64074fa231a30611cd671f641db90c85fff205bd04701a9e700fb
added_sql-4-0-contended,10_1516204262266125831_true,450,13.106501000000002,450,e169d97b39de2de9e691007670fd3af5dbde5d70d56d831386a92f310ca3ea15
added_sql-4-0-contended,10_1731465853063539113_true,258,46.62300200000002,258,5be3a8d53aceda658f2dae7a68e2fe254eaaadbdd41d490face8824895d710b4
added_sql-4-0-contended,10_1767282781953035540_true,448,26.59973400000001,1600,0f293e8ff0f0e1890d430270763675b49f06f33b864106eeefe2ab77c810e8c8
added_sql-4-0-contended,10_1779149457895871573_true,8,0.915331,48,54e5d7d708a74c6fd6544d783f0a2a1e30b8b6a5227d6da2495a76df03d8d2a8
added_sql-4-0-contended,10_2096569030600054063_true,258,8.063081000000006,258,c9e8e165a338ac836ded5aa8f5e86a0385b9bfe21d62581fb04832d3db7a1436
added_sql-4-0-contended,10_2267975671437662225_true,258,81.45161199999994,258,7c1209b5f81463c042e65511d9fc2660c84845d54e555b315f3e021244da0e43
added_sql-4-0-contended,10_272815608956864943_true,596,19.935829000000005,596,19fcbfeabe76d434f20ea5fae408ee9841da6e733f879379f7efbbdd715c56e2
added_sql-4-0-contended,10_3077585829638170063_true,258,216.10546799999995,258,687e79bbc1ec03b14f500126657c21c6a06eb4298839db2c813f29dda3833373
added_sql-4-0-contended,10_3175560230803026983_true,258,25.333005,258,7e4a7862cfb3876ac23318104c891ea05802ddda717ec18dcd7b96526b130cb1
added_sql-4-0-contended,10_3491474400644981095_true,17,0.4208680000000001,0,0665206a738062fc40135852d5359182da357ccd026bd36dab1c81f5159ce3ca
added_sql-4-0-contended,10_4613823412944004157_true,16,0.278945,0,cc86dddcee9764940d1aa1beec3e930b230454e3f7ca3d8c2e234989567f824b
added_sql-4-0-contended,10_4656313577910830320_true,196,64.807883,196,a594e138cb3d18f9604403cdd6e641756e815005e18689fc566d5d947409de4e
added_sql-4-0-contended,10_4854991825702068830_true,1783,1.3364099999999997,0,a8402858d4f1e1d27afee976520485ebb4b96a5387355b823f0d0b8079729032
added_sql-4-0-contended,10_5603963236059248545_true,17,0.36937699999999996,0,1a7c7421aae884c9ad6dea6b7c7717e6cc103595ddcdbdfb235b5c8dee785c5c
added_sql-4-0-contended,10_6097083398544187049_true,7,0.007083,0,79663c1d3b43ceaf9ee728e501c64b57ae2e4d6cb36ff5c65eddcda1de27342f
added_sql-4-0-contended,10_614676945849492516_true,17,27.447439999999997,0,62b398df9124d865936994039a924eb7b70f9c5572e7030bf0c2a251bcea333a
added_sql-4-0-contended,10_6617438240737550109_true,4,0.28342500000000004,12,e3f26b4e29b4a7250e7771ea0f1047eb5bbde6b9e4ae3570b6725623a388fa6c
added_sql-4-0-contended,10_8004310239819770328_true,196,4.676528000000002,196,9bfad657bb875e10805ca81a661d09001022e8a32b91c57d1d8a4bd9cd0a53c9
added_sql-4-0-contended,10_8085437714887874422_true,450,282.8761059999999,448,1a5346cdb428ad7e820bb07aee152260cab9a3ebbf0f2b06567f88f9a6f02341
added_sql-4-0-contended,10_831126298545652160_true,16,2.9590829999999992,112,7216db1b4f01955b020adfdaf0d1537d45f7e7ada3bcb50563d14cf0134deccf
added_sql-4-0-contended,10_9091044686983837465_true,386,31.527836000000004,386,84dfa94eec8a34624f7259661a2e4558d8950e4987d2799e4d4d959131dc4ff6
added_sql-4-0-mixed,10_-1052881757650665872_true,194,55.64884699999998,194,fd5eb69aa72a67eaa6834c3b8a7cd13d1ce88f4afb01f6ba3a2afff48fa5e00a
added_sql-4-0-mixed,10_-1402584087708913972_true,1226,43.462292999999995,1225,352fbeb1379fc328ef8b1508b0dce3809dedf7bcc37380bf175c27ba5d47aaaf
added_sql-4-0-mixed,10_-2009659903980438264_true,30,2.0310560000000004,30,af0f73f4c1b00b9ef923a36431f245937f4a1746f3a94effdeddc55b59c97663
added_sql-4-0-mixed,10_-2855378371138922046_true,809,25.339012999999994,809,1e355565d2f9d2d725a6c113ab9c3cbd5f0a1e079360fa050b0f7d154a00ecfb
added_sql-4-0-mixed,10_-3832981572635927287_true,194,6.410432999999998,194,b9aa0556b6ebbf56a3dc07649ba62fc021fcc1b4ab045cfb1ec487d7709924ad
added_sql-4-0-mixed,10_-3860739276665616125_true,1,0.086824,1,a3ba3c2b1babefc6a0d87dee1697a42c514b779b41f724f94f2f7b03a3f2cc4f
added_sql-4-0-mixed,10_-4044405742537025589_true,16,0.451052,0,9ac771e1d8b2ecc77c63ae37213074966f7a3917cea724e3d384926d06bbadae
added_sql-4-0-mixed,10_-4202626520741838959_true,16,0.539441,0,35d6b5d0dab59bcf346cc54bebdd8dfd4cba73055c7c61ac466ba5d037ad08f0
added_sql-4-0-mixed,10_-4809885398804894281_true,392,240.53422600000005,392,92ce1667148ac440c8788c3d3af00d2c3b9422ff8d9e0859d4748a74389b9996
added_sql-4-0-mixed,10_-4819928050126555128_true,194,96.09051199999993,194,477d13bbca42f7fea2eee5fae48829f553932ea70abc08f3481950fc111f9933
added_sql-4-0-mixed,10_-5198611253100323484_true,194,4.888400999999999,194,7023ede274147bdf32196bb22065e88162316eb4895843571324ba855be65e93
added_sql-4-0-mixed,10_-5239448546576074090_true,194,8.099966999999998,876,0be1f76876c6d9a758e837f5a84b512f0e4fd26933058437b47ca0b26edbe5e6
added_sql-4-0-mixed,10_-5638955352960985681_true,16,0.143419,0,506ebcd04bd91cb7937fc70d0015974155147795a1c46f002c0bb0fb06ec708d
added_sql-4-0-mixed,10_-6238842771805104800_true,194,6.490319999999998,194,49773b6f878393bd324582d4599c51543223cec6aa2311d43a8b7efad1a9c68f
added_sql-4-0-mixed,10_-6339237704490227906_true,419,1.106913,419,2461f8bb8070d8f1e4e669943dfb1cc042ed3e05c56721efdd125ae68b55f78c
added_sql-4-0-mixed,10_-6842937031447782956_true,392,395.1271690000001,392,00b521f1d47ad8f9260913ab55502fd00e830befb813e1cd4c76e5d5b4f28d71
added_sql-4-0-mixed,10_-7159942097980501218_true,194,182.67886299999998,194,6ae7b188f5d5f6f8fb8fcba3b92b5a772061a6f4b373bde9ca538360aa483b33
added_sql-4-0-mixed,10_-7477484057581112166_true,869,36.07095800000003,869,9627c3632787ab65dc8f8cd646685704337a625e64ba1c45ceeaa719fe208304
added_sql-4-0-mixed,10_-7676915344437841334_true,16,0.013295999999999999,0,587fa628a9fe4642ac0e22825a97e81d388af674f7251a9fb699f96901dcb710
added_sql-4-0-mixed,10_1033802039123175271_true,194,7110.744331999999,194,e819be7fb057a82b354deac1ce64d7a14ca65977f53ef48880ce60e7c39d25d1
added_sql-4-0-mixed,10_1407442300845343054_true,16,0.236711,0,11b39d76b8a64074fa231a30611cd671f641db90c85fff205bd04701a9e700fb
added_sql-4-0-mixed,10_1516204262266125831_true,417,11.913755000000007,417,e169d97b39de2de9e691007670fd3af5dbde5d70d56d831386a92f310ca3ea15
added_sql-4-0-mixed,10_1731465853063539113_true,225,41.370191000000005,225,5be3a8d53aceda658f2dae7a68e2fe254eaaadbdd41d490face8824895d710b4
added_sql-4-0-mixed,10_1767282781953035540_true,416,25.640690000000014,1568,0f293e8ff0f0e1890d430270763675b49f06f33b864106eeefe2ab77c810e8c8
added_sql-4-0-mixed,10_1779149457895871573_true,8,0.915331,48,54e5d7d708a74c6fd6544d783f0a2a1e30b8b6a5227d6da2495a76df03d8d2a8
added_sql-4-0-mixed,10_2096569030600054063_true,225,6.770006000000007,225,c9e8e165a338ac836ded5aa8f5e86a0385b9bfe21d62581fb04832d3db7a1436
added_sql-4-0-mixed,10_2267975671437662225_true,225,72.78697199999995,225,7c1209b5f81463c042e65511d9fc2660c84845d54e555b315f3e021244da0e43
added_sql-4-0-mixed,10_272815608956864943_true,586,19.689713000000005,586,19fcbfeabe76d434f20ea5fae408ee9841da6e733f879379f7efbbdd715c56e2
added_sql-4-0-mixed,10_3077585829638170063_true,225,197.1501609999999,225,687e79bbc1ec03b14f500126657c21c6a06eb4298839db2c813f29dda3833373
added_sql-4-0-mixed,10_3175560230803026983_true,225,24.680294999999997,225,7e4a7862cfb3876ac23318104c891ea05802ddda717ec18dcd7b96526b130cb1
added_sql-4-0-mixed,10_3491474400644981095_true,16,0.40123100000000006,0,0665206a738062fc40135852d5359182da357ccd026bd36dab1c81f5159ce3ca
added_sql-4-0-mixed,10_4613823412944004157_true,16,0.278945,0,cc86dddcee9764940d1aa1beec3e930b230454e3f7ca3d8c2e234989567f824b
added_sql-4-0-mixed,10_4656313577910830320_true,194,64.44669,194,a594e138cb3d18f9604403cdd6e641756e815005e18689fc566d5d947409de4e
added_sql-4-0-mixed,10_4854991825702068830_true,1667,1.2612719999999997,0,a8402858d4f1e1d27afee976520485ebb4b96a5387355b823f0d0b8079729032
added_sql-4-0-mixed,10_5603963236059248545_true,16,0.35383699999999996,0,1a7c7421aae884c9ad6dea6b7c7717e6cc103595ddcdbdfb235b5c8dee785c5c
added_sql-4-0-mixed,10_6097083398544187049_true,7,0.007083,0,79663c1d3b43ceaf9ee728e501c64b57ae2e4d6cb36ff5c65eddcda1de27342f
added_sql-4-0-mixed,10_614676945849492516_true,16,25.803071999999997,0,62b398df9124d865936994039a924eb7b70f9c5572e7030bf0c2a251bcea333a
added_sql-4-0-mixed,10_6617438240737550109_true,4,0.28342500000000004,12,e3f26b4e29b4a7250e7771ea0f1047eb5bbde6b9e4ae3570b6725623a388fa6c
added_sql-4-0-mixed,10_8004310239819770328_true,194,4.655889000000002,194,9bfad657bb875e10805ca81a661d09001022e8a32b91c57d1d8a4bd9cd0a53c9
added_sql-4-0-mixed,10_8085437714887874422_true,417,184.4994069999999,416,1a5346cdb428ad7e820bb07aee152260cab9a3ebbf0f2b06567f88f9a6f02341
added_sql-4-0-mixed,10_831126298545652160_true,16,2.9590829999999992,112,7216db1b4f01955b020adfdaf0d1537d45f7e7ada3bcb50563d14cf0134deccf
added_sql-4-0-mixed,10_9091044686983837465_true,385,31.460218000000005,385,84dfa94eec8a34624f7259661a2e4558d8950e4987d2799e4d4d959131dc4ff6
added_sql-4-1-contended,10_-1052881757650665872_true,294,83.94800399999998,294,fd5eb69aa72a67eaa6834c3b8a7cd13d1ce88f4afb01f6ba3a2afff48fa5e00a
added_sql-4-1-contended,10_-1402584087708913972_true,1950,68.17998100000004,1947,352fbeb1379fc328ef8b1508b0dce3809dedf7bcc37380bf175c27ba5d47aaaf
added_sql-4-1-contended,10_-2009659903980438264_true,30,2.0310560000000004,30,af0f73f4c1b00b9ef923a36431f245937f4a1746f3a94effdeddc55b59c97663
added_sql-4-1-contended,10_-2855378371138922046_true,1275,39.31716400000001,1275,1e355565d2f9d2d725a6c113ab9c3cbd5f0a1e079360fa050b0f7d154a00ecfb
added_sql-4-1-contended,10_-3832981572635927287_true,294,9.665425,294,b9aa0556b6ebbf56a3dc07649ba62fc021fcc1b4ab045cfb1ec487d7709924ad
added_sql-4-1-contended,10_-3860739276665616125_true,3,0.23330099999999998,3,a3ba3c2b1babefc6a0d87dee1697a42c514b779b41f724f94f2f7b03a3f2cc4f
added_sql-4-1-contended,10_-4044405742537025589_true,25,0.7997899999999999,0,9ac771e1d8b2ecc77c63ae37213074966f7a3917cea724e3d384926d06bbadae
added_sql-4-1-contended,10_-4202626520741838959_true,25,0.733456,0,35d6b5d0dab59bcf346cc54bebdd8dfd4cba73055c7c61ac466ba5d037ad08f0
added_sql-4-1-contended,10_-4809885398804894281_true,600,354.6641090000006,600,92ce1667148ac440c8788c3d3af00d2c3b9422ff8d9e0859d4748a74389b9996
added_sql-4-1-contended,10_-4819928050126555128_true,294,123.92178599999993,294,477d13bbca42f7fea2eee5fae48829f553932ea70abc08f3481950fc111f9933
added_sql-4-1-contended,10_-5198611253100323484_true,294,7.477479000000002,294,7023ede274147bdf32196bb22065e88162316eb4895843571324ba855be65e93
added_sql-4-1-contended,10_-5239448546576074090_true,294,12.780596000000001,1764,0be1f76876c6d9a758e837f5a84b512f0e4fd26933058437b47ca0b26edbe5e6
added_sql-4-1-contended,10_-5638955352960985681_true,24,0.227979,0,506ebcd04bd91cb7937fc70d0015974155147795a1c46f002c0bb0fb06ec708d
added_sql-4-1-contended,10_-6238842771805104800_true,294,9.627560999999991,294,49773b6f878393bd324582d4599c51543223cec6aa2311d43a8b7efad1a9c68f
added_sql-4-1-contended,10_-6339237704490227906_true,681,1.706413000000001,681,2461f8bb8070d8f1e4e669943dfb1cc042ed3e05c56721efdd125ae68b55f78c
added_sql-4-1-contended,10_-6842937031447782956_true,600,577.2777130000001,600,00b521f1d47ad8f9260913ab55502fd00e830befb813e1cd4c76e5d5b4f28d71
added_sql-4-1-contended,10_-7159942097980501218_true,294,249.46121099999996,294,6ae7b188f5d5f6f8fb8fcba3b92b5a772061a6f4b373bde9ca538360aa483b33
added_sql-4-1-contended,10_-7477484057581112166_true,1455,59.71208000000002,1455,9627c3632787ab65dc8f8cd646685704337a625e64ba1c45ceeaa719fe208304
added_sql-4-1-contended,10_-7676915344437841334_true,16,0.013295999999999999,0,587fa628a9fe4642ac0e22825a97e81d388af674f7251a9fb699f96901dcb710
added_sql-4-1-contended,10_1033802039123175271_true,294,11532.56566,294,e819be7fb057a82b354deac1ce64d7a14ca65977f53ef48880ce60e7c39d25d1
added_sql-4-1-contended,10_1407442300845343054_true,25,0.38746600000000003,0,11b39d76b8a64074fa231a30611cd671f641db90c85fff205bd04701a9e700fb
added_sql-4-1-contended,10_1516204262266125831_true,675,20.326638000000006,675,e169d97b39de2de9e691007670fd3af5dbde5d70d56d831386a92f310ca3ea15
added_sql-4-1-contended,10_1731465853063539113_true,387,67.13002900000002,387,5be3a8d53aceda658f2dae7a68e2fe254eaaadbdd41d490face8824895d710b4
added_sql-4-1-contended,10_1767282781953035540_true,672,44.88576100000001,3264,0f293e8ff0f0e1890d430270763675b49f06f33b864106eeefe2ab77c810e8c8
added_sql-4-1-contended,10_1779149457895871573_true,8,0.915331,48,54e5d7d708a74c6fd6544d783f0a2a1e30b8b6a5227d6da2495a76df03d8d2a8
added_sql-4-1-contended,10_2096569030600054063_true,387,12.323069000000006,387,c9e8e165a338ac836ded5aa8f5e86a0385b9bfe21d62581fb04832d3db7a1436
added_sql-4-1-contended,10_2267975671437662225_true,387,115.88439899999996,387,7c1209b5f81463c042e65511d9fc2660c84845d54e555b315f3e021244da0e43
added_sql-4-1-contended,10_272815608956864943_true,894,30.372931000000023,894,19fcbfeabe76d434f20ea5fae408ee9841da6e733f879379f7efbbdd715c56e2
added_sql-4-1-contended,10_3077585829638170063_true,387,290.8041120000001,387,687e79bbc1ec03b14f500126657c21c6a06eb4298839db2c813f29dda3833373
added_sql-4-1-contended,10_3175560230803026983_true,387,27.796033999999988,387,7e4a7862cfb3876ac23318104c891ea05802ddda717ec18dcd7b96526b130cb1
added_sql-4-1-contended,10_3491474400644981095_true,25,3.1650270000000003,0,0665206a738062fc40135852d5359182da357ccd026bd36dab1c81f5159ce3ca
added_sql-4-1-contended,10_4613823412944004157_true,24,0.40323,0,cc86dddcee9764940d1aa1beec3e930b230454e3f7ca3d8c2e234989567f824b
added_sql-4-1-contended,10_4656313577910830320_true,294,89.65602300000002,294,a594e138cb3d18f9604403cdd6e641756e815005e18689fc566d5d947409de4e
added_sql-4-1-contended,10_4854991825702068830_true,2674,1.9710859999999997,0,a8402858d4f1e1d27afee976520485ebb4b96a5387355b823f0d0b8079729032
added_sql-4-1-contended,10_5603963236059248545_true,25,0.538669,0,1a7c7421aae884c9ad6dea6b7c7717e6cc103595ddcdbdfb235b5c8dee785c5c
added_sql-4-1-contended,10_6097083398544187049_true,7,0.007083,0,79663c1d3b43ceaf9ee728e501c64b57ae2e4d6cb36ff5c65eddcda1de27342f
added_sql-4-1-contended,10_614676945849492516_true,25,40.177456,0,62b398df9124d865936994039a924eb7b70f9c5572e7030bf0c2a251bcea333a
added_sql-4-1-contended,10_6617438240737550109_true,5,0.345241,15,e3f26b4e29b4a7250e7771ea0f1047eb5bbde6b9e4ae3570b6725623a388fa6c
added_sql-4-1-contended,10_8004310239819770328_true,294,7.144488000000006,294,9bfad657bb875e10805ca81a661d09001022e8a32b91c57d1d8a4bd9cd0a53c9
added_sql-4-1-contended,10_8085437714887874422_true,675,331.885117,672,1a5346cdb428ad7e820bb07aee152260cab9a3ebbf0f2b06567f88f9a6f02341
added_sql-4-1-contended,10_831126298545652160_true,16,2.9590829999999992,112,7216db1b4f01955b020adfdaf0d1537d45f7e7ada3bcb50563d14cf0134deccf
added_sql-4-1-contended,10_9091044686983837465_true,579,47.96047200000003,579,84dfa94eec8a34624f7259661a2e4558d8950e4987d2799e4d4d959131dc4ff6
added_sql-4-1-mixed,10_-1052881757650665872_true,292,83.53328899999998,292,fd5eb69aa72a67eaa6834c3b8a7cd13d1ce88f4afb01f6ba3a2afff48fa5e00a
added_sql-4-1-mixed,10_-1402584087708913972_true,1876,66.18745400000005,1874,352fbeb1379fc328ef8b1508b0dce3809dedf7bcc37380bf175c27ba5d47aaaf
added_sql-4-1-mixed,10_-2009659903980438264_true,30,2.0310560000000004,30,af0f73f4c1b00b9ef923a36431f245937f4a1746f3a94effdeddc55b59c97663
added_sql-4-1-mixed,10_-2855378371138922046_true,1234,37.33768000000001,1234,1e355565d2f9d2d725a6c113ab9c3cbd5f0a1e079360fa050b0f7d154a00ecfb
added_sql-4-1-mixed,10_-3832981572635927287_true,292,9.618565,292,b9aa0556b6ebbf56a3dc07649ba62fc021fcc1b4ab045cfb1ec487d7709924ad
added_sql-4-1-mixed,10_-3860739276665616125_true,2,0.170622,2,a3ba3c2b1babefc6a0d87dee1697a42c514b779b41f724f94f2f7b03a3f2cc4f
added_sql-4-1-mixed,10_-4044405742537025589_true,24,0.755967,0,9ac771e1d8b2ecc77c63ae37213074966f7a3917cea724e3d384926d06bbadae
added_sql-4-1-mixed,10_-4202626520741838959_true,24,0.715913,0,35d6b5d0dab59bcf346cc54bebdd8dfd4cba73055c7c61ac466ba5d037ad08f0
added_sql-4-1-mixed,10_-4809885398804894281_true,592,350.7314030000006,592,92ce1667148ac440c8788c3d3af00d2c3b9422ff8d9e0859d4748a74389b9996
added_sql-4-1-mixed,10_-4819928050126555128_true,292,123.53820099999993,292,477d13bbca42f7fea2eee5fae48829f553932ea70abc08f3481950fc111f9933
added_sql-4-1-mixed,10_-5198611253100323484_true,292,7.4481930000000025,292,7023ede274147bdf32196bb22065e88162316eb4895843571324ba855be65e93
added_sql-4-1-mixed,10_-5239448546576074090_true,292,12.733466000000002,1757,0be1f76876c6d9a758e837f5a84b512f0e4fd26933058437b47ca0b26edbe5e6
added_sql-4-1-mixed,10_-5638955352960985681_true,24,0.227979,0,506ebcd04bd91cb7937fc70d0015974155147795a1c46f002c0bb0fb06ec708d
added_sql-4-1-mixed,10_-6238842771805104800_true,292,9.590140999999992,292,49773b6f878393bd324582d4599c51543223cec6aa2311d43a8b7efad1a9c68f
added_sql-4-1-mixed,10_-6339237704490227906_true,646,1.6389340000000006,646,2461f8bb8070d8f1e4e669943dfb1cc042ed3e05c56721efdd125ae68b55f78c
added_sql-4-1-mixed,10_-6842937031447782956_true,592,572.6332620000002,592,00b521f1d47ad8f9260913ab55502fd00e830befb813e1cd4c76e5d5b4f28d71
added_sql-4-1-mixed,10_-7159942097980501218_true,292,248.27711199999996,292,6ae7b188f5d5f6f8fb8fcba3b92b5a772061a6f4b373bde9ca538360aa483b33
added_sql-4-1-mixed,10_-7477484057581112166_true,1354,55.932458000000025,1354,9627c3632787ab65dc8f8cd646685704337a625e64ba1c45ceeaa719fe208304
added_sql-4-1-mixed,10_-7676915344437841334_true,16,0.013295999999999999,0,587fa628a9fe4642ac0e22825a97e81d388af674f7251a9fb699f96901dcb710
added_sql-4-1-mixed,10_1033802039123175271_true,292,11532.515035,292,e819be7fb057a82b354deac1ce64d7a14ca65977f53ef48880ce60e7c39d25d1
added_sql-4-1-mixed,10_1407442300845343054_true,24,0.37134500000000004,0,11b39d76b8a64074fa231a30611cd671f641db90c85fff205bd04701a9e700fb
added_sql-4-1-mixed,10_1516204262266125831_true,642,19.382992000000016,642,e169d97b39de2de9e691007670fd3af5dbde5d70d56d831386a92f310ca3ea15
added_sql-4-1-mixed,10_1731465853063539113_true,354,61.84071600000003,354,5be3a8d53aceda658f2dae7a68e2fe254eaaadbdd41d490face8824895d710b4
added_sql-4-1-mixed,10_1767282781953035540_true,640,43.843334,3232,0f293e8ff0f0e1890d430270763675b49f06f33b864106eeefe2ab77c810e8c8
added_sql-4-1-mixed,10_1779149457895871573_true,8,0.915331,48,54e5d7d708a74c6fd6544d783f0a2a1e30b8b6a5227d6da2495a76df03d8d2a8
added_sql-4-1-mixed,10_2096569030600054063_true,354,11.034965000000009,354,c9e8e165a338ac836ded5aa8f5e86a0385b9bfe21d62581fb04832d3db7a1436
added_sql-4-1-mixed,10_2267975671437662225_true,354,107.27191299999998,354,7c1209b5f81463c042e65511d9fc2660c84845d54e555b315f3e021244da0e43
added_sql-4-1-mixed,10_272815608956864943_true,884,30.163816000000015,884,19fcbfeabe76d434f20ea5fae408ee9841da6e733f879379f7efbbdd715c56e2
added_sql-4-1-mixed,10_3077585829638170063_true,354,274.719888,354,687e79bbc1ec03b14f500126657c21c6a06eb4298839db2c813f29dda3833373
added_sql-4-1-mixed,10_3175560230803026983_true,354,27.28052,354,7e4a7862cfb3876ac23318104c891ea05802ddda717ec18dcd7b96526b130cb1
added_sql-4-1-mixed,10_3491474400644981095_true,24,3.144769,0,0665206a738062fc40135852d5359182da357ccd026bd36dab1c81f5159ce3ca
added_sql-4-1-mixed,10_4613823412944004157_true,24,0.40323,0,cc86dddcee9764940d1aa1beec3e930b230454e3f7ca3d8c2e234989567f824b
added_sql-4-1-mixed,10_4656313577910830320_true,292,89.26529500000002,292,a594e138cb3d18f9604403cdd6e641756e815005e18689fc566d5d947409de4e
added_sql-4-1-mixed,10_4854991825702068830_true,2558,1.8996429999999993,0,a8402858d4f1e1d27afee976520485ebb4b96a5387355b823f0d0b8079729032
added_sql-4-1-mixed,10_5603963236059248545_true,24,0.5215569999999999,0,1a7c7421aae884c9ad6dea6b7c7717e6cc103595ddcdbdfb235b5c8dee785c5c
added_sql-4-1-mixed,10_6097083398544187049_true,7,0.007083,0,79663c1d3b43ceaf9ee728e501c64b57ae2e4d6cb36ff5c65eddcda1de27342f
added_sql-4-1-mixed,10_614676945849492516_true,24,38.988378,0,62b398df9124d865936994039a924eb7b70f9c5572e7030bf0c2a251bcea333a
added_sql-4-1-mixed,10_6617438240737550109_true,5,0.345241,15,e3f26b4e29b4a7250e7771ea0f1047eb5bbde6b9e4ae3570b6725623a388fa6c
added_sql-4-1-mixed,10_8004310239819770328_true,292,7.118980000000007,292,9bfad657bb875e10805ca81a661d09001022e8a32b91c57d1d8a4bd9cd0a53c9
added_sql-4-1-mixed,10_8085437714887874422_true,642,292.67822,640,1a5346cdb428ad7e820bb07aee152260cab9a3ebbf0f2b06567f88f9a6f02341
added_sql-4-1-mixed,10_831126298545652160_true,16,2.9590829999999992,112,7216db1b4f01955b020adfdaf0d1537d45f7e7ada3bcb50563d14cf0134deccf
added_sql-4-1-mixed,10_9091044686983837465_true,578,47.90793300000003,578,84dfa94eec8a34624f7259661a2e4558d8950e4987d2799e4d4d959131dc4ff6
added_sql-4-2-contended,10_-1052881757650665872_true,392,108.18919300000007,392,fd5eb69aa72a67eaa6834c3b8a7cd13d1ce88f4afb01f6ba3a2afff48fa5e00a
added_sql-4-2-contended,10_-1402584087708913972_true,2600,88.20099499999988,2596,352fbeb1379fc328ef8b1508b0dce3809dedf7bcc37380bf175c27ba5d47aaaf
added_sql-4-2-contended,10_-2009659903980438264_true,31,2.1688060000000005,31,af0f73f4c1b00b9ef923a36431f245937f4a1746f3a94effdeddc55b59c97663
added_sql-4-2-contended,10_-2855378371138922046_true,1700,51.87489800000005,1700,1e355565d2f9d2d725a6c113ab9c3cbd5f0a1e079360fa050b0f7d154a00ecfb
added_sql-4-2-contended,10_-3832981572635927287_true,392,12.790117999999998,392,b9aa0556b6ebbf56a3dc07649ba62fc021fcc1b4ab045cfb1ec487d7709924ad
added_sql-4-2-contended,10_-3860739276665616125_true,4,0.300448,4,a3ba3c2b1babefc6a0d87dee1697a42c514b779b41f724f94f2f7b03a3f2cc4f
added_sql-4-2-contended,10_-4044405742537025589_true,32,1.0586189999999998,0,9ac771e1d8b2ecc77c63ae37213074966f7a3917cea724e3d384926d06bbadae
added_sql-4-2-contended,10_-4202626520741838959_true,32,0.8756849999999999,0,35d6b5d0dab59bcf346cc54bebdd8dfd4cba73055c7c61ac466ba5d037ad08f0
added_sql-4-2-contended,10_-4809885398804894281_true,800,463.89544500000056,800,92ce1667148ac440c8788c3d3af00d2c3b9422ff8d9e0859d4748a74389b9996
added_sql-4-2-contended,10_-4819928050126555128_true,392,148.28034599999984,392,477d13bbca42f7fea2eee5fae48829f553932ea70abc08f3481950fc111f9933
added_sql-4-2-contended,10_-5198611253100323484_true,392,9.691423,392,7023ede274147bdf32196bb22065e88162316eb4895843571324ba855be65e93
added_sql-4-2-contended,10_-5239448546576074090_true,392,17.472162,2932,0be1f76876c6d9a758e837f5a84b512f0e4fd26933058437b47ca0b26edbe5e6
added_sql-4-2-contended,10_-5638955352960985681_true,32,0.30937299999999995,0,506ebcd04bd91cb7937fc70d0015974155147795a1c46f002c0bb0fb06ec708d
added_sql-4-2-contended,10_-6238842771805104800_true,392,13.338916999999986,392,49773b6f878393bd324582d4599c51543223cec6aa2311d43a8b7efad1a9c68f
added_sql-4-2-contended,10_-6339237704490227906_true,908,2.2237070000000005,908,2461f8bb8070d8f1e4e669943dfb1cc042ed3e05c56721efdd125ae68b55f78c
added_sql-4-2-contended,10_-6842937031447782956_true,800,731.9633440000007,800,00b521f1d47ad8f9260913ab55502fd00e830befb813e1cd4c76e5d5b4f28d71
added_sql-4-2-contended,10_-7159942097980501218_true,392,306.9973730000001,392,6ae7b188f5d5f6f8fb8fcba3b92b5a772061a6f4b373bde9ca538360aa483b33
added_sql-4-2-contended,10_-7477484057581112166_true,1940,77.65328700000008,1940,9627c3632787ab65dc8f8cd646685704337a625e64ba1c45ceeaa719fe208304
added_sql-4-2-contended,10_-7676915344437841334_true,16,0.013295999999999999,0,587fa628a9fe4642ac0e22825a97e81d388af674f7251a9fb699f96901dcb710
added_sql-4-2-contended,10_1033802039123175271_true,392,14986.165242000003,392,e819be7fb057a82b354deac1ce64d7a14ca65977f53ef48880ce60e7c39d25d1
added_sql-4-2-contended,10_1407442300845343054_true,32,0.514877,0,11b39d76b8a64074fa231a30611cd671f641db90c85fff205bd04701a9e700fb
added_sql-4-2-contended,10_1516204262266125831_true,900,27.983343999999985,900,e169d97b39de2de9e691007670fd3af5dbde5d70d56d831386a92f310ca3ea15
added_sql-4-2-contended,10_1731465853063539113_true,516,87.65776399999999,516,5be3a8d53aceda658f2dae7a68e2fe254eaaadbdd41d490face8824895d710b4
added_sql-4-2-contended,10_1767282781953035540_true,896,68.71292600000004,5504,0f293e8ff0f0e1890d430270763675b49f06f33b864106eeefe2ab77c810e8c8
added_sql-4-2-contended,10_1779149457895871573_true,8,0.915331,48,54e5d7d708a74c6fd6544d783f0a2a1e30b8b6a5227d6da2495a76df03d8d2a8
added_sql-4-2-contended,10_2096569030600054063_true,516,17.388136000000014,516,c9e8e165a338ac836ded5aa8f5e86a0385b9bfe21d62581fb04832d3db7a1436
added_sql-4-2-contended,10_2267975671437662225_true,516,152.38127999999995,516,7c1209b5f81463c042e65511d9fc2660c84845d54e555b315f3e021244da0e43
added_sql-4-2-contended,10_272815608956864943_true,1192,39.47923000000003,1192,19fcbfeabe76d434f20ea5fae408ee9841da6e733f879379f7efbbdd715c56e2
added_sql-4-2-contended,10_3077585829638170063_true,516,363.41383400000024,516,687e79bbc1ec03b14f500126657c21c6a06eb4298839db2c813f29dda3833373
added_sql-4-2-contended,10_3175560230803026983_true,516,30.07569499999997,516,7e4a7862cfb3876ac23318104c891ea05802ddda717ec18dcd7b96526b130cb1
added_sql-4-2-contended,10_3491474400644981095_true,32,6.0764320000000005,0,0665206a738062fc40135852d5359182da357ccd026bd36dab1c81f5159ce3ca
added_sql-4-2-contended,10_4613823412944004157_true,32,0.5430929999999999,0,cc86dddcee9764940d1aa1beec3e930b230454e3f7ca3d8c2e234989567f824b
added_sql-4-2-contended,10_4656313577910830320_true,392,111.23260800000007,392,a594e138cb3d18f9604403cdd6e641756e815005e18689fc566d5d947409de4e
added_sql-4-2-contended,10_4854991825702068830_true,3564,2.5733320000000055,0,a8402858d4f1e1d27afee976520485ebb4b96a5387355b823f0d0b8079729032
added_sql-4-2-contended,10_5603963236059248545_true,32,0.6455599999999999,0,1a7c7421aae884c9ad6dea6b7c7717e6cc103595ddcdbdfb235b5c8dee785c5c
added_sql-4-2-contended,10_6097083398544187049_true,7,0.007083,0,79663c1d3b43ceaf9ee728e501c64b57ae2e4d6cb36ff5c65eddcda1de27342f
added_sql-4-2-contended,10_614676945849492516_true,32,50.90056900000001,0,62b398df9124d865936994039a924eb7b70f9c5572e7030bf0c2a251bcea333a
added_sql-4-2-contended,10_6617438240737550109_true,5,0.345241,15,e3f26b4e29b4a7250e7771ea0f1047eb5bbde6b9e4ae3570b6725623a388fa6c
added_sql-4-2-contended,10_8004310239819770328_true,392,9.579091000000005,392,9bfad657bb875e10805ca81a661d09001022e8a32b91c57d1d8a4bd9cd0a53c9
added_sql-4-2-contended,10_8085437714887874422_true,900,545.3111460000002,896,1a5346cdb428ad7e820bb07aee152260cab9a3ebbf0f2b06567f88f9a6f02341
added_sql-4-2-contended,10_831126298545652160_true,16,2.9590829999999992,112,7216db1b4f01955b020adfdaf0d1537d45f7e7ada3bcb50563d14cf0134deccf
added_sql-4-2-contended,10_9091044686983837465_true,772,62.06105100000003,772,84dfa94eec8a34624f7259661a2e4558d8950e4987d2799e4d4d959131dc4ff6
added_sql-4-2-mixed,10_-1052881757650665872_true,390,107.74166700000006,390,fd5eb69aa72a67eaa6834c3b8a7cd13d1ce88f4afb01f6ba3a2afff48fa5e00a
added_sql-4-2-mixed,10_-1402584087708913972_true,2526,86.32411199999989,2523,352fbeb1379fc328ef8b1508b0dce3809dedf7bcc37380bf175c27ba5d47aaaf
added_sql-4-2-mixed,10_-2009659903980438264_true,31,2.1688060000000005,31,af0f73f4c1b00b9ef923a36431f245937f4a1746f3a94effdeddc55b59c97663
added_sql-4-2-mixed,10_-2855378371138922046_true,1659,50.395239000000046,1659,1e355565d2f9d2d725a6c113ab9c3cbd5f0a1e079360fa050b0f7d154a00ecfb
added_sql-4-2-mixed,10_-3832981572635927287_true,390,12.739362999999997,390,b9aa0556b6ebbf56a3dc07649ba62fc021fcc1b4ab045cfb1ec487d7709924ad
added_sql-4-2-mixed,10_-3860739276665616125_true,3,0.23330099999999998,3,a3ba3c2b1babefc6a0d87dee1697a42c514b779b41f724f94f2f7b03a3f2cc4f
added_sql-4-2-mixed,10_-4044405742537025589_true,32,1.0586189999999998,0,9ac771e1d8b2ecc77c63ae37213074966f7a3917cea724e3d384926d06bbadae
added_sql-4-2-mixed,10_-4202626520741838959_true,32,0.8756849999999999,0,35d6b5d0dab59bcf346cc54bebdd8dfd4cba73055c7c61ac466ba5d037ad08f0
added_sql-4-2-mixed,10_-4809885398804894281_true,792,460.63011100000057,792,92ce1667148ac440c8788c3d3af00d2c3b9422ff8d9e0859d4748a74389b9996
added_sql-4-2-mixed,10_-4819928050126555128_true,390,147.80631999999983,390,477d13bbca42f7fea2eee5fae48829f553932ea70abc08f3481950fc111f9933
added_sql-4-2-mixed,10_-5198611253100323484_true,390,9.657910000000001,390,7023ede274147bdf32196bb22065e88162316eb4895843571324ba855be65e93
added_sql-4-2-mixed,10_-5239448546576074090_true,390,17.396150000000002,2916,0be1f76876c6d9a758e837f5a84b512f0e4fd26933058437b47ca0b26edbe5e6
added_sql-4-2-mixed,10_-5638955352960985681_true,32,0.30937299999999995,0,506ebcd04bd91cb7937fc70d0015974155147795a1c46f002c0bb0fb06ec708d
added_sql-4-2-mixed,10_-6238842771805104800_true,390,13.284543999999986,390,49773b6f878393bd324582d4599c51543223cec6aa2311d43a8b7efad1a9c68f
added_sql-4-2-mixed,10_-6339237704490227906_true,873,2.1545580000000015,873,2461f8bb8070d8f1e4e669943dfb1cc042ed3e05c56721efdd125ae68b55f78c
added_sql-4-2-mixed,10_-6842937031447782956_true,792,726.6948960000007,792,00b521f1d47ad8f9260913ab55502fd00e830befb813e1cd4c76e5d5b4f28d71
added_sql-4-2-mixed,10_-7159942097980501218_true,390,306.0395920000001,390,6ae7b188f5d5f6f8fb8fcba3b92b5a772061a6f4b373bde9ca538360aa483b33
added_sql-4-2-mixed,10_-7477484057581112166_true,1839,74.26398400000005,1839,9627c3632787ab65dc8f8cd646685704337a625e64ba1c45ceeaa719fe208304
added_sql-4-2-mixed,10_-7676915344437841334_true,16,0.013295999999999999,0,587fa628a9fe4642ac0e22825a97e81d388af674f7251a9fb699f96901dcb710
added_sql-4-2-mixed,10_1033802039123175271_true,390,14986.091052000002,390,e819be7fb057a82b354deac1ce64d7a14ca65977f53ef48880ce60e7c39d25d1
added_sql-4-2-mixed,10_1407442300845343054_true,32,0.514877,0,11b39d76b8a64074fa231a30611cd671f641db90c85fff205bd04701a9e700fb
added_sql-4-2-mixed,10_1516204262266125831_true,867,27.14118799999999,867,e169d97b39de2de9e691007670fd3af5dbde5d70d56d831386a92f310ca3ea15
added_sql-4-2-mixed,10_1731465853063539113_true,483,81.972902,483,5be3a8d53aceda658f2dae7a68e2fe254eaaadbdd41d490face8824895d710b4
added_sql-4-2-mixed,10_1767282781953035540_true,864,67.69559300000002,5472,0f293e8ff0f0e1890d430270763675b49f06f33b864106eeefe2ab77c810e8c8
added_sql-4-2-mixed,10_1779149457895871573_true,8,0.915331,48,54e5d7d708a74c6fd6544d783f0a2a1e30b8b6a5227d6da2495a76df03d8d2a8
added_sql-4-2-mixed,10_2096569030600054063_true,483,16.061072000000006,483,c9e8e165a338ac836ded5aa8f5e86a0385b9bfe21d62581fb04832d3db7a1436
added_sql-4-2-mixed,10_2267975671437662225_true,483,142.596952,483,7c1209b5f81463c042e65511d9fc2660c84845d54e555b315f3e021244da0e43
added_sql-4-2-mixed,10_272815608956864943_true,1182,39.15700100000004,1182,19fcbfeabe76d434f20ea5fae408ee9841da6e733f879379f7efbbdd715c56e2
added_sql-4-2-mixed,10_3077585829638170063_true,483,344.8629720000002,483,687e79bbc1ec03b14f500126657c21c6a06eb4298839db2c813f29dda3833373
added_sql-4-2-mixed,10_3175560230803026983_true,483,29.573935999999986,483,7e4a7862cfb3876ac23318104c891ea05802ddda717ec18dcd7b96526b130cb1
added_sql-4-2-mixed,10_3491474400644981095_true,32,6.0764320000000005,0,0665206a738062fc40135852d5359182da357ccd026bd36dab1c81f5159ce3ca
added_sql-4-2-mixed,10_4613823412944004157_true,32,0.5430929999999999,0,cc86dddcee9764940d1aa1beec3e930b230454e3f7ca3d8c2e234989567f824b
added_sql-4-2-mixed,10_4656313577910830320_true,390,110.57808100000008,390,a594e138cb3d18f9604403cdd6e641756e815005e18689fc566d5d947409de4e
added_sql-4-2-mixed,10_4854991825702068830_true,3449,2.4957240000000027,0,a8402858d4f1e1d27afee976520485ebb4b96a5387355b823f0d0b8079729032
added_sql-4-2-mixed,10_5603963236059248545_true,32,0.6455599999999999,0,1a7c7421aae884c9ad6dea6b7c7717e6cc103595ddcdbdfb235b5c8dee785c5c
added_sql-4-2-mixed,10_6097083398544187049_true,7,0.007083,0,79663c1d3b43ceaf9ee728e501c64b57ae2e4d6cb36ff5c65eddcda1de27342f
added_sql-4-2-mixed,10_614676945849492516_true,32,50.90056900000001,0,62b398df9124d865936994039a924eb7b70f9c5572e7030bf0c2a251bcea333a
added_sql-4-2-mixed,10_6617438240737550109_true,5,0.345241,15,e3f26b4e29b4a7250e7771ea0f1047eb5bbde6b9e4ae3570b6725623a388fa6c
added_sql-4-2-mixed,10_8004310239819770328_true,390,9.547511000000005,390,9bfad657bb875e10805ca81a661d09001022e8a32b91c57d1d8a4bd9cd0a53c9
added_sql-4-2-mixed,10_8085437714887874422_true,867,340.82007000000004,864,1a5346cdb428ad7e820bb07aee152260cab9a3ebbf0f2b06567f88f9a6f02341
added_sql-4-2-mixed,10_831126298545652160_true,16,2.9590829999999992,112,7216db1b4f01955b020adfdaf0d1537d45f7e7ada3bcb50563d14cf0134deccf
added_sql-4-2-mixed,10_9091044686983837465_true,771,61.984886000000024,771,84dfa94eec8a34624f7259661a2e4558d8950e4987d2799e4d4d959131dc4ff6
fixed_sql-1--1-contended,10_-1052881757650665872_true,98,22.963823999999995,98,867cc4fcd609bf449b28b20bf5f1bf06a77592a6a1291aa7c014272c225656ee
fixed_sql-1--1-contended,10_-1402584087708913972_true,644,18.15607199999998,643,352fbeb1379fc328ef8b1508b0dce3809dedf7bcc37380bf175c27ba5d47aaaf
fixed_sql-1--1-contended,10_-2009659903980438264_true,14,0.6954639999999999,14,af0f73f4c1b00b9ef923a36431f245937f4a1746f3a94effdeddc55b59c97663
fixed_sql-1--1-contended,10_-2855378371138922046_true,419,11.039001000000017,419,1e355565d2f9d2d725a6c113ab9c3cbd5f0a1e079360fa050b0f7d154a00ecfb
fixed_sql-1--1-contended,10_-3832981572635927287_true,98,3.0044490000000006,98,b9aa0556b6ebbf56a3dc07649ba62fc021fcc1b4ab045cfb1ec487d7709924ad
fixed_sql-1--1-contended,10_-3860739276665616125_true,1,0.05812,1,a3ba3c2b1babefc6a0d87dee1697a42c514b779b41f724f94f2f7b03a3f2cc4f
fixed_sql-1--1-contended,10_-4044405742537025589_true,2,0.037972,0,9ac771e1d8b2ecc77c63ae37213074966f7a3917cea724e3d384926d06bbadae
fixed_sql-1--1-contended,10_-4202626520741838959_true,2,0.056697,0,12e05f0048b04c42d73fa08be525c579118e635c63ada3ed0e8812d8d1023dd1
fixed_sql-1--1-contended,10_-4809885398804894281_true,194,107.15933300000002,194,92ce1667148ac440c8788c3d3af00d2c3b9422ff8d9e0859d4748a74389b9996
fixed_sql-1--1-contended,10_-4819928050126555128_true,98,41.11111100000001,98,477d13bbca42f7fea2eee5fae48829f553932ea70abc08f3481950fc111f9933
fixed_sql-1--1-contended,10_-5198611253100323484_true,98,2.814668,98,7023ede274147bdf32196bb22065e88162316eb4895843571324ba855be65e93
fixed_sql-1--1-contended,10_-5239448546576074090_true,98,2.557858,314,0be1f76876c6d9a758e837f5a84b512f0e4fd26933058437b47ca0b26edbe5e6
fixed_sql-1--1-contended,10_-5638955352960985681_true,3,0.033163,0,506ebcd04bd91cb7937fc70d0015974155147795a1c46f002c0bb0fb06ec708d
fixed_sql-1--1-contended,10_-6238842771805104800_true,98,2.1999929999999996,98,49773b6f878393bd324582d4599c51543223cec6aa2311d43a8b7efad1a9c68f
fixed_sql-1--1-contended,10_-6339237704490227906_true,227,0.5076970000000002,227,2461f8bb8070d8f1e4e669943dfb1cc042ed3e05c56721efdd125ae68b55f78c
fixed_sql-1--1-contended,10_-6842937031447782956_true,194,166.21869900000002,194,00b521f1d47ad8f9260913ab55502fd00e830befb813e1cd4c76e5d5b4f28d71
fixed_sql-1--1-contended,10_-7159942097980501218_true,98,70.46181000000001,98,6ae7b188f5d5f6f8fb8fcba3b92b5a772061a6f4b373bde9ca538360aa483b33
fixed_sql-1--1-contended,10_-7477484057581112166_true,485,16.14066499999998,485,9a1e0e6f24ce13b1a718eb068b5eeec36a887843663ae03986838c4511dcbaf0
fixed_sql-1--1-contended,10_-7676915344437841334_true,8,0.005098999999999999,0,587fa628a9fe4642ac0e22825a97e81d388af674f7251a9fb699f96901dcb710
fixed_sql-1--1-contended,10_1033802039123175271_true,98,1669.2216799999994,98,e819be7fb057a82b354deac1ce64d7a14ca65977f53ef48880ce60e7c39d25d1
fixed_sql-1--1-contended,10_1407442300845343054_true,2,0.023014,0,4a59fed636fa6cc37f980842ae33a5c5925b30e7cd5c44df84428cd9aa9d0795
fixed_sql-1--1-contended,10_1516204262266125831_true,225,5.080756999999997,225,e169d97b39de2de9e691007670fd3af5dbde5d70d56d831386a92f310ca3ea15
fixed_sql-1--1-contended,10_1731465853063539113_true,129,20.598030999999995,129,4e427cf6dd8d66c02e6699d6933527a7e0bbb0fb654fc88dc5bd286187d70aed
fixed_sql-1--1-contended,10_1767282781953035540_true,224,9.859321999999995,512,0f293e8ff0f0e1890d430270763675b49f06f33b864106eeefe2ab77c810e8c8
fixed_sql-1--1-contended,10_1779149457895871573_true,2,0.197214,12,54e5d7d708a74c6fd6544d783f0a2a1e30b8b6a5227d6da2495a76df03d8d2a8
fixed_sql-1--1-contended,10_2096569030600054063_true,129,3.3592709999999983,129,c9e8e165a338ac836ded5aa8f5e86a0385b9bfe21d62581fb04832d3db7a1436
fixed_sql-1--1-contended,10_2267975671437662225_true,129,33.36350599999999,129,7c1209b5f81463c042e65511d9fc2660c84845d54e555b315f3e021244da0e43
fixed_sql-1--1-contended,10_272815608956864943_true,292,9.065566999999996,292,19fcbfeabe76d434f20ea5fae408ee9841da6e733f879379f7efbbdd715c56e2
fixed_sql-1--1-contended,10_3077585829638170063_true,129,88.43127700000002,129,687e79bbc1ec03b14f500126657c21c6a06eb4298839db2c813f29dda3833373
fixed_sql-1--1-contended,10_3175560230803026983_true,129,2.9493799999999983,129,67ffdd7cd84a12eee0652f833c15729a7a6cfb325a956f3c91f6c2c6596a63a1
fixed_sql-1--1-contended,10_3491474400644981095_true,2,0.148521,0,0665206a738062fc40135852d5359182da357ccd026bd36dab1c81f5159ce3ca
fixed_sql-1--1-contended,10_4613823412944004157_true,3,0.067959,0,900b904f3d660d5d3945ac37a395d40d74717d8a07c45f5e13597effde553956
fixed_sql-1--1-contended,10_4656313577910830320_true,98,28.64130399999999,98,a594e138cb3d18f9604403cdd6e641756e815005e18689fc566d5d947409de4e
fixed_sql-1--1-contended,10_4854991825702068830_true,873,0.659558,0,a8402858d4f1e1d27afee976520485ebb4b96a5387355b823f0d0b8079729032
fixed_sql-1--1-contended,10_5603963236059248545_true,2,0.037501999999999994,0,c4824c687a8bd39f8c08d9df08f6386571083d40c57fb9b145a1e4480b3f0962
fixed_sql-1--1-contended,10_6097083398544187049_true,6,0.008497000000000001,0,79663c1d3b43ceaf9ee728e501c64b57ae2e4d6cb36ff5c65eddcda1de27342f
fixed_sql-1--1-contended,10_614676945849492516_true,2,0.17995,0,62b398df9124d865936994039a924eb7b70f9c5572e7030bf0c2a251bcea333a
fixed_sql-1--1-contended,10_8004310239819770328_true,98,3.5149840000000006,98,9bfad657bb875e10805ca81a661d09001022e8a32b91c57d1d8a4bd9cd0a53c9
fixed_sql-1--1-contended,10_8085437714887874422_true,225,79.328241,224,1a5346cdb428ad7e820bb07aee152260cab9a3ebbf0f2b06567f88f9a6f02341
fixed_sql-1--1-contended,10_831126298545652160_true,10,0.9768270000000001,70,7216db1b4f01955b020adfdaf0d1537d45f7e7ada3bcb50563d14cf0134deccf
fixed_sql-1--1-contended,10_9091044686983837465_true,193,15.603881000000001,193,84dfa94eec8a34624f7259661a2e4558d8950e4987d2799e4d4d959131dc4ff6
fixed_sql-1--1-mixed,10_-1052881757650665872_true,96,22.535423999999995,96,867cc4fcd609bf449b28b20bf5f1bf06a77592a6a1291aa7c014272c225656ee
fixed_sql-1--1-mixed,10_-1402584087708913972_true,576,16.560574999999982,576,352fbeb1379fc328ef8b1508b0dce3809dedf7bcc37380bf175c27ba5d47aaaf
fixed_sql-1--1-mixed,10_-2009659903980438264_true,14,0.6954639999999999,14,af0f73f4c1b00b9ef923a36431f245937f4a1746f3a94effdeddc55b59c97663
fixed_sql-1--1-mixed,10_-2855378371138922046_true,384,10.09999600000001,384,1e355565d2f9d2d725a6c113ab9c3cbd5f0a1e079360fa050b0f7d154a00ecfb
fixed_sql-1--1-mixed,10_-3832981572635927287_true,96,2.967649,96,b9aa0556b6ebbf56a3dc07649ba62fc021fcc1b4ab045cfb1ec487d7709924ad
fixed_sql-1--1-mixed,10_-4044405742537025589_true,1,0.018295,0,9ac771e1d8b2ecc77c63ae37213074966f7a3917cea724e3d384926d06bbadae
fixed_sql-1--1-mixed,10_-4202626520741838959_true,1,0.040166,0,12e05f0048b04c42d73fa08be525c579118e635c63ada3ed0e8812d8d1023dd1
fixed_sql-1--1-mixed,10_-4809885398804894281_true,192,106.40254200000001,192,92ce1667148ac440c8788c3d3af00d2c3b9422ff8d9e0859d4748a74389b9996
fixed_sql-1--1-mixed,10_-4819928050126555128_true,96,40.699563000000005,96,477d13bbca42f7fea2eee5fae48829f553932ea70abc08f3481950fc111f9933
fixed_sql-1--1-mixed,10_-5198611253100323484_true,96,2.7934590000000004,96,7023ede274147bdf32196bb22065e88162316eb4895843571324ba855be65e93
fixed_sql-1--1-mixed,10_-5239448546576074090_true,96,2.503154,288,0be1f76876c6d9a758e837f5a84b512f0e4fd26933058437b47ca0b26edbe5e6
fixed_sql-1--1-mixed,10_-5638955352960985681_true,2,0.022583,0,506ebcd04bd91cb7937fc70d0015974155147795a1c46f002c0bb0fb06ec708d
fixed_sql-1--1-mixed,10_-6238842771805104800_true,96,2.1609,96,49773b6f878393bd324582d4599c51543223cec6aa2311d43a8b7efad1a9c68f
fixed_sql-1--1-mixed,10_-6339237704490227906_true,192,0.4458090000000001,192,2461f8bb8070d8f1e4e669943dfb1cc042ed3e05c56721efdd125ae68b55f78c
fixed_sql-1--1-mixed,10_-6842937031447782956_true,192,165.13852700000004,192,00b521f1d47ad8f9260913ab55502fd00e830befb813e1cd4c76e5d5b4f28d71
fixed_sql-1--1-mixed,10_-7159942097980501218_true,96,69.357352,96,6ae7b188f5d5f6f8fb8fcba3b92b5a772061a6f4b373bde9ca538360aa483b33
fixed_sql-1--1-mixed,10_-7477484057581112166_true,384,13.142320999999992,384,9a1e0e6f24ce13b1a718eb068b5eeec36a887843663ae03986838c4511dcbaf0
fixed_sql-1--1-mixed,10_1033802039123175271_true,96,1669.1822449999995,96,e819be7fb057a82b354deac1ce64d7a14ca65977f53ef48880ce60e7c39d25d1
fixed_sql-1--1-mixed,10_1407442300845343054_true,1,0.0155,0,4a59fed636fa6cc37f980842ae33a5c5925b30e7cd5c44df84428cd9aa9d0795
fixed_sql-1--1-mixed,10_1516204262266125831_true,192,4.390760999999995,192,e169d97b39de2de9e691007670fd3af5dbde5d70d56d831386a92f310ca3ea15
fixed_sql-1--1-mixed,10_1731465853063539113_true,96,15.958541000000006,96,4e427cf6dd8d66c02e6699d6933527a7e0bbb0fb654fc88dc5bd286187d70aed
fixed_sql-1--1-mixed,10_1767282781953035540_true,192,9.014572000000001,480,0f293e8ff0f0e1890d430270763675b49f06f33b864106eeefe2ab77c810e8c8
fixed_sql-1--1-mixed,10_1779149457895871573_true,2,0.197214,12,54e5d7d708a74c6fd6544d783f0a2a1e30b8b6a5227d6da2495a76df03d8d2a8
fixed_sql-1--1-mixed,10_2096569030600054063_true,96,2.364450999999999,96,c9e8e165a338ac836ded5aa8f5e86a0385b9bfe21d62581fb04832d3db7a1436
fixed_sql-1--1-mixed,10_2267975671437662225_true,96,25.612129999999993,96,7c1209b5f81463c042e65511d9fc2660c84845d54e555b315f3e021244da0e43
fixed_sql-1--1-mixed,10_272815608956864943_true,288,8.984862999999995,288,19fcbfeabe76d434f20ea5fae408ee9841da6e733f879379f7efbbdd715c56e2
fixed_sql-1--1-mixed,10_3077585829638170063_true,96,71.87126600000002,96,687e79bbc1ec03b14f500126657c21c6a06eb4298839db2c813f29dda3833373
fixed_sql-1--1-mixed,10_3175560230803026983_true,96,2.1888119999999995,96,67ffdd7cd84a12eee0652f833c15729a7a6cfb325a956f3c91f6c2c6596a63a1
fixed_sql-1--1-mixed,10_3491474400644981095_true,1,0.060634,0,0665206a738062fc40135852d5359182da357ccd026bd36dab1c81f5159ce3ca
fixed_sql-1--1-mixed,10_4613823412944004157_true,2,0.0526,0,900b904f3d660d5d3945ac37a395d40d74717d8a07c45f5e13597effde553956
fixed_sql-1--1-mixed,10_4656313577910830320_true,96,28.15175899999999,96,a594e138cb3d18f9604403cdd6e641756e815005e18689fc566d5d947409de4e
fixed_sql-1--1-mixed,10_4854991825702068830_true,769,0.5940659999999998,0,a8402858d4f1e1d27afee976520485ebb4b96a5387355b823f0d0b8079729032
fixed_sql-1--1-mixed,10_5603963236059248545_true,1,0.021581,0,c4824c687a8bd39f8c08d9df08f6386571083d40c57fb9b145a1e4480b3f0962
fixed_sql-1--1-mixed,10_6097083398544187049_true,6,0.008497000000000001,0,79663c1d3b43ceaf9ee728e501c64b57ae2e4d6cb36ff5c65eddcda1de27342f
fixed_sql-1--1-mixed,10_614676945849492516_true,1,0.09169300000000001,0,62b398df9124d865936994039a924eb7b70f9c5572e7030bf0c2a251bcea333a
fixed_sql-1--1-mixed,10_8004310239819770328_true,96,3.4790150000000004,96,9bfad657bb875e10805ca81a661d09001022e8a32b91c57d1d8a4bd9cd0a53c9
fixed_sql-1--1-mixed,10_8085437714887874422_true,192,8.020071999999997,192,1a5346cdb428ad7e820bb07aee152260cab9a3ebbf0f2b06567f88f9a6f02341
fixed_sql-1--1-mixed,10_831126298545652160_true,10,0.9768270000000001,70,7216db1b4f01955b020adfdaf0d1537d45f7e7ada3bcb50563d14cf0134deccf
fixed_sql-1--1-mixed,10_9091044686983837465_true,192,15.541363,192,84dfa94eec8a34624f7259661a2e4558d8950e4987d2799e4d4d959131dc4ff6
fixed_sql-1-0-contended,10_-1052881757650665872_true,196,42.33988599999999,196,867cc4fcd609bf449b28b20bf5f1bf06a77592a6a1291aa7c014272c225656ee
fixed_sql-1-0-contended,10_-1402584087708913972_true,1288,34.93506099999999,1286,352fbeb1379fc328ef8b1508b0dce3809dedf7bcc37380bf175c27ba5d47aaaf
fixed_sql-1-0-contended,10_-2009659903980438264_true,14,0.6954639999999999,14,af0f73f4c1b00b9ef923a36431f245937f4a1746f3a94effdeddc55b59c97663
fixed_sql-1-0-contended,10_-2855378371138922046_true,838,21.327963000000032,838,1e355565d2f9d2d725a6c113ab9c3cbd5f0a1e079360fa050b0f7d154a00ecfb
fixed_sql-1-0-contended,10_-3832981572635927287_true,196,5.897833000000002,196,b9aa0556b6ebbf56a3dc07649ba62fc021fcc1b4ab045cfb1ec487d7709924ad
fixed_sql-1-0-contended,10_-3860739276665616125_true,2,0.183467,2,a3ba3c2b1babefc6a0d87dee1697a42c514b779b41f724f94f2f7b03a3f2cc4f
fixed_sql-1-0-contended,10_-4044405742537025589_true,3,0.061256,0,9ac771e1d8b2ecc77c63ae37213074966f7a3917cea724e3d384926d06bbadae
fixed_sql-1-0-contended,10_-4202626520741838959_true,3,0.064552,0,12e05f0048b04c42d73fa08be525c579118e635c63ada3ed0e8812d8d1023dd1
fixed_sql-1-0-contended,10_-4809885398804894281_true,388,191.94178600000012,388,92ce1667148ac440c8788c3d3af00d2c3b9422ff8d9e0859d4748a74389b9996
fixed_sql-1-0-contended,10_-4819928050126555128_true,196,65.897277,196,477d13bbca42f7fea2eee5fae48829f553932ea70abc08f3481950fc111f9933
fixed_sql-1-0-contended,10_-5198611253100323484_true,196,5.453453000000001,196,7023ede274147bdf32196bb22065e88162316eb4895843571324ba855be65e93
fixed_sql-1-0-contended,10_-5239448546576074090_true,196,5.317529000000004,907,0be1f76876c6d9a758e837f5a84b512f0e4fd26933058437b47ca0b26edbe5e6
fixed_sql-1-0-contended,10_-5638955352960985681_true,4,0.041138,0,506ebcd04bd91cb7937fc70d0015974155147795a1c46f002c0bb0fb06ec708d
fixed_sql-1-0-contended,10_-6238842771805104800_true,196,4.219412999999997,196,49773b6f878393bd324582d4599c51543223cec6aa2311d43a8b7efad1a9c68f
fixed_sql-1-0-contended,10_-6339237704490227906_true,454,0.8829490000000006,454,2461f8bb8070d8f1e4e669943dfb1cc042ed3e05c56721efdd125ae68b55f78c
fixed_sql-1-0-contended,10_-6842937031447782956_true,388,300.7283010000002,388,00b521f1d47ad8f9260913ab55502fd00e830befb813e1cd4c76e5d5b4f28d71
fixed_sql-1-0-contended,10_-7159942097980501218_true,196,119.66880600000003,196,6ae7b188f5d5f6f8fb8fcba3b92b5a772061a6f4b373bde9ca538360aa483b33
fixed_sql-1-0-contended,10_-7477484057581112166_true,970,29.930459999999975,970,9a1e0e6f24ce13b1a718eb068b5eeec36a887843663ae03986838c4511dcbaf0
fixed_sql-1-0-contended,10_-7676915344437841334_true,8,0.005098999999999999,0,587fa628a9fe4642ac0e22825a97e81d388af674f7251a9fb699f96901dcb710
fixed_sql-1-0-contended,10_1033802039123175271_true,196,3253.0116979999984,196,e819be7fb057a82b354deac1ce64d7a14ca65977f53ef48880ce60e7c39d25d1
fixed_sql-1-0-contended,10_1407442300845343054_true,3,0.033223,0,4a59fed636fa6cc37f980842ae33a5c5925b30e7cd5c44df84428cd9aa9d0795
fixed_sql-1-0-contended,10_1516204262266125831_true,450,10.694348999999999,450,e169d97b39de2de9e691007670fd3af5dbde5d70d56d831386a92f310ca3ea15
fixed_sql-1-0-contended,10_1731465853063539113_true,258,38.42237900000001,258,4e427cf6dd8d66c02e6699d6933527a7e0bbb0fb654fc88dc5bd286187d70aed
fixed_sql-1-0-contended,10_1767282781953035540_true,448,21.257075000000004,1600,0f293e8ff0f0e1890d430270763675b49f06f33b864106eeefe2ab77c810e8c8
fixed_sql-1-0-contended,10_1779149457895871573_true,2,0.197214,12,54e5d7d708a74c6fd6544d783f0a2a1e30b8b6a5227d6da2495a76df03d8d2a8
fixed_sql-1-0-contended,10_2096569030600054063_true,258,6.566171999999998,258,c9e8e165a338ac836ded5aa8f5e86a0385b9bfe21d62581fb04832d3db7a1436
fixed_sql-1-0-contended,10_2267975671437662225_true,258,59.367245,258,7c1209b5f81463c042e65511d9fc2660c84845d54e555b315f3e021244da0e43
fixed_sql-1-0-contended,10_272815608956864943_true,584,17.492976999999996,584,19fcbfeabe76d434f20ea5fae408ee9841da6e733f879379f7efbbdd715c56e2
fixed_sql-1-0-contended,10_3077585829638170063_true,258,144.86436600000008,258,687e79bbc1ec03b14f500126657c21c6a06eb4298839db2c813f29dda3833373
fixed_sql-1-0-contended,10_3175560230803026983_true,258,5.122935999999997,258,67ffdd7cd84a12eee0652f833c15729a7a6cfb325a956f3c91f6c2c6596a63a1
fixed_sql-1-0-contended,10_3491474400644981095_true,3,0.258619,0,0665206a738062fc40135852d5359182da357ccd026bd36dab1c81f5159ce3ca
fixed_sql-1-0-contended,10_4613823412944004157_true,4,0.07973100000000001,0,900b904f3d660d5d3945ac37a395d40d74717d8a07c45f5e13597effde553956
fixed_sql-1-0-contended,10_4656313577910830320_true,196,48.96198399999999,196,a594e138cb3d18f9604403cdd6e641756e815005e18689fc566d5d947409de4e
fixed_sql-1-0-contended,10_4854991825702068830_true,1745,1.1741690000000011,0,a8402858d4f1e1d27afee976520485ebb4b96a5387355b823f0d0b8079729032
fixed_sql-1-0-contended,10_5603963236059248545_true,3,0.04464499999999999,0,c4824c687a8bd39f8c08d9df08f6386571083d40c57fb9b145a1e4480b3f0962
fixed_sql-1-0-contended,10_6097083398544187049_true,6,0.008497000000000001,0,79663c1d3b43ceaf9ee728e501c64b57ae2e4d6cb36ff5c65eddcda1de27342f
fixed_sql-1-0-contended,10_614676945849492516_true,3,0.330495,0,62b398df9124d865936994039a924eb7b70f9c5572e7030bf0c2a251bcea333a
fixed_sql-1-0-contended,10_6617438240737550109_true,1,0.047299,3,e3f26b4e29b4a7250e7771ea0f1047eb5bbde6b9e4ae3570b6725623a388fa6c
fixed_sql-1-0-contended,10_8004310239819770328_true,196,6.401809999999999,196,9bfad657bb875e10805ca81a661d09001022e8a32b91c57d1d8a4bd9cd0a53c9
fixed_sql-1-0-contended,10_8085437714887874422_true,450,125.75467599999999,448,1a5346cdb428ad7e820bb07aee152260cab9a3ebbf0f2b06567f88f9a6f02341
fixed_sql-1-0-contended,10_831126298545652160_true,10,0.9768270000000001,70,7216db1b4f01955b020adfdaf0d1537d45f7e7ada3bcb50563d14cf0134deccf
fixed_sql-1-0-contended,10_9091044686983837465_true,386,27.859709,386,84dfa94eec8a34624f7259661a2e4558d8950e4987d2799e4d4d959131dc4ff6
fixed_sql-1-0-mixed,10_-1052881757650665872_true,194,42.02873799999999,194,867cc4fcd609bf449b28b20bf5f1bf06a77592a6a1291aa7c014272c225656ee
fixed_sql-1-0-mixed,10_-1402584087708913972_true,1220,33.441754999999986,1219,352fbeb1379fc328ef8b1508b0dce3809dedf7bcc37380bf175c27ba5d47aaaf
fixed_sql-1-0-mixed,10_-2009659903980438264_true,14,0.6954639999999999,14,af0f73f4c1b00b9ef923a36431f245937f4a1746f3a94effdeddc55b59c97663
fixed_sql-1-0-mixed,10_-2855378371138922046_true,803,20.548067000000028,803,1e355565d2f9d2d725a6c113ab9c3cbd5f0a1e079360fa050b0f7d154a00ecfb
fixed_sql-1-0-mixed,10_-3832981572635927287_true,194,5.853831000000001,194,b9aa0556b6ebbf56a3dc07649ba62fc021fcc1b4ab045cfb1ec487d7709924ad
fixed_sql-1-0-mixed,10_-3860739276665616125_true,1,0.05812,1,a3ba3c2b1babefc6a0d87dee1697a42c514b779b41f724f94f2f7b03a3f2cc4f
fixed_sql-1-0-mixed,10_-4044405742537025589_true,3,0.061256,0,9ac771e1d8b2ecc77c63ae37213074966f7a3917cea724e3d384926d06bbadae
fixed_sql-1-0-mixed,10_-4202626520741838959_true,3,0.064552,0,12e05f0048b04c42d73fa08be525c579118e635c63ada3ed0e8812d8d1023dd1
fixed_sql-1-0-mixed,10_-4809885398804894281_true,386,191.46002500000012,386,92ce1667148ac440c8788c3d3af00d2c3b9422ff8d9e0859d4748a74389b9996
fixed_sql-1-0-mixed,10_-4819928050126555128_true,194,65.541925,194,477d13bbca42f7fea2eee5fae48829f553932ea70abc08f3481950fc111f9933
fixed_sql-1-0-mixed,10_-5198611253100323484_true,194,5.418688000000001,194,7023ede274147bdf32196bb22065e88162316eb4895843571324ba855be65e93
fixed_sql-1-0-mixed,10_-5239448546576074090_true,194,5.264167000000004,890,0be1f76876c6d9a758e837f5a84b512f0e4fd26933058437b47ca0b26edbe5e6
fixed_sql-1-0-mixed,10_-5638955352960985681_true,4,0.041138,0,506ebcd04bd91cb7937fc70d0015974155147795a1c46f002c0bb0fb06ec708d
fixed_sql-1-0-mixed,10_-6238842771805104800_true,194,4.193362999999997,194,49773b6f878393bd324582d4599c51543223cec6aa2311d43a8b7efad1a9c68f
fixed_sql-1-0-mixed,10_-6339237704490227906_true,419,0.8263630000000004,419,2461f8bb8070d8f1e4e669943dfb1cc042ed3e05c56721efdd125ae68b55f78c
fixed_sql-1-0-mixed,10_-6842937031447782956_true,386,299.8713900000002,386,00b521f1d47ad8f9260913ab55502fd00e830befb813e1cd4c76e5d5b4f28d71
fixed_sql-1-0-mixed,10_-7159942097980501218_true,194,118.87666900000004,194,6ae7b188f5d5f6f8fb8fcba3b92b5a772061a6f4b373bde9ca538360aa483b33
fixed_sql-1-0-mixed,10_-7477484057581112166_true,869,27.23097099999998,869,9a1e0e6f24ce13b1a718eb068b5eeec36a887843663ae03986838c4511dcbaf0
fixed_sql-1-0-mixed,10_-7676915344437841334_true,8,0.005098999999999999,0,587fa628a9fe4642ac0e22825a97e81d388af674f7251a9fb699f96901dcb710
fixed_sql-1-0-mixed,10_1033802039123175271_true,194,3252.9715019999985,194,e819be7fb057a82b354deac1ce64d7a14ca65977f53ef48880ce60e7c39d25d1
fixed_sql-1-0-mixed,10_1407442300845343054_true,3,0.033223,0,4a59fed636fa6cc37f980842ae33a5c5925b30e7cd5c44df84428cd9aa9d0795
fixed_sql-1-0-mixed,10_1516204262266125831_true,417,10.030131999999998,417,e169d97b39de2de9e691007670fd3af5dbde5d70d56d831386a92f310ca3ea15
fixed_sql-1-0-mixed,10_1731465853063539113_true,225,33.928419,225,4e427cf6dd8d66c02e6699d6933527a7e0bbb0fb654fc88dc5bd286187d70aed
fixed_sql-1-0-mixed,10_1767282781953035540_true,416,20.377283000000006,1568,0f293e8ff0f0e1890d430270763675b49f06f33b864106eeefe2ab77c810e8c8
fixed_sql-1-0-mixed,10_1779149457895871573_true,2,0.197214,12,54e5d7d708a74c6fd6544d783f0a2a1e30b8b6a5227d6da2495a76df03d8d2a8
fixed_sql-1-0-mixed,10_2096569030600054063_true,225,5.696292999999997,225,c9e8e165a338ac836ded5aa8f5e86a0385b9bfe21d62581fb04832d3db7a1436
fixed_sql-1-0-mixed,10_2267975671437662225_true,225,53.10812499999998,225,7c1209b5f81463c042e65511d9fc2660c84845d54e555b315f3e021244da0e43
fixed_sql-1-0-mixed,10_272815608956864943_true,580,17.449125,580,19fcbfeabe76d434f20ea5fae408ee9841da6e733f879379f7efbbdd715c56e2
fixed_sql-1-0-mixed,10_3077585829638170063_true,225,131.219975,225,687e79bbc1ec03b14f500126657c21c6a06eb4298839db2c813f29dda3833373
fixed_sql-1-0-mixed,10_3175560230803026983_true,225,4.3528129999999985,225,67ffdd7cd84a12eee0652f833c15729a7a6cfb325a956f3c91f6c2c6596a63a1
fixed_sql-1-0-mixed,10_3491474400644981095_true,3,0.258619,0,0665206a738062fc40135852d5359182da357ccd026bd36dab1c81f5159ce3ca
fixed_sql-1-0-mixed,10_4613823412944004157_true,4,0.07973100000000001,0,900b904f3d660d5d3945ac37a395d40d74717d8a07c45f5e13597effde553956
fixed_sql-1-0-mixed,10_4656313577910830320_true,194,48.51723299999998,194,a594e138cb3d18f9604403cdd6e641756e815005e18689fc566d5d947409de4e
fixed_sql-1-0-mixed,10_4854991825702068830_true,1642,1.1193780000000009,0,a8402858d4f1e1d27afee976520485ebb4b96a5387355b823f0d0b8079729032
fixed_sql-1-0-mixed,10_5603963236059248545_true,3,0.04464499999999999,0,c4824c687a8bd39f8c08d9df08f6386571083d40c57fb9b145a1e4480b3f0962
fixed_sql-1-0-mixed,10_6097083398544187049_true,6,0.008497000000000001,0,79663c1d3b43ceaf9ee728e501c64b57ae2e4d6cb36ff5c65eddcda1de27342f
fixed_sql-1-0-mixed,10_614676945849492516_true,3,0.330495,0,62b398df9124d865936994039a924eb7b70f9c5572e7030bf0c2a251bcea333a
fixed_sql-1-0-mixed,10_6617438240737550109_true,1,0.047299,3,e3f26b4e29b4a7250e7771ea0f1047eb5bbde6b9e4ae3570b6725623a388fa6c
fixed_sql-1-0-mixed,10_8004310239819770328_true,194,6.366654,194,9bfad657bb875e10805ca81a661d09001022e8a32b91c57d1d8a4bd9cd0a53c9
fixed_sql-1-0-mixed,10_8085437714887874422_true,417,86.64153000000002,416,1a5346cdb428ad7e820bb07aee152260cab9a3ebbf0f2b06567f88f9a6f02341
fixed_sql-1-0-mixed,10_831126298545652160_true,10,0.9768270000000001,70,7216db1b4f01955b020adfdaf0d1537d45f7e7ada3bcb50563d14cf0134deccf
fixed_sql-1-0-mixed,10_9091044686983837465_true,385,27.793364,385,84dfa94eec8a34624f7259661a2e4558d8950e4987d2799e4d4d959131dc4ff6
fixed_sql-1-1-contended,10_-1052881757650665872_true,294,63.012122999999995,294,867cc4fcd609bf449b28b20bf5f1bf06a77592a6a1291aa7c014272c225656ee
fixed_sql-1-1-contended,10_-1402584087708913972_true,1932,50.722286000000025,1929,352fbeb1379fc328ef8b1508b0dce3809dedf7bcc37380bf175c27ba5d47aaaf
fixed_sql-1-1-contended,10_-2009659903980438264_true,15,0.7351689999999999,15,af0f73f4c1b00b9ef923a36431f245937f4a1746f3a94effdeddc55b59c97663
fixed_sql-1-1-contended,10_-2855378371138922046_true,1257,32.18352600000002,1257,1e355565d2f9d2d725a6c113ab9c3cbd5f0a1e079360fa050b0f7d154a00ecfb
fixed_sql-1-1-contended,10_-3832981572635927287_true,294,8.829277000000003,294,b9aa0556b6ebbf56a3dc07649ba62fc021fcc1b4ab045cfb1ec487d7709924ad
fixed_sql-1-1-contended,10_-3860739276665616125_true,3,0.25804699999999997,3,a3ba3c2b1babefc6a0d87dee1697a42c514b779b41f724f94f2f7b03a3f2cc4f
fixed_sql-1-1-contended,10_-4044405742537025589_true,5,0.116279,0,9ac771e1d8b2ecc77c63ae37213074966f7a3917cea724e3d384926d06bbadae
fixed_sql-1-1-contended,10_-4202626520741838959_true,5,0.114606,0,12e05f0048b04c42d73fa08be525c579118e635c63ada3ed0e8812d8d1023dd1
fixed_sql-1-1-contended,10_-4809885398804894281_true,582,278.91659499999986,582,92ce1667148ac440c8788c3d3af00d2c3b9422ff8d9e0859d4748a74389b9996
fixed_sql-1-1-contended,10_-4819928050126555128_true,294,90.318386,294,477d13bbca42f7fea2eee5fae48829f553932ea70abc08f3481950fc111f9933
fixed_sql-1-1-contended,10_-5198611253100323484_true,294,8.197615999999998,294,7023ede274147bdf32196bb22065e88162316eb4895843571324ba855be65e93
fixed_sql-1-1-contended,10_-5239448546576074090_true,294,8.199704000000006,1784,0be1f76876c6d9a758e837f5a84b512f0e4fd26933058437b47ca0b26edbe5e6
fixed_sql-1-1-contended,10_-5638955352960985681_true,6,0.087035,0,506ebcd04bd91cb7937fc70d0015974155147795a1c46f002c0bb0fb06ec708d
fixed_sql-1-1-contended,10_-6238842771805104800_true,294,6.3760449999999915,294,49773b6f878393bd324582d4599c51543223cec6aa2311d43a8b7efad1a9c68f
fixed_sql-1-1-contended,10_-6339237704490227906_true,681,1.2576070000000006,681,2461f8bb8070d8f1e4e669943dfb1cc042ed3e05c56721efdd125ae68b55f78c
fixed_sql-1-1-contended,10_-6842937031447782956_true,582,435.74647599999986,582,00b521f1d47ad8f9260913ab55502fd00e830befb813e1cd4c76e5d5b4f28d71
fixed_sql-1-1-contended,10_-7159942097980501218_true,294,168.46066899999997,294,6ae7b188f5d5f6f8fb8fcba3b92b5a772061a6f4b373bde9ca538360aa483b33
fixed_sql-1-1-contended,10_-7477484057581112166_true,1455,44.16696899999998,1455,9a1e0e6f24ce13b1a718eb068b5eeec36a887843663ae03986838c4511dcbaf0
fixed_sql-1-1-contended,10_-7676915344437841334_true,8,0.005098999999999999,0,587fa628a9fe4642ac0e22825a97e81d388af674f7251a9fb699f96901dcb710
fixed_sql-1-1-contended,10_1033802039123175271_true,294,4202.220847999999,294,e819be7fb057a82b354deac1ce64d7a14ca65977f53ef48880ce60e7c39d25d1
fixed_sql-1-1-contended,10_1407442300845343054_true,5,0.061286,0,4a59fed636fa6cc37f980842ae33a5c5925b30e7cd5c44df84428cd9aa9d0795
fixed_sql-1-1-contended,10_1516204262266125831_true,675,15.816314000000013,675,e169d97b39de2de9e691007670fd3af5dbde5d70d56d831386a92f310ca3ea15
fixed_sql-1-1-contended,10_1731465853063539113_true,387,55.463999000000015,387,4e427cf6dd8d66c02e6699d6933527a7e0bbb0fb654fc88dc5bd286187d70aed
fixed_sql-1-1-contended,10_1767282781953035540_true,672,36.153929000000026,3264,0f293e8ff0f0e1890d430270763675b49f06f33b864106eeefe2ab77c810e8c8
fixed_sql-1-1-contended,10_1779149457895871573_true,2,0.197214,12,54e5d7d708a74c6fd6544d783f0a2a1e30b8b6a5227d6da2495a76df03d8d2a8
fixed_sql-1-1-contended,10_2096569030600054063_true,387,9.945916999999989,387,c9e8e165a338ac836ded5aa8f5e86a0385b9bfe21d62581fb04832d3db7a1436
fixed_sql-1-1-contended,10_2267975671437662225_true,387,87.178408,387,7c1209b5f81463c042e65511d9fc2660c84845d54e555b315f3e021244da0e43
fixed_sql-1-1-contended,10_272815608956864943_true,876,25.330429999999996,876,19fcbfeabe76d434f20ea5fae408ee9841da6e733f879379f7efbbdd715c56e2
fixed_sql-1-1-contended,10_3077585829638170063_true,387,204.59094900000008,387,687e79bbc1ec03b14f500126657c21c6a06eb4298839db2c813f29dda3833373
fixed_sql-1-1-contended,10_3175560230803026983_true,387,7.256288999999991,387,67ffdd7cd84a12eee0652f833c15729a7a6cfb325a956f3c91f6c2c6596a63a1
fixed_sql-1-1-contended,10_3491474400644981095_true,5,0.470268,0,0665206a738062fc40135852d5359182da357ccd026bd36dab1c81f5159ce3ca
fixed_sql-1-1-contended,10_4613823412944004157_true,6,0.11908600000000001,0,900b904f3d660d5d3945ac37a395d40d74717d8a07c45f5e13597effde553956
fixed_sql-1-1-contended,10_4656313577910830320_true,294,67.635369,294,a594e138cb3d18f9604403cdd6e641756e815005e18689fc566d5d947409de4e
fixed_sql-1-1-contended,10_4854991825702068830_true,2618,1.6974159999999996,0,a8402858d4f1e1d27afee976520485ebb4b96a5387355b823f0d0b8079729032
fixed_sql-1-1-contended,10_5603963236059248545_true,5,0.076094,0,c4824c687a8bd39f8c08d9df08f6386571083d40c57fb9b145a1e4480b3f0962
fixed_sql-1-1-contended,10_6097083398544187049_true,6,0.008497000000000001,0,79663c1d3b43ceaf9ee728e501c64b57ae2e4d6cb36ff5c65eddcda1de27342f
fixed_sql-1-1-contended,10_614676945849492516_true,5,0.744186,0,62b398df9124d865936994039a924eb7b70f9c5572e7030bf0c2a251bcea333a
fixed_sql-1-1-contended,10_6617438240737550109_true,1,0.047299,3,e3f26b4e29b4a7250e7771ea0f1047eb5bbde6b9e4ae3570b6725623a388fa6c
fixed_sql-1-1-contended,10_8004310239819770328_true,294,9.250070000000001,294,9bfad657bb875e10805ca81a661d09001022e8a32b91c57d1d8a4bd9cd0a53c9
fixed_sql-1-1-contended,10_8085437714887874422_true,675,168.876413,672,1a5346cdb428ad7e820bb07aee152260cab9a3ebbf0f2b06567f88f9a6f02341
fixed_sql-1-1-contended,10_831126298545652160_true,10,0.9768270000000001,70,7216db1b4f01955b020adfdaf0d1537d45f7e7ada3bcb50563d14cf0134deccf
fixed_sql-1-1-contended,10_9091044686983837465_true,579,40.77556899999997,579,84dfa94eec8a34624f7259661a2e4558d8950e4987d2799e4d4d959131dc4ff6
fixed_sql-1-1-mixed,10_-1052881757650665872_true,292,62.59379199999999,292,867cc4fcd609bf449b28b20bf5f1bf06a77592a6a1291aa7c014272c225656ee
fixed_sql-1-1-mixed,10_-1402584087708913972_true,1864,48.93961600000003,1862,352fbeb1379fc328ef8b1508b0dce3809dedf7bcc37380bf175c27ba5d47aaaf
fixed_sql-1-1-mixed,10_-2009659903980438264_true,15,0.7351689999999999,15,af0f73f4c1b00b9ef923a36431f245937f4a1746f3a94effdeddc55b59c97663
fixed_sql-1-1-mixed,10_-2855378371138922046_true,1222,31.384605000000022,1222,1e355565d2f9d2d725a6c113ab9c3cbd5f0a1e079360fa050b0f7d154a00ecfb
fixed_sql-1-1-mixed,10_-3832981572635927287_true,292,8.780865000000002,292,b9aa0556b6ebbf56a3dc07649ba62fc021fcc1b4ab045cfb1ec487d7709924ad
fixed_sql-1-1-mixed,10_-3860739276665616125_true,2,0.183467,2,a3ba3c2b1babefc6a0d87dee1697a42c514b779b41f724f94f2f7b03a3f2cc4f
fixed_sql-1-1-mixed,10_-4044405742537025589_true,5,0.116279,0,9ac771e1d8b2ecc77c63ae37213074966f7a3917cea724e3d384926d06bbadae
fixed_sql-1-1-mixed,10_-4202626520741838959_true,5,0.114606,0,12e05f0048b04c42d73fa08be525c579118e635c63ada3ed0e8812d8d1023dd1
fixed_sql-1-1-mixed,10_-4809885398804894281_true,580,278.1238349999999,580,92ce1667148ac440c8788c3d3af00d2c3b9422ff8d9e0859d4748a74389b9996
fixed_sql-1-1-mixed,10_-4819928050126555128_true,292,89.67308500000001,292,477d13bbca42f7fea2eee5fae48829f553932ea70abc08f3481950fc111f9933
fixed_sql-1-1-mixed,10_-5198611253100323484_true,292,8.171416999999998,292,7023ede274147bdf32196bb22065e88162316eb4895843571324ba855be65e93
fixed_sql-1-1-mixed,10_-5239448546576074090_true,292,8.157444000000007,1771,0be1f76876c6d9a758e837f5a84b512f0e4fd26933058437b47ca0b26edbe5e6
fixed_sql-1-1-mixed,10_-5638955352960985681_true,5,0.050125,0,506ebcd04bd91cb7937fc70d0015974155147795a1c46f002c0bb0fb06ec708d
fixed_sql-1-1-mixed,10_-6238842771805104800_true,292,6.334485999999991,292,49773b6f878393bd324582d4599c51543223cec6aa2311d43a8b7efad1a9c68f
fixed_sql-1-1-mixed,10_-6339237704490227906_true,646,1.2057930000000006,646,2461f8bb8070d8f1e4e669943dfb1cc042ed3e05c56721efdd125ae68b55f78c
fixed_sql-1-1-mixed,10_-6842937031447782956_true,580,434.59373599999986,580,00b521f1d47ad8f9260913ab55502fd00e830befb813e1cd4c76e5d5b4f28d71
fixed_sql-1-1-mixed,10_-7159942097980501218_true,292,167.198784,292,6ae7b188f5d5f6f8fb8fcba3b92b5a772061a6f4b373bde9ca538360aa483b33
fixed_sql-1-1-mixed,10_-7477484057581112166_true,1354,41.31057699999998,1354,9a1e0e6f24ce13b1a718eb068b5eeec36a887843663ae03986838c4511dcbaf0
fixed_sql-1-1-mixed,10_-7676915344437841334_true,8,0.005098999999999999,0,587fa628a9fe4642ac0e22825a97e81d388af674f7251a9fb699f96901dcb710
fixed_sql-1-1-mixed,10_1033802039123175271_true,292,4202.172636999999,292,e819be7fb057a82b354deac1ce64d7a14ca65977f53ef48880ce60e7c39d25d1
fixed_sql-1-1-mixed,10_1407442300845343054_true,5,0.061286,0,4a59fed636fa6cc37f980842ae33a5c5925b30e7cd5c44df84428cd9aa9d0795
fixed_sql-1-1-mixed,10_1516204262266125831_true,642,15.16474500000001,642,e169d97b39de2de9e691007670fd3af5dbde5d70d56d831386a92f310ca3ea15
fixed_sql-1-1-mixed,10_1731465853063539113_true,354,51.11117600000002,354,4e427cf6dd8d66c02e6699d6933527a7e0bbb0fb654fc88dc5bd286187d70aed
fixed_sql-1-1-mixed,10_1767282781953035540_true,640,35.400270000000006,3232,0f293e8ff0f0e1890d430270763675b49f06f33b864106eeefe2ab77c810e8c8
fixed_sql-1-1-mixed,10_1779149457895871573_true,2,0.197214,12,54e5d7d708a74c6fd6544d783f0a2a1e30b8b6a5227d6da2495a76df03d8d2a8
fixed_sql-1-1-mixed,10_2096569030600054063_true,354,9.093244999999994,354,c9e8e165a338ac836ded5aa8f5e86a0385b9bfe21d62581fb04832d3db7a1436
fixed_sql-1-1-mixed,10_2267975671437662225_true,354,79.94812099999994,354,7c1209b5f81463c042e65511d9fc2660c84845d54e555b315f3e021244da0e43
fixed_sql-1-1-mixed,10_272815608956864943_true,872,25.272319999999993,872,19fcbfeabe76d434f20ea5fae408ee9841da6e733f879379f7efbbdd715c56e2
fixed_sql-1-1-mixed,10_3077585829638170063_true,354,190.17810100000005,354,687e79bbc1ec03b14f500126657c21c6a06eb4298839db2c813f29dda3833373
fixed_sql-1-1-mixed,10_3175560230803026983_true,354,6.645614999999994,354,67ffdd7cd84a12eee0652f833c15729a7a6cfb325a956f3c91f6c2c6596a63a1
fixed_sql-1-1-mixed,10_3491474400644981095_true,5,0.470268,0,0665206a738062fc40135852d5359182da357ccd026bd36dab1c81f5159ce3ca
fixed_sql-1-1-mixed,10_4613823412944004157_true,5,0.09710400000000001,0,900b904f3d660d5d3945ac37a395d40d74717d8a07c45f5e13597effde553956
fixed_sql-1-1-mixed,10_4656313577910830320_true,292,67.307048,292,a594e138cb3d18f9604403cdd6e641756e815005e18689fc566d5d947409de4e
fixed_sql-1-1-mixed,10_4854991825702068830_true,2515,1.634476,0,a8402858d4f1e1d27afee976520485ebb4b96a5387355b823f0d0b8079729032
fixed_sql-1-1-mixed,10_5603963236059248545_true,5,0.076094,0,c4824c687a8bd39f8c08d9df08f6386571083d40c57fb9b145a1e4480b3f0962
fixed_sql-1-1-mixed,10_6097083398544187049_true,6,0.008497000000000001,0,79663c1d3b43ceaf9ee728e501c64b57ae2e4d6cb36ff5c65eddcda1de27342f
fixed_sql-1-1-mixed,10_614676945849492516_true,5,0.744186,0,62b398df9124d865936994039a924eb7b70f9c5572e7030bf0c2a251bcea333a
fixed_sql-1-1-mixed,10_6617438240737550109_true,1,0.047299,3,e3f26b4e29b4a7250e7771ea0f1047eb5bbde6b9e4ae3570b6725623a388fa6c
fixed_sql-1-1-mixed,10_8004310239819770328_true,292,9.215113,292,9bfad657bb875e10805ca81a661d09001022e8a32b91c57d1d8a4bd9cd0a53c9
fixed_sql-1-1-mixed,10_8085437714887874422_true,642,133.73298100000008,640,1a5346cdb428ad7e820bb07aee152260cab9a3ebbf0f2b06567f88f9a6f02341
fixed_sql-1-1-mixed,10_831126298545652160_true,10,0.9768270000000001,70,7216db1b4f01955b020adfdaf0d1537d45f7e7ada3bcb50563d14cf0134deccf
fixed_sql-1-1-mixed,10_9091044686983837465_true,578,40.72072599999997,578,84dfa94eec8a34624f7259661a2e4558d8950e4987d2799e4d4d959131dc4ff6
fixed_sql-1-2-contended,10_-1052881757650665872_true,392,82.45728399999999,392,867cc4fcd609bf449b28b20bf5f1bf06a77592a6a1291aa7c014272c225656ee
fixed_sql-1-2-contended,10_-1402584087708913972_true,2576,68.02004200000002,2572,352fbeb1379fc328ef8b1508b0dce3809dedf7bcc37380bf175c27ba5d47aaaf
fixed_sql-1-2-contended,10_-2009659903980438264_true,15,0.7351689999999999,15,af0f73f4c1b00b9ef923a36431f245937f4a1746f3a94effdeddc55b59c97663
fixed_sql-1-2-contended,10_-2855378371138922046_true,1676,42.174877,1676,1e355565d2f9d2d725a6c113ab9c3cbd5f0a1e079360fa050b0f7d154a00ecfb
fixed_sql-1-2-contended,10_-3832981572635927287_true,392,11.609221999999997,392,b9aa0556b6ebbf56a3dc07649ba62fc021fcc1b4ab045cfb1ec487d7709924ad
fixed_sql-1-2-contended,10_-3860739276665616125_true,4,0.32019499999999995,4,a3ba3c2b1babefc6a0d87dee1697a42c514b779b41f724f94f2f7b03a3f2cc4f
fixed_sql-1-2-contended,10_-4044405742537025589_true,6,0.145926,0,9ac771e1d8b2ecc77c63ae37213074966f7a3917cea724e3d384926d06bbadae
fixed_sql-1-2-contended,10_-4202626520741838959_true,6,0.128802,0,12e05f0048b04c42d73fa08be525c579118e635c63ada3ed0e8812d8d1023dd1
fixed_sql-1-2-contended,10_-4809885398804894281_true,776,362.41252099999997,776,92ce1667148ac440c8788c3d3af00d2c3b9422ff8d9e0859d4748a74389b9996
fixed_sql-1-2-contended,10_-4819928050126555128_true,392,116.97759,392,477d13bbca42f7fea2eee5fae48829f553932ea70abc08f3481950fc111f9933
fixed_sql-1-2-contended,10_-5198611253100323484_true,392,10.796234,392,7023ede274147bdf32196bb22065e88162316eb4895843571324ba855be65e93
fixed_sql-1-2-contended,10_-5239448546576074090_true,392,11.47565200000001,2944,0be1f76876c6d9a758e837f5a84b512f0e4fd26933058437b47ca0b26edbe5e6
fixed_sql-1-2-contended,10_-5638955352960985681_true,7,0.101703,0,506ebcd04bd91cb7937fc70d0015974155147795a1c46f002c0bb0fb06ec708d
fixed_sql-1-2-contended,10_-6238842771805104800_true,392,8.440943999999991,392,49773b6f878393bd324582d4599c51543223cec6aa2311d43a8b7efad1a9c68f
fixed_sql-1-2-contended,10_-6339237704490227906_true,908,1.6452740000000001,908,2461f8bb8070d8f1e4e669943dfb1cc042ed3e05c56721efdd125ae68b55f78c
fixed_sql-1-2-contended,10_-6842937031447782956_true,776,566.9413659999998,776,00b521f1d47ad8f9260913ab55502fd00e830befb813e1cd4c76e5d5b4f28d71
fixed_sql-1-2-contended,10_-7159942097980501218_true,392,221.27319200000002,392,6ae7b188f5d5f6f8fb8fcba3b92b5a772061a6f4b373bde9ca538360aa483b33
fixed_sql-1-2-contended,10_-7477484057581112166_true,1940,57.997256999999976,1940,9a1e0e6f24ce13b1a718eb068b5eeec36a887843663ae03986838c4511dcbaf0
fixed_sql-1-2-contended,10_-7676915344437841334_true,8,0.005098999999999999,0,587fa628a9fe4642ac0e22825a97e81d388af674f7251a9fb699f96901dcb710
fixed_sql-1-2-contended,10_1033802039123175271_true,392,5768.9547230000035,392,e819be7fb057a82b354deac1ce64d7a14ca65977f53ef48880ce60e7c39d25d1
fixed_sql-1-2-contended,10_1407442300845343054_true,6,0.069232,0,4a59fed636fa6cc37f980842ae33a5c5925b30e7cd5c44df84428cd9aa9d0795
fixed_sql-1-2-contended,10_1516204262266125831_true,900,20.63063500000001,900,e169d97b39de2de9e691007670fd3af5dbde5d70d56d831386a92f310ca3ea15
fixed_sql-1-2-contended,10_1731465853063539113_true,516,72.397496,516,4e427cf6dd8d66c02e6699d6933527a7e0bbb0fb654fc88dc5bd286187d70aed
fixed_sql-1-2-contended,10_1767282781953035540_true,896,63.88524900000003,5504,0f293e8ff0f0e1890d430270763675b49f06f33b864106eeefe2ab77c810e8c8
fixed_sql-1-2-contended,10_1779149457895871573_true,2,0.197214,12,54e5d7d708a74c6fd6544d783f0a2a1e30b8b6a5227d6da2495a76df03d8d2a8
fixed_sql-1-2-contended,10_2096569030600054063_true,516,13.57534299999999,516,c9e8e165a338ac836ded5aa8f5e86a0385b9bfe21d62581fb04832d3db7a1436
fixed_sql-1-2-contended,10_2267975671437662225_true,516,114.53777400000006,516,7c1209b5f81463c042e65511d9fc2660c84845d54e555b315f3e021244da0e43
fixed_sql-1-2-contended,10_272815608956864943_true,1168,32.54292399999998,1168,19fcbfeabe76d434f20ea5fae408ee9841da6e733f879379f7efbbdd715c56e2
fixed_sql-1-2-contended,10_3077585829638170063_true,516,261.0548840000001,516,687e79bbc1ec03b14f500126657c21c6a06eb4298839db2c813f29dda3833373
fixed_sql-1-2-contended,10_3175560230803026983_true,516,9.109640999999993,516,67ffdd7cd84a12eee0652f833c15729a7a6cfb325a956f3c91f6c2c6596a63a1
fixed_sql-1-2-contended,10_3491474400644981095_true,6,0.482451,0,0665206a738062fc40135852d5359182da357ccd026bd36dab1c81f5159ce3ca
fixed_sql-1-2-contended,10_4613823412944004157_true,7,0.13878400000000002,0,900b904f3d660d5d3945ac37a395d40d74717d8a07c45f5e13597effde553956
fixed_sql-1-2-contended,10_4656313577910830320_true,392,86.91747400000004,392,a594e138cb3d18f9604403cdd6e641756e815005e18689fc566d5d947409de4e
fixed_sql-1-2-contended,10_4854991825702068830_true,3490,2.237415999999999,0,a8402858d4f1e1d27afee976520485ebb4b96a5387355b823f0d0b8079729032
fixed_sql-1-2-contended,10_5603963236059248545_true,6,0.08803699999999999,0,c4824c687a8bd39f8c08d9df08f6386571083d40c57fb9b145a1e4480b3f0962
fixed_sql-1-2-contended,10_6097083398544187049_true,6,0.008497000000000001,0,79663c1d3b43ceaf9ee728e501c64b57ae2e4d6cb36ff5c65eddcda1de27342f
fixed_sql-1-2-contended,10_614676945849492516_true,6,0.955476,0,62b398df9124d865936994039a924eb7b70f9c5572e7030bf0c2a251bcea333a
fixed_sql-1-2-contended,10_6617438240737550109_true,2,0.102463,6,e3f26b4e29b4a7250e7771ea0f1047eb5bbde6b9e4ae3570b6725623a388fa6c
fixed_sql-1-2-contended,10_8004310239819770328_true,392,12.006800000000004,392,9bfad657bb875e10805ca81a661d09001022e8a32b91c57d1d8a4bd9cd0a53c9
fixed_sql-1-2-contended,10_8085437714887874422_true,900,214.53943399999977,896,1a5346cdb428ad7e820bb07aee152260cab9a3ebbf0f2b06567f88f9a6f02341
fixed_sql-1-2-contended,10_831126298545652160_true,10,0.9768270000000001,70,7216db1b4f01955b020adfdaf0d1537d45f7e7ada3bcb50563d14cf0134deccf
fixed_sql-1-2-contended,10_9091044686983837465_true,772,53.251668999999936,772,84dfa94eec8a34624f7259661a2e4558d8950e4987d2799e4d4d959131dc4ff6
fixed_sql-1-2-mixed,10_-1052881757650665872_true,390,82.02425399999998,390,867cc4fcd609bf449b28b20bf5f1bf06a77592a6a1291aa7c014272c225656ee
fixed_sql-1-2-mixed,10_-1402584087708913972_true,2508,66.559629,2505,352fbeb1379fc328ef8b1508b0dce3809dedf7bcc37380bf175c27ba5d47aaaf
fixed_sql-1-2-mixed,10_-2009659903980438264_true,15,0.7351689999999999,15,af0f73f4c1b00b9ef923a36431f245937f4a1746f3a94effdeddc55b59c97663
fixed_sql-1-2-mixed,10_-2855378371138922046_true,1641,41.362019000000004,1641,1e355565d2f9d2d725a6c113ab9c3cbd5f0a1e079360fa050b0f7d154a00ecfb
fixed_sql-1-2-mixed,10_-3832981572635927287_true,390,11.567041999999997,390,b9aa0556b6ebbf56a3dc07649ba62fc021fcc1b4ab045cfb1ec487d7709924ad
fixed_sql-1-2-mixed,10_-3860739276665616125_true,3,0.25804699999999997,3,a3ba3c2b1babefc6a0d87dee1697a42c514b779b41f724f94f2f7b03a3f2cc4f
fixed_sql-1-2-mixed,10_-4044405742537025589_true,6,0.145926,0,9ac771e1d8b2ecc77c63ae37213074966f7a3917cea724e3d384926d06bbadae
fixed_sql-1-2-mixed,10_-4202626520741838959_true,6,0.128802,0,12e05f0048b04c42d73fa08be525c579118e635c63ada3ed0e8812d8d1023dd1
fixed_sql-1-2-mixed,10_-4809885398804894281_true,774,361.80157599999995,774,92ce1667148ac440c8788c3d3af00d2c3b9422ff8d9e0859d4748a74389b9996
fixed_sql-1-2-mixed,10_-4819928050126555128_true,390,116.49632000000001,390,477d13bbca42f7fea2eee5fae48829f553932ea70abc08f3481950fc111f9933
fixed_sql-1-2-mixed,10_-5198611253100323484_true,390,10.759144,390,7023ede274147bdf32196bb22065e88162316eb4895843571324ba855be65e93
fixed_sql-1-2-mixed,10_-5239448546576074090_true,390,11.40722300000001,2936,0be1f76876c6d9a758e837f5a84b512f0e4fd26933058437b47ca0b26edbe5e6
fixed_sql-1-2-mixed,10_-5638955352960985681_true,7,0.101703,0,506ebcd04bd91cb7937fc70d0015974155147795a1c46f002c0bb0fb06ec708d
fixed_sql-1-2-mixed,10_-6238842771805104800_true,390,8.388695999999992,390,49773b6f878393bd324582d4599c51543223cec6aa2311d43a8b7efad1a9c68f
fixed_sql-1-2-mixed,10_-6339237704490227906_true,873,1.590573,873,2461f8bb8070d8f1e4e669943dfb1cc042ed3e05c56721efdd125ae68b55f78c
fixed_sql-1-2-mixed,10_-6842937031447782956_true,774,566.0451309999997,774,00b521f1d47ad8f9260913ab55502fd00e830befb813e1cd4c76e5d5b4f28d71
fixed_sql-1-2-mixed,10_-7159942097980501218_true,390,220.36153900000002,390,6ae7b188f5d5f6f8fb8fcba3b92b5a772061a6f4b373bde9ca538360aa483b33
fixed_sql-1-2-mixed,10_-7477484057581112166_true,1839,55.11931799999997,1839,9a1e0e6f24ce13b1a718eb068b5eeec36a887843663ae03986838c4511dcbaf0
fixed_sql-1-2-mixed,10_-7676915344437841334_true,8,0.005098999999999999,0,587fa628a9fe4642ac0e22825a97e81d388af674f7251a9fb699f96901dcb710
fixed_sql-1-2-mixed,10_1033802039123175271_true,390,5768.916882000003,390,e819be7fb057a82b354deac1ce64d7a14ca65977f53ef48880ce60e7c39d25d1
fixed_sql-1-2-mixed,10_1407442300845343054_true,6,0.069232,0,4a59fed636fa6cc37f980842ae33a5c5925b30e7cd5c44df84428cd9aa9d0795
fixed_sql-1-2-mixed,10_1516204262266125831_true,867,19.970697000000012,867,e169d97b39de2de9e691007670fd3af5dbde5d70d56d831386a92f310ca3ea15
fixed_sql-1-2-mixed,10_1731465853063539113_true,483,67.796767,483,4e427cf6dd8d66c02e6699d6933527a7e0bbb0fb654fc88dc5bd286187d70aed
fixed_sql-1-2-mixed,10_1767282781953035540_true,864,63.18638500000004,5472,0f293e8ff0f0e1890d430270763675b49f06f33b864106eeefe2ab77c810e8c8
fixed_sql-1-2-mixed,10_1779149457895871573_true,2,0.197214,12,54e5d7d708a74c6fd6544d783f0a2a1e30b8b6a5227d6da2495a76df03d8d2a8
fixed_sql-1-2-mixed,10_2096569030600054063_true,483,12.568893999999991,483,c9e8e165a338ac836ded5aa8f5e86a0385b9bfe21d62581fb04832d3db7a1436
fixed_sql-1-2-mixed,10_2267975671437662225_true,483,106.98606000000004,483,7c1209b5f81463c042e65511d9fc2660c84845d54e555b315f3e021244da0e43
fixed_sql-1-2-mixed,10_272815608956864943_true,1164,32.48526499999998,1164,19fcbfeabe76d434f20ea5fae408ee9841da6e733f879379f7efbbdd715c56e2
fixed_sql-1-2-mixed,10_3077585829638170063_true,483,246.52890500000004,483,687e79bbc1ec03b14f500126657c21c6a06eb4298839db2c813f29dda3833373
fixed_sql-1-2-mixed,10_3175560230803026983_true,483,8.63869999999999,483,67ffdd7cd84a12eee0652f833c15729a7a6cfb325a956f3c91f6c2c6596a63a1
fixed_sql-1-2-mixed,10_3491474400644981095_true,6,0.482451,0,0665206a738062fc40135852d5359182da357ccd026bd36dab1c81f5159ce3ca
fixed_sql-1-2-mixed,10_4613823412944004157_true,7,0.13878400000000002,0,900b904f3d660d5d3945ac37a395d40d74717d8a07c45f5e13597effde553956
fixed_sql-1-2-mixed,10_4656313577910830320_true,390,86.53084400000004,390,a594e138cb3d18f9604403cdd6e641756e815005e18689fc566d5d947409de4e
fixed_sql-1-2-mixed,10_4854991825702068830_true,3387,2.1582330000000014,0,a8402858d4f1e1d27afee976520485ebb4b96a5387355b823f0d0b8079729032
fixed_sql-1-2-mixed,10_5603963236059248545_true,6,0.08803699999999999,0,c4824c687a8bd39f8c08d9df08f6386571083d40c57fb9b145a1e4480b3f0962
fixed_sql-1-2-mixed,10_6097083398544187049_true,6,0.008497000000000001,0,79663c1d3b43ceaf9ee728e501c64b57ae2e4d6cb36ff5c65eddcda1de27342f
fixed_sql-1-2-mixed,10_614676945849492516_true,6,0.955476,0,62b398df9124d865936994039a924eb7b70f9c5572e7030bf0c2a251bcea333a
fixed_sql-1-2-mixed,10_6617438240737550109_true,2,0.102463,6,e3f26b4e29b4a7250e7771ea0f1047eb5bbde6b9e4ae3570b6725623a388fa6c
fixed_sql-1-2-mixed,10_8004310239819770328_true,390,11.967917000000003,390,9bfad657bb875e10805ca81a661d09001022e8a32b91c57d1d8a4bd9cd0a53c9
fixed_sql-1-2-mixed,10_8085437714887874422_true,867,176.0971029999998,864,1a5346cdb428ad7e820bb07aee152260cab9a3ebbf0f2b06567f88f9a6f02341
fixed_sql-1-2-mixed,10_831126298545652160_true,10,0.9768270000000001,70,7216db1b4f01955b020adfdaf0d1537d45f7e7ada3bcb50563d14cf0134deccf
fixed_sql-1-2-mixed,10_9091044686983837465_true,771,53.21360699999994,771,84dfa94eec8a34624f7259661a2e4558d8950e4987d2799e4d4d959131dc4ff6
fixed_sql-2--1-contended,10_-1052881757650665872_true,98,22.887564999999995,98,867cc4fcd609bf449b28b20bf5f1bf06a77592a6a1291aa7c014272c225656ee
fixed_sql-2--1-contended,10_-1402584087708913972_true,646,20.230075,645,352fbeb1379fc328ef8b1508b0dce3809dedf7bcc37380bf175c27ba5d47aaaf
fixed_sql-2--1-contended,10_-2009659903980438264_true,11,0.542116,11,af0f73f4c1b00b9ef923a36431f245937f4a1746f3a94effdeddc55b59c97663
fixed_sql-2--1-contended,10_-2855378371138922046_true,421,10.524369000000004,421,1e355565d2f9d2d725a6c113ab9c3cbd5f0a1e079360fa050b0f7d154a00ecfb
fixed_sql-2--1-contended,10_-3832981572635927287_true,98,3.7660420000000014,98,b9aa0556b6ebbf56a3dc07649ba62fc021fcc1b4ab045cfb1ec487d7709924ad
fixed_sql-2--1-contended,10_-3860739276665616125_true,1,0.127302,1,a3ba3c2b1babefc6a0d87dee1697a42c514b779b41f724f94f2f7b03a3f2cc4f
fixed_sql-2--1-contended,10_-4044405742537025589_true,6,0.281623,0,9ac771e1d8b2ecc77c63ae37213074966f7a3917cea724e3d384926d06bbadae
fixed_sql-2--1-contended,10_-4202626520741838959_true,6,0.156264,0,12e05f0048b04c42d73fa08be525c579118e635c63ada3ed0e8812d8d1023dd1
fixed_sql-2--1-contended,10_-4809885398804894281_true,196,100.02098499999995,196,92ce1667148ac440c8788c3d3af00d2c3b9422ff8d9e0859d4748a74389b9996
fixed_sql-2--1-contended,10_-4819928050126555128_true,98,36.66362500000001,98,477d13bbca42f7fea2eee5fae48829f553932ea70abc08f3481950fc111f9933
fixed_sql-2--1-contended,10_-5198611253100323484_true,98,3.0971870000000017,98,7023ede274147bdf32196bb22065e88162316eb4895843571324ba855be65e93
fixed_sql-2--1-contended,10_-5239448546576074090_true,98,3.0965569999999993,296,0be1f76876c6d9a758e837f5a84b512f0e4fd26933058437b47ca0b26edbe5e6
fixed_sql-2--1-contended,10_-5638955352960985681_true,4,0.029395,0,506ebcd04bd91cb7937fc70d0015974155147795a1c46f002c0bb0fb06ec708d
fixed_sql-2--1-contended,10_-6238842771805104800_true,98,2.5692450000000004,98,49773b6f878393bd324582d4599c51543223cec6aa2311d43a8b7efad1a9c68f
fixed_sql-2--1-contended,10_-6339237704490227906_true,227,0.5260880000000003,227,2461f8bb8070d8f1e4e669943dfb1cc042ed3e05c56721efdd125ae68b55f78c
fixed_sql-2--1-contended,10_-6842937031447782956_true,196,171.587551,196,00b521f1d47ad8f9260913ab55502fd00e830befb813e1cd4c76e5d5b4f28d71
fixed_sql-2--1-contended,10_-7159942097980501218_true,98,69.33508500000002,98,6ae7b188f5d5f6f8fb8fcba3b92b5a772061a6f4b373bde9ca538360aa483b33
fixed_sql-2--1-contended,10_-7477484057581112166_true,485,16.82792999999999,485,9627c3632787ab65dc8f8cd646685704337a625e64ba1c45ceeaa719fe208304
fixed_sql-2--1-contended,10_-7676915344437841334_true,8,0.005181,0,587fa628a9fe4642ac0e22825a97e81d388af674f7251a9fb699f96901dcb710
fixed_sql-2--1-contended,10_1033802039123175271_true,98,1671.288949,98,e819be7fb057a82b354deac1ce64d7a14ca65977f53ef48880ce60e7c39d25d1
fixed_sql-2--1-contended,10_1407442300845343054_true,6,0.09213400000000001,0,4a59fed636fa6cc37f980842ae33a5c5925b30e7cd5c44df84428cd9aa9d0795
fixed_sql-2--1-contended,10_1516204262266125831_true,225,7.426801,225,e169d97b39de2de9e691007670fd3af5dbde5d70d56d831386a92f310ca3ea15
fixed_sql-2--1-contended,10_1731465853063539113_true,129,20.628931000000005,129,5be3a8d53aceda658f2dae7a68e2fe254eaaadbdd41d490face8824895d710b4
fixed_sql-2--1-contended,10_1767282781953035540_true,224,10.304334000000006,512,0f293e8ff0f0e1890d430270763675b49f06f33b864106eeefe2ab77c810e8c8
fixed_sql-2--1-contended,10_1779149457895871573_true,3,0.337127,18,54e5d7d708a74c6fd6544d783f0a2a1e30b8b6a5227d6da2495a76df03d8d2a8
fixed_sql-2--1-contended,10_2096569030600054063_true,129,3.6927660000000007,129,c9e8e165a338ac836ded5aa8f5e86a0385b9bfe21d62581fb04832d3db7a1436
fixed_sql-2--1-contended,10_2267975671437662225_true,129,35.288585000000005,129,29d56bfe2e9480a41b37312aa86c8dc70f43c8f3f74a07ee4d354ee468c5e9d3
fixed_sql-2--1-contended,10_272815608956864943_true,294,8.897566999999997,294,19fcbfeabe76d434f20ea5fae408ee9841da6e733f879379f7efbbdd715c56e2
fixed_sql-2--1-contended,10_3077585829638170063_true,129,84.69722699999991,129,687e79bbc1ec03b14f500126657c21c6a06eb4298839db2c813f29dda3833373
fixed_sql-2--1-contended,10_3175560230803026983_true,129,2.176652,129,7e4a7862cfb3876ac23318104c891ea05802ddda717ec18dcd7b96526b130cb1
fixed_sql-2--1-contended,10_3491474400644981095_true,6,0.113404,0,0c6614ae587779f47879bc40e3dba399480d06a06661a10064934846709e9df4
fixed_sql-2--1-contended,10_4613823412944004157_true,4,0.068511,0,900b904f3d660d5d3945ac37a395d40d74717d8a07c45f5e13597effde553956
fixed_sql-2--1-contended,10_4656313577910830320_true,98,30.777252999999998,98,a594e138cb3d18f9604403cdd6e641756e815005e18689fc566d5d947409de4e
fixed_sql-2--1-contended,10_4854991825702068830_true,881,0.6183389999999994,0,a8402858d4f1e1d27afee976520485ebb4b96a5387355b823f0d0b8079729032
fixed_sql-2--1-contended,10_5603963236059248545_true,6,0.100761,0,1a7c7421aae884c9ad6dea6b7c7717e6cc103595ddcdbdfb235b5c8dee785c5c
fixed_sql-2--1-contended,10_6097083398544187049_true,3,0.004759,0,79663c1d3b43ceaf9ee728e501c64b57ae2e4d6cb36ff5c65eddcda1de27342f
fixed_sql-2--1-contended,10_614676945849492516_true,6,2.1602230000000002,0,62b398df9124d865936994039a924eb7b70f9c5572e7030bf0c2a251bcea333a
fixed_sql-2--1-contended,10_6617438240737550109_true,2,0.17150500000000002,6,e3f26b4e29b4a7250e7771ea0f1047eb5bbde6b9e4ae3570b6725623a388fa6c
fixed_sql-2--1-contended,10_8004310239819770328_true,98,2.8870240000000016,98,9bfad657bb875e10805ca81a661d09001022e8a32b91c57d1d8a4bd9cd0a53c9
fixed_sql-2--1-contended,10_8085437714887874422_true,225,61.57466900000001,224,1a5346cdb428ad7e820bb07aee152260cab9a3ebbf0f2b06567f88f9a6f02341
fixed_sql-2--1-contended,10_831126298545652160_true,7,0.7429129999999999,49,7216db1b4f01955b020adfdaf0d1537d45f7e7ada3bcb50563d14cf0134deccf
fixed_sql-2--1-contended,10_9091044686983837465_true,193,16.447229000000004,193,84dfa94eec8a34624f7259661a2e4558d8950e4987d2799e4d4d959131dc4ff6
fixed_sql-2--1-mixed,10_-1052881757650665872_true,96,22.438525999999996,96,867cc4fcd609bf449b28b20bf5f1bf06a77592a6a1291aa7c014272c225656ee
fixed_sql-2--1-mixed,10_-1402584087708913972_true,576,18.350233999999993,576,352fbeb1379fc328ef8b1508b0dce3809dedf7bcc37380bf175c27ba5d47aaaf
fixed_sql-2--1-mixed,10_-2009659903980438264_true,10,0.496299,10,af0f73f4c1b00b9ef923a36431f245937f4a1746f3a94effdeddc55b59c97663
fixed_sql-2--1-mixed,10_-2855378371138922046_true,384,9.521539000000002,384,1e355565d2f9d2d725a6c113ab9c3cbd5f0a1e079360fa050b0f7d154a00ecfb
fixed_sql-2--1-mixed,10_-3832981572635927287_true,96,3.7116390000000012,96,b9aa0556b6ebbf56a3dc07649ba62fc021fcc1b4ab045cfb1ec487d7709924ad
fixed_sql-2--1-mixed,10_-4044405742537025589_true,4,0.184278,0,9ac771e1d8b2ecc77c63ae37213074966f7a3917cea724e3d384926d06bbadae
fixed_sql-2--1-mixed,10_-4202626520741838959_true,4,0.09626,0,12e05f0048b04c42d73fa08be525c579118e635c63ada3ed0e8812d8d1023dd1
fixed_sql-2--1-mixed,10_-4809885398804894281_true,192,98.39061199999995,192,92ce1667148ac440c8788c3d3af00d2c3b9422ff8d9e0859d4748a74389b9996
fixed_sql-2--1-mixed,10_-4819928050126555128_true,96,36.20236400000002,96,477d13bbca42f7fea2eee5fae48829f553932ea70abc08f3481950fc111f9933
fixed_sql-2--1-mixed,10_-5198611253100323484_true,96,3.0493970000000017,96,7023ede274147bdf32196bb22065e88162316eb4895843571324ba855be65e93
fixed_sql-2--1-mixed,10_-5239448546576074090_true,96,3.0397189999999994,288,0be1f76876c6d9a758e837f5a84b512f0e4fd26933058437b47ca0b26edbe5e6
fixed_sql-2--1-mixed,10_-5638955352960985681_true,4,0.029395,0,506ebcd04bd91cb7937fc70d0015974155147795a1c46f002c0bb0fb06ec708d
fixed_sql-2--1-mixed,10_-6238842771805104800_true,96,2.5131300000000003,96,49773b6f878393bd324582d4599c51543223cec6aa2311d43a8b7efad1a9c68f
fixed_sql-2--1-mixed,10_-6339237704490227906_true,192,0.45911100000000027,192,2461f8bb8070d8f1e4e669943dfb1cc042ed3e05c56721efdd125ae68b55f78c
fixed_sql-2--1-mixed,10_-6842937031447782956_true,192,169.115085,192,00b521f1d47ad8f9260913ab55502fd00e830befb813e1cd4c76e5d5b4f28d71
fixed_sql-2--1-mixed,10_-7159942097980501218_true,96,68.00029000000002,96,6ae7b188f5d5f6f8fb8fcba3b92b5a772061a6f4b373bde9ca538360aa483b33
fixed_sql-2--1-mixed,10_-7477484057581112166_true,384,13.821218999999992,384,9627c3632787ab65dc8f8cd646685704337a625e64ba1c45ceeaa719fe208304
fixed_sql-2--1-mixed,10_1033802039123175271_true,96,1671.205501,96,e819be7fb057a82b354deac1ce64d7a14ca65977f53ef48880ce60e7c39d25d1
fixed_sql-2--1-mixed,10_1407442300845343054_true,4,0.05274,0,4a59fed636fa6cc37f980842ae33a5c5925b30e7cd5c44df84428cd9aa9d0795
fixed_sql-2--1-mixed,10_1516204262266125831_true,192,6.607411,192,e169d97b39de2de9e691007670fd3af5dbde5d70d56d831386a92f310ca3ea15
fixed_sql-2--1-mixed,10_1731465853063539113_true,96,16.008549,96,5be3a8d53aceda658f2dae7a68e2fe254eaaadbdd41d490face8824895d710b4
fixed_sql-2--1-mixed,10_1767282781953035540_true,192,9.450784,480,0f293e8ff0f0e1890d430270763675b49f06f33b864106eeefe2ab77c810e8c8
fixed_sql-2--1-mixed,10_1779149457895871573_true,3,0.337127,18,54e5d7d708a74c6fd6544d783f0a2a1e30b8b6a5227d6da2495a76df03d8d2a8
fixed_sql-2--1-mixed,10_2096569030600054063_true,96,2.614064000000001,96,c9e8e165a338ac836ded5aa8f5e86a0385b9bfe21d62581fb04832d3db7a1436
fixed_sql-2--1-mixed,10_2267975671437662225_true,96,27.153658000000007,96,29d56bfe2e9480a41b37312aa86c8dc70f43c8f3f74a07ee4d354ee468c5e9d3
fixed_sql-2--1-mixed,10_272815608956864943_true,288,8.756270999999996,288,19fcbfeabe76d434f20ea5fae408ee9841da6e733f879379f7efbbdd715c56e2
fixed_sql-2--1-mixed,10_3077585829638170063_true,96,69.29221699999994,96,687e79bbc1ec03b14f500126657c21c6a06eb4298839db2c813f29dda3833373
fixed_sql-2--1-mixed,10_3175560230803026983_true,96,1.6732900000000004,96,7e4a7862cfb3876ac23318104c891ea05802ddda717ec18dcd7b96526b130cb1
fixed_sql-2--1-mixed,10_3491474400644981095_true,4,0.070333,0,0c6614ae587779f47879bc40e3dba399480d06a06661a10064934846709e9df4
fixed_sql-2--1-mixed,10_4613823412944004157_true,4,0.068511,0,900b904f3d660d5d3945ac37a395d40d74717d8a07c45f5e13597effde553956
fixed_sql-2--1-mixed,10_4656313577910830320_true,96,30.360735,96,a594e138cb3d18f9604403cdd6e641756e815005e18689fc566d5d947409de4e
fixed_sql-2--1-mixed,10_4854991825702068830_true,772,0.5508049999999997,0,a8402858d4f1e1d27afee976520485ebb4b96a5387355b823f0d0b8079729032
fixed_sql-2--1-mixed,10_5603963236059248545_true,4,0.060926,0,1a7c7421aae884c9ad6dea6b7c7717e6cc103595ddcdbdfb235b5c8dee785c5c
fixed_sql-2--1-mixed,10_6097083398544187049_true,3,0.004759,0,79663c1d3b43ceaf9ee728e501c64b57ae2e4d6cb36ff5c65eddcda1de27342f
fixed_sql-2--1-mixed,10_614676945849492516_true,4,1.3971310000000001,0,62b398df9124d865936994039a924eb7b70f9c5572e7030bf0c2a251bcea333a
fixed_sql-2--1-mixed,10_6617438240737550109_true,2,0.17150500000000002,6,e3f26b4e29b4a7250e7771ea0f1047eb5bbde6b9e4ae3570b6725623a388fa6c
fixed_sql-2--1-mixed,10_8004310239819770328_true,96,2.8252880000000014,96,9bfad657bb875e10805ca81a661d09001022e8a32b91c57d1d8a4bd9cd0a53c9
fixed_sql-2--1-mixed,10_8085437714887874422_true,192,8.631961000000002,192,1a5346cdb428ad7e820bb07aee152260cab9a3ebbf0f2b06567f88f9a6f02341
fixed_sql-2--1-mixed,10_831126298545652160_true,7,0.7429129999999999,49,7216db1b4f01955b020adfdaf0d1537d45f7e7ada3bcb50563d14cf0134deccf
fixed_sql-2--1-mixed,10_9091044686983837465_true,192,16.375453000000004,192,84dfa94eec8a34624f7259661a2e4558d8950e4987d2799e4d4d959131dc4ff6
fixed_sql-2-0-contended,10_-1052881757650665872_true,196,47.071502999999986,196,867cc4fcd609bf449b28b20bf5f1bf06a77592a6a1291aa7c014272c225656ee
fixed_sql-2-0-contended,10_-1402584087708913972_true,1292,39.27044999999996,1290,352fbeb1379fc328ef8b1508b0dce3809dedf7bcc37380bf175c27ba5d47aaaf
fixed_sql-2-0-contended,10_-2009659903980438264_true,12,0.590037,12,af0f73f4c1b00b9ef923a36431f245937f4a1746f3a94effdeddc55b59c97663
fixed_sql-2-0-contended,10_-2855378371138922046_true,842,21.073938000000037,842,1e355565d2f9d2d725a6c113ab9c3cbd5f0a1e079360fa050b0f7d154a00ecfb
fixed_sql-2-0-contended,10_-3832981572635927287_true,196,7.097571000000005,196,b9aa0556b6ebbf56a3dc07649ba62fc021fcc1b4ab045cfb1ec487d7709924ad
fixed_sql-2-0-contended,10_-3860739276665616125_true,2,0.180502,2,a3ba3c2b1babefc6a0d87dee1697a42c514b779b41f724f94f2f7b03a3f2cc4f
fixed_sql-2-0-contended,10_-4044405742537025589_true,8,0.360161,0,9ac771e1d8b2ecc77c63ae37213074966f7a3917cea724e3d384926d06bbadae
fixed_sql-2-0-contended,10_-4202626520741838959_true,8,0.203595,0,12e05f0048b04c42d73fa08be525c579118e635c63ada3ed0e8812d8d1023dd1
fixed_sql-2-0-contended,10_-4809885398804894281_true,392,196.97138,392,92ce1667148ac440c8788c3d3af00d2c3b9422ff8d9e0859d4748a74389b9996
fixed_sql-2-0-contended,10_-4819928050126555128_true,196,59.708609,196,477d13bbca42f7fea2eee5fae48829f553932ea70abc08f3481950fc111f9933
fixed_sql-2-0-contended,10_-5198611253100323484_true,196,6.138696,196,7023ede274147bdf32196bb22065e88162316eb4895843571324ba855be65e93
fixed_sql-2-0-contended,10_-5239448546576074090_true,196,7.298057000000001,896,0be1f76876c6d9a758e837f5a84b512f0e4fd26933058437b47ca0b26edbe5e6
fixed_sql-2-0-contended,10_-5638955352960985681_true,8,0.071507,0,506ebcd04bd91cb7937fc70d0015974155147795a1c46f002c0bb0fb06ec708d
fixed_sql-2-0-contended,10_-6238842771805104800_true,196,5.229694,196,49773b6f878393bd324582d4599c51543223cec6aa2311d43a8b7efad1a9c68f
fixed_sql-2-0-contended,10_-6339237704490227906_true,454,0.9463430000000003,454,2461f8bb8070d8f1e4e669943dfb1cc042ed3e05c56721efdd125ae68b55f78c
fixed_sql-2-0-contended,10_-6842937031447782956_true,392,320.9769339999999,392,00b521f1d47ad8f9260913ab55502fd00e830befb813e1cd4c76e5d5b4f28d71
fixed_sql-2-0-contended,10_-7159942097980501218_true,196,127.3035800000001,196,6ae7b188f5d5f6f8fb8fcba3b92b5a772061a6f4b373bde9ca538360aa483b33
fixed_sql-2-0-contended,10_-7477484057581112166_true,970,33.30888899999998,970,9627c3632787ab65dc8f8cd646685704337a625e64ba1c45ceeaa719fe208304
fixed_sql-2-0-contended,10_-7676915344437841334_true,8,0.005181,0,587fa628a9fe4642ac0e22825a97e81d388af674f7251a9fb699f96901dcb710
fixed_sql-2-0-contended,10_1033802039123175271_true,196,2707.6028389999983,196,e819be7fb057a82b354deac1ce64d7a14ca65977f53ef48880ce60e7c39d25d1
fixed_sql-2-0-contended,10_1407442300845343054_true,8,0.12088800000000001,0,4a59fed636fa6cc37f980842ae33a5c5925b30e7cd5c44df84428cd9aa9d0795
fixed_sql-2-0-contended,10_1516204262266125831_true,450,13.032842000000013,450,e169d97b39de2de9e691007670fd3af5dbde5d70d56d831386a92f310ca3ea15
fixed_sql-2-0-contended,10_1731465853063539113_true,258,41.04019700000001,258,5be3a8d53aceda658f2dae7a68e2fe254eaaadbdd41d490face8824895d710b4
fixed_sql-2-0-contended,10_1767282781953035540_true,448,23.04224800000003,1600,0f293e8ff0f0e1890d430270763675b49f06f33b864106eeefe2ab77c810e8c8
fixed_sql-2-0-contended,10_1779149457895871573_true,3,0.337127,18,54e5d7d708a74c6fd6544d783f0a2a1e30b8b6a5227d6da2495a76df03d8d2a8
fixed_sql-2-0-contended,10_2096569030600054063_true,258,7.493661000000001,258,c9e8e165a338ac836ded5aa8f5e86a0385b9bfe21d62581fb04832d3db7a1436
fixed_sql-2-0-contended,10_2267975671437662225_true,258,65.10610900000002,258,29d56bfe2e9480a41b37312aa86c8dc70f43c8f3f74a07ee4d354ee468c5e9d3
fixed_sql-2-0-contended,10_272815608956864943_true,588,17.58295500000001,588,19fcbfeabe76d434f20ea5fae408ee9841da6e733f879379f7efbbdd715c56e2
fixed_sql-2-0-contended,10_3077585829638170063_true,258,156.09732499999996,258,687e79bbc1ec03b14f500126657c21c6a06eb4298839db2c813f29dda3833373
fixed_sql-2-0-contended,10_3175560230803026983_true,258,4.706904000000003,258,7e4a7862cfb3876ac23318104c891ea05802ddda717ec18dcd7b96526b130cb1
fixed_sql-2-0-contended,10_3491474400644981095_true,8,0.136277,0,0c6614ae587779f47879bc40e3dba399480d06a06661a10064934846709e9df4
fixed_sql-2-0-contended,10_4613823412944004157_true,8,0.142292,0,900b904f3d660d5d3945ac37a395d40d74717d8a07c45f5e13597effde553956
fixed_sql-2-0-contended,10_4656313577910830320_true,196,51.516074,196,a594e138cb3d18f9604403cdd6e641756e815005e18689fc566d5d947409de4e
fixed_sql-2-0-contended,10_4854991825702068830_true,1758,1.1563530000000015,0,a8402858d4f1e1d27afee976520485ebb4b96a5387355b823f0d0b8079729032
fixed_sql-2-0-contended,10_5603963236059248545_true,8,0.13017700000000001,0,1a7c7421aae884c9ad6dea6b7c7717e6cc103595ddcdbdfb235b5c8dee785c5c
fixed_sql-2-0-contended,10_6097083398544187049_true,3,0.004759,0,79663c1d3b43ceaf9ee728e501c64b57ae2e4d6cb36ff5c65eddcda1de27342f
fixed_sql-2-0-contended,10_614676945849492516_true,8,2.9228140000000002,0,62b398df9124d865936994039a924eb7b70f9c5572e7030bf0c2a251bcea333a
fixed_sql-2-0-contended,10_6617438240737550109_true,3,0.24070600000000003,9,e3f26b4e29b4a7250e7771ea0f1047eb5bbde6b9e4ae3570b6725623a388fa6c
fixed_sql-2-0-contended,10_8004310239819770328_true,196,5.9221960000000005,196,9bfad657bb875e10805ca81a661d09001022e8a32b91c57d1d8a4bd9cd0a53c9
fixed_sql-2-0-contended,10_8085437714887874422_true,450,189.26265900000004,448,1a5346cdb428ad7e820bb07aee152260cab9a3ebbf0f2b06567f88f9a6f02341
fixed_sql-2-0-contended,10_831126298545652160_true,7,0.7429129999999999,49,7216db1b4f01955b020adfdaf0d1537d45f7e7ada3bcb50563d14cf0134deccf
fixed_sql-2-0-contended,10_9091044686983837465_true,386,30.99106500000001,386,84dfa94eec8a34624f7259661a2e4558d8950e4987d2799e4d4d959131dc4ff6
fixed_sql-2-0-mixed,10_-1052881757650665872_true,194,46.669113999999986,194,867cc4fcd609bf449b28b20bf5f1bf06a77592a6a1291aa7c014272c225656ee
fixed_sql-2-0-mixed,10_-1402584087708913972_true,1222,37.66118599999999,1221,352fbeb1379fc328ef8b1508b0dce3809dedf7bcc37380bf175c27ba5d47aaaf
fixed_sql-2-0-mixed,10_-2009659903980438264_true,12,0.590037,12,af0f73f4c1b00b9ef923a36431f245937f4a1746f3a94effdeddc55b59c97663
fixed_sql-2-0-mixed,10_-2855378371138922046_true,805,20.091945000000038,805,1e355565d2f9d2d725a6c113ab9c3cbd5f0a1e079360fa050b0f7d154a00ecfb
fixed_sql-2-0-mixed,10_-3832981572635927287_true,194,7.049651000000005,194,b9aa0556b6ebbf56a3dc07649ba62fc021fcc1b4ab045cfb1ec487d7709924ad
fixed_sql-2-0-mixed,10_-3860739276665616125_true,1,0.127302,1,a3ba3c2b1babefc6a0d87dee1697a42c514b779b41f724f94f2f7b03a3f2cc4f
fixed_sql-2-0-mixed,10_-4044405742537025589_true,8,0.360161,0,9ac771e1d8b2ecc77c63ae37213074966f7a3917cea724e3d384926d06bbadae
fixed_sql-2-0-mixed,10_-4202626520741838959_true,8,0.203595,0,12e05f0048b04c42d73fa08be525c579118e635c63ada3ed0e8812d8d1023dd1
fixed_sql-2-0-mixed,10_-4809885398804894281_true,388,195.383248,388,92ce1667148ac440c8788c3d3af00d2c3b9422ff8d9e0859d4748a74389b9996
fixed_sql-2-0-mixed,10_-4819928050126555128_true,194,59.374317000000005,194,477d13bbca42f7fea2eee5fae48829f553932ea70abc08f3481950fc111f9933
fixed_sql-2-0-mixed,10_-5198611253100323484_true,194,6.085035,194,7023ede274147bdf32196bb22065e88162316eb4895843571324ba855be65e93
fixed_sql-2-0-mixed,10_-5239448546576074090_true,194,7.170305000000001,872,0be1f76876c6d9a758e837f5a84b512f0e4fd26933058437b47ca0b26edbe5e6
fixed_sql-2-0-mixed,10_-5638955352960985681_true,8,0.071507,0,506ebcd04bd91cb7937fc70d0015974155147795a1c46f002c0bb0fb06ec708d
fixed_sql-2-0-mixed,10_-6238842771805104800_true,194,5.182816,194,49773b6f878393bd324582d4599c51543223cec6aa2311d43a8b7efad1a9c68f
fixed_sql-2-0-mixed,10_-6339237704490227906_true,419,0.8840360000000002,419,2461f8bb8070d8f1e4e669943dfb1cc042ed3e05c56721efdd125ae68b55f78c
fixed_sql-2-0-mixed,10_-6842937031447782956_true,388,318.3550969999999,388,00b521f1d47ad8f9260913ab55502fd00e830befb813e1cd4c76e5d5b4f28d71
fixed_sql-2-0-mixed,10_-7159942097980501218_true,194,126.1547380000001,194,6ae7b188f5d5f6f8fb8fcba3b92b5a772061a6f4b373bde9ca538360aa483b33
fixed_sql-2-0-mixed,10_-7477484057581112166_true,869,30.121892999999975,869,9627c3632787ab65dc8f8cd646685704337a625e64ba1c45ceeaa719fe208304
fixed_sql-2-0-mixed,10_-7676915344437841334_true,8,0.005181,0,587fa628a9fe4642ac0e22825a97e81d388af674f7251a9fb699f96901dcb710
fixed_sql-2-0-mixed,10_1033802039123175271_true,194,2707.5368629999984,194,e819be7fb057a82b354deac1ce64d7a14ca65977f53ef48880ce60e7c39d25d1
fixed_sql-2-0-mixed,10_1407442300845343054_true,8,0.12088800000000001,0,4a59fed636fa6cc37f980842ae33a5c5925b30e7cd5c44df84428cd9aa9d0795
fixed_sql-2-0-mixed,10_1516204262266125831_true,417,12.246290000000016,417,e169d97b39de2de9e691007670fd3af5dbde5d70d56d831386a92f310ca3ea15
fixed_sql-2-0-mixed,10_1731465853063539113_true,225,36.02059000000002,225,5be3a8d53aceda658f2dae7a68e2fe254eaaadbdd41d490face8824895d710b4
fixed_sql-2-0-mixed,10_1767282781953035540_true,416,22.10994600000003,1568,0f293e8ff0f0e1890d430270763675b49f06f33b864106eeefe2ab77c810e8c8
fixed_sql-2-0-mixed,10_1779149457895871573_true,3,0.337127,18,54e5d7d708a74c6fd6544d783f0a2a1e30b8b6a5227d6da2495a76df03d8d2a8
fixed_sql-2-0-mixed,10_2096569030600054063_true,225,6.456162000000001,225,c9e8e165a338ac836ded5aa8f5e86a0385b9bfe21d62581fb04832d3db7a1436
fixed_sql-2-0-mixed,10_2267975671437662225_true,225,58.07944500000001,225,29d56bfe2e9480a41b37312aa86c8dc70f43c8f3f74a07ee4d354ee468c5e9d3
fixed_sql-2-0-mixed,10_272815608956864943_true,582,17.46679600000001,582,19fcbfeabe76d434f20ea5fae408ee9841da6e733f879379f7efbbdd715c56e2
fixed_sql-2-0-mixed,10_3077585829638170063_true,225,139.85086399999994,225,687e79bbc1ec03b14f500126657c21c6a06eb4298839db2c813f29dda3833373
fixed_sql-2-0-mixed,10_3175560230803026983_true,225,4.125395000000002,225,7e4a7862cfb3876ac23318104c891ea05802ddda717ec18dcd7b96526b130cb1
fixed_sql-2-0-mixed,10_3491474400644981095_true,8,0.136277,0,0c6614ae587779f47879bc40e3dba399480d06a06661a10064934846709e9df4
fixed_sql-2-0-mixed,10_4613823412944004157_true,8,0.142292,0,900b904f3d660d5d3945ac37a395d40d74717d8a07c45f5e13597effde553956
fixed_sql-2-0-mixed,10_4656313577910830320_true,194,51.164068,194,a594e138cb3d18f9604403cdd6e641756e815005e18689fc566d5d947409de4e
fixed_sql-2-0-mixed,10_4854991825702068830_true,1651,1.093580000000002,0,a8402858d4f1e1d27afee976520485ebb4b96a5387355b823f0d0b8079729032
fixed_sql-2-0-mixed,10_5603963236059248545_true,8,0.13017700000000001,0,1a7c7421aae884c9ad6dea6b7c7717e6cc103595ddcdbdfb235b5c8dee785c5c
fixed_sql-2-0-mixed,10_6097083398544187049_true,3,0.004759,0,79663c1d3b43ceaf9ee728e501c64b57ae2e4d6cb36ff5c65eddcda1de27342f
fixed_sql-2-0-mixed,10_614676945849492516_true,8,2.9228140000000002,0,62b398df9124d865936994039a924eb7b70f9c5572e7030bf0c2a251bcea333a
fixed_sql-2-0-mixed,10_6617438240737550109_true,3,0.24070600000000003,9,e3f26b4e29b4a7250e7771ea0f1047eb5bbde6b9e4ae3570b6725623a388fa6c
fixed_sql-2-0-mixed,10_8004310239819770328_true,194,5.85561,194,9bfad657bb875e10805ca81a661d09001022e8a32b91c57d1d8a4bd9cd0a53c9
fixed_sql-2-0-mixed,10_8085437714887874422_true,417,69.27723600000003,416,1a5346cdb428ad7e820bb07aee152260cab9a3ebbf0f2b06567f88f9a6f02341
fixed_sql-2-0-mixed,10_831126298545652160_true,7,0.7429129999999999,49,7216db1b4f01955b020adfdaf0d1537d45f7e7ada3bcb50563d14cf0134deccf
fixed_sql-2-0-mixed,10_9091044686983837465_true,385,30.92018100000001,385,84dfa94eec8a34624f7259661a2e4558d8950e4987d2799e4d4d959131dc4ff6
fixed_sql-2-1-contended,10_-1052881757650665872_true,294,70.303665,294,867cc4fcd609bf449b28b20bf5f1bf06a77592a6a1291aa7c014272c225656ee
fixed_sql-2-1-contended,10_-1402584087708913972_true,1938,57.09222399999992,1935,352fbeb1379fc328ef8b1508b0dce3809dedf7bcc37380bf175c27ba5d47aaaf
fixed_sql-2-1-contended,10_-2009659903980438264_true,12,0.590037,12,af0f73f4c1b00b9ef923a36431f245937f4a1746f3a94effdeddc55b59c97663
fixed_sql-2-1-contended,10_-2855378371138922046_true,1263,31.606740000000027,1263,1e355565d2f9d2d725a6c113ab9c3cbd5f0a1e079360fa050b0f7d154a00ecfb
fixed_sql-2-1-contended,10_-3832981572635927287_true,294,10.175317000000007,294,b9aa0556b6ebbf56a3dc07649ba62fc021fcc1b4ab045cfb1ec487d7709924ad
fixed_sql-2-1-contended,10_-3860739276665616125_true,3,0.233331,3,a3ba3c2b1babefc6a0d87dee1697a42c514b779b41f724f94f2f7b03a3f2cc4f
fixed_sql-2-1-contended,10_-4044405742537025589_true,12,0.485659,0,9ac771e1d8b2ecc77c63ae37213074966f7a3917cea724e3d384926d06bbadae
fixed_sql-2-1-contended,10_-4202626520741838959_true,12,0.298263,0,12e05f0048b04c42d73fa08be525c579118e635c63ada3ed0e8812d8d1023dd1
fixed_sql-2-1-contended,10_-4809885398804894281_true,588,301.21901999999994,588,92ce1667148ac440c8788c3d3af00d2c3b9422ff8d9e0859d4748a74389b9996
fixed_sql-2-1-contended,10_-4819928050126555128_true,294,84.601971,294,477d13bbca42f7fea2eee5fae48829f553932ea70abc08f3481950fc111f9933
fixed_sql-2-1-contended,10_-5198611253100323484_true,294,9.167283999999999,294,7023ede274147bdf32196bb22065e88162316eb4895843571324ba855be65e93
fixed_sql-2-1-contended,10_-5239448546576074090_true,294,11.435963000000001,1768,0be1f76876c6d9a758e837f5a84b512f0e4fd26933058437b47ca0b26edbe5e6
fixed_sql-2-1-contended,10_-5638955352960985681_true,12,0.098017,0,506ebcd04bd91cb7937fc70d0015974155147795a1c46f002c0bb0fb06ec708d
fixed_sql-2-1-contended,10_-6238842771805104800_true,294,7.714234000000003,294,49773b6f878393bd324582d4599c51543223cec6aa2311d43a8b7efad1a9c68f
fixed_sql-2-1-contended,10_-6339237704490227906_true,681,1.3408830000000005,681,2461f8bb8070d8f1e4e669943dfb1cc042ed3e05c56721efdd125ae68b55f78c
fixed_sql-2-1-contended,10_-6842937031447782956_true,588,481.094462,588,00b521f1d47ad8f9260913ab55502fd00e830befb813e1cd4c76e5d5b4f28d71
fixed_sql-2-1-contended,10_-7159942097980501218_true,294,183.8701370000001,294,6ae7b188f5d5f6f8fb8fcba3b92b5a772061a6f4b373bde9ca538360aa483b33
fixed_sql-2-1-contended,10_-7477484057581112166_true,1455,48.585616000000016,1455,9627c3632787ab65dc8f8cd646685704337a625e64ba1c45ceeaa719fe208304
fixed_sql-2-1-contended,10_-7676915344437841334_true,8,0.005181,0,587fa628a9fe4642ac0e22825a97e81d388af674f7251a9fb699f96901dcb710
fixed_sql-2-1-contended,10_1033802039123175271_true,294,4019.850848,294,e819be7fb057a82b354deac1ce64d7a14ca65977f53ef48880ce60e7c39d25d1
fixed_sql-2-1-contended,10_1407442300845343054_true,12,0.18808500000000003,0,4a59fed636fa6cc37f980842ae33a5c5925b30e7cd5c44df84428cd9aa9d0795
fixed_sql-2-1-contended,10_1516204262266125831_true,675,18.97953100000001,675,e169d97b39de2de9e691007670fd3af5dbde5d70d56d831386a92f310ca3ea15
fixed_sql-2-1-contended,10_1731465853063539113_true,387,63.36863099999998,387,5be3a8d53aceda658f2dae7a68e2fe254eaaadbdd41d490face8824895d710b4
fixed_sql-2-1-contended,10_1767282781953035540_true,672,38.96079600000003,3264,0f293e8ff0f0e1890d430270763675b49f06f33b864106eeefe2ab77c810e8c8
fixed_sql-2-1-contended,10_1779149457895871573_true,3,0.337127,18,54e5d7d708a74c6fd6544d783f0a2a1e30b8b6a5227d6da2495a76df03d8d2a8
fixed_sql-2-1-contended,10_2096569030600054063_true,387,11.590906000000002,387,c9e8e165a338ac836ded5aa8f5e86a0385b9bfe21d62581fb04832d3db7a1436
fixed_sql-2-1-contended,10_2267975671437662225_true,387,96.17379200000005,387,29d56bfe2e9480a41b37312aa86c8dc70f43c8f3f74a07ee4d354ee468c5e9d3
fixed_sql-2-1-contended,10_272815608956864943_true,882,25.91809300000001,882,19fcbfeabe76d434f20ea5fae408ee9841da6e733f879379f7efbbdd715c56e2
fixed_sql-2-1-contended,10_3077585829638170063_true,387,230.68615799999992,387,687e79bbc1ec03b14f500126657c21c6a06eb4298839db2c813f29dda3833373
fixed_sql-2-1-contended,10_3175560230803026983_true,387,6.764712000000006,387,7e4a7862cfb3876ac23318104c891ea05802ddda717ec18dcd7b96526b130cb1
fixed_sql-2-1-contended,10_3491474400644981095_true,12,1.497383,0,0c6614ae587779f47879bc40e3dba399480d06a06661a10064934846709e9df4
fixed_sql-2-1-contended,10_4613823412944004157_true,12,0.216393,0,900b904f3d660d5d3945ac37a395d40d74717d8a07c45f5e13597effde553956
fixed_sql-2-1-contended,10_4656313577910830320_true,294,73.188061,294,a594e138cb3d18f9604403cdd6e641756e815005e18689fc566d5d947409de4e
fixed_sql-2-1-contended,10_4854991825702068830_true,2637,1.7136800000000012,0,a8402858d4f1e1d27afee976520485ebb4b96a5387355b823f0d0b8079729032
fixed_sql-2-1-contended,10_5603963236059248545_true,12,0.19666300000000003,0,1a7c7421aae884c9ad6dea6b7c7717e6cc103595ddcdbdfb235b5c8dee785c5c
fixed_sql-2-1-contended,10_6097083398544187049_true,3,0.004759,0,79663c1d3b43ceaf9ee728e501c64b57ae2e4d6cb36ff5c65eddcda1de27342f
fixed_sql-2-1-contended,10_614676945849492516_true,12,4.770367000000001,0,62b398df9124d865936994039a924eb7b70f9c5572e7030bf0c2a251bcea333a
fixed_sql-2-1-contended,10_6617438240737550109_true,3,0.24070600000000003,9,e3f26b4e29b4a7250e7771ea0f1047eb5bbde6b9e4ae3570b6725623a388fa6c
fixed_sql-2-1-contended,10_8004310239819770328_true,294,8.804562,294,9bfad657bb875e10805ca81a661d09001022e8a32b91c57d1d8a4bd9cd0a53c9
fixed_sql-2-1-contended,10_8085437714887874422_true,675,303.6020900000002,672,1a5346cdb428ad7e820bb07aee152260cab9a3ebbf0f2b06567f88f9a6f02341
fixed_sql-2-1-contended,10_831126298545652160_true,7,0.7429129999999999,49,7216db1b4f01955b020adfdaf0d1537d45f7e7ada3bcb50563d14cf0134deccf
fixed_sql-2-1-contended,10_9091044686983837465_true,579,45.483564000000015,579,84dfa94eec8a34624f7259661a2e4558d8950e4987d2799e4d4d959131dc4ff6
fixed_sql-2-1-mixed,10_-1052881757650665872_true,292,69.96203,292,867cc4fcd609bf449b28b20bf5f1bf06a77592a6a1291aa7c014272c225656ee
fixed_sql-2-1-mixed,10_-1402584087708913972_true,1868,55.3994199999999,1866,352fbeb1379fc328ef8b1508b0dce3809dedf7bcc37380bf175c27ba5d47aaaf
fixed_sql-2-1-mixed,10_-2009659903980438264_true,12,0.590037,12,af0f73f4c1b00b9ef923a36431f245937f4a1746f3a94effdeddc55b59c97663
fixed_sql-2-1-mixed,10_-2855378371138922046_true,1226,30.668724000000033,1226,1e355565d2f9d2d725a6c113ab9c3cbd5f0a1e079360fa050b0f7d154a00ecfb
fixed_sql-2-1-mixed,10_-3832981572635927287_true,292,10.139960000000007,292,b9aa0556b6ebbf56a3dc07649ba62fc021fcc1b4ab045cfb1ec487d7709924ad
fixed_sql-2-1-mixed,10_-3860739276665616125_true,2,0.180502,2,a3ba3c2b1babefc6a0d87dee1697a42c514b779b41f724f94f2f7b03a3f2cc4f
fixed_sql-2-1-mixed,10_-4044405742537025589_true,12,0.485659,0,9ac771e1d8b2ecc77c63ae37213074966f7a3917cea724e3d384926d06bbadae
fixed_sql-2-1-mixed,10_-4202626520741838959_true,12,0.298263,0,12e05f0048b04c42d73fa08be525c579118e635c63ada3ed0e8812d8d1023dd1
fixed_sql-2-1-mixed,10_-4809885398804894281_true,584,299.1010449999999,584,92ce1667148ac440c8788c3d3af00d2c3b9422ff8d9e0859d4748a74389b9996
fixed_sql-2-1-mixed,10_-4819928050126555128_true,292,83.48292500000001,292,477d13bbca42f7fea2eee5fae48829f553932ea70abc08f3481950fc111f9933
fixed_sql-2-1-mixed,10_-5198611253100323484_true,292,9.134281999999999,292,7023ede274147bdf32196bb22065e88162316eb4895843571324ba855be65e93
fixed_sql-2-1-mixed,10_-5239448546576074090_true,292,11.399643000000001,1760,0be1f76876c6d9a758e837f5a84b512f0e4fd26933058437b47ca0b26edbe5e6
fixed_sql-2-1-mixed,10_-5638955352960985681_true,11,0.09069300000000001,0,506ebcd04bd91cb7937fc70d0015974155147795a1c46f002c0bb0fb06ec708d
fixed_sql-2-1-mixed,10_-6238842771805104800_true,292,7.671523000000003,292,49773b6f878393bd324582d4599c51543223cec6aa2311d43a8b7efad1a9c68f
fixed_sql-2-1-mixed,10_-6339237704490227906_true,646,1.2756710000000004,646,2461f8bb8070d8f1e4e669943dfb1cc042ed3e05c56721efdd125ae68b55f78c
fixed_sql-2-1-mixed,10_-6842937031447782956_true,584,476.636785,584,00b521f1d47ad8f9260913ab55502fd00e830befb813e1cd4c76e5d5b4f28d71
fixed_sql-2-1-mixed,10_-7159942097980501218_true,292,180.4126900000001,292,6ae7b188f5d5f6f8fb8fcba3b92b5a772061a6f4b373bde9ca538360aa483b33
fixed_sql-2-1-mixed,10_-7477484057581112166_true,1354,45.24526700000001,1354,9627c3632787ab65dc8f8cd646685704337a625e64ba1c45ceeaa719fe208304
fixed_sql-2-1-mixed,10_-7676915344437841334_true,8,0.005181,0,587fa628a9fe4642ac0e22825a97e81d388af674f7251a9fb699f96901dcb710
fixed_sql-2-1-mixed,10_1033802039123175271_true,292,4019.81483,292,e819be7fb057a82b354deac1ce64d7a14ca65977f53ef48880ce60e7c39d25d1
fixed_sql-2-1-mixed,10_1407442300845343054_true,12,0.18808500000000003,0,4a59fed636fa6cc37f980842ae33a5c5925b30e7cd5c44df84428cd9aa9d0795
fixed_sql-2-1-mixed,10_1516204262266125831_true,642,18.227738000000013,642,e169d97b39de2de9e691007670fd3af5dbde5d70d56d831386a92f310ca3ea15
fixed_sql-2-1-mixed,10_1731465853063539113_true,354,57.529883000000005,354,5be3a8d53aceda658f2dae7a68e2fe254eaaadbdd41d490face8824895d710b4
fixed_sql-2-1-mixed,10_1767282781953035540_true,640,38.153061000000044,3232,0f293e8ff0f0e1890d430270763675b49f06f33b864106eeefe2ab77c810e8c8
fixed_sql-2-1-mixed,10_1779149457895871573_true,3,0.337127,18,54e5d7d708a74c6fd6544d783f0a2a1e30b8b6a5227d6da2495a76df03d8d2a8
fixed_sql-2-1-mixed,10_2096569030600054063_true,354,10.401484000000005,354,c9e8e165a338ac836ded5aa8f5e86a0385b9bfe21d62581fb04832d3db7a1436
fixed_sql-2-1-mixed,10_2267975671437662225_true,354,87.66578200000004,354,29d56bfe2e9480a41b37312aa86c8dc70f43c8f3f74a07ee4d354ee468c5e9d3
fixed_sql-2-1-mixed,10_272815608956864943_true,876,25.799127000000013,876,19fcbfeabe76d434f20ea5fae408ee9841da6e733f879379f7efbbdd715c56e2
fixed_sql-2-1-mixed,10_3077585829638170063_true,354,205.515577,354,687e79bbc1ec03b14f500126657c21c6a06eb4298839db2c813f29dda3833373
fixed_sql-2-1-mixed,10_3175560230803026983_true,354,6.225751000000004,354,7e4a7862cfb3876ac23318104c891ea05802ddda717ec18dcd7b96526b130cb1
fixed_sql-2-1-mixed,10_3491474400644981095_true,12,1.497383,0,0c6614ae587779f47879bc40e3dba399480d06a06661a10064934846709e9df4
fixed_sql-2-1-mixed,10_4613823412944004157_true,11,0.196445,0,900b904f3d660d5d3945ac37a395d40d74717d8a07c45f5e13597effde553956
fixed_sql-2-1-mixed,10_4656313577910830320_true,292,72.38266800000001,292,a594e138cb3d18f9604403cdd6e641756e815005e18689fc566d5d947409de4e
fixed_sql-2-1-mixed,10_4854991825702068830_true,2530,1.646294000000001,0,a8402858d4f1e1d27afee976520485ebb4b96a5387355b823f0d0b8079729032
fixed_sql-2-1-mixed,10_5603963236059248545_true,12,0.19666300000000003,0,1a7c7421aae884c9ad6dea6b7c7717e6cc103595ddcdbdfb235b5c8dee785c5c
fixed_sql-2-1-mixed,10_6097083398544187049_true,3,0.004759,0,79663c1d3b43ceaf9ee728e501c64b57ae2e4d6cb36ff5c65eddcda1de27342f
fixed_sql-2-1-mixed,10_614676945849492516_true,12,4.770367000000001,0,62b398df9124d865936994039a924eb7b70f9c5572e7030bf0c2a251bcea333a
fixed_sql-2-1-mixed,10_6617438240737550109_true,3,0.24070600000000003,9,e3f26b4e29b4a7250e7771ea0f1047eb5bbde6b9e4ae3570b6725623a388fa6c
fixed_sql-2-1-mixed,10_8004310239819770328_true,292,8.776339,292,9bfad657bb875e10805ca81a661d09001022e8a32b91c57d1d8a4bd9cd0a53c9
fixed_sql-2-1-mixed,10_8085437714887874422_true,642,197.58955500000025,640,1a5346cdb428ad7e820bb07aee152260cab9a3ebbf0f2b06567f88f9a6f02341
fixed_sql-2-1-mixed,10_831126298545652160_true,7,0.7429129999999999,49,7216db1b4f01955b020adfdaf0d1537d45f7e7ada3bcb50563d14cf0134deccf
fixed_sql-2-1-mixed,10_9091044686983837465_true,578,45.407511000000014,578,84dfa94eec8a34624f7259661a2e4558d8950e4987d2799e4d4d959131dc4ff6
fixed_sql-2-2-contended,10_-1052881757650665872_true,392,92.70860900000001,392,867cc4fcd609bf449b28b20bf5f1bf06a77592a6a1291aa7c014272c225656ee
fixed_sql-2-2-contended,10_-1402584087708913972_true,2584,74.84429599999997,2580,352fbeb1379fc328ef8b1508b0dce3809dedf7bcc37380bf175c27ba5d47aaaf
fixed_sql-2-2-contended,10_-2009659903980438264_true,12,0.590037,12,af0f73f4c1b00b9ef923a36431f245937f4a1746f3a94effdeddc55b59c97663
fixed_sql-2-2-contended,10_-2855378371138922046_true,1684,42.17632900000007,1684,1e355565d2f9d2d725a6c113ab9c3cbd5f0a1e079360fa050b0f7d154a00ecfb
fixed_sql-2-2-contended,10_-3832981572635927287_true,392,12.778864000000015,392,b9aa0556b6ebbf56a3dc07649ba62fc021fcc1b4ab045cfb1ec487d7709924ad
fixed_sql-2-2-contended,10_-3860739276665616125_true,4,0.335083,4,a3ba3c2b1babefc6a0d87dee1697a42c514b779b41f724f94f2f7b03a3f2cc4f
fixed_sql-2-2-contended,10_-4044405742537025589_true,16,0.5584870000000001,0,9ac771e1d8b2ecc77c63ae37213074966f7a3917cea724e3d384926d06bbadae
fixed_sql-2-2-contended,10_-4202626520741838959_true,16,0.40439400000000003,0,12e05f0048b04c42d73fa08be525c579118e635c63ada3ed0e8812d8d1023dd1
fixed_sql-2-2-contended,10_-4809885398804894281_true,784,387.2201570000001,784,92ce1667148ac440c8788c3d3af00d2c3b9422ff8d9e0859d4748a74389b9996
fixed_sql-2-2-contended,10_-4819928050126555128_true,392,108.48080499999996,392,477d13bbca42f7fea2eee5fae48829f553932ea70abc08f3481950fc111f9933
fixed_sql-2-2-contended,10_-5198611253100323484_true,392,10.828799000000007,392,7023ede274147bdf32196bb22065e88162316eb4895843571324ba855be65e93
fixed_sql-2-2-contended,10_-5239448546576074090_true,392,15.535436000000006,2948,0be1f76876c6d9a758e837f5a84b512f0e4fd26933058437b47ca0b26edbe5e6
fixed_sql-2-2-contended,10_-5638955352960985681_true,14,0.11998800000000001,0,506ebcd04bd91cb7937fc70d0015974155147795a1c46f002c0bb0fb06ec708d
fixed_sql-2-2-contended,10_-6238842771805104800_true,392,9.913717,392,49773b6f878393bd324582d4599c51543223cec6aa2311d43a8b7efad1a9c68f
fixed_sql-2-2-contended,10_-6339237704490227906_true,908,1.7602320000000002,908,2461f8bb8070d8f1e4e669943dfb1cc042ed3e05c56721efdd125ae68b55f78c
fixed_sql-2-2-contended,10_-6842937031447782956_true,784,615.2237389999999,784,00b521f1d47ad8f9260913ab55502fd00e830befb813e1cd4c76e5d5b4f28d71
fixed_sql-2-2-contended,10_-7159942097980501218_true,392,244.77029399999992,392,6ae7b188f5d5f6f8fb8fcba3b92b5a772061a6f4b373bde9ca538360aa483b33
fixed_sql-2-2-contended,10_-7477484057581112166_true,1940,63.514969,1940,9627c3632787ab65dc8f8cd646685704337a625e64ba1c45ceeaa719fe208304
fixed_sql-2-2-contended,10_-7676915344437841334_true,8,0.005181,0,587fa628a9fe4642ac0e22825a97e81d388af674f7251a9fb699f96901dcb710
fixed_sql-2-2-contended,10_1033802039123175271_true,392,4820.054249000001,392,e819be7fb057a82b354deac1ce64d7a14ca65977f53ef48880ce60e7c39d25d1
fixed_sql-2-2-contended,10_1407442300845343054_true,16,0.23674700000000004,0,4a59fed636fa6cc37f980842ae33a5c5925b30e7cd5c44df84428cd9aa9d0795
fixed_sql-2-2-contended,10_1516204262266125831_true,900,24.777153999999996,900,e169d97b39de2de9e691007670fd3af5dbde5d70d56d831386a92f310ca3ea15
fixed_sql-2-2-contended,10_1731465853063539113_true,516,85.66963100000011,516,5be3a8d53aceda658f2dae7a68e2fe254eaaadbdd41d490face8824895d710b4
fixed_sql-2-2-contended,10_1767282781953035540_true,896,63.12050000000006,5504,0f293e8ff0f0e1890d430270763675b49f06f33b864106eeefe2ab77c810e8c8
fixed_sql-2-2-contended,10_1779149457895871573_true,3,0.337127,18,54e5d7d708a74c6fd6544d783f0a2a1e30b8b6a5227d6da2495a76df03d8d2a8
fixed_sql-2-2-contended,10_2096569030600054063_true,516,15.692456999999997,516,c9e8e165a338ac836ded5aa8f5e86a0385b9bfe21d62581fb04832d3db7a1436
fixed_sql-2-2-contended,10_2267975671437662225_true,516,127.73813600000001,516,29d56bfe2e9480a41b37312aa86c8dc70f43c8f3f74a07ee4d354ee468c5e9d3
fixed_sql-2-2-contended,10_272815608956864943_true,1176,35.778862000000025,1176,19fcbfeabe76d434f20ea5fae408ee9841da6e733f879379f7efbbdd715c56e2
fixed_sql-2-2-contended,10_3077585829638170063_true,516,302.7079170000003,516,687e79bbc1ec03b14f500126657c21c6a06eb4298839db2c813f29dda3833373
fixed_sql-2-2-contended,10_3175560230803026983_true,516,8.737664000000011,516,7e4a7862cfb3876ac23318104c891ea05802ddda717ec18dcd7b96526b130cb1
fixed_sql-2-2-contended,10_3491474400644981095_true,16,2.449964,0,0c6614ae587779f47879bc40e3dba399480d06a06661a10064934846709e9df4
fixed_sql-2-2-contended,10_4613823412944004157_true,14,0.24659,0,900b904f3d660d5d3945ac37a395d40d74717d8a07c45f5e13597effde553956
fixed_sql-2-2-contended,10_4656313577910830320_true,392,96.87031200000003,392,a594e138cb3d18f9604403cdd6e641756e815005e18689fc566d5d947409de4e
fixed_sql-2-2-contended,10_4854991825702068830_true,3516,2.227317000000007,0,a8402858d4f1e1d27afee976520485ebb4b96a5387355b823f0d0b8079729032
fixed_sql-2-2-contended,10_5603963236059248545_true,16,0.24916200000000002,0,1a7c7421aae884c9ad6dea6b7c7717e6cc103595ddcdbdfb235b5c8dee785c5c
fixed_sql-2-2-contended,10_6097083398544187049_true,3,0.004759,0,79663c1d3b43ceaf9ee728e501c64b57ae2e4d6cb36ff5c65eddcda1de27342f
fixed_sql-2-2-contended,10_614676945849492516_true,16,6.971800000000002,0,62b398df9124d865936994039a924eb7b70f9c5572e7030bf0c2a251bcea333a
fixed_sql-2-2-contended,10_6617438240737550109_true,3,0.24070600000000003,9,e3f26b4e29b4a7250e7771ea0f1047eb5bbde6b9e4ae3570b6725623a388fa6c
fixed_sql-2-2-contended,10_8004310239819770328_true,392,10.314944999999998,392,9bfad657bb875e10805ca81a661d09001022e8a32b91c57d1d8a4bd9cd0a53c9
fixed_sql-2-2-contended,10_8085437714887874422_true,900,313.904458,896,1a5346cdb428ad7e820bb07aee152260cab9a3ebbf0f2b06567f88f9a6f02341
fixed_sql-2-2-contended,10_831126298545652160_true,7,0.7429129999999999,49,7216db1b4f01955b020adfdaf0d1537d45f7e7ada3bcb50563d14cf0134deccf
fixed_sql-2-2-contended,10_9091044686983837465_true,772,58.444614,772,84dfa94eec8a34624f7259661a2e4558d8950e4987d2799e4d4d959131dc4ff6
fixed_sql-2-2-mixed,10_-1052881757650665872_true,390,92.28002000000001,390,867cc4fcd609bf449b28b20bf5f1bf06a77592a6a1291aa7c014272c225656ee
fixed_sql-2-2-mixed,10_-1402584087708913972_true,2514,73.34382200000003,2511,352fbeb1379fc328ef8b1508b0dce3809dedf7bcc37380bf175c27ba5d47aaaf
fixed_sql-2-2-mixed,10_-2009659903980438264_true,12,0.590037,12,af0f73f4c1b00b9ef923a36431f245937f4a1746f3a94effdeddc55b59c97663
fixed_sql-2-2-mixed,10_-2855378371138922046_true,1647,41.31387700000005,1647,1e355565d2f9d2d725a6c113ab9c3cbd5f0a1e079360fa050b0f7d154a00ecfb
fixed_sql-2-2-mixed,10_-3832981572635927287_true,390,12.528371000000014,390,b9aa0556b6ebbf56a3dc07649ba62fc021fcc1b4ab045cfb1ec487d7709924ad
fixed_sql-2-2-mixed,10_-3860739276665616125_true,3,0.233331,3,a3ba3c2b1babefc6a0d87dee1697a42c514b779b41f724f94f2f7b03a3f2cc4f
fixed_sql-2-2-mixed,10_-4044405742537025589_true,14,0.531717,0,9ac771e1d8b2ecc77c63ae37213074966f7a3917cea724e3d384926d06bbadae
fixed_sql-2-2-mixed,10_-4202626520741838959_true,14,0.355441,0,12e05f0048b04c42d73fa08be525c579118e635c63ada3ed0e8812d8d1023dd1
fixed_sql-2-2-mixed,10_-4809885398804894281_true,780,385.63033200000007,780,92ce1667148ac440c8788c3d3af00d2c3b9422ff8d9e0859d4748a74389b9996
fixed_sql-2-2-mixed,10_-4819928050126555128_true,390,108.14144299999997,390,477d13bbca42f7fea2eee5fae48829f553932ea70abc08f3481950fc111f9933
fixed_sql-2-2-mixed,10_-5198611253100323484_true,390,10.796388000000007,390,7023ede274147bdf32196bb22065e88162316eb4895843571324ba855be65e93
fixed_sql-2-2-mixed,10_-5239448546576074090_true,390,15.467417000000006,2920,0be1f76876c6d9a758e837f5a84b512f0e4fd26933058437b47ca0b26edbe5e6
fixed_sql-2-2-mixed,10_-5638955352960985681_true,14,0.11998800000000001,0,506ebcd04bd91cb7937fc70d0015974155147795a1c46f002c0bb0fb06ec708d
fixed_sql-2-2-mixed,10_-6238842771805104800_true,390,9.878681,390,49773b6f878393bd324582d4599c51543223cec6aa2311d43a8b7efad1a9c68f
fixed_sql-2-2-mixed,10_-6339237704490227906_true,873,1.6924899999999998,873,2461f8bb8070d8f1e4e669943dfb1cc042ed3e05c56721efdd125ae68b55f78c
fixed_sql-2-2-mixed,10_-6842937031447782956_true,780,612.6784069999999,780,00b521f1d47ad8f9260913ab55502fd00e830befb813e1cd4c76e5d5b4f28d71
fixed_sql-2-2-mixed,10_-7159942097980501218_true,390,243.6549339999999,390,6ae7b188f5d5f6f8fb8fcba3b92b5a772061a6f4b373bde9ca538360aa483b33
fixed_sql-2-2-mixed,10_-7477484057581112166_true,1839,60.39815599999995,1839,9627c3632787ab65dc8f8cd646685704337a625e64ba1c45ceeaa719fe208304
fixed_sql-2-2-mixed,10_-7676915344437841334_true,8,0.005181,0,587fa628a9fe4642ac0e22825a97e81d388af674f7251a9fb699f96901dcb710
fixed_sql-2-2-mixed,10_1033802039123175271_true,390,4820.013002000001,390,e819be7fb057a82b354deac1ce64d7a14ca65977f53ef48880ce60e7c39d25d1
fixed_sql-2-2-mixed,10_1407442300845343054_true,14,0.21321300000000004,0,4a59fed636fa6cc37f980842ae33a5c5925b30e7cd5c44df84428cd9aa9d0795
fixed_sql-2-2-mixed,10_1516204262266125831_true,867,24.132602999999992,867,e169d97b39de2de9e691007670fd3af5dbde5d70d56d831386a92f310ca3ea15
fixed_sql-2-2-mixed,10_1731465853063539113_true,483,80.32063000000008,483,5be3a8d53aceda658f2dae7a68e2fe254eaaadbdd41d490face8824895d710b4
fixed_sql-2-2-mixed,10_1767282781953035540_true,864,62.36342000000004,5472,0f293e8ff0f0e1890d430270763675b49f06f33b864106eeefe2ab77c810e8c8
fixed_sql-2-2-mixed,10_1779149457895871573_true,3,0.337127,18,54e5d7d708a74c6fd6544d783f0a2a1e30b8b6a5227d6da2495a76df03d8d2a8
fixed_sql-2-2-mixed,10_2096569030600054063_true,483,14.755235999999995,483,c9e8e165a338ac836ded5aa8f5e86a0385b9bfe21d62581fb04832d3db7a1436
fixed_sql-2-2-mixed,10_2267975671437662225_true,483,119.65054300000004,483,29d56bfe2e9480a41b37312aa86c8dc70f43c8f3f74a07ee4d354ee468c5e9d3
fixed_sql-2-2-mixed,10_272815608956864943_true,1170,35.610311000000024,1170,19fcbfeabe76d434f20ea5fae408ee9841da6e733f879379f7efbbdd715c56e2
fixed_sql-2-2-mixed,10_3077585829638170063_true,483,285.5015970000001,483,687e79bbc1ec03b14f500126657c21c6a06eb4298839db2c813f29dda3833373
fixed_sql-2-2-mixed,10_3175560230803026983_true,483,8.221898000000005,483,7e4a7862cfb3876ac23318104c891ea05802ddda717ec18dcd7b96526b130cb1
fixed_sql-2-2-mixed,10_3491474400644981095_true,14,1.541436,0,0c6614ae587779f47879bc40e3dba399480d06a06661a10064934846709e9df4
fixed_sql-2-2-mixed,10_4613823412944004157_true,14,0.24659,0,900b904f3d660d5d3945ac37a395d40d74717d8a07c45f5e13597effde553956
fixed_sql-2-2-mixed,10_4656313577910830320_true,390,96.42374700000002,390,a594e138cb3d18f9604403cdd6e641756e815005e18689fc566d5d947409de4e
fixed_sql-2-2-mixed,10_4854991825702068830_true,3407,2.1566520000000073,0,a8402858d4f1e1d27afee976520485ebb4b96a5387355b823f0d0b8079729032
fixed_sql-2-2-mixed,10_5603963236059248545_true,14,0.22198,0,1a7c7421aae884c9ad6dea6b7c7717e6cc103595ddcdbdfb235b5c8dee785c5c
fixed_sql-2-2-mixed,10_6097083398544187049_true,3,0.004759,0,79663c1d3b43ceaf9ee728e501c64b57ae2e4d6cb36ff5c65eddcda1de27342f
fixed_sql-2-2-mixed,10_614676945849492516_true,14,5.839570000000001,0,62b398df9124d865936994039a924eb7b70f9c5572e7030bf0c2a251bcea333a
fixed_sql-2-2-mixed,10_6617438240737550109_true,3,0.24070600000000003,9,e3f26b4e29b4a7250e7771ea0f1047eb5bbde6b9e4ae3570b6725623a388fa6c
fixed_sql-2-2-mixed,10_8004310239819770328_true,390,10.291901999999999,390,9bfad657bb875e10805ca81a661d09001022e8a32b91c57d1d8a4bd9cd0a53c9
fixed_sql-2-2-mixed,10_8085437714887874422_true,867,310.9350370000001,864,1a5346cdb428ad7e820bb07aee152260cab9a3ebbf0f2b06567f88f9a6f02341
fixed_sql-2-2-mixed,10_831126298545652160_true,7,0.7429129999999999,49,7216db1b4f01955b020adfdaf0d1537d45f7e7ada3bcb50563d14cf0134deccf
fixed_sql-2-2-mixed,10_9091044686983837465_true,771,58.388879,771,84dfa94eec8a34624f7259661a2e4558d8950e4987d2799e4d4d959131dc4ff6
fixed_sql-4--1-contended,10_-1052881757650665872_true,98,29.555332999999997,98,fd5eb69aa72a67eaa6834c3b8a7cd13d1ce88f4afb01f6ba3a2afff48fa5e00a
fixed_sql-4--1-contended,10_-1402584087708913972_true,650,20.817604999999997,649,352fbeb1379fc328ef8b1508b0dce3809dedf7bcc37380bf175c27ba5d47aaaf
fixed_sql-4--1-contended,10_-2009659903980438264_true,9,0.6132299999999999,9,af0f73f4c1b00b9ef923a36431f245937f4a1746f3a94effdeddc55b59c97663
fixed_sql-4--1-contended,10_-2855378371138922046_true,425,11.949615000000001,425,1e355565d2f9d2d725a6c113ab9c3cbd5f0a1e079360fa050b0f7d154a00ecfb
fixed_sql-4--1-contended,10_-3832981572635927287_true,98,3.698391000000001,98,b9aa0556b6ebbf56a3dc07649ba62fc021fcc1b4ab045cfb1ec487d7709924ad
fixed_sql-4--1-contended,10_-3860739276665616125_true,1,0.070734,1,a3ba3c2b1babefc6a0d87dee1697a42c514b779b41f724f94f2f7b03a3f2cc4f
fixed_sql-4--1-contended,10_-4044405742537025589_true,9,0.200038,0,d35b4539f071bcc06db7031ca8cc975ca2043bb09c2be4f155b07f15d8955db6
fixed_sql-4--1-contended,10_-4202626520741838959_true,10,0.536906,0,12e05f0048b04c42d73fa08be525c579118e635c63ada3ed0e8812d8d1023dd1
fixed_sql-4--1-contended,10_-4809885398804894281_true,200,120.62073400000003,200,92ce1667148ac440c8788c3d3af00d2c3b9422ff8d9e0859d4748a74389b9996
fixed_sql-4--1-contended,10_-4819928050126555128_true,98,41.63264799999998,98,477d13bbca42f7fea2eee5fae48829f553932ea70abc08f3481950fc111f9933
fixed_sql-4--1-contended,10_-5198611253100323484_true,98,2.2156769999999995,98,7023ede274147bdf32196bb22065e88162316eb4895843571324ba855be65e93
fixed_sql-4--1-contended,10_-5239448546576074090_true,98,3.505814,312,0be1f76876c6d9a758e837f5a84b512f0e4fd26933058437b47ca0b26edbe5e6
fixed_sql-4--1-contended,10_-5638955352960985681_true,8,0.10273199999999999,0,506ebcd04bd91cb7937fc70d0015974155147795a1c46f002c0bb0fb06ec708d
fixed_sql-4--1-contended,10_-6238842771805104800_true,98,3.300771999999999,98,49773b6f878393bd324582d4599c51543223cec6aa2311d43a8b7efad1a9c68f
fixed_sql-4--1-contended,10_-6339237704490227906_true,227,0.5672589999999998,227,2461f8bb8070d8f1e4e669943dfb1cc042ed3e05c56721efdd125ae68b55f78c
fixed_sql-4--1-contended,10_-6842937031447782956_true,200,193.81846800000008,200,00b521f1d47ad8f9260913ab55502fd00e830befb813e1cd4c76e5d5b4f28d71
fixed_sql-4--1-contended,10_-7159942097980501218_true,98,76.49213000000002,98,6ae7b188f5d5f6f8fb8fcba3b92b5a772061a6f4b373bde9ca538360aa483b33
fixed_sql-4--1-contended,10_-7477484057581112166_true,485,21.692534999999978,485,9627c3632787ab65dc8f8cd646685704337a625e64ba1c45ceeaa719fe208304
fixed_sql-4--1-contended,10_-7676915344437841334_true,8,0.007934,0,587fa628a9fe4642ac0e22825a97e81d388af674f7251a9fb699f96901dcb710
fixed_sql-4--1-contended,10_1033802039123175271_true,98,1112.5864670000003,98,e819be7fb057a82b354deac1ce64d7a14ca65977f53ef48880ce60e7c39d25d1
fixed_sql-4--1-contended,10_1407442300845343054_true,10,0.15084600000000004,0,11b39d76b8a64074fa231a30611cd671f641db90c85fff205bd04701a9e700fb
fixed_sql-4--1-contended,10_1516204262266125831_true,225,6.323530000000003,225,e169d97b39de2de9e691007670fd3af5dbde5d70d56d831386a92f310ca3ea15
fixed_sql-4--1-contended,10_1731465853063539113_true,129,20.771271999999993,129,5be3a8d53aceda658f2dae7a68e2fe254eaaadbdd41d490face8824895d710b4
fixed_sql-4--1-contended,10_1767282781953035540_true,224,10.245407000000004,512,0f293e8ff0f0e1890d430270763675b49f06f33b864106eeefe2ab77c810e8c8
fixed_sql-4--1-contended,10_1779149457895871573_true,4,0.45131299999999996,24,54e5d7d708a74c6fd6544d783f0a2a1e30b8b6a5227d6da2495a76df03d8d2a8
fixed_sql-4--1-contended,10_2096569030600054063_true,129,3.823433,129,c9e8e165a338ac836ded5aa8f5e86a0385b9bfe21d62581fb04832d3db7a1436
fixed_sql-4--1-contended,10_2267975671437662225_true,129,37.84979600000001,129,7c1209b5f81463c042e65511d9fc2660c84845d54e555b315f3e021244da0e43
fixed_sql-4--1-contended,10_272815608956864943_true,298,10.533715999999997,298,19fcbfeabe76d434f20ea5fae408ee9841da6e733f879379f7efbbdd715c56e2
fixed_sql-4--1-contended,10_3077585829638170063_true,129,85.51894899999999,129,687e79bbc1ec03b14f500126657c21c6a06eb4298839db2c813f29dda3833373
fixed_sql-4--1-contended,10_3175560230803026983_true,129,2.6211439999999984,129,7e4a7862cfb3876ac23318104c891ea05802ddda717ec18dcd7b96526b130cb1
fixed_sql-4--1-contended,10_3491474400644981095_true,9,0.15818900000000002,0,0665206a738062fc40135852d5359182da357ccd026bd36dab1c81f5159ce3ca
fixed_sql-4--1-contended,10_4613823412944004157_true,8,0.226929,0,900b904f3d660d5d3945ac37a395d40d74717d8a07c45f5e13597effde553956
fixed_sql-4--1-contended,10_4656313577910830320_true,98,30.649164999999993,98,a594e138cb3d18f9604403cdd6e641756e815005e18689fc566d5d947409de4e
fixed_sql-4--1-contended,10_4854991825702068830_true,893,0.6813649999999993,0,a8402858d4f1e1d27afee976520485ebb4b96a5387355b823f0d0b8079729032
fixed_sql-4--1-contended,10_5603963236059248545_true,10,0.14847200000000002,0,1a7c7421aae884c9ad6dea6b7c7717e6cc103595ddcdbdfb235b5c8dee785c5c
fixed_sql-4--1-contended,10_6097083398544187049_true,1,5.01E-4,0,79663c1d3b43ceaf9ee728e501c64b57ae2e4d6cb36ff5c65eddcda1de27342f
fixed_sql-4--1-contended,10_614676945849492516_true,9,5.836804000000001,0,62b398df9124d865936994039a924eb7b70f9c5572e7030bf0c2a251bcea333a
fixed_sql-4--1-contended,10_6617438240737550109_true,1,0.074911,3,e3f26b4e29b4a7250e7771ea0f1047eb5bbde6b9e4ae3570b6725623a388fa6c
fixed_sql-4--1-contended,10_8004310239819770328_true,98,2.373241,98,9bfad657bb875e10805ca81a661d09001022e8a32b91c57d1d8a4bd9cd0a53c9
fixed_sql-4--1-contended,10_8085437714887874422_true,225,119.42435,224,1a5346cdb428ad7e820bb07aee152260cab9a3ebbf0f2b06567f88f9a6f02341
fixed_sql-4--1-contended,10_831126298545652160_true,4,0.37373599999999996,28,7216db1b4f01955b020adfdaf0d1537d45f7e7ada3bcb50563d14cf0134deccf
fixed_sql-4--1-contended,10_9091044686983837465_true,193,17.025753999999996,193,84dfa94eec8a34624f7259661a2e4558d8950e4987d2799e4d4d959131dc4ff6
fixed_sql-4--1-mixed,10_-1052881757650665872_true,96,28.996677,96,fd5eb69aa72a67eaa6834c3b8a7cd13d1ce88f4afb01f6ba3a2afff48fa5e00a
fixed_sql-4--1-mixed,10_-1402584087708913972_true,576,18.99561699999999,576,352fbeb1379fc328ef8b1508b0dce3809dedf7bcc37380bf175c27ba5d47aaaf
fixed_sql-4--1-mixed,10_-2009659903980438264_true,9,0.6132299999999999,9,af0f73f4c1b00b9ef923a36431f245937f4a1746f3a94effdeddc55b59c97663
fixed_sql-4--1-mixed,10_-2855378371138922046_true,384,10.828703999999991,384,1e355565d2f9d2d725a6c113ab9c3cbd5f0a1e079360fa050b0f7d154a00ecfb
fixed_sql-4--1-mixed,10_-3832981572635927287_true,96,3.6385080000000007,96,b9aa0556b6ebbf56a3dc07649ba62fc021fcc1b4ab045cfb1ec487d7709924ad
fixed_sql-4--1-mixed,10_-4044405742537025589_true,8,0.185941,0,d35b4539f071bcc06db7031ca8cc975ca2043bb09c2be4f155b07f15d8955db6
fixed_sql-4--1-mixed,10_-4202626520741838959_true,8,0.492131,0,12e05f0048b04c42d73fa08be525c579118e635c63ada3ed0e8812d8d1023dd1
fixed_sql-4--1-mixed,10_-4809885398804894281_true,192,117.73074300000003,192,92ce1667148ac440c8788c3d3af00d2c3b9422ff8d9e0859d4748a74389b9996
fixed_sql-4--1-mixed,10_-4819928050126555128_true,96,41.221961999999984,96,477d13bbca42f7fea2eee5fae48829f553932ea70abc08f3481950fc111f9933
fixed_sql-4--1-mixed,10_-5198611253100323484_true,96,2.1856909999999994,96,7023ede274147bdf32196bb22065e88162316eb4895843571324ba855be65e93
fixed_sql-4--1-mixed,10_-5239448546576074090_true,96,3.408339,288,0be1f76876c6d9a758e837f5a84b512f0e4fd26933058437b47ca0b26edbe5e6
fixed_sql-4--1-mixed,10_-5638955352960985681_true,8,0.10273199999999999,0,506ebcd04bd91cb7937fc70d0015974155147795a1c46f002c0bb0fb06ec708d
fixed_sql-4--1-mixed,10_-6238842771805104800_true,96,3.2350179999999993,96,49773b6f878393bd324582d4599c51543223cec6aa2311d43a8b7efad1a9c68f
fixed_sql-4--1-mixed,10_-6339237704490227906_true,192,0.4860209999999999,192,2461f8bb8070d8f1e4e669943dfb1cc042ed3e05c56721efdd125ae68b55f78c
fixed_sql-4--1-mixed,10_-6842937031447782956_true,192,190.17169500000006,192,00b521f1d47ad8f9260913ab55502fd00e830befb813e1cd4c76e5d5b4f28d71
fixed_sql-4--1-mixed,10_-7159942097980501218_true,96,75.45836500000001,96,6ae7b188f5d5f6f8fb8fcba3b92b5a772061a6f4b373bde9ca538360aa483b33
fixed_sql-4--1-mixed,10_-7477484057581112166_true,384,17.969523999999993,384,9627c3632787ab65dc8f8cd646685704337a625e64ba1c45ceeaa719fe208304
fixed_sql-4--1-mixed,10_1033802039123175271_true,96,1112.5308610000004,96,e819be7fb057a82b354deac1ce64d7a14ca65977f53ef48880ce60e7c39d25d1
fixed_sql-4--1-mixed,10_1407442300845343054_true,8,0.12200100000000001,0,11b39d76b8a64074fa231a30611cd671f641db90c85fff205bd04701a9e700fb
fixed_sql-4--1-mixed,10_1516204262266125831_true,192,5.460791000000002,192,e169d97b39de2de9e691007670fd3af5dbde5d70d56d831386a92f310ca3ea15
fixed_sql-4--1-mixed,10_1731465853063539113_true,96,15.522834999999992,96,5be3a8d53aceda658f2dae7a68e2fe254eaaadbdd41d490face8824895d710b4
fixed_sql-4--1-mixed,10_1767282781953035540_true,192,7.398644000000002,480,0f293e8ff0f0e1890d430270763675b49f06f33b864106eeefe2ab77c810e8c8
fixed_sql-4--1-mixed,10_1779149457895871573_true,4,0.45131299999999996,24,54e5d7d708a74c6fd6544d783f0a2a1e30b8b6a5227d6da2495a76df03d8d2a8
fixed_sql-4--1-mixed,10_2096569030600054063_true,96,2.715918,96,c9e8e165a338ac836ded5aa8f5e86a0385b9bfe21d62581fb04832d3db7a1436
fixed_sql-4--1-mixed,10_2267975671437662225_true,96,28.527059000000012,96,7c1209b5f81463c042e65511d9fc2660c84845d54e555b315f3e021244da0e43
fixed_sql-4--1-mixed,10_272815608956864943_true,288,10.368232999999996,288,19fcbfeabe76d434f20ea5fae408ee9841da6e733f879379f7efbbdd715c56e2
fixed_sql-4--1-mixed,10_3077585829638170063_true,96,66.806454,96,687e79bbc1ec03b14f500126657c21c6a06eb4298839db2c813f29dda3833373
fixed_sql-4--1-mixed,10_3175560230803026983_true,96,1.9582909999999996,96,7e4a7862cfb3876ac23318104c891ea05802ddda717ec18dcd7b96526b130cb1
fixed_sql-4--1-mixed,10_3491474400644981095_true,8,0.14492400000000003,0,0665206a738062fc40135852d5359182da357ccd026bd36dab1c81f5159ce3ca
fixed_sql-4--1-mixed,10_4613823412944004157_true,8,0.226929,0,900b904f3d660d5d3945ac37a395d40d74717d8a07c45f5e13597effde553956
fixed_sql-4--1-mixed,10_4656313577910830320_true,96,30.258384999999993,96,a594e138cb3d18f9604403cdd6e641756e815005e18689fc566d5d947409de4e
fixed_sql-4--1-mixed,10_4854991825702068830_true,776,0.6073739999999999,0,a8402858d4f1e1d27afee976520485ebb4b96a5387355b823f0d0b8079729032
fixed_sql-4--1-mixed,10_5603963236059248545_true,8,0.126479,0,1a7c7421aae884c9ad6dea6b7c7717e6cc103595ddcdbdfb235b5c8dee785c5c
fixed_sql-4--1-mixed,10_6097083398544187049_true,1,5.01E-4,0,79663c1d3b43ceaf9ee728e501c64b57ae2e4d6cb36ff5c65eddcda1de27342f
fixed_sql-4--1-mixed,10_614676945849492516_true,8,5.479148,0,62b398df9124d865936994039a924eb7b70f9c5572e7030bf0c2a251bcea333a
fixed_sql-4--1-mixed,10_6617438240737550109_true,1,0.074911,3,e3f26b4e29b4a7250e7771ea0f1047eb5bbde6b9e4ae3570b6725623a388fa6c
fixed_sql-4--1-mixed,10_8004310239819770328_true,96,2.3042900000000004,96,9bfad657bb875e10805ca81a661d09001022e8a32b91c57d1d8a4bd9cd0a53c9
fixed_sql-4--1-mixed,10_8085437714887874422_true,192,8.662659999999999,192,1a5346cdb428ad7e820bb07aee152260cab9a3ebbf0f2b06567f88f9a6f02341
fixed_sql-4--1-mixed,10_831126298545652160_true,4,0.37373599999999996,28,7216db1b4f01955b020adfdaf0d1537d45f7e7ada3bcb50563d14cf0134deccf
fixed_sql-4--1-mixed,10_9091044686983837465_true,192,16.976710999999995,192,84dfa94eec8a34624f7259661a2e4558d8950e4987d2799e4d4d959131dc4ff6
fixed_sql-4-0-contended,10_-1052881757650665872_true,196,57.43719199999998,196,fd5eb69aa72a67eaa6834c3b8a7cd13d1ce88f4afb01f6ba3a2afff48fa5e00a
fixed_sql-4-0-contended,10_-1402584087708913972_true,1300,39.91973399999996,1298,352fbeb1379fc328ef8b1508b0dce3809dedf7bcc37380bf175c27ba5d47aaaf
fixed_sql-4-0-contended,10_-2009659903980438264_true,9,0.6132299999999999,9,af0f73f4c1b00b9ef923a36431f245937f4a1746f3a94effdeddc55b59c97663
fixed_sql-4-0-contended,10_-2855378371138922046_true,850,24.064558,850,1e355565d2f9d2d725a6c113ab9c3cbd5f0a1e079360fa050b0f7d154a00ecfb
fixed_sql-4-0-contended,10_-3832981572635927287_true,196,6.729874000000003,196,b9aa0556b6ebbf56a3dc07649ba62fc021fcc1b4ab045cfb1ec487d7709924ad
fixed_sql-4-0-contended,10_-3860739276665616125_true,2,0.128062,2,a3ba3c2b1babefc6a0d87dee1697a42c514b779b41f724f94f2f7b03a3f2cc4f
fixed_sql-4-0-contended,10_-4044405742537025589_true,19,0.610674,0,d35b4539f071bcc06db7031ca8cc975ca2043bb09c2be4f155b07f15d8955db6
fixed_sql-4-0-contended,10_-4202626520741838959_true,20,0.8921450000000001,0,12e05f0048b04c42d73fa08be525c579118e635c63ada3ed0e8812d8d1023dd1
fixed_sql-4-0-contended,10_-4809885398804894281_true,400,224.29861999999997,400,92ce1667148ac440c8788c3d3af00d2c3b9422ff8d9e0859d4748a74389b9996
fixed_sql-4-0-contended,10_-4819928050126555128_true,196,64.67593399999996,196,477d13bbca42f7fea2eee5fae48829f553932ea70abc08f3481950fc111f9933
fixed_sql-4-0-contended,10_-5198611253100323484_true,196,4.480082999999997,196,7023ede274147bdf32196bb22065e88162316eb4895843571324ba855be65e93
fixed_sql-4-0-contended,10_-5239448546576074090_true,196,6.956990000000002,905,0be1f76876c6d9a758e837f5a84b512f0e4fd26933058437b47ca0b26edbe5e6
fixed_sql-4-0-contended,10_-5638955352960985681_true,16,0.18777400000000002,0,506ebcd04bd91cb7937fc70d0015974155147795a1c46f002c0bb0fb06ec708d
fixed_sql-4-0-contended,10_-6238842771805104800_true,196,6.310458,196,49773b6f878393bd324582d4599c51543223cec6aa2311d43a8b7efad1a9c68f
fixed_sql-4-0-contended,10_-6339237704490227906_true,454,1.035684,454,2461f8bb8070d8f1e4e669943dfb1cc042ed3e05c56721efdd125ae68b55f78c
fixed_sql-4-0-contended,10_-6842937031447782956_true,400,344.8920209999999,400,00b521f1d47ad8f9260913ab55502fd00e830befb813e1cd4c76e5d5b4f28d71
fixed_sql-4-0-contended,10_-7159942097980501218_true,196,133.07410699999997,196,6ae7b188f5d5f6f8fb8fcba3b92b5a772061a6f4b373bde9ca538360aa483b33
fixed_sql-4-0-contended,10_-7477484057581112166_true,970,38.906628999999974,970,9627c3632787ab65dc8f8cd646685704337a625e64ba1c45ceeaa719fe208304
fixed_sql-4-0-contended,10_-7676915344437841334_true,8,0.007934,0,587fa628a9fe4642ac0e22825a97e81d388af674f7251a9fb699f96901dcb710
fixed_sql-4-0-contended,10_1033802039123175271_true,196,2568.7869900000023,196,e819be7fb057a82b354deac1ce64d7a14ca65977f53ef48880ce60e7c39d25d1
fixed_sql-4-0-contended,10_1407442300845343054_true,19,0.32343099999999997,0,11b39d76b8a64074fa231a30611cd671f641db90c85fff205bd04701a9e700fb
fixed_sql-4-0-contended,10_1516204262266125831_true,450,12.47187300000001,450,e169d97b39de2de9e691007670fd3af5dbde5d70d56d831386a92f310ca3ea15
fixed_sql-4-0-contended,10_1731465853063539113_true,258,40.05298199999999,258,5be3a8d53aceda658f2dae7a68e2fe254eaaadbdd41d490face8824895d710b4
fixed_sql-4-0-contended,10_1767282781953035540_true,448,21.374706999999997,1600,0f293e8ff0f0e1890d430270763675b49f06f33b864106eeefe2ab77c810e8c8
fixed_sql-4-0-contended,10_1779149457895871573_true,4,0.45131299999999996,24,54e5d7d708a74c6fd6544d783f0a2a1e30b8b6a5227d6da2495a76df03d8d2a8
fixed_sql-4-0-contended,10_2096569030600054063_true,258,7.664790999999998,258,c9e8e165a338ac836ded5aa8f5e86a0385b9bfe21d62581fb04832d3db7a1436
fixed_sql-4-0-contended,10_2267975671437662225_true,258,72.05422700000001,258,7c1209b5f81463c042e65511d9fc2660c84845d54e555b315f3e021244da0e43
fixed_sql-4-0-contended,10_272815608956864943_true,596,19.754808999999987,596,19fcbfeabe76d434f20ea5fae408ee9841da6e733f879379f7efbbdd715c56e2
fixed_sql-4-0-contended,10_3077585829638170063_true,258,157.15693399999986,258,687e79bbc1ec03b14f500126657c21c6a06eb4298839db2c813f29dda3833373
fixed_sql-4-0-contended,10_3175560230803026983_true,258,4.833567999999996,258,7e4a7862cfb3876ac23318104c891ea05802ddda717ec18dcd7b96526b130cb1
fixed_sql-4-0-contended,10_3491474400644981095_true,19,0.429712,0,0665206a738062fc40135852d5359182da357ccd026bd36dab1c81f5159ce3ca
fixed_sql-4-0-contended,10_4613823412944004157_true,16,0.38851500000000005,0,900b904f3d660d5d3945ac37a395d40d74717d8a07c45f5e13597effde553956
fixed_sql-4-0-contended,10_4656313577910830320_true,196,54.45254699999999,196,a594e138cb3d18f9604403cdd6e641756e815005e18689fc566d5d947409de4e
fixed_sql-4-0-contended,10_4854991825702068830_true,1786,1.3052390000000005,0,a8402858d4f1e1d27afee976520485ebb4b96a5387355b823f0d0b8079729032
fixed_sql-4-0-contended,10_5603963236059248545_true,19,0.31319300000000005,0,1a7c7421aae884c9ad6dea6b7c7717e6cc103595ddcdbdfb235b5c8dee785c5c
fixed_sql-4-0-contended,10_6097083398544187049_true,1,5.01E-4,0,79663c1d3b43ceaf9ee728e501c64b57ae2e4d6cb36ff5c65eddcda1de27342f
fixed_sql-4-0-contended,10_614676945849492516_true,19,12.420279000000003,0,62b398df9124d865936994039a924eb7b70f9c5572e7030bf0c2a251bcea333a
fixed_sql-4-0-contended,10_6617438240737550109_true,1,0.074911,3,e3f26b4e29b4a7250e7771ea0f1047eb5bbde6b9e4ae3570b6725623a388fa6c
fixed_sql-4-0-contended,10_8004310239819770328_true,196,4.424044999999999,196,9bfad657bb875e10805ca81a661d09001022e8a32b91c57d1d8a4bd9cd0a53c9
fixed_sql-4-0-contended,10_8085437714887874422_true,450,160.69998299999997,448,1a5346cdb428ad7e820bb07aee152260cab9a3ebbf0f2b06567f88f9a6f02341
fixed_sql-4-0-contended,10_831126298545652160_true,4,0.37373599999999996,28,7216db1b4f01955b020adfdaf0d1537d45f7e7ada3bcb50563d14cf0134deccf
fixed_sql-4-0-contended,10_9091044686983837465_true,386,33.35032899999998,386,84dfa94eec8a34624f7259661a2e4558d8950e4987d2799e4d4d959131dc4ff6
fixed_sql-4-0-mixed,10_-1052881757650665872_true,194,56.99976399999998,194,fd5eb69aa72a67eaa6834c3b8a7cd13d1ce88f4afb01f6ba3a2afff48fa5e00a
fixed_sql-4-0-mixed,10_-1402584087708913972_true,1226,38.237472999999966,1225,352fbeb1379fc328ef8b1508b0dce3809dedf7bcc37380bf175c27ba5d47aaaf
fixed_sql-4-0-mixed,10_-2009659903980438264_true,9,0.6132299999999999,9,af0f73f4c1b00b9ef923a36431f245937f4a1746f3a94effdeddc55b59c97663
fixed_sql-4-0-mixed,10_-2855378371138922046_true,809,22.99037299999999,809,1e355565d2f9d2d725a6c113ab9c3cbd5f0a1e079360fa050b0f7d154a00ecfb
fixed_sql-4-0-mixed,10_-3832981572635927287_true,194,6.6969920000000025,194,b9aa0556b6ebbf56a3dc07649ba62fc021fcc1b4ab045cfb1ec487d7709924ad
fixed_sql-4-0-mixed,10_-3860739276665616125_true,1,0.070734,1,a3ba3c2b1babefc6a0d87dee1697a42c514b779b41f724f94f2f7b03a3f2cc4f
fixed_sql-4-0-mixed,10_-4044405742537025589_true,16,0.51866,0,d35b4539f071bcc06db7031ca8cc975ca2043bb09c2be4f155b07f15d8955db6
fixed_sql-4-0-mixed,10_-4202626520741838959_true,16,0.735179,0,12e05f0048b04c42d73fa08be525c579118e635c63ada3ed0e8812d8d1023dd1
fixed_sql-4-0-mixed,10_-4809885398804894281_true,392,222.05567000000002,392,92ce1667148ac440c8788c3d3af00d2c3b9422ff8d9e0859d4748a74389b9996
fixed_sql-4-0-mixed,10_-4819928050126555128_true,194,64.13967099999996,194,477d13bbca42f7fea2eee5fae48829f553932ea70abc08f3481950fc111f9933
fixed_sql-4-0-mixed,10_-5198611253100323484_true,194,4.451979999999997,194,7023ede274147bdf32196bb22065e88162316eb4895843571324ba855be65e93
fixed_sql-4-0-mixed,10_-5239448546576074090_true,194,6.877991000000002,888,0be1f76876c6d9a758e837f5a84b512f0e4fd26933058437b47ca0b26edbe5e6
fixed_sql-4-0-mixed,10_-5638955352960985681_true,16,0.18777400000000002,0,506ebcd04bd91cb7937fc70d0015974155147795a1c46f002c0bb0fb06ec708d
fixed_sql-4-0-mixed,10_-6238842771805104800_true,194,6.235867999999999,194,49773b6f878393bd324582d4599c51543223cec6aa2311d43a8b7efad1a9c68f
fixed_sql-4-0-mixed,10_-6339237704490227906_true,419,0.9670739999999999,419,2461f8bb8070d8f1e4e669943dfb1cc042ed3e05c56721efdd125ae68b55f78c
fixed_sql-4-0-mixed,10_-6842937031447782956_true,392,341.5263669999999,392,00b521f1d47ad8f9260913ab55502fd00e830befb813e1cd4c76e5d5b4f28d71
fixed_sql-4-0-mixed,10_-7159942097980501218_true,194,131.85490299999998,194,6ae7b188f5d5f6f8fb8fcba3b92b5a772061a6f4b373bde9ca538360aa483b33
fixed_sql-4-0-mixed,10_-7477484057581112166_true,869,35.65156599999997,869,9627c3632787ab65dc8f8cd646685704337a625e64ba1c45ceeaa719fe208304
fixed_sql-4-0-mixed,10_-7676915344437841334_true,8,0.007934,0,587fa628a9fe4642ac0e22825a97e81d388af674f7251a9fb699f96901dcb710
fixed_sql-4-0-mixed,10_1033802039123175271_true,194,2568.7349310000022,194,e819be7fb057a82b354deac1ce64d7a14ca65977f53ef48880ce60e7c39d25d1
fixed_sql-4-0-mixed,10_1407442300845343054_true,16,0.263639,0,11b39d76b8a64074fa231a30611cd671f641db90c85fff205bd04701a9e700fb
fixed_sql-4-0-mixed,10_1516204262266125831_true,417,11.694064000000006,417,e169d97b39de2de9e691007670fd3af5dbde5d70d56d831386a92f310ca3ea15
fixed_sql-4-0-mixed,10_1731465853063539113_true,225,35.230166,225,5be3a8d53aceda658f2dae7a68e2fe254eaaadbdd41d490face8824895d710b4
fixed_sql-4-0-mixed,10_1767282781953035540_true,416,20.581905999999993,1568,0f293e8ff0f0e1890d430270763675b49f06f33b864106eeefe2ab77c810e8c8
fixed_sql-4-0-mixed,10_1779149457895871573_true,4,0.45131299999999996,24,54e5d7d708a74c6fd6544d783f0a2a1e30b8b6a5227d6da2495a76df03d8d2a8
fixed_sql-4-0-mixed,10_2096569030600054063_true,225,6.666505999999999,225,c9e8e165a338ac836ded5aa8f5e86a0385b9bfe21d62581fb04832d3db7a1436
fixed_sql-4-0-mixed,10_2267975671437662225_true,225,63.76755700000002,225,7c1209b5f81463c042e65511d9fc2660c84845d54e555b315f3e021244da0e43
fixed_sql-4-0-mixed,10_272815608956864943_true,586,19.567565999999992,586,19fcbfeabe76d434f20ea5fae408ee9841da6e733f879379f7efbbdd715c56e2
fixed_sql-4-0-mixed,10_3077585829638170063_true,225,140.3847459999999,225,687e79bbc1ec03b14f500126657c21c6a06eb4298839db2c813f29dda3833373
fixed_sql-4-0-mixed,10_3175560230803026983_true,225,4.3378539999999965,225,7e4a7862cfb3876ac23318104c891ea05802ddda717ec18dcd7b96526b130cb1
fixed_sql-4-0-mixed,10_3491474400644981095_true,16,0.340853,0,0665206a738062fc40135852d5359182da357ccd026bd36dab1c81f5159ce3ca
fixed_sql-4-0-mixed,10_4613823412944004157_true,16,0.38851500000000005,0,900b904f3d660d5d3945ac37a395d40d74717d8a07c45f5e13597effde553956
fixed_sql-4-0-mixed,10_4656313577910830320_true,194,54.10578099999999,194,a594e138cb3d18f9604403cdd6e641756e815005e18689fc566d5d947409de4e
fixed_sql-4-0-mixed,10_4854991825702068830_true,1667,1.2384080000000004,0,a8402858d4f1e1d27afee976520485ebb4b96a5387355b823f0d0b8079729032
fixed_sql-4-0-mixed,10_5603963236059248545_true,16,0.263709,0,1a7c7421aae884c9ad6dea6b7c7717e6cc103595ddcdbdfb235b5c8dee785c5c
fixed_sql-4-0-mixed,10_6097083398544187049_true,1,5.01E-4,0,79663c1d3b43ceaf9ee728e501c64b57ae2e4d6cb36ff5c65eddcda1de27342f
fixed_sql-4-0-mixed,10_614676945849492516_true,16,10.572336000000002,0,62b398df9124d865936994039a924eb7b70f9c5572e7030bf0c2a251bcea333a
fixed_sql-4-0-mixed,10_6617438240737550109_true,1,0.074911,3,e3f26b4e29b4a7250e7771ea0f1047eb5bbde6b9e4ae3570b6725623a388fa6c
fixed_sql-4-0-mixed,10_8004310239819770328_true,194,4.3847109999999985,194,9bfad657bb875e10805ca81a661d09001022e8a32b91c57d1d8a4bd9cd0a53c9
fixed_sql-4-0-mixed,10_8085437714887874422_true,417,127.52313799999999,416,1a5346cdb428ad7e820bb07aee152260cab9a3ebbf0f2b06567f88f9a6f02341
fixed_sql-4-0-mixed,10_831126298545652160_true,4,0.37373599999999996,28,7216db1b4f01955b020adfdaf0d1537d45f7e7ada3bcb50563d14cf0134deccf
fixed_sql-4-0-mixed,10_9091044686983837465_true,385,33.29888199999998,385,84dfa94eec8a34624f7259661a2e4558d8950e4987d2799e4d4d959131dc4ff6
fixed_sql-4-1-contended,10_-1052881757650665872_true,294,84.541648,294,fd5eb69aa72a67eaa6834c3b8a7cd13d1ce88f4afb01f6ba3a2afff48fa5e00a
fixed_sql-4-1-contended,10_-1402584087708913972_true,1950,60.098553999999986,1947,352fbeb1379fc328ef8b1508b0dce3809dedf7bcc37380bf175c27ba5d47aaaf
fixed_sql-4-1-contended,10_-2009659903980438264_true,9,0.6132299999999999,9,af0f73f4c1b00b9ef923a36431f245937f4a1746f3a94effdeddc55b59c97663
fixed_sql-4-1-contended,10_-2855378371138922046_true,1275,35.75628400000008,1275,1e355565d2f9d2d725a6c113ab9c3cbd5f0a1e079360fa050b0f7d154a00ecfb
fixed_sql-4-1-contended,10_-3832981572635927287_true,294,11.297346000000006,294,b9aa0556b6ebbf56a3dc07649ba62fc021fcc1b4ab045cfb1ec487d7709924ad
fixed_sql-4-1-contended,10_-3860739276665616125_true,3,0.186643,3,a3ba3c2b1babefc6a0d87dee1697a42c514b779b41f724f94f2f7b03a3f2cc4f
fixed_sql-4-1-contended,10_-4044405742537025589_true,25,0.7848730000000002,0,d35b4539f071bcc06db7031ca8cc975ca2043bb09c2be4f155b07f15d8955db6
fixed_sql-4-1-contended,10_-4202626520741838959_true,25,1.0189350000000001,0,12e05f0048b04c42d73fa08be525c579118e635c63ada3ed0e8812d8d1023dd1
fixed_sql-4-1-contended,10_-4809885398804894281_true,600,333.3604980000002,600,92ce1667148ac440c8788c3d3af00d2c3b9422ff8d9e0859d4748a74389b9996
fixed_sql-4-1-contended,10_-4819928050126555128_true,294,88.60557099999994,294,477d13bbca42f7fea2eee5fae48829f553932ea70abc08f3481950fc111f9933
fixed_sql-4-1-contended,10_-5198611253100323484_true,294,6.672822000000001,294,7023ede274147bdf32196bb22065e88162316eb4895843571324ba855be65e93
fixed_sql-4-1-contended,10_-5239448546576074090_true,294,10.878324000000005,1782,0be1f76876c6d9a758e837f5a84b512f0e4fd26933058437b47ca0b26edbe5e6
fixed_sql-4-1-contended,10_-5638955352960985681_true,24,0.24945,0,506ebcd04bd91cb7937fc70d0015974155147795a1c46f002c0bb0fb06ec708d
fixed_sql-4-1-contended,10_-6238842771805104800_true,294,9.107577,294,49773b6f878393bd324582d4599c51543223cec6aa2311d43a8b7efad1a9c68f
fixed_sql-4-1-contended,10_-6339237704490227906_true,681,1.4860879999999999,681,2461f8bb8070d8f1e4e669943dfb1cc042ed3e05c56721efdd125ae68b55f78c
fixed_sql-4-1-contended,10_-6842937031447782956_true,600,501.13665699999996,600,00b521f1d47ad8f9260913ab55502fd00e830befb813e1cd4c76e5d5b4f28d71
fixed_sql-4-1-contended,10_-7159942097980501218_true,294,190.67619699999986,294,6ae7b188f5d5f6f8fb8fcba3b92b5a772061a6f4b373bde9ca538360aa483b33
fixed_sql-4-1-contended,10_-7477484057581112166_true,1455,56.61162000000003,1455,9627c3632787ab65dc8f8cd646685704337a625e64ba1c45ceeaa719fe208304
fixed_sql-4-1-contended,10_-7676915344437841334_true,8,0.007934,0,587fa628a9fe4642ac0e22825a97e81d388af674f7251a9fb699f96901dcb710
fixed_sql-4-1-contended,10_1033802039123175271_true,294,3679.1356610000043,294,e819be7fb057a82b354deac1ce64d7a14ca65977f53ef48880ce60e7c39d25d1
fixed_sql-4-1-contended,10_1407442300845343054_true,26,0.46761400000000003,0,11b39d76b8a64074fa231a30611cd671f641db90c85fff205bd04701a9e700fb
fixed_sql-4-1-contended,10_1516204262266125831_true,675,18.554926999999996,675,e169d97b39de2de9e691007670fd3af5dbde5d70d56d831386a92f310ca3ea15
fixed_sql-4-1-contended,10_1731465853063539113_true,387,58.99402800000001,387,5be3a8d53aceda658f2dae7a68e2fe254eaaadbdd41d490face8824895d710b4
fixed_sql-4-1-contended,10_1767282781953035540_true,672,34.62760699999999,3264,0f293e8ff0f0e1890d430270763675b49f06f33b864106eeefe2ab77c810e8c8
fixed_sql-4-1-contended,10_1779149457895871573_true,4,0.45131299999999996,24,54e5d7d708a74c6fd6544d783f0a2a1e30b8b6a5227d6da2495a76df03d8d2a8
fixed_sql-4-1-contended,10_2096569030600054063_true,387,11.652742000000002,387,c9e8e165a338ac836ded5aa8f5e86a0385b9bfe21d62581fb04832d3db7a1436
fixed_sql-4-1-contended,10_2267975671437662225_true,387,107.30740599999992,387,7c1209b5f81463c042e65511d9fc2660c84845d54e555b315f3e021244da0e43
fixed_sql-4-1-contended,10_272815608956864943_true,894,29.248103999999987,894,19fcbfeabe76d434f20ea5fae408ee9841da6e733f879379f7efbbdd715c56e2
fixed_sql-4-1-contended,10_3077585829638170063_true,387,224.89553099999998,387,687e79bbc1ec03b14f500126657c21c6a06eb4298839db2c813f29dda3833373
fixed_sql-4-1-contended,10_3175560230803026983_true,387,7.322279999999991,387,7e4a7862cfb3876ac23318104c891ea05802ddda717ec18dcd7b96526b130cb1
fixed_sql-4-1-contended,10_3491474400644981095_true,25,0.619251,0,0665206a738062fc40135852d5359182da357ccd026bd36dab1c81f5159ce3ca
fixed_sql-4-1-contended,10_4613823412944004157_true,24,0.5464630000000001,0,900b904f3d660d5d3945ac37a395d40d74717d8a07c45f5e13597effde553956
fixed_sql-4-1-contended,10_4656313577910830320_true,294,76.00549600000004,294,a594e138cb3d18f9604403cdd6e641756e815005e18689fc566d5d947409de4e
fixed_sql-4-1-contended,10_4854991825702068830_true,2674,1.9345160000000012,0,a8402858d4f1e1d27afee976520485ebb4b96a5387355b823f0d0b8079729032
fixed_sql-4-1-contended,10_5603963236059248545_true,25,0.43875900000000007,0,1a7c7421aae884c9ad6dea6b7c7717e6cc103595ddcdbdfb235b5c8dee785c5c
fixed_sql-4-1-contended,10_6097083398544187049_true,1,5.01E-4,0,79663c1d3b43ceaf9ee728e501c64b57ae2e4d6cb36ff5c65eddcda1de27342f
fixed_sql-4-1-contended,10_614676945849492516_true,25,16.001589000000003,0,62b398df9124d865936994039a924eb7b70f9c5572e7030bf0c2a251bcea333a
fixed_sql-4-1-contended,10_6617438240737550109_true,1,0.074911,3,e3f26b4e29b4a7250e7771ea0f1047eb5bbde6b9e4ae3570b6725623a388fa6c
fixed_sql-4-1-contended,10_8004310239819770328_true,294,6.7237279999999995,294,9bfad657bb875e10805ca81a661d09001022e8a32b91c57d1d8a4bd9cd0a53c9
fixed_sql-4-1-contended,10_8085437714887874422_true,675,276.83762400000006,672,1a5346cdb428ad7e820bb07aee152260cab9a3ebbf0f2b06567f88f9a6f02341
fixed_sql-4-1-contended,10_831126298545652160_true,4,0.37373599999999996,28,7216db1b4f01955b020adfdaf0d1537d45f7e7ada3bcb50563d14cf0134deccf
fixed_sql-4-1-contended,10_9091044686983837465_true,579,48.51825299999993,579,84dfa94eec8a34624f7259661a2e4558d8950e4987d2799e4d4d959131dc4ff6
fixed_sql-4-1-mixed,10_-1052881757650665872_true,292,84.01702699999998,292,fd5eb69aa72a67eaa6834c3b8a7cd13d1ce88f4afb01f6ba3a2afff48fa5e00a
fixed_sql-4-1-mixed,10_-1402584087708913972_true,1876,58.15431300000001,1874,352fbeb1379fc328ef8b1508b0dce3809dedf7bcc37380bf175c27ba5d47aaaf
fixed_sql-4-1-mixed,10_-2009659903980438264_true,9,0.6132299999999999,9,af0f73f4c1b00b9ef923a36431f245937f4a1746f3a94effdeddc55b59c97663
fixed_sql-4-1-mixed,10_-2855378371138922046_true,1234,34.59669100000006,1234,1e355565d2f9d2d725a6c113ab9c3cbd5f0a1e079360fa050b0f7d154a00ecfb
fixed_sql-4-1-mixed,10_-3832981572635927287_true,292,11.209470000000007,292,b9aa0556b6ebbf56a3dc07649ba62fc021fcc1b4ab045cfb1ec487d7709924ad
fixed_sql-4-1-mixed,10_-3860739276665616125_true,2,0.128062,2,a3ba3c2b1babefc6a0d87dee1697a42c514b779b41f724f94f2f7b03a3f2cc4f
fixed_sql-4-1-mixed,10_-4044405742537025589_true,24,0.7680510000000002,0,d35b4539f071bcc06db7031ca8cc975ca2043bb09c2be4f155b07f15d8955db6
fixed_sql-4-1-mixed,10_-4202626520741838959_true,24,0.9863730000000002,0,12e05f0048b04c42d73fa08be525c579118e635c63ada3ed0e8812d8d1023dd1
fixed_sql-4-1-mixed,10_-4809885398804894281_true,592,330.9938460000002,592,92ce1667148ac440c8788c3d3af00d2c3b9422ff8d9e0859d4748a74389b9996
fixed_sql-4-1-mixed,10_-4819928050126555128_true,292,88.18542599999994,292,477d13bbca42f7fea2eee5fae48829f553932ea70abc08f3481950fc111f9933
fixed_sql-4-1-mixed,10_-5198611253100323484_true,292,6.639599000000001,292,7023ede274147bdf32196bb22065e88162316eb4895843571324ba855be65e93
fixed_sql-4-1-mixed,10_-5239448546576074090_true,292,10.817649000000005,1769,0be1f76876c6d9a758e837f5a84b512f0e4fd26933058437b47ca0b26edbe5e6
fixed_sql-4-1-mixed,10_-5638955352960985681_true,24,0.24945,0,506ebcd04bd91cb7937fc70d0015974155147795a1c46f002c0bb0fb06ec708d
fixed_sql-4-1-mixed,10_-6238842771805104800_true,292,9.059115999999998,292,49773b6f878393bd324582d4599c51543223cec6aa2311d43a8b7efad1a9c68f
fixed_sql-4-1-mixed,10_-6339237704490227906_true,646,1.4137779999999993,646,2461f8bb8070d8f1e4e669943dfb1cc042ed3e05c56721efdd125ae68b55f78c
fixed_sql-4-1-mixed,10_-6842937031447782956_true,592,497.0219979999999,592,00b521f1d47ad8f9260913ab55502fd00e830befb813e1cd4c76e5d5b4f28d71
fixed_sql-4-1-mixed,10_-7159942097980501218_true,292,189.65007699999987,292,6ae7b188f5d5f6f8fb8fcba3b92b5a772061a6f4b373bde9ca538360aa483b33
fixed_sql-4-1-mixed,10_-7477484057581112166_true,1354,53.14344499999999,1354,9627c3632787ab65dc8f8cd646685704337a625e64ba1c45ceeaa719fe208304
fixed_sql-4-1-mixed,10_-7676915344437841334_true,8,0.007934,0,587fa628a9fe4642ac0e22825a97e81d388af674f7251a9fb699f96901dcb710
fixed_sql-4-1-mixed,10_1033802039123175271_true,292,3679.0812570000044,292,e819be7fb057a82b354deac1ce64d7a14ca65977f53ef48880ce60e7c39d25d1
fixed_sql-4-1-mixed,10_1407442300845343054_true,24,0.42667700000000003,0,11b39d76b8a64074fa231a30611cd671f641db90c85fff205bd04701a9e700fb
fixed_sql-4-1-mixed,10_1516204262266125831_true,642,17.592027999999996,642,e169d97b39de2de9e691007670fd3af5dbde5d70d56d831386a92f310ca3ea15
fixed_sql-4-1-mixed,10_1731465853063539113_true,354,54.11758400000001,354,5be3a8d53aceda658f2dae7a68e2fe254eaaadbdd41d490face8824895d710b4
fixed_sql-4-1-mixed,10_1767282781953035540_true,640,33.232548999999985,3232,0f293e8ff0f0e1890d430270763675b49f06f33b864106eeefe2ab77c810e8c8
fixed_sql-4-1-mixed,10_1779149457895871573_true,4,0.45131299999999996,24,54e5d7d708a74c6fd6544d783f0a2a1e30b8b6a5227d6da2495a76df03d8d2a8
fixed_sql-4-1-mixed,10_2096569030600054063_true,354,10.686424,354,c9e8e165a338ac836ded5aa8f5e86a0385b9bfe21d62581fb04832d3db7a1436
fixed_sql-4-1-mixed,10_2267975671437662225_true,354,98.45856199999994,354,7c1209b5f81463c042e65511d9fc2660c84845d54e555b315f3e021244da0e43
fixed_sql-4-1-mixed,10_272815608956864943_true,884,29.085354999999982,884,19fcbfeabe76d434f20ea5fae408ee9841da6e733f879379f7efbbdd715c56e2
fixed_sql-4-1-mixed,10_3077585829638170063_true,354,206.61790999999994,354,687e79bbc1ec03b14f500126657c21c6a06eb4298839db2c813f29dda3833373
fixed_sql-4-1-mixed,10_3175560230803026983_true,354,6.489756999999992,354,7e4a7862cfb3876ac23318104c891ea05802ddda717ec18dcd7b96526b130cb1
fixed_sql-4-1-mixed,10_3491474400644981095_true,24,0.590316,0,0665206a738062fc40135852d5359182da357ccd026bd36dab1c81f5159ce3ca
fixed_sql-4-1-mixed,10_4613823412944004157_true,24,0.5464630000000001,0,900b904f3d660d5d3945ac37a395d40d74717d8a07c45f5e13597effde553956
fixed_sql-4-1-mixed,10_4656313577910830320_true,292,75.62517700000004,292,a594e138cb3d18f9604403cdd6e641756e815005e18689fc566d5d947409de4e
fixed_sql-4-1-mixed,10_4854991825702068830_true,2558,1.8663130000000014,0,a8402858d4f1e1d27afee976520485ebb4b96a5387355b823f0d0b8079729032
fixed_sql-4-1-mixed,10_5603963236059248545_true,24,0.42653500000000005,0,1a7c7421aae884c9ad6dea6b7c7717e6cc103595ddcdbdfb235b5c8dee785c5c
fixed_sql-4-1-mixed,10_6097083398544187049_true,1,5.01E-4,0,79663c1d3b43ceaf9ee728e501c64b57ae2e4d6cb36ff5c65eddcda1de27342f
fixed_sql-4-1-mixed,10_614676945849492516_true,24,15.392697000000002,0,62b398df9124d865936994039a924eb7b70f9c5572e7030bf0c2a251bcea333a
fixed_sql-4-1-mixed,10_6617438240737550109_true,1,0.074911,3,e3f26b4e29b4a7250e7771ea0f1047eb5bbde6b9e4ae3570b6725623a388fa6c
fixed_sql-4-1-mixed,10_8004310239819770328_true,292,6.68223,292,9bfad657bb875e10805ca81a661d09001022e8a32b91c57d1d8a4bd9cd0a53c9
fixed_sql-4-1-mixed,10_8085437714887874422_true,642,169.3689500000001,640,1a5346cdb428ad7e820bb07aee152260cab9a3ebbf0f2b06567f88f9a6f02341
fixed_sql-4-1-mixed,10_831126298545652160_true,4,0.37373599999999996,28,7216db1b4f01955b020adfdaf0d1537d45f7e7ada3bcb50563d14cf0134deccf
fixed_sql-4-1-mixed,10_9091044686983837465_true,578,48.42599899999993,578,84dfa94eec8a34624f7259661a2e4558d8950e4987d2799e4d4d959131dc4ff6
fixed_sql-4-2-contended,10_-1052881757650665872_true,392,110.05080199999999,392,fd5eb69aa72a67eaa6834c3b8a7cd13d1ce88f4afb01f6ba3a2afff48fa5e00a
fixed_sql-4-2-contended,10_-1402584087708913972_true,2600,81.04460500000003,2596,352fbeb1379fc328ef8b1508b0dce3809dedf7bcc37380bf175c27ba5d47aaaf
fixed_sql-4-2-contended,10_-2009659903980438264_true,9,0.6132299999999999,9,af0f73f4c1b00b9ef923a36431f245937f4a1746f3a94effdeddc55b59c97663
fixed_sql-4-2-contended,10_-2855378371138922046_true,1700,47.33932700000004,1700,1e355565d2f9d2d725a6c113ab9c3cbd5f0a1e079360fa050b0f7d154a00ecfb
fixed_sql-4-2-contended,10_-3832981572635927287_true,392,13.863313000000003,392,b9aa0556b6ebbf56a3dc07649ba62fc021fcc1b4ab045cfb1ec487d7709924ad
fixed_sql-4-2-contended,10_-3860739276665616125_true,4,0.276382,4,a3ba3c2b1babefc6a0d87dee1697a42c514b779b41f724f94f2f7b03a3f2cc4f
fixed_sql-4-2-contended,10_-4044405742537025589_true,34,1.1098069999999998,0,d35b4539f071bcc06db7031ca8cc975ca2043bb09c2be4f155b07f15d8955db6
fixed_sql-4-2-contended,10_-4202626520741838959_true,36,1.3112370000000002,0,12e05f0048b04c42d73fa08be525c579118e635c63ada3ed0e8812d8d1023dd1
fixed_sql-4-2-contended,10_-4809885398804894281_true,800,441.72157799999997,800,92ce1667148ac440c8788c3d3af00d2c3b9422ff8d9e0859d4748a74389b9996
fixed_sql-4-2-contended,10_-4819928050126555128_true,392,112.26950299999993,392,477d13bbca42f7fea2eee5fae48829f553932ea70abc08f3481950fc111f9933
fixed_sql-4-2-contended,10_-5198611253100323484_true,392,8.385508000000003,392,7023ede274147bdf32196bb22065e88162316eb4895843571324ba855be65e93
fixed_sql-4-2-contended,10_-5239448546576074090_true,392,15.001616000000004,2959,0be1f76876c6d9a758e837f5a84b512f0e4fd26933058437b47ca0b26edbe5e6
fixed_sql-4-2-contended,10_-5638955352960985681_true,32,0.3204759999999999,0,506ebcd04bd91cb7937fc70d0015974155147795a1c46f002c0bb0fb06ec708d
fixed_sql-4-2-contended,10_-6238842771805104800_true,392,11.756139999999998,392,49773b6f878393bd324582d4599c51543223cec6aa2311d43a8b7efad1a9c68f
fixed_sql-4-2-contended,10_-6339237704490227906_true,908,1.926277000000001,908,2461f8bb8070d8f1e4e669943dfb1cc042ed3e05c56721efdd125ae68b55f78c
fixed_sql-4-2-contended,10_-6842937031447782956_true,800,658.7181659999994,800,00b521f1d47ad8f9260913ab55502fd00e830befb813e1cd4c76e5d5b4f28d71
fixed_sql-4-2-contended,10_-7159942097980501218_true,392,247.0151309999998,392,6ae7b188f5d5f6f8fb8fcba3b92b5a772061a6f4b373bde9ca538360aa483b33
fixed_sql-4-2-contended,10_-7477484057581112166_true,1940,74.42918900000001,1940,9627c3632787ab65dc8f8cd646685704337a625e64ba1c45ceeaa719fe208304
fixed_sql-4-2-contended,10_-7676915344437841334_true,8,0.007934,0,587fa628a9fe4642ac0e22825a97e81d388af674f7251a9fb699f96901dcb710
fixed_sql-4-2-contended,10_1033802039123175271_true,392,4704.669988000003,392,e819be7fb057a82b354deac1ce64d7a14ca65977f53ef48880ce60e7c39d25d1
fixed_sql-4-2-contended,10_1407442300845343054_true,35,0.7379550000000001,0,11b39d76b8a64074fa231a30611cd671f641db90c85fff205bd04701a9e700fb
fixed_sql-4-2-contended,10_1516204262266125831_true,900,24.50855799999997,900,e169d97b39de2de9e691007670fd3af5dbde5d70d56d831386a92f310ca3ea15
fixed_sql-4-2-contended,10_1731465853063539113_true,516,79.16789500000002,516,5be3a8d53aceda658f2dae7a68e2fe254eaaadbdd41d490face8824895d710b4
fixed_sql-4-2-contended,10_1767282781953035540_true,896,55.17611899999998,5504,0f293e8ff0f0e1890d430270763675b49f06f33b864106eeefe2ab77c810e8c8
fixed_sql-4-2-contended,10_1779149457895871573_true,4,0.45131299999999996,24,54e5d7d708a74c6fd6544d783f0a2a1e30b8b6a5227d6da2495a76df03d8d2a8
fixed_sql-4-2-contended,10_2096569030600054063_true,516,15.63908,516,c9e8e165a338ac836ded5aa8f5e86a0385b9bfe21d62581fb04832d3db7a1436
fixed_sql-4-2-contended,10_2267975671437662225_true,516,139.4508459999999,516,7c1209b5f81463c042e65511d9fc2660c84845d54e555b315f3e021244da0e43
fixed_sql-4-2-contended,10_272815608956864943_true,1192,39.379099000000046,1192,19fcbfeabe76d434f20ea5fae408ee9841da6e733f879379f7efbbdd715c56e2
fixed_sql-4-2-contended,10_3077585829638170063_true,516,287.19181899999984,516,687e79bbc1ec03b14f500126657c21c6a06eb4298839db2c813f29dda3833373
fixed_sql-4-2-contended,10_3175560230803026983_true,516,10.065641999999986,516,7e4a7862cfb3876ac23318104c891ea05802ddda717ec18dcd7b96526b130cb1
fixed_sql-4-2-contended,10_3491474400644981095_true,35,0.953674,0,0665206a738062fc40135852d5359182da357ccd026bd36dab1c81f5159ce3ca
fixed_sql-4-2-contended,10_4613823412944004157_true,32,0.712968,0,900b904f3d660d5d3945ac37a395d40d74717d8a07c45f5e13597effde553956
fixed_sql-4-2-contended,10_4656313577910830320_true,392,99.163825,392,a594e138cb3d18f9604403cdd6e641756e815005e18689fc566d5d947409de4e
fixed_sql-4-2-contended,10_4854991825702068830_true,3568,2.578495000000003,0,a8402858d4f1e1d27afee976520485ebb4b96a5387355b823f0d0b8079729032
fixed_sql-4-2-contended,10_5603963236059248545_true,36,0.709864,0,1a7c7421aae884c9ad6dea6b7c7717e6cc103595ddcdbdfb235b5c8dee785c5c
fixed_sql-4-2-contended,10_6097083398544187049_true,1,5.01E-4,0,79663c1d3b43ceaf9ee728e501c64b57ae2e4d6cb36ff5c65eddcda1de27342f
fixed_sql-4-2-contended,10_614676945849492516_true,34,22.563616000000007,0,62b398df9124d865936994039a924eb7b70f9c5572e7030bf0c2a251bcea333a
fixed_sql-4-2-contended,10_6617438240737550109_true,1,0.074911,3,e3f26b4e29b4a7250e7771ea0f1047eb5bbde6b9e4ae3570b6725623a388fa6c
fixed_sql-4-2-contended,10_8004310239819770328_true,392,8.637504000000002,392,9bfad657bb875e10805ca81a661d09001022e8a32b91c57d1d8a4bd9cd0a53c9
fixed_sql-4-2-contended,10_8085437714887874422_true,900,395.3270399999999,896,1a5346cdb428ad7e820bb07aee152260cab9a3ebbf0f2b06567f88f9a6f02341
fixed_sql-4-2-contended,10_831126298545652160_true,4,0.37373599999999996,28,7216db1b4f01955b020adfdaf0d1537d45f7e7ada3bcb50563d14cf0134deccf
fixed_sql-4-2-contended,10_9091044686983837465_true,772,63.95601199999989,772,84dfa94eec8a34624f7259661a2e4558d8950e4987d2799e4d4d959131dc4ff6
fixed_sql-4-2-mixed,10_-1052881757650665872_true,390,109.555656,390,fd5eb69aa72a67eaa6834c3b8a7cd13d1ce88f4afb01f6ba3a2afff48fa5e00a
fixed_sql-4-2-mixed,10_-1402584087708913972_true,2526,78.96853800000004,2523,352fbeb1379fc328ef8b1508b0dce3809dedf7bcc37380bf175c27ba5d47aaaf
fixed_sql-4-2-mixed,10_-2009659903980438264_true,9,0.6132299999999999,9,af0f73f4c1b00b9ef923a36431f245937f4a1746f3a94effdeddc55b59c97663
fixed_sql-4-2-mixed,10_-2855378371138922046_true,1659,46.13179200000004,1659,1e355565d2f9d2d725a6c113ab9c3cbd5f0a1e079360fa050b0f7d154a00ecfb
fixed_sql-4-2-mixed,10_-3832981572635927287_true,390,13.827214000000003,390,b9aa0556b6ebbf56a3dc07649ba62fc021fcc1b4ab045cfb1ec487d7709924ad
fixed_sql-4-2-mixed,10_-3860739276665616125_true,3,0.186643,3,a3ba3c2b1babefc6a0d87dee1697a42c514b779b41f724f94f2f7b03a3f2cc4f
fixed_sql-4-2-mixed,10_-4044405742537025589_true,32,1.0609039999999998,0,d35b4539f071bcc06db7031ca8cc975ca2043bb09c2be4f155b07f15d8955db6
fixed_sql-4-2-mixed,10_-4202626520741838959_true,32,1.2095960000000001,0,12e05f0048b04c42d73fa08be525c579118e635c63ada3ed0e8812d8d1023dd1
fixed_sql-4-2-mixed,10_-4809885398804894281_true,792,439.0896019999999,792,92ce1667148ac440c8788c3d3af00d2c3b9422ff8d9e0859d4748a74389b9996
fixed_sql-4-2-mixed,10_-4819928050126555128_true,390,111.70697999999993,390,477d13bbca42f7fea2eee5fae48829f553932ea70abc08f3481950fc111f9933
fixed_sql-4-2-mixed,10_-5198611253100323484_true,390,8.361302000000004,390,7023ede274147bdf32196bb22065e88162316eb4895843571324ba855be65e93
fixed_sql-4-2-mixed,10_-5239448546576074090_true,390,14.929189000000004,2934,0be1f76876c6d9a758e837f5a84b512f0e4fd26933058437b47ca0b26edbe5e6
fixed_sql-4-2-mixed,10_-5638955352960985681_true,32,0.3204759999999999,0,506ebcd04bd91cb7937fc70d0015974155147795a1c46f002c0bb0fb06ec708d
fixed_sql-4-2-mixed,10_-6238842771805104800_true,390,11.706055999999998,390,49773b6f878393bd324582d4599c51543223cec6aa2311d43a8b7efad1a9c68f
fixed_sql-4-2-mixed,10_-6339237704490227906_true,873,1.8638990000000009,873,2461f8bb8070d8f1e4e669943dfb1cc042ed3e05c56721efdd125ae68b55f78c
fixed_sql-4-2-mixed,10_-6842937031447782956_true,792,654.2632249999996,792,00b521f1d47ad8f9260913ab55502fd00e830befb813e1cd4c76e5d5b4f28d71
fixed_sql-4-2-mixed,10_-7159942097980501218_true,390,246.0810959999998,390,6ae7b188f5d5f6f8fb8fcba3b92b5a772061a6f4b373bde9ca538360aa483b33
fixed_sql-4-2-mixed,10_-7477484057581112166_true,1839,71.23442600000001,1839,9627c3632787ab65dc8f8cd646685704337a625e64ba1c45ceeaa719fe208304
fixed_sql-4-2-mixed,10_-7676915344437841334_true,8,0.007934,0,587fa628a9fe4642ac0e22825a97e81d388af674f7251a9fb699f96901dcb710
fixed_sql-4-2-mixed,10_1033802039123175271_true,390,4704.628429000003,390,e819be7fb057a82b354deac1ce64d7a14ca65977f53ef48880ce60e7c39d25d1
fixed_sql-4-2-mixed,10_1407442300845343054_true,32,0.662421,0,11b39d76b8a64074fa231a30611cd671f641db90c85fff205bd04701a9e700fb
fixed_sql-4-2-mixed,10_1516204262266125831_true,867,23.731099999999966,867,e169d97b39de2de9e691007670fd3af5dbde5d70d56d831386a92f310ca3ea15
fixed_sql-4-2-mixed,10_1731465853063539113_true,483,74.67817600000005,483,5be3a8d53aceda658f2dae7a68e2fe254eaaadbdd41d490face8824895d710b4
fixed_sql-4-2-mixed,10_1767282781953035540_true,864,54.16053799999996,5472,0f293e8ff0f0e1890d430270763675b49f06f33b864106eeefe2ab77c810e8c8
fixed_sql-4-2-mixed,10_1779149457895871573_true,4,0.45131299999999996,24,54e5d7d708a74c6fd6544d783f0a2a1e30b8b6a5227d6da2495a76df03d8d2a8
fixed_sql-4-2-mixed,10_2096569030600054063_true,483,14.476191,483,c9e8e165a338ac836ded5aa8f5e86a0385b9bfe21d62581fb04832d3db7a1436
fixed_sql-4-2-mixed,10_2267975671437662225_true,483,131.81055099999992,483,7c1209b5f81463c042e65511d9fc2660c84845d54e555b315f3e021244da0e43
fixed_sql-4-2-mixed,10_272815608956864943_true,1182,39.12848800000005,1182,19fcbfeabe76d434f20ea5fae408ee9841da6e733f879379f7efbbdd715c56e2
fixed_sql-4-2-mixed,10_3077585829638170063_true,483,271.555911,483,687e79bbc1ec03b14f500126657c21c6a06eb4298839db2c813f29dda3833373
fixed_sql-4-2-mixed,10_3175560230803026983_true,483,9.472596999999988,483,7e4a7862cfb3876ac23318104c891ea05802ddda717ec18dcd7b96526b130cb1
fixed_sql-4-2-mixed,10_3491474400644981095_true,32,0.868402,0,0665206a738062fc40135852d5359182da357ccd026bd36dab1c81f5159ce3ca
fixed_sql-4-2-mixed,10_4613823412944004157_true,32,0.712968,0,900b904f3d660d5d3945ac37a395d40d74717d8a07c45f5e13597effde553956
fixed_sql-4-2-mixed,10_4656313577910830320_true,390,98.77521100000001,390,a594e138cb3d18f9604403cdd6e641756e815005e18689fc566d5d947409de4e
fixed_sql-4-2-mixed,10_4854991825702068830_true,3449,2.503986000000002,0,a8402858d4f1e1d27afee976520485ebb4b96a5387355b823f0d0b8079729032
fixed_sql-4-2-mixed,10_5603963236059248545_true,32,0.6203350000000001,0,1a7c7421aae884c9ad6dea6b7c7717e6cc103595ddcdbdfb235b5c8dee785c5c
fixed_sql-4-2-mixed,10_6097083398544187049_true,1,5.01E-4,0,79663c1d3b43ceaf9ee728e501c64b57ae2e4d6cb36ff5c65eddcda1de27342f
fixed_sql-4-2-mixed,10_614676945849492516_true,32,21.031460000000006,0,62b398df9124d865936994039a924eb7b70f9c5572e7030bf0c2a251bcea333a
fixed_sql-4-2-mixed,10_6617438240737550109_true,1,0.074911,3,e3f26b4e29b4a7250e7771ea0f1047eb5bbde6b9e4ae3570b6725623a388fa6c
fixed_sql-4-2-mixed,10_8004310239819770328_true,390,8.618347000000002,390,9bfad657bb875e10805ca81a661d09001022e8a32b91c57d1d8a4bd9cd0a53c9
fixed_sql-4-2-mixed,10_8085437714887874422_true,867,287.76682300000004,864,1a5346cdb428ad7e820bb07aee152260cab9a3ebbf0f2b06567f88f9a6f02341
fixed_sql-4-2-mixed,10_831126298545652160_true,4,0.37373599999999996,28,7216db1b4f01955b020adfdaf0d1537d45f7e7ada3bcb50563d14cf0134deccf
fixed_sql-4-2-mixed,10_9091044686983837465_true,771,63.89591799999989,771,84dfa94eec8a34624f7259661a2e4558d8950e4987d2799e4d4d959131dc4ff6
