payload_bytes,sharing,concurrency,pool,path,sample,worker,read,elapsed_nanos,provider_nanos
4096,disjoint,1,24,pinned,-2,0,0,52576035,34284389
4096,disjoint,1,24,pinned,-2,0,1,13423247,5305266
4096,disjoint,1,24,pinned,-2,0,2,15162120,6403796
4096,disjoint,1,24,pinned,-2,0,3,15035621,5934287
4096,disjoint,1,24,unsafe_unpinned_baseline,-2,0,0,8800975,6094279
4096,disjoint,1,24,unsafe_unpinned_baseline,-2,0,1,5783381,4442372
4096,disjoint,1,24,unsafe_unpinned_baseline,-2,0,2,8072345,5893990
4096,disjoint,1,24,unsafe_unpinned_baseline,-2,0,3,6640705,5085650
4096,disjoint,1,24,unsafe_unpinned_baseline,-1,0,0,6805196,5502289
4096,disjoint,1,24,unsafe_unpinned_baseline,-1,0,1,7377190,5512258
4096,disjoint,1,24,unsafe_unpinned_baseline,-1,0,2,6546376,4807343
4096,disjoint,1,24,unsafe_unpinned_baseline,-1,0,3,6443892,4582687
4096,disjoint,1,24,pinned,-1,0,0,14594445,5600816
4096,disjoint,1,24,pinned,-1,0,1,11992448,5570668
4096,disjoint,1,24,pinned,-1,0,2,6175213,3239745
4096,disjoint,1,24,pinned,-1,0,3,7019832,4298720
4096,disjoint,1,24,pinned,0,0,0,6033425,3267006
4096,disjoint,1,24,pinned,0,0,1,8973312,4204211
4096,disjoint,1,24,pinned,0,0,2,7831429,4544535
4096,disjoint,1,24,pinned,0,0,3,7289794,3626758
4096,disjoint,1,24,unsafe_unpinned_baseline,0,0,0,3434363,2946609
4096,disjoint,1,24,unsafe_unpinned_baseline,0,0,1,2502719,1922791
4096,disjoint,1,24,unsafe_unpinned_baseline,0,0,2,2120254,1685972
4096,disjoint,1,24,unsafe_unpinned_baseline,0,0,3,2301298,1875862
4096,disjoint,1,24,unsafe_unpinned_baseline,1,0,0,2656740,2245112
4096,disjoint,1,24,unsafe_unpinned_baseline,1,0,1,1938671,1560755
4096,disjoint,1,24,unsafe_unpinned_baseline,1,0,2,2062726,1749482
4096,disjoint,1,24,unsafe_unpinned_baseline,1,0,3,1782335,1442732
4096,disjoint,1,24,pinned,1,0,0,4123528,1617553
4096,disjoint,1,24,pinned,1,0,1,3757656,1509238
4096,disjoint,1,24,pinned,1,0,2,4303118,1606893
4096,disjoint,1,24,pinned,1,0,3,4920317,2715261
4096,disjoint,1,24,pinned,2,0,0,4525259,1953199
4096,disjoint,1,24,pinned,2,0,1,4685973,1680963
4096,disjoint,1,24,pinned,2,0,2,3237050,1566817
4096,disjoint,1,24,pinned,2,0,3,3572465,1758120
4096,disjoint,1,24,unsafe_unpinned_baseline,2,0,0,2222308,1902953
4096,disjoint,1,24,unsafe_unpinned_baseline,2,0,1,1796412,1432162
4096,disjoint,1,24,unsafe_unpinned_baseline,2,0,2,1745085,1391044
4096,disjoint,1,24,unsafe_unpinned_baseline,2,0,3,1581995,1301264
4096,disjoint,1,24,unsafe_unpinned_baseline,3,0,0,1837940,1523695
4096,disjoint,1,24,unsafe_unpinned_baseline,3,0,1,1861896,1522904
4096,disjoint,1,24,unsafe_unpinned_baseline,3,0,2,3121611,2108773
4096,disjoint,1,24,unsafe_unpinned_baseline,3,0,3,4172731,3005281
4096,disjoint,1,24,pinned,3,0,0,4935466,1872917
4096,disjoint,1,24,pinned,3,0,1,4656798,1706471
4096,disjoint,1,24,pinned,3,0,2,3700978,1766355
4096,disjoint,1,24,pinned,3,0,3,4342183,1634625
4096,disjoint,1,24,pinned,4,0,0,3221780,1454053
4096,disjoint,1,24,pinned,4,0,1,3685899,2211688
4096,disjoint,1,24,pinned,4,0,2,3101142,1653712
4096,disjoint,1,24,pinned,4,0,3,4313006,2545340
4096,disjoint,1,24,unsafe_unpinned_baseline,4,0,0,2390256,2064650
4096,disjoint,1,24,unsafe_unpinned_baseline,4,0,1,2387491,2008082
4096,disjoint,1,24,unsafe_unpinned_baseline,4,0,2,2511195,2176983
4096,disjoint,1,24,unsafe_unpinned_baseline,4,0,3,2032378,1673148
4096,disjoint,1,24,unsafe_unpinned_baseline,5,0,0,1770202,1473610
4096,disjoint,1,24,unsafe_unpinned_baseline,5,0,1,2016208,1716560
4096,disjoint,1,24,unsafe_unpinned_baseline,5,0,2,2718828,2240783
4096,disjoint,1,24,unsafe_unpinned_baseline,5,0,3,2011699,1698105
4096,disjoint,1,24,pinned,5,0,0,3744250,1883106
4096,disjoint,1,24,pinned,5,0,1,4695571,1974899
4096,disjoint,1,24,pinned,5,0,2,4070357,1977895
4096,disjoint,1,24,pinned,5,0,3,5885454,2772189
4096,disjoint,4,24,pinned,-2,0,0,6529574,2261001
4096,disjoint,4,24,pinned,-2,0,1,9163141,5737334
4096,disjoint,4,24,pinned,-2,0,2,5497309,2276781
4096,disjoint,4,24,pinned,-2,0,3,5522798,3179039
4096,disjoint,4,24,pinned,-2,1,0,18047454,4056341
4096,disjoint,4,24,pinned,-2,1,1,8313081,4395333
4096,disjoint,4,24,pinned,-2,1,2,7057013,3421348
4096,disjoint,4,24,pinned,-2,1,3,6665852,3268279
4096,disjoint,4,24,pinned,-2,2,0,18792334,2951509
4096,disjoint,4,24,pinned,-2,2,1,7109212,3228814
4096,disjoint,4,24,pinned,-2,2,2,7706292,4120904
4096,disjoint,4,24,pinned,-2,2,3,6595780,2246744
4096,disjoint,4,24,pinned,-2,3,0,18526681,3311561
4096,disjoint,4,24,pinned,-2,3,1,7683008,3635314
4096,disjoint,4,24,pinned,-2,3,2,7357191,3864958
4096,disjoint,4,24,pinned,-2,3,3,8076975,3697571
4096,disjoint,4,24,unsafe_unpinned_baseline,-2,0,0,7628545,6401211
4096,disjoint,4,24,unsafe_unpinned_baseline,-2,0,1,5324142,4755766
4096,disjoint,4,24,unsafe_unpinned_baseline,-2,0,2,4215031,3147810
4096,disjoint,4,24,unsafe_unpinned_baseline,-2,0,3,5091611,4664613
4096,disjoint,4,24,unsafe_unpinned_baseline,-2,1,0,7488500,6500590
4096,disjoint,4,24,unsafe_unpinned_baseline,-2,1,1,5469737,4873388
4096,disjoint,4,24,unsafe_unpinned_baseline,-2,1,2,4113328,3596950
4096,disjoint,4,24,unsafe_unpinned_baseline,-2,1,3,4433275,3980377
4096,disjoint,4,24,unsafe_unpinned_baseline,-2,2,0,7562179,6366386
4096,disjoint,4,24,unsafe_unpinned_baseline,-2,2,1,4934874,4330881
4096,disjoint,4,24,unsafe_unpinned_baseline,-2,2,2,5755980,4878407
4096,disjoint,4,24,unsafe_unpinned_baseline,-2,2,3,3914612,3372446
4096,disjoint,4,24,unsafe_unpinned_baseline,-2,3,0,7110033,6549953
4096,disjoint,4,24,unsafe_unpinned_baseline,-2,3,1,5299365,4662068
4096,disjoint,4,24,unsafe_unpinned_baseline,-2,3,2,2726462,2146234
4096,disjoint,4,24,unsafe_unpinned_baseline,-2,3,3,4508157,2232598
4096,disjoint,4,24,unsafe_unpinned_baseline,-1,0,0,3646144,3187125
4096,disjoint,4,24,unsafe_unpinned_baseline,-1,0,1,3632819,3223875
4096,disjoint,4,24,unsafe_unpinned_baseline,-1,0,2,3854218,3526207
4096,disjoint,4,24,unsafe_unpinned_baseline,-1,0,3,3573957,3214958
4096,disjoint,4,24,unsafe_unpinned_baseline,-1,1,0,3194219,2843033
4096,disjoint,4,24,unsafe_unpinned_baseline,-1,1,1,3074321,2711966
4096,disjoint,4,24,unsafe_unpinned_baseline,-1,1,2,3129676,2789872
4096,disjoint,4,24,unsafe_unpinned_baseline,-1,1,3,2865205,2558655
4096,disjoint,4,24,unsafe_unpinned_baseline,-1,2,0,5034853,4522333
4096,disjoint,4,24,unsafe_unpinned_baseline,-1,2,1,3499556,3013356
4096,disjoint,4,24,unsafe_unpinned_baseline,-1,2,2,2906373,2623467
4096,disjoint,4,24,unsafe_unpinned_baseline,-1,2,3,3705366,3234505
4096,disjoint,4,24,unsafe_unpinned_baseline,-1,3,0,5369998,4951416
4096,disjoint,4,24,unsafe_unpinned_baseline,-1,3,1,4128317,3746164
4096,disjoint,4,24,unsafe_unpinned_baseline,-1,3,2,4346210,4065378
4096,disjoint,4,24,unsafe_unpinned_baseline,-1,3,3,2063457,1627662
4096,disjoint,4,24,pinned,-1,0,0,7831239,3311681
4096,disjoint,4,24,pinned,-1,0,1,8529200,3963044
4096,disjoint,4,24,pinned,-1,0,2,5514863,3359601
4096,disjoint,4,24,pinned,-1,0,3,5407189,2480627
4096,disjoint,4,24,pinned,-1,1,0,10677108,6558238
4096,disjoint,4,24,pinned,-1,1,1,7036864,4283952
4096,disjoint,4,24,pinned,-1,1,2,6226039,3872754
4096,disjoint,4,24,pinned,-1,1,3,9471565,6011724
4096,disjoint,4,24,pinned,-1,2,0,10293812,6642197
4096,disjoint,4,24,pinned,-1,2,1,7427985,4764061
4096,disjoint,4,24,pinned,-1,2,2,6177016,3951492
4096,disjoint,4,24,pinned,-1,2,3,5474837,2918606
4096,disjoint,4,24,pinned,-1,3,0,10052205,6750773
4096,disjoint,4,24,pinned,-1,3,1,7068284,3588315
4096,disjoint,4,24,pinned,-1,3,2,6510588,4219980
4096,disjoint,4,24,pinned,-1,3,3,4840656,2236234
4096,disjoint,4,24,pinned,0,0,0,11486460,5794512
4096,disjoint,4,24,pinned,0,0,1,7073204,3671753
4096,disjoint,4,24,pinned,0,0,2,5984391,3971720
4096,disjoint,4,24,pinned,0,0,3,6603504,4788197
4096,disjoint,4,24,pinned,0,1,0,11932976,5954325
4096,disjoint,4,24,pinned,0,1,1,4463502,2344019
4096,disjoint,4,24,pinned,0,1,2,7477839,5347195
4096,disjoint,4,24,pinned,0,1,3,7244328,5018322
4096,disjoint,4,24,pinned,0,2,0,10161251,4400622
4096,disjoint,4,24,pinned,0,2,1,6743620,4048075
4096,disjoint,4,24,pinned,0,2,2,8434662,5380047
4096,disjoint,4,24,pinned,0,2,3,6862223,3358319
4096,disjoint,4,24,pinned,0,3,0,12064365,5994060
4096,disjoint,4,24,pinned,0,3,1,5496899,3469851
4096,disjoint,4,24,pinned,0,3,2,6334725,4354766
4096,disjoint,4,24,pinned,0,3,3,7102068,4692245
4096,disjoint,4,24,unsafe_unpinned_baseline,0,0,0,5615273,5030416
4096,disjoint,4,24,unsafe_unpinned_baseline,0,0,1,3314557,2344189
4096,disjoint,4,24,unsafe_unpinned_baseline,0,0,2,4276377,3959467
4096,disjoint,4,24,unsafe_unpinned_baseline,0,0,3,3417962,3101633
4096,disjoint,4,24,unsafe_unpinned_baseline,0,1,0,4792725,4435919
4096,disjoint,4,24,unsafe_unpinned_baseline,0,1,1,5197622,4874841
4096,disjoint,4,24,unsafe_unpinned_baseline,0,1,2,2984581,2684182
4096,disjoint,4,24,unsafe_unpinned_baseline,0,1,3,3540875,3276655
4096,disjoint,4,24,unsafe_unpinned_baseline,0,2,0,4782877,4308859
4096,disjoint,4,24,unsafe_unpinned_baseline,0,2,1,2826752,2413770
4096,disjoint,4,24,unsafe_unpinned_baseline,0,2,2,3994995,3084882
4096,disjoint,4,24,unsafe_unpinned_baseline,0,2,3,4826259,4503117
4096,disjoint,4,24,unsafe_unpinned_baseline,0,3,0,4785111,4469653
4096,disjoint,4,24,unsafe_unpinned_baseline,0,3,1,3468177,3142360
4096,disjoint,4,24,unsafe_unpinned_baseline,0,3,2,2298162,1950433
4096,disjoint,4,24,unsafe_unpinned_baseline,0,3,3,4879720,4591905
4096,disjoint,4,24,unsafe_unpinned_baseline,1,0,0,4294001,3932406
4096,disjoint,4,24,unsafe_unpinned_baseline,1,0,1,4721841,4243104
4096,disjoint,4,24,unsafe_unpinned_baseline,1,0,2,4339297,4038968
4096,disjoint,4,24,unsafe_unpinned_baseline,1,0,3,3819433,3528672
4096,disjoint,4,24,unsafe_unpinned_baseline,1,1,0,4171318,3840863
4096,disjoint,4,24,unsafe_unpinned_baseline,1,1,1,3137651,2761949
4096,disjoint,4,24,unsafe_unpinned_baseline,1,1,2,2292401,1865542
4096,disjoint,4,24,unsafe_unpinned_baseline,1,1,3,4030582,3671892
4096,disjoint,4,24,unsafe_unpinned_baseline,1,2,0,4455076,4127576
4096,disjoint,4,24,unsafe_unpinned_baseline,1,2,1,3612861,3080863
4096,disjoint,4,24,unsafe_unpinned_baseline,1,2,2,5363196,4994467
4096,disjoint,4,24,unsafe_unpinned_baseline,1,2,3,3992900,3684897
4096,disjoint,4,24,unsafe_unpinned_baseline,1,3,0,4676375,4338145
4096,disjoint,4,24,unsafe_unpinned_baseline,1,3,1,3738128,3369630
4096,disjoint,4,24,unsafe_unpinned_baseline,1,3,2,5041376,4357562
4096,disjoint,4,24,unsafe_unpinned_baseline,1,3,3,3978504,3626457
4096,disjoint,4,24,pinned,1,0,0,7291737,4876514
4096,disjoint,4,24,pinned,1,0,1,5013523,3354382
4096,disjoint,4,24,pinned,1,0,2,6402764,4053836
4096,disjoint,4,24,pinned,1,0,3,5520073,3673596
4096,disjoint,4,24,pinned,1,1,0,7250439,4837159
4096,disjoint,4,24,pinned,1,1,1,6019698,3892000
4096,disjoint,4,24,pinned,1,1,2,5364097,3372115
4096,disjoint,4,24,pinned,1,1,3,5580647,3582344
4096,disjoint,4,24,pinned,1,2,0,7256771,4828903
4096,disjoint,4,24,pinned,1,2,1,6385371,4237203
4096,disjoint,4,24,pinned,1,2,2,4907172,2973440
4096,disjoint,4,24,pinned,1,2,3,5638747,3856323
4096,disjoint,4,24,pinned,1,3,0,7321123,4916039
4096,disjoint,4,24,pinned,1,3,1,5073698,3361335
4096,disjoint,4,24,pinned,1,3,2,5562953,3607592
4096,disjoint,4,24,pinned,1,3,3,5202031,3371755
4096,disjoint,4,24,pinned,2,0,0,6534193,4734325
4096,disjoint,4,24,pinned,2,0,1,6038324,3847726
4096,disjoint,4,24,pinned,2,0,2,7364495,5191811
4096,disjoint,4,24,pinned,2,0,3,5727856,3823220
4096,disjoint,4,24,pinned,2,1,0,6536577,4780572
4096,disjoint,4,24,pinned,2,1,1,6157560,4256149
4096,disjoint,4,24,pinned,2,1,2,7503398,5518189
4096,disjoint,4,24,pinned,2,1,3,6174251,4056141
4096,disjoint,4,24,pinned,2,2,0,6672615,4966134
4096,disjoint,4,24,pinned,2,2,1,6069433,3687353
4096,disjoint,4,24,pinned,2,2,2,7065879,5004296
4096,disjoint,4,24,pinned,2,2,3,6403015,4005084
4096,disjoint,4,24,pinned,2,3,0,6523522,4745245
4096,disjoint,4,24,pinned,2,3,1,5109726,3053312
4096,disjoint,4,24,pinned,2,3,2,8162376,5527747
4096,disjoint,4,24,pinned,2,3,3,6756083,4854032
4096,disjoint,4,24,unsafe_unpinned_baseline,2,0,0,5979883,5447075
4096,disjoint,4,24,unsafe_unpinned_baseline,2,0,1,4704668,3876701
4096,disjoint,4,24,unsafe_unpinned_baseline,2,0,2,4842109,3994053
4096,disjoint,4,24,unsafe_unpinned_baseline,2,0,3,6886169,6319736
4096,disjoint,4,24,unsafe_unpinned_baseline,2,1,0,5957872,5625322
4096,disjoint,4,24,unsafe_unpinned_baseline,2,1,1,9377427,8530904
4096,disjoint,4,24,unsafe_unpinned_baseline,2,1,2,7181819,6416200
4096,disjoint,4,24,unsafe_unpinned_baseline,2,1,3,2950407,2179407
4096,disjoint,4,24,unsafe_unpinned_baseline,2,2,0,5974813,5478293
4096,disjoint,4,24,unsafe_unpinned_baseline,2,2,1,5485597,4691042
4096,disjoint,4,24,unsafe_unpinned_baseline,2,2,2,4912863,4160027
4096,disjoint,4,24,unsafe_unpinned_baseline,2,2,3,4192960,3769037
4096,disjoint,4,24,unsafe_unpinned_baseline,2,3,0,5938915,5429972
4096,disjoint,4,24,unsafe_unpinned_baseline,2,3,1,3915685,3539553
4096,disjoint,4,24,unsafe_unpinned_baseline,2,3,2,6145497,5030866
4096,disjoint,4,24,unsafe_unpinned_baseline,2,3,3,6747106,6188688
4096,disjoint,4,24,unsafe_unpinned_baseline,3,0,0,6303226,5184948
4096,disjoint,4,24,unsafe_unpinned_baseline,3,0,1,5787559,5563034
4096,disjoint,4,24,unsafe_unpinned_baseline,3,0,2,3407652,3097094
4096,disjoint,4,24,unsafe_unpinned_baseline,3,0,3,2486528,2007762
4096,disjoint,4,24,unsafe_unpinned_baseline,3,1,0,4834965,4459364
4096,disjoint,4,24,unsafe_unpinned_baseline,3,1,1,2380678,2016989
4096,disjoint,4,24,unsafe_unpinned_baseline,3,1,2,3997890,3706989
4096,disjoint,4,24,unsafe_unpinned_baseline,3,1,3,3304487,2987838
4096,disjoint,4,24,unsafe_unpinned_baseline,3,2,0,6277206,5193605
4096,disjoint,4,24,unsafe_unpinned_baseline,3,2,1,2824769,2192792
4096,disjoint,4,24,unsafe_unpinned_baseline,3,2,2,3892591,3551986
4096,disjoint,4,24,unsafe_unpinned_baseline,3,2,3,4174945,3856753
4096,disjoint,4,24,unsafe_unpinned_baseline,3,3,0,5944346,4878607
4096,disjoint,4,24,unsafe_unpinned_baseline,3,3,1,3923800,3607781
4096,disjoint,4,24,unsafe_unpinned_baseline,3,3,2,2199746,1895981
4096,disjoint,4,24,unsafe_unpinned_baseline,3,3,3,5692449,5336886
4096,disjoint,4,24,pinned,3,0,0,5917114,3150847
4096,disjoint,4,24,pinned,3,0,1,5721584,3648439
4096,disjoint,4,24,pinned,3,0,2,4549345,1981602
4096,disjoint,4,24,pinned,3,0,3,5849887,3882712
4096,disjoint,4,24,pinned,3,1,0,4627092,2054570
4096,disjoint,4,24,pinned,3,1,1,4569543,1911940
4096,disjoint,4,24,pinned,3,1,2,5092162,2678682
4096,disjoint,4,24,pinned,3,1,3,6606910,3538530
4096,disjoint,4,24,pinned,3,2,0,7406424,4547030
4096,disjoint,4,24,pinned,3,2,1,6040849,3390290
4096,disjoint,4,24,pinned,3,2,2,7473031,4102619
4096,disjoint,4,24,pinned,3,2,3,6226219,3423071
4096,disjoint,4,24,pinned,3,3,0,7349126,4678649
4096,disjoint,4,24,pinned,3,3,1,5884633,3327661
4096,disjoint,4,24,pinned,3,3,2,7840406,4869220
4096,disjoint,4,24,pinned,3,3,3,6094019,3851413
4096,disjoint,4,24,pinned,4,0,0,9559351,6320719
4096,disjoint,4,24,pinned,4,0,1,8964054,5826443
4096,disjoint,4,24,pinned,4,0,2,5889312,3678045
4096,disjoint,4,24,pinned,4,0,3,4791102,2763072
4096,disjoint,4,24,pinned,4,1,0,9449223,5823647
4096,disjoint,4,24,pinned,4,1,1,9175975,6513734
4096,disjoint,4,24,pinned,4,1,2,7254056,4919175
4096,disjoint,4,24,pinned,4,1,3,4638163,2736712
4096,disjoint,4,24,pinned,4,2,0,9353742,6314357
4096,disjoint,4,24,pinned,4,2,1,5660689,2869413
4096,disjoint,4,24,pinned,4,2,2,4966223,2863152
4096,disjoint,4,24,pinned,4,2,3,6350635,3703714
4096,disjoint,4,24,pinned,4,3,0,9622711,6320368
4096,disjoint,4,24,pinned,4,3,1,7566287,5066063
4096,disjoint,4,24,pinned,4,3,2,6902119,4131534
4096,disjoint,4,24,pinned,4,3,3,6207263,4098270
4096,disjoint,4,24,unsafe_unpinned_baseline,4,0,0,5129403,4741849
4096,disjoint,4,24,unsafe_unpinned_baseline,4,0,1,3744891,3331959
4096,disjoint,4,24,unsafe_unpinned_baseline,4,0,2,3811317,3442579
4096,disjoint,4,24,unsafe_unpinned_baseline,4,0,3,2078356,1608155
4096,disjoint,4,24,unsafe_unpinned_baseline,4,1,0,5340653,4805980
4096,disjoint,4,24,unsafe_unpinned_baseline,4,1,1,4296615,3872062
4096,disjoint,4,24,unsafe_unpinned_baseline,4,1,2,4169385,3826155
4096,disjoint,4,24,unsafe_unpinned_baseline,4,1,3,4188141,3787001
4096,disjoint,4,24,unsafe_unpinned_baseline,4,2,0,4196907,3842546
4096,disjoint,4,24,unsafe_unpinned_baseline,4,2,1,4835777,4475244
4096,disjoint,4,24,unsafe_unpinned_baseline,4,2,2,4856266,4253093
4096,disjoint,4,24,unsafe_unpinned_baseline,4,2,3,4188010,3590900
4096,disjoint,4,24,unsafe_unpinned_baseline,4,3,0,3850321,3443230
4096,disjoint,4,24,unsafe_unpinned_baseline,4,3,1,5281852,4820137
4096,disjoint,4,24,unsafe_unpinned_baseline,4,3,2,4628685,4165227
4096,disjoint,4,24,unsafe_unpinned_baseline,4,3,3,3415207,3001393
4096,disjoint,4,24,unsafe_unpinned_baseline,5,0,0,3583365,3066046
4096,disjoint,4,24,unsafe_unpinned_baseline,5,0,1,6324777,5691658
4096,disjoint,4,24,unsafe_unpinned_baseline,5,0,2,3403835,2855767
4096,disjoint,4,24,unsafe_unpinned_baseline,5,0,3,3863446,3366264
4096,disjoint,4,24,unsafe_unpinned_baseline,5,1,0,4246240,3647347
4096,disjoint,4,24,unsafe_unpinned_baseline,5,1,1,5057527,4741808
4096,disjoint,4,24,unsafe_unpinned_baseline,5,1,2,7655415,7232805
4096,disjoint,4,24,unsafe_unpinned_baseline,5,1,3,2705403,2128711
4096,disjoint,4,24,unsafe_unpinned_baseline,5,2,0,5847803,5312679
4096,disjoint,4,24,unsafe_unpinned_baseline,5,2,1,4028899,3531106
4096,disjoint,4,24,unsafe_unpinned_baseline,5,2,2,6647577,6075334
4096,disjoint,4,24,unsafe_unpinned_baseline,5,2,3,2551632,2044361
4096,disjoint,4,24,unsafe_unpinned_baseline,5,3,0,2884932,2305074
4096,disjoint,4,24,unsafe_unpinned_baseline,5,3,1,6445686,5870747
4096,disjoint,4,24,unsafe_unpinned_baseline,5,3,2,2955186,2606877
4096,disjoint,4,24,unsafe_unpinned_baseline,5,3,3,4655585,4247363
4096,disjoint,4,24,pinned,5,0,0,9200211,5402149
4096,disjoint,4,24,pinned,5,0,1,6985067,4796823
4096,disjoint,4,24,pinned,5,0,2,6734783,4755825
4096,disjoint,4,24,pinned,5,0,3,5945358,4135050
4096,disjoint,4,24,pinned,5,1,0,9209239,5383193
4096,disjoint,4,24,pinned,5,1,1,5847302,3955499
4096,disjoint,4,24,pinned,5,1,2,8494064,5872800
4096,disjoint,4,24,pinned,5,1,3,5848945,4033778
4096,disjoint,4,24,pinned,5,2,0,8617768,4458512
4096,disjoint,4,24,pinned,5,2,1,6498506,3826987
4096,disjoint,4,24,pinned,5,2,2,7325751,4642360
4096,disjoint,4,24,pinned,5,2,3,5585958,3822408
4096,disjoint,4,24,pinned,5,3,0,9185984,5368666
4096,disjoint,4,24,pinned,5,3,1,7045591,4727541
4096,disjoint,4,24,pinned,5,3,2,6758277,4615970
4096,disjoint,4,24,pinned,5,3,3,6736847,3857625
4096,disjoint,16,24,pinned,-2,0,0,15870762,9891670
4096,disjoint,16,24,pinned,-2,0,1,12614336,8984112
4096,disjoint,16,24,pinned,-2,0,2,15490972,12507984
4096,disjoint,16,24,pinned,-2,0,3,25476732,21212146
4096,disjoint,16,24,pinned,-2,1,0,41876125,18731860
4096,disjoint,16,24,pinned,-2,1,1,12854861,8417999
4096,disjoint,16,24,pinned,-2,1,2,17149373,11620804
4096,disjoint,16,24,pinned,-2,1,3,10773491,5755248
4096,disjoint,16,24,pinned,-2,2,0,44062484,19238779
4096,disjoint,16,24,pinned,-2,2,1,15983095,11053440
4096,disjoint,16,24,pinned,-2,2,2,18000665,12235669
4096,disjoint,16,24,pinned,-2,2,3,15287337,11861771
4096,disjoint,16,24,pinned,-2,3,0,15850124,10475175
4096,disjoint,16,24,pinned,-2,3,1,12633833,8648466
4096,disjoint,16,24,pinned,-2,3,2,14561633,11897128
4096,disjoint,16,24,pinned,-2,3,3,11919921,7873869
4096,disjoint,16,24,pinned,-2,4,0,12824003,8010479
4096,disjoint,16,24,pinned,-2,4,1,24918044,20790728
4096,disjoint,16,24,pinned,-2,4,2,10693539,8144151
4096,disjoint,16,24,pinned,-2,4,3,20942406,17289839
4096,disjoint,16,24,pinned,-2,5,0,13172162,7886995
4096,disjoint,16,24,pinned,-2,5,1,24563202,20660211
4096,disjoint,16,24,pinned,-2,5,2,10799420,8081963
4096,disjoint,16,24,pinned,-2,5,3,21531421,18368782
4096,disjoint,16,24,pinned,-2,6,0,42907137,19343859
4096,disjoint,16,24,pinned,-2,6,1,12166738,7802144
4096,disjoint,16,24,pinned,-2,6,2,21818364,17174280
4096,disjoint,16,24,pinned,-2,6,3,15633794,12398036
4096,disjoint,16,24,pinned,-2,7,0,45513282,19270169
4096,disjoint,16,24,pinned,-2,7,1,14721365,11299096
4096,disjoint,16,24,pinned,-2,7,2,16797186,11368226
4096,disjoint,16,24,pinned,-2,7,3,18576505,14226038
4096,disjoint,16,24,pinned,-2,8,0,30064628,8105288
4096,disjoint,16,24,pinned,-2,8,1,16580777,12861795
4096,disjoint,16,24,pinned,-2,8,2,21791112,17496140
4096,disjoint,16,24,pinned,-2,8,3,9370804,5539860
4096,disjoint,16,24,pinned,-2,9,0,30514020,8227630
4096,disjoint,16,24,pinned,-2,9,1,18536790,15219409
4096,disjoint,16,24,pinned,-2,9,2,27517215,23029346
4096,disjoint,16,24,pinned,-2,9,3,14273928,10953211
4096,disjoint,16,24,pinned,-2,10,0,44030854,18971574
4096,disjoint,16,24,pinned,-2,10,1,25335945,20008677
4096,disjoint,16,24,pinned,-2,10,2,11455141,6619614
4096,disjoint,16,24,pinned,-2,10,3,8591508,5304354
4096,disjoint,16,24,pinned,-2,11,0,43912159,19187162
4096,disjoint,16,24,pinned,-2,11,1,16106108,12105072
4096,disjoint,16,24,pinned,-2,11,2,16624429,10477109
4096,disjoint,16,24,pinned,-2,11,3,10048207,6864057
4096,disjoint,16,24,pinned,-2,12,0,43298928,19341935
4096,disjoint,16,24,pinned,-2,12,1,11578354,7805741
4096,disjoint,16,24,pinned,-2,12,2,21801973,17373286
4096,disjoint,16,24,pinned,-2,12,3,17173919,13030473
4096,disjoint,16,24,pinned,-2,13,0,41520752,17925513
4096,disjoint,16,24,pinned,-2,13,1,12852697,9555143
4096,disjoint,16,24,pinned,-2,13,2,16124663,11550441
4096,disjoint,16,24,pinned,-2,13,3,15058554,8644599
4096,disjoint,16,24,pinned,-2,14,0,43470153,19272924
4096,disjoint,16,24,pinned,-2,14,1,16452022,11142519
4096,disjoint,16,24,pinned,-2,14,2,17814162,12213667
4096,disjoint,16,24,pinned,-2,14,3,16093574,12293138
4096,disjoint,16,24,pinned,-2,15,0,40619074,18555255
4096,disjoint,16,24,pinned,-2,15,1,14245013,10176470
4096,disjoint,16,24,pinned,-2,15,2,22090559,17360943
4096,disjoint,16,24,pinned,-2,15,3,16763883,12992191
4096,disjoint,16,24,unsafe_unpinned_baseline,-2,0,0,11551644,10637583
4096,disjoint,16,24,unsafe_unpinned_baseline,-2,0,1,20478808,19976787
4096,disjoint,16,24,unsafe_unpinned_baseline,-2,0,2,16827764,16089136
4096,disjoint,16,24,unsafe_unpinned_baseline,-2,0,3,9538712,8958904
4096,disjoint,16,24,unsafe_unpinned_baseline,-2,1,0,22636984,21665585
4096,disjoint,16,24,unsafe_unpinned_baseline,-2,1,1,29331511,28750871
4096,disjoint,16,24,unsafe_unpinned_baseline,-2,1,2,11474899,10772778
4096,disjoint,16,24,unsafe_unpinned_baseline,-2,1,3,4180867,3858856
4096,disjoint,16,24,unsafe_unpinned_baseline,-2,2,0,19780695,19146024
4096,disjoint,16,24,unsafe_unpinned_baseline,-2,2,1,5083225,4636329
4096,disjoint,16,24,unsafe_unpinned_baseline,-2,2,2,15422292,14676701
4096,disjoint,16,24,unsafe_unpinned_baseline,-2,2,3,12768297,11808049
4096,disjoint,16,24,unsafe_unpinned_baseline,-2,3,0,12542840,11654539
4096,disjoint,16,24,unsafe_unpinned_baseline,-2,3,1,11832396,11433450
4096,disjoint,16,24,unsafe_unpinned_baseline,-2,3,2,8703150,8224984
4096,disjoint,16,24,unsafe_unpinned_baseline,-2,3,3,16663953,16203221
4096,disjoint,16,24,unsafe_unpinned_baseline,-2,4,0,21871966,19830761
4096,disjoint,16,24,unsafe_unpinned_baseline,-2,4,1,11621136,10878319
4096,disjoint,16,24,unsafe_unpinned_baseline,-2,4,2,16667240,16103222
4096,disjoint,16,24,unsafe_unpinned_baseline,-2,4,3,7983968,7164386
4096,disjoint,16,24,unsafe_unpinned_baseline,-2,5,0,22516266,20526949
4096,disjoint,16,24,unsafe_unpinned_baseline,-2,5,1,21418337,20856313
4096,disjoint,16,24,unsafe_unpinned_baseline,-2,5,2,15635526,14204026
4096,disjoint,16,24,unsafe_unpinned_baseline,-2,5,3,6197666,5739178
4096,disjoint,16,24,unsafe_unpinned_baseline,-2,6,0,21173784,19306578
4096,disjoint,16,24,unsafe_unpinned_baseline,-2,6,1,11681750,10803637
4096,disjoint,16,24,unsafe_unpinned_baseline,-2,6,2,17173047,16754185
4096,disjoint,16,24,unsafe_unpinned_baseline,-2,6,3,8315806,7292639
4096,disjoint,16,24,unsafe_unpinned_baseline,-2,7,0,25313913,23681602
4096,disjoint,16,24,unsafe_unpinned_baseline,-2,7,1,15901250,14900014
4096,disjoint,16,24,unsafe_unpinned_baseline,-2,7,2,14927355,14470230
4096,disjoint,16,24,unsafe_unpinned_baseline,-2,7,3,8756481,8285208
4096,disjoint,16,24,unsafe_unpinned_baseline,-2,8,0,22148268,20412051
4096,disjoint,16,24,unsafe_unpinned_baseline,-2,8,1,11136528,10584162
4096,disjoint,16,24,unsafe_unpinned_baseline,-2,8,2,16235753,15754010
4096,disjoint,16,24,unsafe_unpinned_baseline,-2,8,3,8818288,8128882
4096,disjoint,16,24,unsafe_unpinned_baseline,-2,9,0,22313351,20562747
4096,disjoint,16,24,unsafe_unpinned_baseline,-2,9,1,11492552,11006281
4096,disjoint,16,24,unsafe_unpinned_baseline,-2,9,2,23760262,22736753
4096,disjoint,16,24,unsafe_unpinned_baseline,-2,9,3,6595118,6086064
4096,disjoint,16,24,unsafe_unpinned_baseline,-2,10,0,22232768,20617380
4096,disjoint,16,24,unsafe_unpinned_baseline,-2,10,1,29487346,28600166
4096,disjoint,16,24,unsafe_unpinned_baseline,-2,10,2,12594618,12123917
4096,disjoint,16,24,unsafe_unpinned_baseline,-2,10,3,3032683,2570989
4096,disjoint,16,24,unsafe_unpinned_baseline,-2,11,0,22284186,20516900
4096,disjoint,16,24,unsafe_unpinned_baseline,-2,11,1,29433273,28670970
4096,disjoint,16,24,unsafe_unpinned_baseline,-2,11,2,10445379,9914604
4096,disjoint,16,24,unsafe_unpinned_baseline,-2,11,3,3300680,2892557
4096,disjoint,16,24,unsafe_unpinned_baseline,-2,12,0,22329261,20708352
4096,disjoint,16,24,unsafe_unpinned_baseline,-2,12,1,21372950,20569499
4096,disjoint,16,24,unsafe_unpinned_baseline,-2,12,2,13723776,12678117
4096,disjoint,16,24,unsafe_unpinned_baseline,-2,12,3,6584638,6120810
4096,disjoint,16,24,unsafe_unpinned_baseline,-2,13,0,20344643,18732371
4096,disjoint,16,24,unsafe_unpinned_baseline,-2,13,1,5295477,4798105
4096,disjoint,16,24,unsafe_unpinned_baseline,-2,13,2,17500138,16848543
4096,disjoint,16,24,unsafe_unpinned_baseline,-2,13,3,14267757,13824808
4096,disjoint,16,24,unsafe_unpinned_baseline,-2,14,0,20891660,19398843
4096,disjoint,16,24,unsafe_unpinned_baseline,-2,14,1,12297686,10929606
4096,disjoint,16,24,unsafe_unpinned_baseline,-2,14,2,16230162,15720918
4096,disjoint,16,24,unsafe_unpinned_baseline,-2,14,3,8738617,7862017
4096,disjoint,16,24,unsafe_unpinned_baseline,-2,15,0,22264549,20744140
4096,disjoint,16,24,unsafe_unpinned_baseline,-2,15,1,29458431,28917006
4096,disjoint,16,24,unsafe_unpinned_baseline,-2,15,2,12985428,12333764
4096,disjoint,16,24,unsafe_unpinned_baseline,-2,15,3,3190051,2652874
4096,disjoint,16,24,unsafe_unpinned_baseline,-1,0,0,13018060,11875347
4096,disjoint,16,24,unsafe_unpinned_baseline,-1,0,1,18336451,17519354
4096,disjoint,16,24,unsafe_unpinned_baseline,-1,0,2,21937500,21589741
4096,disjoint,16,24,unsafe_unpinned_baseline,-1,0,3,5649938,5320846
4096,disjoint,16,24,unsafe_unpinned_baseline,-1,1,0,6958787,6490359
4096,disjoint,16,24,unsafe_unpinned_baseline,-1,1,1,21709919,21374583
4096,disjoint,16,24,unsafe_unpinned_baseline,-1,1,2,15407685,14992990
4096,disjoint,16,24,unsafe_unpinned_baseline,-1,1,3,7321614,7003732
4096,disjoint,16,24,unsafe_unpinned_baseline,-1,2,0,10828033,10077161
4096,disjoint,16,24,unsafe_unpinned_baseline,-1,2,1,16114413,15251400
4096,disjoint,16,24,unsafe_unpinned_baseline,-1,2,2,7818705,7448314
4096,disjoint,16,24,unsafe_unpinned_baseline,-1,2,3,12142463,11607079
4096,disjoint,16,24,unsafe_unpinned_baseline,-1,3,0,12349815,11268287
4096,disjoint,16,24,unsafe_unpinned_baseline,-1,3,1,14560281,14111571
4096,disjoint,16,24,unsafe_unpinned_baseline,-1,3,2,17541065,16587129
4096,disjoint,16,24,unsafe_unpinned_baseline,-1,3,3,6788574,6470382
4096,disjoint,16,24,unsafe_unpinned_baseline,-1,4,0,6932567,6511960
4096,disjoint,16,24,unsafe_unpinned_baseline,-1,4,1,22098244,21760504
4096,disjoint,16,24,unsafe_unpinned_baseline,-1,4,2,19912135,18875893
4096,disjoint,16,24,unsafe_unpinned_baseline,-1,4,3,8369478,7932851
4096,disjoint,16,24,unsafe_unpinned_baseline,-1,5,0,6856654,6493075
4096,disjoint,16,24,unsafe_unpinned_baseline,-1,5,1,22244892,21373792
4096,disjoint,16,24,unsafe_unpinned_baseline,-1,5,2,13581116,12792613
4096,disjoint,16,24,unsafe_unpinned_baseline,-1,5,3,11946932,10710400
4096,disjoint,16,24,unsafe_unpinned_baseline,-1,6,0,12470643,11442818
4096,disjoint,16,24,unsafe_unpinned_baseline,-1,6,1,17373558,16857821
4096,disjoint,16,24,unsafe_unpinned_baseline,-1,6,2,13776246,13228068
4096,disjoint,16,24,unsafe_unpinned_baseline,-1,6,3,6968174,6640544
4096,disjoint,16,24,unsafe_unpinned_baseline,-1,7,0,26028716,24982476
4096,disjoint,16,24,unsafe_unpinned_baseline,-1,7,1,8654047,8088035
4096,disjoint,16,24,unsafe_unpinned_baseline,-1,7,2,12158232,11879163
4096,disjoint,16,24,unsafe_unpinned_baseline,-1,7,3,6759219,6418052
4096,disjoint,16,24,unsafe_unpinned_baseline,-1,8,0,28510405,27125433
4096,disjoint,16,24,unsafe_unpinned_baseline,-1,8,1,16037468,15456147
4096,disjoint,16,24,unsafe_unpinned_baseline,-1,8,2,9408656,8834368
4096,disjoint,16,24,unsafe_unpinned_baseline,-1,8,3,4920367,4548713
4096,disjoint,16,24,unsafe_unpinned_baseline,-1,9,0,27846869,26172569
4096,disjoint,16,24,unsafe_unpinned_baseline,-1,9,1,8020016,7389012
4096,disjoint,16,24,unsafe_unpinned_baseline,-1,9,2,20258370,19913236
4096,disjoint,16,24,unsafe_unpinned_baseline,-1,9,3,4019611,3712039
4096,disjoint,16,24,unsafe_unpinned_baseline,-1,10,0,28584756,27603669
4096,disjoint,16,24,unsafe_unpinned_baseline,-1,10,1,15930195,15399260
4096,disjoint,16,24,unsafe_unpinned_baseline,-1,10,2,15201885,14444271
4096,disjoint,16,24,unsafe_unpinned_baseline,-1,10,3,1947628,1578178
4096,disjoint,16,24,unsafe_unpinned_baseline,-1,11,0,12432692,11435503
4096,disjoint,16,24,unsafe_unpinned_baseline,-1,11,1,14319985,13853312
4096,disjoint,16,24,unsafe_unpinned_baseline,-1,11,2,7659373,7369204
4096,disjoint,16,24,unsafe_unpinned_baseline,-1,11,3,12394199,12102537
4096,disjoint,16,24,unsafe_unpinned_baseline,-1,12,0,28478986,27245390
4096,disjoint,16,24,unsafe_unpinned_baseline,-1,12,1,15971593,15427864
4096,disjoint,16,24,unsafe_unpinned_baseline,-1,12,2,6705738,6364531
4096,disjoint,16,24,unsafe_unpinned_baseline,-1,12,3,5628117,5274588
4096,disjoint,16,24,unsafe_unpinned_baseline,-1,13,0,12461626,11500296
4096,disjoint,16,24,unsafe_unpinned_baseline,-1,13,1,14226248,13791565
4096,disjoint,16,24,unsafe_unpinned_baseline,-1,13,2,7768630,7440659
4096,disjoint,16,24,unsafe_unpinned_baseline,-1,13,3,12961242,12534535
4096,disjoint,16,24,unsafe_unpinned_baseline,-1,14,0,11676089,10761948
4096,disjoint,16,24,unsafe_unpinned_baseline,-1,14,1,15363091,14916195
4096,disjoint,16,24,unsafe_unpinned_baseline,-1,14,2,7308619,6931716
4096,disjoint,16,24,unsafe_unpinned_baseline,-1,14,3,12376485,12058173
4096,disjoint,16,24,unsafe_unpinned_baseline,-1,15,0,12443162,11476992
4096,disjoint,16,24,unsafe_unpinned_baseline,-1,15,1,14250384,13786315
4096,disjoint,16,24,unsafe_unpinned_baseline,-1,15,2,7776806,7074496
4096,disjoint,16,24,unsafe_unpinned_baseline,-1,15,3,12242652,11841473
4096,disjoint,16,24,pinned,-1,0,0,10470968,4582437
4096,disjoint,16,24,pinned,-1,0,1,20251908,15899326
4096,disjoint,16,24,pinned,-1,0,2,12317744,8149582
4096,disjoint,16,24,pinned,-1,0,3,14287323,9236671
4096,disjoint,16,24,pinned,-1,1,0,22601237,17133082
4096,disjoint,16,24,pinned,-1,1,1,12174182,8227669
4096,disjoint,16,24,pinned,-1,1,2,16254929,13352152
4096,disjoint,16,24,pinned,-1,1,3,13128970,9586071
4096,disjoint,16,24,pinned,-1,2,0,11029916,5678302
4096,disjoint,16,24,pinned,-1,2,1,22792339,19033210
4096,disjoint,16,24,pinned,-1,2,2,17371353,14002865
4096,disjoint,16,24,pinned,-1,2,3,13404081,10343626
4096,disjoint,16,24,pinned,-1,3,0,30378614,23872955
4096,disjoint,16,24,pinned,-1,3,1,24915889,20970409
4096,disjoint,16,24,pinned,-1,3,2,13403921,8934989
4096,disjoint,16,24,pinned,-1,3,3,5715633,2453946
4096,disjoint,16,24,pinned,-1,4,0,10798598,5725992
4096,disjoint,16,24,pinned,-1,4,1,19328600,16200406
4096,disjoint,16,24,pinned,-1,4,2,21543835,16515984
4096,disjoint,16,24,pinned,-1,4,3,16762761,13685113
4096,disjoint,16,24,pinned,-1,5,0,30244490,25143621
4096,disjoint,16,24,pinned,-1,5,1,12689699,8382192
4096,disjoint,16,24,pinned,-1,5,2,12695730,9476885
4096,disjoint,16,24,pinned,-1,5,3,12334176,8053139
4096,disjoint,16,24,pinned,-1,6,0,22742263,17443460
4096,disjoint,16,24,pinned,-1,6,1,11384417,7622734
4096,disjoint,16,24,pinned,-1,6,2,17122362,13837692
4096,disjoint,16,24,pinned,-1,6,3,12632620,9002647
4096,disjoint,16,24,pinned,-1,7,0,10602586,5262214
4096,disjoint,16,24,pinned,-1,7,1,23114268,19162004
4096,disjoint,16,24,pinned,-1,7,2,17557135,13937781
4096,disjoint,16,24,pinned,-1,7,3,12858298,9668467
4096,disjoint,16,24,pinned,-1,8,0,30263074,25143661
4096,disjoint,16,24,pinned,-1,8,1,12584820,8117621
4096,disjoint,16,24,pinned,-1,8,2,14222671,9604126
4096,disjoint,16,24,pinned,-1,8,3,11446214,8179539
4096,disjoint,16,24,pinned,-1,9,0,30338388,24010515
4096,disjoint,16,24,pinned,-1,9,1,12558449,7712384
4096,disjoint,16,24,pinned,-1,9,2,14257076,9396693
4096,disjoint,16,24,pinned,-1,9,3,11484917,8107993
4096,disjoint,16,24,pinned,-1,10,0,22456453,17509415
4096,disjoint,16,24,pinned,-1,10,1,21080587,17074331
4096,disjoint,16,24,pinned,-1,10,2,15115311,12214489
4096,disjoint,16,24,pinned,-1,10,3,11017111,7139679
4096,disjoint,16,24,pinned,-1,11,0,30319432,24854032
4096,disjoint,16,24,pinned,-1,11,1,14167767,9491423
4096,disjoint,16,24,pinned,-1,11,2,22316528,18817391
4096,disjoint,16,24,pinned,-1,11,3,7268413,3027222
4096,disjoint,16,24,pinned,-1,12,0,19403191,13963140
4096,disjoint,16,24,pinned,-1,12,1,10643023,6705718
4096,disjoint,16,24,pinned,-1,12,2,12802632,8292202
4096,disjoint,16,24,pinned,-1,12,3,14210318,9437480
4096,disjoint,16,24,pinned,-1,13,0,22698160,16956267
4096,disjoint,16,24,pinned,-1,13,1,11923678,8024205
4096,disjoint,16,24,pinned,-1,13,2,16611084,13712555
4096,disjoint,16,24,pinned,-1,13,3,6981911,4042324
4096,disjoint,16,24,pinned,-1,14,0,22577381,17114457
4096,disjoint,16,24,pinned,-1,14,1,11350042,7749163
4096,disjoint,16,24,pinned,-1,14,2,17060194,13405314
4096,disjoint,16,24,pinned,-1,14,3,13465547,10334548
4096,disjoint,16,24,pinned,-1,15,0,22388754,17415667
4096,disjoint,16,24,pinned,-1,15,1,17181153,12903123
4096,disjoint,16,24,pinned,-1,15,2,17575860,12646396
4096,disjoint,16,24,pinned,-1,15,3,11448909,7455387
4096,disjoint,16,24,pinned,0,0,0,26795579,20340576
4096,disjoint,16,24,pinned,0,0,1,26794065,22908128
4096,disjoint,16,24,pinned,0,0,2,18598417,15849883
4096,disjoint,16,24,pinned,0,0,3,15986872,13406075
4096,disjoint,16,24,pinned,0,1,0,20115149,15930505
4096,disjoint,16,24,pinned,0,1,1,9788705,7507877
4096,disjoint,16,24,pinned,0,1,2,24970623,20505458
4096,disjoint,16,24,pinned,0,1,3,17504326,14254391
4096,disjoint,16,24,pinned,0,2,0,24251551,18430428
4096,disjoint,16,24,pinned,0,2,1,18795269,14246817
4096,disjoint,16,24,pinned,0,2,2,32088551,28874115
4096,disjoint,16,24,pinned,0,2,3,14460812,12007387
4096,disjoint,16,24,pinned,0,3,0,11094378,6419676
4096,disjoint,16,24,pinned,0,3,1,15624366,12851846
4096,disjoint,16,24,pinned,0,3,2,16291979,12818302
4096,disjoint,16,24,pinned,0,3,3,16992777,14229595
4096,disjoint,16,24,pinned,0,4,0,9715888,6415317
4096,disjoint,16,24,pinned,0,4,1,16989821,14009527
4096,disjoint,16,24,pinned,0,4,2,24907033,20898131
4096,disjoint,16,24,pinned,0,4,3,21384001,18616762
4096,disjoint,16,24,pinned,0,5,0,25295047,18615439
4096,disjoint,16,24,pinned,0,5,1,18044418,14579947
4096,disjoint,16,24,pinned,0,5,2,19834387,16701926
4096,disjoint,16,24,pinned,0,5,3,16368014,14019837
4096,disjoint,16,24,pinned,0,6,0,9968626,5795013
4096,disjoint,16,24,pinned,0,6,1,22794642,18394441
4096,disjoint,16,24,pinned,0,6,2,33087853,29444364
4096,disjoint,16,24,pinned,0,6,3,15479411,12992742
4096,disjoint,16,24,pinned,0,7,0,25337909,18770413
4096,disjoint,16,24,pinned,0,7,1,17941032,14465030
4096,disjoint,16,24,pinned,0,7,2,31874335,28291191
4096,disjoint,16,24,pinned,0,7,3,14384818,12210051
4096,disjoint,16,24,pinned,0,8,0,28288285,22549418
4096,disjoint,16,24,pinned,0,8,1,30678531,27615671
4096,disjoint,16,24,pinned,0,8,2,19190618,16588381
4096,disjoint,16,24,pinned,0,8,3,11359821,9043083
4096,disjoint,16,24,pinned,0,9,0,18319258,14585729
4096,disjoint,16,24,pinned,0,9,1,11448769,8989132
4096,disjoint,16,24,pinned,0,9,2,39013474,34962623
4096,disjoint,16,24,pinned,0,9,3,18495292,15612103
4096,disjoint,16,24,pinned,0,10,0,30075991,24668842
4096,disjoint,16,24,pinned,0,10,1,36262575,31765720
4096,disjoint,16,24,pinned,0,10,2,15875030,13653032
4096,disjoint,16,24,pinned,0,10,3,7771977,5435833
4096,disjoint,16,24,pinned,0,11,0,26204921,20869788
4096,disjoint,16,24,pinned,0,11,1,25053611,20790367
4096,disjoint,16,24,pinned,0,11,2,18533694,16126105
4096,disjoint,16,24,pinned,0,11,3,16820270,13134000
4096,disjoint,16,24,pinned,0,12,0,30220654,25026569
4096,disjoint,16,24,pinned,0,12,1,15171027,10648714
4096,disjoint,16,24,pinned,0,12,2,27064498,24332024
4096,disjoint,16,24,pinned,0,12,3,16259268,13869382
4096,disjoint,16,24,pinned,0,13,0,25173988,20562316
4096,disjoint,16,24,pinned,0,13,1,8974143,5556281
4096,disjoint,16,24,pinned,0,13,2,34397393,32324108
4096,disjoint,16,24,pinned,0,13,3,17472776,15272499
4096,disjoint,16,24,pinned,0,14,0,26614116,20921335
4096,disjoint,16,24,pinned,0,14,1,28160463,23978384
4096,disjoint,16,24,pinned,0,14,2,17845240,15369593
4096,disjoint,16,24,pinned,0,14,3,14597240,12413074
4096,disjoint,16,24,pinned,0,15,0,26170285,20866952
4096,disjoint,16,24,pinned,0,15,1,16789441,12869358
4096,disjoint,16,24,pinned,0,15,2,19169208,16565488
4096,disjoint,16,24,pinned,0,15,3,15961273,13261241
4096,disjoint,16,24,unsafe_unpinned_baseline,0,0,0,25910032,24970533
4096,disjoint,16,24,unsafe_unpinned_baseline,0,0,1,25133472,23651375
4096,disjoint,16,24,unsafe_unpinned_baseline,0,0,2,12329586,11928558
4096,disjoint,16,24,unsafe_unpinned_baseline,0,0,3,12936205,12550344
4096,disjoint,16,24,unsafe_unpinned_baseline,0,1,0,25936642,25267425
4096,disjoint,16,24,unsafe_unpinned_baseline,0,1,1,10373293,8898861
4096,disjoint,16,24,unsafe_unpinned_baseline,0,1,2,15949231,15240969
4096,disjoint,16,24,unsafe_unpinned_baseline,0,1,3,25003486,24663011
4096,disjoint,16,24,unsafe_unpinned_baseline,0,2,0,8864315,8018623
4096,disjoint,16,24,unsafe_unpinned_baseline,0,2,1,16221956,15771474
4096,disjoint,16,24,unsafe_unpinned_baseline,0,2,2,25469868,23278859
4096,disjoint,16,24,unsafe_unpinned_baseline,0,2,3,22304394,21522884
4096,disjoint,16,24,unsafe_unpinned_baseline,0,3,0,8225786,7503107
4096,disjoint,16,24,unsafe_unpinned_baseline,0,3,1,16703889,16258987
4096,disjoint,16,24,unsafe_unpinned_baseline,0,3,2,26067781,23803603
4096,disjoint,16,24,unsafe_unpinned_baseline,0,3,3,20671342,20182577
4096,disjoint,16,24,unsafe_unpinned_baseline,0,4,0,25916003,25337648
4096,disjoint,16,24,unsafe_unpinned_baseline,0,4,1,23122894,21561116
4096,disjoint,16,24,unsafe_unpinned_baseline,0,4,2,12356738,11574587
4096,disjoint,16,24,unsafe_unpinned_baseline,0,4,3,14840862,14494556
4096,disjoint,16,24,unsafe_unpinned_baseline,0,5,0,25856641,25189407
4096,disjoint,16,24,unsafe_unpinned_baseline,0,5,1,23544933,22202000
4096,disjoint,16,24,unsafe_unpinned_baseline,0,5,2,13703759,13243417
4096,disjoint,16,24,unsafe_unpinned_baseline,0,5,3,13737122,13344238
4096,disjoint,16,24,unsafe_unpinned_baseline,0,6,0,25237929,24557981
4096,disjoint,16,24,unsafe_unpinned_baseline,0,6,1,10881294,9024017
4096,disjoint,16,24,unsafe_unpinned_baseline,0,6,2,16697598,16081081
4096,disjoint,16,24,unsafe_unpinned_baseline,0,6,3,14734791,14319254
4096,disjoint,16,24,unsafe_unpinned_baseline,0,7,0,8941952,8308402
4096,disjoint,16,24,unsafe_unpinned_baseline,0,7,1,18405422,17535654
4096,disjoint,16,24,unsafe_unpinned_baseline,0,7,2,27335190,26869879
4096,disjoint,16,24,unsafe_unpinned_baseline,0,7,3,16255220,15644243
4096,disjoint,16,24,unsafe_unpinned_baseline,0,8,0,25322840,24095185
4096,disjoint,16,24,unsafe_unpinned_baseline,0,8,1,31366263,29353462
4096,disjoint,16,24,unsafe_unpinned_baseline,0,8,2,19689823,19216868
4096,disjoint,16,24,unsafe_unpinned_baseline,0,8,3,3369711,3041469
4096,disjoint,16,24,unsafe_unpinned_baseline,0,9,0,8903990,8320155
4096,disjoint,16,24,unsafe_unpinned_baseline,0,9,1,16060552,15756396
4096,disjoint,16,24,unsafe_unpinned_baseline,0,9,2,26038986,23660963
4096,disjoint,16,24,unsafe_unpinned_baseline,0,9,3,16510583,15929474
4096,disjoint,16,24,unsafe_unpinned_baseline,0,10,0,9405289,8917796
4096,disjoint,16,24,unsafe_unpinned_baseline,0,10,1,15538903,15070196
4096,disjoint,16,24,unsafe_unpinned_baseline,0,10,2,11532297,9351087
4096,disjoint,16,24,unsafe_unpinned_baseline,0,10,3,16351061,15607663
4096,disjoint,16,24,unsafe_unpinned_baseline,0,11,0,25081213,24327014
4096,disjoint,16,24,unsafe_unpinned_baseline,0,11,1,11434602,9352730
4096,disjoint,16,24,unsafe_unpinned_baseline,0,11,2,16351141,15605540
4096,disjoint,16,24,unsafe_unpinned_baseline,0,11,3,14800085,14073749
4096,disjoint,16,24,unsafe_unpinned_baseline,0,12,0,25016280,24172562
4096,disjoint,16,24,unsafe_unpinned_baseline,0,12,1,11204437,8586649
4096,disjoint,16,24,unsafe_unpinned_baseline,0,12,2,16701405,15972875
4096,disjoint,16,24,unsafe_unpinned_baseline,0,12,3,14867602,14452146
4096,disjoint,16,24,unsafe_unpinned_baseline,0,13,0,25133481,24005115
4096,disjoint,16,24,unsafe_unpinned_baseline,0,13,1,25841081,23603825
4096,disjoint,16,24,unsafe_unpinned_baseline,0,13,2,20813792,20198727
4096,disjoint,16,24,unsafe_unpinned_baseline,0,13,3,7079795,6708683
4096,disjoint,16,24,unsafe_unpinned_baseline,0,14,0,25438539,24960364
4096,disjoint,16,24,unsafe_unpinned_baseline,0,14,1,24982666,23278849
4096,disjoint,16,24,unsafe_unpinned_baseline,0,14,2,12783086,12040289
4096,disjoint,16,24,unsafe_unpinned_baseline,0,14,3,12938219,11855770
4096,disjoint,16,24,unsafe_unpinned_baseline,0,15,0,27848703,26994425
4096,disjoint,16,24,unsafe_unpinned_baseline,0,15,1,38620430,37629463
4096,disjoint,16,24,unsafe_unpinned_baseline,0,15,2,12273260,11891497
4096,disjoint,16,24,unsafe_unpinned_baseline,0,15,3,2161734,1864080
4096,disjoint,16,24,unsafe_unpinned_baseline,1,0,0,22284968,21084224
4096,disjoint,16,24,unsafe_unpinned_baseline,1,0,1,12439735,11899853
4096,disjoint,16,24,unsafe_unpinned_baseline,1,0,2,16666118,16294685
4096,disjoint,16,24,unsafe_unpinned_baseline,1,0,3,16199825,15147823
4096,disjoint,16,24,unsafe_unpinned_baseline,1,1,0,22005799,21373772
4096,disjoint,16,24,unsafe_unpinned_baseline,1,1,1,12814796,12357770
4096,disjoint,16,24,unsafe_unpinned_baseline,1,1,2,15382537,14773895
4096,disjoint,16,24,unsafe_unpinned_baseline,1,1,3,10472300,10190095
4096,disjoint,16,24,unsafe_unpinned_baseline,1,2,0,22554388,21239618
4096,disjoint,16,24,unsafe_unpinned_baseline,1,2,1,31505327,30985642
4096,disjoint,16,24,unsafe_unpinned_baseline,1,2,2,17028154,16085068
4096,disjoint,16,24,unsafe_unpinned_baseline,1,2,3,5567753,5036236
4096,disjoint,16,24,unsafe_unpinned_baseline,1,3,0,21856557,21355749
4096,disjoint,16,24,unsafe_unpinned_baseline,1,3,1,31548378,30919398
4096,disjoint,16,24,unsafe_unpinned_baseline,1,3,2,17517991,17058100
4096,disjoint,16,24,unsafe_unpinned_baseline,1,3,3,4990008,4580072
4096,disjoint,16,24,unsafe_unpinned_baseline,1,4,0,22890154,22097212
4096,disjoint,16,24,unsafe_unpinned_baseline,1,4,1,31170673,30528076
4096,disjoint,16,24,unsafe_unpinned_baseline,1,4,2,17018966,16074738
4096,disjoint,16,24,unsafe_unpinned_baseline,1,4,3,5753836,4915478
4096,disjoint,16,24,unsafe_unpinned_baseline,1,5,0,20756383,20195651
4096,disjoint,16,24,unsafe_unpinned_baseline,1,5,1,15426922,14926003
4096,disjoint,16,24,unsafe_unpinned_baseline,1,5,2,14701999,14304797
4096,disjoint,16,24,unsafe_unpinned_baseline,1,5,3,10091689,9758218
4096,disjoint,16,24,unsafe_unpinned_baseline,1,6,0,18070116,17510978
4096,disjoint,16,24,unsafe_unpinned_baseline,1,6,1,19650980,18386676
4096,disjoint,16,24,unsafe_unpinned_baseline,1,6,2,22384687,21938101
4096,disjoint,16,24,unsafe_unpinned_baseline,1,6,3,9819483,9208657
4096,disjoint,16,24,unsafe_unpinned_baseline,1,7,0,22519612,21163985
4096,disjoint,16,24,unsafe_unpinned_baseline,1,7,1,12465194,12033256
4096,disjoint,16,24,unsafe_unpinned_baseline,1,7,2,24883377,24147835
4096,disjoint,16,24,unsafe_unpinned_baseline,1,7,3,10696073,10225032
4096,disjoint,16,24,unsafe_unpinned_baseline,1,8,0,22356252,21054779
4096,disjoint,16,24,unsafe_unpinned_baseline,1,8,1,12694237,12287877
4096,disjoint,16,24,unsafe_unpinned_baseline,1,8,2,22886015,22010257
4096,disjoint,16,24,unsafe_unpinned_baseline,1,8,3,9646015,8891005
4096,disjoint,16,24,unsafe_unpinned_baseline,1,9,0,19765396,19224603
4096,disjoint,16,24,unsafe_unpinned_baseline,1,9,1,11113594,10466168
4096,disjoint,16,24,unsafe_unpinned_baseline,1,9,2,11764246,11260202
4096,disjoint,16,24,unsafe_unpinned_baseline,1,9,3,13544226,13239710
4096,disjoint,16,24,unsafe_unpinned_baseline,1,10,0,20683966,20222953
4096,disjoint,16,24,unsafe_unpinned_baseline,1,10,1,14630775,14182626
4096,disjoint,16,24,unsafe_unpinned_baseline,1,10,2,14693953,14219124
4096,disjoint,16,24,unsafe_unpinned_baseline,1,10,3,10859913,10464125
4096,disjoint,16,24,unsafe_unpinned_baseline,1,11,0,33601325,32911810
4096,disjoint,16,24,unsafe_unpinned_baseline,1,11,1,26220230,25795225
4096,disjoint,16,24,unsafe_unpinned_baseline,1,11,2,10147966,9677445
4096,disjoint,16,24,unsafe_unpinned_baseline,1,11,3,2011730,1657329
4096,disjoint,16,24,unsafe_unpinned_baseline,1,12,0,22417990,21213108
4096,disjoint,16,24,unsafe_unpinned_baseline,1,12,1,12490351,12059435
4096,disjoint,16,24,unsafe_unpinned_baseline,1,12,2,15234788,14517029
4096,disjoint,16,24,unsafe_unpinned_baseline,1,12,3,11032912,10699720
4096,disjoint,16,24,unsafe_unpinned_baseline,1,13,0,19742623,19261413
4096,disjoint,16,24,unsafe_unpinned_baseline,1,13,1,19461902,18814516
4096,disjoint,16,24,unsafe_unpinned_baseline,1,13,2,12371395,12078391
4096,disjoint,16,24,unsafe_unpinned_baseline,1,13,3,9465804,9098569
4096,disjoint,16,24,unsafe_unpinned_baseline,1,14,0,22375890,21093181
4096,disjoint,16,24,unsafe_unpinned_baseline,1,14,1,12242461,11717978
4096,disjoint,16,24,unsafe_unpinned_baseline,1,14,2,24427365,23193939
4096,disjoint,16,24,unsafe_unpinned_baseline,1,14,3,8544209,7744785
4096,disjoint,16,24,unsafe_unpinned_baseline,1,15,0,22639018,21943642
4096,disjoint,16,24,unsafe_unpinned_baseline,1,15,1,30052436,29680391
4096,disjoint,16,24,unsafe_unpinned_baseline,1,15,2,14979243,14103396
4096,disjoint,16,24,unsafe_unpinned_baseline,1,15,3,3340265,2998909
4096,disjoint,16,24,pinned,1,0,0,19766289,13703528
4096,disjoint,16,24,pinned,1,0,1,10584222,6749300
4096,disjoint,16,24,pinned,1,0,2,40259062,35421843
4096,disjoint,16,24,pinned,1,0,3,13053808,8963162
4096,disjoint,16,24,pinned,1,1,0,14024576,7164757
4096,disjoint,16,24,pinned,1,1,1,15023678,11322239
4096,disjoint,16,24,pinned,1,1,2,26175605,22370640
4096,disjoint,16,24,pinned,1,1,3,15541428,11865818
4096,disjoint,16,24,pinned,1,2,0,24016105,18329227
4096,disjoint,16,24,pinned,1,2,1,10347213,7422315
4096,disjoint,16,24,pinned,1,2,2,22059961,19209064
4096,disjoint,16,24,pinned,1,2,3,19111619,15443173
4096,disjoint,16,24,pinned,1,3,0,23915415,18335289
4096,disjoint,16,24,pinned,1,3,1,12971422,9817980
4096,disjoint,16,24,pinned,1,3,2,13533756,9145848
4096,disjoint,16,24,pinned,1,3,3,17345474,13946568
4096,disjoint,16,24,pinned,1,4,0,29627992,23796079
4096,disjoint,16,24,pinned,1,4,1,34715205,30837733
4096,disjoint,16,24,pinned,1,4,2,11006401,7650176
4096,disjoint,16,24,pinned,1,4,3,8314073,5253067
4096,disjoint,16,24,pinned,1,5,0,13964362,7391807
4096,disjoint,16,24,pinned,1,5,1,13846218,10870744
4096,disjoint,16,24,pinned,1,5,2,20647387,16274436
4096,disjoint,16,24,pinned,1,5,3,18897052,15505611
4096,disjoint,16,24,pinned,1,6,0,23929732,18107879
4096,disjoint,16,24,pinned,1,6,1,10628947,7639887
4096,disjoint,16,24,pinned,1,6,2,16205766,12327723
4096,disjoint,16,24,pinned,1,6,3,19066183,13200666
4096,disjoint,16,24,pinned,1,7,0,28990885,23096695
4096,disjoint,16,24,pinned,1,7,1,21314199,17059062
4096,disjoint,16,24,pinned,1,7,2,17381994,13883219
4096,disjoint,16,24,pinned,1,7,3,8556281,3867053
4096,disjoint,16,24,pinned,1,8,0,29899256,23967183
4096,disjoint,16,24,pinned,1,8,1,40697352,35860624
4096,disjoint,16,24,pinned,1,8,2,10295605,7270327
4096,disjoint,16,24,pinned,1,8,3,6452308,3401561
4096,disjoint,16,24,pinned,1,9,0,29542690,23870660
4096,disjoint,16,24,pinned,1,9,1,21080647,17116481
4096,disjoint,16,24,pinned,1,9,2,17126741,13419550
4096,disjoint,16,24,pinned,1,9,3,9340466,4951866
4096,disjoint,16,24,pinned,1,10,0,14021881,7169416
4096,disjoint,16,24,pinned,1,10,1,13747050,10694430
4096,disjoint,16,24,pinned,1,10,2,13119432,9456476
4096,disjoint,16,24,pinned,1,10,3,22951259,18666525
4096,disjoint,16,24,pinned,1,11,0,13746209,7129991
4096,disjoint,16,24,pinned,1,11,1,15196165,11586119
4096,disjoint,16,24,pinned,1,11,2,35693086,31496179
4096,disjoint,16,24,pinned,1,11,3,10116476,6859819
4096,disjoint,16,24,pinned,1,12,0,13685464,7798086
4096,disjoint,16,24,pinned,1,12,1,16506265,13392048
4096,disjoint,16,24,pinned,1,12,2,40245497,35852168
4096,disjoint,16,24,pinned,1,12,3,11985835,7922652
4096,disjoint,16,24,pinned,1,13,0,29821237,23523904
4096,disjoint,16,24,pinned,1,13,1,34114868,30845097
4096,disjoint,16,24,pinned,1,13,2,11505746,8102352
4096,disjoint,16,24,pinned,1,13,3,8161745,4797123
4096,disjoint,16,24,pinned,1,14,0,23557577,17906467
4096,disjoint,16,24,pinned,1,14,1,10902314,7720319
4096,disjoint,16,24,pinned,1,14,2,16137918,12566986
4096,disjoint,16,24,pinned,1,14,3,21740868,18027756
4096,disjoint,16,24,pinned,1,15,0,13185979,6003679
4096,disjoint,16,24,pinned,1,15,1,14466493,10928524
4096,disjoint,16,24,pinned,1,15,2,13276420,9685209
4096,disjoint,16,24,pinned,1,15,3,29648752,23831576
4096,disjoint,16,24,pinned,2,0,0,37601661,32047794
4096,disjoint,16,24,pinned,2,0,1,14960569,11378095
4096,disjoint,16,24,pinned,2,0,2,16576739,13531042
4096,disjoint,16,24,pinned,2,0,3,10810861,8467514
4096,disjoint,16,24,pinned,2,1,0,36785405,31546245
4096,disjoint,16,24,pinned,2,1,1,15597855,12554513
4096,disjoint,16,24,pinned,2,1,2,16772540,13541432
4096,disjoint,16,24,pinned,2,1,3,10874792,8617558
4096,disjoint,16,24,pinned,2,2,0,13943322,9405600
4096,disjoint,16,24,pinned,2,2,1,20427050,17487533
4096,disjoint,16,24,pinned,2,2,2,12468690,10364776
4096,disjoint,16,24,pinned,2,2,3,22165371,18592556
4096,disjoint,16,24,pinned,2,3,0,14129916,10032086
4096,disjoint,16,24,pinned,2,3,1,20048523,17867554
4096,disjoint,16,24,pinned,2,3,2,11189979,9310590
4096,disjoint,16,24,pinned,2,3,3,16847592,14566302
4096,disjoint,16,24,pinned,2,4,0,13753483,9033425
4096,disjoint,16,24,pinned,2,4,1,17196021,14024867
4096,disjoint,16,24,pinned,2,4,2,12105372,9126802
4096,disjoint,16,24,pinned,2,4,3,27489893,25488293
4096,disjoint,16,24,pinned,2,5,0,36624180,31972140
4096,disjoint,16,24,pinned,2,5,1,15784288,13256913
4096,disjoint,16,24,pinned,2,5,2,16375398,13431173
4096,disjoint,16,24,pinned,2,5,3,13837442,11330434
4096,disjoint,16,24,pinned,2,6,0,25813519,21185947
4096,disjoint,16,24,pinned,2,6,1,39691448,36741542
4096,disjoint,16,24,pinned,2,6,2,11124044,8328700
4096,disjoint,16,24,pinned,2,6,3,7413157,4873919
4096,disjoint,16,24,pinned,2,7,0,15498888,11322560
4096,disjoint,16,24,pinned,2,7,1,24849153,21881604
4096,disjoint,16,24,pinned,2,7,2,29403236,26625617
4096,disjoint,16,24,pinned,2,7,3,10069236,7748943
4096,disjoint,16,24,pinned,2,8,0,25880295,21111575
4096,disjoint,16,24,pinned,2,8,1,13946208,10617234
4096,disjoint,16,24,pinned,2,8,2,23970680,20892201
4096,disjoint,16,24,pinned,2,8,3,9786561,7142986
4096,disjoint,16,24,pinned,2,9,0,25895935,21321473
4096,disjoint,16,24,pinned,2,9,1,14505166,10909809
4096,disjoint,16,24,pinned,2,9,2,24948111,22043901
4096,disjoint,16,24,pinned,2,9,3,11320967,8285549
4096,disjoint,16,24,pinned,2,10,0,25856811,21248425
4096,disjoint,16,24,pinned,2,10,1,14558437,10548094
4096,disjoint,16,24,pinned,2,10,2,24893166,22053880
4096,disjoint,16,24,pinned,2,10,3,10794169,8044151
4096,disjoint,16,24,pinned,2,11,0,26753870,21696754
4096,disjoint,16,24,pinned,2,11,1,38473782,35951426
4096,disjoint,16,24,pinned,2,11,2,11483404,8780667
4096,disjoint,16,24,pinned,2,11,3,7372770,4382408
4096,disjoint,16,24,pinned,2,12,0,26064364,21361409
4096,disjoint,16,24,pinned,2,12,1,13045973,9719083
4096,disjoint,16,24,pinned,2,12,2,26400070,22955708
4096,disjoint,16,24,pinned,2,12,3,10869111,7179725
4096,disjoint,16,24,pinned,2,13,0,14523340,9480101
4096,disjoint,16,24,pinned,2,13,1,20642547,18536219
4096,disjoint,16,24,pinned,2,13,2,17626206,14938246
4096,disjoint,16,24,pinned,2,13,3,16033320,12395381
4096,disjoint,16,24,pinned,2,14,0,14977611,9980489
4096,disjoint,16,24,pinned,2,14,1,20559470,18394591
4096,disjoint,16,24,pinned,2,14,2,17636956,15145739
4096,disjoint,16,24,pinned,2,14,3,15673098,12616110
4096,disjoint,16,24,pinned,2,15,0,26072169,21493289
4096,disjoint,16,24,pinned,2,15,1,14301019,11208734
4096,disjoint,16,24,pinned,2,15,2,20832087,17884175
4096,disjoint,16,24,pinned,2,15,3,11429933,9063512
4096,disjoint,16,24,unsafe_unpinned_baseline,2,0,0,25095881,24453143
4096,disjoint,16,24,unsafe_unpinned_baseline,2,0,1,7598258,7306605
4096,disjoint,16,24,unsafe_unpinned_baseline,2,0,2,27353585,27059528
4096,disjoint,16,24,unsafe_unpinned_baseline,2,0,3,15042062,14535213
4096,disjoint,16,24,unsafe_unpinned_baseline,2,1,0,8257305,7634626
4096,disjoint,16,24,unsafe_unpinned_baseline,2,1,1,23141410,22379487
4096,disjoint,16,24,unsafe_unpinned_baseline,2,1,2,30766889,30334199
4096,disjoint,16,24,unsafe_unpinned_baseline,2,1,3,12785851,12469652
4096,disjoint,16,24,unsafe_unpinned_baseline,2,2,0,25812047,25288956
4096,disjoint,16,24,unsafe_unpinned_baseline,2,2,1,8431495,8135434
4096,disjoint,16,24,unsafe_unpinned_baseline,2,2,2,18063384,17762535
4096,disjoint,16,24,unsafe_unpinned_baseline,2,2,3,12415690,11825231
4096,disjoint,16,24,unsafe_unpinned_baseline,2,3,0,7587066,7104342
4096,disjoint,16,24,unsafe_unpinned_baseline,2,3,1,12805067,12490191
4096,disjoint,16,24,unsafe_unpinned_baseline,2,3,2,14029215,13361881
4096,disjoint,16,24,unsafe_unpinned_baseline,2,3,3,17727858,17101172
4096,disjoint,16,24,unsafe_unpinned_baseline,2,4,0,25949165,24991402
4096,disjoint,16,24,unsafe_unpinned_baseline,2,4,1,13264767,12692654
4096,disjoint,16,24,unsafe_unpinned_baseline,2,4,2,16298221,15913954
4096,disjoint,16,24,unsafe_unpinned_baseline,2,4,3,14167687,13854745
4096,disjoint,16,24,unsafe_unpinned_baseline,2,5,0,7796323,7069336
4096,disjoint,16,24,unsafe_unpinned_baseline,2,5,1,23612391,23054324
4096,disjoint,16,24,unsafe_unpinned_baseline,2,5,2,22079920,21716902
4096,disjoint,16,24,unsafe_unpinned_baseline,2,5,3,12504959,11907407
4096,disjoint,16,24,unsafe_unpinned_baseline,2,6,0,26344445,25720383
4096,disjoint,16,24,unsafe_unpinned_baseline,2,6,1,28074680,27747451
4096,disjoint,16,24,unsafe_unpinned_baseline,2,6,2,20709554,20366444
4096,disjoint,16,24,unsafe_unpinned_baseline,2,6,3,2670537,2256352
4096,disjoint,16,24,unsafe_unpinned_baseline,2,7,0,8176061,7495503
4096,disjoint,16,24,unsafe_unpinned_baseline,2,7,1,11601769,11293305
4096,disjoint,16,24,unsafe_unpinned_baseline,2,7,2,7609619,7202729
4096,disjoint,16,24,unsafe_unpinned_baseline,2,7,3,27026947,26696482
4096,disjoint,16,24,unsafe_unpinned_baseline,2,8,0,26445917,25747585
4096,disjoint,16,24,unsafe_unpinned_baseline,2,8,1,12948739,12618885
4096,disjoint,16,24,unsafe_unpinned_baseline,2,8,2,16358736,15753180
4096,disjoint,16,24,unsafe_unpinned_baseline,2,8,3,13443516,13125704
4096,disjoint,16,24,unsafe_unpinned_baseline,2,9,0,31319014,30703849
4096,disjoint,16,24,unsafe_unpinned_baseline,2,9,1,19719510,18959050
4096,disjoint,16,24,unsafe_unpinned_baseline,2,9,2,12928039,12492015
4096,disjoint,16,24,unsafe_unpinned_baseline,2,9,3,10699180,10391316
4096,disjoint,16,24,unsafe_unpinned_baseline,2,10,0,30280167,29665343
4096,disjoint,16,24,unsafe_unpinned_baseline,2,10,1,22931011,21998535
4096,disjoint,16,24,unsafe_unpinned_baseline,2,10,2,12666174,11901486
4096,disjoint,16,24,unsafe_unpinned_baseline,2,10,3,8907406,8552765
4096,disjoint,16,24,unsafe_unpinned_baseline,2,11,0,26151459,25083056
4096,disjoint,16,24,unsafe_unpinned_baseline,2,11,1,16704251,16320513
4096,disjoint,16,24,unsafe_unpinned_baseline,2,11,2,14669768,13891895
4096,disjoint,16,24,unsafe_unpinned_baseline,2,11,3,12658500,12314679
4096,disjoint,16,24,unsafe_unpinned_baseline,2,12,0,7713515,7206375
4096,disjoint,16,24,unsafe_unpinned_baseline,2,12,1,11737255,11459780
4096,disjoint,16,24,unsafe_unpinned_baseline,2,12,2,7900960,7195455
4096,disjoint,16,24,unsafe_unpinned_baseline,2,12,3,34317632,33973701
4096,disjoint,16,24,unsafe_unpinned_baseline,2,13,0,21535689,20971039
4096,disjoint,16,24,unsafe_unpinned_baseline,2,13,1,12962796,12593827
4096,disjoint,16,24,unsafe_unpinned_baseline,2,13,2,17501470,17091744
4096,disjoint,16,24,unsafe_unpinned_baseline,2,13,3,12793024,12480472
4096,disjoint,16,24,unsafe_unpinned_baseline,2,14,0,31307181,30695093
4096,disjoint,16,24,unsafe_unpinned_baseline,2,14,1,30465168,29762627
4096,disjoint,16,24,unsafe_unpinned_baseline,2,14,2,12988665,12503556
4096,disjoint,16,24,unsafe_unpinned_baseline,2,14,3,3061628,2603320
4096,disjoint,16,24,unsafe_unpinned_baseline,2,15,0,26367898,25678494
4096,disjoint,16,24,unsafe_unpinned_baseline,2,15,1,16678621,16020847
4096,disjoint,16,24,unsafe_unpinned_baseline,2,15,2,16516795,16072905
4096,disjoint,16,24,unsafe_unpinned_baseline,2,15,3,16122118,15550947
4096,disjoint,16,24,unsafe_unpinned_baseline,3,0,0,21804197,20931735
4096,disjoint,16,24,unsafe_unpinned_baseline,3,0,1,12807422,12399579
4096,disjoint,16,24,unsafe_unpinned_baseline,3,0,2,14687010,13954123
4096,disjoint,16,24,unsafe_unpinned_baseline,3,0,3,15460315,14937615
4096,disjoint,16,24,unsafe_unpinned_baseline,3,1,0,7109322,6353220
4096,disjoint,16,24,unsafe_unpinned_baseline,3,1,1,24104022,23314387
4096,disjoint,16,24,unsafe_unpinned_baseline,3,1,2,14601959,14240435
4096,disjoint,16,24,unsafe_unpinned_baseline,3,1,3,20500258,19865656
4096,disjoint,16,24,unsafe_unpinned_baseline,3,2,0,7851647,7107518
4096,disjoint,16,24,unsafe_unpinned_baseline,3,2,1,18611782,18190284
4096,disjoint,16,24,unsafe_unpinned_baseline,3,2,2,14086884,13743524
4096,disjoint,16,24,unsafe_unpinned_baseline,3,2,3,25888441,25528129
4096,disjoint,16,24,unsafe_unpinned_baseline,3,3,0,21712424,20959838
4096,disjoint,16,24,unsafe_unpinned_baseline,3,3,1,12293118,11929900
4096,disjoint,16,24,unsafe_unpinned_baseline,3,3,2,15288940,14911185
4096,disjoint,16,24,unsafe_unpinned_baseline,3,3,3,19058568,18550096
4096,disjoint,16,24,unsafe_unpinned_baseline,3,4,0,22413060,21647491
4096,disjoint,16,24,unsafe_unpinned_baseline,3,4,1,23970529,23243843
4096,disjoint,16,24,unsafe_unpinned_baseline,3,4,2,18431381,18012808
4096,disjoint,16,24,unsafe_unpinned_baseline,3,4,3,7245009,6772605
4096,disjoint,16,24,unsafe_unpinned_baseline,3,5,0,21595752,21117978
4096,disjoint,16,24,unsafe_unpinned_baseline,3,5,1,12449513,12081727
4096,disjoint,16,24,unsafe_unpinned_baseline,3,5,2,15236992,14857373
4096,disjoint,16,24,unsafe_unpinned_baseline,3,5,3,14641564,14065794
4096,disjoint,16,24,unsafe_unpinned_baseline,3,6,0,22426966,21512696
4096,disjoint,16,24,unsafe_unpinned_baseline,3,6,1,23879678,23151428
4096,disjoint,16,24,unsafe_unpinned_baseline,3,6,2,18657028,18228626
4096,disjoint,16,24,unsafe_unpinned_baseline,3,6,3,7819377,7472720
4096,disjoint,16,24,unsafe_unpinned_baseline,3,7,0,5853424,5359639
4096,disjoint,16,24,unsafe_unpinned_baseline,3,7,1,25942092,25541394
4096,disjoint,16,24,unsafe_unpinned_baseline,3,7,2,14583935,14253600
4096,disjoint,16,24,unsafe_unpinned_baseline,3,7,3,18312235,17713942
4096,disjoint,16,24,unsafe_unpinned_baseline,3,8,0,8081563,7292749
4096,disjoint,16,24,unsafe_unpinned_baseline,3,8,1,31677263,31160895
4096,disjoint,16,24,unsafe_unpinned_baseline,3,8,2,14717869,14185642
4096,disjoint,16,24,unsafe_unpinned_baseline,3,8,3,12698495,11965758
4096,disjoint,16,24,unsafe_unpinned_baseline,3,9,0,22345893,21532172
4096,disjoint,16,24,unsafe_unpinned_baseline,3,9,1,23879617,23276465
4096,disjoint,16,24,unsafe_unpinned_baseline,3,9,2,18403578,17773084
4096,disjoint,16,24,unsafe_unpinned_baseline,3,9,3,7533695,6935082
4096,disjoint,16,24,unsafe_unpinned_baseline,3,10,0,21535709,20917157
4096,disjoint,16,24,unsafe_unpinned_baseline,3,10,1,11714041,11379588
4096,disjoint,16,24,unsafe_unpinned_baseline,3,10,2,15103570,14770057
4096,disjoint,16,24,unsafe_unpinned_baseline,3,10,3,16166502,15570824
4096,disjoint,16,24,unsafe_unpinned_baseline,3,11,0,22478594,21532322
4096,disjoint,16,24,unsafe_unpinned_baseline,3,11,1,24175988,23417051
4096,disjoint,16,24,unsafe_unpinned_baseline,3,11,2,21027237,20583025
4096,disjoint,16,24,unsafe_unpinned_baseline,3,11,3,5593451,5200407
4096,disjoint,16,24,unsafe_unpinned_baseline,3,12,0,8131788,7530198
4096,disjoint,16,24,unsafe_unpinned_baseline,3,12,1,31677202,31157738
4096,disjoint,16,24,unsafe_unpinned_baseline,3,12,2,25950959,25414474
4096,disjoint,16,24,unsafe_unpinned_baseline,3,12,3,7730758,7289804
4096,disjoint,16,24,unsafe_unpinned_baseline,3,13,0,21639275,20902469
4096,disjoint,16,24,unsafe_unpinned_baseline,3,13,1,12835054,12479400
4096,disjoint,16,24,unsafe_unpinned_baseline,3,13,2,14746233,14147539
4096,disjoint,16,24,unsafe_unpinned_baseline,3,13,3,15291736,14726685
4096,disjoint,16,24,unsafe_unpinned_baseline,3,14,0,20753107,20026811
4096,disjoint,16,24,unsafe_unpinned_baseline,3,14,1,12488618,12127724
4096,disjoint,16,24,unsafe_unpinned_baseline,3,14,2,15972084,15633272
4096,disjoint,16,24,unsafe_unpinned_baseline,3,14,3,15333344,14776981
4096,disjoint,16,24,unsafe_unpinned_baseline,3,15,0,8030586,7311014
4096,disjoint,16,24,unsafe_unpinned_baseline,3,15,1,30105686,29759200
4096,disjoint,16,24,unsafe_unpinned_baseline,3,15,2,24881444,24346481
4096,disjoint,16,24,unsafe_unpinned_baseline,3,15,3,8941802,8190099
4096,disjoint,16,24,pinned,3,0,0,36137849,31724492
4096,disjoint,16,24,pinned,3,0,1,40597624,29286215
4096,disjoint,16,24,pinned,3,0,2,15492365,12602383
4096,disjoint,16,24,pinned,3,0,3,4347762,2426074
4096,disjoint,16,24,pinned,3,1,0,26201173,22429602
4096,disjoint,16,24,pinned,3,1,1,13127818,9487655
4096,disjoint,16,24,pinned,3,1,2,17747526,10338947
4096,disjoint,16,24,pinned,3,1,3,18868038,16603820
4096,disjoint,16,24,pinned,3,2,0,35650496,31251056
4096,disjoint,16,24,pinned,3,2,1,13543035,9627690
4096,disjoint,16,24,pinned,3,2,2,39868683,37724584
4096,disjoint,16,24,pinned,3,2,3,5560519,3201232
4096,disjoint,16,24,pinned,3,3,0,26484178,22603661
4096,disjoint,16,24,pinned,3,3,1,16058217,9302445
4096,disjoint,16,24,pinned,3,3,2,21026775,15488878
4096,disjoint,16,24,pinned,3,3,3,17478666,15104691
4096,disjoint,16,24,pinned,3,4,0,17389267,12217184
4096,disjoint,16,24,pinned,3,4,1,15874849,12958848
4096,disjoint,16,24,pinned,3,4,2,19238449,15241019
4096,disjoint,16,24,pinned,3,4,3,22595175,17124726
4096,disjoint,16,24,pinned,3,5,0,36069258,30537724
4096,disjoint,16,24,pinned,3,5,1,38717564,31481411
4096,disjoint,16,24,pinned,3,5,2,12630857,9818892
4096,disjoint,16,24,pinned,3,5,3,5827695,3863035
4096,disjoint,16,24,pinned,3,6,0,35569834,30349168
4096,disjoint,16,24,pinned,3,6,1,12628232,8891467
4096,disjoint,16,24,pinned,3,6,2,30723587,27734968
4096,disjoint,16,24,pinned,3,6,3,13267012,10588670
4096,disjoint,16,24,pinned,3,7,0,17378768,12495391
4096,disjoint,16,24,pinned,3,7,1,13801303,11070312
4096,disjoint,16,24,pinned,3,7,2,14065854,9823091
4096,disjoint,16,24,pinned,3,7,3,37925253,34376293
4096,disjoint,16,24,pinned,3,8,0,17205079,12643692
4096,disjoint,16,24,pinned,3,8,1,14595477,11940200
4096,disjoint,16,24,pinned,3,8,2,13087051,9259783
4096,disjoint,16,24,pinned,3,8,3,19431454,15870391
4096,disjoint,16,24,pinned,3,9,0,13669824,8197032
4096,disjoint,16,24,pinned,3,9,1,16604641,13577138
4096,disjoint,16,24,pinned,3,9,2,22778572,18375785
4096,disjoint,16,24,pinned,3,9,3,22763013,18435909
4096,disjoint,16,24,pinned,3,10,0,17312212,12238835
4096,disjoint,16,24,pinned,3,10,1,27906683,24232285
4096,disjoint,16,24,pinned,3,10,2,31395609,27704570
4096,disjoint,16,24,pinned,3,10,3,15424137,12409257
4096,disjoint,16,24,pinned,3,11,0,36104966,31872302
4096,disjoint,16,24,pinned,3,11,1,25139172,20619044
4096,disjoint,16,24,pinned,3,11,2,19239230,17204789
4096,disjoint,16,24,pinned,3,11,3,11597070,9116472
4096,disjoint,16,24,pinned,3,12,0,15403237,11138611
4096,disjoint,16,24,pinned,3,12,1,27118329,18192529
4096,disjoint,16,24,pinned,3,12,2,31851021,25593121
4096,disjoint,16,24,pinned,3,12,3,11276673,7920417
4096,disjoint,16,24,pinned,3,13,0,14072216,9097176
4096,disjoint,16,24,pinned,3,13,1,17111532,13202820
4096,disjoint,16,24,pinned,3,13,2,21209341,18039028
4096,disjoint,16,24,pinned,3,13,3,22336976,18363211
4096,disjoint,16,24,pinned,3,14,0,24284213,20570552
4096,disjoint,16,24,pinned,3,14,1,14851382,11861570
4096,disjoint,16,24,pinned,3,14,2,17749951,10230392
4096,disjoint,16,24,pinned,3,14,3,25262225,20978033
4096,disjoint,16,24,pinned,3,15,0,26543120,22373605
4096,disjoint,16,24,pinned,3,15,1,12432873,9254634
4096,disjoint,16,24,pinned,3,15,2,30301227,22423650
4096,disjoint,16,24,pinned,3,15,3,16285246,11856931
4096,disjoint,16,24,pinned,4,0,0,13836570,9296994
4096,disjoint,16,24,pinned,4,0,1,25936633,21502325
4096,disjoint,16,24,pinned,4,0,2,30351612,26928129
4096,disjoint,16,24,pinned,4,0,3,19642323,16017660
4096,disjoint,16,24,pinned,4,1,0,13774051,10052835
4096,disjoint,16,24,pinned,4,1,1,20586952,17086054
4096,disjoint,16,24,pinned,4,1,2,12927349,9706840
4096,disjoint,16,24,pinned,4,1,3,26167529,21762378
4096,disjoint,16,24,pinned,4,2,0,35381907,31213154
4096,disjoint,16,24,pinned,4,2,1,23257439,19581779
4096,disjoint,16,24,pinned,4,2,2,12941626,9416551
4096,disjoint,16,24,pinned,4,2,3,14161926,10027597
4096,disjoint,16,24,pinned,4,3,0,13676477,9814144
4096,disjoint,16,24,pinned,4,3,1,20623551,17100510
4096,disjoint,16,24,pinned,4,3,2,13264617,9977002
4096,disjoint,16,24,pinned,4,3,3,27219181,22852934
4096,disjoint,16,24,pinned,4,4,0,14017373,9756845
4096,disjoint,16,24,pinned,4,4,1,20471944,17471233
4096,disjoint,16,24,pinned,4,4,2,12917860,10059869
4096,disjoint,16,24,pinned,4,4,3,26168642,22918727
4096,disjoint,16,24,pinned,4,5,0,35312687,31173117
4096,disjoint,16,24,pinned,4,5,1,33044692,30278644
4096,disjoint,16,24,pinned,4,5,2,10563282,7206466
4096,disjoint,16,24,pinned,4,5,3,11471101,8848465
4096,disjoint,16,24,pinned,4,6,0,39822726,33085519
4096,disjoint,16,24,pinned,4,6,1,34591060,30015466
4096,disjoint,16,24,pinned,4,6,2,19083145,16556520
4096,disjoint,16,24,pinned,4,6,3,7068835,5367443
4096,disjoint,16,24,pinned,4,7,0,35482839,30258876
4096,disjoint,16,24,pinned,4,7,1,28478926,24666688
4096,disjoint,16,24,pinned,4,7,2,11386041,8296780
4096,disjoint,16,24,pinned,4,7,3,23494137,21420981
4096,disjoint,16,24,pinned,4,8,0,38887756,33073145
4096,disjoint,16,24,pinned,4,8,1,36180609,30925719
4096,disjoint,16,24,pinned,4,8,2,18459664,16280037
4096,disjoint,16,24,pinned,4,8,3,5752102,4067652
4096,disjoint,16,24,pinned,4,9,0,38890702,33271360
4096,disjoint,16,24,pinned,4,9,1,31238932,27674103
4096,disjoint,16,24,pinned,4,9,2,19294034,15523204
4096,disjoint,16,24,pinned,4,9,3,8068418,5930249
4096,disjoint,16,24,pinned,4,10,0,13597357,9617301
4096,disjoint,16,24,pinned,4,10,1,20624042,16760536
4096,disjoint,16,24,pinned,4,10,2,28862382,25673894
4096,disjoint,16,24,pinned,4,10,3,11695256,8711265
4096,disjoint,16,24,pinned,4,11,0,38764192,32512264
4096,disjoint,16,24,pinned,4,11,1,31506278,27270217
4096,disjoint,16,24,pinned,4,11,2,18127406,14278918
4096,disjoint,16,24,pinned,4,11,3,8462794,5880254
4096,disjoint,16,24,pinned,4,12,0,38961205,33051044
4096,disjoint,16,24,pinned,4,12,1,29436770,25996306
4096,disjoint,16,24,pinned,4,12,2,11283025,8070612
4096,disjoint,16,24,pinned,4,12,3,11402461,8477663
4096,disjoint,16,24,pinned,4,13,0,34492693,29988675
4096,disjoint,16,24,pinned,4,13,1,13288061,9698314
4096,disjoint,16,24,pinned,4,13,2,24204252,20727128
4096,disjoint,16,24,pinned,4,13,3,13796123,8993069
4096,disjoint,16,24,pinned,4,14,0,22841382,17974656
4096,disjoint,16,24,pinned,4,14,1,15985670,12280855
4096,disjoint,16,24,pinned,4,14,2,31255945,27453384
4096,disjoint,16,24,pinned,4,14,3,20989775,18032125
4096,disjoint,16,24,pinned,4,15,0,39675748,33235192
4096,disjoint,16,24,pinned,4,15,1,30335872,27258546
4096,disjoint,16,24,pinned,4,15,2,21988937,19253478
4096,disjoint,16,24,pinned,4,15,3,7115333,5305135
4096,disjoint,16,24,unsafe_unpinned_baseline,4,0,0,23201173,22325936
4096,disjoint,16,24,unsafe_unpinned_baseline,4,0,1,15030721,14627938
4096,disjoint,16,24,unsafe_unpinned_baseline,4,0,2,15380764,14957623
4096,disjoint,16,24,unsafe_unpinned_baseline,4,0,3,19912085,19604852
4096,disjoint,16,24,unsafe_unpinned_baseline,4,1,0,23669569,22857051
4096,disjoint,16,24,unsafe_unpinned_baseline,4,1,1,27459786,26910516
4096,disjoint,16,24,unsafe_unpinned_baseline,4,1,2,22327227,21660034
4096,disjoint,16,24,unsafe_unpinned_baseline,4,1,3,4473621,4112598
4096,disjoint,16,24,unsafe_unpinned_baseline,4,2,0,20531387,19962861
4096,disjoint,16,24,unsafe_unpinned_baseline,4,2,1,18261560,17584007
4096,disjoint,16,24,unsafe_unpinned_baseline,4,2,2,14157808,13756469
4096,disjoint,16,24,unsafe_unpinned_baseline,4,2,3,15914976,15460074
4096,disjoint,16,24,unsafe_unpinned_baseline,4,3,0,20274631,19417848
4096,disjoint,16,24,unsafe_unpinned_baseline,4,3,1,18472930,17581292
4096,disjoint,16,24,unsafe_unpinned_baseline,4,3,2,14162407,13616504
4096,disjoint,16,24,unsafe_unpinned_baseline,4,3,3,20486662,20025248
4096,disjoint,16,24,unsafe_unpinned_baseline,4,4,0,23645264,23023957
4096,disjoint,16,24,unsafe_unpinned_baseline,4,4,1,32811200,32294651
4096,disjoint,16,24,unsafe_unpinned_baseline,4,4,2,17382494,17052620
4096,disjoint,16,24,unsafe_unpinned_baseline,4,4,3,5404013,5047418
4096,disjoint,16,24,unsafe_unpinned_baseline,4,5,0,9133094,8631424
4096,disjoint,16,24,unsafe_unpinned_baseline,4,5,1,16878791,16307880
4096,disjoint,16,24,unsafe_unpinned_baseline,4,5,2,17761984,17249212
4096,disjoint,16,24,unsafe_unpinned_baseline,4,5,3,27474043,27002812
4096,disjoint,16,24,unsafe_unpinned_baseline,4,6,0,34597001,33833605
4096,disjoint,16,24,unsafe_unpinned_baseline,4,6,1,23281514,22808459
4096,disjoint,16,24,unsafe_unpinned_baseline,4,6,2,15494389,15136442
4096,disjoint,16,24,unsafe_unpinned_baseline,4,6,3,5828807,5208372
4096,disjoint,16,24,unsafe_unpinned_baseline,4,7,0,20450685,19940999
4096,disjoint,16,24,unsafe_unpinned_baseline,4,7,1,16171231,15497135
4096,disjoint,16,24,unsafe_unpinned_baseline,4,7,2,16250311,15929764
4096,disjoint,16,24,unsafe_unpinned_baseline,4,7,3,20581683,20201001
4096,disjoint,16,24,unsafe_unpinned_baseline,4,8,0,23134567,22382563
4096,disjoint,16,24,unsafe_unpinned_baseline,4,8,1,15068563,14548949
4096,disjoint,16,24,unsafe_unpinned_baseline,4,8,2,26073792,24293491
4096,disjoint,16,24,unsafe_unpinned_baseline,4,8,3,9015542,8691127
4096,disjoint,16,24,unsafe_unpinned_baseline,4,9,0,23474400,22920310
4096,disjoint,16,24,unsafe_unpinned_baseline,4,9,1,15318977,14767172
4096,disjoint,16,24,unsafe_unpinned_baseline,4,9,2,23284179,22633688
4096,disjoint,16,24,unsafe_unpinned_baseline,4,9,3,11152488,10865033
4096,disjoint,16,24,unsafe_unpinned_baseline,4,10,0,34521307,33801004
4096,disjoint,16,24,unsafe_unpinned_baseline,4,10,1,16484193,15982864
4096,disjoint,16,24,unsafe_unpinned_baseline,4,10,2,23155245,22487802
4096,disjoint,16,24,unsafe_unpinned_baseline,4,10,3,4951105,4140250
4096,disjoint,16,24,unsafe_unpinned_baseline,4,11,0,23406542,22710824
4096,disjoint,16,24,unsafe_unpinned_baseline,4,11,1,14640983,14111250
4096,disjoint,16,24,unsafe_unpinned_baseline,4,11,2,15444686,14765299
4096,disjoint,16,24,unsafe_unpinned_baseline,4,11,3,15170265,14657535
4096,disjoint,16,24,unsafe_unpinned_baseline,4,12,0,8513150,8043941
4096,disjoint,16,24,unsafe_unpinned_baseline,4,12,1,22840149,22090429
4096,disjoint,16,24,unsafe_unpinned_baseline,4,12,2,17154212,16745769
4096,disjoint,16,24,unsafe_unpinned_baseline,4,12,3,10584312,10105695
4096,disjoint,16,24,unsafe_unpinned_baseline,4,13,0,9916617,8960397
4096,disjoint,16,24,unsafe_unpinned_baseline,4,13,1,32106074,31462625
4096,disjoint,16,24,unsafe_unpinned_baseline,4,13,2,16530441,15955552
4096,disjoint,16,24,unsafe_unpinned_baseline,4,13,3,14564668,14251005
4096,disjoint,16,24,unsafe_unpinned_baseline,4,14,0,22217740,21522844
4096,disjoint,16,24,unsafe_unpinned_baseline,4,14,1,15778858,15122355
4096,disjoint,16,24,unsafe_unpinned_baseline,4,14,2,15683748,15349565
4096,disjoint,16,24,unsafe_unpinned_baseline,4,14,3,13733565,13408469
4096,disjoint,16,24,unsafe_unpinned_baseline,4,15,0,23424055,22941090
4096,disjoint,16,24,unsafe_unpinned_baseline,4,15,1,14418803,13911943
4096,disjoint,16,24,unsafe_unpinned_baseline,4,15,2,16974982,16286880
4096,disjoint,16,24,unsafe_unpinned_baseline,4,15,3,18633393,18296726
4096,disjoint,16,24,unsafe_unpinned_baseline,5,0,0,18085516,17704704
4096,disjoint,16,24,unsafe_unpinned_baseline,5,0,1,7737251,7252313
4096,disjoint,16,24,unsafe_unpinned_baseline,5,0,2,13988919,13610312
4096,disjoint,16,24,unsafe_unpinned_baseline,5,0,3,15968657,15688947
4096,disjoint,16,24,unsafe_unpinned_baseline,5,1,0,19456061,18752349
4096,disjoint,16,24,unsafe_unpinned_baseline,5,1,1,12250066,11781558
4096,disjoint,16,24,unsafe_unpinned_baseline,5,1,2,19052637,18583920
4096,disjoint,16,24,unsafe_unpinned_baseline,5,1,3,13846018,13513529
4096,disjoint,16,24,unsafe_unpinned_baseline,5,2,0,19480537,18735807
4096,disjoint,16,24,unsafe_unpinned_baseline,5,2,1,12901610,12484029
4096,disjoint,16,24,unsafe_unpinned_baseline,5,2,2,19065993,18749133
4096,disjoint,16,24,unsafe_unpinned_baseline,5,2,3,13240962,12914374
4096,disjoint,16,24,unsafe_unpinned_baseline,5,3,0,19436865,18779831
4096,disjoint,16,24,unsafe_unpinned_baseline,5,3,1,13667701,13209934
4096,disjoint,16,24,unsafe_unpinned_baseline,5,3,2,18568210,18313457
4096,disjoint,16,24,unsafe_unpinned_baseline,5,3,3,12940012,12703284
4096,disjoint,16,24,unsafe_unpinned_baseline,5,4,0,17946823,17287955
4096,disjoint,16,24,unsafe_unpinned_baseline,5,4,1,7960724,7504981
4096,disjoint,16,24,unsafe_unpinned_baseline,5,4,2,13839025,13364186
4096,disjoint,16,24,unsafe_unpinned_baseline,5,4,3,16164639,15889377
4096,disjoint,16,24,unsafe_unpinned_baseline,5,5,0,19674624,18735957
4096,disjoint,16,24,unsafe_unpinned_baseline,5,5,1,24241433,23769138
4096,disjoint,16,24,unsafe_unpinned_baseline,5,5,2,23453721,22751100
4096,disjoint,16,24,unsafe_unpinned_baseline,5,5,3,6349423,5970295
4096,disjoint,16,24,unsafe_unpinned_baseline,5,6,0,17455012,16844896
4096,disjoint,16,24,unsafe_unpinned_baseline,5,6,1,16520482,15741748
4096,disjoint,16,24,unsafe_unpinned_baseline,5,6,2,29163502,28810084
4096,disjoint,16,24,unsafe_unpinned_baseline,5,6,3,5942242,5562362
4096,disjoint,16,24,unsafe_unpinned_baseline,5,7,0,19692659,18585463
4096,disjoint,16,24,unsafe_unpinned_baseline,5,7,1,13423418,13036736
4096,disjoint,16,24,unsafe_unpinned_baseline,5,7,2,18502706,18204081
4096,disjoint,16,24,unsafe_unpinned_baseline,5,7,3,13029502,12721158
4096,disjoint,16,24,unsafe_unpinned_baseline,5,8,0,19665738,19062385
4096,disjoint,16,24,unsafe_unpinned_baseline,5,8,1,25488884,25020588
4096,disjoint,16,24,unsafe_unpinned_baseline,5,8,2,19520433,18552430
4096,disjoint,16,24,unsafe_unpinned_baseline,5,8,3,6485521,5545791
4096,disjoint,16,24,unsafe_unpinned_baseline,5,9,0,19676388,18763950
4096,disjoint,16,24,unsafe_unpinned_baseline,5,9,1,25715995,25250413
4096,disjoint,16,24,unsafe_unpinned_baseline,5,9,2,19250692,18530128
4096,disjoint,16,24,unsafe_unpinned_baseline,5,9,3,6682313,6236890
4096,disjoint,16,24,unsafe_unpinned_baseline,5,10,0,19548045,18927210
4096,disjoint,16,24,unsafe_unpinned_baseline,5,10,1,13494522,13031055
4096,disjoint,16,24,unsafe_unpinned_baseline,5,10,2,18582778,18339366
4096,disjoint,16,24,unsafe_unpinned_baseline,5,10,3,12913061,12585351
4096,disjoint,16,24,unsafe_unpinned_baseline,5,11,0,19498020,18866595
4096,disjoint,16,24,unsafe_unpinned_baseline,5,11,1,23641646,23165645
4096,disjoint,16,24,unsafe_unpinned_baseline,5,11,2,23289089,22929989
4096,disjoint,16,24,unsafe_unpinned_baseline,5,11,3,4889899,4473431
4096,disjoint,16,24,unsafe_unpinned_baseline,5,12,0,17949939,17345214
4096,disjoint,16,24,unsafe_unpinned_baseline,5,12,1,16067104,15597043
4096,disjoint,16,24,unsafe_unpinned_baseline,5,12,2,29101215,28785687
4096,disjoint,16,24,unsafe_unpinned_baseline,5,12,3,6335036,5923536
4096,disjoint,16,24,unsafe_unpinned_baseline,5,13,0,19606466,18737370
4096,disjoint,16,24,unsafe_unpinned_baseline,5,13,1,25408803,24959542
4096,disjoint,16,24,unsafe_unpinned_baseline,5,13,2,22711825,22009516
4096,disjoint,16,24,unsafe_unpinned_baseline,5,13,3,5916793,5320324
4096,disjoint,16,24,unsafe_unpinned_baseline,5,14,0,17873905,17299067
4096,disjoint,16,24,unsafe_unpinned_baseline,5,14,1,18479301,17945541
4096,disjoint,16,24,unsafe_unpinned_baseline,5,14,2,26055918,25691889
4096,disjoint,16,24,unsafe_unpinned_baseline,5,14,3,7302117,6628922
4096,disjoint,16,24,unsafe_unpinned_baseline,5,15,0,19615393,18999827
4096,disjoint,16,24,unsafe_unpinned_baseline,5,15,1,24839745,24386517
4096,disjoint,16,24,unsafe_unpinned_baseline,5,15,2,22917555,22103864
4096,disjoint,16,24,unsafe_unpinned_baseline,5,15,3,6639723,6240677
4096,disjoint,16,24,pinned,5,0,0,31335064,26397665
4096,disjoint,16,24,pinned,5,0,1,16340612,13659174
4096,disjoint,16,24,pinned,5,0,2,21643283,17958645
4096,disjoint,16,24,pinned,5,0,3,24096568,19974553
4096,disjoint,16,24,pinned,5,1,0,12116213,6949069
4096,disjoint,16,24,pinned,5,1,1,17309697,14098406
4096,disjoint,16,24,pinned,5,1,2,13630420,10996302
4096,disjoint,16,24,pinned,5,1,3,23610447,20007175
4096,disjoint,16,24,pinned,5,2,0,12124608,6950851
4096,disjoint,16,24,pinned,5,2,1,17309727,14335615
4096,disjoint,16,24,pinned,5,2,2,12507333,9899776
4096,disjoint,16,24,pinned,5,2,3,38631942,35609197
4096,disjoint,16,24,pinned,5,3,0,33957981,29661305
4096,disjoint,16,24,pinned,5,3,1,15095534,11142760
4096,disjoint,16,24,pinned,5,3,2,16412137,13137236
4096,disjoint,16,24,pinned,5,3,3,18867356,15589850
4096,disjoint,16,24,pinned,5,4,0,20016422,15349014
4096,disjoint,16,24,pinned,5,4,1,16207259,13734407
4096,disjoint,16,24,pinned,5,4,2,27311265,23287005
4096,disjoint,16,24,pinned,5,4,3,18794889,15180976
4096,disjoint,16,24,pinned,5,5,0,38615771,33926131
4096,disjoint,16,24,pinned,5,5,1,20143322,16612637
4096,disjoint,16,24,pinned,5,5,2,26797392,24458994
4096,disjoint,16,24,pinned,5,5,3,10297489,7211245
4096,disjoint,16,24,pinned,5,6,0,17493485,12710307
4096,disjoint,16,24,pinned,5,6,1,17851773,14325907
4096,disjoint,16,24,pinned,5,6,2,27072503,23025500
4096,disjoint,16,24,pinned,5,6,3,20972011,17754970
4096,disjoint,16,24,pinned,5,7,0,40367357,34666993
4096,disjoint,16,24,pinned,5,7,1,18861816,16022560
4096,disjoint,16,24,pinned,5,7,2,15583288,13494402
4096,disjoint,16,24,pinned,5,7,3,13649826,11362285
4096,disjoint,16,24,pinned,5,8,0,39833998,35328246
4096,disjoint,16,24,pinned,5,8,1,40674008,37701279
4096,disjoint,16,24,pinned,5,8,2,14414695,10290526
4096,disjoint,16,24,pinned,5,8,3,6396592,3507642
4096,disjoint,16,24,pinned,5,9,0,32545406,27867157
4096,disjoint,16,24,pinned,5,9,1,14986217,11694244
4096,disjoint,16,24,pinned,5,9,2,21492868,18257662
4096,disjoint,16,24,pinned,5,9,3,25910984,21683369
4096,disjoint,16,24,pinned,5,10,0,38677808,33925950
4096,disjoint,16,24,pinned,5,10,1,40797973,37294840
4096,disjoint,16,24,pinned,5,10,2,15895058,11955508
4096,disjoint,16,24,pinned,5,10,3,5748445,3140466
4096,disjoint,16,24,pinned,5,11,0,12025661,7289963
4096,disjoint,16,24,pinned,5,11,1,26694087,21836649
4096,disjoint,16,24,pinned,5,11,2,24753282,21494110
4096,disjoint,16,24,pinned,5,11,3,18140199,15151640
4096,disjoint,16,24,pinned,5,12,0,13972137,9691010
4096,disjoint,16,24,pinned,5,12,1,22218712,18581284
4096,disjoint,16,24,pinned,5,12,2,25834609,21679361
4096,disjoint,16,24,pinned,5,12,3,19552293,15779860
4096,disjoint,16,24,pinned,5,13,0,32458682,27970083
4096,disjoint,16,24,pinned,5,13,1,14984594,11866670
4096,disjoint,16,24,pinned,5,13,2,33738035,29026764
4096,disjoint,16,24,pinned,5,13,3,14191633,8957051
4096,disjoint,16,24,pinned,5,14,0,38777577,33855397
4096,disjoint,16,24,pinned,5,14,1,25289617,21919746
4096,disjoint,16,24,pinned,5,14,2,19400566,14983903
4096,disjoint,16,24,pinned,5,14,3,11818459,7640427
4096,disjoint,16,24,pinned,5,15,0,33842472,28999833
4096,disjoint,16,24,pinned,5,15,1,15069084,11015898
4096,disjoint,16,24,pinned,5,15,2,18771354,16017290
4096,disjoint,16,24,pinned,5,15,3,23283088,19060452
4096,same_object,1,24,pinned,-2,0,0,4599289,2418439
4096,same_object,1,24,pinned,-2,0,1,3457988,1663791
4096,same_object,1,24,pinned,-2,0,2,5096931,3019267
4096,same_object,1,24,pinned,-2,0,3,4748711,2610774
4096,same_object,1,24,unsafe_unpinned_baseline,-2,0,0,2316186,2018542
4096,same_object,1,24,unsafe_unpinned_baseline,-2,0,1,2181260,1835425
4096,same_object,1,24,unsafe_unpinned_baseline,-2,0,2,2068988,1760153
4096,same_object,1,24,unsafe_unpinned_baseline,-2,0,3,3150966,2791055
4096,same_object,1,24,unsafe_unpinned_baseline,-1,0,0,2418159,2120967
4096,same_object,1,24,unsafe_unpinned_baseline,-1,0,1,5121929,4859011
4096,same_object,1,24,unsafe_unpinned_baseline,-1,0,2,3595658,3093488
4096,same_object,1,24,unsafe_unpinned_baseline,-1,0,3,4228207,3212924
4096,same_object,1,24,pinned,-1,0,0,3926084,1803175
4096,same_object,1,24,pinned,-1,0,1,4953490,3105300
4096,same_object,1,24,pinned,-1,0,2,3322442,1716230
4096,same_object,1,24,pinned,-1,0,3,5124253,2126767
4096,same_object,1,24,pinned,0,0,0,4548152,1784438
4096,same_object,1,24,pinned,0,0,1,5176672,2631142
4096,same_object,1,24,pinned,0,0,2,3637147,1557840
4096,same_object,1,24,pinned,0,0,3,3634412,1730837
4096,same_object,1,24,unsafe_unpinned_baseline,0,0,0,2168516,1853660
4096,same_object,1,24,unsafe_unpinned_baseline,0,0,1,1762508,1508867
4096,same_object,1,24,unsafe_unpinned_baseline,0,0,2,3250835,3021962
4096,same_object,1,24,unsafe_unpinned_baseline,0,0,3,1709126,1459294
4096,same_object,1,24,unsafe_unpinned_baseline,1,0,0,1752658,1462560
4096,same_object,1,24,unsafe_unpinned_baseline,1,0,1,1591574,1320741
4096,same_object,1,24,unsafe_unpinned_baseline,1,0,2,2506145,2237497
4096,same_object,1,24,unsafe_unpinned_baseline,1,0,3,1775802,1532582
4096,same_object,1,24,pinned,1,0,0,3442439,1976262
4096,same_object,1,24,pinned,1,0,1,3308565,1660344
4096,same_object,1,24,pinned,1,0,2,4117076,1730277
4096,same_object,1,24,pinned,1,0,3,3942966,2418690
4096,same_object,1,24,pinned,2,0,0,3864477,2125996
4096,same_object,1,24,pinned,2,0,1,3128203,1632220
4096,same_object,1,24,pinned,2,0,2,2804470,1555225
4096,same_object,1,24,pinned,2,0,3,2201048,1172209
4096,same_object,1,24,unsafe_unpinned_baseline,2,0,0,1751005,1608316
4096,same_object,1,24,unsafe_unpinned_baseline,2,0,1,2411496,1955152
4096,same_object,1,24,unsafe_unpinned_baseline,2,0,2,2333379,2102772
4096,same_object,1,24,unsafe_unpinned_baseline,2,0,3,1628874,1436590
4096,same_object,1,24,unsafe_unpinned_baseline,3,0,0,2793500,2539388
4096,same_object,1,24,unsafe_unpinned_baseline,3,0,1,2153177,1893736
4096,same_object,1,24,unsafe_unpinned_baseline,3,0,2,1951496,1694419
4096,same_object,1,24,unsafe_unpinned_baseline,3,0,3,1655044,1276827
4096,same_object,1,24,pinned,3,0,0,3415297,1801752
4096,same_object,1,24,pinned,3,0,1,2409743,1151280
4096,same_object,1,24,pinned,3,0,2,2457854,1139698
4096,same_object,1,24,pinned,3,0,3,2975775,1450617
4096,same_object,1,24,pinned,4,0,0,2899210,1280996
4096,same_object,1,24,pinned,4,0,1,2780906,1199161
4096,same_object,1,24,pinned,4,0,2,2596426,1193420
4096,same_object,1,24,pinned,4,0,3,3295701,1861044
4096,same_object,1,24,unsafe_unpinned_baseline,4,0,0,1438043,1245779
4096,same_object,1,24,unsafe_unpinned_baseline,4,0,1,2249519,1918052
4096,same_object,1,24,unsafe_unpinned_baseline,4,0,2,1962105,1720528
4096,same_object,1,24,unsafe_unpinned_baseline,4,0,3,1582566,1334337
4096,same_object,1,24,unsafe_unpinned_baseline,5,0,0,1460937,1252682
4096,same_object,1,24,unsafe_unpinned_baseline,5,0,1,1646518,1432343
4096,same_object,1,24,unsafe_unpinned_baseline,5,0,2,1480212,1311564
4096,same_object,1,24,unsafe_unpinned_baseline,5,0,3,2733877,2383203
4096,same_object,1,24,pinned,5,0,0,5048960,1349575
4096,same_object,1,24,pinned,5,0,1,2457404,1118559
4096,same_object,1,24,pinned,5,0,2,5152426,2627345
4096,same_object,1,24,pinned,5,0,3,4444435,2392781
4096,same_object,4,24,pinned,-2,0,0,5235534,1642971
4096,same_object,4,24,pinned,-2,0,1,5016148,1970461
4096,same_object,4,24,pinned,-2,0,2,4272610,2460268
4096,same_object,4,24,pinned,-2,0,3,5991114,1733302
4096,same_object,4,24,pinned,-2,1,0,7361279,1164014
4096,same_object,4,24,pinned,-2,1,1,6051669,2365309
4096,same_object,4,24,pinned,-2,1,2,5811164,2226746
4096,same_object,4,24,pinned,-2,1,3,6800707,2121858
4096,same_object,4,24,pinned,-2,2,0,6297484,1123918
4096,same_object,4,24,pinned,-2,2,1,7626701,3031340
4096,same_object,4,24,pinned,-2,2,2,5824168,2252164
4096,same_object,4,24,pinned,-2,2,3,5131968,1559102
4096,same_object,4,24,pinned,-2,3,0,5801866,1062743
4096,same_object,4,24,pinned,-2,3,1,6178279,2607438
4096,same_object,4,24,pinned,-2,3,2,5181381,1733352
4096,same_object,4,24,pinned,-2,3,3,5725952,1611952
4096,same_object,4,24,unsafe_unpinned_baseline,-2,0,0,6110641,5682941
4096,same_object,4,24,unsafe_unpinned_baseline,-2,0,1,5439300,5147467
4096,same_object,4,24,unsafe_unpinned_baseline,-2,0,2,5538487,5294164
4096,same_object,4,24,unsafe_unpinned_baseline,-2,0,3,1262921,1046231
4096,same_object,4,24,unsafe_unpinned_baseline,-2,1,0,4785672,4492597
4096,same_object,4,24,unsafe_unpinned_baseline,-2,1,1,1959099,1704788
4096,same_object,4,24,unsafe_unpinned_baseline,-2,1,2,4782566,4604519
4096,same_object,4,24,unsafe_unpinned_baseline,-2,1,3,4625329,4386456
4096,same_object,4,24,unsafe_unpinned_baseline,-2,2,0,3338381,3039756
4096,same_object,4,24,unsafe_unpinned_baseline,-2,2,1,3284139,3000622
4096,same_object,4,24,unsafe_unpinned_baseline,-2,2,2,4914446,4683799
4096,same_object,4,24,unsafe_unpinned_baseline,-2,2,3,4993606,4697745
4096,same_object,4,24,unsafe_unpinned_baseline,-2,3,0,5478344,5190769
4096,same_object,4,24,unsafe_unpinned_baseline,-2,3,1,3198867,2965485
4096,same_object,4,24,unsafe_unpinned_baseline,-2,3,2,6175133,5938545
4096,same_object,4,24,unsafe_unpinned_baseline,-2,3,3,2334250,2117210
4096,same_object,4,24,unsafe_unpinned_baseline,-1,0,0,4080797,3753628
4096,same_object,4,24,unsafe_unpinned_baseline,-1,0,1,2423008,2167144
4096,same_object,4,24,unsafe_unpinned_baseline,-1,0,2,5440922,5231987
4096,same_object,4,24,unsafe_unpinned_baseline,-1,0,3,2624890,2364848
4096,same_object,4,24,unsafe_unpinned_baseline,-1,1,0,4296425,3803301
4096,same_object,4,24,unsafe_unpinned_baseline,-1,1,1,6590439,6318284
4096,same_object,4,24,unsafe_unpinned_baseline,-1,1,2,2240542,1981252
4096,same_object,4,24,unsafe_unpinned_baseline,-1,1,3,3619093,2955978
4096,same_object,4,24,unsafe_unpinned_baseline,-1,2,0,4241281,3773125
4096,same_object,4,24,unsafe_unpinned_baseline,-1,2,1,7312787,7081218
4096,same_object,4,24,unsafe_unpinned_baseline,-1,2,2,4636360,4424809
4096,same_object,4,24,unsafe_unpinned_baseline,-1,2,3,1677356,1135640
4096,same_object,4,24,unsafe_unpinned_baseline,-1,3,0,4108771,3623111
4096,same_object,4,24,unsafe_unpinned_baseline,-1,3,1,2479145,2210275
4096,same_object,4,24,unsafe_unpinned_baseline,-1,3,2,4919887,4703636
4096,same_object,4,24,unsafe_unpinned_baseline,-1,3,3,4684631,4467760
4096,same_object,4,24,pinned,-1,0,0,4949923,1099232
4096,same_object,4,24,pinned,-1,0,1,6082878,2161453
4096,same_object,4,24,pinned,-1,0,2,6899294,2360921
4096,same_object,4,24,pinned,-1,0,3,7092771,2397239
4096,same_object,4,24,pinned,-1,1,0,5542184,1071399
4096,same_object,4,24,pinned,-1,1,1,9049726,4352832
4096,same_object,4,24,pinned,-1,1,2,6430286,1699778
4096,same_object,4,24,pinned,-1,1,3,5392641,1938550
4096,same_object,4,24,pinned,-1,2,0,7497888,1129449
4096,same_object,4,24,pinned,-1,2,1,7837681,2682440
4096,same_object,4,24,pinned,-1,2,2,8929067,3348630
4096,same_object,4,24,pinned,-1,2,3,3687302,1189272
4096,same_object,4,24,pinned,-1,3,0,6000252,1010513
4096,same_object,4,24,pinned,-1,3,1,7694640,3543259
4096,same_object,4,24,pinned,-1,3,2,8138300,3035127
4096,same_object,4,24,pinned,-1,3,3,5042017,2007321
4096,same_object,4,24,pinned,0,0,0,10543093,3815696
4096,same_object,4,24,pinned,0,0,1,6537108,2229582
4096,same_object,4,24,pinned,0,0,2,5365190,2776707
4096,same_object,4,24,pinned,0,0,3,4030071,1792134
4096,same_object,4,24,pinned,0,1,0,8739789,2662542
4096,same_object,4,24,pinned,0,1,1,7809147,3159673
4096,same_object,4,24,pinned,0,1,2,5411307,2029703
4096,same_object,4,24,pinned,0,1,3,3893914,1809567
4096,same_object,4,24,pinned,0,2,0,6271254,1650044
4096,same_object,4,24,pinned,0,2,1,6393085,2252736
4096,same_object,4,24,pinned,0,2,2,6828149,2840138
4096,same_object,4,24,pinned,0,2,3,5957330,2449208
4096,same_object,4,24,pinned,0,3,0,5588642,2203883
4096,same_object,4,24,pinned,0,3,1,5476389,1297297
4096,same_object,4,24,pinned,0,3,2,8033873,2654397
4096,same_object,4,24,pinned,0,3,3,5893440,3276143
4096,same_object,4,24,unsafe_unpinned_baseline,0,0,0,3848337,3601991
4096,same_object,4,24,unsafe_unpinned_baseline,0,0,1,3171956,2869523
4096,same_object,4,24,unsafe_unpinned_baseline,0,0,2,4000264,3795146
4096,same_object,4,24,unsafe_unpinned_baseline,0,0,3,3439723,3207884
4096,same_object,4,24,unsafe_unpinned_baseline,0,1,0,5277894,5036948
4096,same_object,4,24,unsafe_unpinned_baseline,0,1,1,3447979,3172267
4096,same_object,4,24,unsafe_unpinned_baseline,0,1,2,3600858,3277456
4096,same_object,4,24,unsafe_unpinned_baseline,0,1,3,3182596,2929657
4096,same_object,4,24,unsafe_unpinned_baseline,0,2,0,3129636,2873972
4096,same_object,4,24,unsafe_unpinned_baseline,0,2,1,3719583,3451947
4096,same_object,4,24,unsafe_unpinned_baseline,0,2,2,4152593,3965168
4096,same_object,4,24,unsafe_unpinned_baseline,0,2,3,4387017,4144208
4096,same_object,4,24,unsafe_unpinned_baseline,0,3,0,5327949,5092052
4096,same_object,4,24,unsafe_unpinned_baseline,0,3,1,5820070,5582571
4096,same_object,4,24,unsafe_unpinned_baseline,0,3,2,4230801,4007088
4096,same_object,4,24,unsafe_unpinned_baseline,0,3,3,1260316,1026314
4096,same_object,4,24,unsafe_unpinned_baseline,1,0,0,3755612,3524223
4096,same_object,4,24,unsafe_unpinned_baseline,1,0,1,5113072,4891061
4096,same_object,4,24,unsafe_unpinned_baseline,1,0,2,2218240,2012231
4096,same_object,4,24,unsafe_unpinned_baseline,1,0,3,2156393,1943701
4096,same_object,4,24,unsafe_unpinned_baseline,1,1,0,3934110,3707821
4096,same_object,4,24,unsafe_unpinned_baseline,1,1,1,3430246,3248822
4096,same_object,4,24,unsafe_unpinned_baseline,1,1,2,3437349,3198337
4096,same_object,4,24,unsafe_unpinned_baseline,1,1,3,3138142,2949394
4096,same_object,4,24,unsafe_unpinned_baseline,1,2,0,3718772,3500688
4096,same_object,4,24,unsafe_unpinned_baseline,1,2,1,1718193,1473591
4096,same_object,4,24,unsafe_unpinned_baseline,1,2,2,4201877,3981329
4096,same_object,4,24,unsafe_unpinned_baseline,1,2,3,2820962,2618548
4096,same_object,4,24,unsafe_unpinned_baseline,1,3,0,3989004,3771150
4096,same_object,4,24,unsafe_unpinned_baseline,1,3,1,4412496,4211234
4096,same_object,4,24,unsafe_unpinned_baseline,1,3,2,3599756,3371645
4096,same_object,4,24,unsafe_unpinned_baseline,1,3,3,2405525,2222728
4096,same_object,4,24,pinned,1,0,0,7587337,2579174
4096,same_object,4,24,pinned,1,0,1,6103948,1785251
4096,same_object,4,24,pinned,1,0,2,4746588,2353857
4096,same_object,4,24,pinned,1,0,3,4265286,1854081
4096,same_object,4,24,pinned,1,1,0,4975502,3182045
4096,same_object,4,24,pinned,1,1,1,3729021,1144708
4096,same_object,4,24,pinned,1,1,2,7168393,2326165
4096,same_object,4,24,pinned,1,1,3,4920738,2848143
4096,same_object,4,24,pinned,1,2,0,6383067,2964022
4096,same_object,4,24,pinned,1,2,1,5744057,1474522
4096,same_object,4,24,pinned,1,2,2,5801435,2159089
4096,same_object,4,24,pinned,1,2,3,3864979,2059439
4096,same_object,4,24,pinned,1,3,0,5982418,3230547
4096,same_object,4,24,pinned,1,3,1,4973077,1473340
4096,same_object,4,24,pinned,1,3,2,4436020,1340078
4096,same_object,4,24,pinned,1,3,3,6904784,4175016
4096,same_object,4,24,pinned,2,0,0,5350652,1872155
4096,same_object,4,24,pinned,2,0,1,6225578,2429460
4096,same_object,4,24,pinned,2,0,2,5709241,1889668
4096,same_object,4,24,pinned,2,0,3,5380549,1584731
4096,same_object,4,24,pinned,2,1,0,9672736,2404443
4096,same_object,4,24,pinned,2,1,1,6923390,2405415
4096,same_object,4,24,pinned,2,1,2,6518883,2391269
4096,same_object,4,24,pinned,2,1,3,3533190,1611381
4096,same_object,4,24,pinned,2,2,0,7863229,2149901
4096,same_object,4,24,pinned,2,2,1,6721467,1719777
4096,same_object,4,24,pinned,2,2,2,5516756,2095968
4096,same_object,4,24,pinned,2,2,3,4800399,1157492
4096,same_object,4,24,pinned,2,3,0,6253671,2776608
4096,same_object,4,24,pinned,2,3,1,6889575,2072264
4096,same_object,4,24,pinned,2,3,2,6388978,2160300
4096,same_object,4,24,pinned,2,3,3,4196617,1314208
4096,same_object,4,24,unsafe_unpinned_baseline,2,0,0,3009378,2841821
4096,same_object,4,24,unsafe_unpinned_baseline,2,0,1,5517928,5269338
4096,same_object,4,24,unsafe_unpinned_baseline,2,0,2,4772637,4446520
4096,same_object,4,24,unsafe_unpinned_baseline,2,0,3,3151277,2590124
4096,same_object,4,24,unsafe_unpinned_baseline,2,1,0,2932413,2784202
4096,same_object,4,24,unsafe_unpinned_baseline,2,1,1,5352536,5180880
4096,same_object,4,24,unsafe_unpinned_baseline,2,1,2,2768262,2511947
4096,same_object,4,24,unsafe_unpinned_baseline,2,1,3,2876918,2730941
4096,same_object,4,24,unsafe_unpinned_baseline,2,2,0,6019168,5819178
4096,same_object,4,24,unsafe_unpinned_baseline,2,2,1,2963642,2762100
4096,same_object,4,24,unsafe_unpinned_baseline,2,2,2,3601349,3403445
4096,same_object,4,24,unsafe_unpinned_baseline,2,2,3,1925566,1747098
4096,same_object,4,24,unsafe_unpinned_baseline,2,3,0,6986369,6802992
4096,same_object,4,24,unsafe_unpinned_baseline,2,3,1,2045503,1831418
4096,same_object,4,24,unsafe_unpinned_baseline,2,3,2,4258413,4011436
4096,same_object,4,24,unsafe_unpinned_baseline,2,3,3,2401607,1842769
4096,same_object,4,24,unsafe_unpinned_baseline,3,0,0,4711502,4374013
4096,same_object,4,24,unsafe_unpinned_baseline,3,0,1,3090683,2898810
4096,same_object,4,24,unsafe_unpinned_baseline,3,0,2,4339016,4157593
4096,same_object,4,24,unsafe_unpinned_baseline,3,0,3,2598711,2378554
4096,same_object,4,24,unsafe_unpinned_baseline,3,1,0,4515180,4282790
4096,same_object,4,24,unsafe_unpinned_baseline,3,1,1,1989467,1758831
4096,same_object,4,24,unsafe_unpinned_baseline,3,1,2,3261777,3047120
4096,same_object,4,24,unsafe_unpinned_baseline,3,1,3,3332601,3096193
4096,same_object,4,24,unsafe_unpinned_baseline,3,2,0,5065412,4672527
4096,same_object,4,24,unsafe_unpinned_baseline,3,2,1,4650867,4084264
4096,same_object,4,24,unsafe_unpinned_baseline,3,2,2,2532335,2279416
4096,same_object,4,24,unsafe_unpinned_baseline,3,2,3,2233710,2020787
4096,same_object,4,24,unsafe_unpinned_baseline,3,3,0,4988937,4663260
4096,same_object,4,24,unsafe_unpinned_baseline,3,3,1,2063768,1794879
4096,same_object,4,24,unsafe_unpinned_baseline,3,3,2,2973380,2750859
4096,same_object,4,24,unsafe_unpinned_baseline,3,3,3,3472666,3245055
4096,same_object,4,24,pinned,3,0,0,8109235,2402429
4096,same_object,4,24,pinned,3,0,1,9269221,4549565
4096,same_object,4,24,pinned,3,0,2,7863440,3735173
4096,same_object,4,24,pinned,3,0,3,5055633,1941857
4096,same_object,4,24,pinned,3,1,0,6879818,4173813
4096,same_object,4,24,pinned,3,1,1,6183659,2238719
4096,same_object,4,24,pinned,3,1,2,5987908,3114187
4096,same_object,4,24,pinned,3,1,3,8409384,3096964
4096,same_object,4,24,pinned,3,2,0,9890508,3774387
4096,same_object,4,24,pinned,3,2,1,8310376,4621010
4096,same_object,4,24,pinned,3,2,2,8672501,4072671
4096,same_object,4,24,pinned,3,2,3,4607013,2217940
4096,same_object,4,24,pinned,3,3,0,7340439,3826445
4096,same_object,4,24,pinned,3,3,1,8304616,3672093
4096,same_object,4,24,pinned,3,3,2,6645754,1856325
4096,same_object,4,24,pinned,3,3,3,7001828,2527296
4096,same_object,4,24,pinned,4,0,0,7142245,2659977
4096,same_object,4,24,pinned,4,0,1,5352375,1121143
4096,same_object,4,24,pinned,4,0,2,5134623,1259886
4096,same_object,4,24,pinned,4,0,3,4746888,1226212
4096,same_object,4,24,pinned,4,1,0,6423744,2649477
4096,same_object,4,24,pinned,4,1,1,3155676,1142534
4096,same_object,4,24,pinned,4,1,2,6260004,1471676
4096,same_object,4,24,pinned,4,1,3,4292698,1236982
4096,same_object,4,24,pinned,4,2,0,8559317,2348908
4096,same_object,4,24,pinned,4,2,1,6613964,1373541
4096,same_object,4,24,pinned,4,2,2,5471591,1235420
4096,same_object,4,24,pinned,4,2,3,4005354,2082393
4096,same_object,4,24,pinned,4,3,0,4664663,2387861
4096,same_object,4,24,pinned,4,3,1,5959966,1773939
4096,same_object,4,24,pinned,4,3,2,5927314,1280515
4096,same_object,4,24,pinned,4,3,3,4624397,1313297
4096,same_object,4,24,unsafe_unpinned_baseline,4,0,0,2674965,2485056
4096,same_object,4,24,unsafe_unpinned_baseline,4,0,1,2341203,2101299
4096,same_object,4,24,unsafe_unpinned_baseline,4,0,2,4765153,4497576
4096,same_object,4,24,unsafe_unpinned_baseline,4,0,3,1745204,1237363
4096,same_object,4,24,unsafe_unpinned_baseline,4,1,0,3703743,3465532
4096,same_object,4,24,unsafe_unpinned_baseline,4,1,1,2275399,1840104
4096,same_object,4,24,unsafe_unpinned_baseline,4,1,2,4314801,4115903
4096,same_object,4,24,unsafe_unpinned_baseline,4,1,3,3592363,3300039
4096,same_object,4,24,unsafe_unpinned_baseline,4,2,0,2816984,2584224
4096,same_object,4,24,unsafe_unpinned_baseline,4,2,1,2615753,2379716
4096,same_object,4,24,unsafe_unpinned_baseline,4,2,2,2272574,2073537
4096,same_object,4,24,unsafe_unpinned_baseline,4,2,3,2704191,2493351
4096,same_object,4,24,unsafe_unpinned_baseline,4,3,0,4788267,4521161
4096,same_object,4,24,unsafe_unpinned_baseline,4,3,1,4982024,4149307
4096,same_object,4,24,unsafe_unpinned_baseline,4,3,2,4032215,3607731
4096,same_object,4,24,unsafe_unpinned_baseline,4,3,3,1465776,1129839
4096,same_object,4,24,unsafe_unpinned_baseline,5,0,0,2522296,2286399
4096,same_object,4,24,unsafe_unpinned_baseline,5,0,1,2897947,2537645
4096,same_object,4,24,unsafe_unpinned_baseline,5,0,2,4632241,4294592
4096,same_object,4,24,unsafe_unpinned_baseline,5,0,3,4455757,4228587
4096,same_object,4,24,unsafe_unpinned_baseline,5,1,0,2966137,2586838
4096,same_object,4,24,unsafe_unpinned_baseline,5,1,1,2394614,2116668
4096,same_object,4,24,unsafe_unpinned_baseline,5,1,2,4207587,3861312
4096,same_object,4,24,unsafe_unpinned_baseline,5,1,3,3931083,3696941
4096,same_object,4,24,unsafe_unpinned_baseline,5,2,0,4408788,3969357
4096,same_object,4,24,unsafe_unpinned_baseline,5,2,1,3323113,3082236
4096,same_object,4,24,unsafe_unpinned_baseline,5,2,2,2530241,2293172
4096,same_object,4,24,unsafe_unpinned_baseline,5,2,3,3989695,3793362
4096,same_object,4,24,unsafe_unpinned_baseline,5,3,0,3827387,3376604
4096,same_object,4,24,unsafe_unpinned_baseline,5,3,1,2246023,1910548
4096,same_object,4,24,unsafe_unpinned_baseline,5,3,2,3287254,2856649
4096,same_object,4,24,unsafe_unpinned_baseline,5,3,3,4180806,3946273
4096,same_object,4,24,pinned,5,0,0,6227242,1920808
4096,same_object,4,24,pinned,5,0,1,3769428,1136903
4096,same_object,4,24,pinned,5,0,2,5186702,1162902
4096,same_object,4,24,pinned,5,0,3,6190091,3618282
4096,same_object,4,24,pinned,5,1,0,4470465,1167902
4096,same_object,4,24,pinned,5,1,1,4570575,1239026
4096,same_object,4,24,pinned,5,1,2,5214363,1160418
4096,same_object,4,24,pinned,5,1,3,6752456,3707640
4096,same_object,4,24,pinned,5,2,0,3747366,1250357
4096,same_object,4,24,pinned,5,2,1,3974315,1300011
4096,same_object,4,24,pinned,5,2,2,5379867,1828652
4096,same_object,4,24,pinned,5,2,3,6780349,4443403
4096,same_object,4,24,pinned,5,3,0,6846424,1900879
4096,same_object,4,24,pinned,5,3,1,5624130,2833866
4096,same_object,4,24,pinned,5,3,2,5684684,3700888
4096,same_object,4,24,pinned,5,3,3,3798463,2881777
4096,same_object,16,24,pinned,-2,0,0,18295232,3761533
4096,same_object,16,24,pinned,-2,0,1,27544998,1124359
4096,same_object,16,24,pinned,-2,0,2,28074480,2770957
4096,same_object,16,24,pinned,-2,0,3,37115180,5082313
4096,same_object,16,24,pinned,-2,1,0,19463374,3286312
4096,same_object,16,24,pinned,-2,1,1,28610425,3540374
4096,same_object,16,24,pinned,-2,1,2,29800779,4874801
4096,same_object,16,24,pinned,-2,1,3,36395927,2207971
4096,same_object,16,24,pinned,-2,2,0,16740839,1388930
4096,same_object,16,24,pinned,-2,2,1,26297175,1353343
4096,same_object,16,24,pinned,-2,2,2,25984183,1646277
4096,same_object,16,24,pinned,-2,2,3,37501721,3151418
4096,same_object,16,24,pinned,-2,3,0,17316920,1950693
4096,same_object,16,24,pinned,-2,3,1,26944000,1129569
4096,same_object,16,24,pinned,-2,3,2,26685501,1380394
4096,same_object,16,24,pinned,-2,3,3,39338088,4541460
4096,same_object,16,24,pinned,-2,4,0,26778958,2074898
4096,same_object,16,24,pinned,-2,4,1,26832749,2394654
4096,same_object,16,24,pinned,-2,4,2,31990044,1479251
4096,same_object,16,24,pinned,-2,4,3,32674250,1952718
4096,same_object,16,24,pinned,-2,5,0,18732611,1895700
4096,same_object,16,24,pinned,-2,5,1,27922462,2561570
4096,same_object,16,24,pinned,-2,5,2,28424703,3186464
4096,same_object,16,24,pinned,-2,5,3,37761573,4556308
4096,same_object,16,24,pinned,-2,6,0,25054953,2344540
4096,same_object,16,24,pinned,-2,6,1,26467899,2725762
4096,same_object,16,24,pinned,-2,6,2,31231418,1944843
4096,same_object,16,24,pinned,-2,6,3,34607451,1845214
4096,same_object,16,24,pinned,-2,7,0,25761210,2601817
4096,same_object,16,24,pinned,-2,7,1,26315740,2468785
4096,same_object,16,24,pinned,-2,7,2,32884087,1602956
4096,same_object,16,24,pinned,-2,7,3,32858369,1189602
4096,same_object,16,24,pinned,-2,8,0,29763579,2110266
4096,same_object,16,24,pinned,-2,8,1,28155043,2156894
4096,same_object,16,24,pinned,-2,8,2,30885763,1295493
4096,same_object,16,24,pinned,-2,8,3,30397619,3447649
4096,same_object,16,24,pinned,-2,9,0,22964704,4986212
4096,same_object,16,24,pinned,-2,9,1,26202055,1725297
4096,same_object,16,24,pinned,-2,9,2,27606083,3229014
4096,same_object,16,24,pinned,-2,9,3,36762030,2014324
4096,same_object,16,24,pinned,-2,10,0,20333042,2965085
4096,same_object,16,24,pinned,-2,10,1,27081350,2234652
4096,same_object,16,24,pinned,-2,10,2,28524863,3537999
4096,same_object,16,24,pinned,-2,10,3,36174858,3101343
4096,same_object,16,24,pinned,-2,11,0,21184293,4753821
4096,same_object,16,24,pinned,-2,11,1,27340791,2647743
4096,same_object,16,24,pinned,-2,11,2,30282782,4774752
4096,same_object,16,24,pinned,-2,11,3,36300537,2373765
4096,same_object,16,24,pinned,-2,12,0,23746044,1995559
4096,same_object,16,24,pinned,-2,12,1,26499778,1619266
4096,same_object,16,24,pinned,-2,12,2,29735385,1967635
4096,same_object,16,24,pinned,-2,12,3,35708055,2028842
4096,same_object,16,24,pinned,-2,13,0,27352593,4059647
4096,same_object,16,24,pinned,-2,13,1,28192614,2130304
4096,same_object,16,24,pinned,-2,13,2,32390544,2913116
4096,same_object,16,24,pinned,-2,13,3,30712305,4224750
4096,same_object,16,24,pinned,-2,14,0,24331774,3411810
4096,same_object,16,24,pinned,-2,14,1,26596342,3307493
4096,same_object,16,24,pinned,-2,14,2,30974211,2557453
4096,same_object,16,24,pinned,-2,14,3,34916225,2448937
4096,same_object,16,24,pinned,-2,15,0,22195227,3621899
4096,same_object,16,24,pinned,-2,15,1,27608208,3506229
4096,same_object,16,24,pinned,-2,15,2,31309526,3533391
4096,same_object,16,24,pinned,-2,15,3,35179975,2427527
4096,same_object,16,24,unsafe_unpinned_baseline,-2,0,0,13547573,13134481
4096,same_object,16,24,unsafe_unpinned_baseline,-2,0,1,17251837,17026200
4096,same_object,16,24,unsafe_unpinned_baseline,-2,0,2,11573384,11344781
4096,same_object,16,24,unsafe_unpinned_baseline,-2,0,3,10790382,10596395
4096,same_object,16,24,unsafe_unpinned_baseline,-2,1,0,15059917,14231317
4096,same_object,16,24,unsafe_unpinned_baseline,-2,1,1,17002926,16760126
4096,same_object,16,24,unsafe_unpinned_baseline,-2,1,2,11583274,11299687
4096,same_object,16,24,unsafe_unpinned_baseline,-2,1,3,9608404,9412012
4096,same_object,16,24,unsafe_unpinned_baseline,-2,2,0,28460812,27630790
4096,same_object,16,24,unsafe_unpinned_baseline,-2,2,1,16651440,16335142
4096,same_object,16,24,unsafe_unpinned_baseline,-2,2,2,8248790,8039503
4096,same_object,16,24,unsafe_unpinned_baseline,-2,2,3,5887078,5690736
4096,same_object,16,24,unsafe_unpinned_baseline,-2,3,0,34425396,33944275
4096,same_object,16,24,unsafe_unpinned_baseline,-2,3,1,20323974,20060385
4096,same_object,16,24,unsafe_unpinned_baseline,-2,3,2,5166633,4940866
4096,same_object,16,24,unsafe_unpinned_baseline,-2,3,3,3290391,3066546
4096,same_object,16,24,unsafe_unpinned_baseline,-2,4,0,15030461,14229794
4096,same_object,16,24,unsafe_unpinned_baseline,-2,4,1,16526464,16258697
4096,same_object,16,24,unsafe_unpinned_baseline,-2,4,2,11502711,11286451
4096,same_object,16,24,unsafe_unpinned_baseline,-2,4,3,10171060,9983133
4096,same_object,16,24,unsafe_unpinned_baseline,-2,5,0,28298534,27535700
4096,same_object,16,24,unsafe_unpinned_baseline,-2,5,1,9848418,9618442
4096,same_object,16,24,unsafe_unpinned_baseline,-2,5,2,13232416,13001239
4096,same_object,16,24,unsafe_unpinned_baseline,-2,5,3,4733172,4505371
4096,same_object,16,24,unsafe_unpinned_baseline,-2,6,0,34408114,33045052
4096,same_object,16,24,unsafe_unpinned_baseline,-2,6,1,20421569,20148221
4096,same_object,16,24,unsafe_unpinned_baseline,-2,6,2,5091521,4882505
4096,same_object,16,24,unsafe_unpinned_baseline,-2,6,3,3329534,3143041
4096,same_object,16,24,unsafe_unpinned_baseline,-2,7,0,33828105,33374155
4096,same_object,16,24,unsafe_unpinned_baseline,-2,7,1,18345748,18116133
4096,same_object,16,24,unsafe_unpinned_baseline,-2,7,2,4003811,3784747
4096,same_object,16,24,unsafe_unpinned_baseline,-2,7,3,4671276,4484251
4096,same_object,16,24,unsafe_unpinned_baseline,-2,8,0,12483609,12127263
4096,same_object,16,24,unsafe_unpinned_baseline,-2,8,1,26778386,26524856
4096,same_object,16,24,unsafe_unpinned_baseline,-2,8,2,14417230,14194778
4096,same_object,16,24,unsafe_unpinned_baseline,-2,8,3,5312039,5105307
4096,same_object,16,24,unsafe_unpinned_baseline,-2,9,0,10244238,9867305
4096,same_object,16,24,unsafe_unpinned_baseline,-2,9,1,15960923,15672095
4096,same_object,16,24,unsafe_unpinned_baseline,-2,9,2,10152244,9941395
4096,same_object,16,24,unsafe_unpinned_baseline,-2,9,3,13911041,13685084
4096,same_object,16,24,unsafe_unpinned_baseline,-2,10,0,7598007,7244879
4096,same_object,16,24,unsafe_unpinned_baseline,-2,10,1,15807873,15576865
4096,same_object,16,24,unsafe_unpinned_baseline,-2,10,2,11733037,11526045
4096,same_object,16,24,unsafe_unpinned_baseline,-2,10,3,12745754,12556186
4096,same_object,16,24,unsafe_unpinned_baseline,-2,11,0,7218228,6875449
4096,same_object,16,24,unsafe_unpinned_baseline,-2,11,1,15266398,14932636
4096,same_object,16,24,unsafe_unpinned_baseline,-2,11,2,12522041,12233415
4096,same_object,16,24,unsafe_unpinned_baseline,-2,11,3,13829276,13603820
4096,same_object,16,24,unsafe_unpinned_baseline,-2,12,0,14971239,14584997
4096,same_object,16,24,unsafe_unpinned_baseline,-2,12,1,16342525,16102040
4096,same_object,16,24,unsafe_unpinned_baseline,-2,12,2,12204039,11990514
4096,same_object,16,24,unsafe_unpinned_baseline,-2,12,3,9695940,9516320
4096,same_object,16,24,unsafe_unpinned_baseline,-2,13,0,34434343,34028995
4096,same_object,16,24,unsafe_unpinned_baseline,-2,13,1,21041292,20771492
4096,same_object,16,24,unsafe_unpinned_baseline,-2,13,2,6849911,6607241
4096,same_object,16,24,unsafe_unpinned_baseline,-2,13,3,1628113,1192929
4096,same_object,16,24,unsafe_unpinned_baseline,-2,14,0,33828045,33109765
4096,same_object,16,24,unsafe_unpinned_baseline,-2,14,1,11102142,10862779
4096,same_object,16,24,unsafe_unpinned_baseline,-2,14,2,13846359,13652913
4096,same_object,16,24,unsafe_unpinned_baseline,-2,14,3,2734287,2485927
4096,same_object,16,24,unsafe_unpinned_baseline,-2,15,0,5884493,5534901
4096,same_object,16,24,unsafe_unpinned_baseline,-2,15,1,22232068,21716151
4096,same_object,16,24,unsafe_unpinned_baseline,-2,15,2,10027668,9778165
4096,same_object,16,24,unsafe_unpinned_baseline,-2,15,3,13248366,13038288
4096,same_object,16,24,unsafe_unpinned_baseline,-1,0,0,5990433,5620132
4096,same_object,16,24,unsafe_unpinned_baseline,-1,0,1,15850363,15523405
4096,same_object,16,24,unsafe_unpinned_baseline,-1,0,2,15144337,14655982
4096,same_object,16,24,unsafe_unpinned_baseline,-1,0,3,14040146,13280487
4096,same_object,16,24,unsafe_unpinned_baseline,-1,1,0,10083293,9601190
4096,same_object,16,24,unsafe_unpinned_baseline,-1,1,1,10529047,10205645
4096,same_object,16,24,unsafe_unpinned_baseline,-1,1,2,9687594,9138544
4096,same_object,16,24,unsafe_unpinned_baseline,-1,1,3,14121780,13523457
4096,same_object,16,24,unsafe_unpinned_baseline,-1,2,0,12737559,12106484
4096,same_object,16,24,unsafe_unpinned_baseline,-1,2,1,10139389,9848458
4096,same_object,16,24,unsafe_unpinned_baseline,-1,2,2,28020668,27801503
4096,same_object,16,24,unsafe_unpinned_baseline,-1,2,3,9528943,9206913
4096,same_object,16,24,unsafe_unpinned_baseline,-1,3,0,21956195,21558121
4096,same_object,16,24,unsafe_unpinned_baseline,-1,3,1,16630731,16314392
4096,same_object,16,24,unsafe_unpinned_baseline,-1,3,2,11720474,11201190
4096,same_object,16,24,unsafe_unpinned_baseline,-1,3,3,9207435,8855949
4096,same_object,16,24,unsafe_unpinned_baseline,-1,4,0,13251943,12755252
4096,same_object,16,24,unsafe_unpinned_baseline,-1,4,1,9371605,9066568
4096,same_object,16,24,unsafe_unpinned_baseline,-1,4,2,29771503,29469161
4096,same_object,16,24,unsafe_unpinned_baseline,-1,4,3,11652564,11371893
4096,same_object,16,24,unsafe_unpinned_baseline,-1,5,0,25167506,24807324
4096,same_object,16,24,unsafe_unpinned_baseline,-1,5,1,22031518,21648042
4096,same_object,16,24,unsafe_unpinned_baseline,-1,5,2,6969066,6540255
4096,same_object,16,24,unsafe_unpinned_baseline,-1,5,3,8642124,8413351
4096,same_object,16,24,unsafe_unpinned_baseline,-1,6,0,21773089,21178191
4096,same_object,16,24,unsafe_unpinned_baseline,-1,6,1,15104732,14689395
4096,same_object,16,24,unsafe_unpinned_baseline,-1,6,2,14040216,13280597
4096,same_object,16,24,unsafe_unpinned_baseline,-1,6,3,8477091,8171273
4096,same_object,16,24,unsafe_unpinned_baseline,-1,7,0,23655974,23295130
4096,same_object,16,24,unsafe_unpinned_baseline,-1,7,1,13945446,13571408
4096,same_object,16,24,unsafe_unpinned_baseline,-1,7,2,12697995,12320048
4096,same_object,16,24,unsafe_unpinned_baseline,-1,7,3,9137131,8840210
4096,same_object,16,24,unsafe_unpinned_baseline,-1,8,0,13172653,12439334
4096,same_object,16,24,unsafe_unpinned_baseline,-1,8,1,9352108,9034397
4096,same_object,16,24,unsafe_unpinned_baseline,-1,8,2,29040910,28737395
4096,same_object,16,24,unsafe_unpinned_baseline,-1,8,3,9239505,8862501
4096,same_object,16,24,unsafe_unpinned_baseline,-1,9,0,21570504,21237694
4096,same_object,16,24,unsafe_unpinned_baseline,-1,9,1,16862300,16593911
4096,same_object,16,24,unsafe_unpinned_baseline,-1,9,2,12428384,12068272
4096,same_object,16,24,unsafe_unpinned_baseline,-1,9,3,13182651,12734163
4096,same_object,16,24,unsafe_unpinned_baseline,-1,10,0,3926836,3608994
4096,same_object,16,24,unsafe_unpinned_baseline,-1,10,1,8496679,8033582
4096,same_object,16,24,unsafe_unpinned_baseline,-1,10,2,11062427,10690984
4096,same_object,16,24,unsafe_unpinned_baseline,-1,10,3,13973540,13605623
4096,same_object,16,24,unsafe_unpinned_baseline,-1,11,0,21733002,21433425
4096,same_object,16,24,unsafe_unpinned_baseline,-1,11,1,16658574,16365599
4096,same_object,16,24,unsafe_unpinned_baseline,-1,11,2,12026933,11631785
4096,same_object,16,24,unsafe_unpinned_baseline,-1,11,3,8661951,8396028
4096,same_object,16,24,unsafe_unpinned_baseline,-1,12,0,21744244,21227645
4096,same_object,16,24,unsafe_unpinned_baseline,-1,12,1,15055208,14650321
4096,same_object,16,24,unsafe_unpinned_baseline,-1,12,2,21945164,21293800
4096,same_object,16,24,unsafe_unpinned_baseline,-1,12,3,5045724,4752920
4096,same_object,16,24,unsafe_unpinned_baseline,-1,13,0,3892250,3561974
4096,same_object,16,24,unsafe_unpinned_baseline,-1,13,1,8589605,8219804
4096,same_object,16,24,unsafe_unpinned_baseline,-1,13,2,10989178,10734476
4096,same_object,16,24,unsafe_unpinned_baseline,-1,13,3,14266274,13958711
4096,same_object,16,24,unsafe_unpinned_baseline,-1,14,0,6641817,6270553
4096,same_object,16,24,unsafe_unpinned_baseline,-1,14,1,12356047,12046301
4096,same_object,16,24,unsafe_unpinned_baseline,-1,14,2,7245910,6939320
4096,same_object,16,24,unsafe_unpinned_baseline,-1,14,3,17009628,16663924
4096,same_object,16,24,unsafe_unpinned_baseline,-1,15,0,21541720,21260087
4096,same_object,16,24,unsafe_unpinned_baseline,-1,15,1,16920319,16505834
4096,same_object,16,24,unsafe_unpinned_baseline,-1,15,2,18423556,17897600
4096,same_object,16,24,unsafe_unpinned_baseline,-1,15,3,5933194,5644778
4096,same_object,16,24,pinned,-1,0,0,39761751,2567521
4096,same_object,16,24,pinned,-1,0,1,31520084,4059016
4096,same_object,16,24,pinned,-1,0,2,29089582,2216006
4096,same_object,16,24,pinned,-1,0,3,22923096,2341944
4096,same_object,16,24,pinned,-1,1,0,41034681,2075310
4096,same_object,16,24,pinned,-1,1,1,30954714,2855347
4096,same_object,16,24,pinned,-1,1,2,29799246,1797924
4096,same_object,16,24,pinned,-1,1,3,22028883,1926268
4096,same_object,16,24,pinned,-1,2,0,33440862,3070895
4096,same_object,16,24,pinned,-1,2,1,29393257,3947625
4096,same_object,16,24,pinned,-1,2,2,29200652,1481355
4096,same_object,16,24,pinned,-1,2,3,27440510,4630077
4096,same_object,16,24,pinned,-1,3,0,34466785,4880621
4096,same_object,16,24,pinned,-1,3,1,30781155,1638773
4096,same_object,16,24,pinned,-1,3,2,28481040,1361218
4096,same_object,16,24,pinned,-1,3,3,26055177,2731823
4096,same_object,16,24,pinned,-1,4,0,32738832,5172795
4096,same_object,16,24,pinned,-1,4,1,32160838,6373839
4096,same_object,16,24,pinned,-1,4,2,14208344,1555615
4096,same_object,16,24,pinned,-1,4,3,28434001,1204300
4096,same_object,16,24,pinned,-1,5,0,33858022,4455146
4096,same_object,16,24,pinned,-1,5,1,32276517,4718665
4096,same_object,16,24,pinned,-1,5,2,18093090,2963902
4096,same_object,16,24,pinned,-1,5,3,24773329,1291435
4096,same_object,16,24,pinned,-1,6,0,35717352,5829839
4096,same_object,16,24,pinned,-1,6,1,31187164,2995121
4096,same_object,16,24,pinned,-1,6,2,28950249,2630932
4096,same_object,16,24,pinned,-1,6,3,24663401,1888506
4096,same_object,16,24,pinned,-1,7,0,40353361,2260010
4096,same_object,16,24,pinned,-1,7,1,30292651,2368856
4096,same_object,16,24,pinned,-1,7,2,29143645,2170119
4096,same_object,16,24,pinned,-1,7,3,22903629,2046325
4096,same_object,16,24,pinned,-1,8,0,38636951,2563715
4096,same_object,16,24,pinned,-1,8,1,31049974,3522049
4096,same_object,16,24,pinned,-1,8,2,29419728,2844376
4096,same_object,16,24,pinned,-1,8,3,22886727,1706962
4096,same_object,16,24,pinned,-1,9,0,31051929,5845499
4096,same_object,16,24,pinned,-1,9,1,32415059,7579712
4096,same_object,16,24,pinned,-1,9,2,29042333,1358272
4096,same_object,16,24,pinned,-1,9,3,26264743,3394908
4096,same_object,16,24,pinned,-1,10,0,42403443,5339501
4096,same_object,16,24,pinned,-1,10,1,36064229,4001708
4096,same_object,16,24,pinned,-1,10,2,27928333,1456949
4096,same_object,16,24,pinned,-1,10,3,18356128,2147176
4096,same_object,16,24,pinned,-1,11,0,30150081,2157305
4096,same_object,16,24,pinned,-1,11,1,31749208,7100986
4096,same_object,16,24,pinned,-1,11,2,29393528,1547981
4096,same_object,16,24,pinned,-1,11,3,24924966,2724980
4096,same_object,16,24,pinned,-1,12,0,41716873,1690972
4096,same_object,16,24,pinned,-1,12,1,31399045,2566290
4096,same_object,16,24,pinned,-1,12,2,31448680,2551371
4096,same_object,16,24,pinned,-1,12,3,19754536,2333980
4096,same_object,16,24,pinned,-1,13,0,36287051,7155089
4096,same_object,16,24,pinned,-1,13,1,30976846,2094355
4096,same_object,16,24,pinned,-1,13,2,19199836,2991966
4096,same_object,16,24,pinned,-1,13,3,23976881,1126844
4096,same_object,16,24,pinned,-1,14,0,37226781,4448053
4096,same_object,16,24,pinned,-1,14,1,30768671,3421990
4096,same_object,16,24,pinned,-1,14,2,29351198,3291011
4096,same_object,16,24,pinned,-1,14,3,23653078,2367103
4096,same_object,16,24,pinned,-1,15,0,37877223,4055910
4096,same_object,16,24,pinned,-1,15,1,30855316,4346520
4096,same_object,16,24,pinned,-1,15,2,19921081,2904550
4096,same_object,16,24,pinned,-1,15,3,26069213,2375769
4096,same_object,16,24,pinned,0,0,0,20064223,1513516
4096,same_object,16,24,pinned,0,0,1,26562848,1462579
4096,same_object,16,24,pinned,0,0,2,21213809,1497766
4096,same_object,16,24,pinned,0,0,3,30229991,1960232
4096,same_object,16,24,pinned,0,1,0,28545833,2666509
4096,same_object,16,24,pinned,0,1,1,28356234,3759949
4096,same_object,16,24,pinned,0,1,2,26724084,1574682
4096,same_object,16,24,pinned,0,1,3,27026696,2038871
4096,same_object,16,24,pinned,0,2,0,21711452,2206909
4096,same_object,16,24,pinned,0,2,1,26969398,1197157
4096,same_object,16,24,pinned,0,2,2,21222846,1621320
4096,same_object,16,24,pinned,0,2,3,30322907,2787017
4096,same_object,16,24,pinned,0,3,0,24508949,2899781
4096,same_object,16,24,pinned,0,3,1,26526138,3861952
4096,same_object,16,24,pinned,0,3,2,24775213,2437856
4096,same_object,16,24,pinned,0,3,3,31149473,1468290
4096,same_object,16,24,pinned,0,4,0,30166261,2308582
4096,same_object,16,24,pinned,0,4,1,29669881,3936724
4096,same_object,16,24,pinned,0,4,2,26978214,1387076
4096,same_object,16,24,pinned,0,4,3,25668144,1858399
4096,same_object,16,24,pinned,0,5,0,23846604,3503364
4096,same_object,16,24,pinned,0,5,1,26440045,4465055
4096,same_object,16,24,pinned,0,5,2,24656939,2840118
4096,same_object,16,24,pinned,0,5,3,31244042,1376396
4096,same_object,16,24,pinned,0,6,0,27921792,3380321
4096,same_object,16,24,pinned,0,6,1,30748614,4885521
4096,same_object,16,24,pinned,0,6,2,27288963,1502856
4096,same_object,16,24,pinned,0,6,3,25700716,1912552
4096,same_object,16,24,pinned,0,7,0,20841134,1655886
4096,same_object,16,24,pinned,0,7,1,27217217,1058475
4096,same_object,16,24,pinned,0,7,2,9244064,1255929
4096,same_object,16,24,pinned,0,7,3,27021066,1859451
4096,same_object,16,24,pinned,0,8,0,23160946,2474877
4096,same_object,16,24,pinned,0,8,1,26600048,1362219
4096,same_object,16,24,pinned,0,8,2,24241563,2087883
4096,same_object,16,24,pinned,0,8,3,31460322,1586614
4096,same_object,16,24,pinned,0,9,0,25577392,3969266
4096,same_object,16,24,pinned,0,9,1,26585772,3506670
4096,same_object,16,24,pinned,0,9,2,27051804,3673236
4096,same_object,16,24,pinned,0,9,3,28956841,2813027
4096,same_object,16,24,pinned,0,10,0,31577153,2406838
4096,same_object,16,24,pinned,0,10,1,28795847,2525893
4096,same_object,16,24,pinned,0,10,2,28592090,1726659
4096,same_object,16,24,pinned,0,10,3,24197499,2701406
4096,same_object,16,24,pinned,0,11,0,27299182,2009875
4096,same_object,16,24,pinned,0,11,1,27354517,3929481
4096,same_object,16,24,pinned,0,11,2,27102880,2137367
4096,same_object,16,24,pinned,0,11,3,28088296,2622966
4096,same_object,16,24,pinned,0,12,0,22355230,3745873
4096,same_object,16,24,pinned,0,12,1,26768297,1154637
4096,same_object,16,24,pinned,0,12,2,23041300,2039041
4096,same_object,16,24,pinned,0,12,3,30765286,3190762
4096,same_object,16,24,pinned,0,13,0,26238354,2608059
4096,same_object,16,24,pinned,0,13,1,26500940,2439058
4096,same_object,16,24,pinned,0,13,2,25400276,2103513
4096,same_object,16,24,pinned,0,13,3,29405140,3960539
4096,same_object,16,24,pinned,0,14,0,24956497,3455683
4096,same_object,16,24,pinned,0,14,1,26518173,3404186
4096,same_object,16,24,pinned,0,14,2,14942374,2529950
4096,same_object,16,24,pinned,0,14,3,27979371,3420126
4096,same_object,16,24,pinned,0,15,0,26722671,2682770
4096,same_object,16,24,pinned,0,15,1,26530376,2113583
4096,same_object,16,24,pinned,0,15,2,27880673,2056704
4096,same_object,16,24,pinned,0,15,3,27941389,3015540
4096,same_object,16,24,unsafe_unpinned_baseline,0,0,0,20503264,20089149
4096,same_object,16,24,unsafe_unpinned_baseline,0,0,1,27327546,26095723
4096,same_object,16,24,unsafe_unpinned_baseline,0,0,2,19229472,18859431
4096,same_object,16,24,unsafe_unpinned_baseline,0,0,3,4570785,4295163
4096,same_object,16,24,unsafe_unpinned_baseline,0,1,0,20765060,20281624
4096,same_object,16,24,unsafe_unpinned_baseline,0,1,1,16708267,15683197
4096,same_object,16,24,unsafe_unpinned_baseline,0,1,2,15590061,15158613
4096,same_object,16,24,unsafe_unpinned_baseline,0,1,3,12769700,12507413
4096,same_object,16,24,unsafe_unpinned_baseline,0,2,0,17521197,17069642
4096,same_object,16,24,unsafe_unpinned_baseline,0,2,1,25546413,24680614
4096,same_object,16,24,unsafe_unpinned_baseline,0,2,2,16728376,16233009
4096,same_object,16,24,unsafe_unpinned_baseline,0,2,3,7785813,7416543
4096,same_object,16,24,unsafe_unpinned_baseline,0,3,0,20753337,19931421
4096,same_object,16,24,unsafe_unpinned_baseline,0,3,1,13943112,12982092
4096,same_object,16,24,unsafe_unpinned_baseline,0,3,2,16104013,15794718
4096,same_object,16,24,unsafe_unpinned_baseline,0,3,3,14822868,14491711
4096,same_object,16,24,unsafe_unpinned_baseline,0,4,0,20307593,19518910
4096,same_object,16,24,unsafe_unpinned_baseline,0,4,1,10370356,9964088
4096,same_object,16,24,unsafe_unpinned_baseline,0,4,2,16182612,15628373
4096,same_object,16,24,unsafe_unpinned_baseline,0,4,3,11168047,10552632
4096,same_object,16,24,unsafe_unpinned_baseline,0,5,0,20299709,19892467
4096,same_object,16,24,unsafe_unpinned_baseline,0,5,1,10300495,9917780
4096,same_object,16,24,unsafe_unpinned_baseline,0,5,2,16237316,15727350
4096,same_object,16,24,unsafe_unpinned_baseline,0,5,3,10641820,10134911
4096,same_object,16,24,unsafe_unpinned_baseline,0,6,0,16481799,16051193
4096,same_object,16,24,unsafe_unpinned_baseline,0,6,1,17640754,17201963
4096,same_object,16,24,unsafe_unpinned_baseline,0,6,2,16490415,16149009
4096,same_object,16,24,unsafe_unpinned_baseline,0,6,3,15220742,14910564
4096,same_object,16,24,unsafe_unpinned_baseline,0,7,0,20242039,19843174
4096,same_object,16,24,unsafe_unpinned_baseline,0,7,1,14458257,13873209
4096,same_object,16,24,unsafe_unpinned_baseline,0,7,2,29448843,29127524
4096,same_object,16,24,unsafe_unpinned_baseline,0,7,3,4962387,4430209
4096,same_object,16,24,unsafe_unpinned_baseline,0,8,0,20666172,20324174
4096,same_object,16,24,unsafe_unpinned_baseline,0,8,1,28232960,27205224
4096,same_object,16,24,unsafe_unpinned_baseline,0,8,2,17923740,17462536
4096,same_object,16,24,unsafe_unpinned_baseline,0,8,3,4089784,3734551
4096,same_object,16,24,unsafe_unpinned_baseline,0,9,0,20700928,19906454
4096,same_object,16,24,unsafe_unpinned_baseline,0,9,1,28248299,27146864
4096,same_object,16,24,unsafe_unpinned_baseline,0,9,2,18011706,17540174
4096,same_object,16,24,unsafe_unpinned_baseline,0,9,3,4734405,4417885
4096,same_object,16,24,unsafe_unpinned_baseline,0,10,0,7178753,6754681
4096,same_object,16,24,unsafe_unpinned_baseline,0,10,1,14565781,14270131
4096,same_object,16,24,unsafe_unpinned_baseline,0,10,2,27170098,26845914
4096,same_object,16,24,unsafe_unpinned_baseline,0,10,3,16977006,16515533
4096,same_object,16,24,unsafe_unpinned_baseline,0,11,0,16764063,16409022
4096,same_object,16,24,unsafe_unpinned_baseline,0,11,1,9360044,9010352
4096,same_object,16,24,unsafe_unpinned_baseline,0,11,2,10862388,10449356
4096,same_object,16,24,unsafe_unpinned_baseline,0,11,3,16949715,16491457
4096,same_object,16,24,unsafe_unpinned_baseline,0,12,0,19405395,18704438
4096,same_object,16,24,unsafe_unpinned_baseline,0,12,1,10356721,10009824
4096,same_object,16,24,unsafe_unpinned_baseline,0,12,2,16971105,16349728
4096,same_object,16,24,unsafe_unpinned_baseline,0,12,3,12005223,11461914
4096,same_object,16,24,unsafe_unpinned_baseline,0,13,0,7423777,7055099
4096,same_object,16,24,unsafe_unpinned_baseline,0,13,1,14324394,13754235
4096,same_object,16,24,unsafe_unpinned_baseline,0,13,2,26878346,26561606
4096,same_object,16,24,unsafe_unpinned_baseline,0,13,3,18299992,17829021
4096,same_object,16,24,unsafe_unpinned_baseline,0,14,0,20255906,19902797
4096,same_object,16,24,unsafe_unpinned_baseline,0,14,1,10356020,9970179
4096,same_object,16,24,unsafe_unpinned_baseline,0,14,2,16179076,15615098
4096,same_object,16,24,unsafe_unpinned_baseline,0,14,3,12219017,11672181
4096,same_object,16,24,unsafe_unpinned_baseline,0,15,0,20237541,19877219
4096,same_object,16,24,unsafe_unpinned_baseline,0,15,1,10376418,9975199
4096,same_object,16,24,unsafe_unpinned_baseline,0,15,2,16125554,15681303
4096,same_object,16,24,unsafe_unpinned_baseline,0,15,3,11355673,10798417
4096,same_object,16,24,unsafe_unpinned_baseline,1,0,0,2637665,2239681
4096,same_object,16,24,unsafe_unpinned_baseline,1,0,1,29254896,29041832
4096,same_object,16,24,unsafe_unpinned_baseline,1,0,2,20053452,19792068
4096,same_object,16,24,unsafe_unpinned_baseline,1,0,3,13996944,13555398
4096,same_object,16,24,unsafe_unpinned_baseline,1,1,0,6546847,6175404
4096,same_object,16,24,unsafe_unpinned_baseline,1,1,1,16252875,15881392
4096,same_object,16,24,unsafe_unpinned_baseline,1,1,2,10878920,10474133
4096,same_object,16,24,unsafe_unpinned_baseline,1,1,3,16951689,16472662
4096,same_object,16,24,unsafe_unpinned_baseline,1,2,0,7211615,6786991
4096,same_object,16,24,unsafe_unpinned_baseline,1,2,1,14656523,14420686
4096,same_object,16,24,unsafe_unpinned_baseline,1,2,2,11767883,11548698
4096,same_object,16,24,unsafe_unpinned_baseline,1,2,3,17079692,16775355
4096,same_object,16,24,unsafe_unpinned_baseline,1,3,0,6598865,6207004
4096,same_object,16,24,unsafe_unpinned_baseline,1,3,1,23323925,21982275
4096,same_object,16,24,unsafe_unpinned_baseline,1,3,2,15382598,15115242
4096,same_object,16,24,unsafe_unpinned_baseline,1,3,3,12270485,11938125
4096,same_object,16,24,unsafe_unpinned_baseline,1,4,0,22883751,20922508
4096,same_object,16,24,unsafe_unpinned_baseline,1,4,1,10720639,10344698
4096,same_object,16,24,unsafe_unpinned_baseline,1,4,2,16182653,15648251
4096,same_object,16,24,unsafe_unpinned_baseline,1,4,3,13345520,13103592
4096,same_object,16,24,unsafe_unpinned_baseline,1,5,0,22996034,21060189
4096,same_object,16,24,unsafe_unpinned_baseline,1,5,1,32467628,31896137
4096,same_object,16,24,unsafe_unpinned_baseline,1,5,2,15692965,15359694
4096,same_object,16,24,unsafe_unpinned_baseline,1,5,3,3821235,3453770
4096,same_object,16,24,unsafe_unpinned_baseline,1,6,0,23080363,21130391
4096,same_object,16,24,unsafe_unpinned_baseline,1,6,1,32410961,31885546
4096,same_object,16,24,unsafe_unpinned_baseline,1,6,2,15507204,15171107
4096,same_object,16,24,unsafe_unpinned_baseline,1,6,3,3949118,3462587
4096,same_object,16,24,unsafe_unpinned_baseline,1,7,0,22819470,22355211
4096,same_object,16,24,unsafe_unpinned_baseline,1,7,1,11030897,10824637
4096,same_object,16,24,unsafe_unpinned_baseline,1,7,2,26737038,26415029
4096,same_object,16,24,unsafe_unpinned_baseline,1,7,3,10289113,9963145
4096,same_object,16,24,unsafe_unpinned_baseline,1,8,0,23298246,22942393
4096,same_object,16,24,unsafe_unpinned_baseline,1,8,1,30576558,29869148
4096,same_object,16,24,unsafe_unpinned_baseline,1,8,2,17244283,16596807
4096,same_object,16,24,unsafe_unpinned_baseline,1,8,3,3844931,3482044
4096,same_object,16,24,unsafe_unpinned_baseline,1,9,0,5727936,5427458
4096,same_object,16,24,unsafe_unpinned_baseline,1,9,1,16039582,15624706
4096,same_object,16,24,unsafe_unpinned_baseline,1,9,2,11100218,10885302
4096,same_object,16,24,unsafe_unpinned_baseline,1,9,3,16724478,16449839
4096,same_object,16,24,unsafe_unpinned_baseline,1,10,0,22921784,21054077
4096,same_object,16,24,unsafe_unpinned_baseline,1,10,1,24931129,24493870
4096,same_object,16,24,unsafe_unpinned_baseline,1,10,2,12353522,12056810
4096,same_object,16,24,unsafe_unpinned_baseline,1,10,3,10707395,10405012
4096,same_object,16,24,unsafe_unpinned_baseline,1,11,0,22819700,20936204
4096,same_object,16,24,unsafe_unpinned_baseline,1,11,1,10727773,10370227
4096,same_object,16,24,unsafe_unpinned_baseline,1,11,2,17244403,16916211
4096,same_object,16,24,unsafe_unpinned_baseline,1,11,3,13297198,12698355
4096,same_object,16,24,unsafe_unpinned_baseline,1,12,0,22786808,20914613
4096,same_object,16,24,unsafe_unpinned_baseline,1,12,1,10804539,10496215
4096,same_object,16,24,unsafe_unpinned_baseline,1,12,2,16831711,16369546
4096,same_object,16,24,unsafe_unpinned_baseline,1,12,3,13391217,13122318
4096,same_object,16,24,unsafe_unpinned_baseline,1,13,0,22920521,21062372
4096,same_object,16,24,unsafe_unpinned_baseline,1,13,1,24823254,24451901
4096,same_object,16,24,unsafe_unpinned_baseline,1,13,2,12567417,12249685
4096,same_object,16,24,unsafe_unpinned_baseline,1,13,3,10608668,10259217
4096,same_object,16,24,unsafe_unpinned_baseline,1,14,0,8316728,6371255
4096,same_object,16,24,unsafe_unpinned_baseline,1,14,1,16453816,15877094
4096,same_object,16,24,unsafe_unpinned_baseline,1,14,2,15762968,15573409
4096,same_object,16,24,unsafe_unpinned_baseline,1,14,3,15872695,15422312
4096,same_object,16,24,unsafe_unpinned_baseline,1,15,0,22945318,21068635
4096,same_object,16,24,unsafe_unpinned_baseline,1,15,1,24235401,23899525
4096,same_object,16,24,unsafe_unpinned_baseline,1,15,2,11371242,11114596
4096,same_object,16,24,unsafe_unpinned_baseline,1,15,3,12134918,11886788
4096,same_object,16,24,pinned,1,0,0,25009697,1341149
4096,same_object,16,24,pinned,1,0,1,30903517,4397838
4096,same_object,16,24,pinned,1,0,2,31373838,3740513
4096,same_object,16,24,pinned,1,0,3,24391377,1316884
4096,same_object,16,24,pinned,1,1,0,33559106,1185755
4096,same_object,16,24,pinned,1,1,1,28585648,4169585
4096,same_object,16,24,pinned,1,1,2,34023074,6461245
4096,same_object,16,24,pinned,1,1,3,23600449,1226944
4096,same_object,16,24,pinned,1,2,0,27731962,3798332
4096,same_object,16,24,pinned,1,2,1,30443005,2605964
4096,same_object,16,24,pinned,1,2,2,31174571,4549615
4096,same_object,16,24,pinned,1,2,3,26117074,5411307
4096,same_object,16,24,pinned,1,3,0,26301483,1200292
4096,same_object,16,24,pinned,1,3,1,30414552,2395666
4096,same_object,16,24,pinned,1,3,2,31462285,2646722
4096,same_object,16,24,pinned,1,3,3,24917703,2205046
4096,same_object,16,24,pinned,1,4,0,27037657,2217239
4096,same_object,16,24,pinned,1,4,1,30436904,3337370
4096,same_object,16,24,pinned,1,4,2,31367425,2304284
4096,same_object,16,24,pinned,1,4,3,25212221,3105530
4096,same_object,16,24,pinned,1,5,0,35832741,3158281
4096,same_object,16,24,pinned,1,5,1,32596643,3465983
4096,same_object,16,24,pinned,1,5,2,29443482,3995395
4096,same_object,16,24,pinned,1,5,3,22594855,1243474
4096,same_object,16,24,pinned,1,6,0,24109141,1546709
4096,same_object,16,24,pinned,1,6,1,29942227,4089884
4096,same_object,16,24,pinned,1,6,2,27444638,2980544
4096,same_object,16,24,pinned,1,6,3,23959779,1999066
4096,same_object,16,24,pinned,1,7,0,34239364,3122693
4096,same_object,16,24,pinned,1,7,1,33184116,5107551
4096,same_object,16,24,pinned,1,7,2,28083017,3629773
4096,same_object,16,24,pinned,1,7,3,23286895,2183485
4096,same_object,16,24,pinned,1,8,0,38760475,2326665
4096,same_object,16,24,pinned,1,8,1,32536930,3121360
4096,same_object,16,24,pinned,1,8,2,28305698,2092282
4096,same_object,16,24,pinned,1,8,3,21594069,1600961
4096,same_object,16,24,pinned,1,9,0,31178618,2936941
4096,same_object,16,24,pinned,1,9,1,28618871,4310562
4096,same_object,16,24,pinned,1,9,2,30327306,3736004
4096,same_object,16,24,pinned,1,9,3,24433135,3313625
4096,same_object,16,24,pinned,1,10,0,28242318,2738736
4096,same_object,16,24,pinned,1,10,1,30487460,3978193
4096,same_object,16,24,pinned,1,10,2,31058080,5289035
4096,same_object,16,24,pinned,1,10,3,26409488,6091174
4096,same_object,16,24,pinned,1,11,0,32754242,1352892
4096,same_object,16,24,pinned,1,11,1,27986013,2746831
4096,same_object,16,24,pinned,1,11,2,34107354,7187931
4096,same_object,16,24,pinned,1,11,3,23356397,2491658
4096,same_object,16,24,pinned,1,12,0,31960609,1944943
4096,same_object,16,24,pinned,1,12,1,29400661,4503338
4096,same_object,16,24,pinned,1,12,2,30575396,3807370
4096,same_object,16,24,pinned,1,12,3,25004327,3903241
4096,same_object,16,24,pinned,1,13,0,34818080,4157683
4096,same_object,16,24,pinned,1,13,1,30186379,3474138
4096,same_object,16,24,pinned,1,13,2,20101183,3508744
4096,same_object,16,24,pinned,1,13,3,23854991,1981763
4096,same_object,16,24,pinned,1,14,0,30123991,2436623
4096,same_object,16,24,pinned,1,14,1,29224548,4259715
4096,same_object,16,24,pinned,1,14,2,31350564,5103314
4096,same_object,16,24,pinned,1,14,3,26910487,5027780
4096,same_object,16,24,pinned,1,15,0,25662714,3414556
4096,same_object,16,24,pinned,1,15,1,29421571,2417698
4096,same_object,16,24,pinned,1,15,2,29316763,2826893
4096,same_object,16,24,pinned,1,15,3,21561588,1644233
4096,same_object,16,24,pinned,2,0,0,16218241,4968418
4096,same_object,16,24,pinned,2,0,1,22924389,4224740
4096,same_object,16,24,pinned,2,0,2,31965077,3504215
4096,same_object,16,24,pinned,2,0,3,26258201,2240342
4096,same_object,16,24,pinned,2,1,0,25813759,5297741
4096,same_object,16,24,pinned,2,1,1,31312091,2312760
4096,same_object,16,24,pinned,2,1,2,28056046,5885625
4096,same_object,16,24,pinned,2,1,3,20905876,2308792
4096,same_object,16,24,pinned,2,2,0,14319385,1867507
4096,same_object,16,24,pinned,2,2,1,19905672,3129206
4096,same_object,16,24,pinned,2,2,2,28972952,2951820
4096,same_object,16,24,pinned,2,2,3,27892746,3038654
4096,same_object,16,24,pinned,2,3,0,15147223,1630978
4096,same_object,16,24,pinned,2,3,1,21017297,2475627
4096,same_object,16,24,pinned,2,3,2,29391374,2588391
4096,same_object,16,24,pinned,2,3,3,26253974,3754810
4096,same_object,16,24,pinned,2,4,0,15728774,1193459
4096,same_object,16,24,pinned,2,4,1,21107879,3548479
4096,same_object,16,24,pinned,2,4,2,30315133,2537785
4096,same_object,16,24,pinned,2,4,3,27463263,2223811
4096,same_object,16,24,pinned,2,5,0,17040367,4438916
4096,same_object,16,24,pinned,2,5,1,25010448,4777597
4096,same_object,16,24,pinned,2,5,2,31523241,3621277
4096,same_object,16,24,pinned,2,5,3,24503709,2079808
4096,same_object,16,24,pinned,2,6,0,29668048,6467406
4096,same_object,16,24,pinned,2,6,1,30915100,2826652
4096,same_object,16,24,pinned,2,6,2,28226097,3529613
4096,same_object,16,24,pinned,2,6,3,19014976,4019862
4096,same_object,16,24,pinned,2,7,0,14763786,2238298
4096,same_object,16,24,pinned,2,7,1,17373177,2133480
4096,same_object,16,24,pinned,2,7,2,19694031,3454130
4096,same_object,16,24,pinned,2,7,3,25297161,2619079
4096,same_object,16,24,pinned,2,8,0,20964287,5159230
4096,same_object,16,24,pinned,2,8,1,28456664,3738208
4096,same_object,16,24,pinned,2,8,2,26271877,1280685
4096,same_object,16,24,pinned,2,8,3,27924225,1227715
4096,same_object,16,24,pinned,2,9,0,22635351,7516132
4096,same_object,16,24,pinned,2,9,1,32049187,2618798
4096,same_object,16,24,pinned,2,9,2,26237042,1462219
4096,same_object,16,24,pinned,2,9,3,23205882,1566927
4096,same_object,16,24,pinned,2,10,0,16537886,5047678
4096,same_object,16,24,pinned,2,10,1,21939704,2301357
4096,same_object,16,24,pinned,2,10,2,30019894,2032298
4096,same_object,16,24,pinned,2,10,3,28124876,3293927
4096,same_object,16,24,pinned,2,11,0,17604505,3834440
4096,same_object,16,24,pinned,2,11,1,27293591,2686086
4096,same_object,16,24,pinned,2,11,2,29341099,1733763
4096,same_object,16,24,pinned,2,11,3,26132823,2215505
4096,same_object,16,24,pinned,2,12,0,28856291,9151619
4096,same_object,16,24,pinned,2,12,1,30061293,2533598
4096,same_object,16,24,pinned,2,12,2,28104006,3853808
4096,same_object,16,24,pinned,2,12,3,19700934,1646929
4096,same_object,16,24,pinned,2,13,0,21997454,5237488
4096,same_object,16,24,pinned,2,13,1,30914057,2985783
4096,same_object,16,24,pinned,2,13,2,27221866,2284436
4096,same_object,16,24,pinned,2,13,3,25331045,3117794
4096,same_object,16,24,pinned,2,14,0,30409502,5954846
4096,same_object,16,24,pinned,2,14,1,30874943,2993409
4096,same_object,16,24,pinned,2,14,2,28939368,4686224
4096,same_object,16,24,pinned,2,14,3,17949117,3162508
4096,same_object,16,24,pinned,2,15,0,28018835,6143814
4096,same_object,16,24,pinned,2,15,1,30335451,2140793
4096,same_object,16,24,pinned,2,15,2,29573138,5734398
4096,same_object,16,24,pinned,2,15,3,19354258,1744683
4096,same_object,16,24,unsafe_unpinned_baseline,2,0,0,22481931,21663281
4096,same_object,16,24,unsafe_unpinned_baseline,2,0,1,33180088,32668069
4096,same_object,16,24,unsafe_unpinned_baseline,2,0,2,15253343,14846101
4096,same_object,16,24,unsafe_unpinned_baseline,2,0,3,3854359,3182176
4096,same_object,16,24,unsafe_unpinned_baseline,2,1,0,9406452,9055167
4096,same_object,16,24,unsafe_unpinned_baseline,2,1,1,26681723,26066839
4096,same_object,16,24,unsafe_unpinned_baseline,2,1,2,26414147,25926964
4096,same_object,16,24,unsafe_unpinned_baseline,2,1,3,9508905,8917906
4096,same_object,16,24,unsafe_unpinned_baseline,2,2,0,22810092,22412729
4096,same_object,16,24,unsafe_unpinned_baseline,2,2,1,21232294,20907790
4096,same_object,16,24,unsafe_unpinned_baseline,2,2,2,17107474,16796665
4096,same_object,16,24,unsafe_unpinned_baseline,2,2,3,11031087,10593870
4096,same_object,16,24,unsafe_unpinned_baseline,2,3,0,7592096,7253174
4096,same_object,16,24,unsafe_unpinned_baseline,2,3,1,22458997,22174278
4096,same_object,16,24,unsafe_unpinned_baseline,2,3,2,16904179,16476249
4096,same_object,16,24,unsafe_unpinned_baseline,2,3,3,16025215,15728032
4096,same_object,16,24,unsafe_unpinned_baseline,2,4,0,6707501,6364802
4096,same_object,16,24,unsafe_unpinned_baseline,2,4,1,23325527,22851611
4096,same_object,16,24,unsafe_unpinned_baseline,2,4,2,19300426,18874851
4096,same_object,16,24,unsafe_unpinned_baseline,2,4,3,13675395,13189235
4096,same_object,16,24,unsafe_unpinned_baseline,2,5,0,27707305,27314271
4096,same_object,16,24,unsafe_unpinned_baseline,2,5,1,15720798,15337873
4096,same_object,16,24,unsafe_unpinned_baseline,2,5,2,17001002,16566880
4096,same_object,16,24,unsafe_unpinned_baseline,2,5,3,9980439,9506802
4096,same_object,16,24,unsafe_unpinned_baseline,2,6,0,22782620,22007162
4096,same_object,16,24,unsafe_unpinned_baseline,2,6,1,32569351,32181688
4096,same_object,16,24,unsafe_unpinned_baseline,2,6,2,15515930,15008349
4096,same_object,16,24,unsafe_unpinned_baseline,2,6,3,3226269,2553616
4096,same_object,16,24,unsafe_unpinned_baseline,2,7,0,8485849,8190559
4096,same_object,16,24,unsafe_unpinned_baseline,2,7,1,26245657,25934498
4096,same_object,16,24,unsafe_unpinned_baseline,2,7,2,18903174,18511472
4096,same_object,16,24,unsafe_unpinned_baseline,2,7,3,10561159,9648570
4096,same_object,16,24,unsafe_unpinned_baseline,2,8,0,22755048,22007863
4096,same_object,16,24,unsafe_unpinned_baseline,2,8,1,7989889,7608117
4096,same_object,16,24,unsafe_unpinned_baseline,2,8,2,31696299,31353008
4096,same_object,16,24,unsafe_unpinned_baseline,2,8,3,9457528,8896466
4096,same_object,16,24,unsafe_unpinned_baseline,2,9,0,22720933,22391860
4096,same_object,16,24,unsafe_unpinned_baseline,2,9,1,10675986,10384634
4096,same_object,16,24,unsafe_unpinned_baseline,2,9,2,16848012,16454788
4096,same_object,16,24,unsafe_unpinned_baseline,2,9,3,12725807,12414197
4096,same_object,16,24,unsafe_unpinned_baseline,2,10,0,22685767,21929985
4096,same_object,16,24,unsafe_unpinned_baseline,2,10,1,20730805,20328794
4096,same_object,16,24,unsafe_unpinned_baseline,2,10,2,17736625,17381182
4096,same_object,16,24,unsafe_unpinned_baseline,2,10,3,8696377,8361282
4096,same_object,16,24,unsafe_unpinned_baseline,2,11,0,22512077,21752589
4096,same_object,16,24,unsafe_unpinned_baseline,2,11,1,8926242,8498653
4096,same_object,16,24,unsafe_unpinned_baseline,2,11,2,19015086,17005161
4096,same_object,16,24,unsafe_unpinned_baseline,2,11,3,12595280,12202145
4096,same_object,16,24,unsafe_unpinned_baseline,2,12,0,7683038,7417336
4096,same_object,16,24,unsafe_unpinned_baseline,2,12,1,14041919,13585885
4096,same_object,16,24,unsafe_unpinned_baseline,2,12,2,11663025,11052108
4096,same_object,16,24,unsafe_unpinned_baseline,2,12,3,17292043,16876627
4096,same_object,16,24,unsafe_unpinned_baseline,2,13,0,9693044,8958022
4096,same_object,16,24,unsafe_unpinned_baseline,2,13,1,15793245,15234878
4096,same_object,16,24,unsafe_unpinned_baseline,2,13,2,14972902,14567544
4096,same_object,16,24,unsafe_unpinned_baseline,2,13,3,16177392,15831498
4096,same_object,16,24,unsafe_unpinned_baseline,2,14,0,22378415,21649926
4096,same_object,16,24,unsafe_unpinned_baseline,2,14,1,8373566,7917442
4096,same_object,16,24,unsafe_unpinned_baseline,2,14,2,30634157,30378203
4096,same_object,16,24,unsafe_unpinned_baseline,2,14,3,7353454,7058215
4096,same_object,16,24,unsafe_unpinned_baseline,2,15,0,22732856,22014996
4096,same_object,16,24,unsafe_unpinned_baseline,2,15,1,21611072,21194563
4096,same_object,16,24,unsafe_unpinned_baseline,2,15,2,15209369,14290970
4096,same_object,16,24,unsafe_unpinned_baseline,2,15,3,11245344,10469104
4096,same_object,16,24,unsafe_unpinned_baseline,3,0,0,37468468,35905158
4096,same_object,16,24,unsafe_unpinned_baseline,3,0,1,23390841,23006173
4096,same_object,16,24,unsafe_unpinned_baseline,3,0,2,6331529,5976376
4096,same_object,16,24,unsafe_unpinned_baseline,3,0,3,8413491,8008745
4096,same_object,16,24,unsafe_unpinned_baseline,3,1,0,18153435,16961377
4096,same_object,16,24,unsafe_unpinned_baseline,3,1,1,17670740,17243592
4096,same_object,16,24,unsafe_unpinned_baseline,3,1,2,16123019,15639293
4096,same_object,16,24,unsafe_unpinned_baseline,3,1,3,10952018,10608798
4096,same_object,16,24,unsafe_unpinned_baseline,3,2,0,17847465,17369389
4096,same_object,16,24,unsafe_unpinned_baseline,3,2,1,17971549,17155174
4096,same_object,16,24,unsafe_unpinned_baseline,3,2,2,16032298,15626029
4096,same_object,16,24,unsafe_unpinned_baseline,3,2,3,11553177,11235365
4096,same_object,16,24,unsafe_unpinned_baseline,3,3,0,18120311,16567221
4096,same_object,16,24,unsafe_unpinned_baseline,3,3,1,15562999,15108949
4096,same_object,16,24,unsafe_unpinned_baseline,3,3,2,17437468,16826011
4096,same_object,16,24,unsafe_unpinned_baseline,3,3,3,11642094,11326127
4096,same_object,16,24,unsafe_unpinned_baseline,3,4,0,15982815,15395462
4096,same_object,16,24,unsafe_unpinned_baseline,3,4,1,19760818,18931528
4096,same_object,16,24,unsafe_unpinned_baseline,3,4,2,16815220,16412287
4096,same_object,16,24,unsafe_unpinned_baseline,3,4,3,10699390,10292759
4096,same_object,16,24,unsafe_unpinned_baseline,3,5,0,31489497,29956975
4096,same_object,16,24,unsafe_unpinned_baseline,3,5,1,31040957,30641581
4096,same_object,16,24,unsafe_unpinned_baseline,3,5,2,7382359,6672314
4096,same_object,16,24,unsafe_unpinned_baseline,3,5,3,5980464,5524541
4096,same_object,16,24,unsafe_unpinned_baseline,3,6,0,8218411,7656317
4096,same_object,16,24,unsafe_unpinned_baseline,3,6,1,17899082,17549831
4096,same_object,16,24,unsafe_unpinned_baseline,3,6,2,13081721,12539504
4096,same_object,16,24,unsafe_unpinned_baseline,3,6,3,16638606,16362183
4096,same_object,16,24,unsafe_unpinned_baseline,3,7,0,8244050,7654043
4096,same_object,16,24,unsafe_unpinned_baseline,3,7,1,17888803,17538780
4096,same_object,16,24,unsafe_unpinned_baseline,3,7,2,13026697,12471846
4096,same_object,16,24,unsafe_unpinned_baseline,3,7,3,15952106,15534175
4096,same_object,16,24,unsafe_unpinned_baseline,3,8,0,29973877,28489576
4096,same_object,16,24,unsafe_unpinned_baseline,3,8,1,15381616,14893251
4096,same_object,16,24,unsafe_unpinned_baseline,3,8,2,20018166,19422477
4096,same_object,16,24,unsafe_unpinned_baseline,3,8,3,8399985,7974400
4096,same_object,16,24,unsafe_unpinned_baseline,3,9,0,8157687,7614999
4096,same_object,16,24,unsafe_unpinned_baseline,3,9,1,17247659,16856599
4096,same_object,16,24,unsafe_unpinned_baseline,3,9,2,13660036,12892803
4096,same_object,16,24,unsafe_unpinned_baseline,3,9,3,15231542,14890066
4096,same_object,16,24,unsafe_unpinned_baseline,3,10,0,12831928,12291184
4096,same_object,16,24,unsafe_unpinned_baseline,3,10,1,35636950,34980738
4096,same_object,16,24,unsafe_unpinned_baseline,3,10,2,14503103,14114807
4096,same_object,16,24,unsafe_unpinned_baseline,3,10,3,7255950,6892842
4096,same_object,16,24,unsafe_unpinned_baseline,3,11,0,17718962,17200520
4096,same_object,16,24,unsafe_unpinned_baseline,3,11,1,17971810,17422340
4096,same_object,16,24,unsafe_unpinned_baseline,3,11,2,16727795,16321496
4096,same_object,16,24,unsafe_unpinned_baseline,3,11,3,10508959,10153857
4096,same_object,16,24,unsafe_unpinned_baseline,3,12,0,37493746,36018071
4096,same_object,16,24,unsafe_unpinned_baseline,3,12,1,26567176,25444279
4096,same_object,16,24,unsafe_unpinned_baseline,3,12,2,5801846,5375168
4096,same_object,16,24,unsafe_unpinned_baseline,3,12,3,5368615,4939213
4096,same_object,16,24,unsafe_unpinned_baseline,3,13,0,30494874,28974875
4096,same_object,16,24,unsafe_unpinned_baseline,3,13,1,28056436,27598158
4096,same_object,16,24,unsafe_unpinned_baseline,3,13,2,7530569,7165709
4096,same_object,16,24,unsafe_unpinned_baseline,3,13,3,7702745,7129560
4096,same_object,16,24,unsafe_unpinned_baseline,3,14,0,30569174,29108098
4096,same_object,16,24,unsafe_unpinned_baseline,3,14,1,31151066,30787457
4096,same_object,16,24,unsafe_unpinned_baseline,3,14,2,10177662,9834692
4096,same_object,16,24,unsafe_unpinned_baseline,3,14,3,6263670,5835811
4096,same_object,16,24,unsafe_unpinned_baseline,3,15,0,12252381,11715013
4096,same_object,16,24,unsafe_unpinned_baseline,3,15,1,16513659,16179917
4096,same_object,16,24,unsafe_unpinned_baseline,3,15,2,15232403,14743748
4096,same_object,16,24,unsafe_unpinned_baseline,3,15,3,13655267,13251262
4096,same_object,16,24,pinned,3,0,0,22528308,5871168
4096,same_object,16,24,pinned,3,0,1,26041140,2173095
4096,same_object,16,24,pinned,3,0,2,23178900,2208933
4096,same_object,16,24,pinned,3,0,3,20989895,1511451
4096,same_object,16,24,pinned,3,1,0,30431443,4705881
4096,same_object,16,24,pinned,3,1,1,26830024,5718759
4096,same_object,16,24,pinned,3,1,2,23112745,3402553
4096,same_object,16,24,pinned,3,1,3,22532036,1629887
4096,same_object,16,24,pinned,3,2,0,28022131,5832725
4096,same_object,16,24,pinned,3,2,1,25954867,2719309
4096,same_object,16,24,pinned,3,2,2,25572212,5468364
4096,same_object,16,24,pinned,3,2,3,22872250,1775311
4096,same_object,16,24,pinned,3,3,0,29216402,7839905
4096,same_object,16,24,pinned,3,3,1,25272675,1891913
4096,same_object,16,24,pinned,3,3,2,28316949,6947315
4096,same_object,16,24,pinned,3,3,3,21150659,1034228
4096,same_object,16,24,pinned,3,4,0,35375876,2769644
4096,same_object,16,24,pinned,3,4,1,28267937,2209393
4096,same_object,16,24,pinned,3,4,2,26921747,2486198
4096,same_object,16,24,pinned,3,4,3,16778812,2427486
4096,same_object,16,24,pinned,3,5,0,23802892,7605872
4096,same_object,16,24,pinned,3,5,1,26797452,1400822
4096,same_object,16,24,pinned,3,5,2,23504998,1574772
4096,same_object,16,24,pinned,3,5,3,19764595,1334016
4096,same_object,16,24,pinned,3,6,0,25575318,8225525
4096,same_object,16,24,pinned,3,6,1,26249134,3812309
4096,same_object,16,24,pinned,3,6,2,25216469,2309734
4096,same_object,16,24,pinned,3,6,3,20806187,1732471
4096,same_object,16,24,pinned,3,7,0,27060440,8923697
4096,same_object,16,24,pinned,3,7,1,25409755,2344831
4096,same_object,16,24,pinned,3,7,2,24999658,1957266
4096,same_object,16,24,pinned,3,7,3,20912709,1673108
4096,same_object,16,24,pinned,3,8,0,30847922,4807554
4096,same_object,16,24,pinned,3,8,1,26881161,4902985
4096,same_object,16,24,pinned,3,8,2,31749019,7346181
4096,same_object,16,24,pinned,3,8,3,16770326,1685612
4096,same_object,16,24,pinned,3,9,0,33150162,3432099
4096,same_object,16,24,pinned,3,9,1,27042777,4419448
4096,same_object,16,24,pinned,3,9,2,29873828,5277143
4096,same_object,16,24,pinned,3,9,3,16722284,1303228
4096,same_object,16,24,pinned,3,10,0,24735147,3808762
4096,same_object,16,24,pinned,3,10,1,26446398,4099893
4096,same_object,16,24,pinned,3,10,2,24346682,2369667
4096,same_object,16,24,pinned,3,10,3,21807042,2218341
4096,same_object,16,24,pinned,3,11,0,31452076,6886270
4096,same_object,16,24,pinned,3,11,1,30429951,5546903
4096,same_object,16,24,pinned,3,11,2,26300672,2933846
4096,same_object,16,24,pinned,3,11,3,17525916,1202697
4096,same_object,16,24,pinned,3,12,0,28588003,4984087
4096,same_object,16,24,pinned,3,12,1,26338533,7325321
4096,same_object,16,24,pinned,3,12,2,26984617,6097256
4096,same_object,16,24,pinned,3,12,3,21373391,1249817
4096,same_object,16,24,pinned,3,13,0,29671445,5876568
4096,same_object,16,24,pinned,3,13,1,25865488,6050146
4096,same_object,16,24,pinned,3,13,2,27855836,5412899
4096,same_object,16,24,pinned,3,13,3,21003872,1056070
4096,same_object,16,24,pinned,3,14,0,26329496,4545407
4096,same_object,16,24,pinned,3,14,1,26780601,3994564
4096,same_object,16,24,pinned,3,14,2,24924896,1802122
4096,same_object,16,24,pinned,3,14,3,22731524,1190204
4096,same_object,16,24,pinned,3,15,0,33601696,6068992
4096,same_object,16,24,pinned,3,15,1,25882270,3310679
4096,same_object,16,24,pinned,3,15,2,25405647,2887718
4096,same_object,16,24,pinned,3,15,3,19918095,971910
4096,same_object,16,24,pinned,4,0,0,25565039,3217392
4096,same_object,16,24,pinned,4,0,1,29513525,2069538
4096,same_object,16,24,pinned,4,0,2,34310839,2569956
4096,same_object,16,24,pinned,4,0,3,18959581,2085248
4096,same_object,16,24,pinned,4,1,0,27160389,2234621
4096,same_object,16,24,pinned,4,1,1,38789811,6681572
4096,same_object,16,24,pinned,4,1,2,35944873,3139505
4096,same_object,16,24,pinned,4,1,3,23502754,2798298
4096,same_object,16,24,pinned,4,2,0,18906219,2989751
4096,same_object,16,24,pinned,4,2,1,28063008,3055135
4096,same_object,16,24,pinned,4,2,2,28179158,3783615
4096,same_object,16,24,pinned,4,2,3,35337192,3755521
4096,same_object,16,24,pinned,4,3,0,31528420,3577604
4096,same_object,16,24,pinned,4,3,1,31592692,4805940
4096,same_object,16,24,pinned,4,3,2,32646738,1757538
4096,same_object,16,24,pinned,4,3,3,27371950,2506576
4096,same_object,16,24,pinned,4,4,0,21558051,3068450
4096,same_object,16,24,pinned,4,4,1,29166578,2409753
4096,same_object,16,24,pinned,4,4,2,32473259,2476128
4096,same_object,16,24,pinned,4,4,3,32777636,2549467
4096,same_object,16,24,pinned,4,5,0,20914523,2397741
4096,same_object,16,24,pinned,4,5,1,28789665,1687937
4096,same_object,16,24,pinned,4,5,2,31646233,3070234
4096,same_object,16,24,pinned,4,5,3,33845859,2878020
4096,same_object,16,24,pinned,4,6,0,27824246,1948540
4096,same_object,16,24,pinned,4,6,1,34697701,4895760
4096,same_object,16,24,pinned,4,6,2,31349001,1579531
4096,same_object,16,24,pinned,4,6,3,28728589,2307669
4096,same_object,16,24,pinned,4,7,0,26484590,2586107
4096,same_object,16,24,pinned,4,7,1,31911095,3909914
4096,same_object,16,24,pinned,4,7,2,32999216,2356863
4096,same_object,16,24,pinned,4,7,3,30425903,2219943
4096,same_object,16,24,pinned,4,8,0,22891055,2298953
4096,same_object,16,24,pinned,4,8,1,29527432,4030402
4096,same_object,16,24,pinned,4,8,2,32278150,1245899
4096,same_object,16,24,pinned,4,8,3,34073810,2585466
4096,same_object,16,24,pinned,4,9,0,19572331,2608028
4096,same_object,16,24,pinned,4,9,1,28086042,2563704
4096,same_object,16,24,pinned,4,9,2,28208845,2871748
4096,same_object,16,24,pinned,4,9,3,35462390,2845989
4096,same_object,16,24,pinned,4,10,0,20260885,1903474
4096,same_object,16,24,pinned,4,10,1,28875357,1918172
4096,same_object,16,24,pinned,4,10,2,30009344,3275533
4096,same_object,16,24,pinned,4,10,3,34213205,2317920
4096,same_object,16,24,pinned,4,11,0,23704275,3987420
4096,same_object,16,24,pinned,4,11,1,29553922,2819860
4096,same_object,16,24,pinned,4,11,2,32680181,2017140
4096,same_object,16,24,pinned,4,11,3,33804911,1974138
4096,same_object,16,24,pinned,4,12,0,18015824,2078736
4096,same_object,16,24,pinned,4,12,1,28196210,3055085
4096,same_object,16,24,pinned,4,12,2,27986003,3828219
4096,same_object,16,24,pinned,4,12,3,33422577,4524587
4096,same_object,16,24,pinned,4,13,0,22225185,2790655
4096,same_object,16,24,pinned,4,13,1,29249936,2059430
4096,same_object,16,24,pinned,4,13,2,32286706,1479481
4096,same_object,16,24,pinned,4,13,3,34007034,2478693
4096,same_object,16,24,pinned,4,14,0,34284599,3478837
4096,same_object,16,24,pinned,4,14,1,29623664,2139000
4096,same_object,16,24,pinned,4,14,2,34893463,2677169
4096,same_object,16,24,pinned,4,14,3,25450251,1990609
4096,same_object,16,24,pinned,4,15,0,24423036,3484648
4096,same_object,16,24,pinned,4,15,1,29561516,3380131
4096,same_object,16,24,pinned,4,15,2,32766816,2631102
4096,same_object,16,24,pinned,4,15,3,34030348,1955823
4096,same_object,16,24,unsafe_unpinned_baseline,4,0,0,9735014,9070065
4096,same_object,16,24,unsafe_unpinned_baseline,4,0,1,18147614,17813361
4096,same_object,16,24,unsafe_unpinned_baseline,4,0,2,14215888,13674674
4096,same_object,16,24,unsafe_unpinned_baseline,4,0,3,14347828,13802135
4096,same_object,16,24,unsafe_unpinned_baseline,4,1,0,33453275,31913470
4096,same_object,16,24,unsafe_unpinned_baseline,4,1,1,8639089,8286992
4096,same_object,16,24,unsafe_unpinned_baseline,4,1,2,14446234,13998607
4096,same_object,16,24,unsafe_unpinned_baseline,4,1,3,15302025,14804443
4096,same_object,16,24,unsafe_unpinned_baseline,4,2,0,30066583,28643308
4096,same_object,16,24,unsafe_unpinned_baseline,4,2,1,14857162,14333862
4096,same_object,16,24,unsafe_unpinned_baseline,4,2,2,18660254,18200633
4096,same_object,16,24,unsafe_unpinned_baseline,4,2,3,12596873,12056961
4096,same_object,16,24,unsafe_unpinned_baseline,4,3,0,28750260,27195386
4096,same_object,16,24,unsafe_unpinned_baseline,4,3,1,14331217,13868471
4096,same_object,16,24,unsafe_unpinned_baseline,4,3,2,24068124,23344905
4096,same_object,16,24,unsafe_unpinned_baseline,4,3,3,9370433,8888961
4096,same_object,16,24,unsafe_unpinned_baseline,4,4,0,8996055,7231743
4096,same_object,16,24,unsafe_unpinned_baseline,4,4,1,3694986,3333843
4096,same_object,16,24,unsafe_unpinned_baseline,4,4,2,27379454,27095757
4096,same_object,16,24,unsafe_unpinned_baseline,4,4,3,30250210,29780871
4096,same_object,16,24,unsafe_unpinned_baseline,4,5,0,40506851,38994588
4096,same_object,16,24,unsafe_unpinned_baseline,4,5,1,32795109,31722478
4096,same_object,16,24,unsafe_unpinned_baseline,4,5,2,10205935,9798604
4096,same_object,16,24,unsafe_unpinned_baseline,4,5,3,4596654,4154367
4096,same_object,16,24,unsafe_unpinned_baseline,4,6,0,39976627,38451109
4096,same_object,16,24,unsafe_unpinned_baseline,4,6,1,29448723,28918088
4096,same_object,16,24,unsafe_unpinned_baseline,4,6,2,7996642,7511763
4096,same_object,16,24,unsafe_unpinned_baseline,4,6,3,8830601,8490217
4096,same_object,16,24,unsafe_unpinned_baseline,4,7,0,40459993,38508257
4096,same_object,16,24,unsafe_unpinned_baseline,4,7,1,29930555,29533674
4096,same_object,16,24,unsafe_unpinned_baseline,4,7,2,14580389,14208815
4096,same_object,16,24,unsafe_unpinned_baseline,4,7,3,5318591,4569142
4096,same_object,16,24,unsafe_unpinned_baseline,4,8,0,12316973,10908356
4096,same_object,16,24,unsafe_unpinned_baseline,4,8,1,27735999,27464816
4096,same_object,16,24,unsafe_unpinned_baseline,4,8,2,17832667,17383536
4096,same_object,16,24,unsafe_unpinned_baseline,4,8,3,14656443,14224775
4096,same_object,16,24,unsafe_unpinned_baseline,4,9,0,40459703,38933763
4096,same_object,16,24,unsafe_unpinned_baseline,4,9,1,15947317,14831053
4096,same_object,16,24,unsafe_unpinned_baseline,4,9,2,15319659,14731205
4096,same_object,16,24,unsafe_unpinned_baseline,4,9,3,11749989,11459378
4096,same_object,16,24,unsafe_unpinned_baseline,4,10,0,11711376,10383331
4096,same_object,16,24,unsafe_unpinned_baseline,4,10,1,15905868,15641077
4096,same_object,16,24,unsafe_unpinned_baseline,4,10,2,15247382,14597121
4096,same_object,16,24,unsafe_unpinned_baseline,4,10,3,24147745,23349754
4096,same_object,16,24,unsafe_unpinned_baseline,4,11,0,40015361,38573090
4096,same_object,16,24,unsafe_unpinned_baseline,4,11,1,30399523,29957325
4096,same_object,16,24,unsafe_unpinned_baseline,4,11,2,15649463,15330018
4096,same_object,16,24,unsafe_unpinned_baseline,4,11,3,3107063,2654637
4096,same_object,16,24,unsafe_unpinned_baseline,4,12,0,12664901,11192564
4096,same_object,16,24,unsafe_unpinned_baseline,4,12,1,27734436,27181910
4096,same_object,16,24,unsafe_unpinned_baseline,4,12,2,32822581,31724622
4096,same_object,16,24,unsafe_unpinned_baseline,4,12,3,10167021,9739872
4096,same_object,16,24,unsafe_unpinned_baseline,4,13,0,28792079,26761664
4096,same_object,16,24,unsafe_unpinned_baseline,4,13,1,13157435,11994382
4096,same_object,16,24,unsafe_unpinned_baseline,4,13,2,31221780,30664575
4096,same_object,16,24,unsafe_unpinned_baseline,4,13,3,10387509,9971241
4096,same_object,16,24,unsafe_unpinned_baseline,4,14,0,9605037,9064254
4096,same_object,16,24,unsafe_unpinned_baseline,4,14,1,19031197,18672658
4096,same_object,16,24,unsafe_unpinned_baseline,4,14,2,14210028,13731080
4096,same_object,16,24,unsafe_unpinned_baseline,4,14,3,25067427,24245890
4096,same_object,16,24,unsafe_unpinned_baseline,4,15,0,29233686,27769914
4096,same_object,16,24,unsafe_unpinned_baseline,4,15,1,12934802,12149365
4096,same_object,16,24,unsafe_unpinned_baseline,4,15,2,14174089,13729487
4096,same_object,16,24,unsafe_unpinned_baseline,4,15,3,15600701,15014852
4096,same_object,16,24,unsafe_unpinned_baseline,5,0,0,26237382,25234392
4096,same_object,16,24,unsafe_unpinned_baseline,5,0,1,27047496,26301574
4096,same_object,16,24,unsafe_unpinned_baseline,5,0,2,22729809,21745256
4096,same_object,16,24,unsafe_unpinned_baseline,5,0,3,16822434,16046575
4096,same_object,16,24,unsafe_unpinned_baseline,5,1,0,31170793,30114002
4096,same_object,16,24,unsafe_unpinned_baseline,5,1,1,29583909,28385710
4096,same_object,16,24,unsafe_unpinned_baseline,5,1,2,16872880,16332998
4096,same_object,16,24,unsafe_unpinned_baseline,5,1,3,15251299,14712699
4096,same_object,16,24,unsafe_unpinned_baseline,5,2,0,30783360,29469421
4096,same_object,16,24,unsafe_unpinned_baseline,5,2,1,13862739,13337786
4096,same_object,16,24,unsafe_unpinned_baseline,5,2,2,19307280,18878618
4096,same_object,16,24,unsafe_unpinned_baseline,5,2,3,21873068,21495393
4096,same_object,16,24,unsafe_unpinned_baseline,5,3,0,30936089,29942237
4096,same_object,16,24,unsafe_unpinned_baseline,5,3,1,28607019,27652472
4096,same_object,16,24,unsafe_unpinned_baseline,5,3,2,19588021,18852598
4096,same_object,16,24,unsafe_unpinned_baseline,5,3,3,13716232,13147485
4096,same_object,16,24,unsafe_unpinned_baseline,5,4,0,8906575,7916690
4096,same_object,16,24,unsafe_unpinned_baseline,5,4,1,20048082,18828263
4096,same_object,16,24,unsafe_unpinned_baseline,5,4,2,14809683,13713558
4096,same_object,16,24,unsafe_unpinned_baseline,5,4,3,20170273,19517828
4096,same_object,16,24,unsafe_unpinned_baseline,5,5,0,10885081,9961152
4096,same_object,16,24,unsafe_unpinned_baseline,5,5,1,19301418,18746187
4096,same_object,16,24,unsafe_unpinned_baseline,5,5,2,15170846,14650711
4096,same_object,16,24,unsafe_unpinned_baseline,5,5,3,34904664,34466674
4096,same_object,16,24,unsafe_unpinned_baseline,5,6,0,30863532,29254725
4096,same_object,16,24,unsafe_unpinned_baseline,5,6,1,29647379,28649479
4096,same_object,16,24,unsafe_unpinned_baseline,5,6,2,19179478,18743813
4096,same_object,16,24,unsafe_unpinned_baseline,5,6,3,13101388,12173711
4096,same_object,16,24,unsafe_unpinned_baseline,5,7,0,31184319,30189496
4096,same_object,16,24,unsafe_unpinned_baseline,5,7,1,28427088,27682699
4096,same_object,16,24,unsafe_unpinned_baseline,5,7,2,20283227,19654377
4096,same_object,16,24,unsafe_unpinned_baseline,5,7,3,13380496,12808624
4096,same_object,16,24,unsafe_unpinned_baseline,5,8,0,30817886,29845223
4096,same_object,16,24,unsafe_unpinned_baseline,5,8,1,14591429,13541541
4096,same_object,16,24,unsafe_unpinned_baseline,5,8,2,16956108,16430672
4096,same_object,16,24,unsafe_unpinned_baseline,5,8,3,21852468,21516903
4096,same_object,16,24,unsafe_unpinned_baseline,5,9,0,30240632,28972601
4096,same_object,16,24,unsafe_unpinned_baseline,5,9,1,15154996,14660450
4096,same_object,16,24,unsafe_unpinned_baseline,5,9,2,18030201,17439542
4096,same_object,16,24,unsafe_unpinned_baseline,5,9,3,22354830,21946547
4096,same_object,16,24,unsafe_unpinned_baseline,5,10,0,30796956,29254305
4096,same_object,16,24,unsafe_unpinned_baseline,5,10,1,29648802,28666752
4096,same_object,16,24,unsafe_unpinned_baseline,5,10,2,27224030,26518504
4096,same_object,16,24,unsafe_unpinned_baseline,5,10,3,7657350,7182120
4096,same_object,16,24,unsafe_unpinned_baseline,5,11,0,31037741,30113952
4096,same_object,16,24,unsafe_unpinned_baseline,5,11,1,29407385,28677232
4096,same_object,16,24,unsafe_unpinned_baseline,5,11,2,17808822,17405017
4096,same_object,16,24,unsafe_unpinned_baseline,5,11,3,14494286,13877768
4096,same_object,16,24,unsafe_unpinned_baseline,5,12,0,31023535,29185353
4096,same_object,16,24,unsafe_unpinned_baseline,5,12,1,29539104,28698472
4096,same_object,16,24,unsafe_unpinned_baseline,5,12,2,29003198,28425606
4096,same_object,16,24,unsafe_unpinned_baseline,5,12,3,5764755,5264409
4096,same_object,16,24,unsafe_unpinned_baseline,5,13,0,8793862,7944253
4096,same_object,16,24,unsafe_unpinned_baseline,5,13,1,21506604,20980217
4096,same_object,16,24,unsafe_unpinned_baseline,5,13,2,15063644,14212913
4096,same_object,16,24,unsafe_unpinned_baseline,5,13,3,46128867,45663917
4096,same_object,16,24,unsafe_unpinned_baseline,5,14,0,13852260,13009143
4096,same_object,16,24,unsafe_unpinned_baseline,5,14,1,19489845,19067204
4096,same_object,16,24,unsafe_unpinned_baseline,5,14,2,22003856,21517064
4096,same_object,16,24,unsafe_unpinned_baseline,5,14,3,23710888,23101665
4096,same_object,16,24,unsafe_unpinned_baseline,5,15,0,25538138,24619969
4096,same_object,16,24,unsafe_unpinned_baseline,5,15,1,19837654,17641045
4096,same_object,16,24,unsafe_unpinned_baseline,5,15,2,33714109,33345571
4096,same_object,16,24,unsafe_unpinned_baseline,5,15,3,13627074,13132176
4096,same_object,16,24,pinned,5,0,0,40349283,2796275
4096,same_object,16,24,pinned,5,0,1,33819830,4533665
4096,same_object,16,24,pinned,5,0,2,30192531,1592295
4096,same_object,16,24,pinned,5,0,3,22807377,1516772
4096,same_object,16,24,pinned,5,1,0,35994467,1284742
4096,same_object,16,24,pinned,5,1,1,31816877,5117590
4096,same_object,16,24,pinned,5,1,2,31212392,1329918
4096,same_object,16,24,pinned,5,1,3,26114339,2519872
4096,same_object,16,24,pinned,5,2,0,29959790,1871754
4096,same_object,16,24,pinned,5,2,1,30244710,5733496
4096,same_object,16,24,pinned,5,2,2,30509100,2369927
4096,same_object,16,24,pinned,5,2,3,29830064,1867556
4096,same_object,16,24,pinned,5,3,0,25762543,5362364
4096,same_object,16,24,pinned,5,3,1,31961200,2178315
4096,same_object,16,24,pinned,5,3,2,25169380,1725076
4096,same_object,16,24,pinned,5,3,3,31050115,2062235
4096,same_object,16,24,pinned,5,4,0,33033992,2075521
4096,same_object,16,24,pinned,5,4,1,34143172,8589244
4096,same_object,16,24,pinned,5,4,2,30367683,2126567
4096,same_object,16,24,pinned,5,4,3,27009724,1778027
4096,same_object,16,24,pinned,5,5,0,23454963,4769451
4096,same_object,16,24,pinned,5,5,1,31226449,2382441
4096,same_object,16,24,pinned,5,5,2,24311766,2211738
4096,same_object,16,24,pinned,5,5,3,30473853,1171048
4096,same_object,16,24,pinned,5,6,0,28990515,2212890
4096,same_object,16,24,pinned,5,6,1,31823028,7538956
4096,same_object,16,24,pinned,5,6,2,31080953,1896742
4096,same_object,16,24,pinned,5,6,3,29274212,1259154
4096,same_object,16,24,pinned,5,7,0,28183997,2840008
4096,same_object,16,24,pinned,5,7,1,33404974,8429281
4096,same_object,16,24,pinned,5,7,2,31088137,1542772
4096,same_object,16,24,pinned,5,7,3,29685682,2538798
4096,same_object,16,24,pinned,5,8,0,32288660,2084417
4096,same_object,16,24,pinned,5,8,1,30037237,5465149
4096,same_object,16,24,pinned,5,8,2,32840836,2047498
4096,same_object,16,24,pinned,5,8,3,28227751,2722385
4096,same_object,16,24,pinned,5,9,0,24307237,4216114
4096,same_object,16,24,pinned,5,9,1,32628033,1711341
4096,same_object,16,24,pinned,5,9,2,23928029,2149971
4096,same_object,16,24,pinned,5,9,3,31517851,1369413
4096,same_object,16,24,pinned,5,10,0,26513624,4750245
4096,same_object,16,24,pinned,5,10,1,32080777,2458014
4096,same_object,16,24,pinned,5,10,2,27669143,1524837
4096,same_object,16,24,pinned,5,10,3,31006663,2045093
4096,same_object,16,24,pinned,5,11,0,30964763,1901410
4096,same_object,16,24,pinned,5,11,1,33081031,8841723
4096,same_object,16,24,pinned,5,11,2,31473697,2205086
4096,same_object,16,24,pinned,5,11,3,28189568,2585436
4096,same_object,16,24,pinned,5,12,0,33760306,2028671
4096,same_object,16,24,pinned,5,12,1,36148919,8603762
4096,same_object,16,24,pinned,5,12,2,31085842,2274296
4096,same_object,16,24,pinned,5,12,3,24882547,2449929
4096,same_object,16,24,pinned,5,13,0,37879877,1970672
4096,same_object,16,24,pinned,5,13,1,34436627,5673974
4096,same_object,16,24,pinned,5,13,2,30030594,2021809
4096,same_object,16,24,pinned,5,13,3,24072091,1581305
4096,same_object,16,24,pinned,5,14,0,34732397,1493167
4096,same_object,16,24,pinned,5,14,1,34500939,7532824
4096,same_object,16,24,pinned,5,14,2,31242008,2200637
4096,same_object,16,24,pinned,5,14,3,24980772,2210175
4096,same_object,16,24,pinned,5,15,0,27372060,4476667
4096,same_object,16,24,pinned,5,15,1,31970588,3174320
4096,same_object,16,24,pinned,5,15,2,29049216,1683528
4096,same_object,16,24,pinned,5,15,3,30530371,1160818
262144,disjoint,1,24,pinned,-2,0,0,9902191,5607147
262144,disjoint,1,24,pinned,-2,0,1,7234760,4403238
262144,disjoint,1,24,pinned,-2,0,2,7082100,3848337
262144,disjoint,1,24,pinned,-2,0,3,7996642,4729466
262144,disjoint,1,24,unsafe_unpinned_baseline,-2,0,0,4055610,3500418
262144,disjoint,1,24,unsafe_unpinned_baseline,-2,0,1,4638123,4011606
262144,disjoint,1,24,unsafe_unpinned_baseline,-2,0,2,3046999,2541392
262144,disjoint,1,24,unsafe_unpinned_baseline,-2,0,3,2936410,2320084
262144,disjoint,1,24,unsafe_unpinned_baseline,-1,0,0,3302133,2845689
262144,disjoint,1,24,unsafe_unpinned_baseline,-1,0,1,3013005,2589824
262144,disjoint,1,24,unsafe_unpinned_baseline,-1,0,2,3182256,2696055
262144,disjoint,1,24,unsafe_unpinned_baseline,-1,0,3,3500879,3133574
262144,disjoint,1,24,pinned,-1,0,0,10755817,3532509
262144,disjoint,1,24,pinned,-1,0,1,7010846,4089974
262144,disjoint,1,24,pinned,-1,0,2,5412448,2986936
262144,disjoint,1,24,pinned,-1,0,3,4047985,1804777
262144,disjoint,1,24,pinned,0,0,0,5403672,2700995
262144,disjoint,1,24,pinned,0,0,1,5025235,2603309
262144,disjoint,1,24,pinned,0,0,2,5484735,2592099
262144,disjoint,1,24,pinned,0,0,3,3651404,1816339
262144,disjoint,1,24,unsafe_unpinned_baseline,0,0,0,2575056,2263216
262144,disjoint,1,24,unsafe_unpinned_baseline,0,0,1,2201939,1779339
262144,disjoint,1,24,unsafe_unpinned_baseline,0,0,2,2360039,1991471
262144,disjoint,1,24,unsafe_unpinned_baseline,0,0,3,2052897,1622362
262144,disjoint,1,24,unsafe_unpinned_baseline,1,0,0,2215025,1826469
262144,disjoint,1,24,unsafe_unpinned_baseline,1,0,1,1759422,1418696
262144,disjoint,1,24,unsafe_unpinned_baseline,1,0,2,1577026,1277299
262144,disjoint,1,24,unsafe_unpinned_baseline,1,0,3,1542571,1264986
262144,disjoint,1,24,pinned,1,0,0,5622347,1322625
262144,disjoint,1,24,pinned,1,0,1,8325625,3687653
262144,disjoint,1,24,pinned,1,0,2,4901010,2461811
262144,disjoint,1,24,pinned,1,0,3,2972429,1275796
262144,disjoint,1,24,pinned,2,0,0,4223588,1764731
262144,disjoint,1,24,pinned,2,0,1,6462126,2468374
262144,disjoint,1,24,pinned,2,0,2,4508877,1898936
262144,disjoint,1,24,pinned,2,0,3,3210379,1335369
262144,disjoint,1,24,unsafe_unpinned_baseline,2,0,0,1544625,1291074
262144,disjoint,1,24,unsafe_unpinned_baseline,2,0,1,1473230,1207917
262144,disjoint,1,24,unsafe_unpinned_baseline,2,0,2,1462009,1144366
262144,disjoint,1,24,unsafe_unpinned_baseline,2,0,3,1384271,1117296
262144,disjoint,1,24,unsafe_unpinned_baseline,3,0,0,3269771,3024988
262144,disjoint,1,24,unsafe_unpinned_baseline,3,0,1,1688267,1456488
262144,disjoint,1,24,unsafe_unpinned_baseline,3,0,2,1354755,1115782
262144,disjoint,1,24,unsafe_unpinned_baseline,3,0,3,1664983,1392196
262144,disjoint,1,24,pinned,3,0,0,3086234,1359745
262144,disjoint,1,24,pinned,3,0,1,2927703,1281025
262144,disjoint,1,24,pinned,3,0,2,2674174,1192718
262144,disjoint,1,24,pinned,3,0,3,2616625,1412866
262144,disjoint,1,24,pinned,4,0,0,5051355,2536493
262144,disjoint,1,24,pinned,4,0,1,5929197,3682824
262144,disjoint,1,24,pinned,4,0,2,5171763,3541576
262144,disjoint,1,24,pinned,4,0,3,3286343,1750736
262144,disjoint,1,24,unsafe_unpinned_baseline,4,0,0,6888664,6561174
262144,disjoint,1,24,unsafe_unpinned_baseline,4,0,1,2946029,2168085
262144,disjoint,1,24,unsafe_unpinned_baseline,4,0,2,2231396,1850494
262144,disjoint,1,24,unsafe_unpinned_baseline,4,0,3,2862670,2462793
262144,disjoint,1,24,unsafe_unpinned_baseline,5,0,0,2046516,1670032
262144,disjoint,1,24,unsafe_unpinned_baseline,5,0,1,1675202,1357801
262144,disjoint,1,24,unsafe_unpinned_baseline,5,0,2,1658871,1368391
262144,disjoint,1,24,unsafe_unpinned_baseline,5,0,3,1574371,1242863
262144,disjoint,1,24,pinned,5,0,0,4073663,1744803
262144,disjoint,1,24,pinned,5,0,1,4283361,1291856
262144,disjoint,1,24,pinned,5,0,2,3090903,1470985
262144,disjoint,1,24,pinned,5,0,3,3335626,1419628
262144,disjoint,4,24,pinned,-2,0,0,7197960,4511663
262144,disjoint,4,24,pinned,-2,0,1,6502473,4322976
262144,disjoint,4,24,pinned,-2,0,2,7698888,4549915
262144,disjoint,4,24,pinned,-2,0,3,7070248,3944690
262144,disjoint,4,24,pinned,-2,1,0,6701299,4613707
262144,disjoint,4,24,pinned,-2,1,1,6914122,4571747
262144,disjoint,4,24,pinned,-2,1,2,7792606,4905248
262144,disjoint,4,24,pinned,-2,1,3,7008571,3771982
262144,disjoint,4,24,pinned,-2,2,0,6647137,4557850
262144,disjoint,4,24,pinned,-2,2,1,6932437,5093385
262144,disjoint,4,24,pinned,-2,2,2,7814898,4853240
262144,disjoint,4,24,pinned,-2,2,3,6913411,3757795
262144,disjoint,4,24,pinned,-2,3,0,6922147,4368913
262144,disjoint,4,24,pinned,-2,3,1,7669663,4380235
262144,disjoint,4,24,pinned,-2,3,2,6770110,4336080
262144,disjoint,4,24,pinned,-2,3,3,6451737,3843117
262144,disjoint,4,24,unsafe_unpinned_baseline,-2,0,0,5616064,5125345
262144,disjoint,4,24,unsafe_unpinned_baseline,-2,0,1,5479956,5131387
262144,disjoint,4,24,unsafe_unpinned_baseline,-2,0,2,4387919,3990977
262144,disjoint,4,24,unsafe_unpinned_baseline,-2,0,3,4286236,3527008
262144,disjoint,4,24,unsafe_unpinned_baseline,-2,1,0,5284918,4943571
262144,disjoint,4,24,unsafe_unpinned_baseline,-2,1,1,5980064,5331495
262144,disjoint,4,24,unsafe_unpinned_baseline,-2,1,2,4227275,3826355
262144,disjoint,4,24,unsafe_unpinned_baseline,-2,1,3,3875608,3520446
262144,disjoint,4,24,unsafe_unpinned_baseline,-2,2,0,5298673,4825096
262144,disjoint,4,24,unsafe_unpinned_baseline,-2,2,1,6015911,5361923
262144,disjoint,4,24,unsafe_unpinned_baseline,-2,2,2,3909243,3272096
262144,disjoint,4,24,unsafe_unpinned_baseline,-2,2,3,4489982,3976590
262144,disjoint,4,24,unsafe_unpinned_baseline,-2,3,0,5565238,5211618
262144,disjoint,4,24,unsafe_unpinned_baseline,-2,3,1,5601677,5208252
262144,disjoint,4,24,unsafe_unpinned_baseline,-2,3,2,3908791,3545544
262144,disjoint,4,24,unsafe_unpinned_baseline,-2,3,3,4803856,4094303
262144,disjoint,4,24,unsafe_unpinned_baseline,-1,0,0,6604085,6158251
262144,disjoint,4,24,unsafe_unpinned_baseline,-1,0,1,4736158,4151110
262144,disjoint,4,24,unsafe_unpinned_baseline,-1,0,2,7702164,7035973
262144,disjoint,4,24,unsafe_unpinned_baseline,-1,0,3,6851544,6422141
262144,disjoint,4,24,unsafe_unpinned_baseline,-1,1,0,6850652,6313134
262144,disjoint,4,24,unsafe_unpinned_baseline,-1,1,1,4531180,4132085
262144,disjoint,4,24,unsafe_unpinned_baseline,-1,1,2,7894408,7391797
262144,disjoint,4,24,unsafe_unpinned_baseline,-1,1,3,6068421,5584514
262144,disjoint,4,24,unsafe_unpinned_baseline,-1,2,0,6282366,5879092
262144,disjoint,4,24,unsafe_unpinned_baseline,-1,2,1,4911891,4475524
262144,disjoint,4,24,unsafe_unpinned_baseline,-1,2,2,7557801,6554051
262144,disjoint,4,24,unsafe_unpinned_baseline,-1,2,3,6295320,5636513
262144,disjoint,4,24,unsafe_unpinned_baseline,-1,3,0,6821777,6344745
262144,disjoint,4,24,unsafe_unpinned_baseline,-1,3,1,4431782,4016566
262144,disjoint,4,24,unsafe_unpinned_baseline,-1,3,2,7996732,7372010
262144,disjoint,4,24,unsafe_unpinned_baseline,-1,3,3,6674990,6073079
262144,disjoint,4,24,pinned,-1,0,0,8692530,5535251
262144,disjoint,4,24,pinned,-1,0,1,6831605,4248054
262144,disjoint,4,24,pinned,-1,0,2,8868733,5919699
262144,disjoint,4,24,pinned,-1,0,3,7968339,5056324
262144,disjoint,4,24,pinned,-1,1,0,8545581,5140263
262144,disjoint,4,24,pinned,-1,1,1,7187560,4580443
262144,disjoint,4,24,pinned,-1,1,2,8654267,5981055
262144,disjoint,4,24,pinned,-1,1,3,7835457,5335323
262144,disjoint,4,24,pinned,-1,2,0,8513210,5435603
262144,disjoint,4,24,pinned,-1,2,1,7042055,4458692
262144,disjoint,4,24,pinned,-1,2,2,8968072,6010221
262144,disjoint,4,24,pinned,-1,2,3,7706402,5226847
262144,disjoint,4,24,pinned,-1,3,0,8580136,5508331
262144,disjoint,4,24,pinned,-1,3,1,6912610,4201386
262144,disjoint,4,24,pinned,-1,3,2,9077719,6425608
262144,disjoint,4,24,pinned,-1,3,3,7606403,4700570
262144,disjoint,4,24,pinned,0,0,0,9098047,6342249
262144,disjoint,4,24,pinned,0,0,1,8570809,5929398
262144,disjoint,4,24,pinned,0,0,2,7181689,5145553
262144,disjoint,4,24,pinned,0,0,3,8218242,6026852
262144,disjoint,4,24,pinned,0,1,0,10069818,6485521
262144,disjoint,4,24,pinned,0,1,1,7576296,5153418
262144,disjoint,4,24,pinned,0,1,2,7314490,5215997
262144,disjoint,4,24,pinned,0,1,3,9795879,5690505
262144,disjoint,4,24,pinned,0,2,0,10130783,6300140
262144,disjoint,4,24,pinned,0,2,1,7582227,5367203
262144,disjoint,4,24,pinned,0,2,2,7085366,4858209
262144,disjoint,4,24,pinned,0,2,3,8337588,6495870
262144,disjoint,4,24,pinned,0,3,0,9692683,6615747
262144,disjoint,4,24,pinned,0,3,1,7962547,5515755
262144,disjoint,4,24,pinned,0,3,2,6927237,4622193
262144,disjoint,4,24,pinned,0,3,3,8587140,6302163
262144,disjoint,4,24,unsafe_unpinned_baseline,0,0,0,6747947,6299769
262144,disjoint,4,24,unsafe_unpinned_baseline,0,0,1,6223785,5782660
262144,disjoint,4,24,unsafe_unpinned_baseline,0,0,2,5966237,5032779
262144,disjoint,4,24,unsafe_unpinned_baseline,0,0,3,2809270,2346213
262144,disjoint,4,24,unsafe_unpinned_baseline,0,1,0,6713723,6206372
262144,disjoint,4,24,unsafe_unpinned_baseline,0,1,1,6281214,5884863
262144,disjoint,4,24,unsafe_unpinned_baseline,0,1,2,2841641,1950423
262144,disjoint,4,24,unsafe_unpinned_baseline,0,1,3,3596279,3058872
262144,disjoint,4,24,unsafe_unpinned_baseline,0,2,0,5836311,5442927
262144,disjoint,4,24,unsafe_unpinned_baseline,0,2,1,6685199,6241298
262144,disjoint,4,24,unsafe_unpinned_baseline,0,2,2,2748544,2316687
262144,disjoint,4,24,unsafe_unpinned_baseline,0,2,3,3882952,3354492
262144,disjoint,4,24,unsafe_unpinned_baseline,0,3,0,6345816,5844718
262144,disjoint,4,24,unsafe_unpinned_baseline,0,3,1,6675390,6273709
262144,disjoint,4,24,unsafe_unpinned_baseline,0,3,2,6267287,5461652
262144,disjoint,4,24,unsafe_unpinned_baseline,0,3,3,2544549,2137388
262144,disjoint,4,24,unsafe_unpinned_baseline,1,0,0,7276939,6399147
262144,disjoint,4,24,unsafe_unpinned_baseline,1,0,1,6025359,5554838
262144,disjoint,4,24,unsafe_unpinned_baseline,1,0,2,7590042,7144598
262144,disjoint,4,24,unsafe_unpinned_baseline,1,0,3,4059267,3155255
262144,disjoint,4,24,unsafe_unpinned_baseline,1,1,0,7561939,6780600
262144,disjoint,4,24,unsafe_unpinned_baseline,1,1,1,5576199,5235684
262144,disjoint,4,24,unsafe_unpinned_baseline,1,1,2,7038327,6458760
262144,disjoint,4,24,unsafe_unpinned_baseline,1,1,3,4846377,4099162
262144,disjoint,4,24,unsafe_unpinned_baseline,1,2,0,7343906,6578517
262144,disjoint,4,24,unsafe_unpinned_baseline,1,2,1,5609582,5211498
262144,disjoint,4,24,unsafe_unpinned_baseline,1,2,2,8284217,7545507
262144,disjoint,4,24,unsafe_unpinned_baseline,1,2,3,3908571,3369350
262144,disjoint,4,24,unsafe_unpinned_baseline,1,3,0,7335901,6485129
262144,disjoint,4,24,unsafe_unpinned_baseline,1,3,1,5863794,5349580
262144,disjoint,4,24,unsafe_unpinned_baseline,1,3,2,5244601,4750776
262144,disjoint,4,24,unsafe_unpinned_baseline,1,3,3,3241638,2643125
262144,disjoint,4,24,pinned,1,0,0,10005987,6548730
262144,disjoint,4,24,pinned,1,0,1,6158491,4227856
262144,disjoint,4,24,pinned,1,0,2,7288932,4396194
262144,disjoint,4,24,pinned,1,0,3,6365474,4154878
262144,disjoint,4,24,pinned,1,1,0,10558393,7077541
262144,disjoint,4,24,pinned,1,1,1,5939887,4107939
262144,disjoint,4,24,pinned,1,1,2,6409106,4403919
262144,disjoint,4,24,pinned,1,1,3,6583536,4533284
262144,disjoint,4,24,pinned,1,2,0,9942376,5959955
262144,disjoint,4,24,pinned,1,2,1,5888690,3987079
262144,disjoint,4,24,pinned,1,2,2,6967013,4835045
262144,disjoint,4,24,pinned,1,2,3,3528381,1882314
262144,disjoint,4,24,pinned,1,3,0,10405483,6938789
262144,disjoint,4,24,pinned,1,3,1,6372086,3880118
262144,disjoint,4,24,pinned,1,3,2,6674578,4842950
262144,disjoint,4,24,pinned,1,3,3,5898690,3967022
262144,disjoint,4,24,pinned,2,0,0,9626809,6952736
262144,disjoint,4,24,pinned,2,0,1,9995317,6102165
262144,disjoint,4,24,pinned,2,0,2,10051944,7120594
262144,disjoint,4,24,pinned,2,0,3,12085264,7066611
262144,disjoint,4,24,pinned,2,1,0,9617521,7031575
262144,disjoint,4,24,pinned,2,1,1,9908873,5678363
262144,disjoint,4,24,pinned,2,1,2,10117098,7035371
262144,disjoint,4,24,pinned,2,1,3,12451427,7384433
262144,disjoint,4,24,pinned,2,2,0,9634443,6958737
262144,disjoint,4,24,pinned,2,2,1,9257810,5338649
262144,disjoint,4,24,pinned,2,2,2,10675846,7171650
262144,disjoint,4,24,pinned,2,2,3,12084713,7322596
262144,disjoint,4,24,pinned,2,3,0,7962998,5915141
262144,disjoint,4,24,pinned,2,3,1,10611684,7111716
262144,disjoint,4,24,pinned,2,3,2,11346725,7748171
262144,disjoint,4,24,pinned,2,3,3,11871369,7066641
262144,disjoint,4,24,unsafe_unpinned_baseline,2,0,0,8219584,7774601
262144,disjoint,4,24,unsafe_unpinned_baseline,2,0,1,6284801,4953389
262144,disjoint,4,24,unsafe_unpinned_baseline,2,0,2,5764385,5299945
262144,disjoint,4,24,unsafe_unpinned_baseline,2,0,3,8319904,7337534
262144,disjoint,4,24,unsafe_unpinned_baseline,2,1,0,8235084,7778168
262144,disjoint,4,24,unsafe_unpinned_baseline,2,1,1,6545434,6084151
262144,disjoint,4,24,unsafe_unpinned_baseline,2,1,2,5878421,5524541
262144,disjoint,4,24,unsafe_unpinned_baseline,2,1,3,7870293,7172732
262144,disjoint,4,24,unsafe_unpinned_baseline,2,2,0,8203985,7756738
262144,disjoint,4,24,unsafe_unpinned_baseline,2,2,1,5788802,5305076
262144,disjoint,4,24,unsafe_unpinned_baseline,2,2,2,6534033,5858383
262144,disjoint,4,24,unsafe_unpinned_baseline,2,2,3,7983156,7207898
262144,disjoint,4,24,unsafe_unpinned_baseline,2,3,0,8511347,8065903
262144,disjoint,4,24,unsafe_unpinned_baseline,2,3,1,6445375,6044776
262144,disjoint,4,24,unsafe_unpinned_baseline,2,3,2,5728297,5111128
262144,disjoint,4,24,unsafe_unpinned_baseline,2,3,3,7947479,7299412
262144,disjoint,4,24,unsafe_unpinned_baseline,3,0,0,11297021,9078240
262144,disjoint,4,24,unsafe_unpinned_baseline,3,0,1,7781865,6874477
262144,disjoint,4,24,unsafe_unpinned_baseline,3,0,2,6345595,5902988
262144,disjoint,4,24,unsafe_unpinned_baseline,3,0,3,6173791,5650349
262144,disjoint,4,24,unsafe_unpinned_baseline,3,1,0,10652601,9983885
262144,disjoint,4,24,unsafe_unpinned_baseline,3,1,1,8081542,7458703
262144,disjoint,4,24,unsafe_unpinned_baseline,3,1,2,6767495,6180223
262144,disjoint,4,24,unsafe_unpinned_baseline,3,1,3,5888891,5451873
262144,disjoint,4,24,unsafe_unpinned_baseline,3,2,0,10435129,8184428
262144,disjoint,4,24,unsafe_unpinned_baseline,3,2,1,8245412,7438064
262144,disjoint,4,24,unsafe_unpinned_baseline,3,2,2,6838649,6205280
262144,disjoint,4,24,unsafe_unpinned_baseline,3,2,3,6086526,5587640
262144,disjoint,4,24,unsafe_unpinned_baseline,3,3,0,10551260,9911368
262144,disjoint,4,24,unsafe_unpinned_baseline,3,3,1,8192603,7479673
262144,disjoint,4,24,unsafe_unpinned_baseline,3,3,2,6721818,6279851
262144,disjoint,4,24,unsafe_unpinned_baseline,3,3,3,5835309,5401468
262144,disjoint,4,24,pinned,3,0,0,10659454,6451125
262144,disjoint,4,24,pinned,3,0,1,11025317,7102128
262144,disjoint,4,24,pinned,3,0,2,13562090,7547362
262144,disjoint,4,24,pinned,3,0,3,9811028,6616508
262144,disjoint,4,24,pinned,3,1,0,10621202,7026826
262144,disjoint,4,24,pinned,3,1,1,11101421,7055300
262144,disjoint,4,24,pinned,3,1,2,13470578,7647351
262144,disjoint,4,24,pinned,3,1,3,9884637,6266486
262144,disjoint,4,24,pinned,3,2,0,10585204,7146822
262144,disjoint,4,24,pinned,3,2,1,11110177,6793002
262144,disjoint,4,24,pinned,3,2,2,13358334,7074926
262144,disjoint,4,24,pinned,3,2,3,9927589,6735193
262144,disjoint,4,24,pinned,3,3,0,10946839,7392728
262144,disjoint,4,24,pinned,3,3,1,10760395,7139479
262144,disjoint,4,24,pinned,3,3,2,13040322,6595108
262144,disjoint,4,24,pinned,3,3,3,10312407,7037586
262144,disjoint,4,24,pinned,4,0,0,9133695,6270643
262144,disjoint,4,24,pinned,4,0,1,7997103,5248438
262144,disjoint,4,24,pinned,4,0,2,8829038,6717630
262144,disjoint,4,24,pinned,4,0,3,9119609,7118158
262144,disjoint,4,24,pinned,4,1,0,9118747,5245021
262144,disjoint,4,24,pinned,4,1,1,8099456,5346975
262144,disjoint,4,24,pinned,4,1,2,8802418,7116215
262144,disjoint,4,24,pinned,4,1,3,8973582,6576593
262144,disjoint,4,24,pinned,4,2,0,9313175,6808042
262144,disjoint,4,24,pinned,4,2,1,7773910,5106960
262144,disjoint,4,24,pinned,4,2,2,9175665,7153997
262144,disjoint,4,24,pinned,4,2,3,8820963,7200855
262144,disjoint,4,24,pinned,4,3,0,9109780,6142692
262144,disjoint,4,24,pinned,4,3,1,8256835,5161043
262144,disjoint,4,24,pinned,4,3,2,8886687,7285175
262144,disjoint,4,24,pinned,4,3,3,9768628,7020944
262144,disjoint,4,24,unsafe_unpinned_baseline,4,0,0,5598561,4971574
262144,disjoint,4,24,unsafe_unpinned_baseline,4,0,1,7861676,7313238
262144,disjoint,4,24,unsafe_unpinned_baseline,4,0,2,6579839,6132352
262144,disjoint,4,24,unsafe_unpinned_baseline,4,0,3,9484379,8507780
262144,disjoint,4,24,unsafe_unpinned_baseline,4,1,0,5514312,4919686
262144,disjoint,4,24,unsafe_unpinned_baseline,4,1,1,8092865,7429969
262144,disjoint,4,24,unsafe_unpinned_baseline,4,1,2,7057404,6435336
262144,disjoint,4,24,unsafe_unpinned_baseline,4,1,3,8635262,8063268
262144,disjoint,4,24,unsafe_unpinned_baseline,4,2,0,5499003,5057858
262144,disjoint,4,24,unsafe_unpinned_baseline,4,2,1,7900510,7215152
262144,disjoint,4,24,unsafe_unpinned_baseline,4,2,2,6655713,6106573
262144,disjoint,4,24,unsafe_unpinned_baseline,4,2,3,9222113,8386040
262144,disjoint,4,24,unsafe_unpinned_baseline,4,3,0,5502570,5077966
262144,disjoint,4,24,unsafe_unpinned_baseline,4,3,1,7998415,7199803
262144,disjoint,4,24,unsafe_unpinned_baseline,4,3,2,7192279,6651455
262144,disjoint,4,24,unsafe_unpinned_baseline,4,3,3,8357566,7809177
262144,disjoint,4,24,unsafe_unpinned_baseline,5,0,0,5678603,5007692
262144,disjoint,4,24,unsafe_unpinned_baseline,5,0,1,6168791,5629961
262144,disjoint,4,24,unsafe_unpinned_baseline,5,0,2,6873295,6400830
262144,disjoint,4,24,unsafe_unpinned_baseline,5,0,3,7582648,6747306
262144,disjoint,4,24,unsafe_unpinned_baseline,5,1,0,5864975,5245632
262144,disjoint,4,24,unsafe_unpinned_baseline,5,1,1,5458235,4992033
262144,disjoint,4,24,unsafe_unpinned_baseline,5,1,2,7797114,7280907
262144,disjoint,4,24,unsafe_unpinned_baseline,5,1,3,7308530,6833600
262144,disjoint,4,24,unsafe_unpinned_baseline,5,2,0,5671990,5126808
262144,disjoint,4,24,unsafe_unpinned_baseline,5,2,1,6009450,5399223
262144,disjoint,4,24,unsafe_unpinned_baseline,5,2,2,7679712,7189414
262144,disjoint,4,24,unsafe_unpinned_baseline,5,2,3,7320712,6849921
262144,disjoint,4,24,unsafe_unpinned_baseline,5,3,0,5485787,4741448
262144,disjoint,4,24,unsafe_unpinned_baseline,5,3,1,6026321,5305616
262144,disjoint,4,24,unsafe_unpinned_baseline,5,3,2,7430239,6793805
262144,disjoint,4,24,unsafe_unpinned_baseline,5,3,3,7516493,6961252
262144,disjoint,4,24,pinned,5,0,0,8150683,5295177
262144,disjoint,4,24,pinned,5,0,1,7428917,4507495
262144,disjoint,4,24,pinned,5,0,2,8421176,5694273
262144,disjoint,4,24,pinned,5,0,3,7010514,3807139
262144,disjoint,4,24,pinned,5,1,0,8218963,5299255
262144,disjoint,4,24,pinned,5,1,1,7355979,4615670
262144,disjoint,4,24,pinned,5,1,2,8246355,5836291
262144,disjoint,4,24,pinned,5,1,3,7078213,4504720
262144,disjoint,4,24,pinned,5,2,0,8143300,4870462
262144,disjoint,4,24,pinned,5,2,1,7495964,4756406
262144,disjoint,4,24,pinned,5,2,2,8096702,5574656
262144,disjoint,4,24,pinned,5,2,3,7243045,4269926
262144,disjoint,4,24,pinned,5,3,0,8189087,5081412
262144,disjoint,4,24,pinned,5,3,1,7361670,3737497
262144,disjoint,4,24,pinned,5,3,2,8502871,5814740
262144,disjoint,4,24,pinned,5,3,3,6804224,4209250
262144,disjoint,16,24,pinned,-2,0,0,24404491,18259896
262144,disjoint,16,24,pinned,-2,0,1,24165328,19248398
262144,disjoint,16,24,pinned,-2,0,2,24260248,20054193
262144,disjoint,16,24,pinned,-2,0,3,32763389,29016925
262144,disjoint,16,24,pinned,-2,1,0,26310290,21114110
262144,disjoint,16,24,pinned,-2,1,1,25301059,18526401
262144,disjoint,16,24,pinned,-2,1,2,37679137,33342416
262144,disjoint,16,24,pinned,-2,1,3,19628016,14904142
262144,disjoint,16,24,pinned,-2,2,0,26106153,21184784
262144,disjoint,16,24,pinned,-2,2,1,26192947,18889568
262144,disjoint,16,24,pinned,-2,2,2,37323694,33413671
262144,disjoint,16,24,pinned,-2,2,3,19357735,13760857
262144,disjoint,16,24,pinned,-2,3,0,24378672,20008286
262144,disjoint,16,24,pinned,-2,3,1,27127727,19435742
262144,disjoint,16,24,pinned,-2,3,2,35003832,30679012
262144,disjoint,16,24,pinned,-2,3,3,22387622,18458863
262144,disjoint,16,24,pinned,-2,4,0,24398760,18395122
262144,disjoint,16,24,pinned,-2,4,1,24245429,18958690
262144,disjoint,16,24,pinned,-2,4,2,20974606,17878493
262144,disjoint,16,24,pinned,-2,4,3,22019765,19353677
262144,disjoint,16,24,pinned,-2,5,0,24367851,19314583
262144,disjoint,16,24,pinned,-2,5,1,25693532,18756456
262144,disjoint,16,24,pinned,-2,5,2,29551968,25483915
262144,disjoint,16,24,pinned,-2,5,3,24817243,19780305
262144,disjoint,16,24,pinned,-2,6,0,24360388,18245138
262144,disjoint,16,24,pinned,-2,6,1,24122177,19189046
262144,disjoint,16,24,pinned,-2,6,2,24756448,21044479
262144,disjoint,16,24,pinned,-2,6,3,36114695,28761451
262144,disjoint,16,24,pinned,-2,7,0,24338526,19400896
262144,disjoint,16,24,pinned,-2,7,1,24131625,17658527
262144,disjoint,16,24,pinned,-2,7,2,24683450,21471437
262144,disjoint,16,24,pinned,-2,7,3,33864655,29050058
262144,disjoint,16,24,pinned,-2,8,0,24351230,18385594
262144,disjoint,16,24,pinned,-2,8,1,23872864,19134292
262144,disjoint,16,24,pinned,-2,8,2,21294202,17947965
262144,disjoint,16,24,pinned,-2,8,3,22504213,19343017
262144,disjoint,16,24,pinned,-2,9,0,27956487,22362594
262144,disjoint,16,24,pinned,-2,9,1,23545083,18453232
262144,disjoint,16,24,pinned,-2,9,2,28436405,24916651
262144,disjoint,16,24,pinned,-2,9,3,27363685,20946854
262144,disjoint,16,24,pinned,-2,10,0,27922222,20991759
262144,disjoint,16,24,pinned,-2,10,1,23551817,18229749
262144,disjoint,16,24,pinned,-2,10,2,37753589,33084086
262144,disjoint,16,24,pinned,-2,10,3,19664956,14245655
262144,disjoint,16,24,pinned,-2,11,0,29637029,18967005
262144,disjoint,16,24,pinned,-2,11,1,22468305,18473520
262144,disjoint,16,24,pinned,-2,11,2,34340836,30185086
262144,disjoint,16,24,pinned,-2,11,3,22779915,18262040
262144,disjoint,16,24,pinned,-2,12,0,25911244,21199512
262144,disjoint,16,24,pinned,-2,12,1,25560730,18779590
262144,disjoint,16,24,pinned,-2,12,2,37984846,32649684
262144,disjoint,16,24,pinned,-2,12,3,19241785,14717698
262144,disjoint,16,24,pinned,-2,13,0,28072176,21585213
262144,disjoint,16,24,pinned,-2,13,1,23518414,18400272
262144,disjoint,16,24,pinned,-2,13,2,35525689,31310277
262144,disjoint,16,24,pinned,-2,13,3,21642020,16554427
262144,disjoint,16,24,pinned,-2,14,0,27903888,22076212
262144,disjoint,16,24,pinned,-2,14,1,24214431,18598066
262144,disjoint,16,24,pinned,-2,14,2,27539107,24659414
262144,disjoint,16,24,pinned,-2,14,3,25793201,21047735
262144,disjoint,16,24,pinned,-2,15,0,29156930,21286176
262144,disjoint,16,24,pinned,-2,15,1,22305146,18134709
262144,disjoint,16,24,pinned,-2,15,2,40165725,35294672
262144,disjoint,16,24,pinned,-2,15,3,17223704,14261815
262144,disjoint,16,24,unsafe_unpinned_baseline,-2,0,0,26613053,25303924
262144,disjoint,16,24,unsafe_unpinned_baseline,-2,0,1,18662068,18068774
262144,disjoint,16,24,unsafe_unpinned_baseline,-2,0,2,27501536,26925965
262144,disjoint,16,24,unsafe_unpinned_baseline,-2,0,3,24267562,23505579
262144,disjoint,16,24,unsafe_unpinned_baseline,-2,1,0,22994512,22009396
262144,disjoint,16,24,unsafe_unpinned_baseline,-2,1,1,21682136,20978995
262144,disjoint,16,24,unsafe_unpinned_baseline,-2,1,2,34501180,33643966
262144,disjoint,16,24,unsafe_unpinned_baseline,-2,1,3,19287371,18819776
262144,disjoint,16,24,unsafe_unpinned_baseline,-2,2,0,26160556,25223031
262144,disjoint,16,24,unsafe_unpinned_baseline,-2,2,1,18451058,17758246
262144,disjoint,16,24,unsafe_unpinned_baseline,-2,2,2,27833464,26945112
262144,disjoint,16,24,unsafe_unpinned_baseline,-2,2,3,24501675,23664189
262144,disjoint,16,24,unsafe_unpinned_baseline,-2,3,0,21819236,20457387
262144,disjoint,16,24,unsafe_unpinned_baseline,-2,3,1,20685619,20099389
262144,disjoint,16,24,unsafe_unpinned_baseline,-2,3,2,28126619,27546531
262144,disjoint,16,24,unsafe_unpinned_baseline,-2,3,3,23351978,22623869
262144,disjoint,16,24,unsafe_unpinned_baseline,-2,4,0,25875056,23781241
262144,disjoint,16,24,unsafe_unpinned_baseline,-2,4,1,18904727,18279123
262144,disjoint,16,24,unsafe_unpinned_baseline,-2,4,2,43969979,43589439
262144,disjoint,16,24,unsafe_unpinned_baseline,-2,4,3,10300364,9813993
262144,disjoint,16,24,unsafe_unpinned_baseline,-2,5,0,25080351,23664590
262144,disjoint,16,24,unsafe_unpinned_baseline,-2,5,1,19303522,18372809
262144,disjoint,16,24,unsafe_unpinned_baseline,-2,5,2,43789016,42756862
262144,disjoint,16,24,unsafe_unpinned_baseline,-2,5,3,10790483,9936265
262144,disjoint,16,24,unsafe_unpinned_baseline,-2,6,0,36008995,34665160
262144,disjoint,16,24,unsafe_unpinned_baseline,-2,6,1,8783091,7936879
262144,disjoint,16,24,unsafe_unpinned_baseline,-2,6,2,34075494,33603170
262144,disjoint,16,24,unsafe_unpinned_baseline,-2,6,3,19243869,18695461
262144,disjoint,16,24,unsafe_unpinned_baseline,-2,7,0,21564473,20255505
262144,disjoint,16,24,unsafe_unpinned_baseline,-2,7,1,20869196,20097576
262144,disjoint,16,24,unsafe_unpinned_baseline,-2,7,2,30164358,29641458
262144,disjoint,16,24,unsafe_unpinned_baseline,-2,7,3,25682992,24925918
262144,disjoint,16,24,unsafe_unpinned_baseline,-2,8,0,35454365,34017274
262144,disjoint,16,24,unsafe_unpinned_baseline,-2,8,1,9101975,8171223
262144,disjoint,16,24,unsafe_unpinned_baseline,-2,8,2,32636539,31645673
262144,disjoint,16,24,unsafe_unpinned_baseline,-2,8,3,21022497,20370973
262144,disjoint,16,24,unsafe_unpinned_baseline,-2,9,0,21804377,20449031
262144,disjoint,16,24,unsafe_unpinned_baseline,-2,9,1,20765150,20122993
262144,disjoint,16,24,unsafe_unpinned_baseline,-2,9,2,27924055,27483121
262144,disjoint,16,24,unsafe_unpinned_baseline,-2,9,3,23455835,22763343
262144,disjoint,16,24,unsafe_unpinned_baseline,-2,10,0,19659867,18275475
262144,disjoint,16,24,unsafe_unpinned_baseline,-2,10,1,22949005,22241145
262144,disjoint,16,24,unsafe_unpinned_baseline,-2,10,2,27269676,25611346
262144,disjoint,16,24,unsafe_unpinned_baseline,-2,10,3,27009303,25869736
262144,disjoint,16,24,unsafe_unpinned_baseline,-2,11,0,26198278,23780941
262144,disjoint,16,24,unsafe_unpinned_baseline,-2,11,1,18230831,17611208
262144,disjoint,16,24,unsafe_unpinned_baseline,-2,11,2,34471333,33567733
262144,disjoint,16,24,unsafe_unpinned_baseline,-2,11,3,19297240,18726801
262144,disjoint,16,24,unsafe_unpinned_baseline,-2,12,0,35804768,34644682
262144,disjoint,16,24,unsafe_unpinned_baseline,-2,12,1,10714048,10002610
262144,disjoint,16,24,unsafe_unpinned_baseline,-2,12,2,25516026,24998416
262144,disjoint,16,24,unsafe_unpinned_baseline,-2,12,3,24720650,23791390
262144,disjoint,16,24,unsafe_unpinned_baseline,-2,13,0,21556117,20190431
262144,disjoint,16,24,unsafe_unpinned_baseline,-2,13,1,20602852,19613098
262144,disjoint,16,24,unsafe_unpinned_baseline,-2,13,2,28084019,27270278
262144,disjoint,16,24,unsafe_unpinned_baseline,-2,13,3,26713022,25848174
262144,disjoint,16,24,unsafe_unpinned_baseline,-2,14,0,26170105,24759724
262144,disjoint,16,24,unsafe_unpinned_baseline,-2,14,1,18238576,17650763
262144,disjoint,16,24,unsafe_unpinned_baseline,-2,14,2,29298448,28419974
262144,disjoint,16,24,unsafe_unpinned_baseline,-2,14,3,24569283,24045201
262144,disjoint,16,24,unsafe_unpinned_baseline,-2,15,0,26864519,24456319
262144,disjoint,16,24,unsafe_unpinned_baseline,-2,15,1,20643680,19114735
262144,disjoint,16,24,unsafe_unpinned_baseline,-2,15,2,24687056,23981029
262144,disjoint,16,24,unsafe_unpinned_baseline,-2,15,3,24555597,23719905
262144,disjoint,16,24,unsafe_unpinned_baseline,-1,0,0,36468696,35656027
262144,disjoint,16,24,unsafe_unpinned_baseline,-1,0,1,20927688,20228874
262144,disjoint,16,24,unsafe_unpinned_baseline,-1,0,2,22863734,22342737
262144,disjoint,16,24,unsafe_unpinned_baseline,-1,0,3,20494727,20010801
262144,disjoint,16,24,unsafe_unpinned_baseline,-1,1,0,28894002,28146286
262144,disjoint,16,24,unsafe_unpinned_baseline,-1,1,1,26915646,25866509
262144,disjoint,16,24,unsafe_unpinned_baseline,-1,1,2,21617604,20799083
262144,disjoint,16,24,unsafe_unpinned_baseline,-1,1,3,23713062,22846881
262144,disjoint,16,24,unsafe_unpinned_baseline,-1,2,0,30638175,29876212
262144,disjoint,16,24,unsafe_unpinned_baseline,-1,2,1,26802031,25992277
262144,disjoint,16,24,unsafe_unpinned_baseline,-1,2,2,22566601,22088215
262144,disjoint,16,24,unsafe_unpinned_baseline,-1,2,3,22606587,21405322
262144,disjoint,16,24,unsafe_unpinned_baseline,-1,3,0,28910964,28178667
262144,disjoint,16,24,unsafe_unpinned_baseline,-1,3,1,28848025,27835979
262144,disjoint,16,24,unsafe_unpinned_baseline,-1,3,2,20536788,20011543
262144,disjoint,16,24,unsafe_unpinned_baseline,-1,3,3,24853441,24377270
262144,disjoint,16,24,unsafe_unpinned_baseline,-1,4,0,44151403,43306262
262144,disjoint,16,24,unsafe_unpinned_baseline,-1,4,1,13893097,13504892
262144,disjoint,16,24,unsafe_unpinned_baseline,-1,4,2,27777969,26968917
262144,disjoint,16,24,unsafe_unpinned_baseline,-1,4,3,16656210,15570563
262144,disjoint,16,24,unsafe_unpinned_baseline,-1,5,0,43805007,43143625
262144,disjoint,16,24,unsafe_unpinned_baseline,-1,5,1,14229404,13667561
262144,disjoint,16,24,unsafe_unpinned_baseline,-1,5,2,34269831,33464357
262144,disjoint,16,24,unsafe_unpinned_baseline,-1,5,3,10698317,10161571
262144,disjoint,16,24,unsafe_unpinned_baseline,-1,6,0,28964375,28263288
262144,disjoint,16,24,unsafe_unpinned_baseline,-1,6,1,26808613,25850078
262144,disjoint,16,24,unsafe_unpinned_baseline,-1,6,2,21656297,20864528
262144,disjoint,16,24,unsafe_unpinned_baseline,-1,6,3,23565392,22721013
262144,disjoint,16,24,unsafe_unpinned_baseline,-1,7,0,26423944,25698000
262144,disjoint,16,24,unsafe_unpinned_baseline,-1,7,1,29534956,28799713
262144,disjoint,16,24,unsafe_unpinned_baseline,-1,7,2,21486235,20905225
262144,disjoint,16,24,unsafe_unpinned_baseline,-1,7,3,23150297,22311218
262144,disjoint,16,24,unsafe_unpinned_baseline,-1,8,0,30432766,29695911
262144,disjoint,16,24,unsafe_unpinned_baseline,-1,8,1,25005239,24473632
262144,disjoint,16,24,unsafe_unpinned_baseline,-1,8,2,21904868,21091047
262144,disjoint,16,24,unsafe_unpinned_baseline,-1,8,3,23559651,22743115
262144,disjoint,16,24,unsafe_unpinned_baseline,-1,9,0,30673302,29952497
262144,disjoint,16,24,unsafe_unpinned_baseline,-1,9,1,27359547,26526960
262144,disjoint,16,24,unsafe_unpinned_baseline,-1,9,2,33770015,33006510
262144,disjoint,16,24,unsafe_unpinned_baseline,-1,9,3,11085210,10171450
262144,disjoint,16,24,unsafe_unpinned_baseline,-1,10,0,26525347,25860057
262144,disjoint,16,24,unsafe_unpinned_baseline,-1,10,1,29356187,28797640
262144,disjoint,16,24,unsafe_unpinned_baseline,-1,10,2,29867145,29246028
262144,disjoint,16,24,unsafe_unpinned_baseline,-1,10,3,16594472,15510129
262144,disjoint,16,24,unsafe_unpinned_baseline,-1,11,0,30346502,29738502
262144,disjoint,16,24,unsafe_unpinned_baseline,-1,11,1,24483421,23717611
262144,disjoint,16,24,unsafe_unpinned_baseline,-1,11,2,30889661,29553040
262144,disjoint,16,24,unsafe_unpinned_baseline,-1,11,3,16691065,15555415
262144,disjoint,16,24,unsafe_unpinned_baseline,-1,12,0,43734633,43079133
262144,disjoint,16,24,unsafe_unpinned_baseline,-1,12,1,14148731,13584573
262144,disjoint,16,24,unsafe_unpinned_baseline,-1,12,2,21905479,21064177
262144,disjoint,16,24,unsafe_unpinned_baseline,-1,12,3,20947986,20360233
262144,disjoint,16,24,unsafe_unpinned_baseline,-1,13,0,30537404,29874800
262144,disjoint,16,24,unsafe_unpinned_baseline,-1,13,1,26760082,25994803
262144,disjoint,16,24,unsafe_unpinned_baseline,-1,13,2,22752373,22221868
262144,disjoint,16,24,unsafe_unpinned_baseline,-1,13,3,22301769,21726510
262144,disjoint,16,24,unsafe_unpinned_baseline,-1,14,0,30521544,29819414
262144,disjoint,16,24,unsafe_unpinned_baseline,-1,14,1,24532363,23742969
262144,disjoint,16,24,unsafe_unpinned_baseline,-1,14,2,22157326,21196787
262144,disjoint,16,24,unsafe_unpinned_baseline,-1,14,3,23657566,22807306
262144,disjoint,16,24,unsafe_unpinned_baseline,-1,15,0,42792670,41278212
262144,disjoint,16,24,unsafe_unpinned_baseline,-1,15,1,15171949,14668685
262144,disjoint,16,24,unsafe_unpinned_baseline,-1,15,2,32377508,31627127
262144,disjoint,16,24,unsafe_unpinned_baseline,-1,15,3,12349194,11614312
262144,disjoint,16,24,pinned,-1,0,0,28124645,22777761
262144,disjoint,16,24,pinned,-1,0,1,30065120,24409290
262144,disjoint,16,24,pinned,-1,0,2,33803418,27112048
262144,disjoint,16,24,pinned,-1,0,3,30273895,25648156
262144,disjoint,16,24,pinned,-1,1,0,29617903,22801055
262144,disjoint,16,24,pinned,-1,1,1,30284125,24377210
262144,disjoint,16,24,pinned,-1,1,2,32788977,27241864
262144,disjoint,16,24,pinned,-1,1,3,29700860,24339568
262144,disjoint,16,24,pinned,-1,2,0,29142212,22892648
262144,disjoint,16,24,pinned,-1,2,1,28016190,21604489
262144,disjoint,16,24,pinned,-1,2,2,34457236,28943355
262144,disjoint,16,24,pinned,-1,2,3,28704303,23944099
262144,disjoint,16,24,pinned,-1,3,0,28342739,23981840
262144,disjoint,16,24,pinned,-1,3,1,28913909,23032904
262144,disjoint,16,24,pinned,-1,3,2,33946008,27475386
262144,disjoint,16,24,pinned,-1,3,3,29559282,25096842
262144,disjoint,16,24,pinned,-1,4,0,29064865,22709011
262144,disjoint,16,24,pinned,-1,4,1,29093319,23372407
262144,disjoint,16,24,pinned,-1,4,2,34129215,28317040
262144,disjoint,16,24,pinned,-1,4,3,30878540,26843690
262144,disjoint,16,24,pinned,-1,5,0,25474828,20695408
262144,disjoint,16,24,pinned,-1,5,1,9927228,6502513
262144,disjoint,16,24,pinned,-1,5,2,22790475,20406661
262144,disjoint,16,24,pinned,-1,5,3,33681227,27261872
262144,disjoint,16,24,pinned,-1,6,0,28294267,22189126
262144,disjoint,16,24,pinned,-1,6,1,29021063,22930691
262144,disjoint,16,24,pinned,-1,6,2,29946415,25770327
262144,disjoint,16,24,pinned,-1,6,3,34777944,26356347
262144,disjoint,16,24,pinned,-1,7,0,28138752,23291022
262144,disjoint,16,24,pinned,-1,7,1,29517964,24442473
262144,disjoint,16,24,pinned,-1,7,2,29892593,25757172
262144,disjoint,16,24,pinned,-1,7,3,33215355,27129641
262144,disjoint,16,24,pinned,-1,8,0,24113490,18989858
262144,disjoint,16,24,pinned,-1,8,1,10224530,7130011
262144,disjoint,16,24,pinned,-1,8,2,24813846,21881053
262144,disjoint,16,24,pinned,-1,8,3,32533473,27491607
262144,disjoint,16,24,pinned,-1,9,0,25590727,20285312
262144,disjoint,16,24,pinned,-1,9,1,26266566,20899494
262144,disjoint,16,24,pinned,-1,9,2,18008650,13826521
262144,disjoint,16,24,pinned,-1,9,3,21043337,16727064
262144,disjoint,16,24,pinned,-1,10,0,24238096,18848190
262144,disjoint,16,24,pinned,-1,10,1,10250280,7268022
262144,disjoint,16,24,pinned,-1,10,2,22846991,20088388
262144,disjoint,16,24,pinned,-1,10,3,34484528,29591112
262144,disjoint,16,24,pinned,-1,11,0,29467849,22716915
262144,disjoint,16,24,pinned,-1,11,1,28740842,21396896
262144,disjoint,16,24,pinned,-1,11,2,34271064,28099638
262144,disjoint,16,24,pinned,-1,11,3,30509972,24785873
262144,disjoint,16,24,pinned,-1,12,0,28832266,23169763
262144,disjoint,16,24,pinned,-1,12,1,29822480,24500323
262144,disjoint,16,24,pinned,-1,12,2,33214353,27999788
262144,disjoint,16,24,pinned,-1,12,3,30381138,25733738
262144,disjoint,16,24,pinned,-1,13,0,28210037,23524013
262144,disjoint,16,24,pinned,-1,13,1,29056048,23722680
262144,disjoint,16,24,pinned,-1,13,2,33503711,27569084
262144,disjoint,16,24,pinned,-1,13,3,29856935,23956252
262144,disjoint,16,24,pinned,-1,14,0,25264360,21073323
262144,disjoint,16,24,pinned,-1,14,1,30867840,22542655
262144,disjoint,16,24,pinned,-1,14,2,35594600,29021544
262144,disjoint,16,24,pinned,-1,14,3,30450921,24625048
262144,disjoint,16,24,pinned,-1,15,0,28174440,23369722
262144,disjoint,16,24,pinned,-1,15,1,29027665,23002647
262144,disjoint,16,24,pinned,-1,15,2,29786282,25249371
262144,disjoint,16,24,pinned,-1,15,3,35148866,27159167
262144,disjoint,16,24,pinned,0,0,0,38928433,28106911
262144,disjoint,16,24,pinned,0,0,1,43917279,35341881
262144,disjoint,16,24,pinned,0,0,2,43737028,38243155
262144,disjoint,16,24,pinned,0,0,3,20675791,16643575
262144,disjoint,16,24,pinned,0,1,0,38963600,27346582
262144,disjoint,16,24,pinned,0,1,1,39600034,32517043
262144,disjoint,16,24,pinned,0,1,2,36109645,29235208
262144,disjoint,16,24,pinned,0,1,3,31901838,27865825
262144,disjoint,16,24,pinned,0,2,0,39124424,28132200
262144,disjoint,16,24,pinned,0,2,1,39845759,30402138
262144,disjoint,16,24,pinned,0,2,2,35640687,29178461
262144,disjoint,16,24,pinned,0,2,3,26362308,22037248
262144,disjoint,16,24,pinned,0,3,0,33283904,24046944
262144,disjoint,16,24,pinned,0,3,1,14435855,6816236
262144,disjoint,16,24,pinned,0,3,2,35380806,29853739
262144,disjoint,16,24,pinned,0,3,3,47830870,41513869
262144,disjoint,16,24,pinned,0,4,0,38791263,28106672
262144,disjoint,16,24,pinned,0,4,1,39587000,32454364
262144,disjoint,16,24,pinned,0,4,2,34580801,29598506
262144,disjoint,16,24,pinned,0,4,3,29875150,25386561
262144,disjoint,16,24,pinned,0,5,0,38989579,27981985
262144,disjoint,16,24,pinned,0,5,1,35632311,27083023
262144,disjoint,16,24,pinned,0,5,2,26622811,22818949
262144,disjoint,16,24,pinned,0,5,3,28838016,23583195
262144,disjoint,16,24,pinned,0,6,0,38804158,27625930
262144,disjoint,16,24,pinned,0,6,1,42458567,33153457
262144,disjoint,16,24,pinned,0,6,2,46562899,38100555
262144,disjoint,16,24,pinned,0,6,3,19534300,16652252
262144,disjoint,16,24,pinned,0,7,0,38778759,27866065
262144,disjoint,16,24,pinned,0,7,1,30291639,22825050
262144,disjoint,16,24,pinned,0,7,2,32167551,27582689
262144,disjoint,16,24,pinned,0,7,3,27203320,21646298
262144,disjoint,16,24,pinned,0,8,0,38939764,28736514
262144,disjoint,16,24,pinned,0,8,1,42461122,32728352
262144,disjoint,16,24,pinned,0,8,2,44753804,38428566
262144,disjoint,16,24,pinned,0,8,3,20325728,17146097
262144,disjoint,16,24,pinned,0,9,0,38760595,28456002
262144,disjoint,16,24,pinned,0,9,1,42690827,35130210
262144,disjoint,16,24,pinned,0,9,2,44708187,37424926
262144,disjoint,16,24,pinned,0,9,3,20623221,17024857
262144,disjoint,16,24,pinned,0,10,0,38704639,28022753
262144,disjoint,16,24,pinned,0,10,1,41374194,34302494
262144,disjoint,16,24,pinned,0,10,2,46014190,38643914
262144,disjoint,16,24,pinned,0,10,3,20898001,17184880
262144,disjoint,16,24,pinned,0,11,0,38854954,27416555
262144,disjoint,16,24,pinned,0,11,1,36631764,29577998
262144,disjoint,16,24,pinned,0,11,2,25634080,20318273
262144,disjoint,16,24,pinned,0,11,3,28734099,23889626
262144,disjoint,16,24,pinned,0,12,0,38803376,28099487
262144,disjoint,16,24,pinned,0,12,1,42566060,34434293
262144,disjoint,16,24,pinned,0,12,2,48991909,40971532
262144,disjoint,16,24,pinned,0,12,3,17643128,14549611
262144,disjoint,16,24,pinned,0,13,0,38657229,28329714
262144,disjoint,16,24,pinned,0,13,1,41469905,33882899
262144,disjoint,16,24,pinned,0,13,2,38252092,31902089
262144,disjoint,16,24,pinned,0,13,3,28041378,24659033
262144,disjoint,16,24,pinned,0,14,0,32222505,22904711
262144,disjoint,16,24,pinned,0,14,1,15346439,8431836
262144,disjoint,16,24,pinned,0,14,2,33761610,30347955
262144,disjoint,16,24,pinned,0,14,3,49302757,41794069
262144,disjoint,16,24,pinned,0,15,0,38849774,26829833
262144,disjoint,16,24,pinned,0,15,1,42452265,33601776
262144,disjoint,16,24,pinned,0,15,2,44722825,37182377
262144,disjoint,16,24,pinned,0,15,3,21143336,16887187
262144,disjoint,16,24,unsafe_unpinned_baseline,0,0,0,31211130,30526794
262144,disjoint,16,24,unsafe_unpinned_baseline,0,0,1,27914097,27338688
262144,disjoint,16,24,unsafe_unpinned_baseline,0,0,2,26319346,25657654
262144,disjoint,16,24,unsafe_unpinned_baseline,0,0,3,22302080,21659453
262144,disjoint,16,24,unsafe_unpinned_baseline,0,1,0,34969286,34291242
262144,disjoint,16,24,unsafe_unpinned_baseline,0,1,1,25589775,24984749
262144,disjoint,16,24,unsafe_unpinned_baseline,0,1,2,26706550,24403549
262144,disjoint,16,24,unsafe_unpinned_baseline,0,1,3,23695789,22997748
262144,disjoint,16,24,unsafe_unpinned_baseline,0,2,0,35065368,34287064
262144,disjoint,16,24,unsafe_unpinned_baseline,0,2,1,25384617,24837160
262144,disjoint,16,24,unsafe_unpinned_baseline,0,2,2,26797843,24349296
262144,disjoint,16,24,unsafe_unpinned_baseline,0,2,3,22661280,22091411
262144,disjoint,16,24,unsafe_unpinned_baseline,0,3,0,32346680,31275842
262144,disjoint,16,24,unsafe_unpinned_baseline,0,3,1,31246537,30529599
262144,disjoint,16,24,unsafe_unpinned_baseline,0,3,2,36392752,35885111
262144,disjoint,16,24,unsafe_unpinned_baseline,0,3,3,10664063,9675861
262144,disjoint,16,24,unsafe_unpinned_baseline,0,4,0,48653738,46359484
262144,disjoint,16,24,unsafe_unpinned_baseline,0,4,1,14862002,14311980
262144,disjoint,16,24,unsafe_unpinned_baseline,0,4,2,30084998,29634634
262144,disjoint,16,24,unsafe_unpinned_baseline,0,4,3,16300626,15689319
262144,disjoint,16,24,unsafe_unpinned_baseline,0,5,0,35258042,34463148
262144,disjoint,16,24,unsafe_unpinned_baseline,0,5,1,24673831,23856904
262144,disjoint,16,24,unsafe_unpinned_baseline,0,5,2,26015762,25432929
262144,disjoint,16,24,unsafe_unpinned_baseline,0,5,3,23209950,22641483
262144,disjoint,16,24,unsafe_unpinned_baseline,0,6,0,46436369,45675649
262144,disjoint,16,24,unsafe_unpinned_baseline,0,6,1,16354308,15697484
262144,disjoint,16,24,unsafe_unpinned_baseline,0,6,2,23908853,23460734
262144,disjoint,16,24,unsafe_unpinned_baseline,0,6,3,22177284,21615209
262144,disjoint,16,24,unsafe_unpinned_baseline,0,7,0,48267196,47626122
262144,disjoint,16,24,unsafe_unpinned_baseline,0,7,1,15022996,14348008
262144,disjoint,16,24,unsafe_unpinned_baseline,0,7,2,36221256,35767377
262144,disjoint,16,24,unsafe_unpinned_baseline,0,7,3,10993657,9515147
262144,disjoint,16,24,unsafe_unpinned_baseline,0,8,0,34833238,34174131
262144,disjoint,16,24,unsafe_unpinned_baseline,0,8,1,25484506,24912433
262144,disjoint,16,24,unsafe_unpinned_baseline,0,8,2,26344144,23824663
262144,disjoint,16,24,unsafe_unpinned_baseline,0,8,3,22383564,21854443
262144,disjoint,16,24,unsafe_unpinned_baseline,0,9,0,31147178,30535761
262144,disjoint,16,24,unsafe_unpinned_baseline,0,9,1,29384541,28735642
262144,disjoint,16,24,unsafe_unpinned_baseline,0,9,2,26615006,24367040
262144,disjoint,16,24,unsafe_unpinned_baseline,0,9,3,21850305,21360276
262144,disjoint,16,24,unsafe_unpinned_baseline,0,10,0,31065604,30523538
262144,disjoint,16,24,unsafe_unpinned_baseline,0,10,1,27906923,27249608
262144,disjoint,16,24,unsafe_unpinned_baseline,0,10,2,25987318,25413843
262144,disjoint,16,24,unsafe_unpinned_baseline,0,10,3,22389305,21530078
262144,disjoint,16,24,unsafe_unpinned_baseline,0,11,0,33948793,33244469
262144,disjoint,16,24,unsafe_unpinned_baseline,0,11,1,26266287,25729480
262144,disjoint,16,24,unsafe_unpinned_baseline,0,11,2,26270654,23709525
262144,disjoint,16,24,unsafe_unpinned_baseline,0,11,3,22563294,21937480
262144,disjoint,16,24,unsafe_unpinned_baseline,0,12,0,30444889,29964540
262144,disjoint,16,24,unsafe_unpinned_baseline,0,12,1,27006649,25985645
262144,disjoint,16,24,unsafe_unpinned_baseline,0,12,2,27886544,26698725
262144,disjoint,16,24,unsafe_unpinned_baseline,0,12,3,22268186,21550026
262144,disjoint,16,24,unsafe_unpinned_baseline,0,13,0,48624282,46467810
262144,disjoint,16,24,unsafe_unpinned_baseline,0,13,1,29177129,28444832
262144,disjoint,16,24,unsafe_unpinned_baseline,0,13,2,15569422,14721426
262144,disjoint,16,24,unsafe_unpinned_baseline,0,13,3,16005727,15513756
262144,disjoint,16,24,unsafe_unpinned_baseline,0,14,0,30476228,29736427
262144,disjoint,16,24,unsafe_unpinned_baseline,0,14,1,28453768,27438256
262144,disjoint,16,24,unsafe_unpinned_baseline,0,14,2,26173421,25544720
262144,disjoint,16,24,unsafe_unpinned_baseline,0,14,3,22583052,21917683
262144,disjoint,16,24,unsafe_unpinned_baseline,0,15,0,34968635,34363870
262144,disjoint,16,24,unsafe_unpinned_baseline,0,15,1,25250503,24690383
262144,disjoint,16,24,unsafe_unpinned_baseline,0,15,2,26809896,24410773
262144,disjoint,16,24,unsafe_unpinned_baseline,0,15,3,22648977,22088976
262144,disjoint,16,24,unsafe_unpinned_baseline,1,0,0,25940680,25055504
262144,disjoint,16,24,unsafe_unpinned_baseline,1,0,1,26254173,25287343
262144,disjoint,16,24,unsafe_unpinned_baseline,1,0,2,23080444,22570969
262144,disjoint,16,24,unsafe_unpinned_baseline,1,0,3,28555551,27390546
262144,disjoint,16,24,unsafe_unpinned_baseline,1,1,0,26436840,25310287
262144,disjoint,16,24,unsafe_unpinned_baseline,1,1,1,25335895,24446280
262144,disjoint,16,24,unsafe_unpinned_baseline,1,1,2,20743178,20119677
262144,disjoint,16,24,unsafe_unpinned_baseline,1,1,3,26638632,25740591
262144,disjoint,16,24,unsafe_unpinned_baseline,1,2,0,26451598,25349300
262144,disjoint,16,24,unsafe_unpinned_baseline,1,2,1,27781726,26614325
262144,disjoint,16,24,unsafe_unpinned_baseline,1,2,2,21060289,20618903
262144,disjoint,16,24,unsafe_unpinned_baseline,1,2,3,28500297,27466650
262144,disjoint,16,24,unsafe_unpinned_baseline,1,3,0,22628738,21775362
262144,disjoint,16,24,unsafe_unpinned_baseline,1,3,1,29778817,28807939
262144,disjoint,16,24,unsafe_unpinned_baseline,1,3,2,22854806,22413802
262144,disjoint,16,24,unsafe_unpinned_baseline,1,3,3,28426177,27380126
262144,disjoint,16,24,unsafe_unpinned_baseline,1,4,0,26436720,25274779
262144,disjoint,16,24,unsafe_unpinned_baseline,1,4,1,27753091,26612562
262144,disjoint,16,24,unsafe_unpinned_baseline,1,4,2,21040892,20598915
262144,disjoint,16,24,unsafe_unpinned_baseline,1,4,3,28464008,27464225
262144,disjoint,16,24,unsafe_unpinned_baseline,1,5,0,26190634,25134253
262144,disjoint,16,24,unsafe_unpinned_baseline,1,5,1,27965364,26841005
262144,disjoint,16,24,unsafe_unpinned_baseline,1,5,2,19265771,18727181
262144,disjoint,16,24,unsafe_unpinned_baseline,1,5,3,30145722,29370094
262144,disjoint,16,24,unsafe_unpinned_baseline,1,6,0,26251549,25161585
262144,disjoint,16,24,unsafe_unpinned_baseline,1,6,1,25661381,24657761
262144,disjoint,16,24,unsafe_unpinned_baseline,1,6,2,20469089,19910000
262144,disjoint,16,24,unsafe_unpinned_baseline,1,6,3,26958026,25973822
262144,disjoint,16,24,unsafe_unpinned_baseline,1,7,0,22610685,21622934
262144,disjoint,16,24,unsafe_unpinned_baseline,1,7,1,28023975,27106137
262144,disjoint,16,24,unsafe_unpinned_baseline,1,7,2,21681955,21063815
262144,disjoint,16,24,unsafe_unpinned_baseline,1,7,3,31613662,30523268
262144,disjoint,16,24,unsafe_unpinned_baseline,1,8,0,22561301,21796052
262144,disjoint,16,24,unsafe_unpinned_baseline,1,8,1,29786092,28815483
262144,disjoint,16,24,unsafe_unpinned_baseline,1,8,2,24057775,23493766
262144,disjoint,16,24,unsafe_unpinned_baseline,1,8,3,27778390,26981441
262144,disjoint,16,24,unsafe_unpinned_baseline,1,9,0,26062631,25286491
262144,disjoint,16,24,unsafe_unpinned_baseline,1,9,1,25947573,25293134
262144,disjoint,16,24,unsafe_unpinned_baseline,1,9,2,20466534,19945147
262144,disjoint,16,24,unsafe_unpinned_baseline,1,9,3,26771813,25948425
262144,disjoint,16,24,unsafe_unpinned_baseline,1,10,0,25989482,25077305
262144,disjoint,16,24,unsafe_unpinned_baseline,1,10,1,25832194,25250403
262144,disjoint,16,24,unsafe_unpinned_baseline,1,10,2,23194601,22520824
262144,disjoint,16,24,unsafe_unpinned_baseline,1,10,3,25156175,24178253
262144,disjoint,16,24,unsafe_unpinned_baseline,1,11,0,38160519,37106824
262144,disjoint,16,24,unsafe_unpinned_baseline,1,11,1,15743812,14800896
262144,disjoint,16,24,unsafe_unpinned_baseline,1,11,2,21225592,20698844
262144,disjoint,16,24,unsafe_unpinned_baseline,1,11,3,28674506,27621744
262144,disjoint,16,24,unsafe_unpinned_baseline,1,12,0,26360835,25408011
262144,disjoint,16,24,unsafe_unpinned_baseline,1,12,1,27742832,26479961
262144,disjoint,16,24,unsafe_unpinned_baseline,1,12,2,19169038,18662889
262144,disjoint,16,24,unsafe_unpinned_baseline,1,12,3,30155711,28989954
262144,disjoint,16,24,unsafe_unpinned_baseline,1,13,0,38413417,37506861
262144,disjoint,16,24,unsafe_unpinned_baseline,1,13,1,15500501,14916014
262144,disjoint,16,24,unsafe_unpinned_baseline,1,13,2,23857355,23149284
262144,disjoint,16,24,unsafe_unpinned_baseline,1,13,3,25688002,25152237
262144,disjoint,16,24,unsafe_unpinned_baseline,1,14,0,22490847,21580283
262144,disjoint,16,24,unsafe_unpinned_baseline,1,14,1,29661205,28823649
262144,disjoint,16,24,unsafe_unpinned_baseline,1,14,2,23258612,22821603
262144,disjoint,16,24,unsafe_unpinned_baseline,1,14,3,27857900,27206317
262144,disjoint,16,24,unsafe_unpinned_baseline,1,15,0,22309213,21590152
262144,disjoint,16,24,unsafe_unpinned_baseline,1,15,1,29641047,28836934
262144,disjoint,16,24,unsafe_unpinned_baseline,1,15,2,23558889,23099690
262144,disjoint,16,24,unsafe_unpinned_baseline,1,15,3,27707476,26965550
262144,disjoint,16,24,pinned,1,0,0,31565360,27362031
262144,disjoint,16,24,pinned,1,0,1,34773846,31989724
262144,disjoint,16,24,pinned,1,0,2,20789215,17867073
262144,disjoint,16,24,pinned,1,0,3,27065660,24392238
262144,disjoint,16,24,pinned,1,1,0,31080322,26834222
262144,disjoint,16,24,pinned,1,1,1,35219039,32310001
262144,disjoint,16,24,pinned,1,1,2,26224718,24180387
262144,disjoint,16,24,pinned,1,1,3,20933810,17523601
262144,disjoint,16,24,pinned,1,2,0,27395314,22173406
262144,disjoint,16,24,pinned,1,2,1,29682355,25783162
262144,disjoint,16,24,pinned,1,2,2,23649361,20351497
262144,disjoint,16,24,pinned,1,2,3,27732663,25252908
262144,disjoint,16,24,pinned,1,3,0,27349367,22595996
262144,disjoint,16,24,pinned,1,3,1,29676474,25664807
262144,disjoint,16,24,pinned,1,3,2,23655062,19910251
262144,disjoint,16,24,pinned,1,3,3,31091073,27906312
262144,disjoint,16,24,pinned,1,4,0,27341252,22410615
262144,disjoint,16,24,pinned,1,4,1,29619857,26195652
262144,disjoint,16,24,pinned,1,4,2,23687032,20223384
262144,disjoint,16,24,pinned,1,4,3,28157498,24523126
262144,disjoint,16,24,pinned,1,5,0,28404566,22416988
262144,disjoint,16,24,pinned,1,5,1,32638582,29657138
262144,disjoint,16,24,pinned,1,5,2,22951039,19678502
262144,disjoint,16,24,pinned,1,5,3,27822102,24354025
262144,disjoint,16,24,pinned,1,6,0,31857754,27373684
262144,disjoint,16,24,pinned,1,6,1,31841012,28957823
262144,disjoint,16,24,pinned,1,6,2,28767032,26823502
262144,disjoint,16,24,pinned,1,6,3,21110874,18324729
262144,disjoint,16,24,pinned,1,7,0,29613765,24079395
262144,disjoint,16,24,pinned,1,7,1,31967922,28299517
262144,disjoint,16,24,pinned,1,7,2,22212691,19571279
262144,disjoint,16,24,pinned,1,7,3,28106821,24170147
262144,disjoint,16,24,pinned,1,8,0,28976278,24779551
262144,disjoint,16,24,pinned,1,8,1,32822461,28888522
262144,disjoint,16,24,pinned,1,8,2,26767335,24329008
262144,disjoint,16,24,pinned,1,8,3,26139457,23652958
262144,disjoint,16,24,pinned,1,9,0,27263996,22737054
262144,disjoint,16,24,pinned,1,9,1,29619736,26172278
262144,disjoint,16,24,pinned,1,9,2,23849901,20118335
262144,disjoint,16,24,pinned,1,9,3,27723747,25120928
262144,disjoint,16,24,pinned,1,10,0,29679088,24884160
262144,disjoint,16,24,pinned,1,10,1,34408905,31316790
262144,disjoint,16,24,pinned,1,10,2,19835489,17543539
262144,disjoint,16,24,pinned,1,10,3,29984917,26909925
262144,disjoint,16,24,pinned,1,11,0,27210404,22650840
262144,disjoint,16,24,pinned,1,11,1,29619316,26014339
262144,disjoint,16,24,pinned,1,11,2,23791119,20716738
262144,disjoint,16,24,pinned,1,11,3,31112333,27877347
262144,disjoint,16,24,pinned,1,12,0,27937922,23532169
262144,disjoint,16,24,pinned,1,12,1,32418776,28990275
262144,disjoint,16,24,pinned,1,12,2,23541116,20257629
262144,disjoint,16,24,pinned,1,12,3,27290435,23990858
262144,disjoint,16,24,pinned,1,13,0,31737927,26734192
262144,disjoint,16,24,pinned,1,13,1,36375028,33952681
262144,disjoint,16,24,pinned,1,13,2,18680052,16366771
262144,disjoint,16,24,pinned,1,13,3,25935220,23242070
262144,disjoint,16,24,pinned,1,14,0,29808624,25272645
262144,disjoint,16,24,pinned,1,14,1,31571021,28096482
262144,disjoint,16,24,pinned,1,14,2,26035890,23313745
262144,disjoint,16,24,pinned,1,14,3,26541488,23951964
262144,disjoint,16,24,pinned,1,15,0,31448128,26286314
262144,disjoint,16,24,pinned,1,15,1,37972823,35172611
262144,disjoint,16,24,pinned,1,15,2,27583180,25082856
262144,disjoint,16,24,pinned,1,15,3,17902840,15442712
262144,disjoint,16,24,pinned,2,0,0,35653051,29536168
262144,disjoint,16,24,pinned,2,0,1,27802345,22169940
262144,disjoint,16,24,pinned,2,0,2,29022926,26488828
262144,disjoint,16,24,pinned,2,0,3,22285008,20007656
262144,disjoint,16,24,pinned,2,1,0,27284264,23336960
262144,disjoint,16,24,pinned,2,1,1,32314018,27575265
262144,disjoint,16,24,pinned,2,1,2,25405847,22990153
262144,disjoint,16,24,pinned,2,1,3,25873864,23361386
262144,disjoint,16,24,pinned,2,2,0,33619110,28465280
262144,disjoint,16,24,pinned,2,2,1,27590344,23169944
262144,disjoint,16,24,pinned,2,2,2,30431404,26023106
262144,disjoint,16,24,pinned,2,2,3,21739966,19388874
262144,disjoint,16,24,pinned,2,3,0,36128511,26774428
262144,disjoint,16,24,pinned,2,3,1,27299142,22062386
262144,disjoint,16,24,pinned,2,3,2,28503372,24976755
262144,disjoint,16,24,pinned,2,3,3,22471862,19861519
262144,disjoint,16,24,pinned,2,4,0,33662592,26694568
262144,disjoint,16,24,pinned,2,4,1,27626953,21081630
262144,disjoint,16,24,pinned,2,4,2,24322095,21936468
262144,disjoint,16,24,pinned,2,4,3,27728676,24935597
262144,disjoint,16,24,pinned,2,5,0,27264076,23617882
262144,disjoint,16,24,pinned,2,5,1,31812839,26344074
262144,disjoint,16,24,pinned,2,5,2,24264796,21288852
262144,disjoint,16,24,pinned,2,5,3,25768814,23112174
262144,disjoint,16,24,pinned,2,6,0,28590668,25302722
262144,disjoint,16,24,pinned,2,6,1,32574040,26419596
262144,disjoint,16,24,pinned,2,6,2,25005880,22368306
262144,disjoint,16,24,pinned,2,6,3,27218840,24224580
262144,disjoint,16,24,pinned,2,7,0,27205104,23369171
262144,disjoint,16,24,pinned,2,7,1,31869527,26380643
262144,disjoint,16,24,pinned,2,7,2,25838887,23537178
262144,disjoint,16,24,pinned,2,7,3,26424015,23108177
262144,disjoint,16,24,pinned,2,8,0,35694409,29636237
262144,disjoint,16,24,pinned,2,8,1,27615000,21961315
262144,disjoint,16,24,pinned,2,8,2,28249902,24770785
262144,disjoint,16,24,pinned,2,8,3,21831058,19456582
262144,disjoint,16,24,pinned,2,9,0,33374977,27098252
262144,disjoint,16,24,pinned,2,9,1,27829156,23229155
262144,disjoint,16,24,pinned,2,9,2,24880312,22247927
262144,disjoint,16,24,pinned,2,9,3,27387881,23964027
262144,disjoint,16,24,pinned,2,10,0,33631813,29071127
262144,disjoint,16,24,pinned,2,10,1,27941418,21063094
262144,disjoint,16,24,pinned,2,10,2,29491754,26060006
262144,disjoint,16,24,pinned,2,10,3,22533428,19411316
262144,disjoint,16,24,pinned,2,11,0,27193863,23639853
262144,disjoint,16,24,pinned,2,11,1,32560184,26298127
262144,disjoint,16,24,pinned,2,11,2,24077762,20725986
262144,disjoint,16,24,pinned,2,11,3,25549850,22571400
262144,disjoint,16,24,pinned,2,12,0,30526113,25656552
262144,disjoint,16,24,pinned,2,12,1,31090962,24500603
262144,disjoint,16,24,pinned,2,12,2,27947830,25530073
262144,disjoint,16,24,pinned,2,12,3,22245563,18730137
262144,disjoint,16,24,pinned,2,13,0,35489801,29021925
262144,disjoint,16,24,pinned,2,13,1,27343065,21684340
262144,disjoint,16,24,pinned,2,13,2,28875066,24951406
262144,disjoint,16,24,pinned,2,13,3,21599931,19286550
262144,disjoint,16,24,pinned,2,14,0,35788347,29500561
262144,disjoint,16,24,pinned,2,14,1,27618246,22465569
262144,disjoint,16,24,pinned,2,14,2,28408814,24780954
262144,disjoint,16,24,pinned,2,14,3,22412790,19828316
262144,disjoint,16,24,pinned,2,15,0,27186980,23499217
262144,disjoint,16,24,pinned,2,15,1,32300984,27534177
262144,disjoint,16,24,pinned,2,15,2,23618543,20621848
262144,disjoint,16,24,pinned,2,15,3,26241830,22963513
262144,disjoint,16,24,unsafe_unpinned_baseline,2,0,0,28906616,27562581
262144,disjoint,16,24,unsafe_unpinned_baseline,2,0,1,23482705,22972560
262144,disjoint,16,24,unsafe_unpinned_baseline,2,0,2,29336019,28687872
262144,disjoint,16,24,unsafe_unpinned_baseline,2,0,3,25434141,24774331
262144,disjoint,16,24,unsafe_unpinned_baseline,2,1,0,25626555,24097179
262144,disjoint,16,24,unsafe_unpinned_baseline,2,1,1,25754307,24912122
262144,disjoint,16,24,unsafe_unpinned_baseline,2,1,2,24360378,23809224
262144,disjoint,16,24,unsafe_unpinned_baseline,2,1,3,29041261,28407731
262144,disjoint,16,24,unsafe_unpinned_baseline,2,2,0,28971679,27533616
262144,disjoint,16,24,unsafe_unpinned_baseline,2,2,1,23741416,23228615
262144,disjoint,16,24,unsafe_unpinned_baseline,2,2,2,31762063,31203315
262144,disjoint,16,24,unsafe_unpinned_baseline,2,2,3,22673604,22119845
262144,disjoint,16,24,unsafe_unpinned_baseline,2,3,0,37978905,36538207
262144,disjoint,16,24,unsafe_unpinned_baseline,2,3,1,17363919,16841040
262144,disjoint,16,24,unsafe_unpinned_baseline,2,3,2,26296835,25661872
262144,disjoint,16,24,unsafe_unpinned_baseline,2,3,3,24543704,23982833
262144,disjoint,16,24,unsafe_unpinned_baseline,2,4,0,38055641,35413257
262144,disjoint,16,24,unsafe_unpinned_baseline,2,4,1,17301521,16837062
262144,disjoint,16,24,unsafe_unpinned_baseline,2,4,2,25180170,24594822
262144,disjoint,16,24,unsafe_unpinned_baseline,2,4,3,23774959,23111322
262144,disjoint,16,24,unsafe_unpinned_baseline,2,5,0,27621543,26061979
262144,disjoint,16,24,unsafe_unpinned_baseline,2,5,1,25283445,24674903
262144,disjoint,16,24,unsafe_unpinned_baseline,2,5,2,33849336,33224162
262144,disjoint,16,24,unsafe_unpinned_baseline,2,5,3,20345826,19675757
262144,disjoint,16,24,unsafe_unpinned_baseline,2,6,0,29046531,27561179
262144,disjoint,16,24,unsafe_unpinned_baseline,2,6,1,23584939,23163502
262144,disjoint,16,24,unsafe_unpinned_baseline,2,6,2,24347193,23799386
262144,disjoint,16,24,unsafe_unpinned_baseline,2,6,3,25312190,24487268
262144,disjoint,16,24,unsafe_unpinned_baseline,2,7,0,27837562,26389450
262144,disjoint,16,24,unsafe_unpinned_baseline,2,7,1,25012222,24569052
262144,disjoint,16,24,unsafe_unpinned_baseline,2,7,2,24123870,23547218
262144,disjoint,16,24,unsafe_unpinned_baseline,2,7,3,29469573,28787260
262144,disjoint,16,24,unsafe_unpinned_baseline,2,8,0,29097367,27628145
262144,disjoint,16,24,unsafe_unpinned_baseline,2,8,1,23401542,22881067
262144,disjoint,16,24,unsafe_unpinned_baseline,2,8,2,31317271,30468563
262144,disjoint,16,24,unsafe_unpinned_baseline,2,8,3,22390818,21692125
262144,disjoint,16,24,unsafe_unpinned_baseline,2,9,0,27846568,26377116
262144,disjoint,16,24,unsafe_unpinned_baseline,2,9,1,25129825,24629447
262144,disjoint,16,24,unsafe_unpinned_baseline,2,9,2,24882997,24093893
262144,disjoint,16,24,unsafe_unpinned_baseline,2,9,3,24250941,23762094
262144,disjoint,16,24,unsafe_unpinned_baseline,2,10,0,28988481,27624959
262144,disjoint,16,24,unsafe_unpinned_baseline,2,10,1,26264453,25831503
262144,disjoint,16,24,unsafe_unpinned_baseline,2,10,2,26199370,25684676
262144,disjoint,16,24,unsafe_unpinned_baseline,2,10,3,24838463,24289904
262144,disjoint,16,24,unsafe_unpinned_baseline,2,11,0,28912848,27597016
262144,disjoint,16,24,unsafe_unpinned_baseline,2,11,1,23672254,23201473
262144,disjoint,16,24,unsafe_unpinned_baseline,2,11,2,31745953,31153260
262144,disjoint,16,24,unsafe_unpinned_baseline,2,11,3,22621074,22003555
262144,disjoint,16,24,unsafe_unpinned_baseline,2,12,0,25821044,24522144
262144,disjoint,16,24,unsafe_unpinned_baseline,2,12,1,27103682,26576654
262144,disjoint,16,24,unsafe_unpinned_baseline,2,12,2,24499040,23857135
262144,disjoint,16,24,unsafe_unpinned_baseline,2,12,3,23578497,22918687
262144,disjoint,16,24,unsafe_unpinned_baseline,2,13,0,37176095,35831408
262144,disjoint,16,24,unsafe_unpinned_baseline,2,13,1,17969917,17526537
262144,disjoint,16,24,unsafe_unpinned_baseline,2,13,2,26268691,25690637
262144,disjoint,16,24,unsafe_unpinned_baseline,2,13,3,24722453,24107789
262144,disjoint,16,24,unsafe_unpinned_baseline,2,14,0,28880667,27566157
262144,disjoint,16,24,unsafe_unpinned_baseline,2,14,1,26297465,25833667
262144,disjoint,16,24,unsafe_unpinned_baseline,2,14,2,29259134,28704033
262144,disjoint,16,24,unsafe_unpinned_baseline,2,14,3,22481399,21909778
262144,disjoint,16,24,unsafe_unpinned_baseline,2,15,0,25265341,23894074
262144,disjoint,16,24,unsafe_unpinned_baseline,2,15,1,27647682,26660082
262144,disjoint,16,24,unsafe_unpinned_baseline,2,15,2,31438380,30751610
262144,disjoint,16,24,unsafe_unpinned_baseline,2,15,3,23306582,22705344
262144,disjoint,16,24,unsafe_unpinned_baseline,3,0,0,39151916,38288391
262144,disjoint,16,24,unsafe_unpinned_baseline,3,0,1,28139393,27311645
262144,disjoint,16,24,unsafe_unpinned_baseline,3,0,2,21189704,20600067
262144,disjoint,16,24,unsafe_unpinned_baseline,3,0,3,10516464,9854891
262144,disjoint,16,24,unsafe_unpinned_baseline,3,1,0,41521763,40632349
262144,disjoint,16,24,unsafe_unpinned_baseline,3,1,1,27081901,26513464
262144,disjoint,16,24,unsafe_unpinned_baseline,3,1,2,19453947,18929754
262144,disjoint,16,24,unsafe_unpinned_baseline,3,1,3,10573992,10145682
262144,disjoint,16,24,unsafe_unpinned_baseline,3,2,0,39577662,38726130
262144,disjoint,16,24,unsafe_unpinned_baseline,3,2,1,29028277,28350884
262144,disjoint,16,24,unsafe_unpinned_baseline,3,2,2,19372804,18858780
262144,disjoint,16,24,unsafe_unpinned_baseline,3,2,3,10724577,10359746
262144,disjoint,16,24,unsafe_unpinned_baseline,3,3,0,39532146,38747601
262144,disjoint,16,24,unsafe_unpinned_baseline,3,3,1,29791732,29195132
262144,disjoint,16,24,unsafe_unpinned_baseline,3,3,2,18857959,18282048
262144,disjoint,16,24,unsafe_unpinned_baseline,3,3,3,11022201,10398269
262144,disjoint,16,24,unsafe_unpinned_baseline,3,4,0,25205768,24387699
262144,disjoint,16,24,unsafe_unpinned_baseline,3,4,1,24781254,23940493
262144,disjoint,16,24,unsafe_unpinned_baseline,3,4,2,19304384,18778638
262144,disjoint,16,24,unsafe_unpinned_baseline,3,4,3,19103694,18498087
262144,disjoint,16,24,unsafe_unpinned_baseline,3,5,0,39674926,38773730
262144,disjoint,16,24,unsafe_unpinned_baseline,3,5,1,27765606,27149349
262144,disjoint,16,24,unsafe_unpinned_baseline,3,5,2,21283812,20792482
262144,disjoint,16,24,unsafe_unpinned_baseline,3,5,3,10318469,9575251
262144,disjoint,16,24,unsafe_unpinned_baseline,3,6,0,39132479,37543971
262144,disjoint,16,24,unsafe_unpinned_baseline,3,6,1,28120678,27346552
262144,disjoint,16,24,unsafe_unpinned_baseline,3,6,2,19644047,19236235
262144,disjoint,16,24,unsafe_unpinned_baseline,3,6,3,11580498,11006772
262144,disjoint,16,24,unsafe_unpinned_baseline,3,7,0,30512677,29716390
262144,disjoint,16,24,unsafe_unpinned_baseline,3,7,1,25995033,25517348
262144,disjoint,16,24,unsafe_unpinned_baseline,3,7,2,17686941,17271003
262144,disjoint,16,24,unsafe_unpinned_baseline,3,7,3,15181768,14630544
262144,disjoint,16,24,unsafe_unpinned_baseline,3,8,0,29655193,28751993
262144,disjoint,16,24,unsafe_unpinned_baseline,3,8,1,27020675,26485151
262144,disjoint,16,24,unsafe_unpinned_baseline,3,8,2,18457991,17998481
262144,disjoint,16,24,unsafe_unpinned_baseline,3,8,3,14387813,13649536
262144,disjoint,16,24,unsafe_unpinned_baseline,3,9,0,39001592,38281337
262144,disjoint,16,24,unsafe_unpinned_baseline,3,9,1,28061676,27240681
262144,disjoint,16,24,unsafe_unpinned_baseline,3,9,2,19795904,19337096
262144,disjoint,16,24,unsafe_unpinned_baseline,3,9,3,11999872,11564218
262144,disjoint,16,24,unsafe_unpinned_baseline,3,10,0,38907343,38151502
262144,disjoint,16,24,unsafe_unpinned_baseline,3,10,1,29595721,28791108
262144,disjoint,16,24,unsafe_unpinned_baseline,3,10,2,19566801,19094546
262144,disjoint,16,24,unsafe_unpinned_baseline,3,10,3,10335110,9884316
262144,disjoint,16,24,unsafe_unpinned_baseline,3,11,0,26986210,26268310
262144,disjoint,16,24,unsafe_unpinned_baseline,3,11,1,22886226,22331696
262144,disjoint,16,24,unsafe_unpinned_baseline,3,11,2,19266512,18704508
262144,disjoint,16,24,unsafe_unpinned_baseline,3,11,3,19034223,18587005
262144,disjoint,16,24,unsafe_unpinned_baseline,3,12,0,26631818,25798822
262144,disjoint,16,24,unsafe_unpinned_baseline,3,12,1,33435031,32465565
262144,disjoint,16,24,unsafe_unpinned_baseline,3,12,2,16648635,15985018
262144,disjoint,16,24,unsafe_unpinned_baseline,3,12,3,12821659,12136331
262144,disjoint,16,24,unsafe_unpinned_baseline,3,13,0,26648059,25782791
262144,disjoint,16,24,unsafe_unpinned_baseline,3,13,1,23024648,22054992
262144,disjoint,16,24,unsafe_unpinned_baseline,3,13,2,19550791,18807694
262144,disjoint,16,24,unsafe_unpinned_baseline,3,13,3,19134923,18605631
262144,disjoint,16,24,unsafe_unpinned_baseline,3,14,0,27040653,26328805
262144,disjoint,16,24,unsafe_unpinned_baseline,3,14,1,22501547,22007482
262144,disjoint,16,24,unsafe_unpinned_baseline,3,14,2,19702447,18913464
262144,disjoint,16,24,unsafe_unpinned_baseline,3,14,3,20531297,20080383
262144,disjoint,16,24,unsafe_unpinned_baseline,3,15,0,39568635,38800921
262144,disjoint,16,24,unsafe_unpinned_baseline,3,15,1,27563072,26968466
262144,disjoint,16,24,unsafe_unpinned_baseline,3,15,2,19830490,19346975
262144,disjoint,16,24,unsafe_unpinned_baseline,3,15,3,11589014,11067167
262144,disjoint,16,24,pinned,3,0,0,21701273,15878857
262144,disjoint,16,24,pinned,3,0,1,21374734,18520499
262144,disjoint,16,24,pinned,3,0,2,31857624,29204270
262144,disjoint,16,24,pinned,3,0,3,13643024,11741764
262144,disjoint,16,24,pinned,3,1,0,23143303,17297944
262144,disjoint,16,24,pinned,3,1,1,20615947,18225291
262144,disjoint,16,24,pinned,3,1,2,31155775,28637146
262144,disjoint,16,24,pinned,3,1,3,13391718,11436866
262144,disjoint,16,24,pinned,3,2,0,19767150,13968490
262144,disjoint,16,24,pinned,3,2,1,21732652,18841978
262144,disjoint,16,24,pinned,3,2,2,24093522,20482124
262144,disjoint,16,24,pinned,3,2,3,20879787,18699399
262144,disjoint,16,24,pinned,3,3,0,21829716,16047857
262144,disjoint,16,24,pinned,3,3,1,21533034,18495893
262144,disjoint,16,24,pinned,3,3,2,23856113,21844715
262144,disjoint,16,24,pinned,3,3,3,18979899,16520563
262144,disjoint,16,24,pinned,3,4,0,19554267,13752010
262144,disjoint,16,24,pinned,3,4,1,21771606,19059240
262144,disjoint,16,24,pinned,3,4,2,24036364,21312426
262144,disjoint,16,24,pinned,3,4,3,18875662,16467983
262144,disjoint,16,24,pinned,3,5,0,23063872,17383937
262144,disjoint,16,24,pinned,3,5,1,21677127,18729114
262144,disjoint,16,24,pinned,3,5,2,29978756,28035777
262144,disjoint,16,24,pinned,3,5,3,13380697,11350052
262144,disjoint,16,24,pinned,3,6,0,18943610,12760813
262144,disjoint,16,24,pinned,3,6,1,21363954,18240670
262144,disjoint,16,24,pinned,3,6,2,25022872,21842310
262144,disjoint,16,24,pinned,3,6,3,20917047,18592155
262144,disjoint,16,24,pinned,3,7,0,22146836,16005036
262144,disjoint,16,24,pinned,3,7,1,20949529,18261329
262144,disjoint,16,24,pinned,3,7,2,25704403,23001044
262144,disjoint,16,24,pinned,3,7,3,18233656,16001780
262144,disjoint,16,24,pinned,3,8,0,19031938,12617312
262144,disjoint,16,24,pinned,3,8,1,22727666,19551101
262144,disjoint,16,24,pinned,3,8,2,25606758,22870236
262144,disjoint,16,24,pinned,3,8,3,19660639,17707851
262144,disjoint,16,24,pinned,3,9,0,20970168,14984444
262144,disjoint,16,24,pinned,3,9,1,22102051,19093815
262144,disjoint,16,24,pinned,3,9,2,24415932,21929154
262144,disjoint,16,24,pinned,3,9,3,18452310,16207560
262144,disjoint,16,24,pinned,3,10,0,23051549,17197294
262144,disjoint,16,24,pinned,3,10,1,21429127,19046495
262144,disjoint,16,24,pinned,3,10,2,29206294,26996359
262144,disjoint,16,24,pinned,3,10,3,14791699,12647599
262144,disjoint,16,24,pinned,3,11,0,22625132,16471349
262144,disjoint,16,24,pinned,3,11,1,21138376,18362651
262144,disjoint,16,24,pinned,3,11,2,24857219,22893429
262144,disjoint,16,24,pinned,3,11,3,17887922,15056581
262144,disjoint,16,24,pinned,3,12,0,21705961,15836497
262144,disjoint,16,24,pinned,3,12,1,21350678,18604057
262144,disjoint,16,24,pinned,3,12,2,22305226,19316978
262144,disjoint,16,24,pinned,3,12,3,18915237,16875936
262144,disjoint,16,24,pinned,3,13,0,18819826,12797452
262144,disjoint,16,24,pinned,3,13,1,22535993,19877770
262144,disjoint,16,24,pinned,3,13,2,23899434,20886680
262144,disjoint,16,24,pinned,3,13,3,19266973,17143612
262144,disjoint,16,24,pinned,3,14,0,23124968,17379679
262144,disjoint,16,24,pinned,3,14,1,20997559,18663901
262144,disjoint,16,24,pinned,3,14,2,30695423,28065343
262144,disjoint,16,24,pinned,3,14,3,13749635,11609193
262144,disjoint,16,24,pinned,3,15,0,23065706,17372045
262144,disjoint,16,24,pinned,3,15,1,21147764,17696940
262144,disjoint,16,24,pinned,3,15,2,27033018,24696253
262144,disjoint,16,24,pinned,3,15,3,16036245,13714178
262144,disjoint,16,24,pinned,4,0,0,23704114,20330035
262144,disjoint,16,24,pinned,4,0,1,21850164,17142390
262144,disjoint,16,24,pinned,4,0,2,25836373,22088495
262144,disjoint,16,24,pinned,4,0,3,22195378,19334471
262144,disjoint,16,24,pinned,4,1,0,21742931,18475474
262144,disjoint,16,24,pinned,4,1,1,23582014,16286388
262144,disjoint,16,24,pinned,4,1,2,28485529,22701195
262144,disjoint,16,24,pinned,4,1,3,21942388,18071920
262144,disjoint,16,24,pinned,4,2,0,24042886,20279890
262144,disjoint,16,24,pinned,4,2,1,22527437,18234999
262144,disjoint,16,24,pinned,4,2,2,27801113,22682570
262144,disjoint,16,24,pinned,4,2,3,21469624,18443574
262144,disjoint,16,24,pinned,4,3,0,23121241,19221848
262144,disjoint,16,24,pinned,4,3,1,22280960,17116020
262144,disjoint,16,24,pinned,4,3,2,25901075,21766185
262144,disjoint,16,24,pinned,4,3,3,22215165,19343097
262144,disjoint,16,24,pinned,4,4,0,22859586,19342376
262144,disjoint,16,24,pinned,4,4,1,22571510,17954317
262144,disjoint,16,24,pinned,4,4,2,28824911,22555730
262144,disjoint,16,24,pinned,4,4,3,21182851,18047895
262144,disjoint,16,24,pinned,4,5,0,23597373,19849857
262144,disjoint,16,24,pinned,4,5,1,21757609,17179300
262144,disjoint,16,24,pinned,4,5,2,28316980,22665388
262144,disjoint,16,24,pinned,4,5,3,21645196,18264003
262144,disjoint,16,24,pinned,4,6,0,21944032,18774961
262144,disjoint,16,24,pinned,4,6,1,23468228,17932666
262144,disjoint,16,24,pinned,4,6,2,28624993,22883691
262144,disjoint,16,24,pinned,4,6,3,21490924,18227004
262144,disjoint,16,24,pinned,4,7,0,23906849,20195972
262144,disjoint,16,24,pinned,4,7,1,23055977,18115222
262144,disjoint,16,24,pinned,4,7,2,27427515,22721084
262144,disjoint,16,24,pinned,4,7,3,21262411,17966670
262144,disjoint,16,24,pinned,4,8,0,23369561,19919188
262144,disjoint,16,24,pinned,4,8,1,22403872,17094990
262144,disjoint,16,24,pinned,4,8,2,27377421,21587417
262144,disjoint,16,24,pinned,4,8,3,22335563,19007542
262144,disjoint,16,24,pinned,4,9,0,23817639,19758784
262144,disjoint,16,24,pinned,4,9,1,22799020,18925557
262144,disjoint,16,24,pinned,4,9,2,27677178,22752733
262144,disjoint,16,24,pinned,4,9,3,21552962,18576596
262144,disjoint,16,24,pinned,4,10,0,20528552,17757074
262144,disjoint,16,24,pinned,4,10,1,24828895,19421926
262144,disjoint,16,24,pinned,4,10,2,26017676,22139362
262144,disjoint,16,24,pinned,4,10,3,22210758,18493769
262144,disjoint,16,24,pinned,4,11,0,20414576,17352217
262144,disjoint,16,24,pinned,4,11,1,24936879,19470588
262144,disjoint,16,24,pinned,4,11,2,25896576,21940485
262144,disjoint,16,24,pinned,4,11,3,23022114,19372252
262144,disjoint,16,24,pinned,4,12,0,20667605,17659469
262144,disjoint,16,24,pinned,4,12,1,24667820,19262634
262144,disjoint,16,24,pinned,4,12,2,26931436,21337453
262144,disjoint,16,24,pinned,4,12,3,22995272,19192091
262144,disjoint,16,24,pinned,4,13,0,23848939,19760467
262144,disjoint,16,24,pinned,4,13,1,21492858,17784065
262144,disjoint,16,24,pinned,4,13,2,28639831,22754546
262144,disjoint,16,24,pinned,4,13,3,21374343,18234177
262144,disjoint,16,24,pinned,4,14,0,23043454,19117540
262144,disjoint,16,24,pinned,4,14,1,22283495,17736074
262144,disjoint,16,24,pinned,4,14,2,28885226,22794993
262144,disjoint,16,24,pinned,4,14,3,21443835,18627602
262144,disjoint,16,24,pinned,4,15,0,23603835,20259011
262144,disjoint,16,24,pinned,4,15,1,21720108,17229194
262144,disjoint,16,24,pinned,4,15,2,26107556,22175761
262144,disjoint,16,24,pinned,4,15,3,22921934,19387110
262144,disjoint,16,24,unsafe_unpinned_baseline,4,0,0,17326398,16676668
262144,disjoint,16,24,unsafe_unpinned_baseline,4,0,1,24207257,23503355
262144,disjoint,16,24,unsafe_unpinned_baseline,4,0,2,22347305,21910889
262144,disjoint,16,24,unsafe_unpinned_baseline,4,0,3,17666914,17230497
262144,disjoint,16,24,unsafe_unpinned_baseline,4,1,0,20190823,19564346
262144,disjoint,16,24,unsafe_unpinned_baseline,4,1,1,24309561,23861694
262144,disjoint,16,24,unsafe_unpinned_baseline,4,1,2,19175590,17906957
262144,disjoint,16,24,unsafe_unpinned_baseline,4,1,3,20542778,20113556
262144,disjoint,16,24,unsafe_unpinned_baseline,4,2,0,34466724,33865436
262144,disjoint,16,24,unsafe_unpinned_baseline,4,2,1,15170316,14699074
262144,disjoint,16,24,unsafe_unpinned_baseline,4,2,2,15754462,15111134
262144,disjoint,16,24,unsafe_unpinned_baseline,4,2,3,15965331,15578027
262144,disjoint,16,24,unsafe_unpinned_baseline,4,3,0,20084351,19455159
262144,disjoint,16,24,unsafe_unpinned_baseline,4,3,1,20685850,20330216
262144,disjoint,16,24,unsafe_unpinned_baseline,4,3,2,19362754,18899928
262144,disjoint,16,24,unsafe_unpinned_baseline,4,3,3,21388790,20889374
262144,disjoint,16,24,unsafe_unpinned_baseline,4,4,0,34949608,34290490
262144,disjoint,16,24,unsafe_unpinned_baseline,4,4,1,24152293,23713813
262144,disjoint,16,24,unsafe_unpinned_baseline,4,4,2,20162579,19519581
262144,disjoint,16,24,unsafe_unpinned_baseline,4,4,3,6557657,6109619
262144,disjoint,16,24,unsafe_unpinned_baseline,4,5,0,26010232,25439812
262144,disjoint,16,24,unsafe_unpinned_baseline,4,5,1,18427303,17963154
262144,disjoint,16,24,unsafe_unpinned_baseline,4,5,2,18234558,17763085
262144,disjoint,16,24,unsafe_unpinned_baseline,4,5,3,18791552,17370912
262144,disjoint,16,24,unsafe_unpinned_baseline,4,6,0,25962401,25337248
262144,disjoint,16,24,unsafe_unpinned_baseline,4,6,1,17013946,16504282
262144,disjoint,16,24,unsafe_unpinned_baseline,4,6,2,18841126,18385554
262144,disjoint,16,24,unsafe_unpinned_baseline,4,6,3,18531189,17980006
262144,disjoint,16,24,unsafe_unpinned_baseline,4,7,0,18871604,18403047
262144,disjoint,16,24,unsafe_unpinned_baseline,4,7,1,19919148,19503120
262144,disjoint,16,24,unsafe_unpinned_baseline,4,7,2,20046319,19343628
262144,disjoint,16,24,unsafe_unpinned_baseline,4,7,3,21568050,20775900
262144,disjoint,16,24,unsafe_unpinned_baseline,4,8,0,18784009,18185345
262144,disjoint,16,24,unsafe_unpinned_baseline,4,8,1,21556387,20935843
262144,disjoint,16,24,unsafe_unpinned_baseline,4,8,2,19739388,19289886
262144,disjoint,16,24,unsafe_unpinned_baseline,4,8,3,18405271,17968444
262144,disjoint,16,24,unsafe_unpinned_baseline,4,9,0,29086166,28468837
262144,disjoint,16,24,unsafe_unpinned_baseline,4,9,1,19860337,19212590
262144,disjoint,16,24,unsafe_unpinned_baseline,4,9,2,16358486,15866023
262144,disjoint,16,24,unsafe_unpinned_baseline,4,9,3,15589390,15185936
262144,disjoint,16,24,unsafe_unpinned_baseline,4,10,0,26005512,25498572
262144,disjoint,16,24,unsafe_unpinned_baseline,4,10,1,18320651,17864688
262144,disjoint,16,24,unsafe_unpinned_baseline,4,10,2,18243145,17769608
262144,disjoint,16,24,unsafe_unpinned_baseline,4,10,3,16720261,16278755
262144,disjoint,16,24,unsafe_unpinned_baseline,4,11,0,26004009,25456223
262144,disjoint,16,24,unsafe_unpinned_baseline,4,11,1,18188711,17741695
262144,disjoint,16,24,unsafe_unpinned_baseline,4,11,2,18417665,17955068
262144,disjoint,16,24,unsafe_unpinned_baseline,4,11,3,17790577,16602177
262144,disjoint,16,24,unsafe_unpinned_baseline,4,12,0,18867266,18336150
262144,disjoint,16,24,unsafe_unpinned_baseline,4,12,1,20012435,19556251
262144,disjoint,16,24,unsafe_unpinned_baseline,4,12,2,21569954,20953236
262144,disjoint,16,24,unsafe_unpinned_baseline,4,12,3,21016035,20584228
262144,disjoint,16,24,unsafe_unpinned_baseline,4,13,0,34157889,33635611
262144,disjoint,16,24,unsafe_unpinned_baseline,4,13,1,15360506,14786118
262144,disjoint,16,24,unsafe_unpinned_baseline,4,13,2,15669521,15052753
262144,disjoint,16,24,unsafe_unpinned_baseline,4,13,3,15848200,15383970
262144,disjoint,16,24,unsafe_unpinned_baseline,4,14,0,19003865,18443604
262144,disjoint,16,24,unsafe_unpinned_baseline,4,14,1,25494274,25073127
262144,disjoint,16,24,unsafe_unpinned_baseline,4,14,2,27801884,27431112
262144,disjoint,16,24,unsafe_unpinned_baseline,4,14,3,11783502,11280640
262144,disjoint,16,24,unsafe_unpinned_baseline,4,15,0,25874535,25334652
262144,disjoint,16,24,unsafe_unpinned_baseline,4,15,1,18402355,17908882
262144,disjoint,16,24,unsafe_unpinned_baseline,4,15,2,19421635,18925997
262144,disjoint,16,24,unsafe_unpinned_baseline,4,15,3,17644751,17212222
262144,disjoint,16,24,unsafe_unpinned_baseline,5,0,0,20850992,20196322
262144,disjoint,16,24,unsafe_unpinned_baseline,5,0,1,23376314,22844357
262144,disjoint,16,24,unsafe_unpinned_baseline,5,0,2,18605441,18053585
262144,disjoint,16,24,unsafe_unpinned_baseline,5,0,3,14793843,14201661
262144,disjoint,16,24,unsafe_unpinned_baseline,5,1,0,20647476,20068260
262144,disjoint,16,24,unsafe_unpinned_baseline,5,1,1,22084367,21532883
262144,disjoint,16,24,unsafe_unpinned_baseline,5,1,2,16186330,15505991
262144,disjoint,16,24,unsafe_unpinned_baseline,5,1,3,17413684,16967840
262144,disjoint,16,24,unsafe_unpinned_baseline,5,2,0,20776231,20136409
262144,disjoint,16,24,unsafe_unpinned_baseline,5,2,1,23498285,22887669
262144,disjoint,16,24,unsafe_unpinned_baseline,5,2,2,22677281,22188125
262144,disjoint,16,24,unsafe_unpinned_baseline,5,2,3,11291912,10877397
262144,disjoint,16,24,unsafe_unpinned_baseline,5,3,0,20660421,20045888
262144,disjoint,16,24,unsafe_unpinned_baseline,5,3,1,20330947,19752803
262144,disjoint,16,24,unsafe_unpinned_baseline,5,3,2,18542120,18120823
262144,disjoint,16,24,unsafe_unpinned_baseline,5,3,3,18185846,17655000
262144,disjoint,16,24,unsafe_unpinned_baseline,5,4,0,19446784,18892704
262144,disjoint,16,24,unsafe_unpinned_baseline,5,4,1,16573853,16017099
262144,disjoint,16,24,unsafe_unpinned_baseline,5,4,2,14008566,13552171
262144,disjoint,16,24,unsafe_unpinned_baseline,5,4,3,14864737,14207252
262144,disjoint,16,24,unsafe_unpinned_baseline,5,5,0,20546586,19989110
262144,disjoint,16,24,unsafe_unpinned_baseline,5,5,1,20327552,19793330
262144,disjoint,16,24,unsafe_unpinned_baseline,5,5,2,23257209,22723809
262144,disjoint,16,24,unsafe_unpinned_baseline,5,5,3,14121419,13674854
262144,disjoint,16,24,unsafe_unpinned_baseline,5,6,0,20500438,19957601
262144,disjoint,16,24,unsafe_unpinned_baseline,5,6,1,20453400,19852813
262144,disjoint,16,24,unsafe_unpinned_baseline,5,6,2,23177498,22618770
262144,disjoint,16,24,unsafe_unpinned_baseline,5,6,3,14660721,14095089
262144,disjoint,16,24,unsafe_unpinned_baseline,5,7,0,19805432,19231416
262144,disjoint,16,24,unsafe_unpinned_baseline,5,7,1,17607180,17191843
262144,disjoint,16,24,unsafe_unpinned_baseline,5,7,2,17795847,17373197
262144,disjoint,16,24,unsafe_unpinned_baseline,5,7,3,13490474,13077603
262144,disjoint,16,24,unsafe_unpinned_baseline,5,8,0,19825811,19305737
262144,disjoint,16,24,unsafe_unpinned_baseline,5,8,1,16370789,15948620
262144,disjoint,16,24,unsafe_unpinned_baseline,5,8,2,21588539,20949759
262144,disjoint,16,24,unsafe_unpinned_baseline,5,8,3,19858112,19302140
262144,disjoint,16,24,unsafe_unpinned_baseline,5,9,0,19757331,19259809
262144,disjoint,16,24,unsafe_unpinned_baseline,5,9,1,17275772,16837723
262144,disjoint,16,24,unsafe_unpinned_baseline,5,9,2,18872866,18323477
262144,disjoint,16,24,unsafe_unpinned_baseline,5,9,3,20661203,19955106
262144,disjoint,16,24,unsafe_unpinned_baseline,5,10,0,20517330,19934587
262144,disjoint,16,24,unsafe_unpinned_baseline,5,10,1,23640734,22919629
262144,disjoint,16,24,unsafe_unpinned_baseline,5,10,2,19954505,19397029
262144,disjoint,16,24,unsafe_unpinned_baseline,5,10,3,14196531,13541060
262144,disjoint,16,24,unsafe_unpinned_baseline,5,11,0,20580901,20041239
262144,disjoint,16,24,unsafe_unpinned_baseline,5,11,1,20188378,19707658
262144,disjoint,16,24,unsafe_unpinned_baseline,5,11,2,23397785,22835771
262144,disjoint,16,24,unsafe_unpinned_baseline,5,11,3,13693019,13140813
262144,disjoint,16,24,unsafe_unpinned_baseline,5,12,0,20719143,20155826
262144,disjoint,16,24,unsafe_unpinned_baseline,5,12,1,23388478,22823107
262144,disjoint,16,24,unsafe_unpinned_baseline,5,12,2,19969944,19355190
262144,disjoint,16,24,unsafe_unpinned_baseline,5,12,3,14240134,13732122
262144,disjoint,16,24,unsafe_unpinned_baseline,5,13,0,19529520,19006109
262144,disjoint,16,24,unsafe_unpinned_baseline,5,13,1,17689847,17057830
262144,disjoint,16,24,unsafe_unpinned_baseline,5,13,2,18576836,18068153
262144,disjoint,16,24,unsafe_unpinned_baseline,5,13,3,20739401,19945769
262144,disjoint,16,24,unsafe_unpinned_baseline,5,14,0,20700998,20176425
262144,disjoint,16,24,unsafe_unpinned_baseline,5,14,1,20423584,19900482
262144,disjoint,16,24,unsafe_unpinned_baseline,5,14,2,23013036,22393964
262144,disjoint,16,24,unsafe_unpinned_baseline,5,14,3,14027852,13455228
262144,disjoint,16,24,unsafe_unpinned_baseline,5,15,0,20483476,19554848
262144,disjoint,16,24,unsafe_unpinned_baseline,5,15,1,18908835,18368121
262144,disjoint,16,24,unsafe_unpinned_baseline,5,15,2,17228563,16820610
262144,disjoint,16,24,unsafe_unpinned_baseline,5,15,3,17852855,17236959
262144,disjoint,16,24,pinned,5,0,0,26642178,21869361
262144,disjoint,16,24,pinned,5,0,1,24653934,21984549
262144,disjoint,16,24,pinned,5,0,2,25827435,21958499
262144,disjoint,16,24,pinned,5,0,3,22686918,20355474
262144,disjoint,16,24,pinned,5,1,0,25540923,21590994
262144,disjoint,16,24,pinned,5,1,1,23000813,19985042
262144,disjoint,16,24,pinned,5,1,2,25160613,22385888
262144,disjoint,16,24,pinned,5,1,3,23198478,19815972
262144,disjoint,16,24,pinned,5,2,0,27190757,22949927
262144,disjoint,16,24,pinned,5,2,1,23887843,21078563
262144,disjoint,16,24,pinned,5,2,2,24336853,21140580
262144,disjoint,16,24,pinned,5,2,3,22717076,19809911
262144,disjoint,16,24,pinned,5,3,0,22558886,19139682
262144,disjoint,16,24,pinned,5,3,1,25435213,23087948
262144,disjoint,16,24,pinned,5,3,2,27708788,23657216
262144,disjoint,16,24,pinned,5,3,3,23461636,20031410
262144,disjoint,16,24,pinned,5,4,0,24138327,20347198
262144,disjoint,16,24,pinned,5,4,1,24062684,20462878
262144,disjoint,16,24,pinned,5,4,2,27210655,23268660
262144,disjoint,16,24,pinned,5,4,3,21165758,18184883
262144,disjoint,16,24,pinned,5,5,0,25898470,21876885
262144,disjoint,16,24,pinned,5,5,1,24945676,22100318
262144,disjoint,16,24,pinned,5,5,2,26300191,22064490
262144,disjoint,16,24,pinned,5,5,3,21973798,19625932
262144,disjoint,16,24,pinned,5,6,0,24003091,20288988
262144,disjoint,16,24,pinned,5,6,1,24139149,20504877
262144,disjoint,16,24,pinned,5,6,2,25682361,22447696
262144,disjoint,16,24,pinned,5,6,3,21255709,17717819
262144,disjoint,16,24,pinned,5,7,0,24189905,20219397
262144,disjoint,16,24,pinned,5,7,1,24120804,20365032
262144,disjoint,16,24,pinned,5,7,2,27040302,22852102
262144,disjoint,16,24,pinned,5,7,3,23760421,20628381
262144,disjoint,16,24,pinned,5,8,0,26600519,21799167
262144,disjoint,16,24,pinned,5,8,1,24802154,21640377
262144,disjoint,16,24,pinned,5,8,2,25812447,21790832
262144,disjoint,16,24,pinned,5,8,3,21857699,19589474
262144,disjoint,16,24,pinned,5,9,0,23731677,19954585
262144,disjoint,16,24,pinned,5,9,1,24329930,21386156
262144,disjoint,16,24,pinned,5,9,2,25380580,21746508
262144,disjoint,16,24,pinned,5,9,3,21640788,17838569
262144,disjoint,16,24,pinned,5,10,0,26385843,21711351
262144,disjoint,16,24,pinned,5,10,1,23789506,20977381
262144,disjoint,16,24,pinned,5,10,2,25409143,21825097
262144,disjoint,16,24,pinned,5,10,3,23612711,20151638
262144,disjoint,16,24,pinned,5,11,0,27152675,22624450
262144,disjoint,16,24,pinned,5,11,1,23513584,20502592
262144,disjoint,16,24,pinned,5,11,2,24114792,21096748
262144,disjoint,16,24,pinned,5,11,3,23142922,19756890
262144,disjoint,16,24,pinned,5,12,0,25469728,21898857
262144,disjoint,16,24,pinned,5,12,1,24775955,21004473
262144,disjoint,16,24,pinned,5,12,2,25136898,21936598
262144,disjoint,16,24,pinned,5,12,3,23777985,20669198
262144,disjoint,16,24,pinned,5,13,0,25904100,21176739
262144,disjoint,16,24,pinned,5,13,1,24016245,21041933
262144,disjoint,16,24,pinned,5,13,2,24931759,21948591
262144,disjoint,16,24,pinned,5,13,3,24249888,20706489
262144,disjoint,16,24,pinned,5,14,0,25510816,21890250
262144,disjoint,16,24,pinned,5,14,1,24418067,21132365
262144,disjoint,16,24,pinned,5,14,2,27202149,22059220
262144,disjoint,16,24,pinned,5,14,3,22176472,19738226
262144,disjoint,16,24,pinned,5,15,0,22402290,19164458
262144,disjoint,16,24,pinned,5,15,1,25059211,21871324
262144,disjoint,16,24,pinned,5,15,2,26801640,23636086
262144,disjoint,16,24,pinned,5,15,3,20767514,17793423
262144,same_object,1,24,pinned,-2,0,0,5995973,1996931
262144,same_object,1,24,pinned,-2,0,1,4930607,2473353
262144,same_object,1,24,pinned,-2,0,2,3680469,1663310
262144,same_object,1,24,pinned,-2,0,3,5355520,2264738
262144,same_object,1,24,unsafe_unpinned_baseline,-2,0,0,1962396,1670423
262144,same_object,1,24,unsafe_unpinned_baseline,-2,0,1,3605247,3298526
262144,same_object,1,24,unsafe_unpinned_baseline,-2,0,2,3359170,2730490
262144,same_object,1,24,unsafe_unpinned_baseline,-2,0,3,2719610,2397329
262144,same_object,1,24,unsafe_unpinned_baseline,-1,0,0,3638029,2867961
262144,same_object,1,24,unsafe_unpinned_baseline,-1,0,1,3065244,2479044
262144,same_object,1,24,unsafe_unpinned_baseline,-1,0,2,2704541,2274808
262144,same_object,1,24,unsafe_unpinned_baseline,-1,0,3,1744183,1429857
262144,same_object,1,24,pinned,-1,0,0,4026945,1756766
262144,same_object,1,24,pinned,-1,0,1,4601834,2119684
262144,same_object,1,24,pinned,-1,0,2,3964316,2197011
262144,same_object,1,24,pinned,-1,0,3,4308999,2371912
262144,same_object,1,24,pinned,0,0,0,3659379,2197501
262144,same_object,1,24,pinned,0,0,1,3019788,1724345
262144,same_object,1,24,pinned,0,0,2,2640951,1374984
262144,same_object,1,24,pinned,0,0,3,2690435,1280484
262144,same_object,1,24,unsafe_unpinned_baseline,0,0,0,1518976,1289061
262144,same_object,1,24,unsafe_unpinned_baseline,0,0,1,2103664,1844462
262144,same_object,1,24,unsafe_unpinned_baseline,0,0,2,3537569,3248691
262144,same_object,1,24,unsafe_unpinned_baseline,0,0,3,1887044,1566897
262144,same_object,1,24,unsafe_unpinned_baseline,1,0,0,2664104,2369307
262144,same_object,1,24,unsafe_unpinned_baseline,1,0,1,2089075,1773659
262144,same_object,1,24,unsafe_unpinned_baseline,1,0,2,1622082,1320710
262144,same_object,1,24,unsafe_unpinned_baseline,1,0,3,5113203,4767087
262144,same_object,1,24,pinned,1,0,0,3884325,1935676
262144,same_object,1,24,pinned,1,0,1,9085904,2888279
262144,same_object,1,24,pinned,1,0,2,5002522,3204739
262144,same_object,1,24,pinned,1,0,3,5156694,2762331
262144,same_object,1,24,pinned,2,0,0,3483376,1809526
262144,same_object,1,24,pinned,2,0,1,3268529,1803194
262144,same_object,1,24,pinned,2,0,2,2765055,1249957
262144,same_object,1,24,pinned,2,0,3,6023626,3093017
262144,same_object,1,24,unsafe_unpinned_baseline,2,0,0,1587456,1339717
262144,same_object,1,24,unsafe_unpinned_baseline,2,0,1,2158928,1845054
262144,same_object,1,24,unsafe_unpinned_baseline,2,0,2,2059189,1753210
262144,same_object,1,24,unsafe_unpinned_baseline,2,0,3,1696703,1401063
262144,same_object,1,24,unsafe_unpinned_baseline,3,0,0,2559317,2312428
262144,same_object,1,24,unsafe_unpinned_baseline,3,0,1,3833128,3229345
262144,same_object,1,24,unsafe_unpinned_baseline,3,0,2,2600755,2078185
262144,same_object,1,24,unsafe_unpinned_baseline,3,0,3,3253641,2733526
262144,same_object,1,24,pinned,3,0,0,6275843,2608600
262144,same_object,1,24,pinned,3,0,1,5763824,3211010
262144,same_object,1,24,pinned,3,0,2,4363402,2705352
262144,same_object,1,24,pinned,3,0,3,3642357,1917371
262144,same_object,1,24,pinned,4,0,0,5272855,3057109
262144,same_object,1,24,pinned,4,0,1,3595518,1624856
262144,same_object,1,24,pinned,4,0,2,3376083,1663590
262144,same_object,1,24,pinned,4,0,3,4307487,2425313
262144,same_object,1,24,unsafe_unpinned_baseline,4,0,0,2665598,2305075
262144,same_object,1,24,unsafe_unpinned_baseline,4,0,1,3181825,2758323
262144,same_object,1,24,unsafe_unpinned_baseline,4,0,2,3368939,2956999
262144,same_object,1,24,unsafe_unpinned_baseline,4,0,3,4726840,4287829
262144,same_object,1,24,unsafe_unpinned_baseline,5,0,0,2642795,2165150
262144,same_object,1,24,unsafe_unpinned_baseline,5,0,1,2491929,2093735
262144,same_object,1,24,unsafe_unpinned_baseline,5,0,2,2618558,2279326
262144,same_object,1,24,unsafe_unpinned_baseline,5,0,3,3164822,2610092
262144,same_object,1,24,pinned,5,0,0,5808959,3002645
262144,same_object,1,24,pinned,5,0,1,4583168,2769314
262144,same_object,1,24,pinned,5,0,2,5883330,4377188
262144,same_object,1,24,pinned,5,0,3,3699264,2181441
262144,same_object,4,24,pinned,-2,0,0,7079165,5338128
262144,same_object,4,24,pinned,-2,0,1,5054100,2262314
262144,same_object,4,24,pinned,-2,0,2,5010497,2800333
262144,same_object,4,24,pinned,-2,0,3,8274428,4631019
262144,same_object,4,24,pinned,-2,1,0,7664052,5007552
262144,same_object,4,24,pinned,-2,1,1,7951787,4723144
262144,same_object,4,24,pinned,-2,1,2,5185910,1860903
262144,same_object,4,24,pinned,-2,1,3,5612117,3190241
262144,same_object,4,24,pinned,-2,2,0,9412143,3749090
262144,same_object,4,24,pinned,-2,2,1,8203443,4039860
262144,same_object,4,24,pinned,-2,2,2,8338840,3966110
262144,same_object,4,24,pinned,-2,2,3,3523662,1621651
262144,same_object,4,24,pinned,-2,3,0,8916074,4430309
262144,same_object,4,24,pinned,-2,3,1,7228828,4481797
262144,same_object,4,24,pinned,-2,3,2,7600602,4236853
262144,same_object,4,24,pinned,-2,3,3,4198240,2288774
262144,same_object,4,24,unsafe_unpinned_baseline,-2,0,0,6518123,6198568
262144,same_object,4,24,unsafe_unpinned_baseline,-2,0,1,5521766,5182313
262144,same_object,4,24,unsafe_unpinned_baseline,-2,0,2,4159326,3861782
262144,same_object,4,24,unsafe_unpinned_baseline,-2,0,3,6975799,6662555
262144,same_object,4,24,unsafe_unpinned_baseline,-2,1,0,6173350,5854576
262144,same_object,4,24,unsafe_unpinned_baseline,-2,1,1,5896715,5605795
262144,same_object,4,24,unsafe_unpinned_baseline,-2,1,2,4396415,4093982
262144,same_object,4,24,unsafe_unpinned_baseline,-2,1,3,5919840,5636533
262144,same_object,4,24,unsafe_unpinned_baseline,-2,2,0,6076156,5721163
262144,same_object,4,24,unsafe_unpinned_baseline,-2,2,1,5741572,5392802
262144,same_object,4,24,unsafe_unpinned_baseline,-2,2,2,4338435,4016405
262144,same_object,4,24,unsafe_unpinned_baseline,-2,2,3,4650746,4314359
262144,same_object,4,24,unsafe_unpinned_baseline,-2,3,0,6606209,6294589
262144,same_object,4,24,unsafe_unpinned_baseline,-2,3,1,5623809,5292531
262144,same_object,4,24,unsafe_unpinned_baseline,-2,3,2,4153586,3813291
262144,same_object,4,24,unsafe_unpinned_baseline,-2,3,3,6142201,5846791
262144,same_object,4,24,unsafe_unpinned_baseline,-1,0,0,6306621,5954876
262144,same_object,4,24,unsafe_unpinned_baseline,-1,0,1,6361205,6018897
262144,same_object,4,24,unsafe_unpinned_baseline,-1,0,2,7883227,7557741
262144,same_object,4,24,unsafe_unpinned_baseline,-1,0,3,8145163,7635528
262144,same_object,4,24,unsafe_unpinned_baseline,-1,1,0,6453811,6112485
262144,same_object,4,24,unsafe_unpinned_baseline,-1,1,1,6687252,6073841
262144,same_object,4,24,unsafe_unpinned_baseline,-1,1,2,6712701,6370122
262144,same_object,4,24,unsafe_unpinned_baseline,-1,1,3,9149906,8273406
262144,same_object,4,24,unsafe_unpinned_baseline,-1,2,0,6688384,6386123
262144,same_object,4,24,unsafe_unpinned_baseline,-1,2,1,6742858,6017354
262144,same_object,4,24,unsafe_unpinned_baseline,-1,2,2,6899585,6339755
262144,same_object,4,24,unsafe_unpinned_baseline,-1,2,3,9093399,8712968
262144,same_object,4,24,unsafe_unpinned_baseline,-1,3,0,6612090,6259874
262144,same_object,4,24,unsafe_unpinned_baseline,-1,3,1,6333623,5655259
262144,same_object,4,24,unsafe_unpinned_baseline,-1,3,2,6929942,6605207
262144,same_object,4,24,unsafe_unpinned_baseline,-1,3,3,9675891,9050628
262144,same_object,4,24,pinned,-1,0,0,12173481,2026427
262144,same_object,4,24,pinned,-1,0,1,11622718,5055523
262144,same_object,4,24,pinned,-1,0,2,8903540,2276331
262144,same_object,4,24,pinned,-1,0,3,9139817,2102551
262144,same_object,4,24,pinned,-1,1,0,11423972,2978600
262144,same_object,4,24,pinned,-1,1,1,8373426,1583719
262144,same_object,4,24,pinned,-1,1,2,9063643,4650376
262144,same_object,4,24,pinned,-1,1,3,8197241,2169057
262144,same_object,4,24,pinned,-1,2,0,14125357,1914435
262144,same_object,4,24,pinned,-1,2,1,8524171,3246588
262144,same_object,4,24,pinned,-1,2,2,8497981,4236722
262144,same_object,4,24,pinned,-1,2,3,8684975,2745699
262144,same_object,4,24,pinned,-1,3,0,8273276,3743298
262144,same_object,4,24,pinned,-1,3,1,10296827,1404860
262144,same_object,4,24,pinned,-1,3,2,9157551,5323631
262144,same_object,4,24,pinned,-1,3,3,7874030,2640220
262144,same_object,4,24,pinned,0,0,0,6093228,1830896
262144,same_object,4,24,pinned,0,0,1,8244602,3452197
262144,same_object,4,24,pinned,0,0,2,13812835,4467439
262144,same_object,4,24,pinned,0,0,3,7862819,2578132
262144,same_object,4,24,pinned,0,1,0,7258765,2933394
262144,same_object,4,24,pinned,0,1,1,12974969,6081686
262144,same_object,4,24,pinned,0,1,2,10455908,3336628
262144,same_object,4,24,pinned,0,1,3,9415799,3123365
262144,same_object,4,24,pinned,0,2,0,8200037,1481675
262144,same_object,4,24,pinned,0,2,1,14127992,5040564
262144,same_object,4,24,pinned,0,2,2,6485631,3296402
262144,same_object,4,24,pinned,0,2,3,12158473,4097169
262144,same_object,4,24,pinned,0,3,0,13518869,2784994
262144,same_object,4,24,pinned,0,3,1,13781627,4995990
262144,same_object,4,24,pinned,0,3,2,10704089,6930483
262144,same_object,4,24,pinned,0,3,3,3952634,1562688
262144,same_object,4,24,unsafe_unpinned_baseline,0,0,0,5200027,4829234
262144,same_object,4,24,unsafe_unpinned_baseline,0,0,1,7192149,6568919
262144,same_object,4,24,unsafe_unpinned_baseline,0,0,2,7997254,7485675
262144,same_object,4,24,unsafe_unpinned_baseline,0,0,3,4459584,4075277
262144,same_object,4,24,unsafe_unpinned_baseline,0,1,0,4847629,4456098
262144,same_object,4,24,unsafe_unpinned_baseline,0,1,1,8821595,7910529
262144,same_object,4,24,unsafe_unpinned_baseline,0,1,2,7056492,6699015
262144,same_object,4,24,unsafe_unpinned_baseline,0,1,3,4286557,3931094
262144,same_object,4,24,unsafe_unpinned_baseline,0,2,0,5560008,5050063
262144,same_object,4,24,unsafe_unpinned_baseline,0,2,1,7460748,7082471
262144,same_object,4,24,unsafe_unpinned_baseline,0,2,2,7863860,7558552
262144,same_object,4,24,unsafe_unpinned_baseline,0,2,3,4454154,3985126
262144,same_object,4,24,unsafe_unpinned_baseline,0,3,0,5455290,5094667
262144,same_object,4,24,unsafe_unpinned_baseline,0,3,1,9451137,8752453
262144,same_object,4,24,unsafe_unpinned_baseline,0,3,2,6161076,5676859
262144,same_object,4,24,unsafe_unpinned_baseline,0,3,3,4222896,3493826
262144,same_object,4,24,unsafe_unpinned_baseline,1,0,0,6108557,5754657
262144,same_object,4,24,unsafe_unpinned_baseline,1,0,1,5576149,5242818
262144,same_object,4,24,unsafe_unpinned_baseline,1,0,2,5138339,4789489
262144,same_object,4,24,unsafe_unpinned_baseline,1,0,3,4843030,4474423
262144,same_object,4,24,unsafe_unpinned_baseline,1,1,0,5883531,5517548
262144,same_object,4,24,unsafe_unpinned_baseline,1,1,1,5875396,5507759
262144,same_object,4,24,unsafe_unpinned_baseline,1,1,2,4914456,4568501
262144,same_object,4,24,unsafe_unpinned_baseline,1,1,3,4963499,4579912
262144,same_object,4,24,unsafe_unpinned_baseline,1,2,0,5874113,5472743
262144,same_object,4,24,unsafe_unpinned_baseline,1,2,1,6092807,5737143
262144,same_object,4,24,unsafe_unpinned_baseline,1,2,2,5020346,4652039
262144,same_object,4,24,unsafe_unpinned_baseline,1,2,3,4071029,3731867
262144,same_object,4,24,unsafe_unpinned_baseline,1,3,0,6072058,5727576
262144,same_object,4,24,unsafe_unpinned_baseline,1,3,1,5689353,5429682
262144,same_object,4,24,unsafe_unpinned_baseline,1,3,2,5039843,4694228
262144,same_object,4,24,unsafe_unpinned_baseline,1,3,3,4654504,4302517
262144,same_object,4,24,pinned,1,0,0,14537909,5416196
262144,same_object,4,24,pinned,1,0,1,7996642,4486525
262144,same_object,4,24,pinned,1,0,2,7044059,2736702
262144,same_object,4,24,pinned,1,0,3,12130950,5449258
262144,same_object,4,24,pinned,1,1,0,9338293,3611529
262144,same_object,4,24,pinned,1,1,1,8600455,2432637
262144,same_object,4,24,pinned,1,1,2,12401703,6149674
262144,same_object,4,24,pinned,1,1,3,12198368,3990085
262144,same_object,4,24,pinned,1,2,0,13541973,3789085
262144,same_object,4,24,pinned,1,2,1,7019241,3184881
262144,same_object,4,24,pinned,1,2,2,7593248,4525049
262144,same_object,4,24,pinned,1,2,3,11464729,3674027
262144,same_object,4,24,pinned,1,3,0,15403157,2662642
262144,same_object,4,24,pinned,1,3,1,11130416,6557887
262144,same_object,4,24,pinned,1,3,2,12318626,2159960
262144,same_object,4,24,pinned,1,3,3,4097208,1587225
262144,same_object,4,24,pinned,2,0,0,9703253,4719798
262144,same_object,4,24,pinned,2,0,1,10849264,5191561
262144,same_object,4,24,pinned,2,0,2,5558115,1427182
262144,same_object,4,24,pinned,2,0,3,4737651,1360556
262144,same_object,4,24,pinned,2,1,0,10834175,3912268
262144,same_object,4,24,pinned,2,1,1,11447466,4911600
262144,same_object,4,24,pinned,2,1,2,5779665,1638172
262144,same_object,4,24,pinned,2,1,3,3563658,1219759
262144,same_object,4,24,pinned,2,2,0,13119182,2705052
262144,same_object,4,24,pinned,2,2,1,9780219,4219200
262144,same_object,4,24,pinned,2,2,2,5677801,1456197
262144,same_object,4,24,pinned,2,2,3,4660956,2193984
262144,same_object,4,24,pinned,2,3,0,8477683,6093228
262144,same_object,4,24,pinned,2,3,1,8493653,1719046
262144,same_object,4,24,pinned,2,3,2,6584097,3028525
262144,same_object,4,24,pinned,2,3,3,6132272,1307055
262144,same_object,4,24,unsafe_unpinned_baseline,2,0,0,6947426,6571243
262144,same_object,4,24,unsafe_unpinned_baseline,2,0,1,2980334,2547795
262144,same_object,4,24,unsafe_unpinned_baseline,2,0,2,6822809,6463859
262144,same_object,4,24,unsafe_unpinned_baseline,2,0,3,4960413,4523756
262144,same_object,4,24,unsafe_unpinned_baseline,2,1,0,6860611,6230588
262144,same_object,4,24,unsafe_unpinned_baseline,2,1,1,9113266,6386764
262144,same_object,4,24,unsafe_unpinned_baseline,2,1,2,5992768,5261393
262144,same_object,4,24,unsafe_unpinned_baseline,2,1,3,4024030,3639661
262144,same_object,4,24,unsafe_unpinned_baseline,2,2,0,9550775,9182097
262144,same_object,4,24,unsafe_unpinned_baseline,2,2,1,6978874,6460964
262144,same_object,4,24,unsafe_unpinned_baseline,2,2,2,5418410,4835937
262144,same_object,4,24,unsafe_unpinned_baseline,2,2,3,4081318,3563578
262144,same_object,4,24,unsafe_unpinned_baseline,2,3,0,7395935,7022527
262144,same_object,4,24,unsafe_unpinned_baseline,2,3,1,9130649,6749881
262144,same_object,4,24,unsafe_unpinned_baseline,2,3,2,5188204,4607745
262144,same_object,4,24,unsafe_unpinned_baseline,2,3,3,4467499,4010594
262144,same_object,4,24,unsafe_unpinned_baseline,3,0,0,8245433,7611663
262144,same_object,4,24,unsafe_unpinned_baseline,3,0,1,6921346,6372347
262144,same_object,4,24,unsafe_unpinned_baseline,3,0,2,6349213,5703930
262144,same_object,4,24,unsafe_unpinned_baseline,3,0,3,6583947,5938024
262144,same_object,4,24,unsafe_unpinned_baseline,3,1,0,8685767,8064791
262144,same_object,4,24,unsafe_unpinned_baseline,3,1,1,6936334,6571784
262144,same_object,4,24,unsafe_unpinned_baseline,3,1,2,6527329,6037162
262144,same_object,4,24,unsafe_unpinned_baseline,3,1,3,5490516,4716722
262144,same_object,4,24,unsafe_unpinned_baseline,3,2,0,9072359,8443659
262144,same_object,4,24,unsafe_unpinned_baseline,3,2,1,6721497,6343061
262144,same_object,4,24,unsafe_unpinned_baseline,3,2,2,6730995,6344864
262144,same_object,4,24,unsafe_unpinned_baseline,3,2,3,5546582,4639655
262144,same_object,4,24,unsafe_unpinned_baseline,3,3,0,8202922,7576396
262144,same_object,4,24,unsafe_unpinned_baseline,3,3,1,7560395,6859699
262144,same_object,4,24,unsafe_unpinned_baseline,3,3,2,7226423,6732769
262144,same_object,4,24,unsafe_unpinned_baseline,3,3,3,5093535,4206315
262144,same_object,4,24,pinned,3,0,0,16592038,6706499
262144,same_object,4,24,pinned,3,0,1,5849767,1780902
262144,same_object,4,24,pinned,3,0,2,7929565,3564460
262144,same_object,4,24,pinned,3,0,3,13551461,4418827
262144,same_object,4,24,pinned,3,1,0,14476673,7961966
262144,same_object,4,24,pinned,3,1,1,8470980,2053699
262144,same_object,4,24,pinned,3,1,2,6763677,2532766
262144,same_object,4,24,pinned,3,1,3,10412136,5668985
262144,same_object,4,24,pinned,3,2,0,17458749,5089347
262144,same_object,4,24,pinned,3,2,1,9654331,2727335
262144,same_object,4,24,pinned,3,2,2,11272826,2365509
262144,same_object,4,24,pinned,3,2,3,7653161,2170130
262144,same_object,4,24,pinned,3,3,0,13291148,8576631
262144,same_object,4,24,pinned,3,3,1,8622898,2635260
262144,same_object,4,24,pinned,3,3,2,6351547,2063547
262144,same_object,4,24,pinned,3,3,3,11158680,6579799
262144,same_object,4,24,pinned,4,0,0,16037197,5256684
262144,same_object,4,24,pinned,4,0,1,14330856,4558131
262144,same_object,4,24,pinned,4,0,2,12258582,4740727
262144,same_object,4,24,pinned,4,0,3,9082849,2904459
262144,same_object,4,24,pinned,4,1,0,12464763,7978357
262144,same_object,4,24,pinned,4,1,1,16578212,8298414
262144,same_object,4,24,pinned,4,1,2,12828121,5811585
262144,same_object,4,24,pinned,4,1,3,7738072,2171713
262144,same_object,4,24,pinned,4,2,0,14904302,5949596
262144,same_object,4,24,pinned,4,2,1,16394644,5483924
262144,same_object,4,24,pinned,4,2,2,12024088,3981900
262144,same_object,4,24,pinned,4,2,3,9487385,2309714
262144,same_object,4,24,pinned,4,3,0,13869693,6920695
262144,same_object,4,24,pinned,4,3,1,14095822,7071080
262144,same_object,4,24,pinned,4,3,2,10975192,5621976
262144,same_object,4,24,pinned,4,3,3,6855571,2752582
262144,same_object,4,24,unsafe_unpinned_baseline,4,0,0,6610818,6024017
262144,same_object,4,24,unsafe_unpinned_baseline,4,0,1,4405191,3902399
262144,same_object,4,24,unsafe_unpinned_baseline,4,0,2,6997661,6507893
262144,same_object,4,24,unsafe_unpinned_baseline,4,0,3,7968558,7639506
262144,same_object,4,24,unsafe_unpinned_baseline,4,1,0,6395430,5815382
262144,same_object,4,24,unsafe_unpinned_baseline,4,1,1,4604509,4135340
262144,same_object,4,24,unsafe_unpinned_baseline,4,1,2,7283171,6794786
262144,same_object,4,24,unsafe_unpinned_baseline,4,1,3,7759904,6927918
262144,same_object,4,24,unsafe_unpinned_baseline,4,2,0,6648850,6049225
262144,same_object,4,24,unsafe_unpinned_baseline,4,2,1,4276929,3672454
262144,same_object,4,24,unsafe_unpinned_baseline,4,2,2,6639062,5710994
262144,same_object,4,24,unsafe_unpinned_baseline,4,2,3,8541023,7968940
262144,same_object,4,24,unsafe_unpinned_baseline,4,3,0,6217142,5651972
262144,same_object,4,24,unsafe_unpinned_baseline,4,3,1,4411985,4034289
262144,same_object,4,24,unsafe_unpinned_baseline,4,3,2,6653629,6254794
262144,same_object,4,24,unsafe_unpinned_baseline,4,3,3,8348237,7538975
262144,same_object,4,24,unsafe_unpinned_baseline,5,0,0,6725956,6142892
262144,same_object,4,24,unsafe_unpinned_baseline,5,0,1,5551823,5034092
262144,same_object,4,24,unsafe_unpinned_baseline,5,0,2,8136978,7687778
262144,same_object,4,24,unsafe_unpinned_baseline,5,0,3,4094884,3755652
262144,same_object,4,24,unsafe_unpinned_baseline,5,1,0,6317462,5723207
262144,same_object,4,24,unsafe_unpinned_baseline,5,1,1,5797908,5170581
262144,same_object,4,24,unsafe_unpinned_baseline,5,1,2,8175932,7662550
262144,same_object,4,24,unsafe_unpinned_baseline,5,1,3,4508648,4090746
262144,same_object,4,24,unsafe_unpinned_baseline,5,2,0,6874828,6304497
262144,same_object,4,24,unsafe_unpinned_baseline,5,2,1,5106420,4630347
262144,same_object,4,24,unsafe_unpinned_baseline,5,2,2,7844193,7250529
262144,same_object,4,24,unsafe_unpinned_baseline,5,2,3,4957668,4285745
262144,same_object,4,24,unsafe_unpinned_baseline,5,3,0,7047965,6485010
262144,same_object,4,24,unsafe_unpinned_baseline,5,3,1,4977024,4572368
262144,same_object,4,24,unsafe_unpinned_baseline,5,3,2,7989569,7442773
262144,same_object,4,24,unsafe_unpinned_baseline,5,3,3,4901572,4297568
262144,same_object,4,24,pinned,5,0,0,12470603,6567375
262144,same_object,4,24,pinned,5,0,1,13778219,5493212
262144,same_object,4,24,pinned,5,0,2,9679018,2258106
262144,same_object,4,24,pinned,5,0,3,5137468,1734173
262144,same_object,4,24,pinned,5,1,0,13405915,4231582
262144,same_object,4,24,pinned,5,1,1,16195618,4749994
262144,same_object,4,24,pinned,5,1,2,9543551,2894791
262144,same_object,4,24,pinned,5,1,3,6122784,2225404
262144,same_object,4,24,pinned,5,2,0,14480961,5683632
262144,same_object,4,24,pinned,5,2,1,12605940,6875900
262144,same_object,4,24,pinned,5,2,2,11354420,3854809
262144,same_object,4,24,pinned,5,2,3,5469597,2480948
262144,same_object,4,24,pinned,5,3,0,9163592,4046582
262144,same_object,4,24,pinned,5,3,1,13128539,3245255
262144,same_object,4,24,pinned,5,3,2,8189067,2642123
262144,same_object,4,24,pinned,5,3,3,7372870,1949361
262144,same_object,16,24,pinned,-2,0,0,35029801,3766462
262144,same_object,16,24,pinned,-2,0,1,36600114,3593524
262144,same_object,16,24,pinned,-2,0,2,34102786,4267330
262144,same_object,16,24,pinned,-2,0,3,33788940,1616340
262144,same_object,16,24,pinned,-2,1,0,31429764,4895189
262144,same_object,16,24,pinned,-2,1,1,33329331,1998754
262144,same_object,16,24,pinned,-2,1,2,28565089,1350086
262144,same_object,16,24,pinned,-2,1,3,34337450,1789609
262144,same_object,16,24,pinned,-2,2,0,34090582,3716899
262144,same_object,16,24,pinned,-2,2,1,36883500,1954721
262144,same_object,16,24,pinned,-2,2,2,32716861,1644594
262144,same_object,16,24,pinned,-2,2,3,35091467,1812021
262144,same_object,16,24,pinned,-2,3,0,32967535,3607541
262144,same_object,16,24,pinned,-2,3,1,37136750,2800473
262144,same_object,16,24,pinned,-2,3,2,31393374,1663781
262144,same_object,16,24,pinned,-2,3,3,34709675,2757471
262144,same_object,16,24,pinned,-2,4,0,47059009,4375645
262144,same_object,16,24,pinned,-2,4,1,34092717,3409536
262144,same_object,16,24,pinned,-2,4,2,35192619,3514194
262144,same_object,16,24,pinned,-2,4,3,30197300,5522768
262144,same_object,16,24,pinned,-2,5,0,48013826,5775537
262144,same_object,16,24,pinned,-2,5,1,33893158,3132982
262144,same_object,16,24,pinned,-2,5,2,35369063,2567040
262144,same_object,16,24,pinned,-2,5,3,29872515,3791900
262144,same_object,16,24,pinned,-2,6,0,44614590,3782051
262144,same_object,16,24,pinned,-2,6,1,35628564,3549481
262144,same_object,16,24,pinned,-2,6,2,35100394,4573360
262144,same_object,16,24,pinned,-2,6,3,29827910,6593816
262144,same_object,16,24,pinned,-2,7,0,43074474,7262673
262144,same_object,16,24,pinned,-2,7,1,34873214,5660318
262144,same_object,16,24,pinned,-2,7,2,33416426,1397356
262144,same_object,16,24,pinned,-2,7,3,31538379,2720291
262144,same_object,16,24,pinned,-2,8,0,42223472,2298332
262144,same_object,16,24,pinned,-2,8,1,36683602,6728651
262144,same_object,16,24,pinned,-2,8,2,33217900,1582026
262144,same_object,16,24,pinned,-2,8,3,31514664,4057713
262144,same_object,16,24,pinned,-2,9,0,37745803,3774898
262144,same_object,16,24,pinned,-2,9,1,36882028,6182436
262144,same_object,16,24,pinned,-2,9,2,33037107,2632255
262144,same_object,16,24,pinned,-2,9,3,34019447,2108021
262144,same_object,16,24,pinned,-2,10,0,39502300,2075059
262144,same_object,16,24,pinned,-2,10,1,37059333,7688869
262144,same_object,16,24,pinned,-2,10,2,34052340,1255156
262144,same_object,16,24,pinned,-2,10,3,31602761,2048208
262144,same_object,16,24,pinned,-2,11,0,35889128,4376246
262144,same_object,16,24,pinned,-2,11,1,36354008,4029540
262144,same_object,16,24,pinned,-2,11,2,34029617,4310683
262144,same_object,16,24,pinned,-2,11,3,33878130,1990128
262144,same_object,16,24,pinned,-2,12,0,43742950,5654266
262144,same_object,16,24,pinned,-2,12,1,35914366,4936598
262144,same_object,16,24,pinned,-2,12,2,33277242,4397457
262144,same_object,16,24,pinned,-2,12,3,31585689,4156360
262144,same_object,16,24,pinned,-2,13,0,17348190,1616611
262144,same_object,16,24,pinned,-2,13,1,44353065,2622526
262144,same_object,16,24,pinned,-2,13,2,29239597,1425540
262144,same_object,16,24,pinned,-2,13,3,29909475,1549103
262144,same_object,16,24,pinned,-2,14,0,51258110,4064066
262144,same_object,16,24,pinned,-2,14,1,34368899,2114654
262144,same_object,16,24,pinned,-2,14,2,33113543,1949341
262144,same_object,16,24,pinned,-2,14,3,29024399,2439459
262144,same_object,16,24,pinned,-2,15,0,36587530,3246427
262144,same_object,16,24,pinned,-2,15,1,36234612,6151538
262144,same_object,16,24,pinned,-2,15,2,34093387,3418323
262144,same_object,16,24,pinned,-2,15,3,33886485,2886666
262144,same_object,16,24,unsafe_unpinned_baseline,-2,0,0,21757328,21365096
262144,same_object,16,24,unsafe_unpinned_baseline,-2,0,1,22213142,21599219
262144,same_object,16,24,unsafe_unpinned_baseline,-2,0,2,32455987,31606899
262144,same_object,16,24,unsafe_unpinned_baseline,-2,0,3,15842729,15421351
262144,same_object,16,24,unsafe_unpinned_baseline,-2,1,0,21697905,20518402
262144,same_object,16,24,unsafe_unpinned_baseline,-2,1,1,22166102,21064396
262144,same_object,16,24,unsafe_unpinned_baseline,-2,1,2,28754408,28295989
262144,same_object,16,24,unsafe_unpinned_baseline,-2,1,3,20307994,19741391
262144,same_object,16,24,unsafe_unpinned_baseline,-2,2,0,21731620,20978754
262144,same_object,16,24,unsafe_unpinned_baseline,-2,2,1,25088627,24448094
262144,same_object,16,24,unsafe_unpinned_baseline,-2,2,2,28141066,27386869
262144,same_object,16,24,unsafe_unpinned_baseline,-2,2,3,17281834,16383613
262144,same_object,16,24,unsafe_unpinned_baseline,-2,3,0,21628565,20987421
262144,same_object,16,24,unsafe_unpinned_baseline,-2,3,1,22245093,21086438
262144,same_object,16,24,unsafe_unpinned_baseline,-2,3,2,28734460,28270211
262144,same_object,16,24,unsafe_unpinned_baseline,-2,3,3,18842399,18301254
262144,same_object,16,24,unsafe_unpinned_baseline,-2,4,0,21621451,20982241
262144,same_object,16,24,unsafe_unpinned_baseline,-2,4,1,22363697,21649654
262144,same_object,16,24,unsafe_unpinned_baseline,-2,4,2,28756311,27976395
262144,same_object,16,24,unsafe_unpinned_baseline,-2,4,3,18603467,18065418
262144,same_object,16,24,unsafe_unpinned_baseline,-2,5,0,21551759,20919782
262144,same_object,16,24,unsafe_unpinned_baseline,-2,5,1,23054755,22165051
262144,same_object,16,24,unsafe_unpinned_baseline,-2,5,2,40494789,40081947
262144,same_object,16,24,unsafe_unpinned_baseline,-2,5,3,8374478,7711111
262144,same_object,16,24,unsafe_unpinned_baseline,-2,6,0,21600041,20976920
262144,same_object,16,24,unsafe_unpinned_baseline,-2,6,1,22499855,22001781
262144,same_object,16,24,unsafe_unpinned_baseline,-2,6,2,28572824,27879812
262144,same_object,16,24,unsafe_unpinned_baseline,-2,6,3,18653682,18037915
262144,same_object,16,24,unsafe_unpinned_baseline,-2,7,0,18799327,18168202
262144,same_object,16,24,unsafe_unpinned_baseline,-2,7,1,19165049,16558334
262144,same_object,16,24,unsafe_unpinned_baseline,-2,7,2,18315752,17573476
262144,same_object,16,24,unsafe_unpinned_baseline,-2,7,3,19627385,18841928
262144,same_object,16,24,unsafe_unpinned_baseline,-2,8,0,18721730,18120462
262144,same_object,16,24,unsafe_unpinned_baseline,-2,8,1,19029073,16347735
262144,same_object,16,24,unsafe_unpinned_baseline,-2,8,2,18918202,18026454
262144,same_object,16,24,unsafe_unpinned_baseline,-2,8,3,19335994,18664312
262144,same_object,16,24,unsafe_unpinned_baseline,-2,9,0,21562089,20909974
262144,same_object,16,24,unsafe_unpinned_baseline,-2,9,1,22250412,21521412
262144,same_object,16,24,unsafe_unpinned_baseline,-2,9,2,40652527,39714622
262144,same_object,16,24,unsafe_unpinned_baseline,-2,9,3,8413672,7646829
262144,same_object,16,24,unsafe_unpinned_baseline,-2,10,0,17203456,16582981
262144,same_object,16,24,unsafe_unpinned_baseline,-2,10,1,19273966,18209831
262144,same_object,16,24,unsafe_unpinned_baseline,-2,10,2,26847187,26259243
262144,same_object,16,24,unsafe_unpinned_baseline,-2,10,3,19464076,18780001
262144,same_object,16,24,unsafe_unpinned_baseline,-2,11,0,18780352,18165738
262144,same_object,16,24,unsafe_unpinned_baseline,-2,11,1,19253988,16634538
262144,same_object,16,24,unsafe_unpinned_baseline,-2,11,2,14410878,13791244
262144,same_object,16,24,unsafe_unpinned_baseline,-2,11,3,23311852,22534901
262144,same_object,16,24,unsafe_unpinned_baseline,-2,12,0,18550436,17936393
262144,same_object,16,24,unsafe_unpinned_baseline,-2,12,1,19411026,16597468
262144,same_object,16,24,unsafe_unpinned_baseline,-2,12,2,33024283,32263373
262144,same_object,16,24,unsafe_unpinned_baseline,-2,12,3,18254976,17304367
262144,same_object,16,24,unsafe_unpinned_baseline,-2,13,0,21639375,21054478
262144,same_object,16,24,unsafe_unpinned_baseline,-2,13,1,25080011,24040582
262144,same_object,16,24,unsafe_unpinned_baseline,-2,13,2,28029135,27460367
262144,same_object,16,24,unsafe_unpinned_baseline,-2,13,3,17126971,16437525
262144,same_object,16,24,unsafe_unpinned_baseline,-2,14,0,21621982,20938157
262144,same_object,16,24,unsafe_unpinned_baseline,-2,14,1,25252797,24478442
262144,same_object,16,24,unsafe_unpinned_baseline,-2,14,2,27265398,26694347
262144,same_object,16,24,unsafe_unpinned_baseline,-2,14,3,16908898,16505544
262144,same_object,16,24,unsafe_unpinned_baseline,-2,15,0,21582898,20910325
262144,same_object,16,24,unsafe_unpinned_baseline,-2,15,1,22080170,21355438
262144,same_object,16,24,unsafe_unpinned_baseline,-2,15,2,28886077,28198605
262144,same_object,16,24,unsafe_unpinned_baseline,-2,15,3,18863329,18322034
262144,same_object,16,24,unsafe_unpinned_baseline,-1,0,0,45554139,44641461
262144,same_object,16,24,unsafe_unpinned_baseline,-1,0,1,33371541,32498728
262144,same_object,16,24,unsafe_unpinned_baseline,-1,0,2,26490371,25958934
262144,same_object,16,24,unsafe_unpinned_baseline,-1,0,3,9343352,8749147
262144,same_object,16,24,unsafe_unpinned_baseline,-1,1,0,22716344,21862308
262144,same_object,16,24,unsafe_unpinned_baseline,-1,1,1,25627918,24830317
262144,same_object,16,24,unsafe_unpinned_baseline,-1,1,2,26207405,25690026
262144,same_object,16,24,unsafe_unpinned_baseline,-1,1,3,29138866,28639280
262144,same_object,16,24,unsafe_unpinned_baseline,-1,2,0,32294962,31470942
262144,same_object,16,24,unsafe_unpinned_baseline,-1,2,1,27634417,27175958
262144,same_object,16,24,unsafe_unpinned_baseline,-1,2,2,19370359,18842760
262144,same_object,16,24,unsafe_unpinned_baseline,-1,2,3,25740912,25283145
262144,same_object,16,24,unsafe_unpinned_baseline,-1,3,0,35626982,34713061
262144,same_object,16,24,unsafe_unpinned_baseline,-1,3,1,27224541,26016203
262144,same_object,16,24,unsafe_unpinned_baseline,-1,3,2,16951238,16447765
262144,same_object,16,24,unsafe_unpinned_baseline,-1,3,3,25135776,24301496
262144,same_object,16,24,unsafe_unpinned_baseline,-1,4,0,29922570,29069044
262144,same_object,16,24,unsafe_unpinned_baseline,-1,4,1,30238238,29579420
262144,same_object,16,24,unsafe_unpinned_baseline,-1,4,2,19126898,18728954
262144,same_object,16,24,unsafe_unpinned_baseline,-1,4,3,26039487,25413742
262144,same_object,16,24,unsafe_unpinned_baseline,-1,5,0,22684404,21834996
262144,same_object,16,24,unsafe_unpinned_baseline,-1,5,1,25019876,24206395
262144,same_object,16,24,unsafe_unpinned_baseline,-1,5,2,26957736,26095904
262144,same_object,16,24,unsafe_unpinned_baseline,-1,5,3,28999773,28510276
262144,same_object,16,24,unsafe_unpinned_baseline,-1,6,0,35505111,34656664
262144,same_object,16,24,unsafe_unpinned_baseline,-1,6,1,28474869,27384113
262144,same_object,16,24,unsafe_unpinned_baseline,-1,6,2,16312008,15366067
262144,same_object,16,24,unsafe_unpinned_baseline,-1,6,3,26201113,25682280
262144,same_object,16,24,unsafe_unpinned_baseline,-1,7,0,35549244,34743058
262144,same_object,16,24,unsafe_unpinned_baseline,-1,7,1,28441215,26676573
262144,same_object,16,24,unsafe_unpinned_baseline,-1,7,2,16322297,15398257
262144,same_object,16,24,unsafe_unpinned_baseline,-1,7,3,24805240,24341411
262144,same_object,16,24,unsafe_unpinned_baseline,-1,8,0,35858249,35012097
262144,same_object,16,24,unsafe_unpinned_baseline,-1,8,1,28074430,27135864
262144,same_object,16,24,unsafe_unpinned_baseline,-1,8,2,16915821,15896020
262144,same_object,16,24,unsafe_unpinned_baseline,-1,8,3,26024058,25379768
262144,same_object,16,24,unsafe_unpinned_baseline,-1,9,0,29845464,29025792
262144,same_object,16,24,unsafe_unpinned_baseline,-1,9,1,30307209,29647970
262144,same_object,16,24,unsafe_unpinned_baseline,-1,9,2,19111529,18673158
262144,same_object,16,24,unsafe_unpinned_baseline,-1,9,3,25594084,25183616
262144,same_object,16,24,unsafe_unpinned_baseline,-1,10,0,22399555,21570835
262144,same_object,16,24,unsafe_unpinned_baseline,-1,10,1,32993094,31939259
262144,same_object,16,24,unsafe_unpinned_baseline,-1,10,2,23423894,22648957
262144,same_object,16,24,unsafe_unpinned_baseline,-1,10,3,26131241,25439661
262144,same_object,16,24,unsafe_unpinned_baseline,-1,11,0,41939064,41120824
262144,same_object,16,24,unsafe_unpinned_baseline,-1,11,1,28722327,28204887
262144,same_object,16,24,unsafe_unpinned_baseline,-1,11,2,17743418,17359761
262144,same_object,16,24,unsafe_unpinned_baseline,-1,11,3,17987480,17588114
262144,same_object,16,24,unsafe_unpinned_baseline,-1,12,0,35544415,34580670
262144,same_object,16,24,unsafe_unpinned_baseline,-1,12,1,28250574,27132106
262144,same_object,16,24,unsafe_unpinned_baseline,-1,12,2,16835879,16422186
262144,same_object,16,24,unsafe_unpinned_baseline,-1,12,3,25862101,25431706
262144,same_object,16,24,unsafe_unpinned_baseline,-1,13,0,46363572,44262263
262144,same_object,16,24,unsafe_unpinned_baseline,-1,13,1,32624356,32125251
262144,same_object,16,24,unsafe_unpinned_baseline,-1,13,2,26266677,25773833
262144,same_object,16,24,unsafe_unpinned_baseline,-1,13,3,10018210,9534113
262144,same_object,16,24,unsafe_unpinned_baseline,-1,14,0,44650929,43793846
262144,same_object,16,24,unsafe_unpinned_baseline,-1,14,1,34492012,33257244
262144,same_object,16,24,unsafe_unpinned_baseline,-1,14,2,27245630,26767435
262144,same_object,16,24,unsafe_unpinned_baseline,-1,14,3,9107666,8518650
262144,same_object,16,24,unsafe_unpinned_baseline,-1,15,0,45727377,44895582
262144,same_object,16,24,unsafe_unpinned_baseline,-1,15,1,33499633,32695461
262144,same_object,16,24,unsafe_unpinned_baseline,-1,15,2,25968813,25344250
262144,same_object,16,24,unsafe_unpinned_baseline,-1,15,3,9227592,8669867
262144,same_object,16,24,pinned,-1,0,0,40801660,12144145
262144,same_object,16,24,pinned,-1,0,1,31051167,3160565
262144,same_object,16,24,pinned,-1,0,2,27312608,2112941
262144,same_object,16,24,pinned,-1,0,3,30317948,7183933
262144,same_object,16,24,pinned,-1,1,0,34104378,17506850
262144,same_object,16,24,pinned,-1,1,1,27434128,2280458
262144,same_object,16,24,pinned,-1,1,2,32419257,3935462
262144,same_object,16,24,pinned,-1,1,3,31898040,5835480
262144,same_object,16,24,pinned,-1,2,0,30267332,14915172
262144,same_object,16,24,pinned,-1,2,1,26007276,2936099
262144,same_object,16,24,pinned,-1,2,2,32720137,3748758
262144,same_object,16,24,pinned,-1,2,3,27958370,1402907
262144,same_object,16,24,pinned,-1,3,0,29492745,16450229
262144,same_object,16,24,pinned,-1,3,1,24790732,4740937
262144,same_object,16,24,pinned,-1,3,2,32588537,7954572
262144,same_object,16,24,pinned,-1,3,3,28266364,1667327
262144,same_object,16,24,pinned,-1,4,0,21253935,12050368
262144,same_object,16,24,pinned,-1,4,1,24936829,12401253
262144,same_object,16,24,pinned,-1,4,2,40005462,10332806
262144,same_object,16,24,pinned,-1,4,3,28431256,1959841
262144,same_object,16,24,pinned,-1,5,0,28931062,17501931
262144,same_object,16,24,pinned,-1,5,1,24529548,5503962
262144,same_object,16,24,pinned,-1,5,2,39476772,11916244
262144,same_object,16,24,pinned,-1,5,3,32004572,8357054
262144,same_object,16,24,pinned,-1,6,0,42174810,16900943
262144,same_object,16,24,pinned,-1,6,1,34582944,5213181
262144,same_object,16,24,pinned,-1,6,2,27075279,2464086
262144,same_object,16,24,pinned,-1,6,3,30926882,4412264
262144,same_object,16,24,pinned,-1,7,0,39916714,16583271
262144,same_object,16,24,pinned,-1,7,1,29821398,4474823
262144,same_object,16,24,pinned,-1,7,2,26977072,3212403
262144,same_object,16,24,pinned,-1,7,3,30217458,5989742
262144,same_object,16,24,pinned,-1,8,0,22887969,14598192
262144,same_object,16,24,pinned,-1,8,1,24670916,9734904
262144,same_object,16,24,pinned,-1,8,2,44602557,12997381
262144,same_object,16,24,pinned,-1,8,3,30254698,2776477
262144,same_object,16,24,pinned,-1,9,0,39104927,17923449
262144,same_object,16,24,pinned,-1,9,1,31636074,6281495
262144,same_object,16,24,pinned,-1,9,2,26579289,2514791
262144,same_object,16,24,pinned,-1,9,3,30704410,8707588
262144,same_object,16,24,pinned,-1,10,0,22004767,12214208
262144,same_object,16,24,pinned,-1,10,1,23587594,9890608
262144,same_object,16,24,pinned,-1,10,2,36234802,8626234
262144,same_object,16,24,pinned,-1,10,3,29155998,3299468
262144,same_object,16,24,pinned,-1,11,0,27051784,16445601
262144,same_object,16,24,pinned,-1,11,1,19602849,5971277
262144,same_object,16,24,pinned,-1,11,2,37831496,7328887
262144,same_object,16,24,pinned,-1,11,3,28667843,1769250
262144,same_object,16,24,pinned,-1,12,0,44967979,15615068
262144,same_object,16,24,pinned,-1,12,1,37566394,10983087
262144,same_object,16,24,pinned,-1,12,2,29176747,2328308
262144,same_object,16,24,pinned,-1,12,3,25258949,3310689
262144,same_object,16,24,pinned,-1,13,0,20607241,8784654
262144,same_object,16,24,pinned,-1,13,1,23701890,11396480
262144,same_object,16,24,pinned,-1,13,2,34240697,9509116
262144,same_object,16,24,pinned,-1,13,3,28749579,2445250
262144,same_object,16,24,pinned,-1,14,0,43806640,18248906
262144,same_object,16,24,pinned,-1,14,1,33890092,6599176
262144,same_object,16,24,pinned,-1,14,2,28892790,3459641
262144,same_object,16,24,pinned,-1,14,3,29144646,3941674
262144,same_object,16,24,pinned,-1,15,0,41473863,13785694
262144,same_object,16,24,pinned,-1,15,1,32518756,2139842
262144,same_object,16,24,pinned,-1,15,2,28024836,1807572
262144,same_object,16,24,pinned,-1,15,3,31636776,5841932
262144,same_object,16,24,pinned,0,0,0,17413844,10750587
262144,same_object,16,24,pinned,0,0,1,35011045,20058000
262144,same_object,16,24,pinned,0,0,2,36232438,2638977
262144,same_object,16,24,pinned,0,0,3,37583556,3811267
262144,same_object,16,24,pinned,0,1,0,45117202,19914008
262144,same_object,16,24,pinned,0,1,1,38714538,3248401
262144,same_object,16,24,pinned,0,1,2,39955107,4753230
262144,same_object,16,24,pinned,0,1,3,24322977,2231716
262144,same_object,16,24,pinned,0,2,0,22156555,15283791
262144,same_object,16,24,pinned,0,2,1,36890764,17758176
262144,same_object,16,24,pinned,0,2,2,38186258,2063748
262144,same_object,16,24,pinned,0,2,3,40699657,1907021
262144,same_object,16,24,pinned,0,3,0,20579929,11573485
262144,same_object,16,24,pinned,0,3,1,35726370,18079524
262144,same_object,16,24,pinned,0,3,2,37830594,2149330
262144,same_object,16,24,pinned,0,3,3,38275426,2580096
262144,same_object,16,24,pinned,0,4,0,33518790,24030793
262144,same_object,16,24,pinned,0,4,1,23532540,7158425
262144,same_object,16,24,pinned,0,4,2,38117928,2207490
262144,same_object,16,24,pinned,0,4,3,38307778,2149801
262144,same_object,16,24,pinned,0,5,0,39645751,26584910
262144,same_object,16,24,pinned,0,5,1,32313307,3962322
262144,same_object,16,24,pinned,0,5,2,37462998,2130875
262144,same_object,16,24,pinned,0,5,3,36414051,4072050
262144,same_object,16,24,pinned,0,6,0,37239915,21581255
262144,same_object,16,24,pinned,0,6,1,26033947,2424692
262144,same_object,16,24,pinned,0,6,2,37707882,2660228
262144,same_object,16,24,pinned,0,6,3,40619575,6338884
262144,same_object,16,24,pinned,0,7,0,53455531,25586008
262144,same_object,16,24,pinned,0,7,1,37085172,2689213
262144,same_object,16,24,pinned,0,7,2,39084599,2848244
262144,same_object,16,24,pinned,0,7,3,18973848,2380046
262144,same_object,16,24,pinned,0,8,0,22683582,14424263
262144,same_object,16,24,pinned,0,8,1,37244514,16947251
262144,same_object,16,24,pinned,0,8,2,39071043,2275969
262144,same_object,16,24,pinned,0,8,3,40277507,1701151
262144,same_object,16,24,pinned,0,9,0,47706685,18972154
262144,same_object,16,24,pinned,0,9,1,38448855,4467730
262144,same_object,16,24,pinned,0,9,2,22149331,4926128
262144,same_object,16,24,pinned,0,9,3,36373024,4767428
262144,same_object,16,24,pinned,0,10,0,19898930,11377484
262144,same_object,16,24,pinned,0,10,1,35028839,19020837
262144,same_object,16,24,pinned,0,10,2,37937988,2315714
262144,same_object,16,24,pinned,0,10,3,38526963,3700386
262144,same_object,16,24,pinned,0,11,0,40692543,24893296
262144,same_object,16,24,pinned,0,11,1,32497135,3675109
262144,same_object,16,24,pinned,0,11,2,39804551,2458836
262144,same_object,16,24,pinned,0,11,3,33282863,2634478
262144,same_object,16,24,pinned,0,12,0,48434523,24042596
262144,same_object,16,24,pinned,0,12,1,22230594,3190020
262144,same_object,16,24,pinned,0,12,2,35032095,2550680
262144,same_object,16,24,pinned,0,12,3,38136453,5947201
262144,same_object,16,24,pinned,0,13,0,38347352,23391012
262144,same_object,16,24,pinned,0,13,1,28361504,3105490
262144,same_object,16,24,pinned,0,13,2,37706649,3652746
262144,same_object,16,24,pinned,0,13,3,36471351,4688518
262144,same_object,16,24,pinned,0,14,0,32171959,22927935
262144,same_object,16,24,pinned,0,14,1,25623559,8463917
262144,same_object,16,24,pinned,0,14,2,38163184,2215385
262144,same_object,16,24,pinned,0,14,3,40986871,2193252
262144,same_object,16,24,pinned,0,15,0,43739272,21417756
262144,same_object,16,24,pinned,0,15,1,39061905,4677447
262144,same_object,16,24,pinned,0,15,2,37337340,2354288
262144,same_object,16,24,pinned,0,15,3,26930635,3670771
262144,same_object,16,24,unsafe_unpinned_baseline,0,0,0,22866800,22342366
262144,same_object,16,24,unsafe_unpinned_baseline,0,0,1,22968151,22576500
262144,same_object,16,24,unsafe_unpinned_baseline,0,0,2,25480648,25085871
262144,same_object,16,24,unsafe_unpinned_baseline,0,0,3,8600475,8078487
262144,same_object,16,24,unsafe_unpinned_baseline,0,1,0,23559581,23056689
262144,same_object,16,24,unsafe_unpinned_baseline,0,1,1,17482324,16997756
262144,same_object,16,24,unsafe_unpinned_baseline,0,1,2,19251974,18865132
262144,same_object,16,24,unsafe_unpinned_baseline,0,1,3,14760420,14289628
262144,same_object,16,24,unsafe_unpinned_baseline,0,2,0,22729029,22147668
262144,same_object,16,24,unsafe_unpinned_baseline,0,2,1,24172191,23677655
262144,same_object,16,24,unsafe_unpinned_baseline,0,2,2,24373121,23995977
262144,same_object,16,24,unsafe_unpinned_baseline,0,2,3,9116562,8660158
262144,same_object,16,24,unsafe_unpinned_baseline,0,3,0,29180084,28637577
262144,same_object,16,24,unsafe_unpinned_baseline,0,3,1,24856326,24283933
262144,same_object,16,24,unsafe_unpinned_baseline,0,3,2,20141469,19778000
262144,same_object,16,24,unsafe_unpinned_baseline,0,3,3,6285020,5865607
262144,same_object,16,24,unsafe_unpinned_baseline,0,4,0,29157982,28709022
262144,same_object,16,24,unsafe_unpinned_baseline,0,4,1,15703415,15342271
262144,same_object,16,24,unsafe_unpinned_baseline,0,4,2,16728025,16201118
262144,same_object,16,24,unsafe_unpinned_baseline,0,4,3,15689770,15294701
262144,same_object,16,24,unsafe_unpinned_baseline,0,5,0,29185665,28642476
262144,same_object,16,24,unsafe_unpinned_baseline,0,5,1,14635913,14252668
262144,same_object,16,24,unsafe_unpinned_baseline,0,5,2,17833889,17456225
262144,same_object,16,24,unsafe_unpinned_baseline,0,5,3,15670653,15189242
262144,same_object,16,24,unsafe_unpinned_baseline,0,6,0,21278903,20803282
262144,same_object,16,24,unsafe_unpinned_baseline,0,6,1,21074075,20430636
262144,same_object,16,24,unsafe_unpinned_baseline,0,6,2,19217419,18713976
262144,same_object,16,24,unsafe_unpinned_baseline,0,6,3,15885670,15492606
262144,same_object,16,24,unsafe_unpinned_baseline,0,7,0,21152423,20701149
262144,same_object,16,24,unsafe_unpinned_baseline,0,7,1,18346309,17685659
262144,same_object,16,24,unsafe_unpinned_baseline,0,7,2,16439018,15944862
262144,same_object,16,24,unsafe_unpinned_baseline,0,7,3,17401751,16797036
262144,same_object,16,24,unsafe_unpinned_baseline,0,8,0,28445373,28050084
262144,same_object,16,24,unsafe_unpinned_baseline,0,8,1,16336303,15966163
262144,same_object,16,24,unsafe_unpinned_baseline,0,8,2,16892066,16526544
262144,same_object,16,24,unsafe_unpinned_baseline,0,8,3,17774296,17358770
262144,same_object,16,24,unsafe_unpinned_baseline,0,9,0,29037785,28590607
262144,same_object,16,24,unsafe_unpinned_baseline,0,9,1,15773878,15374042
262144,same_object,16,24,unsafe_unpinned_baseline,0,9,2,17123314,16768091
262144,same_object,16,24,unsafe_unpinned_baseline,0,9,3,17987049,17609354
262144,same_object,16,24,unsafe_unpinned_baseline,0,10,0,29002627,28493433
262144,same_object,16,24,unsafe_unpinned_baseline,0,10,1,15852848,15436269
262144,same_object,16,24,unsafe_unpinned_baseline,0,10,2,16745829,16179878
262144,same_object,16,24,unsafe_unpinned_baseline,0,10,3,15560675,15079644
262144,same_object,16,24,unsafe_unpinned_baseline,0,11,0,28482453,27808016
262144,same_object,16,24,unsafe_unpinned_baseline,0,11,1,16306036,15945203
262144,same_object,16,24,unsafe_unpinned_baseline,0,11,2,16788019,16355490
262144,same_object,16,24,unsafe_unpinned_baseline,0,11,3,15620488,15113037
262144,same_object,16,24,unsafe_unpinned_baseline,0,12,0,21162532,20625034
262144,same_object,16,24,unsafe_unpinned_baseline,0,12,1,20054194,19436184
262144,same_object,16,24,unsafe_unpinned_baseline,0,12,2,17771210,17431678
262144,same_object,16,24,unsafe_unpinned_baseline,0,12,3,15926217,15362400
262144,same_object,16,24,unsafe_unpinned_baseline,0,13,0,29112065,28679245
262144,same_object,16,24,unsafe_unpinned_baseline,0,13,1,23631668,23267168
262144,same_object,16,24,unsafe_unpinned_baseline,0,13,2,20789536,20109779
262144,same_object,16,24,unsafe_unpinned_baseline,0,13,3,6769268,6214587
262144,same_object,16,24,unsafe_unpinned_baseline,0,14,0,21302448,20814884
262144,same_object,16,24,unsafe_unpinned_baseline,0,14,1,21087651,20561644
262144,same_object,16,24,unsafe_unpinned_baseline,0,14,2,18301184,17965108
262144,same_object,16,24,unsafe_unpinned_baseline,0,14,3,17536637,17174571
262144,same_object,16,24,unsafe_unpinned_baseline,0,15,0,21323657,20688124
262144,same_object,16,24,unsafe_unpinned_baseline,0,15,1,20996638,20483827
262144,same_object,16,24,unsafe_unpinned_baseline,0,15,2,18389682,18030402
262144,same_object,16,24,unsafe_unpinned_baseline,0,15,3,17520285,17151327
262144,same_object,16,24,unsafe_unpinned_baseline,1,0,0,26437631,25869455
262144,same_object,16,24,unsafe_unpinned_baseline,1,0,1,20084411,19497610
262144,same_object,16,24,unsafe_unpinned_baseline,1,0,2,16198483,15798475
262144,same_object,16,24,unsafe_unpinned_baseline,1,0,3,10381457,9989455
262144,same_object,16,24,unsafe_unpinned_baseline,1,1,0,17515556,17040677
262144,same_object,16,24,unsafe_unpinned_baseline,1,1,1,12652549,12113347
262144,same_object,16,24,unsafe_unpinned_baseline,1,1,2,17166095,16724709
262144,same_object,16,24,unsafe_unpinned_baseline,1,1,3,20309146,19895954
262144,same_object,16,24,unsafe_unpinned_baseline,1,2,0,26237481,25702629
262144,same_object,16,24,unsafe_unpinned_baseline,1,2,1,20307022,19624149
262144,same_object,16,24,unsafe_unpinned_baseline,1,2,2,16214503,15833792
262144,same_object,16,24,unsafe_unpinned_baseline,1,2,3,10280867,9893423
262144,same_object,16,24,unsafe_unpinned_baseline,1,3,0,26691321,26204539
262144,same_object,16,24,unsafe_unpinned_baseline,1,3,1,20883534,20446346
262144,same_object,16,24,unsafe_unpinned_baseline,1,3,2,20149745,19768493
262144,same_object,16,24,unsafe_unpinned_baseline,1,3,3,7246982,6719935
262144,same_object,16,24,unsafe_unpinned_baseline,1,4,0,16331505,15882854
262144,same_object,16,24,unsafe_unpinned_baseline,1,4,1,14097585,13532355
262144,same_object,16,24,unsafe_unpinned_baseline,1,4,2,16735149,16437094
262144,same_object,16,24,unsafe_unpinned_baseline,1,4,3,20457588,20041078
262144,same_object,16,24,unsafe_unpinned_baseline,1,5,0,26318736,25860999
262144,same_object,16,24,unsafe_unpinned_baseline,1,5,1,20275002,19697308
262144,same_object,16,24,unsafe_unpinned_baseline,1,5,2,16193984,15755564
262144,same_object,16,24,unsafe_unpinned_baseline,1,5,3,10214612,9842728
262144,same_object,16,24,unsafe_unpinned_baseline,1,6,0,26631919,26184552
262144,same_object,16,24,unsafe_unpinned_baseline,1,6,1,20891680,20428643
262144,same_object,16,24,unsafe_unpinned_baseline,1,6,2,21428356,21036453
262144,same_object,16,24,unsafe_unpinned_baseline,1,6,3,6169091,5654387
262144,same_object,16,24,unsafe_unpinned_baseline,1,7,0,17495037,17059172
262144,same_object,16,24,unsafe_unpinned_baseline,1,7,1,24883839,24250640
262144,same_object,16,24,unsafe_unpinned_baseline,1,7,2,12016554,11377905
262144,same_object,16,24,unsafe_unpinned_baseline,1,7,3,13060200,12684018
262144,same_object,16,24,unsafe_unpinned_baseline,1,8,0,17275963,16802937
262144,same_object,16,24,unsafe_unpinned_baseline,1,8,1,12919875,12363931
262144,same_object,16,24,unsafe_unpinned_baseline,1,8,2,16989841,16600624
262144,same_object,16,24,unsafe_unpinned_baseline,1,8,3,20317883,19952511
262144,same_object,16,24,unsafe_unpinned_baseline,1,9,0,16476389,16021778
262144,same_object,16,24,unsafe_unpinned_baseline,1,9,1,20843459,20430486
262144,same_object,16,24,unsafe_unpinned_baseline,1,9,2,11196381,10432956
262144,same_object,16,24,unsafe_unpinned_baseline,1,9,3,17120458,16722284
262144,same_object,16,24,unsafe_unpinned_baseline,1,10,0,19728737,19244209
262144,same_object,16,24,unsafe_unpinned_baseline,1,10,1,16478012,15963828
262144,same_object,16,24,unsafe_unpinned_baseline,1,10,2,12924754,12433073
262144,same_object,16,24,unsafe_unpinned_baseline,1,10,3,16565037,16209493
262144,same_object,16,24,unsafe_unpinned_baseline,1,11,0,24026245,23549803
262144,same_object,16,24,unsafe_unpinned_baseline,1,11,1,22617217,22120516
262144,same_object,16,24,unsafe_unpinned_baseline,1,11,2,20989174,20425317
262144,same_object,16,24,unsafe_unpinned_baseline,1,11,3,7261309,6607632
262144,same_object,16,24,unsafe_unpinned_baseline,1,12,0,24437774,23999595
262144,same_object,16,24,unsafe_unpinned_baseline,1,12,1,22210576,21887004
262144,same_object,16,24,unsafe_unpinned_baseline,1,12,2,16172003,15815828
262144,same_object,16,24,unsafe_unpinned_baseline,1,12,3,9989716,9623743
262144,same_object,16,24,unsafe_unpinned_baseline,1,13,0,26424225,25977379
262144,same_object,16,24,unsafe_unpinned_baseline,1,13,1,20124076,19673783
262144,same_object,16,24,unsafe_unpinned_baseline,1,13,2,19160191,18719096
262144,same_object,16,24,unsafe_unpinned_baseline,1,13,3,8584806,7968780
262144,same_object,16,24,unsafe_unpinned_baseline,1,14,0,26506802,26026803
262144,same_object,16,24,unsafe_unpinned_baseline,1,14,1,20100311,19606245
262144,same_object,16,24,unsafe_unpinned_baseline,1,14,2,16264227,15891291
262144,same_object,16,24,unsafe_unpinned_baseline,1,14,3,11648918,11286541
262144,same_object,16,24,unsafe_unpinned_baseline,1,15,0,24011978,23553289
262144,same_object,16,24,unsafe_unpinned_baseline,1,15,1,22637175,22208031
262144,same_object,16,24,unsafe_unpinned_baseline,1,15,2,19938324,19583182
262144,same_object,16,24,unsafe_unpinned_baseline,1,15,3,7232065,6909453
262144,same_object,16,24,pinned,1,0,0,19947422,9127764
262144,same_object,16,24,pinned,1,0,1,25327759,6391563
262144,same_object,16,24,pinned,1,0,2,33319522,2456672
262144,same_object,16,24,pinned,1,0,3,30701845,2917855
262144,same_object,16,24,pinned,1,1,0,33622245,12151329
262144,same_object,16,24,pinned,1,1,1,31796338,2178195
262144,same_object,16,24,pinned,1,1,2,30054169,2664395
262144,same_object,16,24,pinned,1,1,3,25674947,1624736
262144,same_object,16,24,pinned,1,2,0,17711848,6663247
262144,same_object,16,24,pinned,1,2,1,22178035,7680383
262144,same_object,16,24,pinned,1,2,2,32156740,1856074
262144,same_object,16,24,pinned,1,2,3,28828317,1957016
262144,same_object,16,24,pinned,1,3,0,24040682,11487252
262144,same_object,16,24,pinned,1,3,1,26514847,2178475
262144,same_object,16,24,pinned,1,3,2,32317244,3111271
262144,same_object,16,24,pinned,1,3,3,30324852,2779052
262144,same_object,16,24,pinned,1,4,0,34276904,9699316
262144,same_object,16,24,pinned,1,4,1,33135624,4118629
262144,same_object,16,24,pinned,1,4,2,30367522,4579381
262144,same_object,16,24,pinned,1,4,3,24179275,3015450
262144,same_object,16,24,pinned,1,5,0,40954249,13200336
262144,same_object,16,24,pinned,1,5,1,31983733,1223407
262144,same_object,16,24,pinned,1,5,2,30933745,4525409
262144,same_object,16,24,pinned,1,5,3,21081919,1821058
262144,same_object,16,24,pinned,1,6,0,34995495,8854436
262144,same_object,16,24,pinned,1,6,1,33045443,3061157
262144,same_object,16,24,pinned,1,6,2,30254107,5055924
262144,same_object,16,24,pinned,1,6,3,24196016,2569987
262144,same_object,16,24,pinned,1,7,0,36496258,12095413
262144,same_object,16,24,pinned,1,7,1,34568257,2484014
262144,same_object,16,24,pinned,1,7,2,28958965,2870015
262144,same_object,16,24,pinned,1,7,3,24277842,2946389
262144,same_object,16,24,pinned,1,8,0,19211658,7023529
262144,same_object,16,24,pinned,1,8,1,25146676,7031574
262144,same_object,16,24,pinned,1,8,2,31522870,2562803
262144,same_object,16,24,pinned,1,8,3,28833608,2097933
262144,same_object,16,24,pinned,1,9,0,29568850,12868397
262144,same_object,16,24,pinned,1,9,1,30027048,5918737
262144,same_object,16,24,pinned,1,9,2,31340484,3393485
262144,same_object,16,24,pinned,1,9,3,27457101,2575707
262144,same_object,16,24,pinned,1,10,0,20959437,9670432
262144,same_object,16,24,pinned,1,10,1,25475078,4145409
262144,same_object,16,24,pinned,1,10,2,33615593,1669281
262144,same_object,16,24,pinned,1,10,3,30047988,2108632
262144,same_object,16,24,pinned,1,11,0,31503724,10082502
262144,same_object,16,24,pinned,1,11,1,31788353,2926552
262144,same_object,16,24,pinned,1,11,2,31495879,3695227
262144,same_object,16,24,pinned,1,11,3,25337748,3324275
262144,same_object,16,24,pinned,1,12,0,18304000,5817485
262144,same_object,16,24,pinned,1,12,1,25504934,8400477
262144,same_object,16,24,pinned,1,12,2,31366554,2407018
262144,same_object,16,24,pinned,1,12,3,27897155,3001263
262144,same_object,16,24,pinned,1,13,0,30680816,14161495
262144,same_object,16,24,pinned,1,13,1,31715275,3727909
262144,same_object,16,24,pinned,1,13,2,31407311,4644375
262144,same_object,16,24,pinned,1,13,3,25476892,4368331
262144,same_object,16,24,pinned,1,14,0,35764532,14328121
262144,same_object,16,24,pinned,1,14,1,34526638,3426939
262144,same_object,16,24,pinned,1,14,2,28731895,3678386
262144,same_object,16,24,pinned,1,14,3,24183713,2230984
262144,same_object,16,24,pinned,1,15,0,26891611,11129475
262144,same_object,16,24,pinned,1,15,1,28715695,2445411
262144,same_object,16,24,pinned,1,15,2,29872605,1578980
262144,same_object,16,24,pinned,1,15,3,29364573,2057335
262144,same_object,16,24,pinned,2,0,0,28080902,15367800
262144,same_object,16,24,pinned,2,0,1,25026519,7184314
262144,same_object,16,24,pinned,2,0,2,27427025,1774120
262144,same_object,16,24,pinned,2,0,3,29181286,1968407
262144,same_object,16,24,pinned,2,1,0,40658529,16019895
262144,same_object,16,24,pinned,2,1,1,30229331,3288097
262144,same_object,16,24,pinned,2,1,2,29640616,1846777
262144,same_object,16,24,pinned,2,1,3,15160307,1488999
262144,same_object,16,24,pinned,2,2,0,21589431,12113918
262144,same_object,16,24,pinned,2,2,1,27577279,11638348
262144,same_object,16,24,pinned,2,2,2,30552012,1912301
262144,same_object,16,24,pinned,2,2,3,29511541,2593451
262144,same_object,16,24,pinned,2,3,0,19480688,10433787
262144,same_object,16,24,pinned,2,3,1,27891804,10928133
262144,same_object,16,24,pinned,2,3,2,30815350,1922159
262144,same_object,16,24,pinned,2,3,3,27634698,1312686
262144,same_object,16,24,pinned,2,4,0,20596280,11052859
262144,same_object,16,24,pinned,2,4,1,25984402,9244023
262144,same_object,16,24,pinned,2,4,2,30808236,2062796
262144,same_object,16,24,pinned,2,4,3,27181209,1393629
262144,same_object,16,24,pinned,2,5,0,18829805,7110383
262144,same_object,16,24,pinned,2,5,1,29468359,13190307
262144,same_object,16,24,pinned,2,5,2,30495155,1811470
262144,same_object,16,24,pinned,2,5,3,28529211,1250598
262144,same_object,16,24,pinned,2,6,0,33835219,15106986
262144,same_object,16,24,pinned,2,6,1,27242736,2925891
262144,same_object,16,24,pinned,2,6,2,34161166,2668132
262144,same_object,16,24,pinned,2,6,3,19532075,2352014
262144,same_object,16,24,pinned,2,7,0,32125431,15967575
262144,same_object,16,24,pinned,2,7,1,25689283,2640720
262144,same_object,16,24,pinned,2,7,2,36718067,4079204
262144,same_object,16,24,pinned,2,7,3,19464327,3975989
262144,same_object,16,24,pinned,2,8,0,27126746,16714099
262144,same_object,16,24,pinned,2,8,1,11408813,7764222
262144,same_object,16,24,pinned,2,8,2,30589452,4978657
262144,same_object,16,24,pinned,2,8,3,28857313,3034586
262144,same_object,16,24,pinned,2,9,0,39607909,13553033
262144,same_object,16,24,pinned,2,9,1,30323709,4131783
262144,same_object,16,24,pinned,2,9,2,29739093,2744126
262144,same_object,16,24,pinned,2,9,3,15551637,1444195
262144,same_object,16,24,pinned,2,10,0,30643435,13877668
262144,same_object,16,24,pinned,2,10,1,25569117,6912519
262144,same_object,16,24,pinned,2,10,2,34047000,5285509
262144,same_object,16,24,pinned,2,10,3,22783342,3722518
262144,same_object,16,24,pinned,2,11,0,18221424,2078616
262144,same_object,16,24,pinned,2,11,1,26625006,12021223
262144,same_object,16,24,pinned,2,11,2,28938116,2109925
262144,same_object,16,24,pinned,2,11,3,28610054,1285935
262144,same_object,16,24,pinned,2,12,0,19985033,10252153
262144,same_object,16,24,pinned,2,12,1,25720964,10054849
262144,same_object,16,24,pinned,2,12,2,29743931,1946546
262144,same_object,16,24,pinned,2,12,3,27541280,1308026
262144,same_object,16,24,pinned,2,13,0,28589265,17704454
262144,same_object,16,24,pinned,2,13,1,25781609,8076613
262144,same_object,16,24,pinned,2,13,2,31774497,3785528
262144,same_object,16,24,pinned,2,13,3,26414006,1892013
262144,same_object,16,24,pinned,2,14,0,31330325,16613168
262144,same_object,16,24,pinned,2,14,1,25655259,3307322
262144,same_object,16,24,pinned,2,14,2,34101182,4450557
262144,same_object,16,24,pinned,2,14,3,22366042,5206179
262144,same_object,16,24,pinned,2,15,0,29146540,16773852
262144,same_object,16,24,pinned,2,15,1,24621081,6210149
262144,same_object,16,24,pinned,2,15,2,31693883,4426631
262144,same_object,16,24,pinned,2,15,3,25868333,1461538
262144,same_object,16,24,unsafe_unpinned_baseline,2,0,0,19849446,19414583
262144,same_object,16,24,unsafe_unpinned_baseline,2,0,1,27352273,26772445
262144,same_object,16,24,unsafe_unpinned_baseline,2,0,2,14467385,14044153
262144,same_object,16,24,unsafe_unpinned_baseline,2,0,3,23521900,23085133
262144,same_object,16,24,unsafe_unpinned_baseline,2,1,0,21771044,21077501
262144,same_object,16,24,unsafe_unpinned_baseline,2,1,1,25364900,24955514
262144,same_object,16,24,unsafe_unpinned_baseline,2,1,2,14322922,13911973
262144,same_object,16,24,unsafe_unpinned_baseline,2,1,3,23760823,23439745
262144,same_object,16,24,unsafe_unpinned_baseline,2,2,0,16924016,16512557
262144,same_object,16,24,unsafe_unpinned_baseline,2,2,1,16029022,15656096
262144,same_object,16,24,unsafe_unpinned_baseline,2,2,2,25411838,25026178
262144,same_object,16,24,unsafe_unpinned_baseline,2,2,3,39012843,38265999
262144,same_object,16,24,unsafe_unpinned_baseline,2,3,0,23087888,22408592
262144,same_object,16,24,unsafe_unpinned_baseline,2,3,1,23954579,23457417
262144,same_object,16,24,unsafe_unpinned_baseline,2,3,2,33412408,32723553
262144,same_object,16,24,unsafe_unpinned_baseline,2,3,3,23230448,22813559
262144,same_object,16,24,unsafe_unpinned_baseline,2,4,0,23480522,22800905
262144,same_object,16,24,unsafe_unpinned_baseline,2,4,1,35081338,34676772
262144,same_object,16,24,unsafe_unpinned_baseline,2,4,2,23460103,22950317
262144,same_object,16,24,unsafe_unpinned_baseline,2,4,3,21243545,19658745
262144,same_object,16,24,unsafe_unpinned_baseline,2,5,0,23317562,22665749
262144,same_object,16,24,unsafe_unpinned_baseline,2,5,1,35290133,34853737
262144,same_object,16,24,unsafe_unpinned_baseline,2,5,2,23493426,23111282
262144,same_object,16,24,unsafe_unpinned_baseline,2,5,3,20566083,20112293
262144,same_object,16,24,unsafe_unpinned_baseline,2,6,0,22086391,21429237
262144,same_object,16,24,unsafe_unpinned_baseline,2,6,1,24974300,24334498
262144,same_object,16,24,unsafe_unpinned_baseline,2,6,2,31164521,30609752
262144,same_object,16,24,unsafe_unpinned_baseline,2,6,3,24578801,23665001
262144,same_object,16,24,unsafe_unpinned_baseline,2,7,0,23417843,22988038
262144,same_object,16,24,unsafe_unpinned_baseline,2,7,1,35160328,34822679
262144,same_object,16,24,unsafe_unpinned_baseline,2,7,2,23551866,23117514
262144,same_object,16,24,unsafe_unpinned_baseline,2,7,3,20557507,20139736
262144,same_object,16,24,unsafe_unpinned_baseline,2,8,0,23433793,23026902
262144,same_object,16,24,unsafe_unpinned_baseline,2,8,1,35232734,34853206
262144,same_object,16,24,unsafe_unpinned_baseline,2,8,2,37670541,37166617
262144,same_object,16,24,unsafe_unpinned_baseline,2,8,3,8098595,7655917
262144,same_object,16,24,unsafe_unpinned_baseline,2,9,0,22068117,21412736
262144,same_object,16,24,unsafe_unpinned_baseline,2,9,1,24818966,24246451
262144,same_object,16,24,unsafe_unpinned_baseline,2,9,2,14811987,14334483
262144,same_object,16,24,unsafe_unpinned_baseline,2,9,3,23371455,22962140
262144,same_object,16,24,unsafe_unpinned_baseline,2,10,0,23145647,22521926
262144,same_object,16,24,unsafe_unpinned_baseline,2,10,1,23655703,23115540
262144,same_object,16,24,unsafe_unpinned_baseline,2,10,2,33531914,32727701
262144,same_object,16,24,unsafe_unpinned_baseline,2,10,3,22404644,21998184
262144,same_object,16,24,unsafe_unpinned_baseline,2,11,0,22029884,21406444
262144,same_object,16,24,unsafe_unpinned_baseline,2,11,1,24737051,24168283
262144,same_object,16,24,unsafe_unpinned_baseline,2,11,2,15022115,14469548
262144,same_object,16,24,unsafe_unpinned_baseline,2,11,3,23216221,22869425
262144,same_object,16,24,unsafe_unpinned_baseline,2,12,0,23375703,22721093
262144,same_object,16,24,unsafe_unpinned_baseline,2,12,1,35167742,34824402
262144,same_object,16,24,unsafe_unpinned_baseline,2,12,2,29693386,29275685
262144,same_object,16,24,unsafe_unpinned_baseline,2,12,3,15303408,14922627
262144,same_object,16,24,unsafe_unpinned_baseline,2,13,0,23367959,22742384
262144,same_object,16,24,unsafe_unpinned_baseline,2,13,1,35180996,34783224
262144,same_object,16,24,unsafe_unpinned_baseline,2,13,2,23490430,23069874
262144,same_object,16,24,unsafe_unpinned_baseline,2,13,3,20461014,20043694
262144,same_object,16,24,unsafe_unpinned_baseline,2,14,0,23273750,22652603
262144,same_object,16,24,unsafe_unpinned_baseline,2,14,1,35292468,34153902
262144,same_object,16,24,unsafe_unpinned_baseline,2,14,2,23342139,22942724
262144,same_object,16,24,unsafe_unpinned_baseline,2,14,3,20737388,20303776
262144,same_object,16,24,unsafe_unpinned_baseline,2,15,0,23247510,22630942
262144,same_object,16,24,unsafe_unpinned_baseline,2,15,1,23560603,23209648
262144,same_object,16,24,unsafe_unpinned_baseline,2,15,2,15040601,14595167
262144,same_object,16,24,unsafe_unpinned_baseline,2,15,3,21795972,21415101
262144,same_object,16,24,unsafe_unpinned_baseline,3,0,0,29235098,28512139
262144,same_object,16,24,unsafe_unpinned_baseline,3,0,1,38100545,37606019
262144,same_object,16,24,unsafe_unpinned_baseline,3,0,2,17762605,17124536
262144,same_object,16,24,unsafe_unpinned_baseline,3,0,3,21571838,21182961
262144,same_object,16,24,unsafe_unpinned_baseline,3,1,0,27504551,26773347
262144,same_object,16,24,unsafe_unpinned_baseline,3,1,1,24123078,23647137
262144,same_object,16,24,unsafe_unpinned_baseline,3,1,2,32402395,31285120
262144,same_object,16,24,unsafe_unpinned_baseline,3,1,3,20242219,19772640
262144,same_object,16,24,unsafe_unpinned_baseline,3,2,0,25110728,24391867
262144,same_object,16,24,unsafe_unpinned_baseline,3,2,1,26539334,24627353
262144,same_object,16,24,unsafe_unpinned_baseline,3,2,2,28136608,27070639
262144,same_object,16,24,unsafe_unpinned_baseline,3,2,3,21560656,21063365
262144,same_object,16,24,unsafe_unpinned_baseline,3,3,0,29237102,28531165
262144,same_object,16,24,unsafe_unpinned_baseline,3,3,1,30063537,29559623
262144,same_object,16,24,unsafe_unpinned_baseline,3,3,2,24537753,24144108
262144,same_object,16,24,unsafe_unpinned_baseline,3,3,3,22421225,21988847
262144,same_object,16,24,unsafe_unpinned_baseline,3,4,0,27363414,26682053
262144,same_object,16,24,unsafe_unpinned_baseline,3,4,1,24220934,23683236
262144,same_object,16,24,unsafe_unpinned_baseline,3,4,2,32406894,31305608
262144,same_object,16,24,unsafe_unpinned_baseline,3,4,3,22718198,22155493
262144,same_object,16,24,unsafe_unpinned_baseline,3,5,0,29196345,28550562
262144,same_object,16,24,unsafe_unpinned_baseline,3,5,1,29984136,29488999
262144,same_object,16,24,unsafe_unpinned_baseline,3,5,2,24549686,24097019
262144,same_object,16,24,unsafe_unpinned_baseline,3,5,3,22431806,21926338
262144,same_object,16,24,unsafe_unpinned_baseline,3,6,0,29231601,28538909
262144,same_object,16,24,unsafe_unpinned_baseline,3,6,1,24304842,23805096
262144,same_object,16,24,unsafe_unpinned_baseline,3,6,2,33057215,32563841
262144,same_object,16,24,unsafe_unpinned_baseline,3,6,3,19699302,19335914
262144,same_object,16,24,unsafe_unpinned_baseline,3,7,0,27050531,26355916
262144,same_object,16,24,unsafe_unpinned_baseline,3,7,1,30100226,28459018
262144,same_object,16,24,unsafe_unpinned_baseline,3,7,2,26544924,26010151
262144,same_object,16,24,unsafe_unpinned_baseline,3,7,3,22520463,22016219
262144,same_object,16,24,unsafe_unpinned_baseline,3,8,0,27065950,26420328
262144,same_object,16,24,unsafe_unpinned_baseline,3,8,1,31409035,30633766
262144,same_object,16,24,unsafe_unpinned_baseline,3,8,2,25345393,24876785
262144,same_object,16,24,unsafe_unpinned_baseline,3,8,3,22781017,22161875
262144,same_object,16,24,unsafe_unpinned_baseline,3,9,0,27409522,26664351
262144,same_object,16,24,unsafe_unpinned_baseline,3,9,1,24333797,23880829
262144,same_object,16,24,unsafe_unpinned_baseline,3,9,2,33345782,32164555
262144,same_object,16,24,unsafe_unpinned_baseline,3,9,3,21187660,20847095
262144,same_object,16,24,unsafe_unpinned_baseline,3,10,0,29150799,28528199
262144,same_object,16,24,unsafe_unpinned_baseline,3,10,1,30014354,29505540
262144,same_object,16,24,unsafe_unpinned_baseline,3,10,2,24530499,24111577
262144,same_object,16,24,unsafe_unpinned_baseline,3,10,3,22500095,22024103
262144,same_object,16,24,unsafe_unpinned_baseline,3,11,0,27047896,26193268
262144,same_object,16,24,unsafe_unpinned_baseline,3,11,1,24387690,23602813
262144,same_object,16,24,unsafe_unpinned_baseline,3,11,2,28305097,27084305
262144,same_object,16,24,unsafe_unpinned_baseline,3,11,3,21177391,20744141
262144,same_object,16,24,unsafe_unpinned_baseline,3,12,0,29082158,28467034
262144,same_object,16,24,unsafe_unpinned_baseline,3,12,1,24377350,23870210
262144,same_object,16,24,unsafe_unpinned_baseline,3,12,2,31639350,31010400
262144,same_object,16,24,unsafe_unpinned_baseline,3,12,3,21607845,21190947
262144,same_object,16,24,unsafe_unpinned_baseline,3,13,0,29046601,28268819
262144,same_object,16,24,unsafe_unpinned_baseline,3,13,1,24207278,23704546
262144,same_object,16,24,unsafe_unpinned_baseline,3,13,2,31818921,31359471
262144,same_object,16,24,unsafe_unpinned_baseline,3,13,3,21482628,20981600
262144,same_object,16,24,unsafe_unpinned_baseline,3,14,0,27015715,26179863
262144,same_object,16,24,unsafe_unpinned_baseline,3,14,1,30083425,29278721
262144,same_object,16,24,unsafe_unpinned_baseline,3,14,2,25642425,25189317
262144,same_object,16,24,unsafe_unpinned_baseline,3,14,3,23382015,22701296
262144,same_object,16,24,unsafe_unpinned_baseline,3,15,0,27292169,26597123
262144,same_object,16,24,unsafe_unpinned_baseline,3,15,1,24274816,22897357
262144,same_object,16,24,unsafe_unpinned_baseline,3,15,2,28226458,27159718
262144,same_object,16,24,unsafe_unpinned_baseline,3,15,3,26327172,25693723
262144,same_object,16,24,pinned,3,0,0,42964105,14091954
262144,same_object,16,24,pinned,3,0,1,23458810,3210029
262144,same_object,16,24,pinned,3,0,2,34630935,3845161
262144,same_object,16,24,pinned,3,0,3,35979650,5966238
262144,same_object,16,24,pinned,3,1,0,51188387,19783461
262144,same_object,16,24,pinned,3,1,1,32373681,3673887
262144,same_object,16,24,pinned,3,1,2,31621637,3867393
262144,same_object,16,24,pinned,3,1,3,26021653,3822217
262144,same_object,16,24,pinned,3,2,0,44577229,15076709
262144,same_object,16,24,pinned,3,2,1,26514226,4610621
262144,same_object,16,24,pinned,3,2,2,34794064,3976900
262144,same_object,16,24,pinned,3,2,3,32385594,2883710
262144,same_object,16,24,pinned,3,3,0,26271477,8483244
262144,same_object,16,24,pinned,3,3,1,31561333,11913529
262144,same_object,16,24,pinned,3,3,2,27227606,3131450
262144,same_object,16,24,pinned,3,3,3,34909933,2698880
262144,same_object,16,24,pinned,3,4,0,30357383,4117056
262144,same_object,16,24,pinned,3,4,1,32206334,7969971
262144,same_object,16,24,pinned,3,4,2,28823038,2156253
262144,same_object,16,24,pinned,3,4,3,44196708,10561880
262144,same_object,16,24,pinned,3,5,0,27170829,7670364
262144,same_object,16,24,pinned,3,5,1,32807232,11430224
262144,same_object,16,24,pinned,3,5,2,30474155,1949933
262144,same_object,16,24,pinned,3,5,3,38803757,2654236
262144,same_object,16,24,pinned,3,6,0,51973374,18855824
262144,same_object,16,24,pinned,3,6,1,32331020,3963375
262144,same_object,16,24,pinned,3,6,2,31579918,3127822
262144,same_object,16,24,pinned,3,6,3,26079282,2613258
262144,same_object,16,24,pinned,3,7,0,27951748,5684814
262144,same_object,16,24,pinned,3,7,1,31291161,9306733
262144,same_object,16,24,pinned,3,7,2,29275956,2868702
262144,same_object,16,24,pinned,3,7,3,34931885,2762270
262144,same_object,16,24,pinned,3,8,0,43729735,15404870
262144,same_object,16,24,pinned,3,8,1,24097810,4866755
262144,same_object,16,24,pinned,3,8,2,34047090,2921662
262144,same_object,16,24,pinned,3,8,3,35666756,5503371
262144,same_object,16,24,pinned,3,9,0,28873614,4641879
262144,same_object,16,24,pinned,3,9,1,32604077,8540322
262144,same_object,16,24,pinned,3,9,2,30797346,3326720
262144,same_object,16,24,pinned,3,9,3,41380376,9796270
262144,same_object,16,24,pinned,3,10,0,46321602,15986010
262144,same_object,16,24,pinned,3,10,1,26093510,2830349
262144,same_object,16,24,pinned,3,10,2,36539199,2869253
262144,same_object,16,24,pinned,3,10,3,30668793,2436774
262144,same_object,16,24,pinned,3,11,0,47138860,18137926
262144,same_object,16,24,pinned,3,11,1,31297473,2817916
262144,same_object,16,24,pinned,3,11,2,34412712,2323830
262144,same_object,16,24,pinned,3,11,3,27346973,3677303
262144,same_object,16,24,pinned,3,12,0,31506029,7313298
262144,same_object,16,24,pinned,3,12,1,31681761,7107479
262144,same_object,16,24,pinned,3,12,2,31322320,3639853
262144,same_object,16,24,pinned,3,12,3,40073230,8715884
262144,same_object,16,24,pinned,3,13,0,25216869,9488187
262144,same_object,16,24,pinned,3,13,1,33267925,13272021
262144,same_object,16,24,pinned,3,13,2,30803518,4201786
262144,same_object,16,24,pinned,3,13,3,37687272,2397229
262144,same_object,16,24,pinned,3,14,0,45213514,13442163
262144,same_object,16,24,pinned,3,14,1,26330158,3681261
262144,same_object,16,24,pinned,3,14,2,35009913,3497463
262144,same_object,16,24,pinned,3,14,3,32197607,2863172
262144,same_object,16,24,pinned,3,15,0,42002974,15854341
262144,same_object,16,24,pinned,3,15,1,23773887,3818400
262144,same_object,16,24,pinned,3,15,2,34344863,4812012
262144,same_object,16,24,pinned,3,15,3,36218872,7244999
262144,same_object,16,24,pinned,4,0,0,22904331,6246498
262144,same_object,16,24,pinned,4,0,1,27444317,2356492
262144,same_object,16,24,pinned,4,0,2,45460010,14665620
262144,same_object,16,24,pinned,4,0,3,48226098,6718301
262144,same_object,16,24,pinned,4,1,0,47855757,8989121
262144,same_object,16,24,pinned,4,1,1,39653546,13478402
262144,same_object,16,24,pinned,4,1,2,39301329,2507087
262144,same_object,16,24,pinned,4,1,3,29522332,2401447
262144,same_object,16,24,pinned,4,2,0,41792927,12871153
262144,same_object,16,24,pinned,4,2,1,35642901,5820341
262144,same_object,16,24,pinned,4,2,2,36977839,3515728
262144,same_object,16,24,pinned,4,2,3,28473155,9075736
262144,same_object,16,24,pinned,4,3,0,32517463,9432862
262144,same_object,16,24,pinned,4,3,1,35700530,2244991
262144,same_object,16,24,pinned,4,3,2,42079931,8995654
262144,same_object,16,24,pinned,4,3,3,40652287,7113269
262144,same_object,16,24,pinned,4,4,0,22189737,5805122
262144,same_object,16,24,pinned,4,4,1,27462852,2084157
262144,same_object,16,24,pinned,4,4,2,36283465,11329022
262144,same_object,16,24,pinned,4,4,3,37503755,3765130
262144,same_object,16,24,pinned,4,5,0,42862152,9840343
262144,same_object,16,24,pinned,4,5,1,36823297,8371442
262144,same_object,16,24,pinned,4,5,2,38145420,2896595
262144,same_object,16,24,pinned,4,5,3,35703696,6665011
262144,same_object,16,24,pinned,4,6,0,25196751,5234421
262144,same_object,16,24,pinned,4,6,1,27141393,2840418
262144,same_object,16,24,pinned,4,6,2,40797301,8727527
262144,same_object,16,24,pinned,4,6,3,52595592,8365129
262144,same_object,16,24,pinned,4,7,0,43815076,12802372
262144,same_object,16,24,pinned,4,7,1,37871402,10759334
262144,same_object,16,24,pinned,4,7,2,37938238,3066065
262144,same_object,16,24,pinned,4,7,3,35762548,5722716
262144,same_object,16,24,pinned,4,8,0,44999098,15994537
262144,same_object,16,24,pinned,4,8,1,37629403,10141524
262144,same_object,16,24,pinned,4,8,2,39360752,6877513
262144,same_object,16,24,pinned,4,8,3,32451879,3883574
262144,same_object,16,24,pinned,4,9,0,36601126,13403981
262144,same_object,16,24,pinned,4,9,1,36402319,2355591
262144,same_object,16,24,pinned,4,9,2,39012422,6522972
262144,same_object,16,24,pinned,4,9,3,39582161,6538802
262144,same_object,16,24,pinned,4,10,0,46815226,9976081
262144,same_object,16,24,pinned,4,10,1,38122567,13837722
262144,same_object,16,24,pinned,4,10,2,21241482,5594844
262144,same_object,16,24,pinned,4,10,3,42192273,3373738
262144,same_object,16,24,pinned,4,11,0,30290237,9216342
262144,same_object,16,24,pinned,4,11,1,33076842,2919789
262144,same_object,16,24,pinned,4,11,2,45465671,11116039
262144,same_object,16,24,pinned,4,11,3,41321694,2621615
262144,same_object,16,24,pinned,4,12,0,27222687,9329305
262144,same_object,16,24,pinned,4,12,1,29453181,3726045
262144,same_object,16,24,pinned,4,12,2,50124623,14904332
262144,same_object,16,24,pinned,4,12,3,42137780,3272376
262144,same_object,16,24,pinned,4,13,0,24268193,5317409
262144,same_object,16,24,pinned,4,13,1,27549756,3513894
262144,same_object,16,24,pinned,4,13,2,38936388,8191170
262144,same_object,16,24,pinned,4,13,3,51036961,9668888
262144,same_object,16,24,pinned,4,14,0,26505890,5724499
262144,same_object,16,24,pinned,4,14,1,26757236,2042547
262144,same_object,16,24,pinned,4,14,2,48842466,14629272
262144,same_object,16,24,pinned,4,14,3,42656422,5141235
262144,same_object,16,24,pinned,4,15,0,28435894,8795595
262144,same_object,16,24,pinned,4,15,1,29065767,2831011
262144,same_object,16,24,pinned,4,15,2,53648516,13683781
262144,same_object,16,24,pinned,4,15,3,41158416,7691544
262144,same_object,16,24,unsafe_unpinned_baseline,4,0,0,34147911,33527316
262144,same_object,16,24,unsafe_unpinned_baseline,4,0,1,24997755,24593799
262144,same_object,16,24,unsafe_unpinned_baseline,4,0,2,42276663,41174166
262144,same_object,16,24,unsafe_unpinned_baseline,4,0,3,19051445,18048195
262144,same_object,16,24,unsafe_unpinned_baseline,4,1,0,26591662,25947292
262144,same_object,16,24,unsafe_unpinned_baseline,4,1,1,32614527,30751860
262144,same_object,16,24,unsafe_unpinned_baseline,4,1,2,30607055,29872655
262144,same_object,16,24,unsafe_unpinned_baseline,4,1,3,29702102,29287387
262144,same_object,16,24,unsafe_unpinned_baseline,4,2,0,34200881,33594132
262144,same_object,16,24,unsafe_unpinned_baseline,4,2,1,27992244,27436392
262144,same_object,16,24,unsafe_unpinned_baseline,4,2,2,24249938,23491984
262144,same_object,16,24,unsafe_unpinned_baseline,4,2,3,32291726,31639241
262144,same_object,16,24,unsafe_unpinned_baseline,4,3,0,33602909,32990909
262144,same_object,16,24,unsafe_unpinned_baseline,4,3,1,24782857,24071350
262144,same_object,16,24,unsafe_unpinned_baseline,4,3,2,29050979,28134203
262144,same_object,16,24,unsafe_unpinned_baseline,4,3,3,32207056,31133844
262144,same_object,16,24,unsafe_unpinned_baseline,4,4,0,26690280,26089362
262144,same_object,16,24,unsafe_unpinned_baseline,4,4,1,30834437,29098008
262144,same_object,16,24,unsafe_unpinned_baseline,4,4,2,30489864,30037377
262144,same_object,16,24,unsafe_unpinned_baseline,4,4,3,30351332,29836577
262144,same_object,16,24,unsafe_unpinned_baseline,4,5,0,32709738,32141892
262144,same_object,16,24,unsafe_unpinned_baseline,4,5,1,25967451,25499244
262144,same_object,16,24,unsafe_unpinned_baseline,4,5,2,29176006,28257156
262144,same_object,16,24,unsafe_unpinned_baseline,4,5,3,31697570,31125027
262144,same_object,16,24,unsafe_unpinned_baseline,4,6,0,34099529,33515343
262144,same_object,16,24,unsafe_unpinned_baseline,4,6,1,24631100,24233848
262144,same_object,16,24,unsafe_unpinned_baseline,4,6,2,29153775,28317681
262144,same_object,16,24,unsafe_unpinned_baseline,4,6,3,32481005,31959206
262144,same_object,16,24,unsafe_unpinned_baseline,4,7,0,33517838,32599659
262144,same_object,16,24,unsafe_unpinned_baseline,4,7,1,25330675,24857368
262144,same_object,16,24,unsafe_unpinned_baseline,4,7,2,30133649,29160997
262144,same_object,16,24,unsafe_unpinned_baseline,4,7,3,30172994,29743531
262144,same_object,16,24,unsafe_unpinned_baseline,4,8,0,26566535,25624531
262144,same_object,16,24,unsafe_unpinned_baseline,4,8,1,32466367,30113741
262144,same_object,16,24,unsafe_unpinned_baseline,4,8,2,30832032,29900307
262144,same_object,16,24,unsafe_unpinned_baseline,4,8,3,29424336,28986898
262144,same_object,16,24,unsafe_unpinned_baseline,4,9,0,26463319,25901686
262144,same_object,16,24,unsafe_unpinned_baseline,4,9,1,30524610,29551828
262144,same_object,16,24,unsafe_unpinned_baseline,4,9,2,27610211,26990688
262144,same_object,16,24,unsafe_unpinned_baseline,4,9,3,33602157,32405171
262144,same_object,16,24,unsafe_unpinned_baseline,4,10,0,33550460,32936667
262144,same_object,16,24,unsafe_unpinned_baseline,4,10,1,25163067,24358464
262144,same_object,16,24,unsafe_unpinned_baseline,4,10,2,30464587,29593326
262144,same_object,16,24,unsafe_unpinned_baseline,4,10,3,30317317,29899456
262144,same_object,16,24,unsafe_unpinned_baseline,4,11,0,33486669,32867797
262144,same_object,16,24,unsafe_unpinned_baseline,4,11,1,25054942,24489743
262144,same_object,16,24,unsafe_unpinned_baseline,4,11,2,29334015,28341095
262144,same_object,16,24,unsafe_unpinned_baseline,4,11,3,32285664,31734310
262144,same_object,16,24,unsafe_unpinned_baseline,4,12,0,45828338,45241016
262144,same_object,16,24,unsafe_unpinned_baseline,4,12,1,15565644,15008530
262144,same_object,16,24,unsafe_unpinned_baseline,4,12,2,25762212,25216349
262144,same_object,16,24,unsafe_unpinned_baseline,4,12,3,30914097,30298181
262144,same_object,16,24,unsafe_unpinned_baseline,4,13,0,28515826,27931189
262144,same_object,16,24,unsafe_unpinned_baseline,4,13,1,30621633,29961033
262144,same_object,16,24,unsafe_unpinned_baseline,4,13,2,31039725,30387400
262144,same_object,16,24,unsafe_unpinned_baseline,4,13,3,30253847,29864189
262144,same_object,16,24,unsafe_unpinned_baseline,4,14,0,24305714,23389489
262144,same_object,16,24,unsafe_unpinned_baseline,4,14,1,33198263,32373581
262144,same_object,16,24,unsafe_unpinned_baseline,4,14,2,27921410,27194224
262144,same_object,16,24,unsafe_unpinned_baseline,4,14,3,32754472,32135780
262144,same_object,16,24,unsafe_unpinned_baseline,4,15,0,34380521,33058307
262144,same_object,16,24,unsafe_unpinned_baseline,4,15,1,27359877,26955492
262144,same_object,16,24,unsafe_unpinned_baseline,4,15,2,25095019,24610391
262144,same_object,16,24,unsafe_unpinned_baseline,4,15,3,31360262,30562832
262144,same_object,16,24,unsafe_unpinned_baseline,5,0,0,25768844,25137459
262144,same_object,16,24,unsafe_unpinned_baseline,5,0,1,27790713,26950192
262144,same_object,16,24,unsafe_unpinned_baseline,5,0,2,29280444,28705154
262144,same_object,16,24,unsafe_unpinned_baseline,5,0,3,30037898,29254104
262144,same_object,16,24,unsafe_unpinned_baseline,5,1,0,32769019,31518061
262144,same_object,16,24,unsafe_unpinned_baseline,5,1,1,23533241,23029758
262144,same_object,16,24,unsafe_unpinned_baseline,5,1,2,26073131,25634991
262144,same_object,16,24,unsafe_unpinned_baseline,5,1,3,28657975,27987054
262144,same_object,16,24,unsafe_unpinned_baseline,5,2,0,32691092,31573736
262144,same_object,16,24,unsafe_unpinned_baseline,5,2,1,22564147,22115617
262144,same_object,16,24,unsafe_unpinned_baseline,5,2,2,27478893,26869409
262144,same_object,16,24,unsafe_unpinned_baseline,5,2,3,34056517,33156103
262144,same_object,16,24,unsafe_unpinned_baseline,5,3,0,25777191,25034203
262144,same_object,16,24,unsafe_unpinned_baseline,5,3,1,28120658,27320894
262144,same_object,16,24,unsafe_unpinned_baseline,5,3,2,28831764,28203735
262144,same_object,16,24,unsafe_unpinned_baseline,5,3,3,31440063,29938399
262144,same_object,16,24,unsafe_unpinned_baseline,5,4,0,32774530,31062518
262144,same_object,16,24,unsafe_unpinned_baseline,5,4,1,22608380,22173977
262144,same_object,16,24,unsafe_unpinned_baseline,5,4,2,27425221,26891430
262144,same_object,16,24,unsafe_unpinned_baseline,5,4,3,31287965,29892723
262144,same_object,16,24,unsafe_unpinned_baseline,5,5,0,25657865,24531302
262144,same_object,16,24,unsafe_unpinned_baseline,5,5,1,28152117,27297369
262144,same_object,16,24,unsafe_unpinned_baseline,5,5,2,29053455,28515515
262144,same_object,16,24,unsafe_unpinned_baseline,5,5,3,33844536,33049251
262144,same_object,16,24,unsafe_unpinned_baseline,5,6,0,42608642,40818562
262144,same_object,16,24,unsafe_unpinned_baseline,5,6,1,13345651,12627160
262144,same_object,16,24,unsafe_unpinned_baseline,5,6,2,26365244,25578624
262144,same_object,16,24,unsafe_unpinned_baseline,5,6,3,27503860,26836736
262144,same_object,16,24,unsafe_unpinned_baseline,5,7,0,32717823,31220518
262144,same_object,16,24,unsafe_unpinned_baseline,5,7,1,23878876,23371264
262144,same_object,16,24,unsafe_unpinned_baseline,5,7,2,28351445,27673692
262144,same_object,16,24,unsafe_unpinned_baseline,5,7,3,29269042,28903941
262144,same_object,16,24,unsafe_unpinned_baseline,5,8,0,30629017,30060811
262144,same_object,16,24,unsafe_unpinned_baseline,5,8,1,24480365,23977543
262144,same_object,16,24,unsafe_unpinned_baseline,5,8,2,27165269,26372116
262144,same_object,16,24,unsafe_unpinned_baseline,5,8,3,28423251,27687758
262144,same_object,16,24,unsafe_unpinned_baseline,5,9,0,27644045,26503175
262144,same_object,16,24,unsafe_unpinned_baseline,5,9,1,29148474,28576882
262144,same_object,16,24,unsafe_unpinned_baseline,5,9,2,28119596,27647612
262144,same_object,16,24,unsafe_unpinned_baseline,5,9,3,29248624,28735482
262144,same_object,16,24,unsafe_unpinned_baseline,5,10,0,25756441,24687507
262144,same_object,16,24,unsafe_unpinned_baseline,5,10,1,28129074,27336343
262144,same_object,16,24,unsafe_unpinned_baseline,5,10,2,29450145,28861340
262144,same_object,16,24,unsafe_unpinned_baseline,5,10,3,29857266,29185223
262144,same_object,16,24,unsafe_unpinned_baseline,5,11,0,26694898,26130379
262144,same_object,16,24,unsafe_unpinned_baseline,5,11,1,29242613,28707850
262144,same_object,16,24,unsafe_unpinned_baseline,5,11,2,26452078,26039517
262144,same_object,16,24,unsafe_unpinned_baseline,5,11,3,28069321,27490164
262144,same_object,16,24,unsafe_unpinned_baseline,5,12,0,32130921,31075893
262144,same_object,16,24,unsafe_unpinned_baseline,5,12,1,23174292,22573835
262144,same_object,16,24,unsafe_unpinned_baseline,5,12,2,27476037,26917639
262144,same_object,16,24,unsafe_unpinned_baseline,5,12,3,34091524,32616040
262144,same_object,16,24,unsafe_unpinned_baseline,5,13,0,32659162,31531877
262144,same_object,16,24,unsafe_unpinned_baseline,5,13,1,22633617,22154591
262144,same_object,16,24,unsafe_unpinned_baseline,5,13,2,27822172,27253586
262144,same_object,16,24,unsafe_unpinned_baseline,5,13,3,33740289,33165761
262144,same_object,16,24,unsafe_unpinned_baseline,5,14,0,25693342,24551760
262144,same_object,16,24,unsafe_unpinned_baseline,5,14,1,27741991,26929913
262144,same_object,16,24,unsafe_unpinned_baseline,5,14,2,29259194,28503002
262144,same_object,16,24,unsafe_unpinned_baseline,5,14,3,28117282,27206015
262144,same_object,16,24,unsafe_unpinned_baseline,5,15,0,32648732,31546274
262144,same_object,16,24,unsafe_unpinned_baseline,5,15,1,24146723,23663007
262144,same_object,16,24,unsafe_unpinned_baseline,5,15,2,28039364,27611043
262144,same_object,16,24,unsafe_unpinned_baseline,5,15,3,27382950,26916057
262144,same_object,16,24,pinned,5,0,0,64646732,10064738
262144,same_object,16,24,pinned,5,0,1,58394412,11832335
262144,same_object,16,24,pinned,5,0,2,47612176,4963048
262144,same_object,16,24,pinned,5,0,3,39327589,3171105
262144,same_object,16,24,pinned,5,1,0,98576318,5864966
262144,same_object,16,24,pinned,5,1,1,46859140,4220762
262144,same_object,16,24,pinned,5,1,2,46312725,7859723
262144,same_object,16,24,pinned,5,1,3,34413774,3338972
262144,same_object,16,24,pinned,5,2,0,65511078,7844393
262144,same_object,16,24,pinned,5,2,1,56055213,10047846
262144,same_object,16,24,pinned,5,2,2,42141076,5438829
262144,same_object,16,24,pinned,5,2,3,36727845,2680405
262144,same_object,16,24,pinned,5,3,0,75174416,17343731
262144,same_object,16,24,pinned,5,3,1,57450194,8013443
262144,same_object,16,24,pinned,5,3,2,50323931,12335107
262144,same_object,16,24,pinned,5,3,3,40277497,3838749
262144,same_object,16,24,pinned,5,4,0,69129971,5635862
262144,same_object,16,24,pinned,5,4,1,58413579,7793257
262144,same_object,16,24,pinned,5,4,2,50858824,12792583
262144,same_object,16,24,pinned,5,4,3,41523947,3201713
262144,same_object,16,24,pinned,5,5,0,63159786,6141219
262144,same_object,16,24,pinned,5,5,1,57433202,12491543
262144,same_object,16,24,pinned,5,5,2,46263011,7243416
262144,same_object,16,24,pinned,5,5,3,39616435,2358235
262144,same_object,16,24,pinned,5,6,0,57992292,19222929
262144,same_object,16,24,pinned,5,6,1,53421806,4615861
262144,same_object,16,24,pinned,5,6,2,47619660,6130398
262144,same_object,16,24,pinned,5,6,3,36573594,4927110
262144,same_object,16,24,pinned,5,7,0,66568811,4930045
262144,same_object,16,24,pinned,5,7,1,58979862,10818406
262144,same_object,16,24,pinned,5,7,2,45997077,3093047
262144,same_object,16,24,pinned,5,7,3,46037053,4075707
262144,same_object,16,24,pinned,5,8,0,90690667,7143336
262144,same_object,16,24,pinned,5,8,1,56078818,5953082
262144,same_object,16,24,pinned,5,8,2,46677847,4611411
262144,same_object,16,24,pinned,5,8,3,33988178,4051872
262144,same_object,16,24,pinned,5,9,0,70534791,4391505
262144,same_object,16,24,pinned,5,9,1,57912249,5560870
262144,same_object,16,24,pinned,5,9,2,53583733,14439572
262144,same_object,16,24,pinned,5,9,3,40076837,5661660
262144,same_object,16,24,pinned,5,10,0,67997987,5756260
262144,same_object,16,24,pinned,5,10,1,58784982,8725492
262144,same_object,16,24,pinned,5,10,2,48988432,12511631
262144,same_object,16,24,pinned,5,10,3,42963072,3318253
262144,same_object,16,24,pinned,5,11,0,71940933,4229288
262144,same_object,16,24,pinned,5,11,1,58709379,6457758
262144,same_object,16,24,pinned,5,11,2,50604742,12605118
262144,same_object,16,24,pinned,5,11,3,39866599,6467857
262144,same_object,16,24,pinned,5,12,0,82818351,14317341
262144,same_object,16,24,pinned,5,12,1,52146481,7818214
262144,same_object,16,24,pinned,5,12,2,52619558,13164909
262144,same_object,16,24,pinned,5,12,3,37322332,3380281
262144,same_object,16,24,pinned,5,13,0,77794788,21916570
262144,same_object,16,24,pinned,5,13,1,37401461,5501307
262144,same_object,16,24,pinned,5,13,2,45026801,5016990
262144,same_object,16,24,pinned,5,13,3,38723094,4989868
262144,same_object,16,24,pinned,5,14,0,76564889,16866197
262144,same_object,16,24,pinned,5,14,1,57338974,9413905
262144,same_object,16,24,pinned,5,14,2,52772217,14573926
262144,same_object,16,24,pinned,5,14,3,37469992,5672021
262144,same_object,16,24,pinned,5,15,0,86642823,10706744
262144,same_object,16,24,pinned,5,15,1,54725666,8226898
262144,same_object,16,24,pinned,5,15,2,51020530,11076965
262144,same_object,16,24,pinned,5,15,3,34161256,5229212
