payload_bytes,sharing,concurrency,pool,path,sample,worker,read,elapsed_nanos,provider_nanos
4096,disjoint,1,24,pinned,-2,0,0,37728816,29967540
4096,disjoint,1,24,pinned,-2,0,1,11147607,6063340
4096,disjoint,1,24,pinned,-2,0,2,8804300,4792394
4096,disjoint,1,24,pinned,-2,0,3,6700016,3952063
4096,disjoint,1,24,unsafe_unpinned_baseline,-2,0,0,5488813,3830192
4096,disjoint,1,24,unsafe_unpinned_baseline,-2,0,1,5139270,3706428
4096,disjoint,1,24,unsafe_unpinned_baseline,-2,0,2,4992082,2972989
4096,disjoint,1,24,unsafe_unpinned_baseline,-2,0,3,4983646,2970475
4096,disjoint,1,24,unsafe_unpinned_baseline,-1,0,0,4641207,3565351
4096,disjoint,1,24,unsafe_unpinned_baseline,-1,0,1,4716981,3313404
4096,disjoint,1,24,unsafe_unpinned_baseline,-1,0,2,5674675,3650211
4096,disjoint,1,24,unsafe_unpinned_baseline,-1,0,3,5549156,4025753
4096,disjoint,1,24,pinned,-1,0,0,19366648,9567966
4096,disjoint,1,24,pinned,-1,0,1,21630205,13585402
4096,disjoint,1,24,pinned,-1,0,2,17052357,9352278
4096,disjoint,1,24,pinned,-1,0,3,31629667,8971216
4096,disjoint,1,24,pinned,0,0,0,25016947,18276905
4096,disjoint,1,24,pinned,0,0,1,30158071,12884817
4096,disjoint,1,24,pinned,0,0,2,23975054,11947651
4096,disjoint,1,24,pinned,0,0,3,47147077,16180877
4096,disjoint,1,24,unsafe_unpinned_baseline,0,0,0,26843155,19743061
4096,disjoint,1,24,unsafe_unpinned_baseline,0,0,1,29099136,25998877
4096,disjoint,1,24,unsafe_unpinned_baseline,0,0,2,25759573,23317318
4096,disjoint,1,24,unsafe_unpinned_baseline,0,0,3,48671865,42442250
4096,disjoint,1,24,unsafe_unpinned_baseline,1,0,0,17097823,13708816
4096,disjoint,1,24,unsafe_unpinned_baseline,1,0,1,10014982,7851226
4096,disjoint,1,24,unsafe_unpinned_baseline,1,0,2,9024377,7038196
4096,disjoint,1,24,unsafe_unpinned_baseline,1,0,3,9858997,7603617
4096,disjoint,1,24,pinned,1,0,0,17415725,8760698
4096,disjoint,1,24,pinned,1,0,1,12498124,6507812
4096,disjoint,1,24,pinned,1,0,2,19306284,10878508
4096,disjoint,1,24,pinned,1,0,3,21771672,8360931
4096,disjoint,1,24,pinned,2,0,0,15121241,8208001
4096,disjoint,1,24,pinned,2,0,1,15708312,7909236
4096,disjoint,1,24,pinned,2,0,2,28293040,15502463
4096,disjoint,1,24,pinned,2,0,3,29815673,20401868
4096,disjoint,1,24,unsafe_unpinned_baseline,2,0,0,15277847,13171900
4096,disjoint,1,24,unsafe_unpinned_baseline,2,0,1,16090376,13883156
4096,disjoint,1,24,unsafe_unpinned_baseline,2,0,2,37565977,35385408
4096,disjoint,1,24,unsafe_unpinned_baseline,2,0,3,42117716,24694717
4096,disjoint,1,24,unsafe_unpinned_baseline,3,0,0,19176639,8459046
4096,disjoint,1,24,unsafe_unpinned_baseline,3,0,1,11774042,9114157
4096,disjoint,1,24,unsafe_unpinned_baseline,3,0,2,9619543,7241531
4096,disjoint,1,24,unsafe_unpinned_baseline,3,0,3,10538694,8658354
4096,disjoint,1,24,pinned,3,0,0,20250072,9998381
4096,disjoint,1,24,pinned,3,0,1,18199239,9533801
4096,disjoint,1,24,pinned,3,0,2,16924204,7419077
4096,disjoint,1,24,pinned,3,0,3,16391486,8531072
4096,disjoint,1,24,pinned,4,0,0,17955847,10372650
4096,disjoint,1,24,pinned,4,0,1,16546530,10232184
4096,disjoint,1,24,pinned,4,0,2,15177297,6378618
4096,disjoint,1,24,pinned,4,0,3,12797120,5995893
4096,disjoint,1,24,unsafe_unpinned_baseline,4,0,0,13151050,9652907
4096,disjoint,1,24,unsafe_unpinned_baseline,4,0,1,20678652,16034249
4096,disjoint,1,24,unsafe_unpinned_baseline,4,0,2,14059339,9651995
4096,disjoint,1,24,unsafe_unpinned_baseline,4,0,3,15986979,14098725
4096,disjoint,1,24,unsafe_unpinned_baseline,5,0,0,7865332,6665791
4096,disjoint,1,24,unsafe_unpinned_baseline,5,0,1,7453533,6373708
4096,disjoint,1,24,unsafe_unpinned_baseline,5,0,2,8402179,6584697
4096,disjoint,1,24,unsafe_unpinned_baseline,5,0,3,11425813,9759359
4096,disjoint,1,24,pinned,5,0,0,18311681,6879316
4096,disjoint,1,24,pinned,5,0,1,16902513,8051675
4096,disjoint,1,24,pinned,5,0,2,14788851,7165717
4096,disjoint,1,24,pinned,5,0,3,20601207,12648309
4096,disjoint,4,24,pinned,-2,0,0,26235464,8911733
4096,disjoint,4,24,pinned,-2,0,1,19731139,9773395
4096,disjoint,4,24,pinned,-2,0,2,18215378,7562970
4096,disjoint,4,24,pinned,-2,0,3,35033553,11375789
4096,disjoint,4,24,pinned,-2,1,0,25596214,11126397
4096,disjoint,4,24,pinned,-2,1,1,26570068,11063196
4096,disjoint,4,24,pinned,-2,1,2,12862173,6847345
4096,disjoint,4,24,pinned,-2,1,3,33515208,11582751
4096,disjoint,4,24,pinned,-2,2,0,29247587,11772339
4096,disjoint,4,24,pinned,-2,2,1,19609148,8607237
4096,disjoint,4,24,pinned,-2,2,2,24571924,13874140
4096,disjoint,4,24,pinned,-2,2,3,33709605,8202931
4096,disjoint,4,24,pinned,-2,3,0,24911447,5480306
4096,disjoint,4,24,pinned,-2,3,1,23920451,11256934
4096,disjoint,4,24,pinned,-2,3,2,24570592,14190828
4096,disjoint,4,24,pinned,-2,3,3,32449770,12574760
4096,disjoint,4,24,unsafe_unpinned_baseline,-2,0,0,15903011,12519474
4096,disjoint,4,24,unsafe_unpinned_baseline,-2,0,1,15221571,11484405
4096,disjoint,4,24,unsafe_unpinned_baseline,-2,0,2,14234752,12135668
4096,disjoint,4,24,unsafe_unpinned_baseline,-2,0,3,22801853,17634399
4096,disjoint,4,24,unsafe_unpinned_baseline,-2,1,0,17716965,8166302
4096,disjoint,4,24,unsafe_unpinned_baseline,-2,1,1,19832380,5706775
4096,disjoint,4,24,unsafe_unpinned_baseline,-2,1,2,10198821,8343357
4096,disjoint,4,24,unsafe_unpinned_baseline,-2,1,3,11887207,10412586
4096,disjoint,4,24,unsafe_unpinned_baseline,-2,2,0,29299255,16171258
4096,disjoint,4,24,unsafe_unpinned_baseline,-2,2,1,14670357,11603761
4096,disjoint,4,24,unsafe_unpinned_baseline,-2,2,2,17951058,16153866
4096,disjoint,4,24,unsafe_unpinned_baseline,-2,2,3,20951148,11400375
4096,disjoint,4,24,unsafe_unpinned_baseline,-2,3,0,23579536,11691276
4096,disjoint,4,24,unsafe_unpinned_baseline,-2,3,1,15843328,12533340
4096,disjoint,4,24,unsafe_unpinned_baseline,-2,3,2,20588523,18719373
4096,disjoint,4,24,unsafe_unpinned_baseline,-2,3,3,16806952,10882254
4096,disjoint,4,24,unsafe_unpinned_baseline,-1,0,0,20020556,16993936
4096,disjoint,4,24,unsafe_unpinned_baseline,-1,0,1,19967636,14655819
4096,disjoint,4,24,unsafe_unpinned_baseline,-1,0,2,15540655,10896832
4096,disjoint,4,24,unsafe_unpinned_baseline,-1,0,3,7035872,5466421
4096,disjoint,4,24,unsafe_unpinned_baseline,-1,1,0,18867814,15945431
4096,disjoint,4,24,unsafe_unpinned_baseline,-1,1,1,17666740,15026531
4096,disjoint,4,24,unsafe_unpinned_baseline,-1,1,2,7815147,6006773
4096,disjoint,4,24,unsafe_unpinned_baseline,-1,1,3,9991148,7303519
4096,disjoint,4,24,unsafe_unpinned_baseline,-1,2,0,19721972,15769688
4096,disjoint,4,24,unsafe_unpinned_baseline,-1,2,1,20535182,12330526
4096,disjoint,4,24,unsafe_unpinned_baseline,-1,2,2,16086047,9019468
4096,disjoint,4,24,unsafe_unpinned_baseline,-1,2,3,11625111,9330948
4096,disjoint,4,24,unsafe_unpinned_baseline,-1,3,0,18325728,15530896
4096,disjoint,4,24,unsafe_unpinned_baseline,-1,3,1,17648265,15330516
4096,disjoint,4,24,unsafe_unpinned_baseline,-1,3,2,17729729,15828189
4096,disjoint,4,24,unsafe_unpinned_baseline,-1,3,3,12854348,10946236
4096,disjoint,4,24,pinned,-1,0,0,23582761,11140152
4096,disjoint,4,24,pinned,-1,0,1,29823828,16944162
4096,disjoint,4,24,pinned,-1,0,2,17782740,8023311
4096,disjoint,4,24,pinned,-1,0,3,29335975,17074549
4096,disjoint,4,24,pinned,-1,1,0,23503822,11739387
4096,disjoint,4,24,pinned,-1,1,1,27529784,10490973
4096,disjoint,4,24,pinned,-1,1,2,16952428,10691303
4096,disjoint,4,24,pinned,-1,1,3,18988232,11200116
4096,disjoint,4,24,pinned,-1,2,0,23705043,12087907
4096,disjoint,4,24,pinned,-1,2,1,23150563,10042885
4096,disjoint,4,24,pinned,-1,2,2,21406932,13652129
4096,disjoint,4,24,pinned,-1,2,3,19064497,13218498
4096,disjoint,4,24,pinned,-1,3,0,24617361,15170473
4096,disjoint,4,24,pinned,-1,3,1,18089280,13250328
4096,disjoint,4,24,pinned,-1,3,2,25295435,11525893
4096,disjoint,4,24,pinned,-1,3,3,19024742,12924291
4096,disjoint,4,24,pinned,0,0,0,18801508,12979024
4096,disjoint,4,24,pinned,0,0,1,14082754,6250855
4096,disjoint,4,24,pinned,0,0,2,7544945,5085629
4096,disjoint,4,24,pinned,0,0,3,21088068,13972506
4096,disjoint,4,24,pinned,0,1,0,18363399,10167652
4096,disjoint,4,24,pinned,0,1,1,12381102,7633123
4096,disjoint,4,24,pinned,0,1,2,13044327,6419144
4096,disjoint,4,24,pinned,0,1,3,15860991,10794639
4096,disjoint,4,24,pinned,0,2,0,22249877,15533000
4096,disjoint,4,24,pinned,0,2,1,13388911,5002000
4096,disjoint,4,24,pinned,0,2,2,14326666,4739493
4096,disjoint,4,24,pinned,0,2,3,22850615,11892467
4096,disjoint,4,24,pinned,0,3,0,22811581,13765654
4096,disjoint,4,24,pinned,0,3,1,15709825,11487410
4096,disjoint,4,24,pinned,0,3,2,22322666,15490530
4096,disjoint,4,24,pinned,0,3,3,15845481,7675192
4096,disjoint,4,24,unsafe_unpinned_baseline,0,0,0,14633487,11071122
4096,disjoint,4,24,unsafe_unpinned_baseline,0,0,1,11816703,6646174
4096,disjoint,4,24,unsafe_unpinned_baseline,0,0,2,9970118,8384676
4096,disjoint,4,24,unsafe_unpinned_baseline,0,0,3,13582677,10948901
4096,disjoint,4,24,unsafe_unpinned_baseline,0,1,0,15600037,8891585
4096,disjoint,4,24,unsafe_unpinned_baseline,0,1,1,20991215,11294134
4096,disjoint,4,24,unsafe_unpinned_baseline,0,1,2,17644548,15758858
4096,disjoint,4,24,unsafe_unpinned_baseline,0,1,3,7366588,5966166
4096,disjoint,4,24,unsafe_unpinned_baseline,0,2,0,14412188,11390737
4096,disjoint,4,24,unsafe_unpinned_baseline,0,2,1,11826042,9056046
4096,disjoint,4,24,unsafe_unpinned_baseline,0,2,2,13294161,9683866
4096,disjoint,4,24,unsafe_unpinned_baseline,0,2,3,10209009,4455756
4096,disjoint,4,24,unsafe_unpinned_baseline,0,3,0,12840151,8967569
4096,disjoint,4,24,unsafe_unpinned_baseline,0,3,1,18805426,9841574
4096,disjoint,4,24,unsafe_unpinned_baseline,0,3,2,7877926,5623187
4096,disjoint,4,24,unsafe_unpinned_baseline,0,3,3,7822050,6490369
4096,disjoint,4,24,unsafe_unpinned_baseline,1,0,0,6966611,5870255
4096,disjoint,4,24,unsafe_unpinned_baseline,1,0,1,9121221,6637848
4096,disjoint,4,24,unsafe_unpinned_baseline,1,0,2,17874062,12382816
4096,disjoint,4,24,unsafe_unpinned_baseline,1,0,3,9288076,8158838
4096,disjoint,4,24,unsafe_unpinned_baseline,1,1,0,13632401,12516790
4096,disjoint,4,24,unsafe_unpinned_baseline,1,1,1,8406617,4968658
4096,disjoint,4,24,unsafe_unpinned_baseline,1,1,2,6259171,5119353
4096,disjoint,4,24,unsafe_unpinned_baseline,1,1,3,10555355,8426605
4096,disjoint,4,24,unsafe_unpinned_baseline,1,2,0,15363569,13456168
4096,disjoint,4,24,unsafe_unpinned_baseline,1,2,1,6349893,3816286
4096,disjoint,4,24,unsafe_unpinned_baseline,1,2,2,11189827,6164602
4096,disjoint,4,24,unsafe_unpinned_baseline,1,2,3,9126490,7565675
4096,disjoint,4,24,unsafe_unpinned_baseline,1,3,0,19805771,16810579
4096,disjoint,4,24,unsafe_unpinned_baseline,1,3,1,17696456,10363001
4096,disjoint,4,24,unsafe_unpinned_baseline,1,3,2,13330280,9960970
4096,disjoint,4,24,unsafe_unpinned_baseline,1,3,3,12352337,10129469
4096,disjoint,4,24,pinned,1,0,0,21090893,14387621
4096,disjoint,4,24,pinned,1,0,1,23472313,14372162
4096,disjoint,4,24,pinned,1,0,2,20574996,14760187
4096,disjoint,4,24,pinned,1,0,3,9922738,5094586
4096,disjoint,4,24,pinned,1,1,0,12079982,6556093
4096,disjoint,4,24,pinned,1,1,1,10367199,6718891
4096,disjoint,4,24,pinned,1,1,2,26243830,15713883
4096,disjoint,4,24,pinned,1,1,3,12854228,6004238
4096,disjoint,4,24,pinned,1,2,0,20032890,14314513
4096,disjoint,4,24,pinned,1,2,1,14451282,6295850
4096,disjoint,4,24,pinned,1,2,2,10020312,5468174
4096,disjoint,4,24,pinned,1,2,3,19844824,7606352
4096,disjoint,4,24,pinned,1,3,0,23609362,16439356
4096,disjoint,4,24,pinned,1,3,1,20690635,11059320
4096,disjoint,4,24,pinned,1,3,2,17741041,8892396
4096,disjoint,4,24,pinned,1,3,3,13311705,8256543
4096,disjoint,4,24,pinned,2,0,0,15822368,11136987
4096,disjoint,4,24,pinned,2,0,1,15761303,11143058
4096,disjoint,4,24,pinned,2,0,2,14826132,10713896
4096,disjoint,4,24,pinned,2,0,3,14205657,7446990
4096,disjoint,4,24,pinned,2,1,0,17014586,9280932
4096,disjoint,4,24,pinned,2,1,1,17915341,9863827
4096,disjoint,4,24,pinned,2,1,2,16303669,10711571
4096,disjoint,4,24,pinned,2,1,3,14240734,7441901
4096,disjoint,4,24,pinned,2,2,0,19450618,10497015
4096,disjoint,4,24,pinned,2,2,1,15574989,8254118
4096,disjoint,4,24,pinned,2,2,2,15881881,10728964
4096,disjoint,4,24,pinned,2,2,3,8786065,5131416
4096,disjoint,4,24,pinned,2,3,0,19424558,10525129
4096,disjoint,4,24,pinned,2,3,1,15784727,10707964
4096,disjoint,4,24,pinned,2,3,2,11197802,8034793
4096,disjoint,4,24,pinned,2,3,3,9231780,6431428
4096,disjoint,4,24,unsafe_unpinned_baseline,2,0,0,16264365,13571316
4096,disjoint,4,24,unsafe_unpinned_baseline,2,0,1,14835560,13228306
4096,disjoint,4,24,unsafe_unpinned_baseline,2,0,2,10708666,9280351
4096,disjoint,4,24,unsafe_unpinned_baseline,2,0,3,10371678,9092235
4096,disjoint,4,24,unsafe_unpinned_baseline,2,1,0,15002516,13688408
4096,disjoint,4,24,unsafe_unpinned_baseline,2,1,1,15245927,14297210
4096,disjoint,4,24,unsafe_unpinned_baseline,2,1,2,9987200,9510297
4096,disjoint,4,24,unsafe_unpinned_baseline,2,1,3,10392347,9242239
4096,disjoint,4,24,unsafe_unpinned_baseline,2,2,0,16948720,13475615
4096,disjoint,4,24,unsafe_unpinned_baseline,2,2,1,14870365,13236823
4096,disjoint,4,24,unsafe_unpinned_baseline,2,2,2,10710930,9275342
4096,disjoint,4,24,unsafe_unpinned_baseline,2,2,3,10399801,9142711
4096,disjoint,4,24,unsafe_unpinned_baseline,2,3,0,15453129,12367467
4096,disjoint,4,24,unsafe_unpinned_baseline,2,3,1,15540033,13538153
4096,disjoint,4,24,unsafe_unpinned_baseline,2,3,2,10066210,9134515
4096,disjoint,4,24,unsafe_unpinned_baseline,2,3,3,10632883,9379770
4096,disjoint,4,24,unsafe_unpinned_baseline,3,0,0,17055653,15592803
4096,disjoint,4,24,unsafe_unpinned_baseline,3,0,1,11201750,9901898
4096,disjoint,4,24,unsafe_unpinned_baseline,3,0,2,11611155,9871411
4096,disjoint,4,24,unsafe_unpinned_baseline,3,0,3,9746754,8653214
4096,disjoint,4,24,unsafe_unpinned_baseline,3,1,0,12215098,10748632
4096,disjoint,4,24,unsafe_unpinned_baseline,3,1,1,10335569,8491106
4096,disjoint,4,24,unsafe_unpinned_baseline,3,1,2,6947925,5584975
4096,disjoint,4,24,unsafe_unpinned_baseline,3,1,3,10342823,9203906
4096,disjoint,4,24,unsafe_unpinned_baseline,3,2,0,17029083,15370653
4096,disjoint,4,24,unsafe_unpinned_baseline,3,2,1,10404289,8973531
4096,disjoint,4,24,unsafe_unpinned_baseline,3,2,2,8770646,7132384
4096,disjoint,4,24,unsafe_unpinned_baseline,3,2,3,12780429,10358883
4096,disjoint,4,24,unsafe_unpinned_baseline,3,3,0,17019745,15547347
4096,disjoint,4,24,unsafe_unpinned_baseline,3,3,1,11921092,10631520
4096,disjoint,4,24,unsafe_unpinned_baseline,3,3,2,8868091,7174243
4096,disjoint,4,24,unsafe_unpinned_baseline,3,3,3,11881216,10742540
4096,disjoint,4,24,pinned,3,0,0,19676936,12758978
4096,disjoint,4,24,pinned,3,0,1,22235079,16755685
4096,disjoint,4,24,pinned,3,0,2,12129126,7675543
4096,disjoint,4,24,pinned,3,0,3,15166296,7646908
4096,disjoint,4,24,pinned,3,1,0,19853921,13553041
4096,disjoint,4,24,pinned,3,1,1,15118606,9005290
4096,disjoint,4,24,pinned,3,1,2,24754340,16931498
4096,disjoint,4,24,pinned,3,1,3,14930238,8201609
4096,disjoint,4,24,pinned,3,2,0,19491806,12428071
4096,disjoint,4,24,pinned,3,2,1,14690294,8997746
4096,disjoint,4,24,pinned,3,2,2,10503377,6011191
4096,disjoint,4,24,pinned,3,2,3,14860887,5875374
4096,disjoint,4,24,pinned,3,3,0,19558982,12503775
4096,disjoint,4,24,pinned,3,3,1,23997637,18510117
4096,disjoint,4,24,pinned,3,3,2,11333979,7596393
4096,disjoint,4,24,pinned,3,3,3,14796476,9310669
4096,disjoint,4,24,pinned,4,0,0,16208238,5595975
4096,disjoint,4,24,pinned,4,0,1,26351133,13462159
4096,disjoint,4,24,pinned,4,0,2,14667922,10358273
4096,disjoint,4,24,pinned,4,0,3,12890637,7804757
4096,disjoint,4,24,pinned,4,1,0,18251177,10049598
4096,disjoint,4,24,pinned,4,1,1,25249267,17016188
4096,disjoint,4,24,pinned,4,1,2,16983657,10237303
4096,disjoint,4,24,pinned,4,1,3,11599783,5679072
4096,disjoint,4,24,pinned,4,2,0,20244030,11600734
4096,disjoint,4,24,pinned,4,2,1,22710219,14281480
4096,disjoint,4,24,pinned,4,2,2,13883406,8413440
4096,disjoint,4,24,pinned,4,2,3,12458278,5799110
4096,disjoint,4,24,pinned,4,3,0,20449900,9744901
4096,disjoint,4,24,pinned,4,3,1,22437323,12382315
4096,disjoint,4,24,pinned,4,3,2,13837089,10641578
4096,disjoint,4,24,pinned,4,3,3,11752512,6264381
4096,disjoint,4,24,unsafe_unpinned_baseline,4,0,0,11243518,10345538
4096,disjoint,4,24,unsafe_unpinned_baseline,4,0,1,9278268,6480720
4096,disjoint,4,24,unsafe_unpinned_baseline,4,0,2,8220605,6855941
4096,disjoint,4,24,unsafe_unpinned_baseline,4,0,3,9136379,7914084
4096,disjoint,4,24,unsafe_unpinned_baseline,4,1,0,13121905,11902746
4096,disjoint,4,24,unsafe_unpinned_baseline,4,1,1,10716040,8671629
4096,disjoint,4,24,unsafe_unpinned_baseline,4,1,2,8185207,7029039
4096,disjoint,4,24,unsafe_unpinned_baseline,4,1,3,11347476,9897429
4096,disjoint,4,24,unsafe_unpinned_baseline,4,2,0,12235477,11349920
4096,disjoint,4,24,unsafe_unpinned_baseline,4,2,1,11002512,6957854
4096,disjoint,4,24,unsafe_unpinned_baseline,4,2,2,9952163,8594072
4096,disjoint,4,24,unsafe_unpinned_baseline,4,2,3,7746096,3588915
4096,disjoint,4,24,unsafe_unpinned_baseline,4,3,0,14419000,13494851
4096,disjoint,4,24,unsafe_unpinned_baseline,4,3,1,10045601,7240018
4096,disjoint,4,24,unsafe_unpinned_baseline,4,3,2,7018308,6233973
4096,disjoint,4,24,unsafe_unpinned_baseline,4,3,3,10659973,7634645
4096,disjoint,4,24,unsafe_unpinned_baseline,5,0,0,13442372,11561430
4096,disjoint,4,24,unsafe_unpinned_baseline,5,0,1,6671732,4921389
4096,disjoint,4,24,unsafe_unpinned_baseline,5,0,2,3283967,2524279
4096,disjoint,4,24,unsafe_unpinned_baseline,5,0,3,5097141,4582626
4096,disjoint,4,24,unsafe_unpinned_baseline,5,1,0,13970191,12455143
4096,disjoint,4,24,unsafe_unpinned_baseline,5,1,1,4855082,3046558
4096,disjoint,4,24,unsafe_unpinned_baseline,5,1,2,3124887,1945113
4096,disjoint,4,24,unsafe_unpinned_baseline,5,1,3,3004459,2304063
4096,disjoint,4,24,unsafe_unpinned_baseline,5,2,0,12510217,9574949
4096,disjoint,4,24,unsafe_unpinned_baseline,5,2,1,5247897,4074374
4096,disjoint,4,24,unsafe_unpinned_baseline,5,2,2,8366131,6743178
4096,disjoint,4,24,unsafe_unpinned_baseline,5,2,3,2015015,1549744
4096,disjoint,4,24,unsafe_unpinned_baseline,5,3,0,12078951,11046265
4096,disjoint,4,24,unsafe_unpinned_baseline,5,3,1,8235162,6360513
4096,disjoint,4,24,unsafe_unpinned_baseline,5,3,2,2930218,2216236
4096,disjoint,4,24,unsafe_unpinned_baseline,5,3,3,4083622,3434422
4096,disjoint,4,24,pinned,5,0,0,13297337,8280819
4096,disjoint,4,24,pinned,5,0,1,23201830,18588165
4096,disjoint,4,24,pinned,5,0,2,15981139,7185125
4096,disjoint,4,24,pinned,5,0,3,11851289,6501821
4096,disjoint,4,24,pinned,5,1,0,16532242,8736011
4096,disjoint,4,24,pinned,5,1,1,18512833,8152756
4096,disjoint,4,24,pinned,5,1,2,13325851,9778224
4096,disjoint,4,24,pinned,5,1,3,10980381,7154696
4096,disjoint,4,24,pinned,5,2,0,13543463,10064837
4096,disjoint,4,24,pinned,5,2,1,21283828,14445931
4096,disjoint,4,24,pinned,5,2,2,9072638,4700600
4096,disjoint,4,24,pinned,5,2,3,14311287,8758363
4096,disjoint,4,24,pinned,5,3,0,25750416,7834263
4096,disjoint,4,24,pinned,5,3,1,10214440,5475256
4096,disjoint,4,24,pinned,5,3,2,12084841,7196957
4096,disjoint,4,24,pinned,5,3,3,10067643,3926003
4096,disjoint,16,24,pinned,-2,0,0,30787092,8277363
4096,disjoint,16,24,pinned,-2,0,1,31975051,23721834
4096,disjoint,16,24,pinned,-2,0,2,16196767,9070113
4096,disjoint,16,24,pinned,-2,0,3,26241926,20985013
4096,disjoint,16,24,pinned,-2,1,0,29285279,9611759
4096,disjoint,16,24,pinned,-2,1,1,35449530,23176341
4096,disjoint,16,24,pinned,-2,1,2,19532603,12023635
4096,disjoint,16,24,pinned,-2,1,3,21442229,16208860
4096,disjoint,16,24,pinned,-2,2,0,28536831,7048395
4096,disjoint,16,24,pinned,-2,2,1,28204532,21604626
4096,disjoint,16,24,pinned,-2,2,2,12488856,6026059
4096,disjoint,16,24,pinned,-2,2,3,25521492,18981670
4096,disjoint,16,24,pinned,-2,3,0,34489963,9752655
4096,disjoint,16,24,pinned,-2,3,1,27221631,20655659
4096,disjoint,16,24,pinned,-2,3,2,20317219,9653217
4096,disjoint,16,24,pinned,-2,3,3,29369307,18710637
4096,disjoint,16,24,pinned,-2,4,0,27489870,12071496
4096,disjoint,16,24,pinned,-2,4,1,16625559,9399407
4096,disjoint,16,24,pinned,-2,4,2,22101767,12509565
4096,disjoint,16,24,pinned,-2,4,3,27483788,21582444
4096,disjoint,16,24,pinned,-2,5,0,36733801,13367691
4096,disjoint,16,24,pinned,-2,5,1,22742511,17779834
4096,disjoint,16,24,pinned,-2,5,2,19107848,11454618
4096,disjoint,16,24,pinned,-2,5,3,14097832,7787865
4096,disjoint,16,24,pinned,-2,6,0,51237883,18457637
4096,disjoint,16,24,pinned,-2,6,1,16874419,7793867
4096,disjoint,16,24,pinned,-2,6,2,28100305,20312640
4096,disjoint,16,24,pinned,-2,6,3,22476587,12061898
4096,disjoint,16,24,pinned,-2,7,0,37853401,9522640
4096,disjoint,16,24,pinned,-2,7,1,21390190,12315158
4096,disjoint,16,24,pinned,-2,7,2,18150055,8561120
4096,disjoint,16,24,pinned,-2,7,3,26114886,16583309
4096,disjoint,16,24,pinned,-2,8,0,25025142,7812583
4096,disjoint,16,24,pinned,-2,8,1,17721784,9792350
4096,disjoint,16,24,pinned,-2,8,2,20245703,10374523
4096,disjoint,16,24,pinned,-2,8,3,24338112,18344474
4096,disjoint,16,24,pinned,-2,9,0,41397873,14531614
4096,disjoint,16,24,pinned,-2,9,1,24243774,11988409
4096,disjoint,16,24,pinned,-2,9,2,29512288,18627790
4096,disjoint,16,24,pinned,-2,9,3,21243262,13949952
4096,disjoint,16,24,pinned,-2,10,0,36894576,10803465
4096,disjoint,16,24,pinned,-2,10,1,24538651,16271990
4096,disjoint,16,24,pinned,-2,10,2,37048498,23018934
4096,disjoint,16,24,pinned,-2,10,3,14052858,5575006
4096,disjoint,16,24,pinned,-2,11,0,36490992,13979980
4096,disjoint,16,24,pinned,-2,11,1,21301242,12249974
4096,disjoint,16,24,pinned,-2,11,2,19504850,9062799
4096,disjoint,16,24,pinned,-2,11,3,29088997,22730268
4096,disjoint,16,24,pinned,-2,12,0,40297499,14015587
4096,disjoint,16,24,pinned,-2,12,1,36899395,18641105
4096,disjoint,16,24,pinned,-2,12,2,34061552,24334535
4096,disjoint,16,24,pinned,-2,12,3,17852652,10518345
4096,disjoint,16,24,pinned,-2,13,0,48328615,12421779
4096,disjoint,16,24,pinned,-2,13,1,27079342,11902336
4096,disjoint,16,24,pinned,-2,13,2,35991146,29921924
4096,disjoint,16,24,pinned,-2,13,3,13751497,7278832
4096,disjoint,16,24,pinned,-2,14,0,38392422,12022763
4096,disjoint,16,24,pinned,-2,14,1,27480371,18789597
4096,disjoint,16,24,pinned,-2,14,2,18768376,10105884
4096,disjoint,16,24,pinned,-2,14,3,24403125,15664990
4096,disjoint,16,24,pinned,-2,15,0,51439546,24904954
4096,disjoint,16,24,pinned,-2,15,1,12055396,5568303
4096,disjoint,16,24,pinned,-2,15,2,26312440,16460055
4096,disjoint,16,24,pinned,-2,15,3,26858304,17759466
4096,disjoint,16,24,unsafe_unpinned_baseline,-2,0,0,34150530,24934631
4096,disjoint,16,24,unsafe_unpinned_baseline,-2,0,1,19641178,18069142
4096,disjoint,16,24,unsafe_unpinned_baseline,-2,0,2,23872450,21048132
4096,disjoint,16,24,unsafe_unpinned_baseline,-2,0,3,19332785,17567252
4096,disjoint,16,24,unsafe_unpinned_baseline,-2,1,0,51536819,42265004
4096,disjoint,16,24,unsafe_unpinned_baseline,-2,1,1,26018864,23939306
4096,disjoint,16,24,unsafe_unpinned_baseline,-2,1,2,19262262,16288060
4096,disjoint,16,24,unsafe_unpinned_baseline,-2,1,3,9801769,7607685
4096,disjoint,16,24,unsafe_unpinned_baseline,-2,2,0,24414186,22721140
4096,disjoint,16,24,unsafe_unpinned_baseline,-2,2,1,28619739,27247460
4096,disjoint,16,24,unsafe_unpinned_baseline,-2,2,2,19438345,18586361
4096,disjoint,16,24,unsafe_unpinned_baseline,-2,2,3,22307797,19246260
4096,disjoint,16,24,unsafe_unpinned_baseline,-2,3,0,41769496,38313742
4096,disjoint,16,24,unsafe_unpinned_baseline,-2,3,1,32706566,31000156
4096,disjoint,16,24,unsafe_unpinned_baseline,-2,3,2,20943945,19163333
4096,disjoint,16,24,unsafe_unpinned_baseline,-2,3,3,10538814,5394194
4096,disjoint,16,24,unsafe_unpinned_baseline,-2,4,0,34461559,26545641
4096,disjoint,16,24,unsafe_unpinned_baseline,-2,4,1,23996545,22591465
4096,disjoint,16,24,unsafe_unpinned_baseline,-2,4,2,14697458,13780842
4096,disjoint,16,24,unsafe_unpinned_baseline,-2,4,3,19371168,18177357
4096,disjoint,16,24,unsafe_unpinned_baseline,-2,5,0,20781638,19208309
4096,disjoint,16,24,unsafe_unpinned_baseline,-2,5,1,29961809,28236042
4096,disjoint,16,24,unsafe_unpinned_baseline,-2,5,2,19298249,17503802
4096,disjoint,16,24,unsafe_unpinned_baseline,-2,5,3,24408215,21203026
4096,disjoint,16,24,unsafe_unpinned_baseline,-2,6,0,37597337,26706465
4096,disjoint,16,24,unsafe_unpinned_baseline,-2,6,1,31748743,30879717
4096,disjoint,16,24,unsafe_unpinned_baseline,-2,6,2,10471226,7125481
4096,disjoint,16,24,unsafe_unpinned_baseline,-2,6,3,13177380,12295631
4096,disjoint,16,24,unsafe_unpinned_baseline,-2,7,0,21065776,18471734
4096,disjoint,16,24,unsafe_unpinned_baseline,-2,7,1,30823891,29768774
4096,disjoint,16,24,unsafe_unpinned_baseline,-2,7,2,17981877,17119394
4096,disjoint,16,24,unsafe_unpinned_baseline,-2,7,3,10607524,7973176
4096,disjoint,16,24,unsafe_unpinned_baseline,-2,8,0,37256561,35275500
4096,disjoint,16,24,unsafe_unpinned_baseline,-2,8,1,16312105,14945477
4096,disjoint,16,24,unsafe_unpinned_baseline,-2,8,2,22542762,21992310
4096,disjoint,16,24,unsafe_unpinned_baseline,-2,8,3,17343258,15477926
4096,disjoint,16,24,unsafe_unpinned_baseline,-2,9,0,55564536,45400101
4096,disjoint,16,24,unsafe_unpinned_baseline,-2,9,1,20211568,18703613
4096,disjoint,16,24,unsafe_unpinned_baseline,-2,9,2,16782696,15103848
4096,disjoint,16,24,unsafe_unpinned_baseline,-2,9,3,11250111,8789112
4096,disjoint,16,24,unsafe_unpinned_baseline,-2,10,0,18965569,16275946
4096,disjoint,16,24,unsafe_unpinned_baseline,-2,10,1,25575845,23957661
4096,disjoint,16,24,unsafe_unpinned_baseline,-2,10,2,26733187,25617855
4096,disjoint,16,24,unsafe_unpinned_baseline,-2,10,3,20952130,17674725
4096,disjoint,16,24,unsafe_unpinned_baseline,-2,11,0,52176030,42719595
4096,disjoint,16,24,unsafe_unpinned_baseline,-2,11,1,20658134,17082063
4096,disjoint,16,24,unsafe_unpinned_baseline,-2,11,2,20131026,18953316
4096,disjoint,16,24,unsafe_unpinned_baseline,-2,11,3,8541983,5872569
4096,disjoint,16,24,unsafe_unpinned_baseline,-2,12,0,39415949,32492862
4096,disjoint,16,24,unsafe_unpinned_baseline,-2,12,1,33462868,31815739
4096,disjoint,16,24,unsafe_unpinned_baseline,-2,12,2,25310743,20051896
4096,disjoint,16,24,unsafe_unpinned_baseline,-2,12,3,8001650,4857507
4096,disjoint,16,24,unsafe_unpinned_baseline,-2,13,0,51019039,41992939
4096,disjoint,16,24,unsafe_unpinned_baseline,-2,13,1,18206412,16330100
4096,disjoint,16,24,unsafe_unpinned_baseline,-2,13,2,10279483,7067602
4096,disjoint,16,24,unsafe_unpinned_baseline,-2,13,3,14133430,12993201
4096,disjoint,16,24,unsafe_unpinned_baseline,-2,14,0,36140898,25667048
4096,disjoint,16,24,unsafe_unpinned_baseline,-2,14,1,29353728,28184084
4096,disjoint,16,24,unsafe_unpinned_baseline,-2,14,2,9754058,7330910
4096,disjoint,16,24,unsafe_unpinned_baseline,-2,14,3,21579128,18110961
4096,disjoint,16,24,unsafe_unpinned_baseline,-2,15,0,31212358,29444931
4096,disjoint,16,24,unsafe_unpinned_baseline,-2,15,1,37432184,35761330
4096,disjoint,16,24,unsafe_unpinned_baseline,-2,15,2,24002125,20975164
4096,disjoint,16,24,unsafe_unpinned_baseline,-2,15,3,11453516,6644691
4096,disjoint,16,24,unsafe_unpinned_baseline,-1,0,0,15370543,13074625
4096,disjoint,16,24,unsafe_unpinned_baseline,-1,0,1,11534319,10524427
4096,disjoint,16,24,unsafe_unpinned_baseline,-1,0,2,26211018,25372029
4096,disjoint,16,24,unsafe_unpinned_baseline,-1,0,3,13200243,11982638
4096,disjoint,16,24,unsafe_unpinned_baseline,-1,1,0,7681634,5618488
4096,disjoint,16,24,unsafe_unpinned_baseline,-1,1,1,47721926,46421715
4096,disjoint,16,24,unsafe_unpinned_baseline,-1,1,2,26702338,23365090
4096,disjoint,16,24,unsafe_unpinned_baseline,-1,1,3,16420250,8603981
4096,disjoint,16,24,unsafe_unpinned_baseline,-1,2,0,8990613,6252840
4096,disjoint,16,24,unsafe_unpinned_baseline,-1,2,1,38350112,37889500
4096,disjoint,16,24,unsafe_unpinned_baseline,-1,2,2,19998996,17100828
4096,disjoint,16,24,unsafe_unpinned_baseline,-1,2,3,10649093,10110002
4096,disjoint,16,24,unsafe_unpinned_baseline,-1,3,0,9690257,7801521
4096,disjoint,16,24,unsafe_unpinned_baseline,-1,3,1,46605833,45430267
4096,disjoint,16,24,unsafe_unpinned_baseline,-1,3,2,26266312,23250182
4096,disjoint,16,24,unsafe_unpinned_baseline,-1,3,3,9857334,8673021
4096,disjoint,16,24,unsafe_unpinned_baseline,-1,4,0,18967122,17529190
4096,disjoint,16,24,unsafe_unpinned_baseline,-1,4,1,33076948,31853461
4096,disjoint,16,24,unsafe_unpinned_baseline,-1,4,2,15471573,14353567
4096,disjoint,16,24,unsafe_unpinned_baseline,-1,4,3,23473304,20867269
4096,disjoint,16,24,unsafe_unpinned_baseline,-1,5,0,30580721,28687497
4096,disjoint,16,24,unsafe_unpinned_baseline,-1,5,1,23067406,22489522
4096,disjoint,16,24,unsafe_unpinned_baseline,-1,5,2,12311901,11582230
4096,disjoint,16,24,unsafe_unpinned_baseline,-1,5,3,10444316,9684997
4096,disjoint,16,24,unsafe_unpinned_baseline,-1,6,0,31071691,29696026
4096,disjoint,16,24,unsafe_unpinned_baseline,-1,6,1,20343990,18510368
4096,disjoint,16,24,unsafe_unpinned_baseline,-1,6,2,14627606,12861111
4096,disjoint,16,24,unsafe_unpinned_baseline,-1,6,3,17573263,14767902
4096,disjoint,16,24,unsafe_unpinned_baseline,-1,7,0,16961305,15630976
4096,disjoint,16,24,unsafe_unpinned_baseline,-1,7,1,18422571,17036447
4096,disjoint,16,24,unsafe_unpinned_baseline,-1,7,2,18117734,17010658
4096,disjoint,16,24,unsafe_unpinned_baseline,-1,7,3,17883521,16680182
4096,disjoint,16,24,unsafe_unpinned_baseline,-1,8,0,30746846,29671751
4096,disjoint,16,24,unsafe_unpinned_baseline,-1,8,1,20973922,19759032
4096,disjoint,16,24,unsafe_unpinned_baseline,-1,8,2,16039669,14913507
4096,disjoint,16,24,unsafe_unpinned_baseline,-1,8,3,19169786,17043961
4096,disjoint,16,24,unsafe_unpinned_baseline,-1,9,0,17862781,15186063
4096,disjoint,16,24,unsafe_unpinned_baseline,-1,9,1,17798720,16554584
4096,disjoint,16,24,unsafe_unpinned_baseline,-1,9,2,17424521,16305172
4096,disjoint,16,24,unsafe_unpinned_baseline,-1,9,3,23259168,21367307
4096,disjoint,16,24,unsafe_unpinned_baseline,-1,10,0,37214332,34131825
4096,disjoint,16,24,unsafe_unpinned_baseline,-1,10,1,15322070,14485427
4096,disjoint,16,24,unsafe_unpinned_baseline,-1,10,2,22261560,20014946
4096,disjoint,16,24,unsafe_unpinned_baseline,-1,10,3,27917719,26985875
4096,disjoint,16,24,unsafe_unpinned_baseline,-1,11,0,30677444,27969347
4096,disjoint,16,24,unsafe_unpinned_baseline,-1,11,1,21219217,20003244
4096,disjoint,16,24,unsafe_unpinned_baseline,-1,11,2,13774240,11177704
4096,disjoint,16,24,unsafe_unpinned_baseline,-1,11,3,22025644,20057648
4096,disjoint,16,24,unsafe_unpinned_baseline,-1,12,0,16586164,14127288
4096,disjoint,16,24,unsafe_unpinned_baseline,-1,12,1,18954809,17033782
4096,disjoint,16,24,unsafe_unpinned_baseline,-1,12,2,17408872,16547862
4096,disjoint,16,24,unsafe_unpinned_baseline,-1,12,3,20679995,18598194
4096,disjoint,16,24,unsafe_unpinned_baseline,-1,13,0,41482844,38749047
4096,disjoint,16,24,unsafe_unpinned_baseline,-1,13,1,21028936,17994050
4096,disjoint,16,24,unsafe_unpinned_baseline,-1,13,2,20678363,19749904
4096,disjoint,16,24,unsafe_unpinned_baseline,-1,13,3,6289008,5174317
4096,disjoint,16,24,unsafe_unpinned_baseline,-1,14,0,45312855,39414117
4096,disjoint,16,24,unsafe_unpinned_baseline,-1,14,1,16821219,14531855
4096,disjoint,16,24,unsafe_unpinned_baseline,-1,14,2,15458860,14209854
4096,disjoint,16,24,unsafe_unpinned_baseline,-1,14,3,11549818,10499038
4096,disjoint,16,24,unsafe_unpinned_baseline,-1,15,0,33581954,31298761
4096,disjoint,16,24,unsafe_unpinned_baseline,-1,15,1,22554725,19965212
4096,disjoint,16,24,unsafe_unpinned_baseline,-1,15,2,13442773,12323854
4096,disjoint,16,24,unsafe_unpinned_baseline,-1,15,3,11787769,9238523
4096,disjoint,16,24,pinned,-1,0,0,45856895,31333277
4096,disjoint,16,24,pinned,-1,0,1,25482098,19585814
4096,disjoint,16,24,pinned,-1,0,2,24653408,9876951
4096,disjoint,16,24,pinned,-1,0,3,21807671,15676361
4096,disjoint,16,24,pinned,-1,1,0,26431946,13940104
4096,disjoint,16,24,pinned,-1,1,1,17929087,9709765
4096,disjoint,16,24,pinned,-1,1,2,44567874,33010132
4096,disjoint,16,24,pinned,-1,1,3,17050152,11565949
4096,disjoint,16,24,pinned,-1,2,0,40175508,30348982
4096,disjoint,16,24,pinned,-1,2,1,30210681,23174359
4096,disjoint,16,24,pinned,-1,2,2,15496712,4149026
4096,disjoint,16,24,pinned,-1,2,3,28121285,15716928
4096,disjoint,16,24,pinned,-1,3,0,44877941,30012716
4096,disjoint,16,24,pinned,-1,3,1,25554305,19678028
4096,disjoint,16,24,pinned,-1,3,2,35522057,17629279
4096,disjoint,16,24,pinned,-1,3,3,13521422,7648402
4096,disjoint,16,24,pinned,-1,4,0,38959045,25552150
4096,disjoint,16,24,pinned,-1,4,1,50880457,37425862
4096,disjoint,16,24,pinned,-1,4,2,25799528,15605637
4096,disjoint,16,24,pinned,-1,4,3,5277323,1774780
4096,disjoint,16,24,pinned,-1,5,0,39519256,26994862
4096,disjoint,16,24,pinned,-1,5,1,30532710,20380248
4096,disjoint,16,24,pinned,-1,5,2,20787649,7258664
4096,disjoint,16,24,pinned,-1,5,3,28235110,18997229
4096,disjoint,16,24,pinned,-1,6,0,45536518,35188045
4096,disjoint,16,24,pinned,-1,6,1,19374724,13844203
4096,disjoint,16,24,pinned,-1,6,2,23274969,15594276
4096,disjoint,16,24,pinned,-1,6,3,19767198,15039736
4096,disjoint,16,24,pinned,-1,7,0,45827700,27398026
4096,disjoint,16,24,pinned,-1,7,1,43649215,32548908
4096,disjoint,16,24,pinned,-1,7,2,26057217,12940813
4096,disjoint,16,24,pinned,-1,7,3,7607534,1783196
4096,disjoint,16,24,pinned,-1,8,0,38556332,26671370
4096,disjoint,16,24,pinned,-1,8,1,15919432,10211975
4096,disjoint,16,24,pinned,-1,8,2,42203708,33358050
4096,disjoint,16,24,pinned,-1,8,3,18646355,14937873
4096,disjoint,16,24,pinned,-1,9,0,39173040,27811168
4096,disjoint,16,24,pinned,-1,9,1,32098545,23415285
4096,disjoint,16,24,pinned,-1,9,2,36846525,21967202
4096,disjoint,16,24,pinned,-1,9,3,11437135,4017787
4096,disjoint,16,24,pinned,-1,10,0,33119558,22296035
4096,disjoint,16,24,pinned,-1,10,1,16912632,6195180
4096,disjoint,16,24,pinned,-1,10,2,38826945,30993413
4096,disjoint,16,24,pinned,-1,10,3,18668927,15392825
4096,disjoint,16,24,pinned,-1,11,0,32942633,21206622
4096,disjoint,16,24,pinned,-1,11,1,11623969,7303950
4096,disjoint,16,24,pinned,-1,11,2,24994865,20509192
4096,disjoint,16,24,pinned,-1,11,3,27542218,11633787
4096,disjoint,16,24,pinned,-1,12,0,39567928,29743035
4096,disjoint,16,24,pinned,-1,12,1,30001174,21562707
4096,disjoint,16,24,pinned,-1,12,2,21461555,6817949
4096,disjoint,16,24,pinned,-1,12,3,23819780,16380725
4096,disjoint,16,24,pinned,-1,13,0,47209025,30117294
4096,disjoint,16,24,pinned,-1,13,1,34365067,15871902
4096,disjoint,16,24,pinned,-1,13,2,24413043,17829228
4096,disjoint,16,24,pinned,-1,13,3,14068818,10743151
4096,disjoint,16,24,pinned,-1,14,0,24861503,13129759
4096,disjoint,16,24,pinned,-1,14,1,16713075,8889532
4096,disjoint,16,24,pinned,-1,14,2,18279831,14250822
4096,disjoint,16,24,pinned,-1,14,3,34492298,20857612
4096,disjoint,16,24,pinned,-1,15,0,39437480,28981202
4096,disjoint,16,24,pinned,-1,15,1,48975940,39113587
4096,disjoint,16,24,pinned,-1,15,2,17272264,10054928
4096,disjoint,16,24,pinned,-1,15,3,11240984,4754372
4096,disjoint,16,24,pinned,0,0,0,26445892,14055432
4096,disjoint,16,24,pinned,0,0,1,14740820,10593818
4096,disjoint,16,24,pinned,0,0,2,13804417,10031894
4096,disjoint,16,24,pinned,0,0,3,24695388,16699057
4096,disjoint,16,24,pinned,0,1,0,43764723,35914350
4096,disjoint,16,24,pinned,0,1,1,17742103,14748976
4096,disjoint,16,24,pinned,0,1,2,21708874,13457140
4096,disjoint,16,24,pinned,0,1,3,12899463,7304701
4096,disjoint,16,24,pinned,0,2,0,31898336,24168220
4096,disjoint,16,24,pinned,0,2,1,15592803,8806465
4096,disjoint,16,24,pinned,0,2,2,29042910,20835119
4096,disjoint,16,24,pinned,0,2,3,39442801,12207945
4096,disjoint,16,24,pinned,0,3,0,44082676,32354500
4096,disjoint,16,24,pinned,0,3,1,38058801,23778151
4096,disjoint,16,24,pinned,0,3,2,15992931,7076589
4096,disjoint,16,24,pinned,0,3,3,22036594,8457935
4096,disjoint,16,24,pinned,0,4,0,39182167,29473876
4096,disjoint,16,24,pinned,0,4,1,38363126,25002149
4096,disjoint,16,24,pinned,0,4,2,11315725,5872038
4096,disjoint,16,24,pinned,0,4,3,30230198,25803476
4096,disjoint,16,24,pinned,0,5,0,18609215,13274293
4096,disjoint,16,24,pinned,0,5,1,17368396,14276100
4096,disjoint,16,24,pinned,0,5,2,8763012,5050894
4096,disjoint,16,24,pinned,0,5,3,32629039,21777393
4096,disjoint,16,24,pinned,0,6,0,40285275,28917132
4096,disjoint,16,24,pinned,0,6,1,14125706,10928562
4096,disjoint,16,24,pinned,0,6,2,23833036,18725615
4096,disjoint,16,24,pinned,0,6,3,37466018,24406972
4096,disjoint,16,24,pinned,0,7,0,22960143,14883390
4096,disjoint,16,24,pinned,0,7,1,20481650,17209093
4096,disjoint,16,24,pinned,0,7,2,10650666,6396662
4096,disjoint,16,24,pinned,0,7,3,22771796,14922234
4096,disjoint,16,24,pinned,0,8,0,39499638,29902588
4096,disjoint,16,24,pinned,0,8,1,14732124,9728459
4096,disjoint,16,24,pinned,0,8,2,30377917,20459488
4096,disjoint,16,24,pinned,0,8,3,33259103,24101294
4096,disjoint,16,24,pinned,0,9,0,17999681,8177343
4096,disjoint,16,24,pinned,0,9,1,25686164,21216672
4096,disjoint,16,24,pinned,0,9,2,34929956,24917389
4096,disjoint,16,24,pinned,0,9,3,19496404,12475591
4096,disjoint,16,24,pinned,0,10,0,52365699,35150043
4096,disjoint,16,24,pinned,0,10,1,26349389,21076877
4096,disjoint,16,24,pinned,0,10,2,39708093,32677110
4096,disjoint,16,24,pinned,0,10,3,10463982,4916168
4096,disjoint,16,24,pinned,0,11,0,37611904,29324944
4096,disjoint,16,24,pinned,0,11,1,8042999,4601963
4096,disjoint,16,24,pinned,0,11,2,30414788,20676559
4096,disjoint,16,24,pinned,0,11,3,9807058,5604651
4096,disjoint,16,24,pinned,0,12,0,13046352,5031226
4096,disjoint,16,24,pinned,0,12,1,30578457,26866388
4096,disjoint,16,24,pinned,0,12,2,34912042,16727672
4096,disjoint,16,24,pinned,0,12,3,37397448,13949522
4096,disjoint,16,24,pinned,0,13,0,10189282,6417170
4096,disjoint,16,24,pinned,0,13,1,27391904,23254159
4096,disjoint,16,24,pinned,0,13,2,16494390,12311711
4096,disjoint,16,24,pinned,0,13,3,27754100,19961686
4096,disjoint,16,24,pinned,0,14,0,42743811,30237862
4096,disjoint,16,24,pinned,0,14,1,20882077,16310412
4096,disjoint,16,24,pinned,0,14,2,19904307,12660331
4096,disjoint,16,24,pinned,0,14,3,33781091,10759012
4096,disjoint,16,24,pinned,0,15,0,40363443,30673086
4096,disjoint,16,24,pinned,0,15,1,13908735,9398375
4096,disjoint,16,24,pinned,0,15,2,24312733,13554454
4096,disjoint,16,24,pinned,0,15,3,16454645,9950630
4096,disjoint,16,24,unsafe_unpinned_baseline,0,0,0,32498202,18939239
4096,disjoint,16,24,unsafe_unpinned_baseline,0,0,1,20343589,19178382
4096,disjoint,16,24,unsafe_unpinned_baseline,0,0,2,18084391,12427931
4096,disjoint,16,24,unsafe_unpinned_baseline,0,0,3,16314520,12797611
4096,disjoint,16,24,unsafe_unpinned_baseline,0,1,0,16179624,13734776
4096,disjoint,16,24,unsafe_unpinned_baseline,0,1,1,34303931,32186131
4096,disjoint,16,24,unsafe_unpinned_baseline,0,1,2,19900710,19047485
4096,disjoint,16,24,unsafe_unpinned_baseline,0,1,3,20168436,17584284
4096,disjoint,16,24,unsafe_unpinned_baseline,0,2,0,19451409,17307960
4096,disjoint,16,24,unsafe_unpinned_baseline,0,2,1,15683826,13865673
4096,disjoint,16,24,unsafe_unpinned_baseline,0,2,2,15032252,12980518
4096,disjoint,16,24,unsafe_unpinned_baseline,0,2,3,13130722,9060886
4096,disjoint,16,24,unsafe_unpinned_baseline,0,3,0,26798530,21256507
4096,disjoint,16,24,unsafe_unpinned_baseline,0,3,1,26409413,25711031
4096,disjoint,16,24,unsafe_unpinned_baseline,0,3,2,20472974,19817593
4096,disjoint,16,24,unsafe_unpinned_baseline,0,3,3,16465656,15961221
4096,disjoint,16,24,unsafe_unpinned_baseline,0,4,0,25192891,24245076
4096,disjoint,16,24,unsafe_unpinned_baseline,0,4,1,24641796,23309314
4096,disjoint,16,24,unsafe_unpinned_baseline,0,4,2,39058633,21415929
4096,disjoint,16,24,unsafe_unpinned_baseline,0,4,3,3340425,2149110
4096,disjoint,16,24,unsafe_unpinned_baseline,0,5,0,30644462,16384713
4096,disjoint,16,24,unsafe_unpinned_baseline,0,5,1,16721560,16205884
4096,disjoint,16,24,unsafe_unpinned_baseline,0,5,2,14367093,13468772
4096,disjoint,16,24,unsafe_unpinned_baseline,0,5,3,14855808,13553903
4096,disjoint,16,24,unsafe_unpinned_baseline,0,6,0,12215800,11101860
4096,disjoint,16,24,unsafe_unpinned_baseline,0,6,1,34054128,33331720
4096,disjoint,16,24,unsafe_unpinned_baseline,0,6,2,33622631,32541473
4096,disjoint,16,24,unsafe_unpinned_baseline,0,6,3,6889985,5999309
4096,disjoint,16,24,unsafe_unpinned_baseline,0,7,0,18762555,15974175
4096,disjoint,16,24,unsafe_unpinned_baseline,0,7,1,19276919,17890764
4096,disjoint,16,24,unsafe_unpinned_baseline,0,7,2,15801959,12412441
4096,disjoint,16,24,unsafe_unpinned_baseline,0,7,3,26606848,23996325
4096,disjoint,16,24,unsafe_unpinned_baseline,0,8,0,33965190,25509429
4096,disjoint,16,24,unsafe_unpinned_baseline,0,8,1,16962436,15460703
4096,disjoint,16,24,unsafe_unpinned_baseline,0,8,2,12540083,12076545
4096,disjoint,16,24,unsafe_unpinned_baseline,0,8,3,23438979,19061962
4096,disjoint,16,24,unsafe_unpinned_baseline,0,9,0,34750447,25477188
4096,disjoint,16,24,unsafe_unpinned_baseline,0,9,1,18062198,17085820
4096,disjoint,16,24,unsafe_unpinned_baseline,0,9,2,16888396,15528452
4096,disjoint,16,24,unsafe_unpinned_baseline,0,9,3,20382872,17174307
4096,disjoint,16,24,unsafe_unpinned_baseline,0,10,0,20416746,15883043
4096,disjoint,16,24,unsafe_unpinned_baseline,0,10,1,15483777,11764766
4096,disjoint,16,24,unsafe_unpinned_baseline,0,10,2,16066501,12230788
4096,disjoint,16,24,unsafe_unpinned_baseline,0,10,3,15525876,14574225
4096,disjoint,16,24,unsafe_unpinned_baseline,0,11,0,22567659,21336589
4096,disjoint,16,24,unsafe_unpinned_baseline,0,11,1,24709896,22093462
4096,disjoint,16,24,unsafe_unpinned_baseline,0,11,2,25304522,21309106
4096,disjoint,16,24,unsafe_unpinned_baseline,0,11,3,16198180,15706449
4096,disjoint,16,24,unsafe_unpinned_baseline,0,12,0,23254059,20901264
4096,disjoint,16,24,unsafe_unpinned_baseline,0,12,1,25960774,24259453
4096,disjoint,16,24,unsafe_unpinned_baseline,0,12,2,14720712,13341331
4096,disjoint,16,24,unsafe_unpinned_baseline,0,12,3,21742157,19464694
4096,disjoint,16,24,unsafe_unpinned_baseline,0,13,0,30989635,30206403
4096,disjoint,16,24,unsafe_unpinned_baseline,0,13,1,21479599,18720245
4096,disjoint,16,24,unsafe_unpinned_baseline,0,13,2,21565102,19107077
4096,disjoint,16,24,unsafe_unpinned_baseline,0,13,3,12226489,11353978
4096,disjoint,16,24,unsafe_unpinned_baseline,0,14,0,31545969,30725225
4096,disjoint,16,24,unsafe_unpinned_baseline,0,14,1,21597403,20119895
4096,disjoint,16,24,unsafe_unpinned_baseline,0,14,2,16963949,15211171
4096,disjoint,16,24,unsafe_unpinned_baseline,0,14,3,20293123,17296188
4096,disjoint,16,24,unsafe_unpinned_baseline,0,15,0,33810998,32562324
4096,disjoint,16,24,unsafe_unpinned_baseline,0,15,1,15570671,13155218
4096,disjoint,16,24,unsafe_unpinned_baseline,0,15,2,8040263,6884605
4096,disjoint,16,24,unsafe_unpinned_baseline,0,15,3,22706602,21702231
4096,disjoint,16,24,unsafe_unpinned_baseline,1,0,0,30743008,25350368
4096,disjoint,16,24,unsafe_unpinned_baseline,1,0,1,23673153,22668130
4096,disjoint,16,24,unsafe_unpinned_baseline,1,0,2,14963011,13774400
4096,disjoint,16,24,unsafe_unpinned_baseline,1,0,3,19973447,18168971
4096,disjoint,16,24,unsafe_unpinned_baseline,1,1,0,31526081,29872660
4096,disjoint,16,24,unsafe_unpinned_baseline,1,1,1,23218652,22004714
4096,disjoint,16,24,unsafe_unpinned_baseline,1,1,2,15147410,12861111
4096,disjoint,16,24,unsafe_unpinned_baseline,1,1,3,20019525,19257833
4096,disjoint,16,24,unsafe_unpinned_baseline,1,2,0,32083296,30352640
4096,disjoint,16,24,unsafe_unpinned_baseline,1,2,1,36319628,34498008
4096,disjoint,16,24,unsafe_unpinned_baseline,1,2,2,14916533,14002041
4096,disjoint,16,24,unsafe_unpinned_baseline,1,2,3,9103677,7838070
4096,disjoint,16,24,unsafe_unpinned_baseline,1,3,0,31639846,24996849
4096,disjoint,16,24,unsafe_unpinned_baseline,1,3,1,36035069,34838994
4096,disjoint,16,24,unsafe_unpinned_baseline,1,3,2,22702284,21456125
4096,disjoint,16,24,unsafe_unpinned_baseline,1,3,3,6682312,5235442
4096,disjoint,16,24,unsafe_unpinned_baseline,1,4,0,29666681,24712491
4096,disjoint,16,24,unsafe_unpinned_baseline,1,4,1,23423410,22699539
4096,disjoint,16,24,unsafe_unpinned_baseline,1,4,2,18521258,17262285
4096,disjoint,16,24,unsafe_unpinned_baseline,1,4,3,17560760,16512875
4096,disjoint,16,24,unsafe_unpinned_baseline,1,5,0,27474149,25765054
4096,disjoint,16,24,unsafe_unpinned_baseline,1,5,1,15465121,14499724
4096,disjoint,16,24,unsafe_unpinned_baseline,1,5,2,25371228,24409988
4096,disjoint,16,24,unsafe_unpinned_baseline,1,5,3,14648846,13855244
4096,disjoint,16,24,unsafe_unpinned_baseline,1,6,0,25636009,23980875
4096,disjoint,16,24,unsafe_unpinned_baseline,1,6,1,19149387,17769325
4096,disjoint,16,24,unsafe_unpinned_baseline,1,6,2,15859328,13725588
4096,disjoint,16,24,unsafe_unpinned_baseline,1,6,3,11872068,11053389
4096,disjoint,16,24,unsafe_unpinned_baseline,1,7,0,31366569,24934211
4096,disjoint,16,24,unsafe_unpinned_baseline,1,7,1,33740334,32340493
4096,disjoint,16,24,unsafe_unpinned_baseline,1,7,2,22821781,21877843
4096,disjoint,16,24,unsafe_unpinned_baseline,1,7,3,4637140,3468367
4096,disjoint,16,24,unsafe_unpinned_baseline,1,8,0,31618406,29590186
4096,disjoint,16,24,unsafe_unpinned_baseline,1,8,1,36669089,32871408
4096,disjoint,16,24,unsafe_unpinned_baseline,1,8,2,22107749,21475041
4096,disjoint,16,24,unsafe_unpinned_baseline,1,8,3,6435014,4990469
4096,disjoint,16,24,unsafe_unpinned_baseline,1,9,0,19239879,14259158
4096,disjoint,16,24,unsafe_unpinned_baseline,1,9,1,26001210,24778706
4096,disjoint,16,24,unsafe_unpinned_baseline,1,9,2,26952542,25048948
4096,disjoint,16,24,unsafe_unpinned_baseline,1,9,3,18207694,17593020
4096,disjoint,16,24,unsafe_unpinned_baseline,1,10,0,18032002,16332224
4096,disjoint,16,24,unsafe_unpinned_baseline,1,10,1,14915531,13573701
4096,disjoint,16,24,unsafe_unpinned_baseline,1,10,2,26410395,25517855
4096,disjoint,16,24,unsafe_unpinned_baseline,1,10,3,29163077,28478331
4096,disjoint,16,24,unsafe_unpinned_baseline,1,11,0,29299705,27766052
4096,disjoint,16,24,unsafe_unpinned_baseline,1,11,1,23208753,22393530
4096,disjoint,16,24,unsafe_unpinned_baseline,1,11,2,19552680,18048262
4096,disjoint,16,24,unsafe_unpinned_baseline,1,11,3,20093225,19180376
4096,disjoint,16,24,unsafe_unpinned_baseline,1,12,0,28880382,27515418
4096,disjoint,16,24,unsafe_unpinned_baseline,1,12,1,22406505,21477666
4096,disjoint,16,24,unsafe_unpinned_baseline,1,12,2,20058509,18012464
4096,disjoint,16,24,unsafe_unpinned_baseline,1,12,3,18768236,17796996
4096,disjoint,16,24,unsafe_unpinned_baseline,1,13,0,28072492,26325314
4096,disjoint,16,24,unsafe_unpinned_baseline,1,13,1,23187383,22009242
4096,disjoint,16,24,unsafe_unpinned_baseline,1,13,2,21182066,19345789
4096,disjoint,16,24,unsafe_unpinned_baseline,1,13,3,17897297,16984639
4096,disjoint,16,24,unsafe_unpinned_baseline,1,14,0,34901072,30984776
4096,disjoint,16,24,unsafe_unpinned_baseline,1,14,1,34467891,33576403
4096,disjoint,16,24,unsafe_unpinned_baseline,1,14,2,19808506,18958746
4096,disjoint,16,24,unsafe_unpinned_baseline,1,14,3,5791726,5019595
4096,disjoint,16,24,unsafe_unpinned_baseline,1,15,0,28982776,27175033
4096,disjoint,16,24,unsafe_unpinned_baseline,1,15,1,12695367,11759816
4096,disjoint,16,24,unsafe_unpinned_baseline,1,15,2,26866740,25438114
4096,disjoint,16,24,unsafe_unpinned_baseline,1,15,3,14497329,14008814
4096,disjoint,16,24,pinned,1,0,0,38926473,31078423
4096,disjoint,16,24,pinned,1,0,1,13386686,10841227
4096,disjoint,16,24,pinned,1,0,2,13113699,10287789
4096,disjoint,16,24,pinned,1,0,3,19036223,16096066
4096,disjoint,16,24,pinned,1,1,0,39475633,31279614
4096,disjoint,16,24,pinned,1,1,1,22255137,19892755
4096,disjoint,16,24,pinned,1,1,2,20021228,17530201
4096,disjoint,16,24,pinned,1,1,3,13678309,11144350
4096,disjoint,16,24,pinned,1,2,0,23420084,17300197
4096,disjoint,16,24,pinned,1,2,1,27818892,24993843
4096,disjoint,16,24,pinned,1,2,2,17018543,13846447
4096,disjoint,16,24,pinned,1,2,3,16601212,14023563
4096,disjoint,16,24,pinned,1,3,0,18084901,10083712
4096,disjoint,16,24,pinned,1,3,1,32535603,29142388
4096,disjoint,16,24,pinned,1,3,2,17240553,14052747
4096,disjoint,16,24,pinned,1,3,3,19346080,16336601
4096,disjoint,16,24,pinned,1,4,0,12044825,6790497
4096,disjoint,16,24,pinned,1,4,1,39563900,36131521
4096,disjoint,16,24,pinned,1,4,2,16141462,13845895
4096,disjoint,16,24,pinned,1,4,3,17303793,14906254
4096,disjoint,16,24,pinned,1,5,0,35249411,26883982
4096,disjoint,16,24,pinned,1,5,1,18590349,15703583
4096,disjoint,16,24,pinned,1,5,2,29040235,24491592
4096,disjoint,16,24,pinned,1,5,3,17595194,14677971
4096,disjoint,16,24,pinned,1,6,0,39156809,34241473
4096,disjoint,16,24,pinned,1,6,1,14754746,12372867
4096,disjoint,16,24,pinned,1,6,2,28544816,25539286
4096,disjoint,16,24,pinned,1,6,3,12254072,9127332
4096,disjoint,16,24,pinned,1,7,0,39204890,30391964
4096,disjoint,16,24,pinned,1,7,1,14650058,12056979
4096,disjoint,16,24,pinned,1,7,2,28398750,24708373
4096,disjoint,16,24,pinned,1,7,3,12790678,9098657
4096,disjoint,16,24,pinned,1,8,0,20551622,12588826
4096,disjoint,16,24,pinned,1,8,1,24321661,21090393
4096,disjoint,16,24,pinned,1,8,2,14495646,11545640
4096,disjoint,16,24,pinned,1,8,3,22240870,18588676
4096,disjoint,16,24,pinned,1,9,0,50189439,42487636
4096,disjoint,16,24,pinned,1,9,1,17077324,14543236
4096,disjoint,16,24,pinned,1,9,2,16776645,14954735
4096,disjoint,16,24,pinned,1,9,3,17215876,13690692
4096,disjoint,16,24,pinned,1,10,0,24702362,13608536
4096,disjoint,16,24,pinned,1,10,1,33547429,30119197
4096,disjoint,16,24,pinned,1,10,2,24103517,21025360
4096,disjoint,16,24,pinned,1,10,3,12214337,9415988
4096,disjoint,16,24,pinned,1,11,0,39067090,30844761
4096,disjoint,16,24,pinned,1,11,1,23987568,20860216
4096,disjoint,16,24,pinned,1,11,2,20088826,17357134
4096,disjoint,16,24,pinned,1,11,3,16593908,13100154
4096,disjoint,16,24,pinned,1,12,0,20360150,14906975
4096,disjoint,16,24,pinned,1,12,1,37194464,34504541
4096,disjoint,16,24,pinned,1,12,2,20753815,17049411
4096,disjoint,16,24,pinned,1,12,3,8569285,3743358
4096,disjoint,16,24,pinned,1,13,0,39092297,31265718
4096,disjoint,16,24,pinned,1,13,1,35840600,33639302
4096,disjoint,16,24,pinned,1,13,2,9717239,7416563
4096,disjoint,16,24,pinned,1,13,3,16090346,13117707
4096,disjoint,16,24,pinned,1,14,0,38271563,29891697
4096,disjoint,16,24,pinned,1,14,1,16887225,12782923
4096,disjoint,16,24,pinned,1,14,2,29049912,26548507
4096,disjoint,16,24,pinned,1,14,3,16367210,13749894
4096,disjoint,16,24,pinned,1,15,0,39226582,30889105
4096,disjoint,16,24,pinned,1,15,1,22746939,20578924
4096,disjoint,16,24,pinned,1,15,2,25047184,21271154
4096,disjoint,16,24,pinned,1,15,3,14112370,11237557
4096,disjoint,16,24,pinned,2,0,0,43380687,39824022
4096,disjoint,16,24,pinned,2,0,1,11600084,9263279
4096,disjoint,16,24,pinned,2,0,2,20847192,19113980
4096,disjoint,16,24,pinned,2,0,3,7402666,5496567
4096,disjoint,16,24,pinned,2,1,0,15472265,11138069
4096,disjoint,16,24,pinned,2,1,1,25868058,22265497
4096,disjoint,16,24,pinned,2,1,2,9714153,7634996
4096,disjoint,16,24,pinned,2,1,3,21101002,18929371
4096,disjoint,16,24,pinned,2,2,0,33546587,26003765
4096,disjoint,16,24,pinned,2,2,1,11672100,9154523
4096,disjoint,16,24,pinned,2,2,2,21851945,19539887
4096,disjoint,16,24,pinned,2,2,3,7513696,5181671
4096,disjoint,16,24,pinned,2,3,0,18628662,11485767
4096,disjoint,16,24,pinned,2,3,1,23860176,20611215
4096,disjoint,16,24,pinned,2,3,2,12245496,9267216
4096,disjoint,16,24,pinned,2,3,3,21080343,19104241
4096,disjoint,16,24,pinned,2,4,0,33096275,26354920
4096,disjoint,16,24,pinned,2,4,1,18542217,14285608
4096,disjoint,16,24,pinned,2,4,2,21284179,18883965
4096,disjoint,16,24,pinned,2,4,3,8944705,6644871
4096,disjoint,16,24,pinned,2,5,0,31153005,27077829
4096,disjoint,16,24,pinned,2,5,1,14471200,10305703
4096,disjoint,16,24,pinned,2,5,2,24340707,21552948
4096,disjoint,16,24,pinned,2,5,3,12252098,10165447
4096,disjoint,16,24,pinned,2,6,0,18546365,11479646
4096,disjoint,16,24,pinned,2,6,1,24260164,20623919
4096,disjoint,16,24,pinned,2,6,2,20793931,17815883
4096,disjoint,16,24,pinned,2,6,3,13192759,11315835
4096,disjoint,16,24,pinned,2,7,0,31730679,25246431
4096,disjoint,16,24,pinned,2,7,1,13380826,10022387
4096,disjoint,16,24,pinned,2,7,2,25235020,22478932
4096,disjoint,16,24,pinned,2,7,3,6881739,5110526
4096,disjoint,16,24,pinned,2,8,0,33433743,27174041
4096,disjoint,16,24,pinned,2,8,1,11672049,9235997
4096,disjoint,16,24,pinned,2,8,2,25760365,23030515
4096,disjoint,16,24,pinned,2,8,3,6257127,4719206
4096,disjoint,16,24,pinned,2,9,0,36216101,31748924
4096,disjoint,16,24,pinned,2,9,1,15214978,12680288
4096,disjoint,16,24,pinned,2,9,2,21644532,19520640
4096,disjoint,16,24,pinned,2,9,3,8520322,6334163
4096,disjoint,16,24,pinned,2,10,0,15661664,11435662
4096,disjoint,16,24,pinned,2,10,1,25860755,22645397
4096,disjoint,16,24,pinned,2,10,2,9697191,6888753
4096,disjoint,16,24,pinned,2,10,3,14225544,11970115
4096,disjoint,16,24,pinned,2,11,0,29067747,25135150
4096,disjoint,16,24,pinned,2,11,1,15689306,12331258
4096,disjoint,16,24,pinned,2,11,2,25789410,23277283
4096,disjoint,16,24,pinned,2,11,3,11692449,10034730
4096,disjoint,16,24,pinned,2,12,0,42486583,38925601
4096,disjoint,16,24,pinned,2,12,1,10738002,8021718
4096,disjoint,16,24,pinned,2,12,2,21383427,18900446
4096,disjoint,16,24,pinned,2,12,3,7314769,5836160
4096,disjoint,16,24,pinned,2,13,0,33288729,27013988
4096,disjoint,16,24,pinned,2,13,1,11664445,9140226
4096,disjoint,16,24,pinned,2,13,2,21342770,19249527
4096,disjoint,16,24,pinned,2,13,3,7095835,5666298
4096,disjoint,16,24,pinned,2,14,0,43768040,37028149
4096,disjoint,16,24,pinned,2,14,1,12122513,9694055
4096,disjoint,16,24,pinned,2,14,2,20909640,17834628
4096,disjoint,16,24,pinned,2,14,3,7323005,4648532
4096,disjoint,16,24,pinned,2,15,0,17730220,11329792
4096,disjoint,16,24,pinned,2,15,1,24791791,20972789
4096,disjoint,16,24,pinned,2,15,2,8675856,6499326
4096,disjoint,16,24,pinned,2,15,3,21790388,19579642
4096,disjoint,16,24,unsafe_unpinned_baseline,2,0,0,20087754,17986095
4096,disjoint,16,24,unsafe_unpinned_baseline,2,0,1,10578990,9910564
4096,disjoint,16,24,unsafe_unpinned_baseline,2,0,2,16205554,15302323
4096,disjoint,16,24,unsafe_unpinned_baseline,2,0,3,18976380,18285041
4096,disjoint,16,24,unsafe_unpinned_baseline,2,1,0,10080276,8828136
4096,disjoint,16,24,unsafe_unpinned_baseline,2,1,1,25219270,24302394
4096,disjoint,16,24,unsafe_unpinned_baseline,2,1,2,27242611,26532075
4096,disjoint,16,24,unsafe_unpinned_baseline,2,1,3,11124554,10018489
4096,disjoint,16,24,unsafe_unpinned_baseline,2,2,0,10055098,8626213
4096,disjoint,16,24,unsafe_unpinned_baseline,2,2,1,18779297,17888971
4096,disjoint,16,24,unsafe_unpinned_baseline,2,2,2,12654300,12181574
4096,disjoint,16,24,unsafe_unpinned_baseline,2,2,3,19763230,19009533
4096,disjoint,16,24,unsafe_unpinned_baseline,2,3,0,29701196,26387221
4096,disjoint,16,24,unsafe_unpinned_baseline,2,3,1,39312914,38518581
4096,disjoint,16,24,unsafe_unpinned_baseline,2,3,2,11568173,7016194
4096,disjoint,16,24,unsafe_unpinned_baseline,2,3,3,3699084,2694461
4096,disjoint,16,24,unsafe_unpinned_baseline,2,4,0,19716321,18808852
4096,disjoint,16,24,unsafe_unpinned_baseline,2,4,1,11046516,10108519
4096,disjoint,16,24,unsafe_unpinned_baseline,2,4,2,15922448,15477065
4096,disjoint,16,24,unsafe_unpinned_baseline,2,4,3,19195715,18751544
4096,disjoint,16,24,unsafe_unpinned_baseline,2,5,0,10034680,8867740
4096,disjoint,16,24,unsafe_unpinned_baseline,2,5,1,25089995,24180984
4096,disjoint,16,24,unsafe_unpinned_baseline,2,5,2,28486196,27387426
4096,disjoint,16,24,unsafe_unpinned_baseline,2,5,3,5456872,4952216
4096,disjoint,16,24,unsafe_unpinned_baseline,2,6,0,29684505,28235311
4096,disjoint,16,24,unsafe_unpinned_baseline,2,6,1,38548908,38093366
4096,disjoint,16,24,unsafe_unpinned_baseline,2,6,2,7581544,6794826
4096,disjoint,16,24,unsafe_unpinned_baseline,2,6,3,7403007,6712239
4096,disjoint,16,24,unsafe_unpinned_baseline,2,7,0,28989358,26946160
4096,disjoint,16,24,unsafe_unpinned_baseline,2,7,1,12550954,11992036
4096,disjoint,16,24,unsafe_unpinned_baseline,2,7,2,19733724,18980648
4096,disjoint,16,24,unsafe_unpinned_baseline,2,7,3,12025660,11546993
4096,disjoint,16,24,unsafe_unpinned_baseline,2,8,0,20033051,18767895
4096,disjoint,16,24,unsafe_unpinned_baseline,2,8,1,10682296,10062973
4096,disjoint,16,24,unsafe_unpinned_baseline,2,8,2,15783855,15010040
4096,disjoint,16,24,unsafe_unpinned_baseline,2,8,3,18706890,18252829
4096,disjoint,16,24,unsafe_unpinned_baseline,2,9,0,9937336,8838625
4096,disjoint,16,24,unsafe_unpinned_baseline,2,9,1,17216107,16326643
4096,disjoint,16,24,unsafe_unpinned_baseline,2,9,2,13141912,12672715
4096,disjoint,16,24,unsafe_unpinned_baseline,2,9,3,20670959,19577167
4096,disjoint,16,24,unsafe_unpinned_baseline,2,10,0,9833579,8760858
4096,disjoint,16,24,unsafe_unpinned_baseline,2,10,1,16769611,15859548
4096,disjoint,16,24,unsafe_unpinned_baseline,2,10,2,14659987,14074459
4096,disjoint,16,24,unsafe_unpinned_baseline,2,10,3,19362691,18509956
4096,disjoint,16,24,unsafe_unpinned_baseline,2,11,0,19911711,18633030
4096,disjoint,16,24,unsafe_unpinned_baseline,2,11,1,10702865,9986768
4096,disjoint,16,24,unsafe_unpinned_baseline,2,11,2,16179675,15740022
4096,disjoint,16,24,unsafe_unpinned_baseline,2,11,3,19448834,18547607
4096,disjoint,16,24,unsafe_unpinned_baseline,2,12,0,29050244,26518299
4096,disjoint,16,24,unsafe_unpinned_baseline,2,12,1,21443802,20778372
4096,disjoint,16,24,unsafe_unpinned_baseline,2,12,2,23261853,22381827
4096,disjoint,16,24,unsafe_unpinned_baseline,2,12,3,9250064,8363976
4096,disjoint,16,24,unsafe_unpinned_baseline,2,13,0,29008114,26421967
4096,disjoint,16,24,unsafe_unpinned_baseline,2,13,1,21901237,21079242
4096,disjoint,16,24,unsafe_unpinned_baseline,2,13,2,22571467,21914082
4096,disjoint,16,24,unsafe_unpinned_baseline,2,13,3,8324311,7352391
4096,disjoint,16,24,unsafe_unpinned_baseline,2,14,0,24352849,23234813
4096,disjoint,16,24,unsafe_unpinned_baseline,2,14,1,16925306,15901017
4096,disjoint,16,24,unsafe_unpinned_baseline,2,14,2,19727151,18975899
4096,disjoint,16,24,unsafe_unpinned_baseline,2,14,3,12037522,11546392
4096,disjoint,16,24,unsafe_unpinned_baseline,2,15,0,28614518,26429962
4096,disjoint,16,24,unsafe_unpinned_baseline,2,15,1,22460256,21627029
4096,disjoint,16,24,unsafe_unpinned_baseline,2,15,2,21998342,21351116
4096,disjoint,16,24,unsafe_unpinned_baseline,2,15,3,7201986,6048603
4096,disjoint,16,24,unsafe_unpinned_baseline,3,0,0,14504082,9592272
4096,disjoint,16,24,unsafe_unpinned_baseline,3,0,1,15235827,14204474
4096,disjoint,16,24,unsafe_unpinned_baseline,3,0,2,10385915,9577123
4096,disjoint,16,24,unsafe_unpinned_baseline,3,0,3,18556144,17907105
4096,disjoint,16,24,unsafe_unpinned_baseline,3,1,0,25837300,20768323
4096,disjoint,16,24,unsafe_unpinned_baseline,3,1,1,27573267,26574085
4096,disjoint,16,24,unsafe_unpinned_baseline,3,1,2,24149324,23755950
4096,disjoint,16,24,unsafe_unpinned_baseline,3,1,3,6960258,5492700
4096,disjoint,16,24,unsafe_unpinned_baseline,3,2,0,15579257,10965652
4096,disjoint,16,24,unsafe_unpinned_baseline,3,2,1,15716908,15150666
4096,disjoint,16,24,unsafe_unpinned_baseline,3,2,2,22437823,22050881
4096,disjoint,16,24,unsafe_unpinned_baseline,3,2,3,24152280,23685937
4096,disjoint,16,24,unsafe_unpinned_baseline,3,3,0,26131126,21430106
4096,disjoint,16,24,unsafe_unpinned_baseline,3,3,1,13797103,12603914
4096,disjoint,16,24,unsafe_unpinned_baseline,3,3,2,18428523,18038454
4096,disjoint,16,24,unsafe_unpinned_baseline,3,3,3,15022334,14593832
4096,disjoint,16,24,unsafe_unpinned_baseline,3,4,0,25622122,21414566
4096,disjoint,16,24,unsafe_unpinned_baseline,3,4,1,27647488,25949252
4096,disjoint,16,24,unsafe_unpinned_baseline,3,4,2,19662649,19217937
4096,disjoint,16,24,unsafe_unpinned_baseline,3,4,3,4805929,4198249
4096,disjoint,16,24,unsafe_unpinned_baseline,3,5,0,15684587,10645005
4096,disjoint,16,24,unsafe_unpinned_baseline,3,5,1,23202301,22541971
4096,disjoint,16,24,unsafe_unpinned_baseline,3,5,2,10588288,10088261
4096,disjoint,16,24,unsafe_unpinned_baseline,3,5,3,24315249,23806715
4096,disjoint,16,24,unsafe_unpinned_baseline,3,6,0,15279721,11092522
4096,disjoint,16,24,unsafe_unpinned_baseline,3,6,1,23290668,22594520
4096,disjoint,16,24,unsafe_unpinned_baseline,3,6,2,35664787,34659364
4096,disjoint,16,24,unsafe_unpinned_baseline,3,6,3,7938861,7067211
4096,disjoint,16,24,unsafe_unpinned_baseline,3,7,0,15472666,10959480
4096,disjoint,16,24,unsafe_unpinned_baseline,3,7,1,23329001,22617223
4096,disjoint,16,24,unsafe_unpinned_baseline,3,7,2,10504590,9845271
4096,disjoint,16,24,unsafe_unpinned_baseline,3,7,3,11870406,11269898
4096,disjoint,16,24,unsafe_unpinned_baseline,3,8,0,13333225,11543797
4096,disjoint,16,24,unsafe_unpinned_baseline,3,8,1,18236348,17434090
4096,disjoint,16,24,unsafe_unpinned_baseline,3,8,2,22527223,21858607
4096,disjoint,16,24,unsafe_unpinned_baseline,3,8,3,18510418,17407188
4096,disjoint,16,24,unsafe_unpinned_baseline,3,9,0,26142037,21642477
4096,disjoint,16,24,unsafe_unpinned_baseline,3,9,1,28136513,26641924
4096,disjoint,16,24,unsafe_unpinned_baseline,3,9,2,23184607,22757408
4096,disjoint,16,24,unsafe_unpinned_baseline,3,9,3,6072838,5451082
4096,disjoint,16,24,unsafe_unpinned_baseline,3,10,0,25955043,20735550
4096,disjoint,16,24,unsafe_unpinned_baseline,3,10,1,13830867,12857404
4096,disjoint,16,24,unsafe_unpinned_baseline,3,10,2,34536681,33601340
4096,disjoint,16,24,unsafe_unpinned_baseline,3,10,3,8721874,7777896
4096,disjoint,16,24,unsafe_unpinned_baseline,3,11,0,25682136,21409226
4096,disjoint,16,24,unsafe_unpinned_baseline,3,11,1,13789699,12587042
4096,disjoint,16,24,unsafe_unpinned_baseline,3,11,2,17618148,17186761
4096,disjoint,16,24,unsafe_unpinned_baseline,3,11,3,15466133,15011924
4096,disjoint,16,24,unsafe_unpinned_baseline,3,12,0,25742961,21440255
4096,disjoint,16,24,unsafe_unpinned_baseline,3,12,1,13761456,12124156
4096,disjoint,16,24,unsafe_unpinned_baseline,3,12,2,18709274,18296733
4096,disjoint,16,24,unsafe_unpinned_baseline,3,12,3,14756009,14318571
4096,disjoint,16,24,unsafe_unpinned_baseline,3,13,0,31302127,27055176
4096,disjoint,16,24,unsafe_unpinned_baseline,3,13,1,22132946,21728541
4096,disjoint,16,24,unsafe_unpinned_baseline,3,13,2,19577678,19166039
4096,disjoint,16,24,unsafe_unpinned_baseline,3,13,3,10084834,9233783
4096,disjoint,16,24,unsafe_unpinned_baseline,3,14,0,25537382,21375432
4096,disjoint,16,24,unsafe_unpinned_baseline,3,14,1,13829886,12859308
4096,disjoint,16,24,unsafe_unpinned_baseline,3,14,2,15675019,15281894
4096,disjoint,16,24,unsafe_unpinned_baseline,3,14,3,21834652,21382024
4096,disjoint,16,24,unsafe_unpinned_baseline,3,15,0,13160749,8979933
4096,disjoint,16,24,unsafe_unpinned_baseline,3,15,1,25290444,24503635
4096,disjoint,16,24,unsafe_unpinned_baseline,3,15,2,10795139,10306915
4096,disjoint,16,24,unsafe_unpinned_baseline,3,15,3,10896151,10144527
4096,disjoint,16,24,pinned,3,0,0,29324353,25251972
4096,disjoint,16,24,pinned,3,0,1,32803810,25382680
4096,disjoint,16,24,pinned,3,0,2,46065160,38817587
4096,disjoint,16,24,pinned,3,0,3,4432673,1720357
4096,disjoint,16,24,pinned,3,1,0,30779678,23999630
4096,disjoint,16,24,pinned,3,1,1,38909370,34909036
4096,disjoint,16,24,pinned,3,1,2,21525566,18633460
4096,disjoint,16,24,pinned,3,1,3,12865850,10922661
4096,disjoint,16,24,pinned,3,2,0,29431335,24348982
4096,disjoint,16,24,pinned,3,2,1,29744157,23154862
4096,disjoint,16,24,pinned,3,2,2,22717944,17798219
4096,disjoint,16,24,pinned,3,2,3,18658558,14301448
4096,disjoint,16,24,pinned,3,3,0,29277374,24768246
4096,disjoint,16,24,pinned,3,3,1,30781552,23664787
4096,disjoint,16,24,pinned,3,3,2,38686398,32876137
4096,disjoint,16,24,pinned,3,3,3,12417652,8194275
4096,disjoint,16,24,pinned,3,4,0,29423781,24454422
4096,disjoint,16,24,pinned,3,4,1,31169576,24247621
4096,disjoint,16,24,pinned,3,4,2,34956186,31159106
4096,disjoint,16,24,pinned,3,4,3,11445060,5286339
4096,disjoint,16,24,pinned,3,5,0,29231557,24425367
4096,disjoint,16,24,pinned,3,5,1,29748326,23638267
4096,disjoint,16,24,pinned,3,5,2,39089803,33565803
4096,disjoint,16,24,pinned,3,5,3,8859855,5166863
4096,disjoint,16,24,pinned,3,6,0,29260331,24118276
4096,disjoint,16,24,pinned,3,6,1,25248065,21116922
4096,disjoint,16,24,pinned,3,6,2,16309570,12081525
4096,disjoint,16,24,pinned,3,6,3,33876471,31775423
4096,disjoint,16,24,pinned,3,7,0,26067096,21777173
4096,disjoint,16,24,pinned,3,7,1,9390339,5832533
4096,disjoint,16,24,pinned,3,7,2,34042356,30039176
4096,disjoint,16,24,pinned,3,7,3,20794222,17943664
4096,disjoint,16,24,pinned,3,8,0,29314704,24508043
4096,disjoint,16,24,pinned,3,8,1,30905526,24516570
4096,disjoint,16,24,pinned,3,8,2,18081676,13856516
4096,disjoint,16,24,pinned,3,8,3,22046402,17888019
4096,disjoint,16,24,pinned,3,9,0,27165185,22709348
4096,disjoint,16,24,pinned,3,9,1,25046863,20640531
4096,disjoint,16,24,pinned,3,9,2,17230454,13782065
4096,disjoint,16,24,pinned,3,9,3,21578877,18727268
4096,disjoint,16,24,pinned,3,10,0,29270049,25110003
4096,disjoint,16,24,pinned,3,10,1,31457812,24448210
4096,disjoint,16,24,pinned,3,10,2,42571244,38043822
4096,disjoint,16,24,pinned,3,10,3,7534175,5273515
4096,disjoint,16,24,pinned,3,11,0,29214935,23860798
4096,disjoint,16,24,pinned,3,11,1,31060099,24924732
4096,disjoint,16,24,pinned,3,11,2,42474441,38277724
4096,disjoint,16,24,pinned,3,11,3,7050389,4418316
4096,disjoint,16,24,pinned,3,12,0,28382259,23961899
4096,disjoint,16,24,pinned,3,12,1,11192302,7730787
4096,disjoint,16,24,pinned,3,12,2,37248276,31923534
4096,disjoint,16,24,pinned,3,12,3,26883722,22193411
4096,disjoint,16,24,pinned,3,13,0,29175240,25064467
4096,disjoint,16,24,pinned,3,13,1,32802267,23645530
4096,disjoint,16,24,pinned,3,13,2,41043391,37131855
4096,disjoint,16,24,pinned,3,13,3,8054921,5019163
4096,disjoint,16,24,pinned,3,14,0,26085280,22305223
4096,disjoint,16,24,pinned,3,14,1,13187700,9254111
4096,disjoint,16,24,pinned,3,14,2,24458700,20411387
4096,disjoint,16,24,pinned,3,14,3,41364309,36751034
4096,disjoint,16,24,pinned,3,15,0,28011226,23704813
4096,disjoint,16,24,pinned,3,15,1,25508528,21568027
4096,disjoint,16,24,pinned,3,15,2,16698608,13644835
4096,disjoint,16,24,pinned,3,15,3,33437641,29267034
4096,disjoint,16,24,pinned,4,0,0,16177190,10262621
4096,disjoint,16,24,pinned,4,0,1,16610069,13113939
4096,disjoint,16,24,pinned,4,0,2,16495282,12587543
4096,disjoint,16,24,pinned,4,0,3,20477011,17420163
4096,disjoint,16,24,pinned,4,1,0,33845412,25549565
4096,disjoint,16,24,pinned,4,1,1,39644522,34812514
4096,disjoint,16,24,pinned,4,1,2,18136710,15697431
4096,disjoint,16,24,pinned,4,1,3,5862160,2831441
4096,disjoint,16,24,pinned,4,2,0,18841846,11306528
4096,disjoint,16,24,pinned,4,2,1,13997002,10347001
4096,disjoint,16,24,pinned,4,2,2,17468394,12858556
4096,disjoint,16,24,pinned,4,2,3,20226507,17531013
4096,disjoint,16,24,pinned,4,3,0,11785876,7068053
4096,disjoint,16,24,pinned,4,3,1,16227254,7973897
4096,disjoint,16,24,pinned,4,3,2,22027536,15476102
4096,disjoint,16,24,pinned,4,3,3,30028806,26036086
4096,disjoint,16,24,pinned,4,4,0,30508164,23738076
4096,disjoint,16,24,pinned,4,4,1,20055533,14996905
4096,disjoint,16,24,pinned,4,4,2,20879213,17565989
4096,disjoint,16,24,pinned,4,4,3,15667665,12196002
4096,disjoint,16,24,pinned,4,5,0,31106757,22126644
4096,disjoint,16,24,pinned,4,5,1,18195902,13435789
4096,disjoint,16,24,pinned,4,5,2,21395460,18683125
4096,disjoint,16,24,pinned,4,5,3,16101697,13960192
4096,disjoint,16,24,pinned,4,6,0,18270333,12354011
4096,disjoint,16,24,pinned,4,6,1,16528826,12687973
4096,disjoint,16,24,pinned,4,6,2,43312398,37662580
4096,disjoint,16,24,pinned,4,6,3,13235851,10703196
4096,disjoint,16,24,pinned,4,7,0,26264119,20422377
4096,disjoint,16,24,pinned,4,7,1,23539680,18105952
4096,disjoint,16,24,pinned,4,7,2,32823457,28906742
4096,disjoint,16,24,pinned,4,7,3,13673149,11503130
4096,disjoint,16,24,pinned,4,8,0,13008380,6832366
4096,disjoint,16,24,pinned,4,8,1,21400300,14762992
4096,disjoint,16,24,pinned,4,8,2,26261563,19933893
4096,disjoint,16,24,pinned,4,8,3,19441330,15426489
4096,disjoint,16,24,pinned,4,9,0,32238781,23807697
4096,disjoint,16,24,pinned,4,9,1,35322359,30292115
4096,disjoint,16,24,pinned,4,9,2,18727128,16057563
4096,disjoint,16,24,pinned,4,9,3,11239331,7770362
4096,disjoint,16,24,pinned,4,10,0,28088222,18473257
4096,disjoint,16,24,pinned,4,10,1,21489608,15106994
4096,disjoint,16,24,pinned,4,10,2,19206135,16914586
4096,disjoint,16,24,pinned,4,10,3,17206779,14746541
4096,disjoint,16,24,pinned,4,11,0,13220602,7756145
4096,disjoint,16,24,pinned,4,11,1,22432905,16239518
4096,disjoint,16,24,pinned,4,11,2,42309479,37489171
4096,disjoint,16,24,pinned,4,11,3,14839657,12055376
4096,disjoint,16,24,pinned,4,12,0,20376340,14165932
4096,disjoint,16,24,pinned,4,12,1,14191580,10343114
4096,disjoint,16,24,pinned,4,12,2,16078713,10741859
4096,disjoint,16,24,pinned,4,12,3,32528329,28860214
4096,disjoint,16,24,pinned,4,13,0,12112033,7126273
4096,disjoint,16,24,pinned,4,13,1,16111635,10679420
4096,disjoint,16,24,pinned,4,13,2,11417006,6402934
4096,disjoint,16,24,pinned,4,13,3,38202212,35918267
4096,disjoint,16,24,pinned,4,14,0,32252446,24084091
4096,disjoint,16,24,pinned,4,14,1,29002443,21688755
4096,disjoint,16,24,pinned,4,14,2,17978160,14533899
4096,disjoint,16,24,pinned,4,14,3,12028795,9525015
4096,disjoint,16,24,pinned,4,15,0,31966034,24536397
4096,disjoint,16,24,pinned,4,15,1,17548045,14294745
4096,disjoint,16,24,pinned,4,15,2,32842674,28487889
4096,disjoint,16,24,pinned,4,15,3,13749683,10464052
4096,disjoint,16,24,unsafe_unpinned_baseline,4,0,0,45416601,44670339
4096,disjoint,16,24,unsafe_unpinned_baseline,4,0,1,24161256,22378802
4096,disjoint,16,24,unsafe_unpinned_baseline,4,0,2,15021933,14579324
4096,disjoint,16,24,unsafe_unpinned_baseline,4,0,3,12406290,11719179
4096,disjoint,16,24,unsafe_unpinned_baseline,4,1,0,47910994,47182124
4096,disjoint,16,24,unsafe_unpinned_baseline,4,1,1,9725223,9059613
4096,disjoint,16,24,unsafe_unpinned_baseline,4,1,2,24100732,23623428
4096,disjoint,16,24,unsafe_unpinned_baseline,4,1,3,16259095,15356065
4096,disjoint,16,24,unsafe_unpinned_baseline,4,2,0,20463966,19880912
4096,disjoint,16,24,unsafe_unpinned_baseline,4,2,1,23689454,22941117
4096,disjoint,16,24,unsafe_unpinned_baseline,4,2,2,25535038,24264793
4096,disjoint,16,24,unsafe_unpinned_baseline,4,2,3,14451462,14005197
4096,disjoint,16,24,unsafe_unpinned_baseline,4,3,0,21928289,21230829
4096,disjoint,16,24,unsafe_unpinned_baseline,4,3,1,23148700,22547731
4096,disjoint,16,24,unsafe_unpinned_baseline,4,3,2,11817485,11332436
4096,disjoint,16,24,unsafe_unpinned_baseline,4,3,3,28606113,27520968
4096,disjoint,16,24,unsafe_unpinned_baseline,4,4,0,6726857,6052370
4096,disjoint,16,24,unsafe_unpinned_baseline,4,4,1,14994681,14427857
4096,disjoint,16,24,unsafe_unpinned_baseline,4,4,2,23221568,22509420
4096,disjoint,16,24,unsafe_unpinned_baseline,4,4,3,21815535,21191935
4096,disjoint,16,24,unsafe_unpinned_baseline,4,5,0,18355003,17651642
4096,disjoint,16,24,unsafe_unpinned_baseline,4,5,1,26563325,25154848
4096,disjoint,16,24,unsafe_unpinned_baseline,4,5,2,23821484,23215036
4096,disjoint,16,24,unsafe_unpinned_baseline,4,5,3,15426909,14591578
4096,disjoint,16,24,unsafe_unpinned_baseline,4,6,0,21976971,20899081
4096,disjoint,16,24,unsafe_unpinned_baseline,4,6,1,22140531,21598956
4096,disjoint,16,24,unsafe_unpinned_baseline,4,6,2,12757585,11483964
4096,disjoint,16,24,unsafe_unpinned_baseline,4,6,3,24789095,23723097
4096,disjoint,16,24,unsafe_unpinned_baseline,4,7,0,45267048,44641414
4096,disjoint,16,24,unsafe_unpinned_baseline,4,7,1,36395892,35649068
4096,disjoint,16,24,unsafe_unpinned_baseline,4,7,2,16945235,16052914
4096,disjoint,16,24,unsafe_unpinned_baseline,4,7,3,3997479,2995281
4096,disjoint,16,24,unsafe_unpinned_baseline,4,8,0,41889133,41251615
4096,disjoint,16,24,unsafe_unpinned_baseline,4,8,1,6618792,5263646
4096,disjoint,16,24,unsafe_unpinned_baseline,4,8,2,26783381,26194647
4096,disjoint,16,24,unsafe_unpinned_baseline,4,8,3,12112624,11053319
4096,disjoint,16,24,unsafe_unpinned_baseline,4,9,0,19977816,19270516
4096,disjoint,16,24,unsafe_unpinned_baseline,4,9,1,24886469,23718659
4096,disjoint,16,24,unsafe_unpinned_baseline,4,9,2,24740734,23251724
4096,disjoint,16,24,unsafe_unpinned_baseline,4,9,3,13777336,13327875
4096,disjoint,16,24,unsafe_unpinned_baseline,4,10,0,45274382,44150996
4096,disjoint,16,24,unsafe_unpinned_baseline,4,10,1,11580095,10878708
4096,disjoint,16,24,unsafe_unpinned_baseline,4,10,2,19680282,18747216
4096,disjoint,16,24,unsafe_unpinned_baseline,4,10,3,13069636,12266355
4096,disjoint,16,24,unsafe_unpinned_baseline,4,11,0,46311886,45362159
4096,disjoint,16,24,unsafe_unpinned_baseline,4,11,1,23403182,22492377
4096,disjoint,16,24,unsafe_unpinned_baseline,4,11,2,19816551,19035292
4096,disjoint,16,24,unsafe_unpinned_baseline,4,11,3,9726907,8448767
4096,disjoint,16,24,unsafe_unpinned_baseline,4,12,0,8176040,7650606
4096,disjoint,16,24,unsafe_unpinned_baseline,4,12,1,13315001,12287885
4096,disjoint,16,24,unsafe_unpinned_baseline,4,12,2,23680516,23185739
4096,disjoint,16,24,unsafe_unpinned_baseline,4,12,3,11319722,10567378
4096,disjoint,16,24,unsafe_unpinned_baseline,4,13,0,45572517,44949868
4096,disjoint,16,24,unsafe_unpinned_baseline,4,13,1,23068308,22395714
4096,disjoint,16,24,unsafe_unpinned_baseline,4,13,2,15439423,14604312
4096,disjoint,16,24,unsafe_unpinned_baseline,4,13,3,12395379,11832794
4096,disjoint,16,24,unsafe_unpinned_baseline,4,14,0,46423688,45854892
4096,disjoint,16,24,unsafe_unpinned_baseline,4,14,1,35183356,34453103
4096,disjoint,16,24,unsafe_unpinned_baseline,4,14,2,14900823,13979589
4096,disjoint,16,24,unsafe_unpinned_baseline,4,14,3,4353443,3198627
4096,disjoint,16,24,unsafe_unpinned_baseline,4,15,0,46327897,45103920
4096,disjoint,16,24,unsafe_unpinned_baseline,4,15,1,24231570,23535592
4096,disjoint,16,24,unsafe_unpinned_baseline,4,15,2,20204354,19798076
4096,disjoint,16,24,unsafe_unpinned_baseline,4,15,3,8350140,7063584
4096,disjoint,16,24,unsafe_unpinned_baseline,5,0,0,10312706,8667190
4096,disjoint,16,24,unsafe_unpinned_baseline,5,0,1,30766593,29763995
4096,disjoint,16,24,unsafe_unpinned_baseline,5,0,2,30461897,29546263
4096,disjoint,16,24,unsafe_unpinned_baseline,5,0,3,17092663,16417475
4096,disjoint,16,24,unsafe_unpinned_baseline,5,1,0,40462221,39159074
4096,disjoint,16,24,unsafe_unpinned_baseline,5,1,1,23629279,23180790
4096,disjoint,16,24,unsafe_unpinned_baseline,5,1,2,14109315,12742296
4096,disjoint,16,24,unsafe_unpinned_baseline,5,1,3,10473390,10001116
4096,disjoint,16,24,unsafe_unpinned_baseline,5,2,0,8894110,7648843
4096,disjoint,16,24,unsafe_unpinned_baseline,5,2,1,14801485,14392751
4096,disjoint,16,24,unsafe_unpinned_baseline,5,2,2,11649798,10668409
4096,disjoint,16,24,unsafe_unpinned_baseline,5,2,3,13214671,12770489
4096,disjoint,16,24,unsafe_unpinned_baseline,5,3,0,20478183,19027848
4096,disjoint,16,24,unsafe_unpinned_baseline,5,3,1,15061637,14372192
4096,disjoint,16,24,unsafe_unpinned_baseline,5,3,2,13048716,12522390
4096,disjoint,16,24,unsafe_unpinned_baseline,5,3,3,16473461,15449872
4096,disjoint,16,24,unsafe_unpinned_baseline,5,4,0,32876628,31533315
4096,disjoint,16,24,unsafe_unpinned_baseline,5,4,1,11609792,11004425
4096,disjoint,16,24,unsafe_unpinned_baseline,5,4,2,26865367,26111610
4096,disjoint,16,24,unsafe_unpinned_baseline,5,4,3,17287031,16466217
4096,disjoint,16,24,unsafe_unpinned_baseline,5,5,0,15344654,14138470
4096,disjoint,16,24,unsafe_unpinned_baseline,5,5,1,25608247,24934230
4096,disjoint,16,24,unsafe_unpinned_baseline,5,5,2,18965149,18461435
4096,disjoint,16,24,unsafe_unpinned_baseline,5,5,3,15781250,15163921
4096,disjoint,16,24,unsafe_unpinned_baseline,5,6,0,37312026,36127453
4096,disjoint,16,24,unsafe_unpinned_baseline,5,6,1,26657042,26218281
4096,disjoint,16,24,unsafe_unpinned_baseline,5,6,2,14061805,12696710
4096,disjoint,16,24,unsafe_unpinned_baseline,5,6,3,10569412,10122145
4096,disjoint,16,24,unsafe_unpinned_baseline,5,7,0,32772571,31659233
4096,disjoint,16,24,unsafe_unpinned_baseline,5,7,1,11603019,11118472
4096,disjoint,16,24,unsafe_unpinned_baseline,5,7,2,26998810,26242748
4096,disjoint,16,24,unsafe_unpinned_baseline,5,7,3,17013624,16313187
4096,disjoint,16,24,unsafe_unpinned_baseline,5,8,0,40729316,39745565
4096,disjoint,16,24,unsafe_unpinned_baseline,5,8,1,18222362,17688952
4096,disjoint,16,24,unsafe_unpinned_baseline,5,8,2,18199368,17462493
4096,disjoint,16,24,unsafe_unpinned_baseline,5,8,3,11154840,10344516
4096,disjoint,16,24,unsafe_unpinned_baseline,5,9,0,10170387,8474907
4096,disjoint,16,24,unsafe_unpinned_baseline,5,9,1,30866011,30125890
4096,disjoint,16,24,unsafe_unpinned_baseline,5,9,2,18751584,18294660
4096,disjoint,16,24,unsafe_unpinned_baseline,5,9,3,16266568,15555923
4096,disjoint,16,24,unsafe_unpinned_baseline,5,10,0,37948110,36784147
4096,disjoint,16,24,unsafe_unpinned_baseline,5,10,1,10780401,10367149
4096,disjoint,16,24,unsafe_unpinned_baseline,5,10,2,16087390,15287845
4096,disjoint,16,24,unsafe_unpinned_baseline,5,10,3,13044348,12348922
4096,disjoint,16,24,unsafe_unpinned_baseline,5,11,0,23454619,22325200
4096,disjoint,16,24,unsafe_unpinned_baseline,5,11,1,11652272,10670934
4096,disjoint,16,24,unsafe_unpinned_baseline,5,11,2,13211945,12777343
4096,disjoint,16,24,unsafe_unpinned_baseline,5,11,3,17149400,16126283
4096,disjoint,16,24,unsafe_unpinned_baseline,5,12,0,40748673,39721018
4096,disjoint,16,24,unsafe_unpinned_baseline,5,12,1,18254873,17685415
4096,disjoint,16,24,unsafe_unpinned_baseline,5,12,2,18199368,17462794
4096,disjoint,16,24,unsafe_unpinned_baseline,5,12,3,11411707,10637411
4096,disjoint,16,24,unsafe_unpinned_baseline,5,13,0,32671530,31332695
4096,disjoint,16,24,unsafe_unpinned_baseline,5,13,1,11275008,10700200
4096,disjoint,16,24,unsafe_unpinned_baseline,5,13,2,27205591,26498883
4096,disjoint,16,24,unsafe_unpinned_baseline,5,13,3,17146926,16320061
4096,disjoint,16,24,unsafe_unpinned_baseline,5,14,0,32649147,31645768
4096,disjoint,16,24,unsafe_unpinned_baseline,5,14,1,11609742,11141606
4096,disjoint,16,24,unsafe_unpinned_baseline,5,14,2,26329943,25569183
4096,disjoint,16,24,unsafe_unpinned_baseline,5,14,3,17680306,16687206
4096,disjoint,16,24,unsafe_unpinned_baseline,5,15,0,31586997,29295588
4096,disjoint,16,24,unsafe_unpinned_baseline,5,15,1,11077684,10482818
4096,disjoint,16,24,unsafe_unpinned_baseline,5,15,2,15686681,14874823
4096,disjoint,16,24,unsafe_unpinned_baseline,5,15,3,18501831,17467824
4096,disjoint,16,24,pinned,5,0,0,31740226,24008527
4096,disjoint,16,24,pinned,5,0,1,26236946,23050954
4096,disjoint,16,24,pinned,5,0,2,26440151,24034677
4096,disjoint,16,24,pinned,5,0,3,9665831,6721486
4096,disjoint,16,24,pinned,5,1,0,30978595,24106013
4096,disjoint,16,24,pinned,5,1,1,28240310,24277717
4096,disjoint,16,24,pinned,5,1,2,11512067,9025148
4096,disjoint,16,24,pinned,5,1,3,16861125,14612116
4096,disjoint,16,24,pinned,5,2,0,33024488,24055958
4096,disjoint,16,24,pinned,5,2,1,26246755,22576837
4096,disjoint,16,24,pinned,5,2,2,28982425,25371629
4096,disjoint,16,24,pinned,5,2,3,7252832,3868345
4096,disjoint,16,24,pinned,5,3,0,11288253,7368041
4096,disjoint,16,24,pinned,5,3,1,19442312,15293216
4096,disjoint,16,24,pinned,5,3,2,28449436,23985323
4096,disjoint,16,24,pinned,5,3,3,29134663,25060810
4096,disjoint,16,24,pinned,5,4,0,22058055,17471190
4096,disjoint,16,24,pinned,5,4,1,8723267,4566316
4096,disjoint,16,24,pinned,5,4,2,28471097,24713783
4096,disjoint,16,24,pinned,5,4,3,6560402,4216053
4096,disjoint,16,24,pinned,5,5,0,24841324,18333463
4096,disjoint,16,24,pinned,5,5,1,33988343,29069230
4096,disjoint,16,24,pinned,5,5,2,11525813,9211250
4096,disjoint,16,24,pinned,5,5,3,23328821,19474683
4096,disjoint,16,24,pinned,5,6,0,26512479,19875602
4096,disjoint,16,24,pinned,5,6,1,32463717,29447525
4096,disjoint,16,24,pinned,5,6,2,12972833,10657519
4096,disjoint,16,24,pinned,5,6,3,22000776,18900466
4096,disjoint,16,24,pinned,5,7,0,25006357,20792508
4096,disjoint,16,24,pinned,5,7,1,12413063,10200212
4096,disjoint,16,24,pinned,5,7,2,22758691,19893727
4096,disjoint,16,24,pinned,5,7,3,26993228,22172572
4096,disjoint,16,24,pinned,5,8,0,25054608,18816507
4096,disjoint,16,24,pinned,5,8,1,12307172,9328172
4096,disjoint,16,24,pinned,5,8,2,21517611,17524861
4096,disjoint,16,24,pinned,5,8,3,26421326,22086459
4096,disjoint,16,24,pinned,5,9,0,25137796,18213626
4096,disjoint,16,24,pinned,5,9,1,12570240,10013971
4096,disjoint,16,24,pinned,5,9,2,21256056,18130268
4096,disjoint,16,24,pinned,5,9,3,13675863,11192231
4096,disjoint,16,24,pinned,5,10,0,23769395,18669169
4096,disjoint,16,24,pinned,5,10,1,13533414,9239134
4096,disjoint,16,24,pinned,5,10,2,20553506,17335403
4096,disjoint,16,24,pinned,5,10,3,30192226,28090606
4096,disjoint,16,24,pinned,5,11,0,25103741,20040164
4096,disjoint,16,24,pinned,5,11,1,12323905,9669067
4096,disjoint,16,24,pinned,5,11,2,21514225,18067589
4096,disjoint,16,24,pinned,5,11,3,25274315,22910578
4096,disjoint,16,24,pinned,5,12,0,28380235,24029657
4096,disjoint,16,24,pinned,5,12,1,25098371,21242701
4096,disjoint,16,24,pinned,5,12,2,7624145,4360286
4096,disjoint,16,24,pinned,5,12,3,28088161,25365807
4096,disjoint,16,24,pinned,5,13,0,11312438,6901277
4096,disjoint,16,24,pinned,5,13,1,20255562,16103651
4096,disjoint,16,24,pinned,5,13,2,13292719,10257171
4096,disjoint,16,24,pinned,5,13,3,14682088,12253271
4096,disjoint,16,24,pinned,5,14,0,24985898,21012585
4096,disjoint,16,24,pinned,5,14,1,34062273,30182928
4096,disjoint,16,24,pinned,5,14,2,25204742,22633854
4096,disjoint,16,24,pinned,5,14,3,8814790,6566473
4096,disjoint,16,24,pinned,5,15,0,10958559,7180756
4096,disjoint,16,24,pinned,5,15,1,25951757,21609135
4096,disjoint,16,24,pinned,5,15,2,22041573,18122654
4096,disjoint,16,24,pinned,5,15,3,7760393,5459337
4096,same_object,1,24,pinned,-2,0,0,5982276,2755167
4096,same_object,1,24,pinned,-2,0,1,6728530,3717669
4096,same_object,1,24,pinned,-2,0,2,8705904,4479932
4096,same_object,1,24,pinned,-2,0,3,6528311,3049514
4096,same_object,1,24,unsafe_unpinned_baseline,-2,0,0,4624366,3221068
4096,same_object,1,24,unsafe_unpinned_baseline,-2,0,1,4708294,3478296
4096,same_object,1,24,unsafe_unpinned_baseline,-2,0,2,4698155,3296061
4096,same_object,1,24,unsafe_unpinned_baseline,-2,0,3,3287395,2458946
4096,same_object,1,24,unsafe_unpinned_baseline,-1,0,0,4716581,3435465
4096,same_object,1,24,unsafe_unpinned_baseline,-1,0,1,4737641,3622749
4096,same_object,1,24,unsafe_unpinned_baseline,-1,0,2,4565804,3682201
4096,same_object,1,24,unsafe_unpinned_baseline,-1,0,3,4713164,3469549
4096,same_object,1,24,pinned,-1,0,0,6399878,3446987
4096,same_object,1,24,pinned,-1,0,1,5795694,3611418
4096,same_object,1,24,pinned,-1,0,2,8010286,5088565
4096,same_object,1,24,pinned,-1,0,3,8043520,4176348
4096,same_object,1,24,pinned,0,0,0,8999880,4730978
4096,same_object,1,24,pinned,0,0,1,6754529,3539853
4096,same_object,1,24,pinned,0,0,2,7384792,3375551
4096,same_object,1,24,pinned,0,0,3,7243795,3723200
4096,same_object,1,24,unsafe_unpinned_baseline,0,0,0,6057158,5207520
4096,same_object,1,24,unsafe_unpinned_baseline,0,0,1,4515229,3708481
4096,same_object,1,24,unsafe_unpinned_baseline,0,0,2,4281546,3474439
4096,same_object,1,24,unsafe_unpinned_baseline,0,0,3,2718457,2122789
4096,same_object,1,24,unsafe_unpinned_baseline,1,0,0,5140192,4148435
4096,same_object,1,24,unsafe_unpinned_baseline,1,0,1,3621136,2850448
4096,same_object,1,24,unsafe_unpinned_baseline,1,0,2,3173448,2298863
4096,same_object,1,24,unsafe_unpinned_baseline,1,0,3,3558668,2983499
4096,same_object,1,24,pinned,1,0,0,6027081,3474439
4096,same_object,1,24,pinned,1,0,1,4252942,2779402
4096,same_object,1,24,pinned,1,0,2,3618050,2188684
4096,same_object,1,24,pinned,1,0,3,3156847,1933932
4096,same_object,1,24,pinned,2,0,0,3029646,1752758
4096,same_object,1,24,pinned,2,0,1,3107845,1758720
4096,same_object,1,24,pinned,2,0,2,3654459,2259448
4096,same_object,1,24,pinned,2,0,3,2809499,1703846
4096,same_object,1,24,unsafe_unpinned_baseline,2,0,0,2023491,1767386
4096,same_object,1,24,unsafe_unpinned_baseline,2,0,1,1996690,1674681
4096,same_object,1,24,unsafe_unpinned_baseline,2,0,2,1846396,1569151
4096,same_object,1,24,unsafe_unpinned_baseline,2,0,3,1589149,1299811
4096,same_object,1,24,unsafe_unpinned_baseline,3,0,0,1566195,1264504
4096,same_object,1,24,unsafe_unpinned_baseline,3,0,1,1629836,1306584
4096,same_object,1,24,unsafe_unpinned_baseline,3,0,2,2739748,2498060
4096,same_object,1,24,unsafe_unpinned_baseline,3,0,3,2836601,2568243
4096,same_object,1,24,pinned,3,0,0,6143693,3917989
4096,same_object,1,24,pinned,3,0,1,3195511,1745235
4096,same_object,1,24,pinned,3,0,2,2618968,1438063
4096,same_object,1,24,pinned,3,0,3,3525425,1956375
4096,same_object,1,24,pinned,4,0,0,3832066,2008923
4096,same_object,1,24,pinned,4,0,1,3416229,1752008
4096,same_object,1,24,pinned,4,0,2,3882992,1938551
4096,same_object,1,24,pinned,4,0,3,3516508,2053899
4096,same_object,1,24,unsafe_unpinned_baseline,4,0,0,2776638,2430813
4096,same_object,1,24,unsafe_unpinned_baseline,4,0,1,2126687,1771394
4096,same_object,1,24,unsafe_unpinned_baseline,4,0,2,2222838,1852568
4096,same_object,1,24,unsafe_unpinned_baseline,4,0,3,1805950,1447080
4096,same_object,1,24,unsafe_unpinned_baseline,5,0,0,2118922,1758200
4096,same_object,1,24,unsafe_unpinned_baseline,5,0,1,2840689,2517637
4096,same_object,1,24,unsafe_unpinned_baseline,5,0,2,2188714,1836417
4096,same_object,1,24,unsafe_unpinned_baseline,5,0,3,3049634,2732534
4096,same_object,1,24,pinned,5,0,0,6198697,3062088
4096,same_object,1,24,pinned,5,0,1,6106312,3267035
4096,same_object,1,24,pinned,5,0,2,5903558,2844385
4096,same_object,1,24,pinned,5,0,3,7737651,4114590
4096,same_object,4,24,pinned,-2,0,0,10145149,7324217
4096,same_object,4,24,pinned,-2,0,1,9004359,6806347
4096,same_object,4,24,pinned,-2,0,2,10874720,8519110
4096,same_object,4,24,pinned,-2,0,3,8999941,5928064
4096,same_object,4,24,pinned,-2,1,0,10370235,6767464
4096,same_object,4,24,pinned,-2,1,1,8119534,5415915
4096,same_object,4,24,pinned,-2,1,2,11663534,8792467
4096,same_object,4,24,pinned,-2,1,3,9308024,5839146
4096,same_object,4,24,pinned,-2,2,0,10179254,7107347
4096,same_object,4,24,pinned,-2,2,1,8236485,5318801
4096,same_object,4,24,pinned,-2,2,2,11556020,8642023
4096,same_object,4,24,pinned,-2,2,3,9026080,5843474
4096,same_object,4,24,pinned,-2,3,0,10165908,7075657
4096,same_object,4,24,pinned,-2,3,1,9451946,7099853
4096,same_object,4,24,pinned,-2,3,2,10159816,7575153
4096,same_object,4,24,pinned,-2,3,3,9560291,5825741
4096,same_object,4,24,unsafe_unpinned_baseline,-2,0,0,5886826,5473744
4096,same_object,4,24,unsafe_unpinned_baseline,-2,0,1,6360594,5918245
4096,same_object,4,24,unsafe_unpinned_baseline,-2,0,2,3754699,3494737
4096,same_object,4,24,unsafe_unpinned_baseline,-2,0,3,5631894,5044671
4096,same_object,4,24,unsafe_unpinned_baseline,-2,1,0,8623047,7797824
4096,same_object,4,24,unsafe_unpinned_baseline,-2,1,1,7023518,6648137
4096,same_object,4,24,unsafe_unpinned_baseline,-2,1,2,5176591,4752238
4096,same_object,4,24,unsafe_unpinned_baseline,-2,1,3,4623554,4172380
4096,same_object,4,24,unsafe_unpinned_baseline,-2,2,0,6205369,5781637
4096,same_object,4,24,unsafe_unpinned_baseline,-2,2,1,5741181,5352094
4096,same_object,4,24,unsafe_unpinned_baseline,-2,2,2,7721691,7401604
4096,same_object,4,24,unsafe_unpinned_baseline,-2,2,3,5957691,5550109
4096,same_object,4,24,unsafe_unpinned_baseline,-2,3,0,5894451,5477972
4096,same_object,4,24,unsafe_unpinned_baseline,-2,3,1,6203034,5757100
4096,same_object,4,24,unsafe_unpinned_baseline,-2,3,2,5759866,5453716
4096,same_object,4,24,unsafe_unpinned_baseline,-2,3,3,6451605,6111601
4096,same_object,4,24,unsafe_unpinned_baseline,-1,0,0,8719159,8203623
4096,same_object,4,24,unsafe_unpinned_baseline,-1,0,1,3660802,2931331
4096,same_object,4,24,unsafe_unpinned_baseline,-1,0,2,7342262,6726235
4096,same_object,4,24,unsafe_unpinned_baseline,-1,0,3,4300783,3223173
4096,same_object,4,24,unsafe_unpinned_baseline,-1,1,0,6593164,6222411
4096,same_object,4,24,unsafe_unpinned_baseline,-1,1,1,4942047,4594830
4096,same_object,4,24,unsafe_unpinned_baseline,-1,1,2,4007628,3692592
4096,same_object,4,24,unsafe_unpinned_baseline,-1,1,3,8343798,7914074
4096,same_object,4,24,unsafe_unpinned_baseline,-1,2,0,7463752,7031704
4096,same_object,4,24,unsafe_unpinned_baseline,-1,2,1,2642623,2264147
4096,same_object,4,24,unsafe_unpinned_baseline,-1,2,2,5155070,4440318
4096,same_object,4,24,unsafe_unpinned_baseline,-1,2,3,7433535,6403976
4096,same_object,4,24,unsafe_unpinned_baseline,-1,3,0,6010019,5535651
4096,same_object,4,24,unsafe_unpinned_baseline,-1,3,1,2450780,2114253
4096,same_object,4,24,unsafe_unpinned_baseline,-1,3,2,4859271,4535307
4096,same_object,4,24,unsafe_unpinned_baseline,-1,3,3,7686644,6448500
4096,same_object,4,24,pinned,-1,0,0,11296238,8574265
4096,same_object,4,24,pinned,-1,0,1,9498645,7574351
4096,same_object,4,24,pinned,-1,0,2,7895589,5599382
4096,same_object,4,24,pinned,-1,0,3,6050697,4418847
4096,same_object,4,24,pinned,-1,1,0,11259810,8357665
4096,same_object,4,24,pinned,-1,1,1,9388165,7771014
4096,same_object,4,24,pinned,-1,1,2,6156246,4524517
4096,same_object,4,24,pinned,-1,1,3,3305759,1871744
4096,same_object,4,24,pinned,-1,2,0,11628768,8354549
4096,same_object,4,24,pinned,-1,2,1,9867563,7887263
4096,same_object,4,24,pinned,-1,2,2,7328546,5363345
4096,same_object,4,24,pinned,-1,2,3,4594729,2787487
4096,same_object,4,24,pinned,-1,3,0,11622076,8362724
4096,same_object,4,24,pinned,-1,3,1,9356956,7570224
4096,same_object,4,24,pinned,-1,3,2,7334457,5765566
4096,same_object,4,24,pinned,-1,3,3,6932516,5223520
4096,same_object,4,24,pinned,0,0,0,12700186,8508199
4096,same_object,4,24,pinned,0,0,1,9754429,7495392
4096,same_object,4,24,pinned,0,0,2,9813761,7476185
4096,same_object,4,24,pinned,0,0,3,7991481,6529944
4096,same_object,4,24,pinned,0,1,0,12547988,10199201
4096,same_object,4,24,pinned,0,1,1,9757344,7752910
4096,same_object,4,24,pinned,0,1,2,9856492,6995104
4096,same_object,4,24,pinned,0,1,3,6337890,4801121
4096,same_object,4,24,pinned,0,2,0,13091167,8911132
4096,same_object,4,24,pinned,0,2,1,9460913,6855500
4096,same_object,4,24,pinned,0,2,2,9157118,6297283
4096,same_object,4,24,pinned,0,2,3,8833776,6028764
4096,same_object,4,24,pinned,0,3,0,12556374,9797260
4096,same_object,4,24,pinned,0,3,1,9712519,7583228
4096,same_object,4,24,pinned,0,3,2,9215810,7127836
4096,same_object,4,24,pinned,0,3,3,6261255,4596032
4096,same_object,4,24,unsafe_unpinned_baseline,0,0,0,8043749,7283861
4096,same_object,4,24,unsafe_unpinned_baseline,0,0,1,7318958,6332540
4096,same_object,4,24,unsafe_unpinned_baseline,0,0,2,4008249,3692291
4096,same_object,4,24,unsafe_unpinned_baseline,0,0,3,1955252,1589420
4096,same_object,4,24,unsafe_unpinned_baseline,0,1,0,8034943,6993151
4096,same_object,4,24,unsafe_unpinned_baseline,0,1,1,6427580,5413731
4096,same_object,4,24,unsafe_unpinned_baseline,0,1,2,3319896,2953462
4096,same_object,4,24,unsafe_unpinned_baseline,0,1,3,2800683,2519280
4096,same_object,4,24,unsafe_unpinned_baseline,0,2,0,9018084,8308070
4096,same_object,4,24,unsafe_unpinned_baseline,0,2,1,6382665,6039825
4096,same_object,4,24,unsafe_unpinned_baseline,0,2,2,4153955,3911296
4096,same_object,4,24,unsafe_unpinned_baseline,0,2,3,5539359,4815518
4096,same_object,4,24,unsafe_unpinned_baseline,0,3,0,7573861,7060318
4096,same_object,4,24,unsafe_unpinned_baseline,0,3,1,3171615,2744427
4096,same_object,4,24,unsafe_unpinned_baseline,0,3,2,4502665,4136972
4096,same_object,4,24,unsafe_unpinned_baseline,0,3,3,2492550,2240512
4096,same_object,4,24,unsafe_unpinned_baseline,1,0,0,6605497,5855126
4096,same_object,4,24,unsafe_unpinned_baseline,1,0,1,6741554,5870956
4096,same_object,4,24,unsafe_unpinned_baseline,1,0,2,5847622,5208332
4096,same_object,4,24,unsafe_unpinned_baseline,1,0,3,7290494,6220688
4096,same_object,4,24,unsafe_unpinned_baseline,1,1,0,6598664,5883610
4096,same_object,4,24,unsafe_unpinned_baseline,1,1,1,5988088,4868277
4096,same_object,4,24,unsafe_unpinned_baseline,1,1,2,6835142,6062348
4096,same_object,4,24,unsafe_unpinned_baseline,1,1,3,7445357,6605868
4096,same_object,4,24,unsafe_unpinned_baseline,1,2,0,8002071,7360917
4096,same_object,4,24,unsafe_unpinned_baseline,1,2,1,5634018,4746477
4096,same_object,4,24,unsafe_unpinned_baseline,1,2,2,5556250,5087894
4096,same_object,4,24,unsafe_unpinned_baseline,1,2,3,7671966,6719713
4096,same_object,4,24,unsafe_unpinned_baseline,1,3,0,7653311,7022346
4096,same_object,4,24,unsafe_unpinned_baseline,1,3,1,5476519,4990659
4096,same_object,4,24,unsafe_unpinned_baseline,1,3,2,4403087,3698763
4096,same_object,4,24,unsafe_unpinned_baseline,1,3,3,9051138,7791643
4096,same_object,4,24,pinned,1,0,0,10014271,5921271
4096,same_object,4,24,pinned,1,0,1,7325430,4854331
4096,same_object,4,24,pinned,1,0,2,9956812,7356729
4096,same_object,4,24,pinned,1,0,3,5069278,2317268
4096,same_object,4,24,pinned,1,1,0,10027276,5921561
4096,same_object,4,24,pinned,1,1,1,8435202,5798058
4096,same_object,4,24,pinned,1,1,2,7463882,5459778
4096,same_object,4,24,pinned,1,1,3,4905047,3044765
4096,same_object,4,24,pinned,1,2,0,9793493,5906293
4096,same_object,4,24,pinned,1,2,1,8693610,6251546
4096,same_object,4,24,pinned,1,2,2,5183655,3624533
4096,same_object,4,24,pinned,1,2,3,3123093,1853530
4096,same_object,4,24,pinned,1,3,0,9970438,6230917
4096,same_object,4,24,pinned,1,3,1,8513910,6227100
4096,same_object,4,24,pinned,1,3,2,6905625,5007311
4096,same_object,4,24,pinned,1,3,3,5435892,3639781
4096,same_object,4,24,pinned,2,0,0,4263131,2971176
4096,same_object,4,24,pinned,2,0,1,4167280,3084800
4096,same_object,4,24,pinned,2,0,2,4455797,3144243
4096,same_object,4,24,pinned,2,0,3,3427619,2266371
4096,same_object,4,24,pinned,2,1,0,3879295,2066192
4096,same_object,4,24,pinned,2,1,1,3404736,1816600
4096,same_object,4,24,pinned,2,1,2,4145409,2925018
4096,same_object,4,24,pinned,2,1,3,3335124,2194405
4096,same_object,4,24,pinned,2,2,0,6028063,4523615
4096,same_object,4,24,pinned,2,2,1,4416171,3061947
4096,same_object,4,24,pinned,2,2,2,3495929,2194264
4096,same_object,4,24,pinned,2,2,3,3061607,1812702
4096,same_object,4,24,pinned,2,3,0,7594720,5414882
4096,same_object,4,24,pinned,2,3,1,3821175,2421675
4096,same_object,4,24,pinned,2,3,2,5710993,4395001
4096,same_object,4,24,pinned,2,3,3,2627014,1369293
4096,same_object,4,24,unsafe_unpinned_baseline,2,0,0,6655291,6338461
4096,same_object,4,24,unsafe_unpinned_baseline,2,0,1,3453569,3202323
4096,same_object,4,24,unsafe_unpinned_baseline,2,0,2,5135484,4218528
4096,same_object,4,24,unsafe_unpinned_baseline,2,0,3,6569599,5910321
4096,same_object,4,24,unsafe_unpinned_baseline,2,1,0,3722067,3390389
4096,same_object,4,24,unsafe_unpinned_baseline,2,1,1,5982056,5692528
4096,same_object,4,24,unsafe_unpinned_baseline,2,1,2,2667591,2369115
4096,same_object,4,24,unsafe_unpinned_baseline,2,1,3,6227431,5854094
4096,same_object,4,24,unsafe_unpinned_baseline,2,2,0,4682606,4362479
4096,same_object,4,24,unsafe_unpinned_baseline,2,2,1,5063587,4836206
4096,same_object,4,24,unsafe_unpinned_baseline,2,2,2,5256803,4996000
4096,same_object,4,24,unsafe_unpinned_baseline,2,2,3,6349502,5955196
4096,same_object,4,24,unsafe_unpinned_baseline,2,3,0,5811052,5486438
4096,same_object,4,24,unsafe_unpinned_baseline,2,3,1,3958775,3652977
4096,same_object,4,24,unsafe_unpinned_baseline,2,3,2,5156613,4844423
4096,same_object,4,24,unsafe_unpinned_baseline,2,3,3,6876439,6396291
4096,same_object,4,24,unsafe_unpinned_baseline,3,0,0,6862984,6079561
4096,same_object,4,24,unsafe_unpinned_baseline,3,0,1,4821880,3987540
4096,same_object,4,24,unsafe_unpinned_baseline,3,0,2,1688277,1306814
4096,same_object,4,24,unsafe_unpinned_baseline,3,0,3,8671378,7937408
4096,same_object,4,24,unsafe_unpinned_baseline,3,1,0,7738482,6784977
4096,same_object,4,24,unsafe_unpinned_baseline,3,1,1,4144367,3358409
4096,same_object,4,24,unsafe_unpinned_baseline,3,1,2,2883841,2481829
4096,same_object,4,24,unsafe_unpinned_baseline,3,1,3,7452290,6638189
4096,same_object,4,24,unsafe_unpinned_baseline,3,2,0,7342602,6437299
4096,same_object,4,24,unsafe_unpinned_baseline,3,2,1,4324738,3452267
4096,same_object,4,24,unsafe_unpinned_baseline,3,2,2,9074882,7634625
4096,same_object,4,24,unsafe_unpinned_baseline,3,2,3,5186981,3982972
4096,same_object,4,24,unsafe_unpinned_baseline,3,3,0,7716701,6995115
4096,same_object,4,24,unsafe_unpinned_baseline,3,3,1,4219159,3803070
4096,same_object,4,24,unsafe_unpinned_baseline,3,3,2,3562645,3124265
4096,same_object,4,24,unsafe_unpinned_baseline,3,3,3,6542979,5688932
4096,same_object,4,24,pinned,3,0,0,8657543,5521184
4096,same_object,4,24,pinned,3,0,1,6517330,3152539
4096,same_object,4,24,pinned,3,0,2,4383620,2122949
4096,same_object,4,24,pinned,3,0,3,12656103,10211515
4096,same_object,4,24,pinned,3,1,0,11861699,8754466
4096,same_object,4,24,pinned,3,1,1,6629542,3960819
4096,same_object,4,24,pinned,3,1,2,5733927,3669347
4096,same_object,4,24,pinned,3,1,3,7906019,5988979
4096,same_object,4,24,pinned,3,2,0,11805363,8649698
4096,same_object,4,24,pinned,3,2,1,6738318,4234398
4096,same_object,4,24,pinned,3,2,2,14016700,6371384
4096,same_object,4,24,pinned,3,2,3,5752972,3668786
4096,same_object,4,24,pinned,3,3,0,11851229,8649678
4096,same_object,4,24,pinned,3,3,1,5711013,3318413
4096,same_object,4,24,pinned,3,3,2,6125488,3992289
4096,same_object,4,24,pinned,3,3,3,11733866,8926802
4096,same_object,4,24,pinned,4,0,0,10496655,8650910
4096,same_object,4,24,pinned,4,0,1,11905131,7630037
4096,same_object,4,24,pinned,4,0,2,12310629,8131175
4096,same_object,4,24,pinned,4,0,3,9600187,6273669
4096,same_object,4,24,pinned,4,1,0,8444499,6449131
4096,same_object,4,24,pinned,4,1,1,8557894,6513432
4096,same_object,4,24,pinned,4,1,2,16469554,12496230
4096,same_object,4,24,pinned,4,1,3,10506563,8164468
4096,same_object,4,24,pinned,4,2,0,9417331,7388940
4096,same_object,4,24,pinned,4,2,1,4891832,2724478
4096,same_object,4,24,pinned,4,2,2,7792454,5620552
4096,same_object,4,24,pinned,4,2,3,11818908,8481619
4096,same_object,4,24,pinned,4,3,0,11282302,8813097
4096,same_object,4,24,pinned,4,3,1,12037733,8368024
4096,same_object,4,24,pinned,4,3,2,10583980,6176605
4096,same_object,4,24,pinned,4,3,3,8700303,5027609
4096,same_object,4,24,unsafe_unpinned_baseline,4,0,0,10746748,10275756
4096,same_object,4,24,unsafe_unpinned_baseline,4,0,1,8323560,6231037
4096,same_object,4,24,unsafe_unpinned_baseline,4,0,2,6379820,5579644
4096,same_object,4,24,unsafe_unpinned_baseline,4,0,3,6970117,5860526
4096,same_object,4,24,unsafe_unpinned_baseline,4,1,0,11497880,10477939
4096,same_object,4,24,unsafe_unpinned_baseline,4,1,1,6479468,4909756
4096,same_object,4,24,unsafe_unpinned_baseline,4,1,2,6701268,5145893
4096,same_object,4,24,unsafe_unpinned_baseline,4,1,3,7639564,6809453
4096,same_object,4,24,unsafe_unpinned_baseline,4,2,0,9963746,9322722
4096,same_object,4,24,unsafe_unpinned_baseline,4,2,1,8938314,6984745
4096,same_object,4,24,unsafe_unpinned_baseline,4,2,2,6004008,5170870
4096,same_object,4,24,unsafe_unpinned_baseline,4,2,3,7331932,6210930
4096,same_object,4,24,unsafe_unpinned_baseline,4,3,0,8052397,7464243
4096,same_object,4,24,unsafe_unpinned_baseline,4,3,1,3378828,2403772
4096,same_object,4,24,unsafe_unpinned_baseline,4,3,2,7623905,5888719
4096,same_object,4,24,unsafe_unpinned_baseline,4,3,3,6238623,5579895
4096,same_object,4,24,unsafe_unpinned_baseline,5,0,0,8222920,7325701
4096,same_object,4,24,unsafe_unpinned_baseline,5,0,1,8140212,6866150
4096,same_object,4,24,unsafe_unpinned_baseline,5,0,2,5491237,4485874
4096,same_object,4,24,unsafe_unpinned_baseline,5,0,3,7431190,6641736
4096,same_object,4,24,unsafe_unpinned_baseline,5,1,0,9998791,9158962
4096,same_object,4,24,unsafe_unpinned_baseline,5,1,1,6538029,5498361
4096,same_object,4,24,unsafe_unpinned_baseline,5,1,2,5100307,4512954
4096,same_object,4,24,unsafe_unpinned_baseline,5,1,3,6596310,5557923
4096,same_object,4,24,unsafe_unpinned_baseline,5,2,0,9993291,9152069
4096,same_object,4,24,unsafe_unpinned_baseline,5,2,1,6646945,5573934
4096,same_object,4,24,unsafe_unpinned_baseline,5,2,2,5841179,5111859
4096,same_object,4,24,unsafe_unpinned_baseline,5,2,3,7590061,6867392
4096,same_object,4,24,unsafe_unpinned_baseline,5,3,0,9983693,9132412
4096,same_object,4,24,unsafe_unpinned_baseline,5,3,1,6352568,5264458
4096,same_object,4,24,unsafe_unpinned_baseline,5,3,2,5525351,4677095
4096,same_object,4,24,unsafe_unpinned_baseline,5,3,3,7428606,6266595
4096,same_object,4,24,pinned,5,0,0,10613165,8038150
4096,same_object,4,24,pinned,5,0,1,7082009,4629074
4096,same_object,4,24,pinned,5,0,2,7535157,5394394
4096,same_object,4,24,pinned,5,0,3,4836167,3096804
4096,same_object,4,24,pinned,5,1,0,9746564,6312943
4096,same_object,4,24,pinned,5,1,1,5236655,2987967
4096,same_object,4,24,pinned,5,1,2,3015119,1421040
4096,same_object,4,24,pinned,5,1,3,4468721,2484956
4096,same_object,4,24,pinned,5,2,0,10703115,8002882
4096,same_object,4,24,pinned,5,2,1,7093932,4071699
4096,same_object,4,24,pinned,5,2,2,5417397,3123274
4096,same_object,4,24,pinned,5,2,3,4705770,2219713
4096,same_object,4,24,pinned,5,3,0,9643730,6317602
4096,same_object,4,24,pinned,5,3,1,8064439,4841607
4096,same_object,4,24,pinned,5,3,2,7440818,5306848
4096,same_object,4,24,pinned,5,3,3,4462199,1924173
4096,same_object,16,24,pinned,-2,0,0,11227307,8353987
4096,same_object,16,24,pinned,-2,0,1,15355013,13098230
4096,same_object,16,24,pinned,-2,0,2,19423316,15407493
4096,same_object,16,24,pinned,-2,0,3,10321282,7384953
4096,same_object,16,24,pinned,-2,1,0,11751280,8406577
4096,same_object,16,24,pinned,-2,1,1,14908057,11992426
4096,same_object,16,24,pinned,-2,1,2,8242637,4184913
4096,same_object,16,24,pinned,-2,1,3,18647237,16973969
4096,same_object,16,24,pinned,-2,2,0,29931833,25200875
4096,same_object,16,24,pinned,-2,2,1,15155886,11938825
4096,same_object,16,24,pinned,-2,2,2,11171332,8139190
4096,same_object,16,24,pinned,-2,2,3,11906704,10099763
4096,same_object,16,24,pinned,-2,3,0,28125041,24717611
4096,same_object,16,24,pinned,-2,3,1,18121832,14123963
4096,same_object,16,24,pinned,-2,3,2,19378051,16143005
4096,same_object,16,24,pinned,-2,3,3,4626610,2443918
4096,same_object,16,24,pinned,-2,4,0,20299445,17639319
4096,same_object,16,24,pinned,-2,4,1,13568631,12071556
4096,same_object,16,24,pinned,-2,4,2,15598554,14190949
4096,same_object,16,24,pinned,-2,4,3,15309697,13319840
4096,same_object,16,24,pinned,-2,5,0,20735420,17300877
4096,same_object,16,24,pinned,-2,5,1,17528779,14994761
4096,same_object,16,24,pinned,-2,5,2,11373895,9891749
4096,same_object,16,24,pinned,-2,5,3,15120779,12634362
4096,same_object,16,24,pinned,-2,6,0,21370383,18958015
4096,same_object,16,24,pinned,-2,6,1,11698390,9101413
4096,same_object,16,24,pinned,-2,6,2,20477532,18769338
4096,same_object,16,24,pinned,-2,6,3,15015982,12814282
4096,same_object,16,24,pinned,-2,7,0,11559848,7275837
4096,same_object,16,24,pinned,-2,7,1,20019655,17232468
4096,same_object,16,24,pinned,-2,7,2,21924091,19517204
4096,same_object,16,24,pinned,-2,7,3,11213803,8953252
4096,same_object,16,24,pinned,-2,8,0,11506637,7329388
4096,same_object,16,24,pinned,-2,8,1,16533735,14057767
4096,same_object,16,24,pinned,-2,8,2,18058292,14385207
4096,same_object,16,24,pinned,-2,8,3,10045831,7162812
4096,same_object,16,24,pinned,-2,9,0,29890845,24865069
4096,same_object,16,24,pinned,-2,9,1,16059477,13906530
4096,same_object,16,24,pinned,-2,9,2,10618695,8310756
4096,same_object,16,24,pinned,-2,9,3,11872680,10543464
4096,same_object,16,24,pinned,-2,10,0,18661464,15605607
4096,same_object,16,24,pinned,-2,10,1,12064593,9047160
4096,same_object,16,24,pinned,-2,10,2,14134181,11665899
4096,same_object,16,24,pinned,-2,10,3,11800954,9334444
4096,same_object,16,24,pinned,-2,11,0,21596391,17928024
4096,same_object,16,24,pinned,-2,11,1,11108213,8452053
4096,same_object,16,24,pinned,-2,11,2,12922507,10529496
4096,same_object,16,24,pinned,-2,11,3,10545497,7967175
4096,same_object,16,24,pinned,-2,12,0,21167478,17893810
4096,same_object,16,24,pinned,-2,12,1,26734219,23901986
4096,same_object,16,24,pinned,-2,12,2,8700524,6719682
4096,same_object,16,24,pinned,-2,12,3,11777980,10286426
4096,same_object,16,24,pinned,-2,13,0,28023740,24327361
4096,same_object,16,24,pinned,-2,13,1,16914947,13028518
4096,same_object,16,24,pinned,-2,13,2,14963191,12451145
4096,same_object,16,24,pinned,-2,13,3,7977344,6630464
4096,same_object,16,24,pinned,-2,14,0,21099489,17895413
4096,same_object,16,24,pinned,-2,14,1,8736001,5446111
4096,same_object,16,24,pinned,-2,14,2,17251574,14163407
4096,same_object,16,24,pinned,-2,14,3,17901384,15871000
4096,same_object,16,24,pinned,-2,15,0,21673557,18008086
4096,same_object,16,24,pinned,-2,15,1,11115345,8873190
4096,same_object,16,24,pinned,-2,15,2,20709101,18928649
4096,same_object,16,24,pinned,-2,15,3,14181001,12267307
4096,same_object,16,24,unsafe_unpinned_baseline,-2,0,0,17825230,17408802
4096,same_object,16,24,unsafe_unpinned_baseline,-2,0,1,9236348,8512206
4096,same_object,16,24,unsafe_unpinned_baseline,-2,0,2,14731753,14407619
4096,same_object,16,24,unsafe_unpinned_baseline,-2,0,3,9473797,9158471
4096,same_object,16,24,unsafe_unpinned_baseline,-2,1,0,13873207,13397537
4096,same_object,16,24,unsafe_unpinned_baseline,-2,1,1,13716791,12276154
4096,same_object,16,24,unsafe_unpinned_baseline,-2,1,2,14280368,13973086
4096,same_object,16,24,unsafe_unpinned_baseline,-2,1,3,9300620,8608008
4096,same_object,16,24,unsafe_unpinned_baseline,-2,2,0,24612201,24075464
4096,same_object,16,24,unsafe_unpinned_baseline,-2,2,1,7858278,7479161
4096,same_object,16,24,unsafe_unpinned_baseline,-2,2,2,24047501,23707208
4096,same_object,16,24,unsafe_unpinned_baseline,-2,2,3,10442291,9577694
4096,same_object,16,24,unsafe_unpinned_baseline,-2,3,0,6218263,5815511
4096,same_object,16,24,unsafe_unpinned_baseline,-2,3,1,14998198,14254509
4096,same_object,16,24,unsafe_unpinned_baseline,-2,3,2,11384956,11027640
4096,same_object,16,24,unsafe_unpinned_baseline,-2,3,3,24958997,24710157
4096,same_object,16,24,unsafe_unpinned_baseline,-2,4,0,20331635,19789820
4096,same_object,16,24,unsafe_unpinned_baseline,-2,4,1,10450597,9719673
4096,same_object,16,24,unsafe_unpinned_baseline,-2,4,2,15330266,14757923
4096,same_object,16,24,unsafe_unpinned_baseline,-2,4,3,12499637,12109709
4096,same_object,16,24,unsafe_unpinned_baseline,-2,5,0,20321968,19816160
4096,same_object,16,24,unsafe_unpinned_baseline,-2,5,1,28853241,28106898
4096,same_object,16,24,unsafe_unpinned_baseline,-2,5,2,15757706,15308175
4096,same_object,16,24,unsafe_unpinned_baseline,-2,5,3,4035932,3088709
4096,same_object,16,24,unsafe_unpinned_baseline,-2,6,0,20456372,19444686
4096,same_object,16,24,unsafe_unpinned_baseline,-2,6,1,10264966,9553659
4096,same_object,16,24,unsafe_unpinned_baseline,-2,6,2,15826576,15160675
4096,same_object,16,24,unsafe_unpinned_baseline,-2,6,3,11997005,11260290
4096,same_object,16,24,unsafe_unpinned_baseline,-2,7,0,20304615,19589752
4096,same_object,16,24,unsafe_unpinned_baseline,-2,7,1,29185830,28433937
4096,same_object,16,24,unsafe_unpinned_baseline,-2,7,2,15917478,15433041
4096,same_object,16,24,unsafe_unpinned_baseline,-2,7,3,3939970,3197675
4096,same_object,16,24,unsafe_unpinned_baseline,-2,8,0,20430924,19952297
4096,same_object,16,24,unsafe_unpinned_baseline,-2,8,1,26550560,25944252
4096,same_object,16,24,unsafe_unpinned_baseline,-2,8,2,11612087,11250331
4096,same_object,16,24,unsafe_unpinned_baseline,-2,8,3,8021638,7570253
4096,same_object,16,24,unsafe_unpinned_baseline,-2,9,0,20301168,19808065
4096,same_object,16,24,unsafe_unpinned_baseline,-2,9,1,27874968,27133023
4096,same_object,16,24,unsafe_unpinned_baseline,-2,9,2,10391225,9886218
4096,same_object,16,24,unsafe_unpinned_baseline,-2,9,3,7792745,7346970
4096,same_object,16,24,unsafe_unpinned_baseline,-2,10,0,6169581,5813387
4096,same_object,16,24,unsafe_unpinned_baseline,-2,10,1,14696647,13950624
4096,same_object,16,24,unsafe_unpinned_baseline,-2,10,2,28087962,27469831
4096,same_object,16,24,unsafe_unpinned_baseline,-2,10,3,9627399,9209417
4096,same_object,16,24,unsafe_unpinned_baseline,-2,11,0,6162778,5790674
4096,same_object,16,24,unsafe_unpinned_baseline,-2,11,1,14696577,14026147
4096,same_object,16,24,unsafe_unpinned_baseline,-2,11,2,9752085,9408985
4096,same_object,16,24,unsafe_unpinned_baseline,-2,11,3,14539409,13685091
4096,same_object,16,24,unsafe_unpinned_baseline,-2,12,0,20407440,19952489
4096,same_object,16,24,unsafe_unpinned_baseline,-2,12,1,12349021,11731102
4096,same_object,16,24,unsafe_unpinned_baseline,-2,12,2,13652359,13119731
4096,same_object,16,24,unsafe_unpinned_baseline,-2,12,3,12179010,11790403
4096,same_object,16,24,unsafe_unpinned_baseline,-2,13,0,25304431,24837968
4096,same_object,16,24,unsafe_unpinned_baseline,-2,13,1,23807387,23126607
4096,same_object,16,24,unsafe_unpinned_baseline,-2,13,2,17534791,17116779
4096,same_object,16,24,unsafe_unpinned_baseline,-2,13,3,2688811,2272473
4096,same_object,16,24,unsafe_unpinned_baseline,-2,14,0,20404264,19913244
4096,same_object,16,24,unsafe_unpinned_baseline,-2,14,1,27629744,26977408
4096,same_object,16,24,unsafe_unpinned_baseline,-2,14,2,10524818,9980026
4096,same_object,16,24,unsafe_unpinned_baseline,-2,14,3,7949381,7664823
4096,same_object,16,24,unsafe_unpinned_baseline,-2,15,0,14219143,13685202
4096,same_object,16,24,unsafe_unpinned_baseline,-2,15,1,13315602,12301522
4096,same_object,16,24,unsafe_unpinned_baseline,-2,15,2,13891622,13618926
4096,same_object,16,24,unsafe_unpinned_baseline,-2,15,3,9210509,8723908
4096,same_object,16,24,unsafe_unpinned_baseline,-1,0,0,24306191,22931658
4096,same_object,16,24,unsafe_unpinned_baseline,-1,0,1,21586211,21187566
4096,same_object,16,24,unsafe_unpinned_baseline,-1,0,2,18826867,18434083
4096,same_object,16,24,unsafe_unpinned_baseline,-1,0,3,12662465,12223483
4096,same_object,16,24,unsafe_unpinned_baseline,-1,1,0,28322496,27514105
4096,same_object,16,24,unsafe_unpinned_baseline,-1,1,1,19406334,19005795
4096,same_object,16,24,unsafe_unpinned_baseline,-1,1,2,17956138,17597790
4096,same_object,16,24,unsafe_unpinned_baseline,-1,1,3,13144057,12725534
4096,same_object,16,24,unsafe_unpinned_baseline,-1,2,0,15768105,14386730
4096,same_object,16,24,unsafe_unpinned_baseline,-1,2,1,18709394,18217153
4096,same_object,16,24,unsafe_unpinned_baseline,-1,2,2,21377315,20786227
4096,same_object,16,24,unsafe_unpinned_baseline,-1,2,3,11704240,10909125
4096,same_object,16,24,unsafe_unpinned_baseline,-1,3,0,26054441,25274895
4096,same_object,16,24,unsafe_unpinned_baseline,-1,3,1,21569319,21171736
4096,same_object,16,24,unsafe_unpinned_baseline,-1,3,2,17932223,17570758
4096,same_object,16,24,unsafe_unpinned_baseline,-1,3,3,11401407,11003143
4096,same_object,16,24,unsafe_unpinned_baseline,-1,4,0,19212396,18616538
4096,same_object,16,24,unsafe_unpinned_baseline,-1,4,1,19160459,18322582
4096,same_object,16,24,unsafe_unpinned_baseline,-1,4,2,19774561,19400994
4096,same_object,16,24,unsafe_unpinned_baseline,-1,4,3,19184804,18347129
4096,same_object,16,24,unsafe_unpinned_baseline,-1,5,0,15786150,14477402
4096,same_object,16,24,unsafe_unpinned_baseline,-1,5,1,18633371,18209448
4096,same_object,16,24,unsafe_unpinned_baseline,-1,5,2,20677852,20119384
4096,same_object,16,24,unsafe_unpinned_baseline,-1,5,3,13554634,12759419
4096,same_object,16,24,unsafe_unpinned_baseline,-1,6,0,28052094,26828227
4096,same_object,16,24,unsafe_unpinned_baseline,-1,6,1,20225305,19730377
4096,same_object,16,24,unsafe_unpinned_baseline,-1,6,2,17119273,16017587
4096,same_object,16,24,unsafe_unpinned_baseline,-1,6,3,11678402,11225003
4096,same_object,16,24,unsafe_unpinned_baseline,-1,7,0,14657994,13912221
4096,same_object,16,24,unsafe_unpinned_baseline,-1,7,1,24855711,24359743
4096,same_object,16,24,unsafe_unpinned_baseline,-1,7,2,20329662,19869982
4096,same_object,16,24,unsafe_unpinned_baseline,-1,7,3,18906057,18213305
4096,same_object,16,24,unsafe_unpinned_baseline,-1,8,0,15475150,14191370
4096,same_object,16,24,unsafe_unpinned_baseline,-1,8,1,44843135,44100790
4096,same_object,16,24,unsafe_unpinned_baseline,-1,8,2,18684377,17857441
4096,same_object,16,24,unsafe_unpinned_baseline,-1,8,3,2602007,2024313
4096,same_object,16,24,unsafe_unpinned_baseline,-1,9,0,14465428,13954491
4096,same_object,16,24,unsafe_unpinned_baseline,-1,9,1,24984716,24601160
4096,same_object,16,24,unsafe_unpinned_baseline,-1,9,2,20371130,19930106
4096,same_object,16,24,unsafe_unpinned_baseline,-1,9,3,18910946,18317302
4096,same_object,16,24,unsafe_unpinned_baseline,-1,10,0,28421292,27751775
4096,same_object,16,24,unsafe_unpinned_baseline,-1,10,1,19122797,18288607
4096,same_object,16,24,unsafe_unpinned_baseline,-1,10,2,17939657,17567643
4096,same_object,16,24,unsafe_unpinned_baseline,-1,10,3,13402767,13071730
4096,same_object,16,24,unsafe_unpinned_baseline,-1,11,0,15429905,14237087
4096,same_object,16,24,unsafe_unpinned_baseline,-1,11,1,18906067,18554731
4096,same_object,16,24,unsafe_unpinned_baseline,-1,11,2,20658043,20332097
4096,same_object,16,24,unsafe_unpinned_baseline,-1,11,3,12282075,11868111
4096,same_object,16,24,unsafe_unpinned_baseline,-1,12,0,13725047,13218177
4096,same_object,16,24,unsafe_unpinned_baseline,-1,12,1,25469043,24704766
4096,same_object,16,24,unsafe_unpinned_baseline,-1,12,2,26525513,26069740
4096,same_object,16,24,unsafe_unpinned_baseline,-1,12,3,11493602,11151815
4096,same_object,16,24,unsafe_unpinned_baseline,-1,13,0,15409406,13752318
4096,same_object,16,24,unsafe_unpinned_baseline,-1,13,1,19350769,19048897
4096,same_object,16,24,unsafe_unpinned_baseline,-1,13,2,20190649,19380665
4096,same_object,16,24,unsafe_unpinned_baseline,-1,13,3,13460315,13029830
4096,same_object,16,24,unsafe_unpinned_baseline,-1,14,0,14404033,13756747
4096,same_object,16,24,unsafe_unpinned_baseline,-1,14,1,24952805,24598846
4096,same_object,16,24,unsafe_unpinned_baseline,-1,14,2,20884773,20420454
4096,same_object,16,24,unsafe_unpinned_baseline,-1,14,3,18425527,17456081
4096,same_object,16,24,unsafe_unpinned_baseline,-1,15,0,15385441,14193704
4096,same_object,16,24,unsafe_unpinned_baseline,-1,15,1,18906858,18595439
4096,same_object,16,24,unsafe_unpinned_baseline,-1,15,2,20706686,20324582
4096,same_object,16,24,unsafe_unpinned_baseline,-1,15,3,13440168,13028539
4096,same_object,16,24,pinned,-1,0,0,28279223,24017084
4096,same_object,16,24,pinned,-1,0,1,28081329,25769522
4096,same_object,16,24,pinned,-1,0,2,20137899,18739211
4096,same_object,16,24,pinned,-1,0,3,7484962,5980574
4096,same_object,16,24,pinned,-1,1,0,31822222,27995146
4096,same_object,16,24,pinned,-1,1,1,22524107,21037893
4096,same_object,16,24,pinned,-1,1,2,22325290,21010552
4096,same_object,16,24,pinned,-1,1,3,7593117,6058651
4096,same_object,16,24,pinned,-1,2,0,31880653,27863226
4096,same_object,16,24,pinned,-1,2,1,24360794,22039650
4096,same_object,16,24,pinned,-1,2,2,19767197,18252650
4096,same_object,16,24,pinned,-1,2,3,7948179,6262547
4096,same_object,16,24,pinned,-1,3,0,27550994,24699846
4096,same_object,16,24,pinned,-1,3,1,15002786,13015384
4096,same_object,16,24,pinned,-1,3,2,18346547,16680042
4096,same_object,16,24,pinned,-1,3,3,14751390,13054517
4096,same_object,16,24,pinned,-1,4,0,31080207,26532015
4096,same_object,16,24,pinned,-1,4,1,23279808,21677534
4096,same_object,16,24,pinned,-1,4,2,15522520,13523505
4096,same_object,16,24,pinned,-1,4,3,8495746,6758587
4096,same_object,16,24,pinned,-1,5,0,31863711,28017047
4096,same_object,16,24,pinned,-1,5,1,22689520,21250365
4096,same_object,16,24,pinned,-1,5,2,16551960,15001283
4096,same_object,16,24,pinned,-1,5,3,7956034,6506579
4096,same_object,16,24,pinned,-1,6,0,28271640,22854483
4096,same_object,16,24,pinned,-1,6,1,15476964,13623986
4096,same_object,16,24,pinned,-1,6,2,30337080,27983293
4096,same_object,16,24,pinned,-1,6,3,6487774,4790691
4096,same_object,16,24,pinned,-1,7,0,26621866,22898686
4096,same_object,16,24,pinned,-1,7,1,12557826,10652599
4096,same_object,16,24,pinned,-1,7,2,33313806,31573831
4096,same_object,16,24,pinned,-1,7,3,8083245,6340746
4096,same_object,16,24,pinned,-1,8,0,11830259,8981806
4096,same_object,16,24,pinned,-1,8,1,27412993,24770671
4096,same_object,16,24,pinned,-1,8,2,20708419,18151447
4096,same_object,16,24,pinned,-1,8,3,15012815,12768526
4096,same_object,16,24,pinned,-1,9,0,28126475,23995734
4096,same_object,16,24,pinned,-1,9,1,14938004,13248074
4096,same_object,16,24,pinned,-1,9,2,18299458,15896829
4096,same_object,16,24,pinned,-1,9,3,13355127,11761309
4096,same_object,16,24,pinned,-1,10,0,22100255,18483617
4096,same_object,16,24,pinned,-1,10,1,11421966,9864418
4096,same_object,16,24,pinned,-1,10,2,18397123,16177270
4096,same_object,16,24,pinned,-1,10,3,19077712,16542481
4096,same_object,16,24,pinned,-1,11,0,25985871,22258354
4096,same_object,16,24,pinned,-1,11,1,7494871,6015169
4096,same_object,16,24,pinned,-1,11,2,18291904,16150759
4096,same_object,16,24,pinned,-1,11,3,14009706,12588745
4096,same_object,16,24,pinned,-1,12,0,12717970,9281955
4096,same_object,16,24,pinned,-1,12,1,25227255,23607127
4096,same_object,16,24,pinned,-1,12,2,22076740,18587033
4096,same_object,16,24,pinned,-1,12,3,15566023,13669201
4096,same_object,16,24,pinned,-1,13,0,22222105,18663708
4096,same_object,16,24,pinned,-1,13,1,11442705,9517330
4096,same_object,16,24,pinned,-1,13,2,18833780,15799585
4096,same_object,16,24,pinned,-1,13,3,18551766,16510220
4096,same_object,16,24,pinned,-1,14,0,12655151,9339784
4096,same_object,16,24,pinned,-1,14,1,15711067,13577718
4096,same_object,16,24,pinned,-1,14,2,36067570,34655236
4096,same_object,16,24,pinned,-1,14,3,13663690,12136530
4096,same_object,16,24,pinned,-1,15,0,27708153,23543107
4096,same_object,16,24,pinned,-1,15,1,13608406,12156056
4096,same_object,16,24,pinned,-1,15,2,19497797,17556130
4096,same_object,16,24,pinned,-1,15,3,14672721,13053826
4096,same_object,16,24,pinned,0,0,0,26871187,24117654
4096,same_object,16,24,pinned,0,0,1,16255848,12473227
4096,same_object,16,24,pinned,0,0,2,18866632,17125174
4096,same_object,16,24,pinned,0,0,3,10407465,8390487
4096,same_object,16,24,pinned,0,1,0,25193822,22451239
4096,same_object,16,24,pinned,0,1,1,17951339,14497349
4096,same_object,16,24,pinned,0,1,2,18621338,16716652
4096,same_object,16,24,pinned,0,1,3,10658842,8981094
4096,same_object,16,24,pinned,0,2,0,25224059,22312987
4096,same_object,16,24,pinned,0,2,1,18347579,14170190
4096,same_object,16,24,pinned,0,2,2,18840122,16637682
4096,same_object,16,24,pinned,0,2,3,12410868,10509849
4096,same_object,16,24,pinned,0,3,0,13627903,10793386
4096,same_object,16,24,pinned,0,3,1,30381895,28359286
4096,same_object,16,24,pinned,0,3,2,21293788,19244558
4096,same_object,16,24,pinned,0,3,3,15136079,13591033
4096,same_object,16,24,pinned,0,4,0,13683999,10474482
4096,same_object,16,24,pinned,0,4,1,21538991,19437022
4096,same_object,16,24,pinned,0,4,2,28158665,26002994
4096,same_object,16,24,pinned,0,4,3,11490837,9864817
4096,same_object,16,24,pinned,0,5,0,13194483,10090555
4096,same_object,16,24,pinned,0,5,1,18134927,15701479
4096,same_object,16,24,pinned,0,5,2,30139836,28014603
4096,same_object,16,24,pinned,0,5,3,10946977,9163610
4096,same_object,16,24,pinned,0,6,0,13912181,11073958
4096,same_object,16,24,pinned,0,6,1,17974924,15751304
4096,same_object,16,24,pinned,0,6,2,14849967,12726656
4096,same_object,16,24,pinned,0,6,3,15726396,13319530
4096,same_object,16,24,pinned,0,7,0,38690907,35175742
4096,same_object,16,24,pinned,0,7,1,24438352,22620810
4096,same_object,16,24,pinned,0,7,2,11629779,9784496
4096,same_object,16,24,pinned,0,7,3,5194886,3739490
4096,same_object,16,24,pinned,0,8,0,13591294,10995770
4096,same_object,16,24,pinned,0,8,1,18314226,16493168
4096,same_object,16,24,pinned,0,8,2,13841658,12142350
4096,same_object,16,24,pinned,0,8,3,16097399,14309995
4096,same_object,16,24,pinned,0,9,0,38870668,35798891
4096,same_object,16,24,pinned,0,9,1,25375556,23079899
4096,same_object,16,24,pinned,0,9,2,16217806,14278194
4096,same_object,16,24,pinned,0,9,3,3164732,2062004
4096,same_object,16,24,pinned,0,10,0,38102383,35455461
4096,same_object,16,24,pinned,0,10,1,25972968,24072028
4096,same_object,16,24,pinned,0,10,2,16290274,14412749
4096,same_object,16,24,pinned,0,10,3,3276213,2132979
4096,same_object,16,24,pinned,0,11,0,25111556,22722913
4096,same_object,16,24,pinned,0,11,1,17949546,14344590
4096,same_object,16,24,pinned,0,11,2,18834592,17328510
4096,same_object,16,24,pinned,0,11,3,10008971,8589854
4096,same_object,16,24,pinned,0,12,0,14031237,10772226
4096,same_object,16,24,pinned,0,12,1,19044168,16869220
4096,same_object,16,24,pinned,0,12,2,28337184,26232097
4096,same_object,16,24,pinned,0,12,3,9609805,7792605
4096,same_object,16,24,pinned,0,13,0,13512835,10838421
4096,same_object,16,24,pinned,0,13,1,34906041,32639519
4096,same_object,16,24,pinned,0,13,2,16318678,14397279
4096,same_object,16,24,pinned,0,13,3,14917565,13532302
4096,same_object,16,24,pinned,0,14,0,26864716,23667883
4096,same_object,16,24,pinned,0,14,1,13276708,11846530
4096,same_object,16,24,pinned,0,14,2,22697284,18606289
4096,same_object,16,24,pinned,0,14,3,12264502,10398007
4096,same_object,16,24,pinned,0,15,0,38002384,34515551
4096,same_object,16,24,pinned,0,15,1,25969250,23679655
4096,same_object,16,24,pinned,0,15,2,14718147,12724142
4096,same_object,16,24,pinned,0,15,3,2893959,1732199
4096,same_object,16,24,unsafe_unpinned_baseline,0,0,0,15890066,15387224
4096,same_object,16,24,unsafe_unpinned_baseline,0,0,1,16930366,16251550
4096,same_object,16,24,unsafe_unpinned_baseline,0,0,2,15926185,15582404
4096,same_object,16,24,unsafe_unpinned_baseline,0,0,3,12963334,12673637
4096,same_object,16,24,unsafe_unpinned_baseline,0,1,0,38350142,37713777
4096,same_object,16,24,unsafe_unpinned_baseline,0,1,1,17456582,16758541
4096,same_object,16,24,unsafe_unpinned_baseline,0,1,2,9552927,8977538
4096,same_object,16,24,unsafe_unpinned_baseline,0,1,3,2154810,1676855
4096,same_object,16,24,unsafe_unpinned_baseline,0,2,0,6161136,5689763
4096,same_object,16,24,unsafe_unpinned_baseline,0,2,1,17084327,16774962
4096,same_object,16,24,unsafe_unpinned_baseline,0,2,2,17074499,16763430
4096,same_object,16,24,unsafe_unpinned_baseline,0,2,3,23940329,23516856
4096,same_object,16,24,unsafe_unpinned_baseline,0,3,0,6333342,5883660
4096,same_object,16,24,unsafe_unpinned_baseline,0,3,1,16625659,15782362
4096,same_object,16,24,unsafe_unpinned_baseline,0,3,2,17059460,16513366
4096,same_object,16,24,unsafe_unpinned_baseline,0,3,3,15087095,14407779
4096,same_object,16,24,unsafe_unpinned_baseline,0,4,0,6322791,5876687
4096,same_object,16,24,unsafe_unpinned_baseline,0,4,1,16925657,16420461
4096,same_object,16,24,unsafe_unpinned_baseline,0,4,2,16375415,15858376
4096,same_object,16,24,unsafe_unpinned_baseline,0,4,3,16387297,15903792
4096,same_object,16,24,unsafe_unpinned_baseline,0,5,0,6103417,5717967
4096,same_object,16,24,unsafe_unpinned_baseline,0,5,1,17475958,17138360
4096,same_object,16,24,unsafe_unpinned_baseline,0,5,2,16676695,16034510
4096,same_object,16,24,unsafe_unpinned_baseline,0,5,3,16075628,15637778
4096,same_object,16,24,unsafe_unpinned_baseline,0,6,0,38753245,38324894
4096,same_object,16,24,unsafe_unpinned_baseline,0,6,1,25504971,25136052
4096,same_object,16,24,unsafe_unpinned_baseline,0,6,2,4290173,3504887
4096,same_object,16,24,unsafe_unpinned_baseline,0,6,3,3073530,2668272
4096,same_object,16,24,unsafe_unpinned_baseline,0,7,0,26656982,26124404
4096,same_object,16,24,unsafe_unpinned_baseline,0,7,1,16371648,15988953
4096,same_object,16,24,unsafe_unpinned_baseline,0,7,2,14730090,14216647
4096,same_object,16,24,unsafe_unpinned_baseline,0,7,3,7745615,7033066
4096,same_object,16,24,unsafe_unpinned_baseline,0,8,0,26623248,25691274
4096,same_object,16,24,unsafe_unpinned_baseline,0,8,1,16385945,16015784
4096,same_object,16,24,unsafe_unpinned_baseline,0,8,2,15261776,14836081
4096,same_object,16,24,unsafe_unpinned_baseline,0,8,3,7857367,7527553
4096,same_object,16,24,unsafe_unpinned_baseline,0,9,0,15504636,15165013
4096,same_object,16,24,unsafe_unpinned_baseline,0,9,1,17258798,16889078
4096,same_object,16,24,unsafe_unpinned_baseline,0,9,2,15323233,15022313
4096,same_object,16,24,unsafe_unpinned_baseline,0,9,3,13779169,13450888
4096,same_object,16,24,unsafe_unpinned_baseline,0,10,0,25309531,24657336
4096,same_object,16,24,unsafe_unpinned_baseline,0,10,1,18012264,17177003
4096,same_object,16,24,unsafe_unpinned_baseline,0,10,2,20670547,20277153
4096,same_object,16,24,unsafe_unpinned_baseline,0,10,3,7485202,6519915
4096,same_object,16,24,unsafe_unpinned_baseline,0,11,0,26720473,26157566
4096,same_object,16,24,unsafe_unpinned_baseline,0,11,1,16318938,15866642
4096,same_object,16,24,unsafe_unpinned_baseline,0,11,2,14485496,13980000
4096,same_object,16,24,unsafe_unpinned_baseline,0,11,3,8046786,7716139
4096,same_object,16,24,unsafe_unpinned_baseline,0,12,0,26888410,26405726
4096,same_object,16,24,unsafe_unpinned_baseline,0,12,1,16941126,16579121
4096,same_object,16,24,unsafe_unpinned_baseline,0,12,2,21765631,21476083
4096,same_object,16,24,unsafe_unpinned_baseline,0,12,3,4832530,4459234
4096,same_object,16,24,unsafe_unpinned_baseline,0,13,0,8210476,7887394
4096,same_object,16,24,unsafe_unpinned_baseline,0,13,1,27490340,27025970
4096,same_object,16,24,unsafe_unpinned_baseline,0,13,2,14762591,13945895
4096,same_object,16,24,unsafe_unpinned_baseline,0,13,3,12311400,11589784
4096,same_object,16,24,unsafe_unpinned_baseline,0,14,0,27816878,27408014
4096,same_object,16,24,unsafe_unpinned_baseline,0,14,1,14625402,14205787
4096,same_object,16,24,unsafe_unpinned_baseline,0,14,2,14070481,13759582
4096,same_object,16,24,unsafe_unpinned_baseline,0,14,3,8989922,8562222
4096,same_object,16,24,unsafe_unpinned_baseline,0,15,0,15467086,15047551
4096,same_object,16,24,unsafe_unpinned_baseline,0,15,1,17236555,16691524
4096,same_object,16,24,unsafe_unpinned_baseline,0,15,2,15360423,14839638
4096,same_object,16,24,unsafe_unpinned_baseline,0,15,3,12947454,12443370
4096,same_object,16,24,unsafe_unpinned_baseline,1,0,0,17585316,16988586
4096,same_object,16,24,unsafe_unpinned_baseline,1,0,1,17023833,16512344
4096,same_object,16,24,unsafe_unpinned_baseline,1,0,2,17416437,17133471
4096,same_object,16,24,unsafe_unpinned_baseline,1,0,3,8835840,8605284
4096,same_object,16,24,unsafe_unpinned_baseline,1,1,0,30590761,29807818
4096,same_object,16,24,unsafe_unpinned_baseline,1,1,1,28792906,28079957
4096,same_object,16,24,unsafe_unpinned_baseline,1,1,2,6138372,5833495
4096,same_object,16,24,unsafe_unpinned_baseline,1,1,3,3087986,2837512
4096,same_object,16,24,unsafe_unpinned_baseline,1,2,0,2780144,2116848
4096,same_object,16,24,unsafe_unpinned_baseline,1,2,1,11884703,11626463
4096,same_object,16,24,unsafe_unpinned_baseline,1,2,2,17187552,16747209
4096,same_object,16,24,unsafe_unpinned_baseline,1,2,3,17598531,17222318
4096,same_object,16,24,unsafe_unpinned_baseline,1,3,0,30400039,29647885
4096,same_object,16,24,unsafe_unpinned_baseline,1,3,1,14046576,13688147
4096,same_object,16,24,unsafe_unpinned_baseline,1,3,2,20475749,20162967
4096,same_object,16,24,unsafe_unpinned_baseline,1,3,3,3775048,3523071
4096,same_object,16,24,unsafe_unpinned_baseline,1,4,0,17588592,16846487
4096,same_object,16,24,unsafe_unpinned_baseline,1,4,1,16377699,15847336
4096,same_object,16,24,unsafe_unpinned_baseline,1,4,2,16842138,16491374
4096,same_object,16,24,unsafe_unpinned_baseline,1,4,3,9980066,9721286
4096,same_object,16,24,unsafe_unpinned_baseline,1,5,0,17566740,16846878
4096,same_object,16,24,unsafe_unpinned_baseline,1,5,1,17182102,16643392
4096,same_object,16,24,unsafe_unpinned_baseline,1,5,2,17094907,16613296
4096,same_object,16,24,unsafe_unpinned_baseline,1,5,3,8975464,8701405
4096,same_object,16,24,unsafe_unpinned_baseline,1,6,0,7187058,6666142
4096,same_object,16,24,unsafe_unpinned_baseline,1,6,1,18380221,17525984
4096,same_object,16,24,unsafe_unpinned_baseline,1,6,2,12541166,11853664
4096,same_object,16,24,unsafe_unpinned_baseline,1,6,3,16933732,16567198
4096,same_object,16,24,unsafe_unpinned_baseline,1,7,0,30466285,29757352
4096,same_object,16,24,unsafe_unpinned_baseline,1,7,1,23944156,23229142
4096,same_object,16,24,unsafe_unpinned_baseline,1,7,2,11682900,11396759
4096,same_object,16,24,unsafe_unpinned_baseline,1,7,3,3362156,3107254
4096,same_object,16,24,unsafe_unpinned_baseline,1,8,0,36178209,35478715
4096,same_object,16,24,unsafe_unpinned_baseline,1,8,1,17234020,16761867
4096,same_object,16,24,unsafe_unpinned_baseline,1,8,2,7521000,7207036
4096,same_object,16,24,unsafe_unpinned_baseline,1,8,3,5501597,5240983
4096,same_object,16,24,unsafe_unpinned_baseline,1,9,0,30326730,29603481
4096,same_object,16,24,unsafe_unpinned_baseline,1,9,1,24076416,23742454
4096,same_object,16,24,unsafe_unpinned_baseline,1,9,2,11713258,11398001
4096,same_object,16,24,unsafe_unpinned_baseline,1,9,3,3317622,3029275
4096,same_object,16,24,unsafe_unpinned_baseline,1,10,0,17537205,16848812
4096,same_object,16,24,unsafe_unpinned_baseline,1,10,1,15787642,15209998
4096,same_object,16,24,unsafe_unpinned_baseline,1,10,2,16508827,16165969
4096,same_object,16,24,unsafe_unpinned_baseline,1,10,3,10866655,10563291
4096,same_object,16,24,unsafe_unpinned_baseline,1,11,0,7174715,6669668
4096,same_object,16,24,unsafe_unpinned_baseline,1,11,1,18343902,17342947
4096,same_object,16,24,unsafe_unpinned_baseline,1,11,2,13137425,12688274
4096,same_object,16,24,unsafe_unpinned_baseline,1,11,3,16255077,15920624
4096,same_object,16,24,unsafe_unpinned_baseline,1,12,0,7121353,6609725
4096,same_object,16,24,unsafe_unpinned_baseline,1,12,1,17872068,16860895
4096,same_object,16,24,unsafe_unpinned_baseline,1,12,2,13593939,12986138
4096,same_object,16,24,unsafe_unpinned_baseline,1,12,3,16498408,16177040
4096,same_object,16,24,unsafe_unpinned_baseline,1,13,0,30191865,29529701
4096,same_object,16,24,unsafe_unpinned_baseline,1,13,1,14272373,13914466
4096,same_object,16,24,unsafe_unpinned_baseline,1,13,2,14605724,14320194
4096,same_object,16,24,unsafe_unpinned_baseline,1,13,3,6479829,6206280
4096,same_object,16,24,unsafe_unpinned_baseline,1,14,0,12177347,11710152
4096,same_object,16,24,unsafe_unpinned_baseline,1,14,1,15823801,15299187
4096,same_object,16,24,unsafe_unpinned_baseline,1,14,2,13348944,12944409
4096,same_object,16,24,unsafe_unpinned_baseline,1,14,3,17129082,16737802
4096,same_object,16,24,unsafe_unpinned_baseline,1,15,0,16759101,16064436
4096,same_object,16,24,unsafe_unpinned_baseline,1,15,1,17158859,16572097
4096,same_object,16,24,unsafe_unpinned_baseline,1,15,2,16240309,15947715
4096,same_object,16,24,unsafe_unpinned_baseline,1,15,3,10477217,10171960
4096,same_object,16,24,pinned,1,0,0,15516979,12730214
4096,same_object,16,24,pinned,1,0,1,16818023,15263249
4096,same_object,16,24,pinned,1,0,2,19235892,16407315
4096,same_object,16,24,pinned,1,0,3,18418022,16158274
4096,same_object,16,24,pinned,1,1,0,8439529,6013476
4096,same_object,16,24,pinned,1,1,1,24469811,22753972
4096,same_object,16,24,pinned,1,1,2,21291123,19376157
4096,same_object,16,24,pinned,1,1,3,18032452,15902089
4096,same_object,16,24,pinned,1,2,0,8177534,5757762
4096,same_object,16,24,pinned,1,2,1,15587744,14093415
4096,same_object,16,24,pinned,1,2,2,9966199,8182513
4096,same_object,16,24,pinned,1,2,3,30935363,28979860
4096,same_object,16,24,pinned,1,3,0,13341381,11081963
4096,same_object,16,24,pinned,1,3,1,17762522,16207247
4096,same_object,16,24,pinned,1,3,2,21861472,19927411
4096,same_object,16,24,pinned,1,3,3,17205788,14941591
4096,same_object,16,24,pinned,1,4,0,28796694,26546594
4096,same_object,16,24,pinned,1,4,1,12656423,9900606
4096,same_object,16,24,pinned,1,4,2,16471838,13358773
4096,same_object,16,24,pinned,1,4,3,14083075,11821062
4096,same_object,16,24,pinned,1,5,0,6748557,3081304
4096,same_object,16,24,pinned,1,5,1,17924448,15703873
4096,same_object,16,24,pinned,1,5,2,9121029,7286586
4096,same_object,16,24,pinned,1,5,3,30730114,28494361
4096,same_object,16,24,pinned,1,6,0,27826577,24712380
4096,same_object,16,24,pinned,1,6,1,15661463,13265076
4096,same_object,16,24,pinned,1,6,2,14871878,12317993
4096,same_object,16,24,pinned,1,6,3,13657068,10876864
4096,same_object,16,24,pinned,1,7,0,15398976,13105784
4096,same_object,16,24,pinned,1,7,1,17395537,15838719
4096,same_object,16,24,pinned,1,7,2,21856463,20080260
4096,same_object,16,24,pinned,1,7,3,15125569,13204421
4096,same_object,16,24,pinned,1,8,0,14178295,11884593
4096,same_object,16,24,pinned,1,8,1,18641095,17052597
4096,same_object,16,24,pinned,1,8,2,39142803,36757747
4096,same_object,16,24,pinned,1,8,3,4941747,3251676
4096,same_object,16,24,pinned,1,9,0,28872136,26337117
4096,same_object,16,24,pinned,1,9,1,14523529,12479278
4096,same_object,16,24,pinned,1,9,2,17063599,14274196
4096,same_object,16,24,pinned,1,9,3,11431194,9773796
4096,same_object,16,24,pinned,1,10,0,28764903,26076674
4096,same_object,16,24,pinned,1,10,1,14422206,12293226
4096,same_object,16,24,pinned,1,10,2,17240213,14681017
4096,same_object,16,24,pinned,1,10,3,12836084,11078546
4096,same_object,16,24,pinned,1,11,0,8605814,5909409
4096,same_object,16,24,pinned,1,11,1,24221611,22641169
4096,same_object,16,24,pinned,1,11,2,22006086,20296109
4096,same_object,16,24,pinned,1,11,3,17069379,14517087
4096,same_object,16,24,pinned,1,12,0,28697817,26557344
4096,same_object,16,24,pinned,1,12,1,14715432,12252709
4096,same_object,16,24,pinned,1,12,2,16969921,14339290
4096,same_object,16,24,pinned,1,12,3,11504703,9824922
4096,same_object,16,24,pinned,1,13,0,28941077,26752473
4096,same_object,16,24,pinned,1,13,1,14389926,12065184
4096,same_object,16,24,pinned,1,13,2,27830023,25238115
4096,same_object,16,24,pinned,1,13,3,5648645,3786159
4096,same_object,16,24,pinned,1,14,0,15384870,12705977
4096,same_object,16,24,pinned,1,14,1,22830357,20635201
4096,same_object,16,24,pinned,1,14,2,20035515,17082103
4096,same_object,16,24,pinned,1,14,3,13843881,11457394
4096,same_object,16,24,pinned,1,15,0,15421519,12726626
4096,same_object,16,24,pinned,1,15,1,16813215,15074151
4096,same_object,16,24,pinned,1,15,2,18749941,16479622
4096,same_object,16,24,pinned,1,15,3,17311357,15473507
4096,same_object,16,24,pinned,2,0,0,7164696,4777446
4096,same_object,16,24,pinned,2,0,1,17661370,15359632
4096,same_object,16,24,pinned,2,0,2,7927820,5151134
4096,same_object,16,24,pinned,2,0,3,37308068,35171073
4096,same_object,16,24,pinned,2,1,0,7132665,5025886
4096,same_object,16,24,pinned,2,1,1,19630188,17204925
4096,same_object,16,24,pinned,2,1,2,14259599,11130234
4096,same_object,16,24,pinned,2,1,3,20381631,18418794
4096,same_object,16,24,pinned,2,2,0,27684288,25168123
4096,same_object,16,24,pinned,2,2,1,29499624,26339771
4096,same_object,16,24,pinned,2,2,2,26417539,24132462
4096,same_object,16,24,pinned,2,2,3,4070507,1792134
4096,same_object,16,24,pinned,2,3,0,7158704,4772596
4096,same_object,16,24,pinned,2,3,1,19805029,17325283
4096,same_object,16,24,pinned,2,3,2,33184000,30312714
4096,same_object,16,24,pinned,2,3,3,20143870,18523211
4096,same_object,16,24,pinned,2,4,0,27672285,25226404
4096,same_object,16,24,pinned,2,4,1,14302039,11116538
4096,same_object,16,24,pinned,2,4,2,25564624,22686945
4096,same_object,16,24,pinned,2,4,3,13141272,11140824
4096,same_object,16,24,pinned,2,5,0,19889449,16897474
4096,same_object,16,24,pinned,2,5,1,9175924,7137805
4096,same_object,16,24,pinned,2,5,2,27916497,25718886
4096,same_object,16,24,pinned,2,5,3,15796199,13103029
4096,same_object,16,24,pinned,2,6,0,28204983,24923731
4096,same_object,16,24,pinned,2,6,1,28941467,25377058
4096,same_object,16,24,pinned,2,6,2,20592830,18560523
4096,same_object,16,24,pinned,2,6,3,6293567,4935855
4096,same_object,16,24,pinned,2,7,0,27449563,24665351
4096,same_object,16,24,pinned,2,7,1,14469086,10968498
4096,same_object,16,24,pinned,2,7,2,25499941,22897514
4096,same_object,16,24,pinned,2,7,3,14100177,12231970
4096,same_object,16,24,pinned,2,8,0,9337800,6631837
4096,same_object,16,24,pinned,2,8,1,20402170,17721254
4096,same_object,16,24,pinned,2,8,2,12814573,10202357
4096,same_object,16,24,pinned,2,8,3,33401633,31614839
4096,same_object,16,24,pinned,2,9,0,18820524,16358823
4096,same_object,16,24,pinned,2,9,1,10881293,7958689
4096,same_object,16,24,pinned,2,9,2,27236400,25035843
4096,same_object,16,24,pinned,2,9,3,16127506,14128691
4096,same_object,16,24,pinned,2,10,0,26866148,24307745
4096,same_object,16,24,pinned,2,10,1,30062720,26370049
4096,same_object,16,24,pinned,2,10,2,15998401,13908985
4096,same_object,16,24,pinned,2,10,3,12346757,9818240
4096,same_object,16,24,pinned,2,11,0,7263382,4489100
4096,same_object,16,24,pinned,2,11,1,19474503,17170851
4096,same_object,16,24,pinned,2,11,2,29445632,26350863
4096,same_object,16,24,pinned,2,11,3,16945053,15030058
4096,same_object,16,24,pinned,2,12,0,27595729,23843726
4096,same_object,16,24,pinned,2,12,1,29363195,26506056
4096,same_object,16,24,pinned,2,12,2,20340293,17982979
4096,same_object,16,24,pinned,2,12,3,6759519,5095097
4096,same_object,16,24,pinned,2,13,0,8672591,6020048
4096,same_object,16,24,pinned,2,13,1,21252149,18612250
4096,same_object,16,24,pinned,2,13,2,26813388,24590299
4096,same_object,16,24,pinned,2,13,3,16603587,14840469
4096,same_object,16,24,pinned,2,14,0,27460153,24668116
4096,same_object,16,24,pinned,2,14,1,14308962,11140513
4096,same_object,16,24,pinned,2,14,2,25626642,22904126
4096,same_object,16,24,pinned,2,14,3,14027018,12223905
4096,same_object,16,24,pinned,2,15,0,27492885,25386707
4096,same_object,16,24,pinned,2,15,1,14526745,11059489
4096,same_object,16,24,pinned,2,15,2,24418985,22603177
4096,same_object,16,24,pinned,2,15,3,14994430,13327945
4096,same_object,16,24,unsafe_unpinned_baseline,2,0,0,8317458,7677667
4096,same_object,16,24,unsafe_unpinned_baseline,2,0,1,15610347,14975475
4096,same_object,16,24,unsafe_unpinned_baseline,2,0,2,14019024,13701001
4096,same_object,16,24,unsafe_unpinned_baseline,2,0,3,16423547,16117867
4096,same_object,16,24,unsafe_unpinned_baseline,2,1,0,15579197,14950557
4096,same_object,16,24,unsafe_unpinned_baseline,2,1,1,18316230,17999380
4096,same_object,16,24,unsafe_unpinned_baseline,2,1,2,23202902,22615009
4096,same_object,16,24,unsafe_unpinned_baseline,2,1,3,5784001,4948549
4096,same_object,16,24,unsafe_unpinned_baseline,2,2,0,35428711,34902764
4096,same_object,16,24,unsafe_unpinned_baseline,2,2,1,13354966,12948788
4096,same_object,16,24,unsafe_unpinned_baseline,2,2,2,10911980,10193430
4096,same_object,16,24,unsafe_unpinned_baseline,2,2,3,11220515,10593147
4096,same_object,16,24,unsafe_unpinned_baseline,2,3,0,36954008,35776889
4096,same_object,16,24,unsafe_unpinned_baseline,2,3,1,23123091,22667569
4096,same_object,16,24,unsafe_unpinned_baseline,2,3,2,10367670,9995636
4096,same_object,16,24,unsafe_unpinned_baseline,2,3,3,5231776,4581305
4096,same_object,16,24,unsafe_unpinned_baseline,2,4,0,7952737,7314980
4096,same_object,16,24,unsafe_unpinned_baseline,2,4,1,17315395,16694089
4096,same_object,16,24,unsafe_unpinned_baseline,2,4,2,14124434,13750966
4096,same_object,16,24,unsafe_unpinned_baseline,2,4,3,15020250,14749987
4096,same_object,16,24,unsafe_unpinned_baseline,2,5,0,15635624,15043434
4096,same_object,16,24,unsafe_unpinned_baseline,2,5,1,18150566,17859485
4096,same_object,16,24,unsafe_unpinned_baseline,2,5,2,14516366,14213252
4096,same_object,16,24,unsafe_unpinned_baseline,2,5,3,14051986,13780632
4096,same_object,16,24,unsafe_unpinned_baseline,2,6,0,28067814,27412843
4096,same_object,16,24,unsafe_unpinned_baseline,2,6,1,14896004,14590876
4096,same_object,16,24,unsafe_unpinned_baseline,2,6,2,16789549,16491705
4096,same_object,16,24,unsafe_unpinned_baseline,2,6,3,9430576,8964934
4096,same_object,16,24,unsafe_unpinned_baseline,2,7,0,36817180,36158162
4096,same_object,16,24,unsafe_unpinned_baseline,2,7,1,23029234,22737721
4096,same_object,16,24,unsafe_unpinned_baseline,2,7,2,10457831,10083272
4096,same_object,16,24,unsafe_unpinned_baseline,2,7,3,5302590,4770072
4096,same_object,16,24,unsafe_unpinned_baseline,2,8,0,28160920,27490189
4096,same_object,16,24,unsafe_unpinned_baseline,2,8,1,15336989,15033454
4096,same_object,16,24,unsafe_unpinned_baseline,2,8,2,18781601,18466795
4096,same_object,16,24,unsafe_unpinned_baseline,2,8,3,9939750,9589126
4096,same_object,16,24,unsafe_unpinned_baseline,2,9,0,15018366,14418409
4096,same_object,16,24,unsafe_unpinned_baseline,2,9,1,17769375,17440522
4096,same_object,16,24,unsafe_unpinned_baseline,2,9,2,15414306,15179351
4096,same_object,16,24,unsafe_unpinned_baseline,2,9,3,14105287,13754302
4096,same_object,16,24,unsafe_unpinned_baseline,2,10,0,11473334,11083435
4096,same_object,16,24,unsafe_unpinned_baseline,2,10,1,15400830,15102154
4096,same_object,16,24,unsafe_unpinned_baseline,2,10,2,16019682,15782022
4096,same_object,16,24,unsafe_unpinned_baseline,2,10,3,16851667,16599129
4096,same_object,16,24,unsafe_unpinned_baseline,2,11,0,28539146,27902921
4096,same_object,16,24,unsafe_unpinned_baseline,2,11,1,16360006,16006837
4096,same_object,16,24,unsafe_unpinned_baseline,2,11,2,14593181,14265360
4096,same_object,16,24,unsafe_unpinned_baseline,2,11,3,11268405,10567448
4096,same_object,16,24,unsafe_unpinned_baseline,2,12,0,36820035,35629580
4096,same_object,16,24,unsafe_unpinned_baseline,2,12,1,22911250,22626561
4096,same_object,16,24,unsafe_unpinned_baseline,2,12,2,14660087,14177653
4096,same_object,16,24,unsafe_unpinned_baseline,2,12,3,2391498,1990248
4096,same_object,16,24,unsafe_unpinned_baseline,2,13,0,8222779,7654282
4096,same_object,16,24,unsafe_unpinned_baseline,2,13,1,17254590,16452351
4096,same_object,16,24,unsafe_unpinned_baseline,2,13,2,12569870,12246958
4096,same_object,16,24,unsafe_unpinned_baseline,2,13,3,14425964,14117250
4096,same_object,16,24,unsafe_unpinned_baseline,2,14,0,16024511,15408274
4096,same_object,16,24,unsafe_unpinned_baseline,2,14,1,14958612,13761386
4096,same_object,16,24,unsafe_unpinned_baseline,2,14,2,15616578,15253631
4096,same_object,16,24,unsafe_unpinned_baseline,2,14,3,15624634,14779734
4096,same_object,16,24,unsafe_unpinned_baseline,2,15,0,8255350,7677706
4096,same_object,16,24,unsafe_unpinned_baseline,2,15,1,17094948,16290193
4096,same_object,16,24,unsafe_unpinned_baseline,2,15,2,14001991,13623104
4096,same_object,16,24,unsafe_unpinned_baseline,2,15,3,15156337,14821463
4096,same_object,16,24,unsafe_unpinned_baseline,3,0,0,25349717,24784617
4096,same_object,16,24,unsafe_unpinned_baseline,3,0,1,14489575,14242487
4096,same_object,16,24,unsafe_unpinned_baseline,3,0,2,20689964,20326986
4096,same_object,16,24,unsafe_unpinned_baseline,3,0,3,10751767,10164416
4096,same_object,16,24,unsafe_unpinned_baseline,3,1,0,36352179,35753085
4096,same_object,16,24,unsafe_unpinned_baseline,3,1,1,34341212,33986880
4096,same_object,16,24,unsafe_unpinned_baseline,3,1,2,8184606,7550506
4096,same_object,16,24,unsafe_unpinned_baseline,3,1,3,5635080,4778288
4096,same_object,16,24,unsafe_unpinned_baseline,3,2,0,8578773,8162525
4096,same_object,16,24,unsafe_unpinned_baseline,3,2,1,15644992,15338061
4096,same_object,16,24,unsafe_unpinned_baseline,3,2,2,15664830,15293307
4096,same_object,16,24,unsafe_unpinned_baseline,3,2,3,20918317,20200347
4096,same_object,16,24,unsafe_unpinned_baseline,3,3,0,35092995,34702255
4096,same_object,16,24,unsafe_unpinned_baseline,3,3,1,27347299,26992929
4096,same_object,16,24,unsafe_unpinned_baseline,3,3,2,16410762,16044048
4096,same_object,16,24,unsafe_unpinned_baseline,3,3,3,6266115,5460448
4096,same_object,16,24,unsafe_unpinned_baseline,3,4,0,24444082,23943074
4096,same_object,16,24,unsafe_unpinned_baseline,3,4,1,13308949,13011085
4096,same_object,16,24,unsafe_unpinned_baseline,3,4,2,21544382,21194409
4096,same_object,16,24,unsafe_unpinned_baseline,3,4,3,12051338,11503090
4096,same_object,16,24,unsafe_unpinned_baseline,3,5,0,25329279,24808823
4096,same_object,16,24,unsafe_unpinned_baseline,3,5,1,14462624,14196179
4096,same_object,16,24,unsafe_unpinned_baseline,3,5,2,20751480,20405265
4096,same_object,16,24,unsafe_unpinned_baseline,3,5,3,12191894,11667211
4096,same_object,16,24,unsafe_unpinned_baseline,3,6,0,34830648,33858858
4096,same_object,16,24,unsafe_unpinned_baseline,3,6,1,17392311,16945124
4096,same_object,16,24,unsafe_unpinned_baseline,3,6,2,16244197,15614615
4096,same_object,16,24,unsafe_unpinned_baseline,3,6,3,8753934,8140954
4096,same_object,16,24,unsafe_unpinned_baseline,3,7,0,4679290,4300733
4096,same_object,16,24,unsafe_unpinned_baseline,3,7,1,4925536,4581835
4096,same_object,16,24,unsafe_unpinned_baseline,3,7,2,18320348,18098076
4096,same_object,16,24,unsafe_unpinned_baseline,3,7,3,15767354,15520927
4096,same_object,16,24,unsafe_unpinned_baseline,3,8,0,9887621,9401090
4096,same_object,16,24,unsafe_unpinned_baseline,3,8,1,31004925,30727319
4096,same_object,16,24,unsafe_unpinned_baseline,3,8,2,20839518,20513911
4096,same_object,16,24,unsafe_unpinned_baseline,3,8,3,11873681,11018161
4096,same_object,16,24,unsafe_unpinned_baseline,3,9,0,35801607,35322860
4096,same_object,16,24,unsafe_unpinned_baseline,3,9,1,34769403,34385746
4096,same_object,16,24,unsafe_unpinned_baseline,3,9,2,8184667,7551027
4096,same_object,16,24,unsafe_unpinned_baseline,3,9,3,5635060,4794628
4096,same_object,16,24,unsafe_unpinned_baseline,3,10,0,7482918,7036302
4096,same_object,16,24,unsafe_unpinned_baseline,3,10,1,15405168,15062499
4096,same_object,16,24,unsafe_unpinned_baseline,3,10,2,14480718,14160842
4096,same_object,16,24,unsafe_unpinned_baseline,3,10,3,21892892,21327441
4096,same_object,16,24,unsafe_unpinned_baseline,3,11,0,34862058,34451881
4096,same_object,16,24,unsafe_unpinned_baseline,3,11,1,17769895,17425734
4096,same_object,16,24,unsafe_unpinned_baseline,3,11,2,14121537,13757709
4096,same_object,16,24,unsafe_unpinned_baseline,3,11,3,10099362,8972609
4096,same_object,16,24,unsafe_unpinned_baseline,3,12,0,7502695,7083522
4096,same_object,16,24,unsafe_unpinned_baseline,3,12,1,15247229,14951379
4096,same_object,16,24,unsafe_unpinned_baseline,3,12,2,14602688,14288514
4096,same_object,16,24,unsafe_unpinned_baseline,3,12,3,22452491,22093913
4096,same_object,16,24,unsafe_unpinned_baseline,3,13,0,9327981,9016932
4096,same_object,16,24,unsafe_unpinned_baseline,3,13,1,18151417,17898899
4096,same_object,16,24,unsafe_unpinned_baseline,3,13,2,17695284,17472723
4096,same_object,16,24,unsafe_unpinned_baseline,3,13,3,18325838,17943403
4096,same_object,16,24,unsafe_unpinned_baseline,3,14,0,25116044,24692613
4096,same_object,16,24,unsafe_unpinned_baseline,3,14,1,14576509,14274377
4096,same_object,16,24,unsafe_unpinned_baseline,3,14,2,21011272,20678813
4096,same_object,16,24,unsafe_unpinned_baseline,3,14,3,10767046,10272339
4096,same_object,16,24,unsafe_unpinned_baseline,3,15,0,25285696,24729583
4096,same_object,16,24,unsafe_unpinned_baseline,3,15,1,14504342,14216196
4096,same_object,16,24,unsafe_unpinned_baseline,3,15,2,20895574,20156374
4096,same_object,16,24,unsafe_unpinned_baseline,3,15,3,10789419,10262892
4096,same_object,16,24,pinned,3,0,0,12314676,9092195
4096,same_object,16,24,pinned,3,0,1,17271462,14371711
4096,same_object,16,24,pinned,3,0,2,25098531,22841337
4096,same_object,16,24,pinned,3,0,3,26352896,24904404
4096,same_object,16,24,pinned,3,1,0,27883955,23890794
4096,same_object,16,24,pinned,3,1,1,16380795,13477178
4096,same_object,16,24,pinned,3,1,2,14024705,12054134
4096,same_object,16,24,pinned,3,1,3,13538153,11945869
4096,same_object,16,24,pinned,3,2,0,36656946,33789416
4096,same_object,16,24,pinned,3,2,1,39904345,37630209
4096,same_object,16,24,pinned,3,2,2,9011282,7131002
4096,same_object,16,24,pinned,3,2,3,4924264,3268068
4096,same_object,16,24,pinned,3,3,0,23136586,19254116
4096,same_object,16,24,pinned,3,3,1,11068727,8640911
4096,same_object,16,24,pinned,3,3,2,20151124,17760467
4096,same_object,16,24,pinned,3,3,3,19146532,17587840
4096,same_object,16,24,pinned,3,4,0,22350959,18192505
4096,same_object,16,24,pinned,3,4,1,11309644,8831862
4096,same_object,16,24,pinned,3,4,2,36135659,34298250
4096,same_object,16,24,pinned,3,4,3,14124924,12247650
4096,same_object,16,24,pinned,3,5,0,27749381,24004029
4096,same_object,16,24,pinned,3,5,1,15151438,13190996
4096,same_object,16,24,pinned,3,5,2,16415901,14661971
4096,same_object,16,24,pinned,3,5,3,19987394,18433351
4096,same_object,16,24,pinned,3,6,0,31880011,28722473
4096,same_object,16,24,pinned,3,6,1,29683833,26190840
4096,same_object,16,24,pinned,3,6,2,22845195,21435947
4096,same_object,16,24,pinned,3,6,3,6751984,3761833
4096,same_object,16,24,pinned,3,7,0,26959345,23398973
4096,same_object,16,24,pinned,3,7,1,13045871,10666716
4096,same_object,16,24,pinned,3,7,2,18302554,16615159
4096,same_object,16,24,pinned,3,7,3,14070241,12691840
4096,same_object,16,24,pinned,3,8,0,12202234,9099759
4096,same_object,16,24,pinned,3,8,1,16851476,13936837
4096,same_object,16,24,pinned,3,8,2,25225121,21915925
4096,same_object,16,24,pinned,3,8,3,19253154,17642905
4096,same_object,16,24,pinned,3,9,0,32419233,28186619
4096,same_object,16,24,pinned,3,9,1,20241826,17508701
4096,same_object,16,24,pinned,3,9,2,20155412,18381814
4096,same_object,16,24,pinned,3,9,3,10277269,8312388
4096,same_object,16,24,pinned,3,10,0,27314096,23934367
4096,same_object,16,24,pinned,3,10,1,15381774,13201987
4096,same_object,16,24,pinned,3,10,2,16794318,14555670
4096,same_object,16,24,pinned,3,10,3,21220228,19453944
4096,same_object,16,24,pinned,3,11,0,21516179,17909089
4096,same_object,16,24,pinned,3,11,1,12058411,9274521
4096,same_object,16,24,pinned,3,11,2,32976367,30935333
4096,same_object,16,24,pinned,3,11,3,12480861,10499520
4096,same_object,16,24,pinned,3,12,0,31753341,27053764
4096,same_object,16,24,pinned,3,12,1,19336402,16702925
4096,same_object,16,24,pinned,3,12,2,11569566,9532258
4096,same_object,16,24,pinned,3,12,3,21779086,20490637
4096,same_object,16,24,pinned,3,13,0,32093345,27562477
4096,same_object,16,24,pinned,3,13,1,29114846,26574276
4096,same_object,16,24,pinned,3,13,2,17451132,15935002
4096,same_object,16,24,pinned,3,13,3,5784603,4717382
4096,same_object,16,24,pinned,3,14,0,27194249,22813384
4096,same_object,16,24,pinned,3,14,1,12754119,10581274
4096,same_object,16,24,pinned,3,14,2,16745846,14852221
4096,same_object,16,24,pinned,3,14,3,15583335,14114815
4096,same_object,16,24,pinned,3,15,0,31689170,28753882
4096,same_object,16,24,pinned,3,15,1,20909099,18555233
4096,same_object,16,24,pinned,3,15,2,12959958,9870118
4096,same_object,16,24,pinned,3,15,3,13464093,11763192
4096,same_object,16,24,pinned,4,0,0,7801531,5348427
4096,same_object,16,24,pinned,4,0,1,16985410,13961374
4096,same_object,16,24,pinned,4,0,2,14686959,12369620
4096,same_object,16,24,pinned,4,0,3,19417465,17523389
4096,same_object,16,24,pinned,4,1,0,25373011,22339036
4096,same_object,16,24,pinned,4,1,1,14939938,13123608
4096,same_object,16,24,pinned,4,1,2,20070291,17039362
4096,same_object,16,24,pinned,4,1,3,17059901,15297444
4096,same_object,16,24,pinned,4,2,0,11127789,8503050
4096,same_object,16,24,pinned,4,2,1,23752552,21524615
4096,same_object,16,24,pinned,4,2,2,31027196,28996863
4096,same_object,16,24,pinned,4,2,3,14245102,12564549
4096,same_object,16,24,pinned,4,3,0,11575627,8919188
4096,same_object,16,24,pinned,4,3,1,33920325,31577138
4096,same_object,16,24,pinned,4,3,2,16978176,14002322
4096,same_object,16,24,pinned,4,3,3,16626611,14141515
4096,same_object,16,24,pinned,4,4,0,8091540,5454307
4096,same_object,16,24,pinned,4,4,1,16781815,14249600
4096,same_object,16,24,pinned,4,4,2,27534103,24418624
4096,same_object,16,24,pinned,4,4,3,28512666,25640898
4096,same_object,16,24,pinned,4,5,0,25452432,22522294
4096,same_object,16,24,pinned,4,5,1,27050287,24514125
4096,same_object,16,24,pinned,4,5,2,20726142,18214046
4096,same_object,16,24,pinned,4,5,3,8241434,5856278
4096,same_object,16,24,pinned,4,6,0,25475845,22339197
4096,same_object,16,24,pinned,4,6,1,14809310,12526919
4096,same_object,16,24,pinned,4,6,2,20047427,16955203
4096,same_object,16,24,pinned,4,6,3,17243789,15272868
4096,same_object,16,24,pinned,4,7,0,26055053,22629878
4096,same_object,16,24,pinned,4,7,1,26460550,24436378
4096,same_object,16,24,pinned,4,7,2,20235373,17969292
4096,same_object,16,24,pinned,4,7,3,8904340,6912188
4096,same_object,16,24,pinned,4,8,0,8252896,6689466
4096,same_object,16,24,pinned,4,8,1,22800420,20130074
4096,same_object,16,24,pinned,4,8,2,16138697,13455065
4096,same_object,16,24,pinned,4,8,3,15166246,13148114
4096,same_object,16,24,pinned,4,9,0,37034310,33624244
4096,same_object,16,24,pinned,4,9,1,30706560,28489522
4096,same_object,16,24,pinned,4,9,2,13764853,11489184
4096,same_object,16,24,pinned,4,9,3,4596864,3046849
4096,same_object,16,24,pinned,4,10,0,25443254,22334157
4096,same_object,16,24,pinned,4,10,1,14605954,12389528
4096,same_object,16,24,pinned,4,10,2,17830781,15598174
4096,same_object,16,24,pinned,4,10,3,12852525,10896591
4096,same_object,16,24,pinned,4,11,0,25915648,22337955
4096,same_object,16,24,pinned,4,11,1,14490376,12645813
4096,same_object,16,24,pinned,4,11,2,19865383,16768649
4096,same_object,16,24,pinned,4,11,3,17898760,15724082
4096,same_object,16,24,pinned,4,12,0,9814102,7562409
4096,same_object,16,24,pinned,4,12,1,20773392,19119311
4096,same_object,16,24,pinned,4,12,2,16652329,14274006
4096,same_object,16,24,pinned,4,12,3,15245495,12993602
4096,same_object,16,24,pinned,4,13,0,10573320,8321997
4096,same_object,16,24,pinned,4,13,1,23653205,21485610
4096,same_object,16,24,pinned,4,13,2,15459791,13176619
4096,same_object,16,24,pinned,4,13,3,14284125,11538727
4096,same_object,16,24,pinned,4,14,0,26246956,22410322
4096,same_object,16,24,pinned,4,14,1,26404665,24266687
4096,same_object,16,24,pinned,4,14,2,19049267,16427945
4096,same_object,16,24,pinned,4,14,3,9792170,7590141
4096,same_object,16,24,pinned,4,15,0,24848859,21937616
4096,same_object,16,24,pinned,4,15,1,26242738,23681619
4096,same_object,16,24,pinned,4,15,2,12666452,10569391
4096,same_object,16,24,pinned,4,15,3,16746017,14329652
4096,same_object,16,24,unsafe_unpinned_baseline,4,0,0,11535932,10660264
4096,same_object,16,24,unsafe_unpinned_baseline,4,0,1,30586933,28966294
4096,same_object,16,24,unsafe_unpinned_baseline,4,0,2,16283271,15208596
4096,same_object,16,24,unsafe_unpinned_baseline,4,0,3,26815623,26413831
4096,same_object,16,24,unsafe_unpinned_baseline,4,1,0,11487941,11016328
4096,same_object,16,24,unsafe_unpinned_baseline,4,1,1,32809872,30913071
4096,same_object,16,24,unsafe_unpinned_baseline,4,1,2,42727821,41579145
4096,same_object,16,24,unsafe_unpinned_baseline,4,1,3,11275949,10532802
4096,same_object,16,24,unsafe_unpinned_baseline,4,2,0,9944138,9439182
4096,same_object,16,24,unsafe_unpinned_baseline,4,2,1,27592743,26479086
4096,same_object,16,24,unsafe_unpinned_baseline,4,2,2,16358964,15509305
4096,same_object,16,24,unsafe_unpinned_baseline,4,2,3,25028068,24659501
4096,same_object,16,24,unsafe_unpinned_baseline,4,3,0,11247967,10434296
4096,same_object,16,24,unsafe_unpinned_baseline,4,3,1,40236714,38326187
4096,same_object,16,24,unsafe_unpinned_baseline,4,3,2,34003131,33284781
4096,same_object,16,24,unsafe_unpinned_baseline,4,3,3,12625776,11354569
4096,same_object,16,24,unsafe_unpinned_baseline,4,4,0,11158978,10433044
4096,same_object,16,24,unsafe_unpinned_baseline,4,4,1,41011651,39012917
4096,same_object,16,24,unsafe_unpinned_baseline,4,4,2,34357081,33604195
4096,same_object,16,24,unsafe_unpinned_baseline,4,4,3,11348156,10866364
4096,same_object,16,24,unsafe_unpinned_baseline,4,5,0,24728912,23959946
4096,same_object,16,24,unsafe_unpinned_baseline,4,5,1,22640728,22290945
4096,same_object,16,24,unsafe_unpinned_baseline,4,5,2,18860050,18283277
4096,same_object,16,24,unsafe_unpinned_baseline,4,5,3,22670785,22140531
4096,same_object,16,24,unsafe_unpinned_baseline,4,6,0,21575180,20918657
4096,same_object,16,24,unsafe_unpinned_baseline,4,6,1,19359546,18927147
4096,same_object,16,24,unsafe_unpinned_baseline,4,6,2,15041389,14061604
4096,same_object,16,24,unsafe_unpinned_baseline,4,6,3,28446400,27763417
4096,same_object,16,24,unsafe_unpinned_baseline,4,7,0,25326042,24538120
4096,same_object,16,24,unsafe_unpinned_baseline,4,7,1,21737688,21413444
4096,same_object,16,24,unsafe_unpinned_baseline,4,7,2,18861643,18481714
4096,same_object,16,24,unsafe_unpinned_baseline,4,7,3,22714657,22176038
4096,same_object,16,24,unsafe_unpinned_baseline,4,8,0,24833099,24398717
4096,same_object,16,24,unsafe_unpinned_baseline,4,8,1,20723107,20382873
4096,same_object,16,24,unsafe_unpinned_baseline,4,8,2,18822539,18430897
4096,same_object,16,24,unsafe_unpinned_baseline,4,8,3,24449773,23942683
4096,same_object,16,24,unsafe_unpinned_baseline,4,9,0,43434549,42377727
4096,same_object,16,24,unsafe_unpinned_baseline,4,9,1,31322295,30311572
4096,same_object,16,24,unsafe_unpinned_baseline,4,9,2,22053366,21562296
4096,same_object,16,24,unsafe_unpinned_baseline,4,9,3,3105029,2436975
4096,same_object,16,24,unsafe_unpinned_baseline,4,10,0,43490564,42167620
4096,same_object,16,24,unsafe_unpinned_baseline,4,10,1,46322857,44892930
4096,same_object,16,24,unsafe_unpinned_baseline,4,10,2,7755294,7403046
4096,same_object,16,24,unsafe_unpinned_baseline,4,10,3,3863876,3435685
4096,same_object,16,24,unsafe_unpinned_baseline,4,11,0,43123009,41571000
4096,same_object,16,24,unsafe_unpinned_baseline,4,11,1,14745218,13611101
4096,same_object,16,24,unsafe_unpinned_baseline,4,11,2,27102335,26306759
4096,same_object,16,24,unsafe_unpinned_baseline,4,11,3,7248574,6686921
4096,same_object,16,24,unsafe_unpinned_baseline,4,12,0,43020014,41230666
4096,same_object,16,24,unsafe_unpinned_baseline,4,12,1,14282282,13462520
4096,same_object,16,24,unsafe_unpinned_baseline,4,12,2,27523753,26965717
4096,same_object,16,24,unsafe_unpinned_baseline,4,12,3,8628708,8016519
4096,same_object,16,24,unsafe_unpinned_baseline,4,13,0,25411855,24575210
4096,same_object,16,24,unsafe_unpinned_baseline,4,13,1,21704304,21375131
4096,same_object,16,24,unsafe_unpinned_baseline,4,13,2,19098592,18727979
4096,same_object,16,24,unsafe_unpinned_baseline,4,13,3,22410542,21980137
4096,same_object,16,24,unsafe_unpinned_baseline,4,14,0,43578311,42946795
4096,same_object,16,24,unsafe_unpinned_baseline,4,14,1,24502022,23740972
4096,same_object,16,24,unsafe_unpinned_baseline,4,14,2,20769955,20319683
4096,same_object,16,24,unsafe_unpinned_baseline,4,14,3,8236444,7879018
4096,same_object,16,24,unsafe_unpinned_baseline,4,15,0,25385004,24543621
4096,same_object,16,24,unsafe_unpinned_baseline,4,15,1,21743389,21377617
4096,same_object,16,24,unsafe_unpinned_baseline,4,15,2,18860691,18491231
4096,same_object,16,24,unsafe_unpinned_baseline,4,15,3,23262225,22718936
4096,same_object,16,24,unsafe_unpinned_baseline,5,0,0,16669582,14823707
4096,same_object,16,24,unsafe_unpinned_baseline,5,0,1,20837303,20504192
4096,same_object,16,24,unsafe_unpinned_baseline,5,0,2,33810476,33171336
4096,same_object,16,24,unsafe_unpinned_baseline,5,0,3,8775145,8242847
4096,same_object,16,24,unsafe_unpinned_baseline,5,1,0,24889946,23253237
4096,same_object,16,24,unsafe_unpinned_baseline,5,1,1,15933628,15243582
4096,same_object,16,24,unsafe_unpinned_baseline,5,1,2,26118132,25639265
4096,same_object,16,24,unsafe_unpinned_baseline,5,1,3,11853163,11376130
4096,same_object,16,24,unsafe_unpinned_baseline,5,2,0,9290570,8383213
4096,same_object,16,24,unsafe_unpinned_baseline,5,2,1,25005175,24588415
4096,same_object,16,24,unsafe_unpinned_baseline,5,2,2,7400913,6672925
4096,same_object,16,24,unsafe_unpinned_baseline,5,2,3,20748074,20227298
4096,same_object,16,24,unsafe_unpinned_baseline,5,3,0,25707154,24629894
4096,same_object,16,24,unsafe_unpinned_baseline,5,3,1,14836571,13920497
4096,same_object,16,24,unsafe_unpinned_baseline,5,3,2,25057203,24617862
4096,same_object,16,24,unsafe_unpinned_baseline,5,3,3,7594730,6891869
4096,same_object,16,24,unsafe_unpinned_baseline,5,4,0,8466841,7545406
4096,same_object,16,24,unsafe_unpinned_baseline,5,4,1,7543994,7170246
4096,same_object,16,24,unsafe_unpinned_baseline,5,4,2,21597182,21267939
4096,same_object,16,24,unsafe_unpinned_baseline,5,4,3,34118119,33579259
4096,same_object,16,24,unsafe_unpinned_baseline,5,5,0,24569961,22847739
4096,same_object,16,24,unsafe_unpinned_baseline,5,5,1,15223654,14912886
4096,same_object,16,24,unsafe_unpinned_baseline,5,5,2,11638916,11227367
4096,same_object,16,24,unsafe_unpinned_baseline,5,5,3,16722472,15776090
4096,same_object,16,24,unsafe_unpinned_baseline,5,6,0,20222549,19357842
4096,same_object,16,24,unsafe_unpinned_baseline,5,6,1,17215475,16880291
4096,same_object,16,24,unsafe_unpinned_baseline,5,6,2,14456521,13905178
4096,same_object,16,24,unsafe_unpinned_baseline,5,6,3,16157743,14956388
4096,same_object,16,24,unsafe_unpinned_baseline,5,7,0,9266816,8350550
4096,same_object,16,24,unsafe_unpinned_baseline,5,7,1,23691808,22840205
4096,same_object,16,24,unsafe_unpinned_baseline,5,7,2,5995572,5014795
4096,same_object,16,24,unsafe_unpinned_baseline,5,7,3,12456916,11954344
4096,same_object,16,24,unsafe_unpinned_baseline,5,8,0,26534340,25404330
4096,same_object,16,24,unsafe_unpinned_baseline,5,8,1,14072094,13649043
4096,same_object,16,24,unsafe_unpinned_baseline,5,8,2,25635267,25222847
4096,same_object,16,24,unsafe_unpinned_baseline,5,8,3,12514435,11855147
4096,same_object,16,24,unsafe_unpinned_baseline,5,9,0,22651899,21908562
4096,same_object,16,24,unsafe_unpinned_baseline,5,9,1,14793941,14412208
4096,same_object,16,24,unsafe_unpinned_baseline,5,9,2,32827846,32309314
4096,same_object,16,24,unsafe_unpinned_baseline,5,9,3,7960272,7546078
4096,same_object,16,24,unsafe_unpinned_baseline,5,10,0,23711755,22930757
4096,same_object,16,24,unsafe_unpinned_baseline,5,10,1,13652660,13300744
4096,same_object,16,24,unsafe_unpinned_baseline,5,10,2,14526545,13908774
4096,same_object,16,24,unsafe_unpinned_baseline,5,10,3,16067321,15263871
4096,same_object,16,24,unsafe_unpinned_baseline,5,11,0,9164011,8368865
4096,same_object,16,24,unsafe_unpinned_baseline,5,11,1,27671803,26842944
4096,same_object,16,24,unsafe_unpinned_baseline,5,11,2,14906824,13966524
4096,same_object,16,24,unsafe_unpinned_baseline,5,11,3,21463349,20476991
4096,same_object,16,24,unsafe_unpinned_baseline,5,12,0,26830090,26140825
4096,same_object,16,24,unsafe_unpinned_baseline,5,12,1,13412125,12285291
4096,same_object,16,24,unsafe_unpinned_baseline,5,12,2,25993225,25408148
4096,same_object,16,24,unsafe_unpinned_baseline,5,12,3,11743986,11085640
4096,same_object,16,24,unsafe_unpinned_baseline,5,13,0,9668366,8859024
4096,same_object,16,24,unsafe_unpinned_baseline,5,13,1,27640214,26796847
4096,same_object,16,24,unsafe_unpinned_baseline,5,13,2,14549187,13908875
4096,same_object,16,24,unsafe_unpinned_baseline,5,13,3,16321613,15481011
4096,same_object,16,24,unsafe_unpinned_baseline,5,14,0,24918981,23896415
4096,same_object,16,24,unsafe_unpinned_baseline,5,14,1,15439844,15063762
4096,same_object,16,24,unsafe_unpinned_baseline,5,14,2,23969344,23523169
4096,same_object,16,24,unsafe_unpinned_baseline,5,14,3,7760123,7183972
4096,same_object,16,24,unsafe_unpinned_baseline,5,15,0,37477580,36450716
4096,same_object,16,24,unsafe_unpinned_baseline,5,15,1,14234241,13729355
4096,same_object,16,24,unsafe_unpinned_baseline,5,15,2,16255799,15241648
4096,same_object,16,24,unsafe_unpinned_baseline,5,15,3,10313668,9818350
4096,same_object,16,24,pinned,5,0,0,23103003,20508120
4096,same_object,16,24,pinned,5,0,1,23243739,20078947
4096,same_object,16,24,pinned,5,0,2,32871960,30842728
4096,same_object,16,24,pinned,5,0,3,13355707,10855924
4096,same_object,16,24,pinned,5,1,0,21192155,18139936
4096,same_object,16,24,pinned,5,1,1,24091725,21500489
4096,same_object,16,24,pinned,5,1,2,16178452,13498328
4096,same_object,16,24,pinned,5,1,3,16190776,13779060
4096,same_object,16,24,pinned,5,2,0,9169832,6821817
4096,same_object,16,24,pinned,5,2,1,30164573,28210133
4096,same_object,16,24,pinned,5,2,2,19602475,17981386
4096,same_object,16,24,pinned,5,2,3,12910555,10931428
4096,same_object,16,24,pinned,5,3,0,20941280,17974934
4096,same_object,16,24,pinned,5,3,1,24335646,22192870
4096,same_object,16,24,pinned,5,3,2,34110735,30584579
4096,same_object,16,24,pinned,5,3,3,14374356,12462055
4096,same_object,16,24,pinned,5,4,0,23091080,19505252
4096,same_object,16,24,pinned,5,4,1,22183822,19508277
4096,same_object,16,24,pinned,5,4,2,16019281,13297637
4096,same_object,16,24,pinned,5,4,3,17540381,14490316
4096,same_object,16,24,pinned,5,5,0,20347186,17514161
4096,same_object,16,24,pinned,5,5,1,24680740,22353414
4096,same_object,16,24,pinned,5,5,2,34376147,30761063
4096,same_object,16,24,pinned,5,5,3,14379757,12350504
4096,same_object,16,24,pinned,5,6,0,23143149,19907874
4096,same_object,16,24,pinned,5,6,1,22320572,19748432
4096,same_object,16,24,pinned,5,6,2,35959575,32419523
4096,same_object,16,24,pinned,5,6,3,11944937,9671462
4096,same_object,16,24,pinned,5,7,0,22984589,20600195
4096,same_object,16,24,pinned,5,7,1,36692063,34927712
4096,same_object,16,24,pinned,5,7,2,18225719,16775863
4096,same_object,16,24,pinned,5,7,3,14556841,12121371
4096,same_object,16,24,pinned,5,8,0,18579769,16058636
4096,same_object,16,24,pinned,5,8,1,20698540,18692022
4096,same_object,16,24,pinned,5,8,2,23949536,21214166
4096,same_object,16,24,pinned,5,8,3,19456689,17093836
4096,same_object,16,24,pinned,5,9,0,18669519,16466337
4096,same_object,16,24,pinned,5,9,1,19871173,18054395
4096,same_object,16,24,pinned,5,9,2,20126037,18437219
4096,same_object,16,24,pinned,5,9,3,14767591,12439763
4096,same_object,16,24,pinned,5,10,0,25655065,22782797
4096,same_object,16,24,pinned,5,10,1,20664777,17291119
4096,same_object,16,24,pinned,5,10,2,32331947,29307390
4096,same_object,16,24,pinned,5,10,3,13758010,10644514
4096,same_object,16,24,pinned,5,11,0,43350860,38522328
4096,same_object,16,24,pinned,5,11,1,18193959,15282696
4096,same_object,16,24,pinned,5,11,2,20868572,16968258
4096,same_object,16,24,pinned,5,11,3,11478814,9013105
4096,same_object,16,24,pinned,5,12,0,21317032,18290781
4096,same_object,16,24,pinned,5,12,1,24108537,21197605
4096,same_object,16,24,pinned,5,12,2,15697963,13870352
4096,same_object,16,24,pinned,5,12,3,17584724,14398883
4096,same_object,16,24,pinned,5,13,0,23239472,20181742
4096,same_object,16,24,pinned,5,13,1,36259183,34593779
4096,same_object,16,24,pinned,5,13,2,18399388,16922030
4096,same_object,16,24,pinned,5,13,3,14365379,11133570
4096,same_object,16,24,pinned,5,14,0,22985601,19629617
4096,same_object,16,24,pinned,5,14,1,23223221,20179958
4096,same_object,16,24,pinned,5,14,2,15044786,13498969
4096,same_object,16,24,pinned,5,14,3,16954802,14556651
4096,same_object,16,24,pinned,5,15,0,17914118,15833779
4096,same_object,16,24,pinned,5,15,1,34118209,32619281
4096,same_object,16,24,pinned,5,15,2,20882089,19078803
4096,same_object,16,24,pinned,5,15,3,7456328,5572280
262144,disjoint,1,24,pinned,-2,0,0,6311600,4242162
262144,disjoint,1,24,pinned,-2,0,1,6705947,4395873
262144,disjoint,1,24,pinned,-2,0,2,7993284,5839978
262144,disjoint,1,24,pinned,-2,0,3,7228657,4808905
262144,disjoint,1,24,unsafe_unpinned_baseline,-2,0,0,4855824,4002899
262144,disjoint,1,24,unsafe_unpinned_baseline,-2,0,1,5098173,4208218
262144,disjoint,1,24,unsafe_unpinned_baseline,-2,0,2,4652329,3953676
262144,disjoint,1,24,unsafe_unpinned_baseline,-2,0,3,3763445,3037261
262144,disjoint,1,24,unsafe_unpinned_baseline,-1,0,0,4801291,4291686
262144,disjoint,1,24,unsafe_unpinned_baseline,-1,0,1,4089673,3450704
262144,disjoint,1,24,unsafe_unpinned_baseline,-1,0,2,5988538,5111778
262144,disjoint,1,24,unsafe_unpinned_baseline,-1,0,3,4426151,3412381
262144,disjoint,1,24,pinned,-1,0,0,6413794,3599476
262144,disjoint,1,24,pinned,-1,0,1,6039365,3920934
262144,disjoint,1,24,pinned,-1,0,2,6521668,4482177
262144,disjoint,1,24,pinned,-1,0,3,5434750,3595758
262144,disjoint,1,24,pinned,0,0,0,5732193,3436757
262144,disjoint,1,24,pinned,0,0,1,4748120,2923586
262144,disjoint,1,24,pinned,0,0,2,5819198,3947855
262144,disjoint,1,24,pinned,0,0,3,6114948,4186757
262144,disjoint,1,24,unsafe_unpinned_baseline,0,0,0,3645903,3164071
262144,disjoint,1,24,unsafe_unpinned_baseline,0,0,1,3451836,2893549
262144,disjoint,1,24,unsafe_unpinned_baseline,0,0,2,2912524,2343918
262144,disjoint,1,24,unsafe_unpinned_baseline,0,0,3,3838448,3042741
262144,disjoint,1,24,unsafe_unpinned_baseline,1,0,0,3616357,3102194
262144,disjoint,1,24,unsafe_unpinned_baseline,1,0,1,3812809,3266574
262144,disjoint,1,24,unsafe_unpinned_baseline,1,0,2,3069071,2459947
262144,disjoint,1,24,unsafe_unpinned_baseline,1,0,3,3385821,2801203
262144,disjoint,1,24,pinned,1,0,0,5640179,3108225
262144,disjoint,1,24,pinned,1,0,1,4651327,2989951
262144,disjoint,1,24,pinned,1,0,2,6574438,4856385
262144,disjoint,1,24,pinned,1,0,3,3329514,2264187
262144,disjoint,1,24,pinned,2,0,0,2517887,1459062
262144,disjoint,1,24,pinned,2,0,1,4372509,3096443
262144,disjoint,1,24,pinned,2,0,2,2949715,1738342
262144,disjoint,1,24,pinned,2,0,3,2796636,1753791
262144,disjoint,1,24,unsafe_unpinned_baseline,2,0,0,2008052,1565093
262144,disjoint,1,24,unsafe_unpinned_baseline,2,0,1,2006659,1731528
262144,disjoint,1,24,unsafe_unpinned_baseline,2,0,2,3379399,3121932
262144,disjoint,1,24,unsafe_unpinned_baseline,2,0,3,2298442,1945895
262144,disjoint,1,24,unsafe_unpinned_baseline,3,0,0,1715969,1438795
262144,disjoint,1,24,unsafe_unpinned_baseline,3,0,1,1684559,1172971
262144,disjoint,1,24,unsafe_unpinned_baseline,3,0,2,2425502,2097922
262144,disjoint,1,24,unsafe_unpinned_baseline,3,0,3,2244159,1921318
262144,disjoint,1,24,pinned,3,0,0,2454507,1244857
262144,disjoint,1,24,pinned,3,0,1,2896634,1902341
262144,disjoint,1,24,pinned,3,0,2,2569786,1508796
262144,disjoint,1,24,pinned,3,0,3,2832954,1627692
262144,disjoint,1,24,pinned,4,0,0,3197904,2198253
262144,disjoint,1,24,pinned,4,0,1,3289398,1978456
262144,disjoint,1,24,pinned,4,0,2,3092496,1655915
262144,disjoint,1,24,pinned,4,0,3,7094443,5058898
262144,disjoint,1,24,unsafe_unpinned_baseline,4,0,0,7022486,6217291
262144,disjoint,1,24,unsafe_unpinned_baseline,4,0,1,5220595,4237804
262144,disjoint,1,24,unsafe_unpinned_baseline,4,0,2,4039799,3324835
262144,disjoint,1,24,unsafe_unpinned_baseline,4,0,3,4173442,3555402
262144,disjoint,1,24,unsafe_unpinned_baseline,5,0,0,2978038,2457373
262144,disjoint,1,24,unsafe_unpinned_baseline,5,0,1,3435274,2919728
262144,disjoint,1,24,unsafe_unpinned_baseline,5,0,2,3647877,3057529
262144,disjoint,1,24,unsafe_unpinned_baseline,5,0,3,2759635,2264437
262144,disjoint,1,24,pinned,5,0,0,4875141,2750969
262144,disjoint,1,24,pinned,5,0,1,3034346,1623884
262144,disjoint,1,24,pinned,5,0,2,3864246,2577540
262144,disjoint,1,24,pinned,5,0,3,3516548,2082904
262144,disjoint,4,24,pinned,-2,0,0,7681474,5498621
262144,disjoint,4,24,pinned,-2,0,1,6264621,4085375
262144,disjoint,4,24,pinned,-2,0,2,7419809,5950636
262144,disjoint,4,24,pinned,-2,0,3,6242019,4143275
262144,disjoint,4,24,pinned,-2,1,0,7573350,5312298
262144,disjoint,4,24,pinned,-2,1,1,6613312,5094326
262144,disjoint,4,24,pinned,-2,1,2,7218878,5483111
262144,disjoint,4,24,pinned,-2,1,3,6293977,4439405
262144,disjoint,4,24,pinned,-2,2,0,8403260,5766468
262144,disjoint,4,24,pinned,-2,2,1,5715733,4633914
262144,disjoint,4,24,pinned,-2,2,2,7076328,6001123
262144,disjoint,4,24,pinned,-2,2,3,5985443,4022566
262144,disjoint,4,24,pinned,-2,3,0,7904457,6347388
262144,disjoint,4,24,pinned,-2,3,1,6134626,4982414
262144,disjoint,4,24,pinned,-2,3,2,6796699,5705703
262144,disjoint,4,24,pinned,-2,3,3,6251877,4820287
262144,disjoint,4,24,unsafe_unpinned_baseline,-2,0,0,5448617,4633033
262144,disjoint,4,24,unsafe_unpinned_baseline,-2,0,1,4897594,4523665
262144,disjoint,4,24,unsafe_unpinned_baseline,-2,0,2,4989347,4618124
262144,disjoint,4,24,unsafe_unpinned_baseline,-2,0,3,6266175,5696386
262144,disjoint,4,24,unsafe_unpinned_baseline,-2,1,0,4938541,4597865
262144,disjoint,4,24,unsafe_unpinned_baseline,-2,1,1,5225284,4828743
262144,disjoint,4,24,unsafe_unpinned_baseline,-2,1,2,5407468,4937859
262144,disjoint,4,24,unsafe_unpinned_baseline,-2,1,3,6023415,5536913
262144,disjoint,4,24,unsafe_unpinned_baseline,-2,2,0,4735777,4411363
262144,disjoint,4,24,unsafe_unpinned_baseline,-2,2,1,5544969,5205205
262144,disjoint,4,24,unsafe_unpinned_baseline,-2,2,2,5277542,4828011
262144,disjoint,4,24,unsafe_unpinned_baseline,-2,2,3,5875725,5111017
262144,disjoint,4,24,unsafe_unpinned_baseline,-2,3,0,5188764,4507504
262144,disjoint,4,24,unsafe_unpinned_baseline,-2,3,1,4812542,4249226
262144,disjoint,4,24,unsafe_unpinned_baseline,-2,3,2,5209213,4736267
262144,disjoint,4,24,unsafe_unpinned_baseline,-2,3,3,5823366,5295165
262144,disjoint,4,24,unsafe_unpinned_baseline,-1,0,0,6171074,5583181
262144,disjoint,4,24,unsafe_unpinned_baseline,-1,0,1,4948449,4359133
262144,disjoint,4,24,unsafe_unpinned_baseline,-1,0,2,7299812,6806137
262144,disjoint,4,24,unsafe_unpinned_baseline,-1,0,3,4880160,4251890
262144,disjoint,4,24,unsafe_unpinned_baseline,-1,1,0,5424330,5063527
262144,disjoint,4,24,unsafe_unpinned_baseline,-1,1,1,5370158,5028841
262144,disjoint,4,24,unsafe_unpinned_baseline,-1,1,2,7591073,6728099
262144,disjoint,4,24,unsafe_unpinned_baseline,-1,1,3,4909194,4421331
262144,disjoint,4,24,unsafe_unpinned_baseline,-1,2,0,5759244,5090829
262144,disjoint,4,24,unsafe_unpinned_baseline,-1,2,1,5493391,5093594
262144,disjoint,4,24,unsafe_unpinned_baseline,-1,2,2,6986699,6560451
262144,disjoint,4,24,unsafe_unpinned_baseline,-1,2,3,4861645,4500140
262144,disjoint,4,24,unsafe_unpinned_baseline,-1,3,0,6025028,5464576
262144,disjoint,4,24,unsafe_unpinned_baseline,-1,3,1,5261593,4925556
262144,disjoint,4,24,unsafe_unpinned_baseline,-1,3,2,6990797,6579237
262144,disjoint,4,24,unsafe_unpinned_baseline,-1,3,3,4953308,4622933
262144,disjoint,4,24,pinned,-1,0,0,7069665,5103122
262144,disjoint,4,24,pinned,-1,0,1,7731929,5278344
262144,disjoint,4,24,pinned,-1,0,2,7459815,5682129
262144,disjoint,4,24,pinned,-1,0,3,5841570,4143175
262144,disjoint,4,24,pinned,-1,1,0,7581174,4643252
262144,disjoint,4,24,pinned,-1,1,1,7390904,5110576
262144,disjoint,4,24,pinned,-1,1,2,6838558,5237737
262144,disjoint,4,24,pinned,-1,1,3,6251707,4515209
262144,disjoint,4,24,pinned,-1,2,0,6835151,5131686
262144,disjoint,4,24,pinned,-1,2,1,8438257,6728559
262144,disjoint,4,24,pinned,-1,2,2,6465492,4965632
262144,disjoint,4,24,pinned,-1,2,3,6314556,4249106
262144,disjoint,4,24,pinned,-1,3,0,7569352,5419321
262144,disjoint,4,24,pinned,-1,3,1,7603567,5938974
262144,disjoint,4,24,pinned,-1,3,2,6449391,4849933
262144,disjoint,4,24,pinned,-1,3,3,6373618,4359434
262144,disjoint,4,24,pinned,0,0,0,5612116,3731285
262144,disjoint,4,24,pinned,0,0,1,6789515,4731629
262144,disjoint,4,24,pinned,0,0,2,5816964,4781233
262144,disjoint,4,24,pinned,0,0,3,5264377,4072271
262144,disjoint,4,24,pinned,0,1,0,5577961,4050319
262144,disjoint,4,24,pinned,0,1,1,4592927,2927623
262144,disjoint,4,24,pinned,0,1,2,8476690,6486161
262144,disjoint,4,24,pinned,0,1,3,5059279,3641635
262144,disjoint,4,24,pinned,0,2,0,5853423,3964196
262144,disjoint,4,24,pinned,0,2,1,6578455,4922100
262144,disjoint,4,24,pinned,0,2,2,6594376,5042447
262144,disjoint,4,24,pinned,0,2,3,5777629,3868104
262144,disjoint,4,24,pinned,0,3,0,5550499,3844530
262144,disjoint,4,24,pinned,0,3,1,6728950,4848109
262144,disjoint,4,24,pinned,0,3,2,6404697,5046816
262144,disjoint,4,24,pinned,0,3,3,5130864,3465882
262144,disjoint,4,24,unsafe_unpinned_baseline,0,0,0,4250639,3911977
262144,disjoint,4,24,unsafe_unpinned_baseline,0,0,1,6627168,6375421
262144,disjoint,4,24,unsafe_unpinned_baseline,0,0,2,5574084,5274286
262144,disjoint,4,24,unsafe_unpinned_baseline,0,0,3,4008249,3676421
262144,disjoint,4,24,unsafe_unpinned_baseline,0,1,0,4078813,3741905
262144,disjoint,4,24,unsafe_unpinned_baseline,0,1,1,5871757,5539088
262144,disjoint,4,24,unsafe_unpinned_baseline,0,1,2,6597362,6243312
262144,disjoint,4,24,unsafe_unpinned_baseline,0,1,3,3785788,3454982
262144,disjoint,4,24,unsafe_unpinned_baseline,0,2,0,4097077,3729751
262144,disjoint,4,24,unsafe_unpinned_baseline,0,2,1,5470548,5152186
262144,disjoint,4,24,unsafe_unpinned_baseline,0,2,2,6512560,6149844
262144,disjoint,4,24,unsafe_unpinned_baseline,0,2,3,4019450,3694946
262144,disjoint,4,24,unsafe_unpinned_baseline,0,3,0,4053184,3344492
262144,disjoint,4,24,unsafe_unpinned_baseline,0,3,1,6069562,5732975
262144,disjoint,4,24,unsafe_unpinned_baseline,0,3,2,6570110,6240186
262144,disjoint,4,24,unsafe_unpinned_baseline,0,3,3,3812549,3510396
262144,disjoint,4,24,unsafe_unpinned_baseline,1,0,0,3796618,3492232
262144,disjoint,4,24,unsafe_unpinned_baseline,1,0,1,4975070,4663761
262144,disjoint,4,24,unsafe_unpinned_baseline,1,0,2,3466994,3175172
262144,disjoint,4,24,unsafe_unpinned_baseline,1,0,3,3336247,3039836
262144,disjoint,4,24,unsafe_unpinned_baseline,1,1,0,3488946,3163449
262144,disjoint,4,24,unsafe_unpinned_baseline,1,1,1,4820377,4477498
262144,disjoint,4,24,unsafe_unpinned_baseline,1,1,2,3303274,2985944
262144,disjoint,4,24,unsafe_unpinned_baseline,1,1,3,3686960,3316219
262144,disjoint,4,24,unsafe_unpinned_baseline,1,2,0,3834911,3514083
262144,disjoint,4,24,unsafe_unpinned_baseline,1,2,1,4785862,4510219
262144,disjoint,4,24,unsafe_unpinned_baseline,1,2,2,3343250,3014238
262144,disjoint,4,24,unsafe_unpinned_baseline,1,2,3,3343560,3022523
262144,disjoint,4,24,unsafe_unpinned_baseline,1,3,0,3494897,3202714
262144,disjoint,4,24,unsafe_unpinned_baseline,1,3,1,5003253,4657268
262144,disjoint,4,24,unsafe_unpinned_baseline,1,3,2,4249627,3947334
262144,disjoint,4,24,unsafe_unpinned_baseline,1,3,3,2813567,2076922
262144,disjoint,4,24,pinned,1,0,0,5012331,3468428
262144,disjoint,4,24,pinned,1,0,1,6971650,5875605
262144,disjoint,4,24,pinned,1,0,2,6884685,4888626
262144,disjoint,4,24,pinned,1,0,3,6988842,5552904
262144,disjoint,4,24,pinned,1,1,0,5304604,3678986
262144,disjoint,4,24,pinned,1,1,1,5860998,4768840
262144,disjoint,4,24,pinned,1,1,2,7489941,4191095
262144,disjoint,4,24,pinned,1,1,3,6457106,5083836
262144,disjoint,4,24,pinned,1,2,0,5165531,3633190
262144,disjoint,4,24,pinned,1,2,1,6445383,5373775
262144,disjoint,4,24,pinned,1,2,2,7044548,5422858
262144,disjoint,4,24,pinned,1,2,3,6859748,5208462
262144,disjoint,4,24,pinned,1,3,0,4916679,3330235
262144,disjoint,4,24,pinned,1,3,1,6899934,5776989
262144,disjoint,4,24,pinned,1,3,2,6832637,3473296
262144,disjoint,4,24,pinned,1,3,3,7673028,5661009
262144,disjoint,4,24,pinned,2,0,0,8626673,5231495
262144,disjoint,4,24,pinned,2,0,1,5645700,4320851
262144,disjoint,4,24,pinned,2,0,2,4927610,3779607
262144,disjoint,4,24,pinned,2,0,3,4321071,3231338
262144,disjoint,4,24,pinned,2,1,0,8585476,4778658
262144,disjoint,4,24,pinned,2,1,1,5668563,4302316
262144,disjoint,4,24,pinned,2,1,2,4920416,3851432
262144,disjoint,4,24,pinned,2,1,3,4227374,3115770
262144,disjoint,4,24,pinned,2,2,0,8426044,5069058
262144,disjoint,4,24,pinned,2,2,1,5839838,4663460
262144,disjoint,4,24,pinned,2,2,2,4782545,3696148
262144,disjoint,4,24,pinned,2,2,3,4251871,3123785
262144,disjoint,4,24,pinned,2,3,0,8559888,5198172
262144,disjoint,4,24,pinned,2,3,1,5831301,4743562
262144,disjoint,4,24,pinned,2,3,2,5005247,3881059
262144,disjoint,4,24,pinned,2,3,3,4096637,2931851
262144,disjoint,4,24,unsafe_unpinned_baseline,2,0,0,3606248,3302523
262144,disjoint,4,24,unsafe_unpinned_baseline,2,0,1,3417531,3070504
262144,disjoint,4,24,unsafe_unpinned_baseline,2,0,2,3455202,3180052
262144,disjoint,4,24,unsafe_unpinned_baseline,2,0,3,3556804,3242620
262144,disjoint,4,24,unsafe_unpinned_baseline,2,1,0,3968925,3612189
262144,disjoint,4,24,unsafe_unpinned_baseline,2,1,1,2887717,2617907
262144,disjoint,4,24,unsafe_unpinned_baseline,2,1,2,3370762,3043122
262144,disjoint,4,24,unsafe_unpinned_baseline,2,1,3,3631175,3299237
262144,disjoint,4,24,unsafe_unpinned_baseline,2,2,0,3903251,3592452
262144,disjoint,4,24,unsafe_unpinned_baseline,2,2,1,3167978,2893819
262144,disjoint,4,24,unsafe_unpinned_baseline,2,2,2,3677813,3399867
262144,disjoint,4,24,unsafe_unpinned_baseline,2,2,3,3265393,2978630
262144,disjoint,4,24,unsafe_unpinned_baseline,2,3,0,3817468,3516448
262144,disjoint,4,24,unsafe_unpinned_baseline,2,3,1,3321058,3026971
262144,disjoint,4,24,unsafe_unpinned_baseline,2,3,2,3436617,3148832
262144,disjoint,4,24,unsafe_unpinned_baseline,2,3,3,3381091,3083278
262144,disjoint,4,24,unsafe_unpinned_baseline,3,0,0,3459039,3139975
262144,disjoint,4,24,unsafe_unpinned_baseline,3,0,1,3053051,2764505
262144,disjoint,4,24,unsafe_unpinned_baseline,3,0,2,3525926,3203345
262144,disjoint,4,24,unsafe_unpinned_baseline,3,0,3,3903871,3557946
262144,disjoint,4,24,unsafe_unpinned_baseline,3,1,0,3393526,3072768
262144,disjoint,4,24,unsafe_unpinned_baseline,3,1,1,3358469,3052419
262144,disjoint,4,24,unsafe_unpinned_baseline,3,1,2,3682412,3388446
262144,disjoint,4,24,unsafe_unpinned_baseline,3,1,3,3848546,3532679
262144,disjoint,4,24,unsafe_unpinned_baseline,3,2,0,3557246,3247028
262144,disjoint,4,24,unsafe_unpinned_baseline,3,2,1,3393054,3098577
262144,disjoint,4,24,unsafe_unpinned_baseline,3,2,2,3477304,3172687
262144,disjoint,4,24,unsafe_unpinned_baseline,3,2,3,4147443,3834159
262144,disjoint,4,24,unsafe_unpinned_baseline,3,3,0,3585529,3246618
262144,disjoint,4,24,unsafe_unpinned_baseline,3,3,1,3024036,2751721
262144,disjoint,4,24,unsafe_unpinned_baseline,3,3,2,3704824,3397904
262144,disjoint,4,24,unsafe_unpinned_baseline,3,3,3,4130791,3826345
262144,disjoint,4,24,pinned,3,0,0,6752755,5494714
262144,disjoint,4,24,pinned,3,0,1,4674571,3641856
262144,disjoint,4,24,pinned,3,0,2,5274397,3424134
262144,disjoint,4,24,pinned,3,0,3,5065581,3103997
262144,disjoint,4,24,pinned,3,1,0,6619984,5301398
262144,disjoint,4,24,pinned,3,1,1,4671234,3613712
262144,disjoint,4,24,pinned,3,1,2,4837219,3454962
262144,disjoint,4,24,pinned,3,1,3,4390302,3196031
262144,disjoint,4,24,pinned,3,2,0,7009672,5793830
262144,disjoint,4,24,pinned,3,2,1,3904573,2807345
262144,disjoint,4,24,pinned,3,2,2,4804867,3628180
262144,disjoint,4,24,pinned,3,2,3,4669120,3535654
262144,disjoint,4,24,pinned,3,3,0,6755311,5439579
262144,disjoint,4,24,pinned,3,3,1,4557218,3381963
262144,disjoint,4,24,pinned,3,3,2,4435258,3165253
262144,disjoint,4,24,pinned,3,3,3,4810518,3692181
262144,disjoint,4,24,pinned,4,0,0,4743131,3149413
262144,disjoint,4,24,pinned,4,0,1,5886585,4720428
262144,disjoint,4,24,pinned,4,0,2,4409369,3133824
262144,disjoint,4,24,pinned,4,0,3,4086347,2952210
262144,disjoint,4,24,pinned,4,1,0,4412836,3135687
262144,disjoint,4,24,pinned,4,1,1,5420944,4332554
262144,disjoint,4,24,pinned,4,1,2,4806330,3757565
262144,disjoint,4,24,pinned,4,1,3,4140319,3066837
262144,disjoint,4,24,pinned,4,2,0,4732861,2652231
262144,disjoint,4,24,pinned,4,2,1,5700944,4744062
262144,disjoint,4,24,pinned,4,2,2,4473971,3230577
262144,disjoint,4,24,pinned,4,2,3,4062843,2953913
262144,disjoint,4,24,pinned,4,3,0,4346890,3281012
262144,disjoint,4,24,pinned,4,3,1,5848193,4771985
262144,disjoint,4,24,pinned,4,3,2,4762578,3507140
262144,disjoint,4,24,pinned,4,3,3,4194642,3030608
262144,disjoint,4,24,unsafe_unpinned_baseline,4,0,0,4147844,3745652
262144,disjoint,4,24,unsafe_unpinned_baseline,4,0,1,5347234,5014885
262144,disjoint,4,24,unsafe_unpinned_baseline,4,0,2,4777576,4063123
262144,disjoint,4,24,unsafe_unpinned_baseline,4,0,3,5227859,4374032
262144,disjoint,4,24,unsafe_unpinned_baseline,4,1,0,4508877,4095043
262144,disjoint,4,24,unsafe_unpinned_baseline,4,1,1,4930355,4210212
262144,disjoint,4,24,unsafe_unpinned_baseline,4,1,2,4514267,3785989
262144,disjoint,4,24,unsafe_unpinned_baseline,4,1,3,5527536,5214884
262144,disjoint,4,24,unsafe_unpinned_baseline,4,2,0,4308528,3926214
262144,disjoint,4,24,unsafe_unpinned_baseline,4,2,1,4998644,4702925
262144,disjoint,4,24,unsafe_unpinned_baseline,4,2,2,4535127,4097989
262144,disjoint,4,24,unsafe_unpinned_baseline,4,2,3,5306518,4957647
262144,disjoint,4,24,unsafe_unpinned_baseline,4,3,0,4029309,3649299
262144,disjoint,4,24,unsafe_unpinned_baseline,4,3,1,5195998,4798345
262144,disjoint,4,24,unsafe_unpinned_baseline,4,3,2,4822681,3892019
262144,disjoint,4,24,unsafe_unpinned_baseline,4,3,3,5553896,5248948
262144,disjoint,4,24,unsafe_unpinned_baseline,5,0,0,3992819,3613983
262144,disjoint,4,24,unsafe_unpinned_baseline,5,0,1,5070591,4738141
262144,disjoint,4,24,unsafe_unpinned_baseline,5,0,2,3903431,3622489
262144,disjoint,4,24,unsafe_unpinned_baseline,5,0,3,5075760,4749643
262144,disjoint,4,24,unsafe_unpinned_baseline,5,1,0,3791409,3434763
262144,disjoint,4,24,unsafe_unpinned_baseline,5,1,1,5338358,5004014
262144,disjoint,4,24,unsafe_unpinned_baseline,5,1,2,3779326,3468758
262144,disjoint,4,24,unsafe_unpinned_baseline,5,1,3,4943059,4598346
262144,disjoint,4,24,unsafe_unpinned_baseline,5,2,0,3842014,3501018
262144,disjoint,4,24,unsafe_unpinned_baseline,5,2,1,4702764,4371247
262144,disjoint,4,24,unsafe_unpinned_baseline,5,2,2,4208698,3856282
262144,disjoint,4,24,unsafe_unpinned_baseline,5,2,3,5461250,4976683
262144,disjoint,4,24,unsafe_unpinned_baseline,5,3,0,4056630,3704665
262144,disjoint,4,24,unsafe_unpinned_baseline,5,3,1,4765614,4434346
262144,disjoint,4,24,unsafe_unpinned_baseline,5,3,2,3694746,3363959
262144,disjoint,4,24,unsafe_unpinned_baseline,5,3,3,5016449,4667587
262144,disjoint,4,24,pinned,5,0,0,6219667,4653862
262144,disjoint,4,24,pinned,5,0,1,5845357,4657458
262144,disjoint,4,24,pinned,5,0,2,4364864,3290911
262144,disjoint,4,24,pinned,5,0,3,6226600,5255421
262144,disjoint,4,24,pinned,5,1,0,6281544,3573806
262144,disjoint,4,24,pinned,5,1,1,6018054,4895930
262144,disjoint,4,24,pinned,5,1,2,4287888,3279730
262144,disjoint,4,24,pinned,5,1,3,6318183,5261412
262144,disjoint,4,24,pinned,5,2,0,6121731,4512023
262144,disjoint,4,24,pinned,5,2,1,6211450,5229021
262144,disjoint,4,24,pinned,5,2,2,4241812,3333522
262144,disjoint,4,24,pinned,5,2,3,6228403,5332026
262144,disjoint,4,24,pinned,5,3,0,6115740,4514949
262144,disjoint,4,24,pinned,5,3,1,5637865,4467349
262144,disjoint,4,24,pinned,5,3,2,4691573,3572905
262144,disjoint,4,24,pinned,5,3,3,6056507,5064218
262144,disjoint,16,24,pinned,-2,0,0,25218098,21302143
262144,disjoint,16,24,pinned,-2,0,1,20603521,18592843
262144,disjoint,16,24,pinned,-2,0,2,16766405,14850608
262144,disjoint,16,24,pinned,-2,0,3,21791460,16517123
262144,disjoint,16,24,pinned,-2,1,0,26753004,21354953
262144,disjoint,16,24,pinned,-2,1,1,22689310,20930490
262144,disjoint,16,24,pinned,-2,1,2,17442045,14190899
262144,disjoint,16,24,pinned,-2,1,3,18759539,15492834
262144,disjoint,16,24,pinned,-2,2,0,27464922,21806619
262144,disjoint,16,24,pinned,-2,2,1,20704982,18755561
262144,disjoint,16,24,pinned,-2,2,2,18647817,15286874
262144,disjoint,16,24,pinned,-2,2,3,18948237,16746237
262144,disjoint,16,24,pinned,-2,3,0,26748205,21701971
262144,disjoint,16,24,pinned,-2,3,1,20797718,18784246
262144,disjoint,16,24,pinned,-2,3,2,19288731,15039966
262144,disjoint,16,24,pinned,-2,3,3,18396652,16458101
262144,disjoint,16,24,pinned,-2,4,0,27057150,21774348
262144,disjoint,16,24,pinned,-2,4,1,20468615,18367216
262144,disjoint,16,24,pinned,-2,4,2,19336762,16374333
262144,disjoint,16,24,pinned,-2,4,3,18459842,16701583
262144,disjoint,16,24,pinned,-2,5,0,26695425,21323424
262144,disjoint,16,24,pinned,-2,5,1,20950448,18488366
262144,disjoint,16,24,pinned,-2,5,2,19349386,15138413
262144,disjoint,16,24,pinned,-2,5,3,18469409,15849319
262144,disjoint,16,24,pinned,-2,6,0,26744257,21440515
262144,disjoint,16,24,pinned,-2,6,1,20332056,17995262
262144,disjoint,16,24,pinned,-2,6,2,19853841,14547604
262144,disjoint,16,24,pinned,-2,6,3,17141636,14858834
262144,disjoint,16,24,pinned,-2,7,0,27417202,21461526
262144,disjoint,16,24,pinned,-2,7,1,22612845,20307140
262144,disjoint,16,24,pinned,-2,7,2,16803445,14021869
262144,disjoint,16,24,pinned,-2,7,3,16438424,14531644
262144,disjoint,16,24,pinned,-2,8,0,24773926,20347015
262144,disjoint,16,24,pinned,-2,8,1,20635561,18651224
262144,disjoint,16,24,pinned,-2,8,2,21432740,15563658
262144,disjoint,16,24,pinned,-2,8,3,17396718,14998017
262144,disjoint,16,24,pinned,-2,9,0,27536928,21045167
262144,disjoint,16,24,pinned,-2,9,1,19954371,17859485
262144,disjoint,16,24,pinned,-2,9,2,19445598,14090308
262144,disjoint,16,24,pinned,-2,9,3,17171462,14923837
262144,disjoint,16,24,pinned,-2,10,0,25045911,21301873
262144,disjoint,16,24,pinned,-2,10,1,21477946,19681194
262144,disjoint,16,24,pinned,-2,10,2,20295617,15153401
262144,disjoint,16,24,pinned,-2,10,3,15214667,13390013
262144,disjoint,16,24,pinned,-2,11,0,25749133,20897747
262144,disjoint,16,24,pinned,-2,11,1,21248461,18282657
262144,disjoint,16,24,pinned,-2,11,2,19754884,16704568
262144,disjoint,16,24,pinned,-2,11,3,16397126,14666730
262144,disjoint,16,24,pinned,-2,12,0,27356837,21659380
262144,disjoint,16,24,pinned,-2,12,1,21085212,19229038
262144,disjoint,16,24,pinned,-2,12,2,18436047,14676859
262144,disjoint,16,24,pinned,-2,12,3,17781157,15469791
262144,disjoint,16,24,pinned,-2,13,0,27415097,21735264
262144,disjoint,16,24,pinned,-2,13,1,20688312,18319296
262144,disjoint,16,24,pinned,-2,13,2,18721387,14793520
262144,disjoint,16,24,pinned,-2,13,3,17930209,15808732
262144,disjoint,16,24,pinned,-2,14,0,27506450,21198507
262144,disjoint,16,24,pinned,-2,14,1,19907824,18294809
262144,disjoint,16,24,pinned,-2,14,2,19383621,14671729
262144,disjoint,16,24,pinned,-2,14,3,16460666,14746481
262144,disjoint,16,24,pinned,-2,15,0,24793834,20661650
262144,disjoint,16,24,pinned,-2,15,1,21749711,18605347
262144,disjoint,16,24,pinned,-2,15,2,20252556,15999032
262144,disjoint,16,24,pinned,-2,15,3,16512264,14662752
262144,disjoint,16,24,unsafe_unpinned_baseline,-2,0,0,25518987,24977652
262144,disjoint,16,24,unsafe_unpinned_baseline,-2,0,1,11475317,10702644
262144,disjoint,16,24,unsafe_unpinned_baseline,-2,0,2,20513380,20118823
262144,disjoint,16,24,unsafe_unpinned_baseline,-2,0,3,21762796,21325507
262144,disjoint,16,24,unsafe_unpinned_baseline,-2,1,0,16510882,16019972
262144,disjoint,16,24,unsafe_unpinned_baseline,-2,1,1,18426729,18013387
262144,disjoint,16,24,unsafe_unpinned_baseline,-2,1,2,21504076,21063071
262144,disjoint,16,24,unsafe_unpinned_baseline,-2,1,3,22349667,21964698
262144,disjoint,16,24,unsafe_unpinned_baseline,-2,2,0,15439373,14958021
262144,disjoint,16,24,unsafe_unpinned_baseline,-2,2,1,16042956,15575461
262144,disjoint,16,24,unsafe_unpinned_baseline,-2,2,2,25079776,23941130
262144,disjoint,16,24,unsafe_unpinned_baseline,-2,2,3,20388744,19995198
262144,disjoint,16,24,unsafe_unpinned_baseline,-2,3,0,19341711,18829221
262144,disjoint,16,24,unsafe_unpinned_baseline,-2,3,1,15231920,14882489
262144,disjoint,16,24,unsafe_unpinned_baseline,-2,3,2,21855581,21359351
262144,disjoint,16,24,unsafe_unpinned_baseline,-2,3,3,22385514,21821056
262144,disjoint,16,24,unsafe_unpinned_baseline,-2,4,0,15476223,14996955
262144,disjoint,16,24,unsafe_unpinned_baseline,-2,4,1,19511203,18916716
262144,disjoint,16,24,unsafe_unpinned_baseline,-2,4,2,21394599,20889372
262144,disjoint,16,24,unsafe_unpinned_baseline,-2,4,3,21740414,21138824
262144,disjoint,16,24,unsafe_unpinned_baseline,-2,5,0,16577728,16133978
262144,disjoint,16,24,unsafe_unpinned_baseline,-2,5,1,17190979,16804117
262144,disjoint,16,24,unsafe_unpinned_baseline,-2,5,2,22579011,21834651
262144,disjoint,16,24,unsafe_unpinned_baseline,-2,5,3,21745764,21063722
262144,disjoint,16,24,unsafe_unpinned_baseline,-2,6,0,20113242,19540518
262144,disjoint,16,24,unsafe_unpinned_baseline,-2,6,1,22028038,21669098
262144,disjoint,16,24,unsafe_unpinned_baseline,-2,6,2,15505989,15027723
262144,disjoint,16,24,unsafe_unpinned_baseline,-2,6,3,20409223,19863790
262144,disjoint,16,24,unsafe_unpinned_baseline,-2,7,0,15339785,14888189
262144,disjoint,16,24,unsafe_unpinned_baseline,-2,7,1,18478688,17833616
262144,disjoint,16,24,unsafe_unpinned_baseline,-2,7,2,22447132,21893443
262144,disjoint,16,24,unsafe_unpinned_baseline,-2,7,3,20595045,20181331
262144,disjoint,16,24,unsafe_unpinned_baseline,-2,8,0,15274851,14808288
262144,disjoint,16,24,unsafe_unpinned_baseline,-2,8,1,18552969,17750960
262144,disjoint,16,24,unsafe_unpinned_baseline,-2,8,2,22240159,21607471
262144,disjoint,16,24,unsafe_unpinned_baseline,-2,8,3,20901295,20260882
262144,disjoint,16,24,unsafe_unpinned_baseline,-2,9,0,26604232,25970493
262144,disjoint,16,24,unsafe_unpinned_baseline,-2,9,1,9858776,9207073
262144,disjoint,16,24,unsafe_unpinned_baseline,-2,9,2,20984332,20543978
262144,disjoint,16,24,unsafe_unpinned_baseline,-2,9,3,20525743,19592917
262144,disjoint,16,24,unsafe_unpinned_baseline,-2,10,0,27186455,26656381
262144,disjoint,16,24,unsafe_unpinned_baseline,-2,10,1,20447525,20054381
262144,disjoint,16,24,unsafe_unpinned_baseline,-2,10,2,10592726,10148445
262144,disjoint,16,24,unsafe_unpinned_baseline,-2,10,3,20948954,20490116
262144,disjoint,16,24,unsafe_unpinned_baseline,-2,11,0,19240921,18845291
262144,disjoint,16,24,unsafe_unpinned_baseline,-2,11,1,22917572,22549354
262144,disjoint,16,24,unsafe_unpinned_baseline,-2,11,2,15417060,14992697
262144,disjoint,16,24,unsafe_unpinned_baseline,-2,11,3,20484476,20009546
262144,disjoint,16,24,unsafe_unpinned_baseline,-2,12,0,16643733,16233326
262144,disjoint,16,24,unsafe_unpinned_baseline,-2,12,1,18358460,18010050
262144,disjoint,16,24,unsafe_unpinned_baseline,-2,12,2,23251244,22758941
262144,disjoint,16,24,unsafe_unpinned_baseline,-2,12,3,20866158,20476711
262144,disjoint,16,24,unsafe_unpinned_baseline,-2,13,0,27128144,26615925
262144,disjoint,16,24,unsafe_unpinned_baseline,-2,13,1,20590886,20005409
262144,disjoint,16,24,unsafe_unpinned_baseline,-2,13,2,10525388,9386913
262144,disjoint,16,24,unsafe_unpinned_baseline,-2,13,3,20902587,20390918
262144,disjoint,16,24,unsafe_unpinned_baseline,-2,14,0,15511459,15063812
262144,disjoint,16,24,unsafe_unpinned_baseline,-2,14,1,19461018,19061941
262144,disjoint,16,24,unsafe_unpinned_baseline,-2,14,2,22697425,22278512
262144,disjoint,16,24,unsafe_unpinned_baseline,-2,14,3,21556135,20822776
262144,disjoint,16,24,unsafe_unpinned_baseline,-2,15,0,20251644,19742250
262144,disjoint,16,24,unsafe_unpinned_baseline,-2,15,1,16685432,15988953
262144,disjoint,16,24,unsafe_unpinned_baseline,-2,15,2,20443528,20072856
262144,disjoint,16,24,unsafe_unpinned_baseline,-2,15,3,20697078,20219774
262144,disjoint,16,24,unsafe_unpinned_baseline,-1,0,0,22789519,22105074
262144,disjoint,16,24,unsafe_unpinned_baseline,-1,0,1,26353387,25672198
262144,disjoint,16,24,unsafe_unpinned_baseline,-1,0,2,31112889,30280954
262144,disjoint,16,24,unsafe_unpinned_baseline,-1,0,3,14221306,13802243
262144,disjoint,16,24,unsafe_unpinned_baseline,-1,1,0,24177137,23613239
262144,disjoint,16,24,unsafe_unpinned_baseline,-1,1,1,23430383,23052938
262144,disjoint,16,24,unsafe_unpinned_baseline,-1,1,2,22490353,21913230
262144,disjoint,16,24,unsafe_unpinned_baseline,-1,1,3,19963228,19166821
262144,disjoint,16,24,unsafe_unpinned_baseline,-1,2,0,30285552,29597910
262144,disjoint,16,24,unsafe_unpinned_baseline,-1,2,1,18902970,17995252
262144,disjoint,16,24,unsafe_unpinned_baseline,-1,2,2,33873777,33120470
262144,disjoint,16,24,unsafe_unpinned_baseline,-1,2,3,12323613,11535120
262144,disjoint,16,24,unsafe_unpinned_baseline,-1,3,0,22766636,22227676
262144,disjoint,16,24,unsafe_unpinned_baseline,-1,3,1,26204776,25693157
262144,disjoint,16,24,unsafe_unpinned_baseline,-1,3,2,34190306,33284591
262144,disjoint,16,24,unsafe_unpinned_baseline,-1,3,3,11389795,10954031
262144,disjoint,16,24,unsafe_unpinned_baseline,-1,4,0,24088609,23428339
262144,disjoint,16,24,unsafe_unpinned_baseline,-1,4,1,25194594,24769919
262144,disjoint,16,24,unsafe_unpinned_baseline,-1,4,2,22048767,21037182
262144,disjoint,16,24,unsafe_unpinned_baseline,-1,4,3,21197435,20672902
262144,disjoint,16,24,unsafe_unpinned_baseline,-1,5,0,23808238,23285679
262144,disjoint,16,24,unsafe_unpinned_baseline,-1,5,1,26176262,25607124
262144,disjoint,16,24,unsafe_unpinned_baseline,-1,5,2,26710974,26216859
262144,disjoint,16,24,unsafe_unpinned_baseline,-1,5,3,17971808,17457023
262144,disjoint,16,24,unsafe_unpinned_baseline,-1,6,0,30305550,29656662
262144,disjoint,16,24,unsafe_unpinned_baseline,-1,6,1,18993051,18546616
262144,disjoint,16,24,unsafe_unpinned_baseline,-1,6,2,21886650,21232511
262144,disjoint,16,24,unsafe_unpinned_baseline,-1,6,3,23549178,22944854
262144,disjoint,16,24,unsafe_unpinned_baseline,-1,7,0,23154330,22528054
262144,disjoint,16,24,unsafe_unpinned_baseline,-1,7,1,25788567,25357892
262144,disjoint,16,24,unsafe_unpinned_baseline,-1,7,2,27661364,26734539
262144,disjoint,16,24,unsafe_unpinned_baseline,-1,7,3,17074569,16401074
262144,disjoint,16,24,unsafe_unpinned_baseline,-1,8,0,22695171,22220412
262144,disjoint,16,24,unsafe_unpinned_baseline,-1,8,1,23405526,22832170
262144,disjoint,16,24,unsafe_unpinned_baseline,-1,8,2,23717947,22838453
262144,disjoint,16,24,unsafe_unpinned_baseline,-1,8,3,20446463,19469223
262144,disjoint,16,24,unsafe_unpinned_baseline,-1,9,0,23932574,23324392
262144,disjoint,16,24,unsafe_unpinned_baseline,-1,9,1,26108784,25723845
262144,disjoint,16,24,unsafe_unpinned_baseline,-1,9,2,26598932,26158779
262144,disjoint,16,24,unsafe_unpinned_baseline,-1,9,3,17036207,16443124
262144,disjoint,16,24,unsafe_unpinned_baseline,-1,10,0,22732111,22127526
262144,disjoint,16,24,unsafe_unpinned_baseline,-1,10,1,26341535,25820348
262144,disjoint,16,24,unsafe_unpinned_baseline,-1,10,2,27549653,26692099
262144,disjoint,16,24,unsafe_unpinned_baseline,-1,10,3,16992634,16451129
262144,disjoint,16,24,unsafe_unpinned_baseline,-1,11,0,22711011,22256290
262144,disjoint,16,24,unsafe_unpinned_baseline,-1,11,1,26798200,26367594
262144,disjoint,16,24,unsafe_unpinned_baseline,-1,11,2,21900927,21292695
262144,disjoint,16,24,unsafe_unpinned_baseline,-1,11,3,23191992,22666356
262144,disjoint,16,24,unsafe_unpinned_baseline,-1,12,0,23248278,22780082
262144,disjoint,16,24,unsafe_unpinned_baseline,-1,12,1,25922402,25522734
262144,disjoint,16,24,unsafe_unpinned_baseline,-1,12,2,27459702,26724991
262144,disjoint,16,24,unsafe_unpinned_baseline,-1,12,3,17935970,17470208
262144,disjoint,16,24,unsafe_unpinned_baseline,-1,13,0,23085069,22650216
262144,disjoint,16,24,unsafe_unpinned_baseline,-1,13,1,24014709,23586078
262144,disjoint,16,24,unsafe_unpinned_baseline,-1,13,2,22866235,22045180
262144,disjoint,16,24,unsafe_unpinned_baseline,-1,13,3,20227118,19412436
262144,disjoint,16,24,unsafe_unpinned_baseline,-1,14,0,24088228,23617588
262144,disjoint,16,24,unsafe_unpinned_baseline,-1,14,1,24887351,24501561
262144,disjoint,16,24,unsafe_unpinned_baseline,-1,14,2,22205163,21460163
262144,disjoint,16,24,unsafe_unpinned_baseline,-1,14,3,21309327,20731142
262144,disjoint,16,24,unsafe_unpinned_baseline,-1,15,0,30469510,29751151
262144,disjoint,16,24,unsafe_unpinned_baseline,-1,15,1,18689397,18203236
262144,disjoint,16,24,unsafe_unpinned_baseline,-1,15,2,22175597,21265755
262144,disjoint,16,24,unsafe_unpinned_baseline,-1,15,3,23159079,22599399
262144,disjoint,16,24,pinned,-1,0,0,28003371,24829001
262144,disjoint,16,24,pinned,-1,0,1,23708680,21594006
262144,disjoint,16,24,pinned,-1,0,2,27244153,25729416
262144,disjoint,16,24,pinned,-1,0,3,14503490,13267911
262144,disjoint,16,24,pinned,-1,1,0,22940826,19638724
262144,disjoint,16,24,pinned,-1,1,1,25705490,21056548
262144,disjoint,16,24,pinned,-1,1,2,26122070,23255182
262144,disjoint,16,24,pinned,-1,1,3,18084801,16457851
262144,disjoint,16,24,pinned,-1,2,0,27265595,24627990
262144,disjoint,16,24,pinned,-1,2,1,21546396,19180927
262144,disjoint,16,24,pinned,-1,2,2,24455634,21276655
262144,disjoint,16,24,pinned,-1,2,3,19370876,17662622
262144,disjoint,16,24,pinned,-1,3,0,23575568,20918336
262144,disjoint,16,24,pinned,-1,3,1,25240621,22279785
262144,disjoint,16,24,pinned,-1,3,2,24552828,21745082
262144,disjoint,16,24,pinned,-1,3,3,20289315,18655242
262144,disjoint,16,24,pinned,-1,4,0,23543296,20868502
262144,disjoint,16,24,pinned,-1,4,1,24236109,21054855
262144,disjoint,16,24,pinned,-1,4,2,23337457,21236429
262144,disjoint,16,24,pinned,-1,4,3,20519812,18162488
262144,disjoint,16,24,pinned,-1,5,0,22914226,18083629
262144,disjoint,16,24,pinned,-1,5,1,28311384,25185526
262144,disjoint,16,24,pinned,-1,5,2,24031270,22597516
262144,disjoint,16,24,pinned,-1,5,3,18613673,17006380
262144,disjoint,16,24,pinned,-1,6,0,27332300,24588185
262144,disjoint,16,24,pinned,-1,6,1,21461095,18661924
262144,disjoint,16,24,pinned,-1,6,2,24485601,22037446
262144,disjoint,16,24,pinned,-1,6,3,21096935,19237915
262144,disjoint,16,24,pinned,-1,7,0,23754386,21153352
262144,disjoint,16,24,pinned,-1,7,1,25051201,21993071
262144,disjoint,16,24,pinned,-1,7,2,22363152,20787549
262144,disjoint,16,24,pinned,-1,7,3,21793624,19788297
262144,disjoint,16,24,pinned,-1,8,0,19634125,16260758
262144,disjoint,16,24,pinned,-1,8,1,28192901,22997774
262144,disjoint,16,24,pinned,-1,8,2,24719464,21120079
262144,disjoint,16,24,pinned,-1,8,3,20356353,18771141
262144,disjoint,16,24,pinned,-1,9,0,23502169,20805222
262144,disjoint,16,24,pinned,-1,9,1,24244585,20781658
262144,disjoint,16,24,pinned,-1,9,2,23795895,20981216
262144,disjoint,16,24,pinned,-1,9,3,20165882,18429705
262144,disjoint,16,24,pinned,-1,10,0,28134179,24801810
262144,disjoint,16,24,pinned,-1,10,1,23117119,20867661
262144,disjoint,16,24,pinned,-1,10,2,29914450,28259787
262144,disjoint,16,24,pinned,-1,10,3,12296723,11120015
262144,disjoint,16,24,pinned,-1,11,0,22831720,17871508
262144,disjoint,16,24,pinned,-1,11,1,24899856,21245376
262144,disjoint,16,24,pinned,-1,11,2,23184517,21404918
262144,disjoint,16,24,pinned,-1,11,3,20599323,19046322
262144,disjoint,16,24,pinned,-1,12,0,27125088,24223324
262144,disjoint,16,24,pinned,-1,12,1,21635765,18803864
262144,disjoint,16,24,pinned,-1,12,2,24561525,21395210
262144,disjoint,16,24,pinned,-1,12,3,19445598,17564035
262144,disjoint,16,24,pinned,-1,13,0,27142521,24496852
262144,disjoint,16,24,pinned,-1,13,1,21621338,18739041
262144,disjoint,16,24,pinned,-1,13,2,24638761,21503304
262144,disjoint,16,24,pinned,-1,13,3,19422675,17944345
262144,disjoint,16,24,pinned,-1,14,0,27239706,24565673
262144,disjoint,16,24,pinned,-1,14,1,21487354,19019060
262144,disjoint,16,24,pinned,-1,14,2,22713305,21129066
262144,disjoint,16,24,pinned,-1,14,3,20121828,18362498
262144,disjoint,16,24,pinned,-1,15,0,22863910,19592235
262144,disjoint,16,24,pinned,-1,15,1,28765594,26007923
262144,disjoint,16,24,pinned,-1,15,2,24907179,23405827
262144,disjoint,16,24,pinned,-1,15,3,17327188,16096437
262144,disjoint,16,24,pinned,0,0,0,27387685,24172138
262144,disjoint,16,24,pinned,0,0,1,27258541,24908923
262144,disjoint,16,24,pinned,0,0,2,24850251,22961706
262144,disjoint,16,24,pinned,0,0,3,24147121,22674682
262144,disjoint,16,24,pinned,0,1,0,28902705,26135094
262144,disjoint,16,24,pinned,0,1,1,28453604,25969941
262144,disjoint,16,24,pinned,0,1,2,34850576,32947372
262144,disjoint,16,24,pinned,0,1,3,12990306,11015697
262144,disjoint,16,24,pinned,0,2,0,27079713,24840263
262144,disjoint,16,24,pinned,0,2,1,27605769,25125974
262144,disjoint,16,24,pinned,0,2,2,25272751,23064781
262144,disjoint,16,24,pinned,0,2,3,22509099,20589334
262144,disjoint,16,24,pinned,0,3,0,28137315,24944720
262144,disjoint,16,24,pinned,0,3,1,27830875,25509660
262144,disjoint,16,24,pinned,0,3,2,32126388,30266907
262144,disjoint,16,24,pinned,0,3,3,16741819,15457888
262144,disjoint,16,24,pinned,0,4,0,28885001,26307441
262144,disjoint,16,24,pinned,0,4,1,28511133,26188304
262144,disjoint,16,24,pinned,0,4,2,34463583,32973542
262144,disjoint,16,24,pinned,0,4,3,13223017,10853911
262144,disjoint,16,24,pinned,0,5,0,26764466,24473437
262144,disjoint,16,24,pinned,0,5,1,29103624,26195969
262144,disjoint,16,24,pinned,0,5,2,26700043,24885559
262144,disjoint,16,24,pinned,0,5,3,20778051,19478931
262144,disjoint,16,24,pinned,0,6,0,30209468,26900854
262144,disjoint,16,24,pinned,0,6,1,29576580,27637018
262144,disjoint,16,24,pinned,0,6,2,22510992,21000252
262144,disjoint,16,24,pinned,0,6,3,20179688,18683325
262144,disjoint,16,24,pinned,0,7,0,26807808,24480261
262144,disjoint,16,24,pinned,0,7,1,27790148,25318558
262144,disjoint,16,24,pinned,0,7,2,25590223,23903689
262144,disjoint,16,24,pinned,0,7,3,22125873,20604493
262144,disjoint,16,24,pinned,0,8,0,28189634,24815145
262144,disjoint,16,24,pinned,0,8,1,28116004,25599740
262144,disjoint,16,24,pinned,0,8,2,31864351,30136100
262144,disjoint,16,24,pinned,0,8,3,15557877,14163617
262144,disjoint,16,24,pinned,0,9,0,26756360,24386143
262144,disjoint,16,24,pinned,0,9,1,29036868,26863183
262144,disjoint,16,24,pinned,0,9,2,26734920,24830935
262144,disjoint,16,24,pinned,0,9,3,21890197,19953269
262144,disjoint,16,24,pinned,0,10,0,28822813,25100004
262144,disjoint,16,24,pinned,0,10,1,30320468,27778235
262144,disjoint,16,24,pinned,0,10,2,22132776,20760608
262144,disjoint,16,24,pinned,0,10,3,21173199,19709347
262144,disjoint,16,24,pinned,0,11,0,24252680,21549492
262144,disjoint,16,24,pinned,0,11,1,29311639,26293975
262144,disjoint,16,24,pinned,0,11,2,24115289,21531889
262144,disjoint,16,24,pinned,0,11,3,20706787,19155159
262144,disjoint,16,24,pinned,0,12,0,28431522,25881955
262144,disjoint,16,24,pinned,0,12,1,27591001,25179004
262144,disjoint,16,24,pinned,0,12,2,32070462,30214918
262144,disjoint,16,24,pinned,0,12,3,16088482,14547374
262144,disjoint,16,24,pinned,0,13,0,26780716,23931392
262144,disjoint,16,24,pinned,0,13,1,27825755,25282479
262144,disjoint,16,24,pinned,0,13,2,25379373,23220415
262144,disjoint,16,24,pinned,0,13,3,23259490,21930834
262144,disjoint,16,24,pinned,0,14,0,26888039,24115810
262144,disjoint,16,24,pinned,0,14,1,29153600,26333791
262144,disjoint,16,24,pinned,0,14,2,32319804,30621789
262144,disjoint,16,24,pinned,0,14,3,16056021,13967576
262144,disjoint,16,24,pinned,0,15,0,27212374,24845502
262144,disjoint,16,24,pinned,0,15,1,27447229,24846845
262144,disjoint,16,24,pinned,0,15,2,23859726,21872403
262144,disjoint,16,24,pinned,0,15,3,19366919,17750619
262144,disjoint,16,24,unsafe_unpinned_baseline,0,0,0,23564717,23100538
262144,disjoint,16,24,unsafe_unpinned_baseline,0,0,1,23092714,21957715
262144,disjoint,16,24,unsafe_unpinned_baseline,0,0,2,18745072,18091875
262144,disjoint,16,24,unsafe_unpinned_baseline,0,0,3,18191894,17809942
262144,disjoint,16,24,unsafe_unpinned_baseline,0,1,0,22049077,21608594
262144,disjoint,16,24,unsafe_unpinned_baseline,0,1,1,23978661,23082073
262144,disjoint,16,24,unsafe_unpinned_baseline,0,1,2,17083135,16380434
262144,disjoint,16,24,unsafe_unpinned_baseline,0,1,3,19643263,18965840
262144,disjoint,16,24,unsafe_unpinned_baseline,0,2,0,21796359,21338502
262144,disjoint,16,24,unsafe_unpinned_baseline,0,2,1,23807557,22755305
262144,disjoint,16,24,unsafe_unpinned_baseline,0,2,2,17022901,16500563
262144,disjoint,16,24,unsafe_unpinned_baseline,0,2,3,20086762,18902450
262144,disjoint,16,24,unsafe_unpinned_baseline,0,3,0,22638233,22166721
262144,disjoint,16,24,unsafe_unpinned_baseline,0,3,1,21449933,20856950
262144,disjoint,16,24,unsafe_unpinned_baseline,0,3,2,21149624,20238389
262144,disjoint,16,24,unsafe_unpinned_baseline,0,3,3,18385672,18017625
262144,disjoint,16,24,unsafe_unpinned_baseline,0,4,0,22985981,22558733
262144,disjoint,16,24,unsafe_unpinned_baseline,0,4,1,21027553,20268176
262144,disjoint,16,24,unsafe_unpinned_baseline,0,4,2,21193598,20211408
262144,disjoint,16,24,unsafe_unpinned_baseline,0,4,3,18212123,17786146
262144,disjoint,16,24,unsafe_unpinned_baseline,0,5,0,23900884,23488443
262144,disjoint,16,24,unsafe_unpinned_baseline,0,5,1,22609549,21964808
262144,disjoint,16,24,unsafe_unpinned_baseline,0,5,2,27024498,26485227
262144,disjoint,16,24,unsafe_unpinned_baseline,0,5,3,11006539,10537892
262144,disjoint,16,24,unsafe_unpinned_baseline,0,6,0,22237364,21790538
262144,disjoint,16,24,unsafe_unpinned_baseline,0,6,1,21908071,20897477
262144,disjoint,16,24,unsafe_unpinned_baseline,0,6,2,18993823,18043724
262144,disjoint,16,24,unsafe_unpinned_baseline,0,6,3,19683649,18983693
262144,disjoint,16,24,unsafe_unpinned_baseline,0,7,0,22631941,22148837
262144,disjoint,16,24,unsafe_unpinned_baseline,0,7,1,22927831,22274765
262144,disjoint,16,24,unsafe_unpinned_baseline,0,7,2,19756256,18927527
262144,disjoint,16,24,unsafe_unpinned_baseline,0,7,3,19370045,18898092
262144,disjoint,16,24,unsafe_unpinned_baseline,0,8,0,23867641,23472733
262144,disjoint,16,24,unsafe_unpinned_baseline,0,8,1,21855581,21223715
262144,disjoint,16,24,unsafe_unpinned_baseline,0,8,2,27044176,26442896
262144,disjoint,16,24,unsafe_unpinned_baseline,0,8,3,11822595,11356413
262144,disjoint,16,24,unsafe_unpinned_baseline,0,9,0,22542582,22078323
262144,disjoint,16,24,unsafe_unpinned_baseline,0,9,1,21535245,20894101
262144,disjoint,16,24,unsafe_unpinned_baseline,0,9,2,21076015,20014826
262144,disjoint,16,24,unsafe_unpinned_baseline,0,9,3,18519185,18089481
262144,disjoint,16,24,unsafe_unpinned_baseline,0,10,0,23852893,23396198
262144,disjoint,16,24,unsafe_unpinned_baseline,0,10,1,23060813,22015063
262144,disjoint,16,24,unsafe_unpinned_baseline,0,10,2,24222632,23686979
262144,disjoint,16,24,unsafe_unpinned_baseline,0,10,3,13465716,12739150
262144,disjoint,16,24,unsafe_unpinned_baseline,0,11,0,19967646,19535629
262144,disjoint,16,24,unsafe_unpinned_baseline,0,11,1,25636440,23191621
262144,disjoint,16,24,unsafe_unpinned_baseline,0,11,2,17322969,16751176
262144,disjoint,16,24,unsafe_unpinned_baseline,0,11,3,20911594,20148819
262144,disjoint,16,24,unsafe_unpinned_baseline,0,12,0,21757967,19761416
262144,disjoint,16,24,unsafe_unpinned_baseline,0,12,1,22107398,20760178
262144,disjoint,16,24,unsafe_unpinned_baseline,0,12,2,20588733,19414870
262144,disjoint,16,24,unsafe_unpinned_baseline,0,12,3,19454375,18972593
262144,disjoint,16,24,unsafe_unpinned_baseline,0,13,0,23883841,23359900
262144,disjoint,16,24,unsafe_unpinned_baseline,0,13,1,21858877,21381845
262144,disjoint,16,24,unsafe_unpinned_baseline,0,13,2,18779667,18246868
262144,disjoint,16,24,unsafe_unpinned_baseline,0,13,3,19003792,18469300
262144,disjoint,16,24,unsafe_unpinned_baseline,0,14,0,22128808,21494899
262144,disjoint,16,24,unsafe_unpinned_baseline,0,14,1,23338379,22485825
262144,disjoint,16,24,unsafe_unpinned_baseline,0,14,2,28151762,27287476
262144,disjoint,16,24,unsafe_unpinned_baseline,0,14,3,10999847,10526480
262144,disjoint,16,24,unsafe_unpinned_baseline,0,15,0,23330053,22772428
262144,disjoint,16,24,unsafe_unpinned_baseline,0,15,1,23359619,22235290
262144,disjoint,16,24,unsafe_unpinned_baseline,0,15,2,26245333,25625679
262144,disjoint,16,24,unsafe_unpinned_baseline,0,15,3,11686197,11217489
262144,disjoint,16,24,unsafe_unpinned_baseline,1,0,0,23253267,22421042
262144,disjoint,16,24,unsafe_unpinned_baseline,1,0,1,23127179,22253745
262144,disjoint,16,24,unsafe_unpinned_baseline,1,0,2,22542121,21632759
262144,disjoint,16,24,unsafe_unpinned_baseline,1,0,3,22811541,21880829
262144,disjoint,16,24,unsafe_unpinned_baseline,1,1,0,25917512,25111997
262144,disjoint,16,24,unsafe_unpinned_baseline,1,1,1,30978004,30547298
262144,disjoint,16,24,unsafe_unpinned_baseline,1,1,2,13593397,13221884
262144,disjoint,16,24,unsafe_unpinned_baseline,1,1,3,21456436,20972900
262144,disjoint,16,24,unsafe_unpinned_baseline,1,2,0,25391616,24512742
262144,disjoint,16,24,unsafe_unpinned_baseline,1,2,1,23253127,22714898
262144,disjoint,16,24,unsafe_unpinned_baseline,1,2,2,19181869,18735654
262144,disjoint,16,24,unsafe_unpinned_baseline,1,2,3,22298851,21917207
262144,disjoint,16,24,unsafe_unpinned_baseline,1,3,0,23315255,22387158
262144,disjoint,16,24,unsafe_unpinned_baseline,1,3,1,23200177,22356048
262144,disjoint,16,24,unsafe_unpinned_baseline,1,3,2,22298280,21514635
262144,disjoint,16,24,unsafe_unpinned_baseline,1,3,3,22945656,22337764
262144,disjoint,16,24,unsafe_unpinned_baseline,1,4,0,24145026,23261483
262144,disjoint,16,24,unsafe_unpinned_baseline,1,4,1,22299491,21609957
262144,disjoint,16,24,unsafe_unpinned_baseline,1,4,2,22371288,21522611
262144,disjoint,16,24,unsafe_unpinned_baseline,1,4,3,22319229,21854319
262144,disjoint,16,24,unsafe_unpinned_baseline,1,5,0,24932447,24043293
262144,disjoint,16,24,unsafe_unpinned_baseline,1,5,1,23349850,22321203
262144,disjoint,16,24,unsafe_unpinned_baseline,1,5,2,20404033,19757949
262144,disjoint,16,24,unsafe_unpinned_baseline,1,5,3,23120557,22406083
262144,disjoint,16,24,unsafe_unpinned_baseline,1,6,0,23092433,21265805
262144,disjoint,16,24,unsafe_unpinned_baseline,1,6,1,23373826,22341972
262144,disjoint,16,24,unsafe_unpinned_baseline,1,6,2,20778903,19968949
262144,disjoint,16,24,unsafe_unpinned_baseline,1,6,3,21221110,20693341
262144,disjoint,16,24,unsafe_unpinned_baseline,1,7,0,23838335,22922000
262144,disjoint,16,24,unsafe_unpinned_baseline,1,7,1,25462400,24994655
262144,disjoint,16,24,unsafe_unpinned_baseline,1,7,2,21358610,20983210
262144,disjoint,16,24,unsafe_unpinned_baseline,1,7,3,20249179,19774271
262144,disjoint,16,24,unsafe_unpinned_baseline,1,8,0,25473371,24609826
262144,disjoint,16,24,unsafe_unpinned_baseline,1,8,1,24768847,24184610
262144,disjoint,16,24,unsafe_unpinned_baseline,1,8,2,18154013,17779224
262144,disjoint,16,24,unsafe_unpinned_baseline,1,8,3,22562920,22028949
262144,disjoint,16,24,unsafe_unpinned_baseline,1,9,0,24255885,23340042
262144,disjoint,16,24,unsafe_unpinned_baseline,1,9,1,22251240,21586933
262144,disjoint,16,24,unsafe_unpinned_baseline,1,9,2,22166820,21310860
262144,disjoint,16,24,unsafe_unpinned_baseline,1,9,3,22473812,21922017
262144,disjoint,16,24,unsafe_unpinned_baseline,1,10,0,25320371,24503354
262144,disjoint,16,24,unsafe_unpinned_baseline,1,10,1,24727900,24144344
262144,disjoint,16,24,unsafe_unpinned_baseline,1,10,2,18415969,17921914
262144,disjoint,16,24,unsafe_unpinned_baseline,1,10,3,22411234,21905305
262144,disjoint,16,24,unsafe_unpinned_baseline,1,11,0,25236273,24390180
262144,disjoint,16,24,unsafe_unpinned_baseline,1,11,1,23387472,22695251
262144,disjoint,16,24,unsafe_unpinned_baseline,1,11,2,20063007,19496846
262144,disjoint,16,24,unsafe_unpinned_baseline,1,11,3,23218391,22638845
262144,disjoint,16,24,unsafe_unpinned_baseline,1,12,0,26057548,25150259
262144,disjoint,16,24,unsafe_unpinned_baseline,1,12,1,30144346,29696347
262144,disjoint,16,24,unsafe_unpinned_baseline,1,12,2,14355120,13929023
262144,disjoint,16,24,unsafe_unpinned_baseline,1,12,3,21381975,20859154
262144,disjoint,16,24,unsafe_unpinned_baseline,1,13,0,25361429,24466484
262144,disjoint,16,24,unsafe_unpinned_baseline,1,13,1,25031254,24371816
262144,disjoint,16,24,unsafe_unpinned_baseline,1,13,2,20259430,19784339
262144,disjoint,16,24,unsafe_unpinned_baseline,1,13,3,21195432,20586038
262144,disjoint,16,24,unsafe_unpinned_baseline,1,14,0,26032940,24195822
262144,disjoint,16,24,unsafe_unpinned_baseline,1,14,1,30814414,30412162
262144,disjoint,16,24,unsafe_unpinned_baseline,1,14,2,13696453,13300022
262144,disjoint,16,24,unsafe_unpinned_baseline,1,14,3,20322319,19804087
262144,disjoint,16,24,unsafe_unpinned_baseline,1,15,0,25951577,25131234
262144,disjoint,16,24,unsafe_unpinned_baseline,1,15,1,24343462,23931542
262144,disjoint,16,24,unsafe_unpinned_baseline,1,15,2,18235387,17862151
262144,disjoint,16,24,unsafe_unpinned_baseline,1,15,3,22554855,22013180
262144,disjoint,16,24,pinned,1,0,0,23501147,19216955
262144,disjoint,16,24,pinned,1,0,1,22517605,18275433
262144,disjoint,16,24,pinned,1,0,2,21887813,20016890
262144,disjoint,16,24,pinned,1,0,3,19292258,17741912
262144,disjoint,16,24,pinned,1,1,0,25437172,20130976
262144,disjoint,16,24,pinned,1,1,1,20166313,17653065
262144,disjoint,16,24,pinned,1,1,2,20985363,18906717
262144,disjoint,16,24,pinned,1,1,3,20979622,19147133
262144,disjoint,16,24,pinned,1,2,0,26257295,19354044
262144,disjoint,16,24,pinned,1,2,1,19662309,17799231
262144,disjoint,16,24,pinned,1,2,2,21070756,19232916
262144,disjoint,16,24,pinned,1,2,3,20332457,18691671
262144,disjoint,16,24,pinned,1,3,0,24105511,19887305
262144,disjoint,16,24,pinned,1,3,1,20573353,17604563
262144,disjoint,16,24,pinned,1,3,2,22140060,19978627
262144,disjoint,16,24,pinned,1,3,3,20689543,18991419
262144,disjoint,16,24,pinned,1,4,0,25372179,19750615
262144,disjoint,16,24,pinned,1,4,1,20476920,17832554
262144,disjoint,16,24,pinned,1,4,2,21714484,19410742
262144,disjoint,16,24,pinned,1,4,3,19984789,18065705
262144,disjoint,16,24,pinned,1,5,0,23342496,19750185
262144,disjoint,16,24,pinned,1,5,1,19885842,15902519
262144,disjoint,16,24,pinned,1,5,2,21994614,19528325
262144,disjoint,16,24,pinned,1,5,3,19602025,17663273
262144,disjoint,16,24,pinned,1,6,0,23453928,20098144
262144,disjoint,16,24,pinned,1,6,1,20975935,17413521
262144,disjoint,16,24,pinned,1,6,2,20613399,18469911
262144,disjoint,16,24,pinned,1,6,3,21165605,19096367
262144,disjoint,16,24,pinned,1,7,0,25366048,19886683
262144,disjoint,16,24,pinned,1,7,1,20427217,18057420
262144,disjoint,16,24,pinned,1,7,2,20719069,18659720
262144,disjoint,16,24,pinned,1,7,3,19756056,17909249
262144,disjoint,16,24,pinned,1,8,0,23332377,20015687
262144,disjoint,16,24,pinned,1,8,1,21159133,17400757
262144,disjoint,16,24,pinned,1,8,2,20508912,18241308
262144,disjoint,16,24,pinned,1,8,3,21064994,19201667
262144,disjoint,16,24,pinned,1,9,0,25302037,20837994
262144,disjoint,16,24,pinned,1,9,1,20559908,17832243
262144,disjoint,16,24,pinned,1,9,2,21482525,19405422
262144,disjoint,16,24,pinned,1,9,3,18868606,17216638
262144,disjoint,16,24,pinned,1,10,0,24964348,19996952
262144,disjoint,16,24,pinned,1,10,1,21987611,19101987
262144,disjoint,16,24,pinned,1,10,2,20958082,19199863
262144,disjoint,16,24,pinned,1,10,3,19290214,17724479
262144,disjoint,16,24,pinned,1,11,0,23240954,19768901
262144,disjoint,16,24,pinned,1,11,1,21910555,18127573
262144,disjoint,16,24,pinned,1,11,2,19809146,17858213
262144,disjoint,16,24,pinned,1,11,3,19848972,17458677
262144,disjoint,16,24,pinned,1,12,0,26156595,19891582
262144,disjoint,16,24,pinned,1,12,1,21429675,19288862
262144,disjoint,16,24,pinned,1,12,2,21662155,20053519
262144,disjoint,16,24,pinned,1,12,3,18568147,16947469
262144,disjoint,16,24,pinned,1,13,0,25053887,20617757
262144,disjoint,16,24,pinned,1,13,1,21799255,19233217
262144,disjoint,16,24,pinned,1,13,2,21603214,19901902
262144,disjoint,16,24,pinned,1,13,3,19053155,17283625
262144,disjoint,16,24,pinned,1,14,0,25449025,19854032
262144,disjoint,16,24,pinned,1,14,1,21942626,19548693
262144,disjoint,16,24,pinned,1,14,2,20946119,19159576
262144,disjoint,16,24,pinned,1,14,3,19439176,17926201
262144,disjoint,16,24,pinned,1,15,0,23488273,19813154
262144,disjoint,16,24,pinned,1,15,1,20783501,17349309
262144,disjoint,16,24,pinned,1,15,2,21131029,17569737
262144,disjoint,16,24,pinned,1,15,3,20915160,19105835
262144,disjoint,16,24,pinned,2,0,0,26224684,23822415
262144,disjoint,16,24,pinned,2,0,1,24498044,22398550
262144,disjoint,16,24,pinned,2,0,2,20895443,18707841
262144,disjoint,16,24,pinned,2,0,3,17241175,15635835
262144,disjoint,16,24,pinned,2,1,0,26212270,23565338
262144,disjoint,16,24,pinned,2,1,1,25058135,22776174
262144,disjoint,16,24,pinned,2,1,2,23293765,21755642
262144,disjoint,16,24,pinned,2,1,3,14628758,13373962
262144,disjoint,16,24,pinned,2,2,0,24989215,22592847
262144,disjoint,16,24,pinned,2,2,1,24096023,21644481
262144,disjoint,16,24,pinned,2,2,2,22215122,20604492
262144,disjoint,16,24,pinned,2,2,3,18585229,16496875
262144,disjoint,16,24,pinned,2,3,0,23061053,20014866
262144,disjoint,16,24,pinned,2,3,1,25979590,22772828
262144,disjoint,16,24,pinned,2,3,2,22538364,20884693
262144,disjoint,16,24,pinned,2,3,3,18207053,16632632
262144,disjoint,16,24,pinned,2,4,0,27423404,23355591
262144,disjoint,16,24,pinned,2,4,1,23859335,22154527
262144,disjoint,16,24,pinned,2,4,2,20343689,18631467
262144,disjoint,16,24,pinned,2,4,3,17355260,15574639
262144,disjoint,16,24,pinned,2,5,0,27352409,23431946
262144,disjoint,16,24,pinned,2,5,1,23949747,22162072
262144,disjoint,16,24,pinned,2,5,2,20257356,18498465
262144,disjoint,16,24,pinned,2,5,3,18147230,15640543
262144,disjoint,16,24,pinned,2,6,0,26670188,22937039
262144,disjoint,16,24,pinned,2,6,1,24597954,22150359
262144,disjoint,16,24,pinned,2,6,2,21883073,20046456
262144,disjoint,16,24,pinned,2,6,3,16670795,15391913
262144,disjoint,16,24,pinned,2,7,0,26308673,23576099
262144,disjoint,16,24,pinned,2,7,1,24800086,22817933
262144,disjoint,16,24,pinned,2,7,2,22316234,20802707
262144,disjoint,16,24,pinned,2,7,3,16392147,15114418
262144,disjoint,16,24,pinned,2,8,0,26144051,23759536
262144,disjoint,16,24,pinned,2,8,1,24985006,23068688
262144,disjoint,16,24,pinned,2,8,2,20060783,18606089
262144,disjoint,16,24,pinned,2,8,3,18524143,15608733
262144,disjoint,16,24,pinned,2,9,0,26288374,22826640
262144,disjoint,16,24,pinned,2,9,1,24941755,22859873
262144,disjoint,16,24,pinned,2,9,2,23858875,22317796
262144,disjoint,16,24,pinned,2,9,3,14613008,13343345
262144,disjoint,16,24,pinned,2,10,0,26263968,22590293
262144,disjoint,16,24,pinned,2,10,1,22842560,21009249
262144,disjoint,16,24,pinned,2,10,2,22468852,20988780
262144,disjoint,16,24,pinned,2,10,3,18490430,16594530
262144,disjoint,16,24,pinned,2,11,0,23001301,20164128
262144,disjoint,16,24,pinned,2,11,1,26483954,24829863
262144,disjoint,16,24,pinned,2,11,2,20199115,18959267
262144,disjoint,16,24,pinned,2,11,3,17818617,16363923
262144,disjoint,16,24,pinned,2,12,0,26140664,22588789
262144,disjoint,16,24,pinned,2,12,1,24959378,22660275
262144,disjoint,16,24,pinned,2,12,2,23858985,22368102
262144,disjoint,16,24,pinned,2,12,3,14748625,13214120
262144,disjoint,16,24,pinned,2,13,0,23470038,21208977
262144,disjoint,16,24,pinned,2,13,1,25161822,22745265
262144,disjoint,16,24,pinned,2,13,2,21827068,19819396
262144,disjoint,16,24,pinned,2,13,3,18155225,16591614
262144,disjoint,16,24,pinned,2,14,0,25002209,22403338
262144,disjoint,16,24,pinned,2,14,1,24022414,21850592
262144,disjoint,16,24,pinned,2,14,2,20692629,19185385
262144,disjoint,16,24,pinned,2,14,3,18802531,16904798
262144,disjoint,16,24,pinned,2,15,0,23205367,21221240
262144,disjoint,16,24,pinned,2,15,1,24232010,21550093
262144,disjoint,16,24,pinned,2,15,2,22254978,20953994
262144,disjoint,16,24,pinned,2,15,3,17729579,16343455
262144,disjoint,16,24,unsafe_unpinned_baseline,2,0,0,20430784,19580624
262144,disjoint,16,24,unsafe_unpinned_baseline,2,0,1,19261861,18850401
262144,disjoint,16,24,unsafe_unpinned_baseline,2,0,2,18775890,18457418
262144,disjoint,16,24,unsafe_unpinned_baseline,2,0,3,14956279,14663805
262144,disjoint,16,24,unsafe_unpinned_baseline,2,1,0,20486439,19621792
262144,disjoint,16,24,unsafe_unpinned_baseline,2,1,1,19162572,18818901
262144,disjoint,16,24,unsafe_unpinned_baseline,2,1,2,18952965,18662516
262144,disjoint,16,24,unsafe_unpinned_baseline,2,1,3,14720162,14419161
262144,disjoint,16,24,unsafe_unpinned_baseline,2,2,0,17324833,16918814
262144,disjoint,16,24,unsafe_unpinned_baseline,2,2,1,22968699,22536180
262144,disjoint,16,24,unsafe_unpinned_baseline,2,2,2,18121110,17811283
262144,disjoint,16,24,unsafe_unpinned_baseline,2,2,3,14949455,14655629
262144,disjoint,16,24,unsafe_unpinned_baseline,2,3,0,16419989,14858043
262144,disjoint,16,24,unsafe_unpinned_baseline,2,3,1,16557059,16091197
262144,disjoint,16,24,unsafe_unpinned_baseline,2,3,2,16583319,16247834
262144,disjoint,16,24,unsafe_unpinned_baseline,2,3,3,9386623,9061497
262144,disjoint,16,24,unsafe_unpinned_baseline,2,4,0,16534627,16174685
262144,disjoint,16,24,unsafe_unpinned_baseline,2,4,1,16429749,15977792
262144,disjoint,16,24,unsafe_unpinned_baseline,2,4,2,15749641,15438521
262144,disjoint,16,24,unsafe_unpinned_baseline,2,4,3,10068674,9742586
262144,disjoint,16,24,unsafe_unpinned_baseline,2,5,0,16411153,14817685
262144,disjoint,16,24,unsafe_unpinned_baseline,2,5,1,21373708,20861589
262144,disjoint,16,24,unsafe_unpinned_baseline,2,5,2,19144688,18815806
262144,disjoint,16,24,unsafe_unpinned_baseline,2,5,3,15501180,15183669
262144,disjoint,16,24,unsafe_unpinned_baseline,2,6,0,16652760,16210693
262144,disjoint,16,24,unsafe_unpinned_baseline,2,6,1,16260979,15408675
262144,disjoint,16,24,unsafe_unpinned_baseline,2,6,2,15392995,14636913
262144,disjoint,16,24,unsafe_unpinned_baseline,2,6,3,10538053,10157121
262144,disjoint,16,24,unsafe_unpinned_baseline,2,7,0,20454959,19637932
262144,disjoint,16,24,unsafe_unpinned_baseline,2,7,1,18652837,18360043
262144,disjoint,16,24,unsafe_unpinned_baseline,2,7,2,17867400,17598161
262144,disjoint,16,24,unsafe_unpinned_baseline,2,7,3,15660942,15375491
262144,disjoint,16,24,unsafe_unpinned_baseline,2,8,0,19944062,19528065
262144,disjoint,16,24,unsafe_unpinned_baseline,2,8,1,14607277,14293854
262144,disjoint,16,24,unsafe_unpinned_baseline,2,8,2,18707029,18412182
262144,disjoint,16,24,unsafe_unpinned_baseline,2,8,3,9711517,9420036
262144,disjoint,16,24,unsafe_unpinned_baseline,2,9,0,17252285,16440278
262144,disjoint,16,24,unsafe_unpinned_baseline,2,9,1,20335974,19858019
262144,disjoint,16,24,unsafe_unpinned_baseline,2,9,2,19334708,18962974
262144,disjoint,16,24,unsafe_unpinned_baseline,2,9,3,15829402,15497593
262144,disjoint,16,24,unsafe_unpinned_baseline,2,10,0,20411207,20006450
262144,disjoint,16,24,unsafe_unpinned_baseline,2,10,1,19232504,18880738
262144,disjoint,16,24,unsafe_unpinned_baseline,2,10,2,18748138,18461786
262144,disjoint,16,24,unsafe_unpinned_baseline,2,10,3,14726844,14451433
262144,disjoint,16,24,unsafe_unpinned_baseline,2,11,0,17353147,16964521
262144,disjoint,16,24,unsafe_unpinned_baseline,2,11,1,20183986,19829435
262144,disjoint,16,24,unsafe_unpinned_baseline,2,11,2,19401014,19052714
262144,disjoint,16,24,unsafe_unpinned_baseline,2,11,3,15625906,15318514
262144,disjoint,16,24,unsafe_unpinned_baseline,2,12,0,20367444,19570023
262144,disjoint,16,24,unsafe_unpinned_baseline,2,12,1,19174765,18839281
262144,disjoint,16,24,unsafe_unpinned_baseline,2,12,2,18825915,18527750
262144,disjoint,16,24,unsafe_unpinned_baseline,2,12,3,15050346,14756610
262144,disjoint,16,24,unsafe_unpinned_baseline,2,13,0,16719156,16303890
262144,disjoint,16,24,unsafe_unpinned_baseline,2,13,1,16278171,15914543
262144,disjoint,16,24,unsafe_unpinned_baseline,2,13,2,15589257,15242850
262144,disjoint,16,24,unsafe_unpinned_baseline,2,13,3,10270636,9951873
262144,disjoint,16,24,unsafe_unpinned_baseline,2,14,0,16523335,16145509
262144,disjoint,16,24,unsafe_unpinned_baseline,2,14,1,21235036,20885605
262144,disjoint,16,24,unsafe_unpinned_baseline,2,14,2,19144488,18842436
262144,disjoint,16,24,unsafe_unpinned_baseline,2,14,3,15864317,15569379
262144,disjoint,16,24,unsafe_unpinned_baseline,2,15,0,17315885,16916750
262144,disjoint,16,24,unsafe_unpinned_baseline,2,15,1,19894178,19521382
262144,disjoint,16,24,unsafe_unpinned_baseline,2,15,2,16718314,16404299
262144,disjoint,16,24,unsafe_unpinned_baseline,2,15,3,16650025,15303435
262144,disjoint,16,24,unsafe_unpinned_baseline,3,0,0,22272120,21843388
262144,disjoint,16,24,unsafe_unpinned_baseline,3,0,1,21922868,21384600
262144,disjoint,16,24,unsafe_unpinned_baseline,3,0,2,21452107,21077388
262144,disjoint,16,24,unsafe_unpinned_baseline,3,0,3,14900172,14511667
262144,disjoint,16,24,unsafe_unpinned_baseline,3,1,0,17438298,17026789
262144,disjoint,16,24,unsafe_unpinned_baseline,3,1,1,21207114,20823106
262144,disjoint,16,24,unsafe_unpinned_baseline,3,1,2,9946082,9583876
262144,disjoint,16,24,unsafe_unpinned_baseline,3,1,3,23933686,23616095
262144,disjoint,16,24,unsafe_unpinned_baseline,3,2,0,22085696,21668066
262144,disjoint,16,24,unsafe_unpinned_baseline,3,2,1,20123873,19718124
262144,disjoint,16,24,unsafe_unpinned_baseline,3,2,2,19298630,18900816
262144,disjoint,16,24,unsafe_unpinned_baseline,3,2,3,19153024,18782904
262144,disjoint,16,24,unsafe_unpinned_baseline,3,3,0,22245319,21798613
262144,disjoint,16,24,unsafe_unpinned_baseline,3,3,1,21809714,21231730
262144,disjoint,16,24,unsafe_unpinned_baseline,3,3,2,18623962,18208426
262144,disjoint,16,24,unsafe_unpinned_baseline,3,3,3,18672665,18116000
262144,disjoint,16,24,unsafe_unpinned_baseline,3,4,0,28992805,28397718
262144,disjoint,16,24,unsafe_unpinned_baseline,3,4,1,15122843,14725601
262144,disjoint,16,24,unsafe_unpinned_baseline,3,4,2,18212964,17833495
262144,disjoint,16,24,unsafe_unpinned_baseline,3,4,3,17159439,16825507
262144,disjoint,16,24,unsafe_unpinned_baseline,3,5,0,22239007,21817809
262144,disjoint,16,24,unsafe_unpinned_baseline,3,5,1,21910565,21377275
262144,disjoint,16,24,unsafe_unpinned_baseline,3,5,2,26248188,25882196
262144,disjoint,16,24,unsafe_unpinned_baseline,3,5,3,10891562,10565064
262144,disjoint,16,24,unsafe_unpinned_baseline,3,6,0,22161992,21550564
262144,disjoint,16,24,unsafe_unpinned_baseline,3,6,1,21193718,20837694
262144,disjoint,16,24,unsafe_unpinned_baseline,3,6,2,26134633,25746949
262144,disjoint,16,24,unsafe_unpinned_baseline,3,6,3,11783460,11183094
262144,disjoint,16,24,unsafe_unpinned_baseline,3,7,0,22229369,21650964
262144,disjoint,16,24,unsafe_unpinned_baseline,3,7,1,19981012,19617163
262144,disjoint,16,24,unsafe_unpinned_baseline,3,7,2,19210663,18823249
262144,disjoint,16,24,unsafe_unpinned_baseline,3,7,3,18002346,17325503
262144,disjoint,16,24,unsafe_unpinned_baseline,3,8,0,17474055,17100799
262144,disjoint,16,24,unsafe_unpinned_baseline,3,8,1,24819473,24265113
262144,disjoint,16,24,unsafe_unpinned_baseline,3,8,2,19196647,18760842
262144,disjoint,16,24,unsafe_unpinned_baseline,3,8,3,19093121,18753908
262144,disjoint,16,24,unsafe_unpinned_baseline,3,9,0,27839711,27273961
262144,disjoint,16,24,unsafe_unpinned_baseline,3,9,1,15455694,15125428
262144,disjoint,16,24,unsafe_unpinned_baseline,3,9,2,28892214,28543444
262144,disjoint,16,24,unsafe_unpinned_baseline,3,9,3,9109358,8780104
262144,disjoint,16,24,unsafe_unpinned_baseline,3,10,0,29295918,28730308
262144,disjoint,16,24,unsafe_unpinned_baseline,3,10,1,14657653,14252406
262144,disjoint,16,24,unsafe_unpinned_baseline,3,10,2,18735313,18376905
262144,disjoint,16,24,unsafe_unpinned_baseline,3,10,3,18653929,18306611
262144,disjoint,16,24,unsafe_unpinned_baseline,3,11,0,22195324,21778064
262144,disjoint,16,24,unsafe_unpinned_baseline,3,11,1,19993676,19622182
262144,disjoint,16,24,unsafe_unpinned_baseline,3,11,2,19244687,18858647
262144,disjoint,16,24,unsafe_unpinned_baseline,3,11,3,19174685,18782943
262144,disjoint,16,24,unsafe_unpinned_baseline,3,12,0,29200348,28670515
262144,disjoint,16,24,unsafe_unpinned_baseline,3,12,1,14761970,14416005
262144,disjoint,16,24,unsafe_unpinned_baseline,3,12,2,19761156,19398749
262144,disjoint,16,24,unsafe_unpinned_baseline,3,12,3,16625098,16298369
262144,disjoint,16,24,unsafe_unpinned_baseline,3,13,0,22095185,21710998
262144,disjoint,16,24,unsafe_unpinned_baseline,3,13,1,20100498,19738393
262144,disjoint,16,24,unsafe_unpinned_baseline,3,13,2,23180971,22633764
262144,disjoint,16,24,unsafe_unpinned_baseline,3,13,3,15081786,14562081
262144,disjoint,16,24,unsafe_unpinned_baseline,3,14,0,22189603,21789156
262144,disjoint,16,24,unsafe_unpinned_baseline,3,14,1,20011279,19534847
262144,disjoint,16,24,unsafe_unpinned_baseline,3,14,2,19221444,18863446
262144,disjoint,16,24,unsafe_unpinned_baseline,3,14,3,19229509,18849359
262144,disjoint,16,24,unsafe_unpinned_baseline,3,15,0,29378265,28811342
262144,disjoint,16,24,unsafe_unpinned_baseline,3,15,1,14600855,14235634
262144,disjoint,16,24,unsafe_unpinned_baseline,3,15,2,20335643,20009055
262144,disjoint,16,24,unsafe_unpinned_baseline,3,15,3,16080667,15797681
262144,disjoint,16,24,pinned,3,0,0,25200193,22411574
262144,disjoint,16,24,pinned,3,0,1,23951720,21853327
262144,disjoint,16,24,pinned,3,0,2,24846834,22966043
262144,disjoint,16,24,pinned,3,0,3,20990343,18812901
262144,disjoint,16,24,pinned,3,1,0,23098565,20123241
262144,disjoint,16,24,pinned,3,1,1,24434705,22174716
262144,disjoint,16,24,pinned,3,1,2,26696708,24542378
262144,disjoint,16,24,pinned,3,1,3,20736963,18696651
262144,disjoint,16,24,pinned,3,2,0,25198160,22688739
262144,disjoint,16,24,pinned,3,2,1,23676950,21549542
262144,disjoint,16,24,pinned,3,2,2,26578323,24781391
262144,disjoint,16,24,pinned,3,2,3,21646115,19961405
262144,disjoint,16,24,pinned,3,3,0,25826349,22375736
262144,disjoint,16,24,pinned,3,3,1,33079212,31533375
262144,disjoint,16,24,pinned,3,3,2,16611321,15105301
262144,disjoint,16,24,pinned,3,3,3,21545494,19893727
262144,disjoint,16,24,pinned,3,4,0,25462010,22209972
262144,disjoint,16,24,pinned,3,4,1,23633227,21846915
262144,disjoint,16,24,pinned,3,4,2,23576360,22219921
262144,disjoint,16,24,pinned,3,4,3,22277801,20094146
262144,disjoint,16,24,pinned,3,5,0,21923990,18498545
262144,disjoint,16,24,pinned,3,5,1,22937449,20472413
262144,disjoint,16,24,pinned,3,5,2,29867752,27800567
262144,disjoint,16,24,pinned,3,5,3,22918664,21336158
262144,disjoint,16,24,pinned,3,6,0,23323561,21287446
262144,disjoint,16,24,pinned,3,6,1,25726400,23139051
262144,disjoint,16,24,pinned,3,6,2,24730364,22541670
262144,disjoint,16,24,pinned,3,6,3,21068992,19339838
262144,disjoint,16,24,pinned,3,7,0,22896432,18669729
262144,disjoint,16,24,pinned,3,7,1,26302651,23713218
262144,disjoint,16,24,pinned,3,7,2,26327278,24504477
262144,disjoint,16,24,pinned,3,7,3,21444734,19698867
262144,disjoint,16,24,pinned,3,8,0,21897500,18602051
262144,disjoint,16,24,pinned,3,8,1,22719877,20351413
262144,disjoint,16,24,pinned,3,8,2,30119658,28015685
262144,disjoint,16,24,pinned,3,8,3,22189984,20626254
262144,disjoint,16,24,pinned,3,9,0,25092881,22389863
262144,disjoint,16,24,pinned,3,9,1,24028115,21618863
262144,disjoint,16,24,pinned,3,9,2,35084359,33262309
262144,disjoint,16,24,pinned,3,9,3,13486546,11568213
262144,disjoint,16,24,pinned,3,10,0,21875028,18504356
262144,disjoint,16,24,pinned,3,10,1,24481333,22555557
262144,disjoint,16,24,pinned,3,10,2,27612481,25982575
262144,disjoint,16,24,pinned,3,10,3,20895132,19251741
262144,disjoint,16,24,pinned,3,11,0,22988626,20935769
262144,disjoint,16,24,pinned,3,11,1,26331906,23373145
262144,disjoint,16,24,pinned,3,11,2,26064280,24193247
262144,disjoint,16,24,pinned,3,11,3,22178051,20642394
262144,disjoint,16,24,pinned,3,12,0,24990998,22020463
262144,disjoint,16,24,pinned,3,12,1,22453163,20851199
262144,disjoint,16,24,pinned,3,12,2,26636924,24783224
262144,disjoint,16,24,pinned,3,12,3,21035438,18870770
262144,disjoint,16,24,pinned,3,13,0,25139369,22698137
262144,disjoint,16,24,pinned,3,13,1,24160284,21687603
262144,disjoint,16,24,pinned,3,13,2,34801623,32806636
262144,disjoint,16,24,pinned,3,13,3,13192589,11672210
262144,disjoint,16,24,pinned,3,14,0,21522290,17825401
262144,disjoint,16,24,pinned,3,14,1,22907863,20277313
262144,disjoint,16,24,pinned,3,14,2,27887011,26114535
262144,disjoint,16,24,pinned,3,14,3,20075200,18457357
262144,disjoint,16,24,pinned,3,15,0,22627413,20398682
262144,disjoint,16,24,pinned,3,15,1,22054958,20147247
262144,disjoint,16,24,pinned,3,15,2,30374611,27947165
262144,disjoint,16,24,pinned,3,15,3,22103841,20425704
262144,disjoint,16,24,pinned,4,0,0,22560296,19806582
262144,disjoint,16,24,pinned,4,0,1,18968245,17299635
262144,disjoint,16,24,pinned,4,0,2,21546396,19651818
262144,disjoint,16,24,pinned,4,0,3,21344794,19748231
262144,disjoint,16,24,pinned,4,1,0,21996568,19879409
262144,disjoint,16,24,pinned,4,1,1,19658281,17553015
262144,disjoint,16,24,pinned,4,1,2,19991973,17484555
262144,disjoint,16,24,pinned,4,1,3,20971938,18656574
262144,disjoint,16,24,pinned,4,2,0,23577291,21398545
262144,disjoint,16,24,pinned,4,2,1,17929467,16128738
262144,disjoint,16,24,pinned,4,2,2,19378440,17524351
262144,disjoint,16,24,pinned,4,2,3,20962570,18432891
262144,disjoint,16,24,pinned,4,3,0,24552477,22487328
262144,disjoint,16,24,pinned,4,3,1,18756062,17302280
262144,disjoint,16,24,pinned,4,3,2,20830801,19089013
262144,disjoint,16,24,pinned,4,3,3,20934958,19307196
262144,disjoint,16,24,pinned,4,4,0,23771519,21634011
262144,disjoint,16,24,pinned,4,4,1,19551358,17892287
262144,disjoint,16,24,pinned,4,4,2,20828787,19141753
262144,disjoint,16,24,pinned,4,4,3,20594503,19197718
262144,disjoint,16,24,pinned,4,5,0,22503578,20250762
262144,disjoint,16,24,pinned,4,5,1,18095171,15880538
262144,disjoint,16,24,pinned,4,5,2,20812867,18602312
262144,disjoint,16,24,pinned,4,5,3,20713209,18448460
262144,disjoint,16,24,pinned,4,6,0,24371696,22396425
262144,disjoint,16,24,pinned,4,6,1,18180362,16667168
262144,disjoint,16,24,pinned,4,6,2,20963653,18948467
262144,disjoint,16,24,pinned,4,6,3,21457367,19571517
262144,disjoint,16,24,pinned,4,7,0,21960459,19845485
262144,disjoint,16,24,pinned,4,7,1,18653238,16015033
262144,disjoint,16,24,pinned,4,7,2,20240894,18490029
262144,disjoint,16,24,pinned,4,7,3,18975859,16398629
262144,disjoint,16,24,pinned,4,8,0,23778281,21305069
262144,disjoint,16,24,pinned,4,8,1,19499610,17857501
262144,disjoint,16,24,pinned,4,8,2,21306812,19599670
262144,disjoint,16,24,pinned,4,8,3,19907743,18600598
262144,disjoint,16,24,pinned,4,9,0,24571434,21701159
262144,disjoint,16,24,pinned,4,9,1,17965155,16513978
262144,disjoint,16,24,pinned,4,9,2,19991782,18134436
262144,disjoint,16,24,pinned,4,9,3,20527928,18653549
262144,disjoint,16,24,pinned,4,10,0,25103962,22231503
262144,disjoint,16,24,pinned,4,10,1,20320555,18819923
262144,disjoint,16,24,pinned,4,10,2,17005338,15067669
262144,disjoint,16,24,pinned,4,10,3,20612718,18741435
262144,disjoint,16,24,pinned,4,11,0,24443291,21546386
262144,disjoint,16,24,pinned,4,11,1,18010652,16587247
262144,disjoint,16,24,pinned,4,11,2,20035575,18328523
262144,disjoint,16,24,pinned,4,11,3,21863656,19939102
262144,disjoint,16,24,pinned,4,12,0,22663441,20404193
262144,disjoint,16,24,pinned,4,12,1,17940088,15646896
262144,disjoint,16,24,pinned,4,12,2,20346373,18559471
262144,disjoint,16,24,pinned,4,12,3,20304474,17794813
262144,disjoint,16,24,pinned,4,13,0,24456405,21798764
262144,disjoint,16,24,pinned,4,13,1,19637061,18136329
262144,disjoint,16,24,pinned,4,13,2,18379860,16268602
262144,disjoint,16,24,pinned,4,13,3,21613292,19694189
262144,disjoint,16,24,pinned,4,14,0,25032226,22186087
262144,disjoint,16,24,pinned,4,14,1,21255886,19615299
262144,disjoint,16,24,pinned,4,14,2,18273179,16699730
262144,disjoint,16,24,pinned,4,14,3,20503080,18991849
262144,disjoint,16,24,pinned,4,15,0,23442536,21324425
262144,disjoint,16,24,pinned,4,15,1,19047495,17195818
262144,disjoint,16,24,pinned,4,15,2,19969511,17997306
262144,disjoint,16,24,pinned,4,15,3,21986329,20056064
262144,disjoint,16,24,unsafe_unpinned_baseline,4,0,0,24068872,23657243
262144,disjoint,16,24,unsafe_unpinned_baseline,4,0,1,17733256,17310065
262144,disjoint,16,24,unsafe_unpinned_baseline,4,0,2,33178590,32718008
262144,disjoint,16,24,unsafe_unpinned_baseline,4,0,3,9641736,9063892
262144,disjoint,16,24,unsafe_unpinned_baseline,4,1,0,18320939,17861559
262144,disjoint,16,24,unsafe_unpinned_baseline,4,1,1,22246030,21815976
262144,disjoint,16,24,unsafe_unpinned_baseline,4,1,2,25772939,25379003
262144,disjoint,16,24,unsafe_unpinned_baseline,4,1,3,17132850,16805680
262144,disjoint,16,24,unsafe_unpinned_baseline,4,2,0,18340055,17872260
262144,disjoint,16,24,unsafe_unpinned_baseline,4,2,1,23630693,22933912
262144,disjoint,16,24,unsafe_unpinned_baseline,4,2,2,22618095,22247403
262144,disjoint,16,24,unsafe_unpinned_baseline,4,2,3,18696570,18384930
262144,disjoint,16,24,unsafe_unpinned_baseline,4,3,0,24013357,23586478
262144,disjoint,16,24,unsafe_unpinned_baseline,4,3,1,17729829,17273846
262144,disjoint,16,24,unsafe_unpinned_baseline,4,3,2,23964735,23571611
262144,disjoint,16,24,unsafe_unpinned_baseline,4,3,3,17623257,17271291
262144,disjoint,16,24,unsafe_unpinned_baseline,4,4,0,18486682,18058201
262144,disjoint,16,24,unsafe_unpinned_baseline,4,4,1,23566511,22871946
262144,disjoint,16,24,unsafe_unpinned_baseline,4,4,2,30357959,30008878
262144,disjoint,16,24,unsafe_unpinned_baseline,4,4,3,12623692,12188868
262144,disjoint,16,24,unsafe_unpinned_baseline,4,5,0,19231312,18869477
262144,disjoint,16,24,unsafe_unpinned_baseline,4,5,1,21435827,21092666
262144,disjoint,16,24,unsafe_unpinned_baseline,4,5,2,22333095,21921436
262144,disjoint,16,24,unsafe_unpinned_baseline,4,5,3,18385852,18043654
262144,disjoint,16,24,unsafe_unpinned_baseline,4,6,0,19499710,19078804
262144,disjoint,16,24,unsafe_unpinned_baseline,4,6,1,22571367,22209832
262144,disjoint,16,24,unsafe_unpinned_baseline,4,6,2,32862412,32433830
262144,disjoint,16,24,unsafe_unpinned_baseline,4,6,3,9549562,9145556
262144,disjoint,16,24,unsafe_unpinned_baseline,4,7,0,23932003,23494464
262144,disjoint,16,24,unsafe_unpinned_baseline,4,7,1,18040528,17521996
262144,disjoint,16,24,unsafe_unpinned_baseline,4,7,2,22692907,22282821
262144,disjoint,16,24,unsafe_unpinned_baseline,4,7,3,18511930,18220819
262144,disjoint,16,24,unsafe_unpinned_baseline,4,8,0,23980184,23564867
262144,disjoint,16,24,unsafe_unpinned_baseline,4,8,1,18198556,17681568
262144,disjoint,16,24,unsafe_unpinned_baseline,4,8,2,25695131,25307497
262144,disjoint,16,24,unsafe_unpinned_baseline,4,8,3,16215823,15711508
262144,disjoint,16,24,unsafe_unpinned_baseline,4,9,0,19439978,19078393
262144,disjoint,16,24,unsafe_unpinned_baseline,4,9,1,21078049,20754697
262144,disjoint,16,24,unsafe_unpinned_baseline,4,9,2,22400913,22013881
262144,disjoint,16,24,unsafe_unpinned_baseline,4,9,3,18360814,18033494
262144,disjoint,16,24,unsafe_unpinned_baseline,4,10,0,24033655,23118011
262144,disjoint,16,24,unsafe_unpinned_baseline,4,10,1,17714150,17329411
262144,disjoint,16,24,unsafe_unpinned_baseline,4,10,2,24449372,24070274
262144,disjoint,16,24,unsafe_unpinned_baseline,4,10,3,17230775,16875542
262144,disjoint,16,24,unsafe_unpinned_baseline,4,11,0,18400579,18058592
262144,disjoint,16,24,unsafe_unpinned_baseline,4,11,1,22338586,21943688
262144,disjoint,16,24,unsafe_unpinned_baseline,4,11,2,25568261,25228818
262144,disjoint,16,24,unsafe_unpinned_baseline,4,11,3,18405219,17998187
262144,disjoint,16,24,unsafe_unpinned_baseline,4,12,0,22622533,21697762
262144,disjoint,16,24,unsafe_unpinned_baseline,4,12,1,19037185,18650663
262144,disjoint,16,24,unsafe_unpinned_baseline,4,12,2,24602352,24128846
262144,disjoint,16,24,unsafe_unpinned_baseline,4,12,3,17083225,16748121
262144,disjoint,16,24,unsafe_unpinned_baseline,4,13,0,21956752,21023565
262144,disjoint,16,24,unsafe_unpinned_baseline,4,13,1,19745005,19230982
262144,disjoint,16,24,unsafe_unpinned_baseline,4,13,2,24538100,24113256
262144,disjoint,16,24,unsafe_unpinned_baseline,4,13,3,18459712,18013356
262144,disjoint,16,24,unsafe_unpinned_baseline,4,14,0,18251447,17877159
262144,disjoint,16,24,unsafe_unpinned_baseline,4,14,1,24476754,23751871
262144,disjoint,16,24,unsafe_unpinned_baseline,4,14,2,32195048,31857849
262144,disjoint,16,24,unsafe_unpinned_baseline,4,14,3,9682613,9234374
262144,disjoint,16,24,unsafe_unpinned_baseline,4,15,0,32000339,31052866
262144,disjoint,16,24,unsafe_unpinned_baseline,4,15,1,10734435,10029971
262144,disjoint,16,24,unsafe_unpinned_baseline,4,15,2,35754197,35384006
262144,disjoint,16,24,unsafe_unpinned_baseline,4,15,3,6514054,5992947
262144,disjoint,16,24,unsafe_unpinned_baseline,5,0,0,24556385,21806608
262144,disjoint,16,24,unsafe_unpinned_baseline,5,0,1,24065435,23739648
262144,disjoint,16,24,unsafe_unpinned_baseline,5,0,2,18237992,17908679
262144,disjoint,16,24,unsafe_unpinned_baseline,5,0,3,18120259,17805322
262144,disjoint,16,24,unsafe_unpinned_baseline,5,1,0,21930193,18252910
262144,disjoint,16,24,unsafe_unpinned_baseline,5,1,1,21465512,20817416
262144,disjoint,16,24,unsafe_unpinned_baseline,5,1,2,23517788,22711091
262144,disjoint,16,24,unsafe_unpinned_baseline,5,1,3,18465382,18046018
262144,disjoint,16,24,unsafe_unpinned_baseline,5,2,0,23680536,21142251
262144,disjoint,16,24,unsafe_unpinned_baseline,5,2,1,23292893,22986142
262144,disjoint,16,24,unsafe_unpinned_baseline,5,2,2,19870803,19262621
262144,disjoint,16,24,unsafe_unpinned_baseline,5,2,3,17393613,16986171
262144,disjoint,16,24,unsafe_unpinned_baseline,5,3,0,23855638,21332491
262144,disjoint,16,24,unsafe_unpinned_baseline,5,3,1,23104196,22834324
262144,disjoint,16,24,unsafe_unpinned_baseline,5,3,2,18648008,18254843
262144,disjoint,16,24,unsafe_unpinned_baseline,5,3,3,17222399,16776825
262144,disjoint,16,24,unsafe_unpinned_baseline,5,4,0,22158144,19590162
262144,disjoint,16,24,unsafe_unpinned_baseline,5,4,1,20022480,19603136
262144,disjoint,16,24,unsafe_unpinned_baseline,5,4,2,18048422,17376080
262144,disjoint,16,24,unsafe_unpinned_baseline,5,4,3,16207397,15534413
262144,disjoint,16,24,unsafe_unpinned_baseline,5,5,0,24494889,21771041
262144,disjoint,16,24,unsafe_unpinned_baseline,5,5,1,22112227,21729182
262144,disjoint,16,24,unsafe_unpinned_baseline,5,5,2,29902427,29401709
262144,disjoint,16,24,unsafe_unpinned_baseline,5,5,3,8853554,8148157
262144,disjoint,16,24,unsafe_unpinned_baseline,5,6,0,20229512,17727325
262144,disjoint,16,24,unsafe_unpinned_baseline,5,6,1,16962096,16607625
262144,disjoint,16,24,unsafe_unpinned_baseline,5,6,2,10389081,9916786
262144,disjoint,16,24,unsafe_unpinned_baseline,5,6,3,28911971,28588719
262144,disjoint,16,24,unsafe_unpinned_baseline,5,7,0,24478879,21770129
262144,disjoint,16,24,unsafe_unpinned_baseline,5,7,1,24094190,23727406
262144,disjoint,16,24,unsafe_unpinned_baseline,5,7,2,18224547,17881957
262144,disjoint,16,24,unsafe_unpinned_baseline,5,7,3,18085173,17736913
262144,disjoint,16,24,unsafe_unpinned_baseline,5,8,0,23585477,21074222
262144,disjoint,16,24,unsafe_unpinned_baseline,5,8,1,24949700,24577806
262144,disjoint,16,24,unsafe_unpinned_baseline,5,8,2,17323160,16990530
262144,disjoint,16,24,unsafe_unpinned_baseline,5,8,3,17163057,16757889
262144,disjoint,16,24,unsafe_unpinned_baseline,5,9,0,23719520,21009930
262144,disjoint,16,24,unsafe_unpinned_baseline,5,9,1,23276552,22868830
262144,disjoint,16,24,unsafe_unpinned_baseline,5,9,2,22326743,21909122
262144,disjoint,16,24,unsafe_unpinned_baseline,5,9,3,15458359,14820421
262144,disjoint,16,24,unsafe_unpinned_baseline,5,10,0,22765534,20272284
262144,disjoint,16,24,unsafe_unpinned_baseline,5,10,1,21813952,21507091
262144,disjoint,16,24,unsafe_unpinned_baseline,5,10,2,22411674,22082390
262144,disjoint,16,24,unsafe_unpinned_baseline,5,10,3,17172304,16575153
262144,disjoint,16,24,unsafe_unpinned_baseline,5,11,0,21867554,18135888
262144,disjoint,16,24,unsafe_unpinned_baseline,5,11,1,21347549,20736412
262144,disjoint,16,24,unsafe_unpinned_baseline,5,11,2,20104476,19627744
262144,disjoint,16,24,unsafe_unpinned_baseline,5,11,3,17348718,16754523
262144,disjoint,16,24,unsafe_unpinned_baseline,5,12,0,23740841,21249544
262144,disjoint,16,24,unsafe_unpinned_baseline,5,12,1,23102522,22715248
262144,disjoint,16,24,unsafe_unpinned_baseline,5,12,2,19977876,19275305
262144,disjoint,16,24,unsafe_unpinned_baseline,5,12,3,18105641,17730110
262144,disjoint,16,24,unsafe_unpinned_baseline,5,13,0,22096828,19579041
262144,disjoint,16,24,unsafe_unpinned_baseline,5,13,1,21107204,20699191
262144,disjoint,16,24,unsafe_unpinned_baseline,5,13,2,16905119,16510351
262144,disjoint,16,24,unsafe_unpinned_baseline,5,13,3,16249056,15779016
262144,disjoint,16,24,unsafe_unpinned_baseline,5,14,0,24475592,21809995
262144,disjoint,16,24,unsafe_unpinned_baseline,5,14,1,22370376,22037565
262144,disjoint,16,24,unsafe_unpinned_baseline,5,14,2,22300433,21940492
262144,disjoint,16,24,unsafe_unpinned_baseline,5,14,3,14430653,14101860
262144,disjoint,16,24,unsafe_unpinned_baseline,5,15,0,23714351,21228884
262144,disjoint,16,24,unsafe_unpinned_baseline,5,15,1,23321376,23026108
262144,disjoint,16,24,unsafe_unpinned_baseline,5,15,2,22814798,22313057
262144,disjoint,16,24,unsafe_unpinned_baseline,5,15,3,14972639,14464457
262144,disjoint,16,24,pinned,5,0,0,24632759,20088956
262144,disjoint,16,24,pinned,5,0,1,22136413,19381587
262144,disjoint,16,24,pinned,5,0,2,24429695,22878247
262144,disjoint,16,24,pinned,5,0,3,18340256,16879871
262144,disjoint,16,24,pinned,5,1,0,23083065,19921820
262144,disjoint,16,24,pinned,5,1,1,22430390,19898205
262144,disjoint,16,24,pinned,5,1,2,24500840,22547101
262144,disjoint,16,24,pinned,5,1,3,18499527,17022721
262144,disjoint,16,24,pinned,5,2,0,24867814,20194546
262144,disjoint,16,24,pinned,5,2,1,21898753,19508527
262144,disjoint,16,24,pinned,5,2,2,25532353,23733717
262144,disjoint,16,24,pinned,5,2,3,17218111,16058686
262144,disjoint,16,24,pinned,5,3,0,23051346,19908905
262144,disjoint,16,24,pinned,5,3,1,22497997,19165758
262144,disjoint,16,24,pinned,5,3,2,24092817,22449396
262144,disjoint,16,24,pinned,5,3,3,18887482,17725411
262144,disjoint,16,24,pinned,5,4,0,20564527,17299975
262144,disjoint,16,24,pinned,5,4,1,23637605,21316500
262144,disjoint,16,24,pinned,5,4,2,23970205,22306615
262144,disjoint,16,24,pinned,5,4,3,18628992,17389264
262144,disjoint,16,24,pinned,5,5,0,25026926,21946684
262144,disjoint,16,24,pinned,5,5,1,21539473,19425420
262144,disjoint,16,24,pinned,5,5,2,24873656,22929745
262144,disjoint,16,24,pinned,5,5,3,18824703,17578373
262144,disjoint,16,24,pinned,5,6,0,24962885,21452828
262144,disjoint,16,24,pinned,5,6,1,21522731,19406594
262144,disjoint,16,24,pinned,5,6,2,22759523,21043534
262144,disjoint,16,24,pinned,5,6,3,18964066,17602007
262144,disjoint,16,24,pinned,5,7,0,26285960,22008871
262144,disjoint,16,24,pinned,5,7,1,21471334,19368382
262144,disjoint,16,24,pinned,5,7,2,25897765,24200531
262144,disjoint,16,24,pinned,5,7,3,16883036,15474509
262144,disjoint,16,24,pinned,5,8,0,23179527,19956625
262144,disjoint,16,24,pinned,5,8,1,22405903,19811912
262144,disjoint,16,24,pinned,5,8,2,24376875,22485874
262144,disjoint,16,24,pinned,5,8,3,18436207,17194997
262144,disjoint,16,24,pinned,5,9,0,24721798,20238158
262144,disjoint,16,24,pinned,5,9,1,21726446,19276218
262144,disjoint,16,24,pinned,5,9,2,24730064,23013504
262144,disjoint,16,24,pinned,5,9,3,18424435,17170811
262144,disjoint,16,24,pinned,5,10,0,24830554,21841414
262144,disjoint,16,24,pinned,5,10,1,21698654,19443244
262144,disjoint,16,24,pinned,5,10,2,24609996,22834545
262144,disjoint,16,24,pinned,5,10,3,18299057,17223171
262144,disjoint,16,24,pinned,5,11,0,20233901,17040895
262144,disjoint,16,24,pinned,5,11,1,23936601,20723999
262144,disjoint,16,24,pinned,5,11,2,25085296,22924675
262144,disjoint,16,24,pinned,5,11,3,19145651,17863232
262144,disjoint,16,24,pinned,5,12,0,24790197,21810145
262144,disjoint,16,24,pinned,5,12,1,21998131,19064948
262144,disjoint,16,24,pinned,5,12,2,24434685,22836409
262144,disjoint,16,24,pinned,5,12,3,18409356,17098444
262144,disjoint,16,24,pinned,5,13,0,24909233,21908922
262144,disjoint,16,24,pinned,5,13,1,21905385,19071199
262144,disjoint,16,24,pinned,5,13,2,26169559,24406762
262144,disjoint,16,24,pinned,5,13,3,17078236,15924751
262144,disjoint,16,24,pinned,5,14,0,23622186,18814062
262144,disjoint,16,24,pinned,5,14,1,21888133,19205003
262144,disjoint,16,24,pinned,5,14,2,24934702,23419432
262144,disjoint,16,24,pinned,5,14,3,19264756,17855889
262144,disjoint,16,24,pinned,5,15,0,23929438,20170571
262144,disjoint,16,24,pinned,5,15,1,21008017,19242223
262144,disjoint,16,24,pinned,5,15,2,24417482,22900159
262144,disjoint,16,24,pinned,5,15,3,19040331,17696737
262144,same_object,1,24,pinned,-2,0,0,3843687,2471439
262144,same_object,1,24,pinned,-2,0,1,2834547,1290564
262144,same_object,1,24,pinned,-2,0,2,2721072,1887935
262144,same_object,1,24,pinned,-2,0,3,2437565,1664251
262144,same_object,1,24,unsafe_unpinned_baseline,-2,0,0,1487687,1264344
262144,same_object,1,24,unsafe_unpinned_baseline,-2,0,1,1302657,1091136
262144,same_object,1,24,unsafe_unpinned_baseline,-2,0,2,1564472,1367359
262144,same_object,1,24,unsafe_unpinned_baseline,-2,0,3,1675041,1418787
262144,same_object,1,24,unsafe_unpinned_baseline,-1,0,0,2897797,2662491
262144,same_object,1,24,unsafe_unpinned_baseline,-1,0,1,1966323,1664592
262144,same_object,1,24,unsafe_unpinned_baseline,-1,0,2,1922119,1680632
262144,same_object,1,24,unsafe_unpinned_baseline,-1,0,3,1619567,1382297
262144,same_object,1,24,pinned,-1,0,0,2373183,1540277
262144,same_object,1,24,pinned,-1,0,1,2228699,1364102
262144,same_object,1,24,pinned,-1,0,2,2486658,1709005
262144,same_object,1,24,pinned,-1,0,3,2136966,1467739
262144,same_object,1,24,pinned,0,0,0,2245462,1276346
262144,same_object,1,24,pinned,0,0,1,2279576,1360576
262144,same_object,1,24,pinned,0,0,2,2642583,1734824
262144,same_object,1,24,pinned,0,0,3,2928525,2204574
262144,same_object,1,24,unsafe_unpinned_baseline,0,0,0,1323185,1094923
262144,same_object,1,24,unsafe_unpinned_baseline,0,0,1,1417263,1205943
262144,same_object,1,24,unsafe_unpinned_baseline,0,0,2,1626841,1355155
262144,same_object,1,24,unsafe_unpinned_baseline,0,0,3,1829394,1561136
262144,same_object,1,24,unsafe_unpinned_baseline,1,0,0,1844903,1622381
262144,same_object,1,24,unsafe_unpinned_baseline,1,0,1,1635917,1356759
262144,same_object,1,24,unsafe_unpinned_baseline,1,0,2,1655986,1355676
262144,same_object,1,24,unsafe_unpinned_baseline,1,0,3,1669742,1380685
262144,same_object,1,24,pinned,1,0,0,3060504,1968607
262144,same_object,1,24,pinned,1,0,1,2368565,1424878
262144,same_object,1,24,pinned,1,0,2,2229732,1286696
262144,same_object,1,24,pinned,1,0,3,2266591,1385363
262144,same_object,1,24,pinned,2,0,0,3358159,2319422
262144,same_object,1,24,pinned,2,0,1,2203733,1290603
262144,same_object,1,24,pinned,2,0,2,2888339,1957857
262144,same_object,1,24,pinned,2,0,3,2736261,1809286
262144,same_object,1,24,unsafe_unpinned_baseline,2,0,0,2316366,2098533
262144,same_object,1,24,unsafe_unpinned_baseline,2,0,1,1662828,1371627
262144,same_object,1,24,unsafe_unpinned_baseline,2,0,2,1398368,1161469
262144,same_object,1,24,unsafe_unpinned_baseline,2,0,3,1674059,1459794
262144,same_object,1,24,unsafe_unpinned_baseline,3,0,0,1997072,1728964
262144,same_object,1,24,unsafe_unpinned_baseline,3,0,1,1741667,1432673
262144,same_object,1,24,unsafe_unpinned_baseline,3,0,2,1681614,1401584
262144,same_object,1,24,unsafe_unpinned_baseline,3,0,3,1843641,1586103
262144,same_object,1,24,pinned,3,0,0,3492262,1854701
262144,same_object,1,24,pinned,3,0,1,3072428,2154599
262144,same_object,1,24,pinned,3,0,2,2572922,1810488
262144,same_object,1,24,pinned,3,0,3,2101488,1287197
262144,same_object,1,24,pinned,4,0,0,2380738,1630898
262144,same_object,1,24,pinned,4,0,1,2057756,1319418
262144,same_object,1,24,pinned,4,0,2,2604111,1828832
262144,same_object,1,24,pinned,4,0,3,2065200,1213017
262144,same_object,1,24,unsafe_unpinned_baseline,4,0,0,1559502,1301925
262144,same_object,1,24,unsafe_unpinned_baseline,4,0,1,2654977,2341594
262144,same_object,1,24,unsafe_unpinned_baseline,4,0,2,2284816,2010918
262144,same_object,1,24,unsafe_unpinned_baseline,4,0,3,1747940,1461597
262144,same_object,1,24,unsafe_unpinned_baseline,5,0,0,2054179,1773789
262144,same_object,1,24,unsafe_unpinned_baseline,5,0,1,1879700,1614548
262144,same_object,1,24,unsafe_unpinned_baseline,5,0,2,2106348,1833091
262144,same_object,1,24,unsafe_unpinned_baseline,5,0,3,1688867,1426942
262144,same_object,1,24,pinned,5,0,0,2728105,1672516
262144,same_object,1,24,pinned,5,0,1,3109126,2354788
262144,same_object,1,24,pinned,5,0,2,2299604,1580112
262144,same_object,1,24,pinned,5,0,3,2043900,1310912
262144,same_object,4,24,pinned,-2,0,0,5394805,4237864
262144,same_object,4,24,pinned,-2,0,1,5862570,4811770
262144,same_object,4,24,pinned,-2,0,2,5131677,4061691
262144,same_object,4,24,pinned,-2,0,3,7216353,5716554
262144,same_object,4,24,pinned,-2,1,0,6251126,4876062
262144,same_object,4,24,pinned,-2,1,1,5588441,4418887
262144,same_object,4,24,pinned,-2,1,2,5095307,4149647
262144,same_object,4,24,pinned,-2,1,3,6237650,4894036
262144,same_object,4,24,pinned,-2,2,0,6241387,4953078
262144,same_object,4,24,pinned,-2,2,1,5601486,4514828
262144,same_object,4,24,pinned,-2,2,2,5063857,3969846
262144,same_object,4,24,pinned,-2,2,3,6672454,5382231
262144,same_object,4,24,pinned,-2,3,0,6385560,5096209
262144,same_object,4,24,pinned,-2,3,1,5430542,3930923
262144,same_object,4,24,pinned,-2,3,2,4851987,3899363
262144,same_object,4,24,pinned,-2,3,3,6529052,5089075
262144,same_object,4,24,unsafe_unpinned_baseline,-2,0,0,8909620,8493702
262144,same_object,4,24,unsafe_unpinned_baseline,-2,0,1,6708512,6082917
262144,same_object,4,24,unsafe_unpinned_baseline,-2,0,2,5602558,5087002
262144,same_object,4,24,unsafe_unpinned_baseline,-2,0,3,5144931,4700850
262144,same_object,4,24,unsafe_unpinned_baseline,-2,1,0,8819719,8321335
262144,same_object,4,24,unsafe_unpinned_baseline,-2,1,1,6942044,6173779
262144,same_object,4,24,unsafe_unpinned_baseline,-2,1,2,5503460,5028311
262144,same_object,4,24,unsafe_unpinned_baseline,-2,1,3,4728013,4314850
262144,same_object,4,24,unsafe_unpinned_baseline,-2,2,0,8902145,8473694
262144,same_object,4,24,unsafe_unpinned_baseline,-2,2,1,6861672,6219566
262144,same_object,4,24,unsafe_unpinned_baseline,-2,2,2,5577139,5189987
262144,same_object,4,24,unsafe_unpinned_baseline,-2,2,3,4885501,4376256
262144,same_object,4,24,unsafe_unpinned_baseline,-2,3,0,8826231,8369046
262144,same_object,4,24,unsafe_unpinned_baseline,-2,3,1,6935101,6221259
262144,same_object,4,24,unsafe_unpinned_baseline,-2,3,2,5781577,5352334
262144,same_object,4,24,unsafe_unpinned_baseline,-2,3,3,4748050,4442662
262144,same_object,4,24,unsafe_unpinned_baseline,-1,0,0,6364019,5816694
262144,same_object,4,24,unsafe_unpinned_baseline,-1,0,1,6140737,5590255
262144,same_object,4,24,unsafe_unpinned_baseline,-1,0,2,4744904,4190244
262144,same_object,4,24,unsafe_unpinned_baseline,-1,0,3,5779794,5084026
262144,same_object,4,24,unsafe_unpinned_baseline,-1,1,0,6225788,5853744
262144,same_object,4,24,unsafe_unpinned_baseline,-1,1,1,5816092,5489093
262144,same_object,4,24,unsafe_unpinned_baseline,-1,1,2,4682716,4394130
262144,same_object,4,24,unsafe_unpinned_baseline,-1,1,3,6294197,5962059
262144,same_object,4,24,unsafe_unpinned_baseline,-1,2,0,6532548,6089329
262144,same_object,4,24,unsafe_unpinned_baseline,-1,2,1,5616685,5252945
262144,same_object,4,24,unsafe_unpinned_baseline,-1,2,2,4967024,4676253
262144,same_object,4,24,unsafe_unpinned_baseline,-1,2,3,5921392,5637784
262144,same_object,4,24,unsafe_unpinned_baseline,-1,3,0,6546495,6031711
262144,same_object,4,24,unsafe_unpinned_baseline,-1,3,1,5832283,5425332
262144,same_object,4,24,unsafe_unpinned_baseline,-1,3,2,4533744,4285194
262144,same_object,4,24,unsafe_unpinned_baseline,-1,3,3,6404426,5987988
262144,same_object,4,24,pinned,-1,0,0,7950944,5751319
262144,same_object,4,24,pinned,-1,0,1,7958569,5731563
262144,same_object,4,24,pinned,-1,0,2,9078980,7531991
262144,same_object,4,24,pinned,-1,0,3,7132605,5239069
262144,same_object,4,24,pinned,-1,1,0,8467994,5871507
262144,same_object,4,24,pinned,-1,1,1,7503688,5734418
262144,same_object,4,24,pinned,-1,1,2,8769133,7352862
262144,same_object,4,24,pinned,-1,1,3,7383109,5195126
262144,same_object,4,24,pinned,-1,2,0,7860934,5503721
262144,same_object,4,24,pinned,-1,2,1,8248628,6237440
262144,same_object,4,24,pinned,-1,2,2,8699632,6932876
262144,same_object,4,24,pinned,-1,2,3,7214310,4942378
262144,same_object,4,24,pinned,-1,3,0,8457503,5991705
262144,same_object,4,24,pinned,-1,3,1,7389861,5758954
262144,same_object,4,24,pinned,-1,3,2,9296632,7782917
262144,same_object,4,24,pinned,-1,3,3,6910995,5189887
262144,same_object,4,24,pinned,0,0,0,8191811,6122152
262144,same_object,4,24,pinned,0,0,1,7762037,6093107
262144,same_object,4,24,pinned,0,0,2,7468722,6134915
262144,same_object,4,24,pinned,0,0,3,5922754,4122725
262144,same_object,4,24,pinned,0,1,0,8187252,5972678
262144,same_object,4,24,pinned,0,1,1,7657429,5983529
262144,same_object,4,24,pinned,0,1,2,7667638,6239003
262144,same_object,4,24,pinned,0,1,3,5426234,4385193
262144,same_object,4,24,pinned,0,2,0,8187753,5840759
262144,same_object,4,24,pinned,0,2,1,7678318,5720752
262144,same_object,4,24,pinned,0,2,2,7146621,5692888
262144,same_object,4,24,pinned,0,2,3,6281774,4630597
262144,same_object,4,24,pinned,0,3,0,8026006,5565708
262144,same_object,4,24,pinned,0,3,1,7241711,5627766
262144,same_object,4,24,pinned,0,3,2,8707907,6535394
262144,same_object,4,24,pinned,0,3,3,5348817,4179263
262144,same_object,4,24,unsafe_unpinned_baseline,0,0,0,4105473,3740132
262144,same_object,4,24,unsafe_unpinned_baseline,0,0,1,5280127,5002522
262144,same_object,4,24,unsafe_unpinned_baseline,0,0,2,5320644,5045483
262144,same_object,4,24,unsafe_unpinned_baseline,0,0,3,5495124,5187833
262144,same_object,4,24,unsafe_unpinned_baseline,0,1,0,4171167,3760981
262144,same_object,4,24,unsafe_unpinned_baseline,0,1,1,5290607,4636859
262144,same_object,4,24,unsafe_unpinned_baseline,0,1,2,5502128,5126416
262144,same_object,4,24,unsafe_unpinned_baseline,0,1,3,5230744,4916419
262144,same_object,4,24,unsafe_unpinned_baseline,0,2,0,3902208,3568116
262144,same_object,4,24,unsafe_unpinned_baseline,0,2,1,5274868,4969048
262144,same_object,4,24,unsafe_unpinned_baseline,0,2,2,5190648,4687555
262144,same_object,4,24,unsafe_unpinned_baseline,0,2,3,4950033,4621751
262144,same_object,4,24,unsafe_unpinned_baseline,0,3,0,4175767,3833899
262144,same_object,4,24,unsafe_unpinned_baseline,0,3,1,5362423,5005106
262144,same_object,4,24,unsafe_unpinned_baseline,0,3,2,5407618,5110977
262144,same_object,4,24,unsafe_unpinned_baseline,0,3,3,4969519,4677496
262144,same_object,4,24,unsafe_unpinned_baseline,1,0,0,4144697,3684937
262144,same_object,4,24,unsafe_unpinned_baseline,1,0,1,4649594,4307877
262144,same_object,4,24,unsafe_unpinned_baseline,1,0,2,7036703,6803161
262144,same_object,4,24,unsafe_unpinned_baseline,1,0,3,2886816,2606435
262144,same_object,4,24,unsafe_unpinned_baseline,1,1,0,4141542,3824711
262144,same_object,4,24,unsafe_unpinned_baseline,1,1,1,4404339,4106976
262144,same_object,4,24,unsafe_unpinned_baseline,1,1,2,7047423,6771050
262144,same_object,4,24,unsafe_unpinned_baseline,1,1,3,2979462,2687118
262144,same_object,4,24,unsafe_unpinned_baseline,1,2,0,4271949,3948446
262144,same_object,4,24,unsafe_unpinned_baseline,1,2,1,4438474,4115633
262144,same_object,4,24,unsafe_unpinned_baseline,1,2,2,3732147,3483376
262144,same_object,4,24,unsafe_unpinned_baseline,1,2,3,3280592,2958712
262144,same_object,4,24,unsafe_unpinned_baseline,1,3,0,4328756,4015083
262144,same_object,4,24,unsafe_unpinned_baseline,1,3,1,4296335,4064476
262144,same_object,4,24,unsafe_unpinned_baseline,1,3,2,4176899,3916776
262144,same_object,4,24,unsafe_unpinned_baseline,1,3,3,3200209,2972799
262144,same_object,4,24,pinned,1,0,0,5809279,3602721
262144,same_object,4,24,pinned,1,0,1,5255320,4182439
262144,same_object,4,24,pinned,1,0,2,4292307,2890382
262144,same_object,4,24,pinned,1,0,3,7142163,6095902
262144,same_object,4,24,pinned,1,1,0,5509011,3825323
262144,same_object,4,24,pinned,1,1,1,5637484,4548673
262144,same_object,4,24,pinned,1,1,2,4069606,2394874
262144,same_object,4,24,pinned,1,1,3,6590228,5489073
262144,same_object,4,24,pinned,1,2,0,5549027,3931273
262144,same_object,4,24,pinned,1,2,1,5114304,4234257
262144,same_object,4,24,pinned,1,2,2,4339737,3275311
262144,same_object,4,24,pinned,1,2,3,7349626,6081254
262144,same_object,4,24,pinned,1,3,0,5564887,3895246
262144,same_object,4,24,pinned,1,3,1,5093023,4000644
262144,same_object,4,24,pinned,1,3,2,4359575,3255183
262144,same_object,4,24,pinned,1,3,3,7112697,6067368
262144,same_object,4,24,pinned,2,0,0,5783350,4036743
262144,same_object,4,24,pinned,2,0,1,3300038,2309382
262144,same_object,4,24,pinned,2,0,2,4075116,3189028
262144,same_object,4,24,pinned,2,0,3,6698293,5698950
262144,same_object,4,24,pinned,2,1,0,4957817,3857343
262144,same_object,4,24,pinned,2,1,1,4097919,3251647
262144,same_object,4,24,pinned,2,1,2,4226513,3404526
262144,same_object,4,24,pinned,2,1,3,7090456,6091914
262144,same_object,4,24,pinned,2,2,0,5102831,3971209
262144,same_object,4,24,pinned,2,2,1,4025902,3081364
262144,same_object,4,24,pinned,2,2,2,4147192,3205429
262144,same_object,4,24,pinned,2,2,3,6855029,5412137
262144,same_object,4,24,pinned,2,3,0,4918933,3760981
262144,same_object,4,24,pinned,2,3,1,4012497,3024496
262144,same_object,4,24,pinned,2,3,2,4196636,3257818
262144,same_object,4,24,pinned,2,3,3,6004289,4899347
262144,same_object,4,24,unsafe_unpinned_baseline,2,0,0,4506172,4165878
262144,same_object,4,24,unsafe_unpinned_baseline,2,0,1,4734835,4401945
262144,same_object,4,24,unsafe_unpinned_baseline,2,0,2,5433969,4636038
262144,same_object,4,24,unsafe_unpinned_baseline,2,0,3,5824328,5384605
262144,same_object,4,24,unsafe_unpinned_baseline,2,1,0,5284917,4959370
262144,same_object,4,24,unsafe_unpinned_baseline,2,1,1,4383300,3992069
262144,same_object,4,24,unsafe_unpinned_baseline,2,1,2,5448506,5087262
262144,same_object,4,24,unsafe_unpinned_baseline,2,1,3,5965134,5681126
262144,same_object,4,24,unsafe_unpinned_baseline,2,2,0,4949421,4613134
262144,same_object,4,24,unsafe_unpinned_baseline,2,2,1,4722000,4406153
262144,same_object,4,24,unsafe_unpinned_baseline,2,2,2,5605674,5180018
262144,same_object,4,24,unsafe_unpinned_baseline,2,2,3,5849806,5204104
262144,same_object,4,24,unsafe_unpinned_baseline,2,3,0,4992002,4665303
262144,same_object,4,24,unsafe_unpinned_baseline,2,3,1,4707894,4429607
262144,same_object,4,24,unsafe_unpinned_baseline,2,3,2,5109885,4775181
262144,same_object,4,24,unsafe_unpinned_baseline,2,3,3,5957520,5603860
262144,same_object,4,24,unsafe_unpinned_baseline,3,0,0,6668416,6098747
262144,same_object,4,24,unsafe_unpinned_baseline,3,0,1,7426742,6993391
262144,same_object,4,24,unsafe_unpinned_baseline,3,0,2,4156480,3748637
262144,same_object,4,24,unsafe_unpinned_baseline,3,0,3,5226796,4860573
262144,same_object,4,24,unsafe_unpinned_baseline,3,1,0,6626597,6081956
262144,same_object,4,24,unsafe_unpinned_baseline,3,1,1,7831167,7403838
262144,same_object,4,24,unsafe_unpinned_baseline,3,1,2,3932346,3509996
262144,same_object,4,24,unsafe_unpinned_baseline,3,1,3,5322268,5024924
262144,same_object,4,24,unsafe_unpinned_baseline,3,2,0,6295219,5846359
262144,same_object,4,24,unsafe_unpinned_baseline,3,2,1,8001220,7309640
262144,same_object,4,24,unsafe_unpinned_baseline,3,2,2,3945320,3598985
262144,same_object,4,24,unsafe_unpinned_baseline,3,2,3,4928271,4608606
262144,same_object,4,24,unsafe_unpinned_baseline,3,3,0,6384308,5933254
262144,same_object,4,24,unsafe_unpinned_baseline,3,3,1,7987003,7446449
262144,same_object,4,24,unsafe_unpinned_baseline,3,3,2,4024239,3694074
262144,same_object,4,24,unsafe_unpinned_baseline,3,3,3,5260881,4977314
262144,same_object,4,24,pinned,3,0,0,7027165,5427957
262144,same_object,4,24,pinned,3,0,1,7216834,6140166
262144,same_object,4,24,pinned,3,0,2,5224472,3941583
262144,same_object,4,24,pinned,3,0,3,5949825,4202507
262144,same_object,4,24,pinned,3,1,0,6737807,5077544
262144,same_object,4,24,pinned,3,1,1,7300162,6227000
262144,same_object,4,24,pinned,3,1,2,5383753,4050900
262144,same_object,4,24,pinned,3,1,3,6007104,4724365
262144,same_object,4,24,pinned,3,2,0,6804864,5134422
262144,same_object,4,24,pinned,3,2,1,7153404,6136799
262144,same_object,4,24,pinned,3,2,2,5293533,3898151
262144,same_object,4,24,pinned,3,2,3,6066997,4757367
262144,same_object,4,24,pinned,3,3,0,6703002,5129783
262144,same_object,4,24,pinned,3,3,1,7490462,6428141
262144,same_object,4,24,pinned,3,3,2,5037899,3845841
262144,same_object,4,24,pinned,3,3,3,6148942,4908263
262144,same_object,4,24,pinned,4,0,0,4827080,3616708
262144,same_object,4,24,pinned,4,0,1,6246757,5176140
262144,same_object,4,24,pinned,4,0,2,5270218,4120902
262144,same_object,4,24,pinned,4,0,3,4592706,3281483
262144,same_object,4,24,pinned,4,1,0,4652128,3644701
262144,same_object,4,24,pinned,4,1,1,6754649,5782137
262144,same_object,4,24,pinned,4,1,2,4855864,3850801
262144,same_object,4,24,pinned,4,1,3,4752278,3633420
262144,same_object,4,24,pinned,4,2,0,4679911,3691720
262144,same_object,4,24,pinned,4,2,1,6472725,5597077
262144,same_object,4,24,pinned,4,2,2,4955002,3918459
262144,same_object,4,24,pinned,4,2,3,4733643,3565461
262144,same_object,4,24,pinned,4,3,0,4631970,3393846
262144,same_object,4,24,pinned,4,3,1,6758155,5616224
262144,same_object,4,24,pinned,4,3,2,4002688,2815280
262144,same_object,4,24,pinned,4,3,3,5441543,4264154
262144,same_object,4,24,unsafe_unpinned_baseline,4,0,0,4689930,4405912
262144,same_object,4,24,unsafe_unpinned_baseline,4,0,1,6219626,5865316
262144,same_object,4,24,unsafe_unpinned_baseline,4,0,2,3043953,2798879
262144,same_object,4,24,unsafe_unpinned_baseline,4,0,3,3902419,3606889
262144,same_object,4,24,unsafe_unpinned_baseline,4,1,0,4301665,4007979
262144,same_object,4,24,unsafe_unpinned_baseline,4,1,1,5270079,4750385
262144,same_object,4,24,unsafe_unpinned_baseline,4,1,2,4251469,3919972
262144,same_object,4,24,unsafe_unpinned_baseline,4,1,3,4034889,3730403
262144,same_object,4,24,unsafe_unpinned_baseline,4,2,0,4494399,4221593
262144,same_object,4,24,unsafe_unpinned_baseline,4,2,1,4044679,3698362
262144,same_object,4,24,unsafe_unpinned_baseline,4,2,2,5123941,4857668
262144,same_object,4,24,unsafe_unpinned_baseline,4,2,3,3909692,3609424
262144,same_object,4,24,unsafe_unpinned_baseline,4,3,0,4345969,4092899
262144,same_object,4,24,unsafe_unpinned_baseline,4,3,1,6419083,6078970
262144,same_object,4,24,unsafe_unpinned_baseline,4,3,2,3223043,2932733
262144,same_object,4,24,unsafe_unpinned_baseline,4,3,3,3821455,3601019
262144,same_object,4,24,unsafe_unpinned_baseline,5,0,0,3984915,3667424
262144,same_object,4,24,unsafe_unpinned_baseline,5,0,1,5132488,4864120
262144,same_object,4,24,unsafe_unpinned_baseline,5,0,2,5355771,5094586
262144,same_object,4,24,unsafe_unpinned_baseline,5,0,3,5189837,4888997
262144,same_object,4,24,unsafe_unpinned_baseline,5,1,0,3814062,3487905
262144,same_object,4,24,unsafe_unpinned_baseline,5,1,1,8132548,7817412
262144,same_object,4,24,unsafe_unpinned_baseline,5,1,2,2992235,2739677
262144,same_object,4,24,unsafe_unpinned_baseline,5,1,3,4728633,4426782
262144,same_object,4,24,unsafe_unpinned_baseline,5,2,0,4239677,3946683
262144,same_object,4,24,unsafe_unpinned_baseline,5,2,1,6193747,5930799
262144,same_object,4,24,unsafe_unpinned_baseline,5,2,2,4271788,4030110
262144,same_object,4,24,unsafe_unpinned_baseline,5,2,3,5269387,4965432
262144,same_object,4,24,unsafe_unpinned_baseline,5,3,0,4146130,3861782
262144,same_object,4,24,unsafe_unpinned_baseline,5,3,1,7044027,6767633
262144,same_object,4,24,unsafe_unpinned_baseline,5,3,2,4163784,3901116
262144,same_object,4,24,unsafe_unpinned_baseline,5,3,3,4650425,4407034
262144,same_object,4,24,pinned,5,0,0,6975287,5521615
262144,same_object,4,24,pinned,5,0,1,5170580,4200443
262144,same_object,4,24,pinned,5,0,2,5419090,4467148
262144,same_object,4,24,pinned,5,0,3,5006950,3995615
262144,same_object,4,24,pinned,5,1,0,6493515,4982755
262144,same_object,4,24,pinned,5,1,1,4920826,3912168
262144,same_object,4,24,pinned,5,1,2,6019137,4955333
262144,same_object,4,24,pinned,5,1,3,5068607,4140470
262144,same_object,4,24,pinned,5,2,0,7442722,5508510
262144,same_object,4,24,pinned,5,2,1,4568129,3611719
262144,same_object,4,24,pinned,5,2,2,5770546,4861214
262144,same_object,4,24,pinned,5,2,3,4625969,3469950
262144,same_object,4,24,pinned,5,3,0,6956922,5511245
262144,same_object,4,24,pinned,5,3,1,4810348,3784696
262144,same_object,4,24,pinned,5,3,2,5854595,4759261
262144,same_object,4,24,pinned,5,3,3,4944472,3942495
262144,same_object,16,24,pinned,-2,0,0,20114955,18620926
262144,same_object,16,24,pinned,-2,0,1,26101961,23115356
262144,same_object,16,24,pinned,-2,0,2,26746010,24716909
262144,same_object,16,24,pinned,-2,0,3,21891178,19600081
262144,same_object,16,24,pinned,-2,1,0,20319704,17732344
262144,same_object,16,24,pinned,-2,1,1,23263908,21099890
262144,same_object,16,24,pinned,-2,1,2,29835361,25753692
262144,same_object,16,24,pinned,-2,1,3,22294793,20700845
262144,same_object,16,24,pinned,-2,2,0,20095168,18562375
262144,same_object,16,24,pinned,-2,2,1,23471321,21206062
262144,same_object,16,24,pinned,-2,2,2,28336993,24136711
262144,same_object,16,24,pinned,-2,2,3,23883561,21540846
262144,same_object,16,24,pinned,-2,3,0,24255525,21847616
262144,same_object,16,24,pinned,-2,3,1,22950905,21476223
262144,same_object,16,24,pinned,-2,3,2,26125355,23944537
262144,same_object,16,24,pinned,-2,3,3,21128985,19456348
262144,same_object,16,24,pinned,-2,4,0,21336138,18785138
262144,same_object,16,24,pinned,-2,4,1,25470245,23696887
262144,same_object,16,24,pinned,-2,4,2,25088162,22625439
262144,same_object,16,24,pinned,-2,4,3,24690008,22140621
262144,same_object,16,24,pinned,-2,5,0,20320455,17999139
262144,same_object,16,24,pinned,-2,5,1,25835667,22896372
262144,same_object,16,24,pinned,-2,5,2,25750636,23124554
262144,same_object,16,24,pinned,-2,5,3,22530899,20392461
262144,same_object,16,24,pinned,-2,6,0,24148583,21700247
262144,same_object,16,24,pinned,-2,6,1,23556963,21569049
262144,same_object,16,24,pinned,-2,6,2,25724897,23569386
262144,same_object,16,24,pinned,-2,6,3,23351985,21645764
262144,same_object,16,24,pinned,-2,7,0,20084648,17613720
262144,same_object,16,24,pinned,-2,7,1,26060733,23109045
262144,same_object,16,24,pinned,-2,7,2,27355925,24971682
262144,same_object,16,24,pinned,-2,7,3,23215496,21558098
262144,same_object,16,24,pinned,-2,8,0,22280486,19760734
262144,same_object,16,24,pinned,-2,8,1,23930620,20669135
262144,same_object,16,24,pinned,-2,8,2,26791527,24646155
262144,same_object,16,24,pinned,-2,8,3,21374751,19546028
262144,same_object,16,24,pinned,-2,9,0,22443815,19880101
262144,same_object,16,24,pinned,-2,9,1,23779414,20367995
262144,same_object,16,24,pinned,-2,9,2,25831910,23075441
262144,same_object,16,24,pinned,-2,9,3,23187263,21025059
262144,same_object,16,24,pinned,-2,10,0,23966067,21592513
262144,same_object,16,24,pinned,-2,10,1,23092083,21304237
262144,same_object,16,24,pinned,-2,10,2,26324412,23989000
262144,same_object,16,24,pinned,-2,10,3,22346902,20766068
262144,same_object,16,24,pinned,-2,11,0,22241663,19670414
262144,same_object,16,24,pinned,-2,11,1,23870436,20706446
262144,same_object,16,24,pinned,-2,11,2,25712173,22845686
262144,same_object,16,24,pinned,-2,11,3,22543684,19755025
262144,same_object,16,24,pinned,-2,12,0,21237210,18756904
262144,same_object,16,24,pinned,-2,12,1,25662168,23719841
262144,same_object,16,24,pinned,-2,12,2,26700445,24043354
262144,same_object,16,24,pinned,-2,12,3,23117320,21645323
262144,same_object,16,24,pinned,-2,13,0,22545607,19738282
262144,same_object,16,24,pinned,-2,13,1,24382385,22382529
262144,same_object,16,24,pinned,-2,13,2,26513140,24148573
262144,same_object,16,24,pinned,-2,13,3,23117180,21240837
262144,same_object,16,24,pinned,-2,14,0,22382208,19934484
262144,same_object,16,24,pinned,-2,14,1,24421500,22582147
262144,same_object,16,24,pinned,-2,14,2,26182664,24457849
262144,same_object,16,24,pinned,-2,14,3,23021008,21111813
262144,same_object,16,24,pinned,-2,15,0,21353370,18874997
262144,same_object,16,24,pinned,-2,15,1,25462180,23727094
262144,same_object,16,24,pinned,-2,15,2,27098969,23818287
262144,same_object,16,24,pinned,-2,15,3,22746408,21251036
262144,same_object,16,24,unsafe_unpinned_baseline,-2,0,0,24115811,23513660
262144,same_object,16,24,unsafe_unpinned_baseline,-2,0,1,14327418,13414799
262144,same_object,16,24,unsafe_unpinned_baseline,-2,0,2,25740617,25339868
262144,same_object,16,24,unsafe_unpinned_baseline,-2,0,3,10087209,9709103
262144,same_object,16,24,unsafe_unpinned_baseline,-2,1,0,17744768,17298032
262144,same_object,16,24,unsafe_unpinned_baseline,-2,1,1,18583566,18128795
262144,same_object,16,24,unsafe_unpinned_baseline,-2,1,2,20495216,19890801
262144,same_object,16,24,unsafe_unpinned_baseline,-2,1,3,16418357,16086659
262144,same_object,16,24,unsafe_unpinned_baseline,-2,2,0,21889345,21322642
262144,same_object,16,24,unsafe_unpinned_baseline,-2,2,1,16271078,15869337
262144,same_object,16,24,unsafe_unpinned_baseline,-2,2,2,22068314,21636317
262144,same_object,16,24,unsafe_unpinned_baseline,-2,2,3,14398061,13981643
262144,same_object,16,24,unsafe_unpinned_baseline,-2,3,0,18917088,18371014
262144,same_object,16,24,unsafe_unpinned_baseline,-2,3,1,17702067,17330654
262144,same_object,16,24,unsafe_unpinned_baseline,-2,3,2,16547911,15134426
262144,same_object,16,24,unsafe_unpinned_baseline,-2,3,3,11636963,11282152
262144,same_object,16,24,unsafe_unpinned_baseline,-2,4,0,19523886,19080467
262144,same_object,16,24,unsafe_unpinned_baseline,-2,4,1,18495199,18227081
262144,same_object,16,24,unsafe_unpinned_baseline,-2,4,2,17048279,16628554
262144,same_object,16,24,unsafe_unpinned_baseline,-2,4,3,14307660,13719717
262144,same_object,16,24,unsafe_unpinned_baseline,-2,5,0,19476206,19067021
262144,same_object,16,24,unsafe_unpinned_baseline,-2,5,1,18645674,18346978
262144,same_object,16,24,unsafe_unpinned_baseline,-2,5,2,18596901,18155726
262144,same_object,16,24,unsafe_unpinned_baseline,-2,5,3,16504930,16082140
262144,same_object,16,24,unsafe_unpinned_baseline,-2,6,0,24024828,23615133
262144,same_object,16,24,unsafe_unpinned_baseline,-2,6,1,14293352,13566988
262144,same_object,16,24,unsafe_unpinned_baseline,-2,6,2,21802751,21397905
262144,same_object,16,24,unsafe_unpinned_baseline,-2,6,3,13705480,13270276
262144,same_object,16,24,unsafe_unpinned_baseline,-2,7,0,19655586,19219139
262144,same_object,16,24,unsafe_unpinned_baseline,-2,7,1,18739532,18241018
262144,same_object,16,24,unsafe_unpinned_baseline,-2,7,2,21651796,21278528
262144,same_object,16,24,unsafe_unpinned_baseline,-2,7,3,13769190,13281638
262144,same_object,16,24,unsafe_unpinned_baseline,-2,8,0,19527032,19088923
262144,same_object,16,24,unsafe_unpinned_baseline,-2,8,1,18515918,18237781
262144,same_object,16,24,unsafe_unpinned_baseline,-2,8,2,18719974,18263139
262144,same_object,16,24,unsafe_unpinned_baseline,-2,8,3,16482728,16118539
262144,same_object,16,24,unsafe_unpinned_baseline,-2,9,0,18892301,18337480
262144,same_object,16,24,unsafe_unpinned_baseline,-2,9,1,19248495,18898301
262144,same_object,16,24,unsafe_unpinned_baseline,-2,9,2,18605227,18186635
262144,same_object,16,24,unsafe_unpinned_baseline,-2,9,3,12024587,11667331
262144,same_object,16,24,unsafe_unpinned_baseline,-2,10,0,24008868,23606707
262144,same_object,16,24,unsafe_unpinned_baseline,-2,10,1,14370950,13695190
262144,same_object,16,24,unsafe_unpinned_baseline,-2,10,2,21759059,21398946
262144,same_object,16,24,unsafe_unpinned_baseline,-2,10,3,12829572,12477304
262144,same_object,16,24,unsafe_unpinned_baseline,-2,11,0,19654423,19245719
262144,same_object,16,24,unsafe_unpinned_baseline,-2,11,1,18744852,18246748
262144,same_object,16,24,unsafe_unpinned_baseline,-2,11,2,21728090,21375853
262144,same_object,16,24,unsafe_unpinned_baseline,-2,11,3,13722813,13300393
262144,same_object,16,24,unsafe_unpinned_baseline,-2,12,0,18917569,18410228
262144,same_object,16,24,unsafe_unpinned_baseline,-2,12,1,17890393,17335543
262144,same_object,16,24,unsafe_unpinned_baseline,-2,12,2,16137144,14919919
262144,same_object,16,24,unsafe_unpinned_baseline,-2,12,3,11853263,11471600
262144,same_object,16,24,unsafe_unpinned_baseline,-2,13,0,23891446,23459418
262144,same_object,16,24,unsafe_unpinned_baseline,-2,13,1,14464526,13719797
262144,same_object,16,24,unsafe_unpinned_baseline,-2,13,2,21793453,21480572
262144,same_object,16,24,unsafe_unpinned_baseline,-2,13,3,12906046,12576352
262144,same_object,16,24,unsafe_unpinned_baseline,-2,14,0,17691367,17248889
262144,same_object,16,24,unsafe_unpinned_baseline,-2,14,1,20412309,19995981
262144,same_object,16,24,unsafe_unpinned_baseline,-2,14,2,25953220,25531271
262144,same_object,16,24,unsafe_unpinned_baseline,-2,14,3,10430829,10086829
262144,same_object,16,24,unsafe_unpinned_baseline,-2,15,0,24077228,23679284
262144,same_object,16,24,unsafe_unpinned_baseline,-2,15,1,14191981,13501584
262144,same_object,16,24,unsafe_unpinned_baseline,-2,15,2,24689267,24338773
262144,same_object,16,24,unsafe_unpinned_baseline,-2,15,3,10810378,10360065
262144,same_object,16,24,unsafe_unpinned_baseline,-1,0,0,24827598,24392956
262144,same_object,16,24,unsafe_unpinned_baseline,-1,0,1,18025811,17579866
262144,same_object,16,24,unsafe_unpinned_baseline,-1,0,2,20778492,20419683
262144,same_object,16,24,unsafe_unpinned_baseline,-1,0,3,13717843,13249526
262144,same_object,16,24,unsafe_unpinned_baseline,-1,1,0,15177598,14693721
262144,same_object,16,24,unsafe_unpinned_baseline,-1,1,1,16654433,16040571
262144,same_object,16,24,unsafe_unpinned_baseline,-1,1,2,16118750,15801048
262144,same_object,16,24,unsafe_unpinned_baseline,-1,1,3,14806264,14269378
262144,same_object,16,24,unsafe_unpinned_baseline,-1,2,0,24793834,23940619
262144,same_object,16,24,unsafe_unpinned_baseline,-1,2,1,18018466,17540021
262144,same_object,16,24,unsafe_unpinned_baseline,-1,2,2,19552380,19189764
262144,same_object,16,24,unsafe_unpinned_baseline,-1,2,3,13471146,13032636
262144,same_object,16,24,unsafe_unpinned_baseline,-1,3,0,16458362,15627860
262144,same_object,16,24,unsafe_unpinned_baseline,-1,3,1,20853254,20454779
262144,same_object,16,24,unsafe_unpinned_baseline,-1,3,2,17099636,16427203
262144,same_object,16,24,unsafe_unpinned_baseline,-1,3,3,13808024,13301335
262144,same_object,16,24,unsafe_unpinned_baseline,-1,4,0,15153522,14691336
262144,same_object,16,24,unsafe_unpinned_baseline,-1,4,1,16605561,15998431
262144,same_object,16,24,unsafe_unpinned_baseline,-1,4,2,18384699,15828801
262144,same_object,16,24,unsafe_unpinned_baseline,-1,4,3,14809169,14288153
262144,same_object,16,24,unsafe_unpinned_baseline,-1,5,0,15251247,14837423
262144,same_object,16,24,unsafe_unpinned_baseline,-1,5,1,11985564,11447625
262144,same_object,16,24,unsafe_unpinned_baseline,-1,5,2,17138590,16588679
262144,same_object,16,24,unsafe_unpinned_baseline,-1,5,3,18953947,18359782
262144,same_object,16,24,unsafe_unpinned_baseline,-1,6,0,16474503,16054327
262144,same_object,16,24,unsafe_unpinned_baseline,-1,6,1,21317532,20951720
262144,same_object,16,24,unsafe_unpinned_baseline,-1,6,2,24805828,24399688
262144,same_object,16,24,unsafe_unpinned_baseline,-1,6,3,13906060,13009702
262144,same_object,16,24,unsafe_unpinned_baseline,-1,7,0,20708009,19931148
262144,same_object,16,24,unsafe_unpinned_baseline,-1,7,1,14487711,14167876
262144,same_object,16,24,unsafe_unpinned_baseline,-1,7,2,18295360,16339757
262144,same_object,16,24,unsafe_unpinned_baseline,-1,7,3,14603721,14126687
262144,same_object,16,24,unsafe_unpinned_baseline,-1,8,0,25195094,24715717
262144,same_object,16,24,unsafe_unpinned_baseline,-1,8,1,25206546,24783885
262144,same_object,16,24,unsafe_unpinned_baseline,-1,8,2,14474255,14016789
262144,same_object,16,24,unsafe_unpinned_baseline,-1,8,3,11540311,11158427
262144,same_object,16,24,unsafe_unpinned_baseline,-1,9,0,24804795,24374631
262144,same_object,16,24,unsafe_unpinned_baseline,-1,9,1,25637712,25034149
262144,same_object,16,24,unsafe_unpinned_baseline,-1,9,2,14444850,13782175
262144,same_object,16,24,unsafe_unpinned_baseline,-1,9,3,11453716,10920878
262144,same_object,16,24,unsafe_unpinned_baseline,-1,10,0,24976290,24551515
262144,same_object,16,24,unsafe_unpinned_baseline,-1,10,1,20749417,20371200
262144,same_object,16,24,unsafe_unpinned_baseline,-1,10,2,17739618,17221427
262144,same_object,16,24,unsafe_unpinned_baseline,-1,10,3,12351356,11958993
262144,same_object,16,24,unsafe_unpinned_baseline,-1,11,0,25030172,24240567
262144,same_object,16,24,unsafe_unpinned_baseline,-1,11,1,17834357,17552644
262144,same_object,16,24,unsafe_unpinned_baseline,-1,11,2,20845759,20390838
262144,same_object,16,24,unsafe_unpinned_baseline,-1,11,3,12711258,12218996
262144,same_object,16,24,unsafe_unpinned_baseline,-1,12,0,17161704,16379663
262144,same_object,16,24,unsafe_unpinned_baseline,-1,12,1,13628945,13287409
262144,same_object,16,24,unsafe_unpinned_baseline,-1,12,2,15885347,15562165
262144,same_object,16,24,unsafe_unpinned_baseline,-1,12,3,18188939,17836091
262144,same_object,16,24,unsafe_unpinned_baseline,-1,13,0,24801610,24025570
262144,same_object,16,24,unsafe_unpinned_baseline,-1,13,1,18017855,17556882
262144,same_object,16,24,unsafe_unpinned_baseline,-1,13,2,20661871,20242618
262144,same_object,16,24,unsafe_unpinned_baseline,-1,13,3,12240336,11845167
262144,same_object,16,24,unsafe_unpinned_baseline,-1,14,0,23931562,23188796
262144,same_object,16,24,unsafe_unpinned_baseline,-1,14,1,15340376,15031771
262144,same_object,16,24,unsafe_unpinned_baseline,-1,14,2,18866291,18492704
262144,same_object,16,24,unsafe_unpinned_baseline,-1,14,3,15184670,14827444
262144,same_object,16,24,unsafe_unpinned_baseline,-1,15,0,24719314,24306762
262144,same_object,16,24,unsafe_unpinned_baseline,-1,15,1,18083960,17591258
262144,same_object,16,24,unsafe_unpinned_baseline,-1,15,2,19436050,19066460
262144,same_object,16,24,unsafe_unpinned_baseline,-1,15,3,12736034,12332461
262144,same_object,16,24,pinned,-1,0,0,25346541,22514459
262144,same_object,16,24,pinned,-1,0,1,21892902,19981553
262144,same_object,16,24,pinned,-1,0,2,19853500,18016292
262144,same_object,16,24,pinned,-1,0,3,18543060,16550567
262144,same_object,16,24,pinned,-1,1,0,25104643,22329107
262144,same_object,16,24,pinned,-1,1,1,19715279,18184630
262144,same_object,16,24,pinned,-1,1,2,22194674,20447265
262144,same_object,16,24,pinned,-1,1,3,19216044,16783858
262144,same_object,16,24,pinned,-1,2,0,25392297,22593018
262144,same_object,16,24,pinned,-1,2,1,22289943,20118492
262144,same_object,16,24,pinned,-1,2,2,20030045,18584027
262144,same_object,16,24,pinned,-1,2,3,19603467,17914219
262144,same_object,16,24,pinned,-1,3,0,23040795,20657162
262144,same_object,16,24,pinned,-1,3,1,18870339,17161733
262144,same_object,16,24,pinned,-1,3,2,16003652,14269909
262144,same_object,16,24,pinned,-1,3,3,15437600,13409620
262144,same_object,16,24,pinned,-1,4,0,25596565,22927992
262144,same_object,16,24,pinned,-1,4,1,21628230,19561257
262144,same_object,16,24,pinned,-1,4,2,20422127,18652917
262144,same_object,16,24,pinned,-1,4,3,19084715,17572011
262144,same_object,16,24,pinned,-1,5,0,25232545,22755105
262144,same_object,16,24,pinned,-1,5,1,21999113,20204455
262144,same_object,16,24,pinned,-1,5,2,20401188,18731295
262144,same_object,16,24,pinned,-1,5,3,19252372,17793280
262144,same_object,16,24,pinned,-1,6,0,24710036,22002089
262144,same_object,16,24,pinned,-1,6,1,20665197,18354292
262144,same_object,16,24,pinned,-1,6,2,19848251,17774725
262144,same_object,16,24,pinned,-1,6,3,20676669,18307964
262144,same_object,16,24,pinned,-1,7,0,22136543,19770363
262144,same_object,16,24,pinned,-1,7,1,19726741,18106923
262144,same_object,16,24,pinned,-1,7,2,21588696,19784750
262144,same_object,16,24,pinned,-1,7,3,22157884,19489421
262144,same_object,16,24,pinned,-1,8,0,25277651,23038722
262144,same_object,16,24,pinned,-1,8,1,19554074,17988149
262144,same_object,16,24,pinned,-1,8,2,21967122,20487421
262144,same_object,16,24,pinned,-1,8,3,18756033,17482231
262144,same_object,16,24,pinned,-1,9,0,25265307,22927972
262144,same_object,16,24,pinned,-1,9,1,21854158,19956676
262144,same_object,16,24,pinned,-1,9,2,19867717,17970976
262144,same_object,16,24,pinned,-1,9,3,19012939,17109074
262144,same_object,16,24,pinned,-1,10,0,23498232,21312724
262144,same_object,16,24,pinned,-1,10,1,18385641,16931267
262144,same_object,16,24,pinned,-1,10,2,23228701,21519344
262144,same_object,16,24,pinned,-1,10,3,21006243,18977882
262144,same_object,16,24,pinned,-1,11,0,22024982,19598187
262144,same_object,16,24,pinned,-1,11,1,19770002,18194389
262144,same_object,16,24,pinned,-1,11,2,23277994,21692573
262144,same_object,16,24,pinned,-1,11,3,20500786,18275102
262144,same_object,16,24,pinned,-1,12,0,23329902,21280483
262144,same_object,16,24,pinned,-1,12,1,20561681,18051067
262144,same_object,16,24,pinned,-1,12,2,21059454,19398960
262144,same_object,16,24,pinned,-1,12,3,20512758,18225328
262144,same_object,16,24,pinned,-1,13,0,20916844,18317031
262144,same_object,16,24,pinned,-1,13,1,18932207,16490813
262144,same_object,16,24,pinned,-1,13,2,13869089,11384365
262144,same_object,16,24,pinned,-1,13,3,13537231,11294675
262144,same_object,16,24,pinned,-1,14,0,25225793,22446020
262144,same_object,16,24,pinned,-1,14,1,21893283,20038851
262144,same_object,16,24,pinned,-1,14,2,19648462,18164503
262144,same_object,16,24,pinned,-1,14,3,19548853,18120209
262144,same_object,16,24,pinned,-1,15,0,25046322,22975231
262144,same_object,16,24,pinned,-1,15,1,20304975,18139525
262144,same_object,16,24,pinned,-1,15,2,21673095,19894177
262144,same_object,16,24,pinned,-1,15,3,18540354,16384352
262144,same_object,16,24,pinned,0,0,0,22926589,20983089
262144,same_object,16,24,pinned,0,0,1,27809665,23939026
262144,same_object,16,24,pinned,0,0,2,22396195,20235654
262144,same_object,16,24,pinned,0,0,3,22595873,20995733
262144,same_object,16,24,pinned,0,1,0,28106206,25081399
262144,same_object,16,24,pinned,0,1,1,20979552,19051623
262144,same_object,16,24,pinned,0,1,2,21253020,18522821
262144,same_object,16,24,pinned,0,1,3,24837066,22759844
262144,same_object,16,24,pinned,0,2,0,35443879,32678423
262144,same_object,16,24,pinned,0,2,1,14313050,11856128
262144,same_object,16,24,pinned,0,2,2,20548607,17964193
262144,same_object,16,24,pinned,0,2,3,23319643,21143363
262144,same_object,16,24,pinned,0,3,0,28071019,25109101
262144,same_object,16,24,pinned,0,3,1,22811451,19054017
262144,same_object,16,24,pinned,0,3,2,22390925,19939072
262144,same_object,16,24,pinned,0,3,3,22518336,21014088
262144,same_object,16,24,pinned,0,4,0,27463028,24614034
262144,same_object,16,24,pinned,0,4,1,21577514,17511105
262144,same_object,16,24,pinned,0,4,2,21165495,18125158
262144,same_object,16,24,pinned,0,4,3,25343966,23629089
262144,same_object,16,24,pinned,0,5,0,27586061,24419205
262144,same_object,16,24,pinned,0,5,1,22967035,19703907
262144,same_object,16,24,pinned,0,5,2,23496719,20498362
262144,same_object,16,24,pinned,0,5,3,22847078,20927304
262144,same_object,16,24,pinned,0,6,0,23006370,21098768
262144,same_object,16,24,pinned,0,6,1,25763010,21156307
262144,same_object,16,24,pinned,0,6,2,24539863,21326309
262144,same_object,16,24,pinned,0,6,3,23480858,21693424
262144,same_object,16,24,pinned,0,7,0,27701380,24801259
262144,same_object,16,24,pinned,0,7,1,21741595,19246131
262144,same_object,16,24,pinned,0,7,2,23654697,20418170
262144,same_object,16,24,pinned,0,7,3,22627002,20909359
262144,same_object,16,24,pinned,0,8,0,21610848,19608056
262144,same_object,16,24,pinned,0,8,1,27881079,25125452
262144,same_object,16,24,pinned,0,8,2,23600545,21320538
262144,same_object,16,24,pinned,0,8,3,23274438,21416550
262144,same_object,16,24,pinned,0,9,0,27566834,24942466
262144,same_object,16,24,pinned,0,9,1,21438802,17234552
262144,same_object,16,24,pinned,0,9,2,24199209,21471574
262144,same_object,16,24,pinned,0,9,3,22501153,21016402
262144,same_object,16,24,pinned,0,10,0,27414526,24817168
262144,same_object,16,24,pinned,0,10,1,22012268,19878167
262144,same_object,16,24,pinned,0,10,2,22232946,20227038
262144,same_object,16,24,pinned,0,10,3,24007095,21878003
262144,same_object,16,24,pinned,0,11,0,24488306,22507676
262144,same_object,16,24,pinned,0,11,1,25124811,22699760
262144,same_object,16,24,pinned,0,11,2,24498585,20743165
262144,same_object,16,24,pinned,0,11,3,22432784,20730431
262144,same_object,16,24,pinned,0,12,0,26598972,24301502
262144,same_object,16,24,pinned,0,12,1,22230641,20277614
262144,same_object,16,24,pinned,0,12,2,21375683,19407406
262144,same_object,16,24,pinned,0,12,3,24578597,22701262
262144,same_object,16,24,pinned,0,13,0,21564571,19468412
262144,same_object,16,24,pinned,0,13,1,22505421,20855147
262144,same_object,16,24,pinned,0,13,2,26138480,21435225
262144,same_object,16,24,pinned,0,13,3,22951155,20994311
262144,same_object,16,24,pinned,0,14,0,27553620,24797742
262144,same_object,16,24,pinned,0,14,1,21286063,19174826
262144,same_object,16,24,pinned,0,14,2,21865941,19153806
262144,same_object,16,24,pinned,0,14,3,21473948,19686704
262144,same_object,16,24,pinned,0,15,0,23847423,21313284
262144,same_object,16,24,pinned,0,15,1,25676495,23620152
262144,same_object,16,24,pinned,0,15,2,23622357,20506677
262144,same_object,16,24,pinned,0,15,3,23652443,21898593
262144,same_object,16,24,unsafe_unpinned_baseline,0,0,0,19283411,18919993
262144,same_object,16,24,unsafe_unpinned_baseline,0,0,1,15518904,15134837
262144,same_object,16,24,unsafe_unpinned_baseline,0,0,2,15762585,14819870
262144,same_object,16,24,unsafe_unpinned_baseline,0,0,3,15820715,15500218
262144,same_object,16,24,unsafe_unpinned_baseline,0,1,0,19055520,18679898
262144,same_object,16,24,unsafe_unpinned_baseline,0,1,1,16681685,16178642
262144,same_object,16,24,unsafe_unpinned_baseline,0,1,2,14987948,14539239
262144,same_object,16,24,unsafe_unpinned_baseline,0,1,3,14750088,14448808
262144,same_object,16,24,unsafe_unpinned_baseline,0,2,0,27749951,27366306
262144,same_object,16,24,unsafe_unpinned_baseline,0,2,1,15140567,14819179
262144,same_object,16,24,unsafe_unpinned_baseline,0,2,2,13579000,13280546
262144,same_object,16,24,unsafe_unpinned_baseline,0,2,3,10662338,10372008
262144,same_object,16,24,unsafe_unpinned_baseline,0,3,0,21219988,20857591
262144,same_object,16,24,unsafe_unpinned_baseline,0,3,1,15035218,14715853
262144,same_object,16,24,unsafe_unpinned_baseline,0,3,2,16685172,16400633
262144,same_object,16,24,unsafe_unpinned_baseline,0,3,3,13434347,13155579
262144,same_object,16,24,unsafe_unpinned_baseline,0,4,0,28177612,27355485
262144,same_object,16,24,unsafe_unpinned_baseline,0,4,1,14714170,14419172
262144,same_object,16,24,unsafe_unpinned_baseline,0,4,2,12481302,12190822
262144,same_object,16,24,unsafe_unpinned_baseline,0,4,3,11775175,11457023
262144,same_object,16,24,unsafe_unpinned_baseline,0,5,0,21212915,20813659
262144,same_object,16,24,unsafe_unpinned_baseline,0,5,1,14548286,14007061
262144,same_object,16,24,unsafe_unpinned_baseline,0,5,2,14824168,14422357
262144,same_object,16,24,unsafe_unpinned_baseline,0,5,3,14979883,14658895
262144,same_object,16,24,unsafe_unpinned_baseline,0,6,0,24558139,24171075
262144,same_object,16,24,unsafe_unpinned_baseline,0,6,1,13774500,13474232
262144,same_object,16,24,unsafe_unpinned_baseline,0,6,2,14386970,14094687
262144,same_object,16,24,unsafe_unpinned_baseline,0,6,3,14439199,14157726
262144,same_object,16,24,unsafe_unpinned_baseline,0,7,0,19230942,18844761
262144,same_object,16,24,unsafe_unpinned_baseline,0,7,1,19155990,18709093
262144,same_object,16,24,unsafe_unpinned_baseline,0,7,2,13225020,12894765
262144,same_object,16,24,unsafe_unpinned_baseline,0,7,3,14580837,14296349
262144,same_object,16,24,unsafe_unpinned_baseline,0,8,0,28221214,27412993
262144,same_object,16,24,unsafe_unpinned_baseline,0,8,1,21626026,21308726
262144,same_object,16,24,unsafe_unpinned_baseline,0,8,2,16554224,16247472
262144,same_object,16,24,unsafe_unpinned_baseline,0,8,3,2081100,1759621
262144,same_object,16,24,unsafe_unpinned_baseline,0,9,0,19193211,18846995
262144,same_object,16,24,unsafe_unpinned_baseline,0,9,1,19132906,18684176
262144,same_object,16,24,unsafe_unpinned_baseline,0,9,2,13746779,13407336
262144,same_object,16,24,unsafe_unpinned_baseline,0,9,3,14049091,13775743
262144,same_object,16,24,unsafe_unpinned_baseline,0,10,0,28131374,27802972
262144,same_object,16,24,unsafe_unpinned_baseline,0,10,1,14681498,14377262
262144,same_object,16,24,unsafe_unpinned_baseline,0,10,2,14106389,13811260
262144,same_object,16,24,unsafe_unpinned_baseline,0,10,3,10179003,9917808
262144,same_object,16,24,unsafe_unpinned_baseline,0,11,0,24527370,24189580
262144,same_object,16,24,unsafe_unpinned_baseline,0,11,1,13735387,13446650
262144,same_object,16,24,unsafe_unpinned_baseline,0,11,2,14420062,14115186
262144,same_object,16,24,unsafe_unpinned_baseline,0,11,3,13657359,13392177
262144,same_object,16,24,unsafe_unpinned_baseline,0,12,0,19264916,18911056
262144,same_object,16,24,unsafe_unpinned_baseline,0,12,1,16435950,16059918
262144,same_object,16,24,unsafe_unpinned_baseline,0,12,2,15013577,14555870
262144,same_object,16,24,unsafe_unpinned_baseline,0,12,3,14566170,14269137
262144,same_object,16,24,unsafe_unpinned_baseline,0,13,0,28080869,27310490
262144,same_object,16,24,unsafe_unpinned_baseline,0,13,1,14732054,14417649
262144,same_object,16,24,unsafe_unpinned_baseline,0,13,2,13507454,13206826
262144,same_object,16,24,unsafe_unpinned_baseline,0,13,3,10744103,10454875
262144,same_object,16,24,unsafe_unpinned_baseline,0,14,0,24471024,23675768
262144,same_object,16,24,unsafe_unpinned_baseline,0,14,1,13308018,12952594
262144,same_object,16,24,unsafe_unpinned_baseline,0,14,2,14247827,13959531
262144,same_object,16,24,unsafe_unpinned_baseline,0,14,3,14200387,13925226
262144,same_object,16,24,unsafe_unpinned_baseline,0,15,0,28166530,27359131
262144,same_object,16,24,unsafe_unpinned_baseline,0,15,1,14202792,13900660
262144,same_object,16,24,unsafe_unpinned_baseline,0,15,2,14597399,14279156
262144,same_object,16,24,unsafe_unpinned_baseline,0,15,3,10077792,9777412
262144,same_object,16,24,unsafe_unpinned_baseline,1,0,0,25878569,25442893
262144,same_object,16,24,unsafe_unpinned_baseline,1,0,1,19688858,19017117
262144,same_object,16,24,unsafe_unpinned_baseline,1,0,2,18678516,17833185
262144,same_object,16,24,unsafe_unpinned_baseline,1,0,3,10728303,10331822
262144,same_object,16,24,unsafe_unpinned_baseline,1,1,0,13895840,13468221
262144,same_object,16,24,unsafe_unpinned_baseline,1,1,1,14184267,13688197
262144,same_object,16,24,unsafe_unpinned_baseline,1,1,2,20337357,19778468
262144,same_object,16,24,unsafe_unpinned_baseline,1,1,3,22705681,22103631
262144,same_object,16,24,unsafe_unpinned_baseline,1,2,0,25315001,24920143
262144,same_object,16,24,unsafe_unpinned_baseline,1,2,1,20230294,19702875
262144,same_object,16,24,unsafe_unpinned_baseline,1,2,2,19679531,18917648
262144,same_object,16,24,unsafe_unpinned_baseline,1,2,3,9716317,9355624
262144,same_object,16,24,unsafe_unpinned_baseline,1,3,0,26660529,26210637
262144,same_object,16,24,unsafe_unpinned_baseline,1,3,1,23456252,23088916
262144,same_object,16,24,unsafe_unpinned_baseline,1,3,2,23550441,23151524
262144,same_object,16,24,unsafe_unpinned_baseline,1,3,3,8792086,8295307
262144,same_object,16,24,unsafe_unpinned_baseline,1,4,0,26564257,26144181
262144,same_object,16,24,unsafe_unpinned_baseline,1,4,1,26981607,26556973
262144,same_object,16,24,unsafe_unpinned_baseline,1,4,2,20901685,20460470
262144,same_object,16,24,unsafe_unpinned_baseline,1,4,3,6552527,6101352
262144,same_object,16,24,unsafe_unpinned_baseline,1,5,0,21705037,21183608
262144,same_object,16,24,unsafe_unpinned_baseline,1,5,1,18939921,18403796
262144,same_object,16,24,unsafe_unpinned_baseline,1,5,2,16429848,15788584
262144,same_object,16,24,unsafe_unpinned_baseline,1,5,3,17180900,16701583
262144,same_object,16,24,unsafe_unpinned_baseline,1,6,0,22367841,21987421
262144,same_object,16,24,unsafe_unpinned_baseline,1,6,1,17663033,17211108
262144,same_object,16,24,unsafe_unpinned_baseline,1,6,2,16259446,15930552
262144,same_object,16,24,unsafe_unpinned_baseline,1,6,3,18124476,17779915
262144,same_object,16,24,unsafe_unpinned_baseline,1,7,0,29740781,29363727
262144,same_object,16,24,unsafe_unpinned_baseline,1,7,1,25638353,25271348
262144,same_object,16,24,unsafe_unpinned_baseline,1,7,2,18860641,18236138
262144,same_object,16,24,unsafe_unpinned_baseline,1,7,3,8860476,8482100
262144,same_object,16,24,unsafe_unpinned_baseline,1,8,0,26550942,26154671
262144,same_object,16,24,unsafe_unpinned_baseline,1,8,1,26981036,26555851
262144,same_object,16,24,unsafe_unpinned_baseline,1,8,2,20892819,20450331
262144,same_object,16,24,unsafe_unpinned_baseline,1,8,3,8507578,8164248
262144,same_object,16,24,unsafe_unpinned_baseline,1,9,0,19244598,18860400
262144,same_object,16,24,unsafe_unpinned_baseline,1,9,1,21612090,21282827
262144,same_object,16,24,unsafe_unpinned_baseline,1,9,2,16834935,16498749
262144,same_object,16,24,unsafe_unpinned_baseline,1,9,3,16675223,16304732
262144,same_object,16,24,unsafe_unpinned_baseline,1,10,0,17735971,17320825
262144,same_object,16,24,unsafe_unpinned_baseline,1,10,1,18664059,17960526
262144,same_object,16,24,unsafe_unpinned_baseline,1,10,2,18649110,18005452
262144,same_object,16,24,unsafe_unpinned_baseline,1,10,3,18332841,17926603
262144,same_object,16,24,unsafe_unpinned_baseline,1,11,0,14503491,14167715
262144,same_object,16,24,unsafe_unpinned_baseline,1,11,1,18872012,18473959
262144,same_object,16,24,unsafe_unpinned_baseline,1,11,2,21828199,21044826
262144,same_object,16,24,unsafe_unpinned_baseline,1,11,3,18169251,17786948
262144,same_object,16,24,unsafe_unpinned_baseline,1,12,0,29702950,29041086
262144,same_object,16,24,unsafe_unpinned_baseline,1,12,1,25646820,25271368
262144,same_object,16,24,unsafe_unpinned_baseline,1,12,2,19017598,18414426
262144,same_object,16,24,unsafe_unpinned_baseline,1,12,3,8998608,8617005
262144,same_object,16,24,unsafe_unpinned_baseline,1,13,0,14314643,13955774
262144,same_object,16,24,unsafe_unpinned_baseline,1,13,1,13633864,13259645
262144,same_object,16,24,unsafe_unpinned_baseline,1,13,2,20216678,19623275
262144,same_object,16,24,unsafe_unpinned_baseline,1,13,3,22265868,21520797
262144,same_object,16,24,unsafe_unpinned_baseline,1,14,0,17754767,17358757
262144,same_object,16,24,unsafe_unpinned_baseline,1,14,1,19015835,18322071
262144,same_object,16,24,unsafe_unpinned_baseline,1,14,2,18099920,17604613
262144,same_object,16,24,unsafe_unpinned_baseline,1,14,3,18529293,18065004
262144,same_object,16,24,unsafe_unpinned_baseline,1,15,0,26555400,26090851
262144,same_object,16,24,unsafe_unpinned_baseline,1,15,1,22918273,22537753
262144,same_object,16,24,unsafe_unpinned_baseline,1,15,2,24121040,23701537
262144,same_object,16,24,unsafe_unpinned_baseline,1,15,3,9775319,9378938
262144,same_object,16,24,pinned,1,0,0,23188424,21055386
262144,same_object,16,24,pinned,1,0,1,30419396,28363163
262144,same_object,16,24,pinned,1,0,2,15108827,13061981
262144,same_object,16,24,pinned,1,0,3,19290494,17977328
262144,same_object,16,24,pinned,1,1,0,20183886,17808178
262144,same_object,16,24,pinned,1,1,1,24616799,22186397
262144,same_object,16,24,pinned,1,1,2,20616656,18887802
262144,same_object,16,24,pinned,1,1,3,20506918,19093110
262144,same_object,16,24,pinned,1,2,0,21705457,19116385
262144,same_object,16,24,pinned,1,2,1,22193541,20113683
262144,same_object,16,24,pinned,1,2,2,21545514,19758981
262144,same_object,16,24,pinned,1,2,3,19808405,18417572
262144,same_object,16,24,pinned,1,3,0,23232118,20895934
262144,same_object,16,24,pinned,1,3,1,30352158,28424840
262144,same_object,16,24,pinned,1,3,2,14742543,13493929
262144,same_object,16,24,pinned,1,3,3,18346948,16946146
262144,same_object,16,24,pinned,1,4,0,23066214,20900723
262144,same_object,16,24,pinned,1,4,1,20718549,18860670
262144,same_object,16,24,pinned,1,4,2,21684126,19922791
262144,same_object,16,24,pinned,1,4,3,20404323,18796339
262144,same_object,16,24,pinned,1,5,0,23259630,21036741
262144,same_object,16,24,pinned,1,5,1,35420165,33111313
262144,same_object,16,24,pinned,1,5,2,14278575,12608773
262144,same_object,16,24,pinned,1,5,3,14846871,13816480
262144,same_object,16,24,pinned,1,6,0,23131998,21041330
262144,same_object,16,24,pinned,1,6,1,21353912,17514031
262144,same_object,16,24,pinned,1,6,2,22977455,21572195
262144,same_object,16,24,pinned,1,6,3,19795921,17627646
262144,same_object,16,24,pinned,1,7,0,20152747,17735761
262144,same_object,16,24,pinned,1,7,1,17805984,16276748
262144,same_object,16,24,pinned,1,7,2,18428913,16882335
262144,same_object,16,24,pinned,1,7,3,17696907,16005855
262144,same_object,16,24,pinned,1,8,0,33978825,31773620
262144,same_object,16,24,pinned,1,8,1,30420588,28761476
262144,same_object,16,24,pinned,1,8,2,18008016,16772176
262144,same_object,16,24,pinned,1,8,3,5868872,4264084
262144,same_object,16,24,pinned,1,9,0,30089711,27950751
262144,same_object,16,24,pinned,1,9,1,16213829,14763583
262144,same_object,16,24,pinned,1,9,2,22563070,20878131
262144,same_object,16,24,pinned,1,9,3,19293179,18032183
262144,same_object,16,24,pinned,1,10,0,21638310,19565265
262144,same_object,16,24,pinned,1,10,1,22011216,20062356
262144,same_object,16,24,pinned,1,10,2,23856981,21859719
262144,same_object,16,24,pinned,1,10,3,19168243,17549288
262144,same_object,16,24,pinned,1,11,0,23038782,20989611
262144,same_object,16,24,pinned,1,11,1,20725301,18806719
262144,same_object,16,24,pinned,1,11,2,23967721,21931204
262144,same_object,16,24,pinned,1,11,3,19490724,17633708
262144,same_object,16,24,pinned,1,12,0,20099887,17741672
262144,same_object,16,24,pinned,1,12,1,22916120,20360851
262144,same_object,16,24,pinned,1,12,2,23005007,20301759
262144,same_object,16,24,pinned,1,12,3,19806502,18444182
262144,same_object,16,24,pinned,1,13,0,29884814,27826597
262144,same_object,16,24,pinned,1,13,1,16550557,14925760
262144,same_object,16,24,pinned,1,13,2,22671255,21261005
262144,same_object,16,24,pinned,1,13,3,19228187,18112074
262144,same_object,16,24,pinned,1,14,0,29883651,27793805
262144,same_object,16,24,pinned,1,14,1,16271739,14862821
262144,same_object,16,24,pinned,1,14,2,20425784,19069145
262144,same_object,16,24,pinned,1,14,3,20173727,18790478
262144,same_object,16,24,pinned,1,15,0,23061504,20797017
262144,same_object,16,24,pinned,1,15,1,30726748,28526933
262144,same_object,16,24,pinned,1,15,2,14739478,12960349
262144,same_object,16,24,pinned,1,15,3,18713472,16959030
262144,same_object,16,24,pinned,2,0,0,26152046,24008147
262144,same_object,16,24,pinned,2,0,1,24625676,22445047
262144,same_object,16,24,pinned,2,0,2,21328613,19137665
262144,same_object,16,24,pinned,2,0,3,27636306,26134994
262144,same_object,16,24,pinned,2,1,0,25718865,23493352
262144,same_object,16,24,pinned,2,1,1,24883815,22316083
262144,same_object,16,24,pinned,2,1,2,21483267,18920283
262144,same_object,16,24,pinned,2,1,3,27587314,26006471
262144,same_object,16,24,pinned,2,2,0,24908151,22741549
262144,same_object,16,24,pinned,2,2,1,24902851,22545908
262144,same_object,16,24,pinned,2,2,2,19934304,17911864
262144,same_object,16,24,pinned,2,2,3,27005943,25262041
262144,same_object,16,24,pinned,2,3,0,22966815,20967880
262144,same_object,16,24,pinned,2,3,1,25434147,22701563
262144,same_object,16,24,pinned,2,3,2,21317432,18851614
262144,same_object,16,24,pinned,2,3,3,26865397,24963896
262144,same_object,16,24,pinned,2,4,0,24100141,22253986
262144,same_object,16,24,pinned,2,4,1,24758989,22179355
262144,same_object,16,24,pinned,2,4,2,20813889,18771722
262144,same_object,16,24,pinned,2,4,3,25647842,23096761
262144,same_object,16,24,pinned,2,5,0,24098689,22178102
262144,same_object,16,24,pinned,2,5,1,24268109,21734792
262144,same_object,16,24,pinned,2,5,2,21253462,18054485
262144,same_object,16,24,pinned,2,5,3,26984112,25189584
262144,same_object,16,24,pinned,2,6,0,26096151,23883531
262144,same_object,16,24,pinned,2,6,1,25573491,23439901
262144,same_object,16,24,pinned,2,6,2,20618870,18163030
262144,same_object,16,24,pinned,2,6,3,26587772,24803122
262144,same_object,16,24,pinned,2,7,0,26093185,24016943
262144,same_object,16,24,pinned,2,7,1,26098665,24040147
262144,same_object,16,24,pinned,2,7,2,20316657,18472696
262144,same_object,16,24,pinned,2,7,3,26330775,24614685
262144,same_object,16,24,pinned,2,8,0,25585884,23474687
262144,same_object,16,24,pinned,2,8,1,24207595,22224399
262144,same_object,16,24,pinned,2,8,2,22281718,18855421
262144,same_object,16,24,pinned,2,8,3,26759347,24830243
262144,same_object,16,24,pinned,2,9,0,23833826,21535776
262144,same_object,16,24,pinned,2,9,1,24544071,21933820
262144,same_object,16,24,pinned,2,9,2,23947472,20773402
262144,same_object,16,24,pinned,2,9,3,26497600,24620156
262144,same_object,16,24,pinned,2,10,0,25942199,24235066
262144,same_object,16,24,pinned,2,10,1,24739802,22893506
262144,same_object,16,24,pinned,2,10,2,21796099,19382138
262144,same_object,16,24,pinned,2,10,3,26356513,24509376
262144,same_object,16,24,pinned,2,11,0,25912322,23615854
262144,same_object,16,24,pinned,2,11,1,25627413,23883351
262144,same_object,16,24,pinned,2,11,2,20483554,17798880
262144,same_object,16,24,pinned,2,11,3,26800675,24817469
262144,same_object,16,24,pinned,2,12,0,24084612,22351209
262144,same_object,16,24,pinned,2,12,1,24748569,21932186
262144,same_object,16,24,pinned,2,12,2,21526528,19012278
262144,same_object,16,24,pinned,2,12,3,27342571,24855852
262144,same_object,16,24,pinned,2,13,0,22770543,20932023
262144,same_object,16,24,pinned,2,13,1,25573701,22770884
262144,same_object,16,24,pinned,2,13,2,23661581,20910051
262144,same_object,16,24,pinned,2,13,3,25860635,24352619
262144,same_object,16,24,pinned,2,14,0,25037816,22845085
262144,same_object,16,24,pinned,2,14,1,24855842,22514569
262144,same_object,16,24,pinned,2,14,2,19849603,17940759
262144,same_object,16,24,pinned,2,14,3,26967831,25082842
262144,same_object,16,24,pinned,2,15,0,24835013,22794619
262144,same_object,16,24,pinned,2,15,1,24358219,21972773
262144,same_object,16,24,pinned,2,15,2,23107422,20242116
262144,same_object,16,24,pinned,2,15,3,27321110,25621262
262144,same_object,16,24,unsafe_unpinned_baseline,2,0,0,23202863,22771976
262144,same_object,16,24,unsafe_unpinned_baseline,2,0,1,20407920,20079078
262144,same_object,16,24,unsafe_unpinned_baseline,2,0,2,20986906,20520404
262144,same_object,16,24,unsafe_unpinned_baseline,2,0,3,19887014,19471457
262144,same_object,16,24,unsafe_unpinned_baseline,2,1,0,31206907,30700939
262144,same_object,16,24,unsafe_unpinned_baseline,2,1,1,21232882,20752733
262144,same_object,16,24,unsafe_unpinned_baseline,2,1,2,22393159,22047955
262144,same_object,16,24,unsafe_unpinned_baseline,2,1,3,13828763,13409650
262144,same_object,16,24,unsafe_unpinned_baseline,2,2,0,23818077,23320896
262144,same_object,16,24,unsafe_unpinned_baseline,2,2,1,20379115,20081292
262144,same_object,16,24,unsafe_unpinned_baseline,2,2,2,20379306,19990890
262144,same_object,16,24,unsafe_unpinned_baseline,2,2,3,19581666,18879076
262144,same_object,16,24,unsafe_unpinned_baseline,2,3,0,30700849,29383314
262144,same_object,16,24,unsafe_unpinned_baseline,2,3,1,18686470,18077467
262144,same_object,16,24,unsafe_unpinned_baseline,2,3,2,26567172,25976343
262144,same_object,16,24,unsafe_unpinned_baseline,2,3,3,11272073,10905138
262144,same_object,16,24,unsafe_unpinned_baseline,2,4,0,21826216,21326720
262144,same_object,16,24,unsafe_unpinned_baseline,2,4,1,18184250,17810783
262144,same_object,16,24,unsafe_unpinned_baseline,2,4,2,19457191,19014923
262144,same_object,16,24,unsafe_unpinned_baseline,2,4,3,19094884,18699375
262144,same_object,16,24,unsafe_unpinned_baseline,2,5,0,30892542,29615053
262144,same_object,16,24,unsafe_unpinned_baseline,2,5,1,18554150,18087797
262144,same_object,16,24,unsafe_unpinned_baseline,2,5,2,22651348,22042174
262144,same_object,16,24,unsafe_unpinned_baseline,2,5,3,14483012,14056645
262144,same_object,16,24,unsafe_unpinned_baseline,2,6,0,23915692,23468054
262144,same_object,16,24,unsafe_unpinned_baseline,2,6,1,20133260,19679852
262144,same_object,16,24,unsafe_unpinned_baseline,2,6,2,20493071,20074478
262144,same_object,16,24,unsafe_unpinned_baseline,2,6,3,19719046,19332414
262144,same_object,16,24,unsafe_unpinned_baseline,2,7,0,30981941,29713590
262144,same_object,16,24,unsafe_unpinned_baseline,2,7,1,18311160,17930118
262144,same_object,16,24,unsafe_unpinned_baseline,2,7,2,22850455,22251140
262144,same_object,16,24,unsafe_unpinned_baseline,2,7,3,15202965,14781648
262144,same_object,16,24,unsafe_unpinned_baseline,2,8,0,31081720,29817015
262144,same_object,16,24,unsafe_unpinned_baseline,2,8,1,31173654,30762516
262144,same_object,16,24,unsafe_unpinned_baseline,2,8,2,23603221,23220786
262144,same_object,16,24,unsafe_unpinned_baseline,2,8,3,3136949,2393101
262144,same_object,16,24,unsafe_unpinned_baseline,2,9,0,20679695,20232508
262144,same_object,16,24,unsafe_unpinned_baseline,2,9,1,18474650,18137111
262144,same_object,16,24,unsafe_unpinned_baseline,2,9,2,21683175,21109880
262144,same_object,16,24,unsafe_unpinned_baseline,2,9,3,18673777,18265293
262144,same_object,16,24,unsafe_unpinned_baseline,2,10,0,19084083,18639081
262144,same_object,16,24,unsafe_unpinned_baseline,2,10,1,26671669,25987334
262144,same_object,16,24,unsafe_unpinned_baseline,2,10,2,29019446,28609179
262144,same_object,16,24,unsafe_unpinned_baseline,2,10,3,13796261,13402957
262144,same_object,16,24,unsafe_unpinned_baseline,2,11,0,30986039,30558710
262144,same_object,16,24,unsafe_unpinned_baseline,2,11,1,22461078,22010955
262144,same_object,16,24,unsafe_unpinned_baseline,2,11,2,21351176,20987508
262144,same_object,16,24,unsafe_unpinned_baseline,2,11,3,12307092,11941640
262144,same_object,16,24,unsafe_unpinned_baseline,2,12,0,21772584,21360784
262144,same_object,16,24,unsafe_unpinned_baseline,2,12,1,18148913,17771309
262144,same_object,16,24,unsafe_unpinned_baseline,2,12,2,20850077,20516806
262144,same_object,16,24,unsafe_unpinned_baseline,2,12,3,18970077,18590259
262144,same_object,16,24,unsafe_unpinned_baseline,2,13,0,34357933,33144586
262144,same_object,16,24,unsafe_unpinned_baseline,2,13,1,21484208,20851219
262144,same_object,16,24,unsafe_unpinned_baseline,2,13,2,20012913,19667569
262144,same_object,16,24,unsafe_unpinned_baseline,2,13,3,11286711,10892563
262144,same_object,16,24,unsafe_unpinned_baseline,2,14,0,35059080,33813122
262144,same_object,16,24,unsafe_unpinned_baseline,2,14,1,26014806,25658542
262144,same_object,16,24,unsafe_unpinned_baseline,2,14,2,18427892,18107134
262144,same_object,16,24,unsafe_unpinned_baseline,2,14,3,8866669,8481458
262144,same_object,16,24,unsafe_unpinned_baseline,2,15,0,19018289,18660281
262144,same_object,16,24,unsafe_unpinned_baseline,2,15,1,16684721,16270517
262144,same_object,16,24,unsafe_unpinned_baseline,2,15,2,18983133,18652376
262144,same_object,16,24,unsafe_unpinned_baseline,2,15,3,20482491,20161413
262144,same_object,16,24,unsafe_unpinned_baseline,3,0,0,25329709,24629593
262144,same_object,16,24,unsafe_unpinned_baseline,3,0,1,27817610,27257709
262144,same_object,16,24,unsafe_unpinned_baseline,3,0,2,24736286,24173941
262144,same_object,16,24,unsafe_unpinned_baseline,3,0,3,22791523,22273042
262144,same_object,16,24,unsafe_unpinned_baseline,3,1,0,24747928,24036260
262144,same_object,16,24,unsafe_unpinned_baseline,3,1,1,29381170,28768160
262144,same_object,16,24,unsafe_unpinned_baseline,3,1,2,24063192,23611245
262144,same_object,16,24,unsafe_unpinned_baseline,3,1,3,23321306,22862157
262144,same_object,16,24,unsafe_unpinned_baseline,3,2,0,23740160,23160052
262144,same_object,16,24,unsafe_unpinned_baseline,3,2,1,25647460,25046843
262144,same_object,16,24,unsafe_unpinned_baseline,3,2,2,26635451,25951586
262144,same_object,16,24,unsafe_unpinned_baseline,3,2,3,23233300,22514258
262144,same_object,16,24,unsafe_unpinned_baseline,3,3,0,29996275,29259460
262144,same_object,16,24,unsafe_unpinned_baseline,3,3,1,22931168,22517164
262144,same_object,16,24,unsafe_unpinned_baseline,3,3,2,25183232,24582644
262144,same_object,16,24,unsafe_unpinned_baseline,3,3,3,22554745,22113820
262144,same_object,16,24,unsafe_unpinned_baseline,3,4,0,25358925,24702341
262144,same_object,16,24,unsafe_unpinned_baseline,3,4,1,27872404,27346317
262144,same_object,16,24,unsafe_unpinned_baseline,3,4,2,24973294,24463058
262144,same_object,16,24,unsafe_unpinned_baseline,3,4,3,22598728,22170798
262144,same_object,16,24,unsafe_unpinned_baseline,3,5,0,23693631,23175741
262144,same_object,16,24,unsafe_unpinned_baseline,3,5,1,25669612,25017227
262144,same_object,16,24,unsafe_unpinned_baseline,3,5,2,26637205,25917341
262144,same_object,16,24,unsafe_unpinned_baseline,3,5,3,24718381,24027103
262144,same_object,16,24,unsafe_unpinned_baseline,3,6,0,30061999,29238600
262144,same_object,16,24,unsafe_unpinned_baseline,3,6,1,22943792,22513196
262144,same_object,16,24,unsafe_unpinned_baseline,3,6,2,24931706,24327692
262144,same_object,16,24,unsafe_unpinned_baseline,3,6,3,23564086,23076834
262144,same_object,16,24,unsafe_unpinned_baseline,3,7,0,20046105,19545727
262144,same_object,16,24,unsafe_unpinned_baseline,3,7,1,29425705,28838232
262144,same_object,16,24,unsafe_unpinned_baseline,3,7,2,26644840,26035045
262144,same_object,16,24,unsafe_unpinned_baseline,3,7,3,23189937,22585293
262144,same_object,16,24,unsafe_unpinned_baseline,3,8,0,30026923,29454989
262144,same_object,16,24,unsafe_unpinned_baseline,3,8,1,24048723,23639318
262144,same_object,16,24,unsafe_unpinned_baseline,3,8,2,27523012,27000673
262144,same_object,16,24,unsafe_unpinned_baseline,3,8,3,18878465,18465973
262144,same_object,16,24,unsafe_unpinned_baseline,3,9,0,25224751,24700457
262144,same_object,16,24,unsafe_unpinned_baseline,3,9,1,25627673,25144368
262144,same_object,16,24,unsafe_unpinned_baseline,3,9,2,30727279,30246990
262144,same_object,16,24,unsafe_unpinned_baseline,3,9,3,18887742,18462587
262144,same_object,16,24,unsafe_unpinned_baseline,3,10,0,23606907,23117300
262144,same_object,16,24,unsafe_unpinned_baseline,3,10,1,25724577,25084224
262144,same_object,16,24,unsafe_unpinned_baseline,3,10,2,32163568,31482659
262144,same_object,16,24,unsafe_unpinned_baseline,3,10,3,19090196,18705417
262144,same_object,16,24,unsafe_unpinned_baseline,3,11,0,18441888,17904150
262144,same_object,16,24,unsafe_unpinned_baseline,3,11,1,15943898,15137551
262144,same_object,16,24,unsafe_unpinned_baseline,3,11,2,19407316,18172849
262144,same_object,16,24,unsafe_unpinned_baseline,3,11,3,24262168,23744197
262144,same_object,16,24,unsafe_unpinned_baseline,3,12,0,25015535,24434805
262144,same_object,16,24,unsafe_unpinned_baseline,3,12,1,25768660,25278983
262144,same_object,16,24,unsafe_unpinned_baseline,3,12,2,25238246,24850502
262144,same_object,16,24,unsafe_unpinned_baseline,3,12,3,24698393,24076376
262144,same_object,16,24,unsafe_unpinned_baseline,3,13,0,30167989,29532748
262144,same_object,16,24,unsafe_unpinned_baseline,3,13,1,22843592,21082938
262144,same_object,16,24,unsafe_unpinned_baseline,3,13,2,25005966,24388637
262144,same_object,16,24,unsafe_unpinned_baseline,3,13,3,23404634,22903505
262144,same_object,16,24,unsafe_unpinned_baseline,3,14,0,28691434,28046653
262144,same_object,16,24,unsafe_unpinned_baseline,3,14,1,21992170,21462928
262144,same_object,16,24,unsafe_unpinned_baseline,3,14,2,25317787,24932748
262144,same_object,16,24,unsafe_unpinned_baseline,3,14,3,23363286,22692616
262144,same_object,16,24,unsafe_unpinned_baseline,3,15,0,30067058,29399154
262144,same_object,16,24,unsafe_unpinned_baseline,3,15,1,22772647,22394933
262144,same_object,16,24,unsafe_unpinned_baseline,3,15,2,25212106,24574780
262144,same_object,16,24,unsafe_unpinned_baseline,3,15,3,22593028,22159357
262144,same_object,16,24,pinned,3,0,0,34811703,31927080
262144,same_object,16,24,pinned,3,0,1,22145561,20140143
262144,same_object,16,24,pinned,3,0,2,25853982,24347459
262144,same_object,16,24,pinned,3,0,3,14245783,12457717
262144,same_object,16,24,pinned,3,1,0,31788037,28891503
262144,same_object,16,24,pinned,3,1,1,23575197,21720014
262144,same_object,16,24,pinned,3,1,2,22390234,20401247
262144,same_object,16,24,pinned,3,1,3,19037175,16907071
262144,same_object,16,24,pinned,3,2,0,31799890,28921610
262144,same_object,16,24,pinned,3,2,1,23165412,20927194
262144,same_object,16,24,pinned,3,2,2,22777156,19983547
262144,same_object,16,24,pinned,3,2,3,19447933,17672742
262144,same_object,16,24,pinned,3,3,0,36958878,33478067
262144,same_object,16,24,pinned,3,3,1,26133290,24843158
262144,same_object,16,24,pinned,3,3,2,18297014,16831869
262144,same_object,16,24,pinned,3,3,3,16336602,14241635
262144,same_object,16,24,pinned,3,4,0,34562120,31688148
262144,same_object,16,24,pinned,3,4,1,21902710,19936889
262144,same_object,16,24,pinned,3,4,2,26087494,24431539
262144,same_object,16,24,pinned,3,4,3,14452935,12757365
262144,same_object,16,24,pinned,3,5,0,24567756,21836735
262144,same_object,16,24,pinned,3,5,1,18888994,16795460
262144,same_object,16,24,pinned,3,5,2,14515123,12972291
262144,same_object,16,24,pinned,3,5,3,24811688,23282363
262144,same_object,16,24,pinned,3,6,0,31771907,28887084
262144,same_object,16,24,pinned,3,6,1,23492420,21787573
262144,same_object,16,24,pinned,3,6,2,21281364,18876381
262144,same_object,16,24,pinned,3,6,3,20203814,17571931
262144,same_object,16,24,pinned,3,7,0,27950341,24755351
262144,same_object,16,24,pinned,3,7,1,25648162,24342770
262144,same_object,16,24,pinned,3,7,2,20995412,19427364
262144,same_object,16,24,pinned,3,7,3,20848835,17977298
262144,same_object,16,24,pinned,3,8,0,21614996,18981450
262144,same_object,16,24,pinned,3,8,1,15290932,13051802
262144,same_object,16,24,pinned,3,8,2,24790268,22925367
262144,same_object,16,24,pinned,3,8,3,18649311,17276401
262144,same_object,16,24,pinned,3,9,0,18350174,15259973
262144,same_object,16,24,pinned,3,9,1,17350220,15750993
262144,same_object,16,24,pinned,3,9,2,25488320,23374117
262144,same_object,16,24,pinned,3,9,3,17371852,15500389
262144,same_object,16,24,pinned,3,10,0,19821931,17041597
262144,same_object,16,24,pinned,3,10,1,16930566,14471861
262144,same_object,16,24,pinned,3,10,2,24455765,22899558
262144,same_object,16,24,pinned,3,10,3,19242694,17565619
262144,same_object,16,24,pinned,3,11,0,34579573,31786875
262144,same_object,16,24,pinned,3,11,1,21820625,19797825
262144,same_object,16,24,pinned,3,11,2,21398236,19643764
262144,same_object,16,24,pinned,3,11,3,19481907,17709300
262144,same_object,16,24,pinned,3,12,0,34664905,31797986
262144,same_object,16,24,pinned,3,12,1,25474804,23647063
262144,same_object,16,24,pinned,3,12,2,20078827,18071867
262144,same_object,16,24,pinned,3,12,3,16795530,14851139
262144,same_object,16,24,pinned,3,13,0,31632713,28927210
262144,same_object,16,24,pinned,3,13,1,23179458,21902520
262144,same_object,16,24,pinned,3,13,2,21813672,18793784
262144,same_object,16,24,pinned,3,13,3,20127329,17504974
262144,same_object,16,24,pinned,3,14,0,34536711,31848873
262144,same_object,16,24,pinned,3,14,1,21860621,19771445
262144,same_object,16,24,pinned,3,14,2,26384576,24629343
262144,same_object,16,24,pinned,3,14,3,14169197,12156577
262144,same_object,16,24,pinned,3,15,0,34517125,31743302
262144,same_object,16,24,pinned,3,15,1,21890327,20025035
262144,same_object,16,24,pinned,3,15,2,21336518,19680233
262144,same_object,16,24,pinned,3,15,3,18993603,16887374
262144,same_object,16,24,pinned,4,0,0,25429478,22426994
262144,same_object,16,24,pinned,4,0,1,19098000,16865733
262144,same_object,16,24,pinned,4,0,2,37349727,32693131
262144,same_object,16,24,pinned,4,0,3,16048696,14406687
262144,same_object,16,24,pinned,4,1,0,24796570,22279684
262144,same_object,16,24,pinned,4,1,1,19719527,17163677
262144,same_object,16,24,pinned,4,1,2,25960484,23529872
262144,same_object,16,24,pinned,4,1,3,21432169,19837360
262144,same_object,16,24,pinned,4,2,0,25978377,22713956
262144,same_object,16,24,pinned,4,2,1,22532032,18093518
262144,same_object,16,24,pinned,4,2,2,26080110,24395580
262144,same_object,16,24,pinned,4,2,3,21378999,19518596
262144,same_object,16,24,pinned,4,3,0,23425454,20858614
262144,same_object,16,24,pinned,4,3,1,20492490,16274734
262144,same_object,16,24,pinned,4,3,2,30627560,25074075
262144,same_object,16,24,pinned,4,3,3,21322611,19531591
262144,same_object,16,24,pinned,4,4,0,24495690,21709164
262144,same_object,16,24,pinned,4,4,1,19501143,16611452
262144,same_object,16,24,pinned,4,4,2,24603735,21523813
262144,same_object,16,24,pinned,4,4,3,16817983,15353179
262144,same_object,16,24,pinned,4,5,0,25691584,22809036
262144,same_object,16,24,pinned,4,5,1,18742948,16873107
262144,same_object,16,24,pinned,4,5,2,27221030,22717303
262144,same_object,16,24,pinned,4,5,3,24088068,22672338
262144,same_object,16,24,pinned,4,6,0,26361413,24069403
262144,same_object,16,24,pinned,4,6,1,22104682,18294229
262144,same_object,16,24,pinned,4,6,2,32504003,30586012
262144,same_object,16,24,pinned,4,6,3,16699889,15063682
262144,same_object,16,24,pinned,4,7,0,25688298,23003965
262144,same_object,16,24,pinned,4,7,1,22808916,17884232
262144,same_object,16,24,pinned,4,7,2,33221913,31307688
262144,same_object,16,24,pinned,4,7,3,16161630,14263656
262144,same_object,16,24,pinned,4,8,0,25729106,22309641
262144,same_object,16,24,pinned,4,8,1,18888994,16718304
262144,same_object,16,24,pinned,4,8,2,25750215,21220028
262144,same_object,16,24,pinned,4,8,3,21410098,19981123
262144,same_object,16,24,pinned,4,9,0,25685092,23311077
262144,same_object,16,24,pinned,4,9,1,20281020,16735227
262144,same_object,16,24,pinned,4,9,2,35997237,31817253
262144,same_object,16,24,pinned,4,9,3,15945671,14419001
262144,same_object,16,24,pinned,4,10,0,26119274,22663090
262144,same_object,16,24,pinned,4,10,1,23143821,17695334
262144,same_object,16,24,pinned,4,10,2,32699072,31206206
262144,same_object,16,24,pinned,4,10,3,16448513,14995563
262144,same_object,16,24,pinned,4,11,0,25515200,22911340
262144,same_object,16,24,pinned,4,11,1,20350151,16753641
262144,same_object,16,24,pinned,4,11,2,29071574,25016716
262144,same_object,16,24,pinned,4,11,3,20493422,18578877
262144,same_object,16,24,pinned,4,12,0,23423249,20750790
262144,same_object,16,24,pinned,4,12,1,20976607,18302123
262144,same_object,16,24,pinned,4,12,2,26208173,21406431
262144,same_object,16,24,pinned,4,12,3,26629500,24623141
262144,same_object,16,24,pinned,4,13,0,25604329,23344400
262144,same_object,16,24,pinned,4,13,1,18268139,16203850
262144,same_object,16,24,pinned,4,13,2,36900186,31413608
262144,same_object,16,24,pinned,4,13,3,15371945,13968318
262144,same_object,16,24,pinned,4,14,0,23437517,20963562
262144,same_object,16,24,pinned,4,14,1,20488623,18294799
262144,same_object,16,24,pinned,4,14,2,26442807,21218785
262144,same_object,16,24,pinned,4,14,3,21321330,19533385
262144,same_object,16,24,pinned,4,15,0,25605712,23040034
262144,same_object,16,24,pinned,4,15,1,20268887,16770844
262144,same_object,16,24,pinned,4,15,2,36133044,32390538
262144,same_object,16,24,pinned,4,15,3,16451459,15083479
262144,same_object,16,24,unsafe_unpinned_baseline,4,0,0,33830284,33284210
262144,same_object,16,24,unsafe_unpinned_baseline,4,0,1,27920525,27540916
262144,same_object,16,24,unsafe_unpinned_baseline,4,0,2,24999173,24608344
262144,same_object,16,24,unsafe_unpinned_baseline,4,0,3,10245108,9815405
262144,same_object,16,24,unsafe_unpinned_baseline,4,1,0,23992036,23522247
262144,same_object,16,24,unsafe_unpinned_baseline,4,1,1,20152096,19783868
262144,same_object,16,24,unsafe_unpinned_baseline,4,1,2,24878305,24478457
262144,same_object,16,24,unsafe_unpinned_baseline,4,1,3,18202314,17676939
262144,same_object,16,24,unsafe_unpinned_baseline,4,2,0,33791421,33258361
262144,same_object,16,24,unsafe_unpinned_baseline,4,2,1,29370240,28982766
262144,same_object,16,24,unsafe_unpinned_baseline,4,2,2,24994484,24472196
262144,same_object,16,24,unsafe_unpinned_baseline,4,2,3,8785425,8227608
262144,same_object,16,24,unsafe_unpinned_baseline,4,3,0,27465293,26987087
262144,same_object,16,24,unsafe_unpinned_baseline,4,3,1,25570244,25092791
262144,same_object,16,24,unsafe_unpinned_baseline,4,3,2,24452097,24076807
262144,same_object,16,24,unsafe_unpinned_baseline,4,3,3,12217373,11743445
262144,same_object,16,24,unsafe_unpinned_baseline,4,4,0,28116766,27584638
262144,same_object,16,24,unsafe_unpinned_baseline,4,4,1,24133304,23741963
262144,same_object,16,24,unsafe_unpinned_baseline,4,4,2,24655673,24261998
262144,same_object,16,24,unsafe_unpinned_baseline,4,4,3,12787191,12318704
262144,same_object,16,24,unsafe_unpinned_baseline,4,5,0,33978795,32785926
262144,same_object,16,24,unsafe_unpinned_baseline,4,5,1,30624083,29940469
262144,same_object,16,24,unsafe_unpinned_baseline,4,5,2,23525543,23138340
262144,same_object,16,24,unsafe_unpinned_baseline,4,5,3,8901544,8381049
262144,same_object,16,24,unsafe_unpinned_baseline,4,6,0,33848609,33338263
262144,same_object,16,24,unsafe_unpinned_baseline,4,6,1,27847146,27440956
262144,same_object,16,24,unsafe_unpinned_baseline,4,6,2,24947776,24541377
262144,same_object,16,24,unsafe_unpinned_baseline,4,6,3,10341861,9789736
262144,same_object,16,24,unsafe_unpinned_baseline,4,7,0,24629633,24125028
262144,same_object,16,24,unsafe_unpinned_baseline,4,7,1,19713486,19381296
262144,same_object,16,24,unsafe_unpinned_baseline,4,7,2,35180290,34809799
262144,same_object,16,24,unsafe_unpinned_baseline,4,7,3,16554545,16079475
262144,same_object,16,24,unsafe_unpinned_baseline,4,8,0,33926787,33437851
262144,same_object,16,24,unsafe_unpinned_baseline,4,8,1,30629614,30253501
262144,same_object,16,24,unsafe_unpinned_baseline,4,8,2,22002249,21660021
262144,same_object,16,24,unsafe_unpinned_baseline,4,8,3,10332073,9435826
262144,same_object,16,24,unsafe_unpinned_baseline,4,9,0,21453019,20936551
262144,same_object,16,24,unsafe_unpinned_baseline,4,9,1,20956398,20083536
262144,same_object,16,24,unsafe_unpinned_baseline,4,9,2,26380258,26026709
262144,same_object,16,24,unsafe_unpinned_baseline,4,9,3,19073795,18591170
262144,same_object,16,24,unsafe_unpinned_baseline,4,10,0,33883114,33437761
262144,same_object,16,24,unsafe_unpinned_baseline,4,10,1,30620697,30248402
262144,same_object,16,24,unsafe_unpinned_baseline,4,10,2,21925383,21552788
262144,same_object,16,24,unsafe_unpinned_baseline,4,10,3,10227385,9777372
262144,same_object,16,24,unsafe_unpinned_baseline,4,11,0,23477953,23061435
262144,same_object,16,24,unsafe_unpinned_baseline,4,11,1,20612257,20224232
262144,same_object,16,24,unsafe_unpinned_baseline,4,11,2,24876692,24521259
262144,same_object,16,24,unsafe_unpinned_baseline,4,11,3,18912008,18485260
262144,same_object,16,24,unsafe_unpinned_baseline,4,12,0,33784407,33311491
262144,same_object,16,24,unsafe_unpinned_baseline,4,12,1,27891079,27526438
262144,same_object,16,24,unsafe_unpinned_baseline,4,12,2,22719727,22330821
262144,same_object,16,24,unsafe_unpinned_baseline,4,12,3,12116522,11572211
262144,same_object,16,24,unsafe_unpinned_baseline,4,13,0,24621519,24230538
262144,same_object,16,24,unsafe_unpinned_baseline,4,13,1,19525680,19232224
262144,same_object,16,24,unsafe_unpinned_baseline,4,13,2,24012656,23671259
262144,same_object,16,24,unsafe_unpinned_baseline,4,13,3,19418948,18980628
262144,same_object,16,24,unsafe_unpinned_baseline,4,14,0,33649541,33179772
262144,same_object,16,24,unsafe_unpinned_baseline,4,14,1,29502379,29092143
262144,same_object,16,24,unsafe_unpinned_baseline,4,14,2,23387993,22463973
262144,same_object,16,24,unsafe_unpinned_baseline,4,14,3,10726400,10015423
262144,same_object,16,24,unsafe_unpinned_baseline,4,15,0,40285787,37673180
262144,same_object,16,24,unsafe_unpinned_baseline,4,15,1,23889823,23519953
262144,same_object,16,24,unsafe_unpinned_baseline,4,15,2,22369043,22007088
262144,same_object,16,24,unsafe_unpinned_baseline,4,15,3,10760734,10151390
262144,same_object,16,24,unsafe_unpinned_baseline,5,0,0,14352195,13760234
262144,same_object,16,24,unsafe_unpinned_baseline,5,0,1,13623524,12904393
262144,same_object,16,24,unsafe_unpinned_baseline,5,0,2,14860276,14247446
262144,same_object,16,24,unsafe_unpinned_baseline,5,0,3,23981407,23363346
262144,same_object,16,24,unsafe_unpinned_baseline,5,1,0,17919419,17369778
262144,same_object,16,24,unsafe_unpinned_baseline,5,1,1,20821484,20478835
262144,same_object,16,24,unsafe_unpinned_baseline,5,1,2,26837694,25301596
262144,same_object,16,24,unsafe_unpinned_baseline,5,1,3,23279277,22913535
262144,same_object,16,24,unsafe_unpinned_baseline,5,2,0,16240430,15670320
262144,same_object,16,24,unsafe_unpinned_baseline,5,2,1,22661677,22109482
262144,same_object,16,24,unsafe_unpinned_baseline,5,2,2,24139926,22779821
262144,same_object,16,24,unsafe_unpinned_baseline,5,2,3,26145163,25449566
262144,same_object,16,24,unsafe_unpinned_baseline,5,3,0,16932610,16438043
262144,same_object,16,24,unsafe_unpinned_baseline,5,3,1,21687984,21229065
262144,same_object,16,24,unsafe_unpinned_baseline,5,3,2,26423260,24841134
262144,same_object,16,24,unsafe_unpinned_baseline,5,3,3,23630192,23071043
262144,same_object,16,24,unsafe_unpinned_baseline,5,4,0,22887295,22416133
262144,same_object,16,24,unsafe_unpinned_baseline,5,4,1,19492377,19067843
262144,same_object,16,24,unsafe_unpinned_baseline,5,4,2,23185760,22533274
262144,same_object,16,24,unsafe_unpinned_baseline,5,4,3,22912853,22508307
262144,same_object,16,24,unsafe_unpinned_baseline,5,5,0,23347546,22481215
262144,same_object,16,24,unsafe_unpinned_baseline,5,5,1,19081008,18702672
262144,same_object,16,24,unsafe_unpinned_baseline,5,5,2,23015518,22453072
262144,same_object,16,24,unsafe_unpinned_baseline,5,5,3,22900680,22223177
262144,same_object,16,24,unsafe_unpinned_baseline,5,6,0,16931668,16420120
262144,same_object,16,24,unsafe_unpinned_baseline,5,6,1,21909624,21571874
262144,same_object,16,24,unsafe_unpinned_baseline,5,6,2,24174562,22768139
262144,same_object,16,24,unsafe_unpinned_baseline,5,6,3,25295304,24610707
262144,same_object,16,24,unsafe_unpinned_baseline,5,7,0,18491382,17990903
262144,same_object,16,24,unsafe_unpinned_baseline,5,7,1,20526625,19663581
262144,same_object,16,24,unsafe_unpinned_baseline,5,7,2,24012245,22806221
262144,same_object,16,24,unsafe_unpinned_baseline,5,7,3,23210737,22560145
262144,same_object,16,24,unsafe_unpinned_baseline,5,8,0,18394447,17894631
262144,same_object,16,24,unsafe_unpinned_baseline,5,8,1,24014439,23603390
262144,same_object,16,24,unsafe_unpinned_baseline,5,8,2,22884590,22308408
262144,same_object,16,24,unsafe_unpinned_baseline,5,8,3,23654076,23121398
262144,same_object,16,24,unsafe_unpinned_baseline,5,9,0,18423794,17894391
262144,same_object,16,24,unsafe_unpinned_baseline,5,9,1,20351744,19935426
262144,same_object,16,24,unsafe_unpinned_baseline,5,9,2,26640822,25245820
262144,same_object,16,24,unsafe_unpinned_baseline,5,9,3,23548847,23164279
262144,same_object,16,24,unsafe_unpinned_baseline,5,10,0,17894201,17402970
262144,same_object,16,24,unsafe_unpinned_baseline,5,10,1,20766189,20335273
262144,same_object,16,24,unsafe_unpinned_baseline,5,10,2,24338512,22809207
262144,same_object,16,24,unsafe_unpinned_baseline,5,10,3,25377038,24696911
262144,same_object,16,24,unsafe_unpinned_baseline,5,11,0,16908625,16416963
262144,same_object,16,24,unsafe_unpinned_baseline,5,11,1,21863106,21331028
262144,same_object,16,24,unsafe_unpinned_baseline,5,11,2,24181485,21119177
262144,same_object,16,24,unsafe_unpinned_baseline,5,11,3,23388404,22705931
262144,same_object,16,24,unsafe_unpinned_baseline,5,12,0,24053573,23567272
262144,same_object,16,24,unsafe_unpinned_baseline,5,12,1,18331108,17931491
262144,same_object,16,24,unsafe_unpinned_baseline,5,12,2,22786264,22065849
262144,same_object,16,24,unsafe_unpinned_baseline,5,12,3,23669055,23183766
262144,same_object,16,24,unsafe_unpinned_baseline,5,13,0,18470412,17997977
262144,same_object,16,24,unsafe_unpinned_baseline,5,13,1,24201052,23859946
262144,same_object,16,24,unsafe_unpinned_baseline,5,13,2,22703537,22253554
262144,same_object,16,24,unsafe_unpinned_baseline,5,13,3,23504223,23057747
262144,same_object,16,24,unsafe_unpinned_baseline,5,14,0,24139105,23664346
262144,same_object,16,24,unsafe_unpinned_baseline,5,14,1,18161567,17811955
262144,same_object,16,24,unsafe_unpinned_baseline,5,14,2,22154507,21485401
262144,same_object,16,24,unsafe_unpinned_baseline,5,14,3,23674104,23318822
262144,same_object,16,24,unsafe_unpinned_baseline,5,15,0,17796536,17319673
262144,same_object,16,24,unsafe_unpinned_baseline,5,15,1,20747483,20346444
262144,same_object,16,24,unsafe_unpinned_baseline,5,15,2,24393927,22002810
262144,same_object,16,24,unsafe_unpinned_baseline,5,15,3,26146426,25449716
262144,same_object,16,24,pinned,5,0,0,22779120,19960694
262144,same_object,16,24,pinned,5,0,1,24494608,22566628
262144,same_object,16,24,pinned,5,0,2,26596027,24371705
262144,same_object,16,24,pinned,5,0,3,25810239,23573443
262144,same_object,16,24,pinned,5,1,0,27055647,23602769
262144,same_object,16,24,pinned,5,1,1,22506514,20456692
262144,same_object,16,24,pinned,5,1,2,26583764,24748970
262144,same_object,16,24,pinned,5,1,3,26223993,24773927
262144,same_object,16,24,pinned,5,2,0,29710504,26245663
262144,same_object,16,24,pinned,5,2,1,21199990,17578112
262144,same_object,16,24,pinned,5,2,2,25119732,23197131
262144,same_object,16,24,pinned,5,2,3,26181822,24642919
262144,same_object,16,24,pinned,5,3,0,29464669,26046747
262144,same_object,16,24,pinned,5,3,1,20061034,18351837
262144,same_object,16,24,pinned,5,3,2,26730892,24705968
262144,same_object,16,24,pinned,5,3,3,26008655,24527049
262144,same_object,16,24,pinned,5,4,0,23562413,20270540
262144,same_object,16,24,pinned,5,4,1,23654948,21546566
262144,same_object,16,24,pinned,5,4,2,25175007,23046216
262144,same_object,16,24,pinned,5,4,3,26022330,23266222
262144,same_object,16,24,pinned,5,5,0,22748512,20022150
262144,same_object,16,24,pinned,5,5,1,25125593,23078858
262144,same_object,16,24,pinned,5,5,2,25969020,23569406
262144,same_object,16,24,pinned,5,5,3,25847238,23703140
262144,same_object,16,24,pinned,5,6,0,22745687,19363422
262144,same_object,16,24,pinned,5,6,1,27424646,25107108
262144,same_object,16,24,pinned,5,6,2,25949833,24034577
262144,same_object,16,24,pinned,5,6,3,25636951,24028215
262144,same_object,16,24,pinned,5,7,0,27799345,24087006
262144,same_object,16,24,pinned,5,7,1,22092199,19912512
262144,same_object,16,24,pinned,5,7,2,23949926,22317566
262144,same_object,16,24,pinned,5,7,3,25809547,23754025
262144,same_object,16,24,pinned,5,8,0,29872360,26430173
262144,same_object,16,24,pinned,5,8,1,20760528,19108861
262144,same_object,16,24,pinned,5,8,2,23187694,21538420
262144,same_object,16,24,pinned,5,8,3,25819026,23778422
262144,same_object,16,24,pinned,5,9,0,24896299,21364120
262144,same_object,16,24,pinned,5,9,1,27468839,25637872
262144,same_object,16,24,pinned,5,9,2,31994828,30083059
262144,same_object,16,24,pinned,5,9,3,17317739,15555843
262144,same_object,16,24,pinned,5,10,0,29708460,26240263
262144,same_object,16,24,pinned,5,10,1,19928262,17778061
262144,same_object,16,24,pinned,5,10,2,26335444,24353351
262144,same_object,16,24,pinned,5,10,3,26213863,24475021
262144,same_object,16,24,pinned,5,11,0,29701987,26252426
262144,same_object,16,24,pinned,5,11,1,22143176,19889899
262144,same_object,16,24,pinned,5,11,2,31823955,29445973
262144,same_object,16,24,pinned,5,11,3,17511666,15981158
262144,same_object,16,24,pinned,5,12,0,22640377,19251591
262144,same_object,16,24,pinned,5,12,1,27153943,25106005
262144,same_object,16,24,pinned,5,12,2,23971968,22243426
262144,same_object,16,24,pinned,5,12,3,25871274,23736973
262144,same_object,16,24,pinned,5,13,0,25379323,22160469
262144,same_object,16,24,pinned,5,13,1,23973812,21994995
262144,same_object,16,24,pinned,5,13,2,24488486,22496484
262144,same_object,16,24,pinned,5,13,3,27128004,25269935
262144,same_object,16,24,pinned,5,14,0,20940018,17054842
262144,same_object,16,24,pinned,5,14,1,25412797,21834611
262144,same_object,16,24,pinned,5,14,2,26090139,23288965
262144,same_object,16,24,pinned,5,14,3,27127693,25163474
262144,same_object,16,24,pinned,5,15,0,29500395,26303252
262144,same_object,16,24,pinned,5,15,1,19844494,18011794
262144,same_object,16,24,pinned,5,15,2,24424264,22825027
262144,same_object,16,24,pinned,5,15,3,27196604,25275066
