payload_bytes,sharing,concurrency,pool,path,sample,worker,read,elapsed_nanos,provider_nanos
4096,disjoint,1,24,pinned,-2,0,0,39218663,30850412
4096,disjoint,1,24,pinned,-2,0,1,8910679,4020932
4096,disjoint,1,24,pinned,-2,0,2,9424461,4816147
4096,disjoint,1,24,pinned,-2,0,3,8955894,4188569
4096,disjoint,1,24,unsafe_unpinned_baseline,-2,0,0,7398676,4578187
4096,disjoint,1,24,unsafe_unpinned_baseline,-2,0,1,7779838,5591635
4096,disjoint,1,24,unsafe_unpinned_baseline,-2,0,2,4320419,3151756
4096,disjoint,1,24,unsafe_unpinned_baseline,-2,0,3,4179232,3202683
4096,disjoint,1,24,unsafe_unpinned_baseline,-1,0,0,3517188,2902705
4096,disjoint,1,24,unsafe_unpinned_baseline,-1,0,1,2623246,2026747
4096,disjoint,1,24,unsafe_unpinned_baseline,-1,0,2,2319210,1771985
4096,disjoint,1,24,unsafe_unpinned_baseline,-1,0,3,2323238,1774269
4096,disjoint,1,24,pinned,-1,0,0,4753910,2026476
4096,disjoint,1,24,pinned,-1,0,1,3930590,2017329
4096,disjoint,1,24,pinned,-1,0,2,4521971,2046835
4096,disjoint,1,24,pinned,-1,0,3,3837615,2400194
4096,disjoint,1,24,pinned,0,0,0,3735682,2006498
4096,disjoint,1,24,pinned,0,0,1,3520675,1822961
4096,disjoint,1,24,pinned,0,0,2,3542706,1881583
4096,disjoint,1,24,pinned,0,0,3,3169610,1807892
4096,disjoint,1,24,unsafe_unpinned_baseline,0,0,0,3158369,2753112
4096,disjoint,1,24,unsafe_unpinned_baseline,0,0,1,2599461,2108752
4096,disjoint,1,24,unsafe_unpinned_baseline,0,0,2,2381679,1950542
4096,disjoint,1,24,unsafe_unpinned_baseline,0,0,3,2478683,2071221
4096,disjoint,1,24,unsafe_unpinned_baseline,1,0,0,2439728,2031907
4096,disjoint,1,24,unsafe_unpinned_baseline,1,0,1,3418321,3030687
4096,disjoint,1,24,unsafe_unpinned_baseline,1,0,2,3468886,2524759
4096,disjoint,1,24,unsafe_unpinned_baseline,1,0,3,2717184,2088042
4096,disjoint,1,24,pinned,1,0,0,5199743,2042958
4096,disjoint,1,24,pinned,1,0,1,5571036,2676036
4096,disjoint,1,24,pinned,1,0,2,5224661,3112091
4096,disjoint,1,24,pinned,1,0,3,5693969,3535413
4096,disjoint,1,24,pinned,2,0,0,4181767,2367141
4096,disjoint,1,24,pinned,2,0,1,4748690,2775003
4096,disjoint,1,24,pinned,2,0,2,4438132,2542514
4096,disjoint,1,24,pinned,2,0,3,4946885,3123273
4096,disjoint,1,24,unsafe_unpinned_baseline,2,0,0,2870805,2484984
4096,disjoint,1,24,unsafe_unpinned_baseline,2,0,1,2619739,2112058
4096,disjoint,1,24,unsafe_unpinned_baseline,2,0,2,2049920,1625627
4096,disjoint,1,24,unsafe_unpinned_baseline,2,0,3,1866955,1467638
4096,disjoint,1,24,unsafe_unpinned_baseline,3,0,0,1963376,1557799
4096,disjoint,1,24,unsafe_unpinned_baseline,3,0,1,1904335,1398497
4096,disjoint,1,24,unsafe_unpinned_baseline,3,0,2,1887032,1578558
4096,disjoint,1,24,unsafe_unpinned_baseline,3,0,3,1595220,1294030
4096,disjoint,1,24,pinned,3,0,0,3039394,1679289
4096,disjoint,1,24,pinned,3,0,1,2949383,1698435
4096,disjoint,1,24,pinned,3,0,2,4955030,2558243
4096,disjoint,1,24,pinned,3,0,3,3773624,1906650
4096,disjoint,1,24,pinned,4,0,0,3263649,1983685
4096,disjoint,1,24,pinned,4,0,1,3109887,1886882
4096,disjoint,1,24,pinned,4,0,2,3076614,1675241
4096,disjoint,1,24,pinned,4,0,3,3123553,1891280
4096,disjoint,1,24,unsafe_unpinned_baseline,4,0,0,2500584,1980259
4096,disjoint,1,24,unsafe_unpinned_baseline,4,0,1,1868557,1424487
4096,disjoint,1,24,unsafe_unpinned_baseline,4,0,2,1731859,1394500
4096,disjoint,1,24,unsafe_unpinned_baseline,4,0,3,1834002,1503597
4096,disjoint,1,24,unsafe_unpinned_baseline,5,0,0,1763117,1411783
4096,disjoint,1,24,unsafe_unpinned_baseline,5,0,1,1589329,1265936
4096,disjoint,1,24,unsafe_unpinned_baseline,5,0,2,2913927,2266190
4096,disjoint,1,24,unsafe_unpinned_baseline,5,0,3,1930655,1593437
4096,disjoint,1,24,pinned,5,0,0,3051527,1450776
4096,disjoint,1,24,pinned,5,0,1,2593339,1454213
4096,disjoint,1,24,pinned,5,0,2,3850860,2501235
4096,disjoint,1,24,pinned,5,0,3,3965807,2462953
4096,disjoint,4,24,pinned,-2,0,0,14724435,5968979
4096,disjoint,4,24,pinned,-2,0,1,8712744,5657540
4096,disjoint,4,24,pinned,-2,0,2,12878640,8265267
4096,disjoint,4,24,pinned,-2,0,3,10019728,5862168
4096,disjoint,4,24,pinned,-2,1,0,6527057,4169383
4096,disjoint,4,24,pinned,-2,1,1,8242584,5261200
4096,disjoint,4,24,pinned,-2,1,2,8620008,5528455
4096,disjoint,4,24,pinned,-2,1,3,12238859,8751618
4096,disjoint,4,24,pinned,-2,2,0,12815962,5025935
4096,disjoint,4,24,pinned,-2,2,1,10646364,7153362
4096,disjoint,4,24,pinned,-2,2,2,12717205,8232635
4096,disjoint,4,24,pinned,-2,2,3,10177547,5209011
4096,disjoint,4,24,pinned,-2,3,0,13416739,4873215
4096,disjoint,4,24,pinned,-2,3,1,9956127,6618229
4096,disjoint,4,24,pinned,-2,3,2,13281804,8223427
4096,disjoint,4,24,pinned,-2,3,3,9647844,5238838
4096,disjoint,4,24,unsafe_unpinned_baseline,-2,0,0,10800567,6454378
4096,disjoint,4,24,unsafe_unpinned_baseline,-2,0,1,5041644,4041952
4096,disjoint,4,24,unsafe_unpinned_baseline,-2,0,2,2871206,2287200
4096,disjoint,4,24,unsafe_unpinned_baseline,-2,0,3,4433903,3190068
4096,disjoint,4,24,unsafe_unpinned_baseline,-2,1,0,11258183,6062226
4096,disjoint,4,24,unsafe_unpinned_baseline,-2,1,1,6184367,5211305
4096,disjoint,4,24,unsafe_unpinned_baseline,-2,1,2,4285643,2283273
4096,disjoint,4,24,unsafe_unpinned_baseline,-2,1,3,3039585,2302438
4096,disjoint,4,24,unsafe_unpinned_baseline,-2,2,0,11394520,6196671
4096,disjoint,4,24,unsafe_unpinned_baseline,-2,2,1,6022792,4839552
4096,disjoint,4,24,unsafe_unpinned_baseline,-2,2,2,3580729,2573001
4096,disjoint,4,24,unsafe_unpinned_baseline,-2,2,3,3042319,2209032
4096,disjoint,4,24,unsafe_unpinned_baseline,-2,3,0,4589859,3749829
4096,disjoint,4,24,unsafe_unpinned_baseline,-2,3,1,6330033,5237194
4096,disjoint,4,24,unsafe_unpinned_baseline,-2,3,2,6521466,5831208
4096,disjoint,4,24,unsafe_unpinned_baseline,-2,3,3,2563593,2128309
4096,disjoint,4,24,unsafe_unpinned_baseline,-1,0,0,3431917,2676567
4096,disjoint,4,24,unsafe_unpinned_baseline,-1,0,1,4966172,4403456
4096,disjoint,4,24,unsafe_unpinned_baseline,-1,0,2,3734009,3069451
4096,disjoint,4,24,unsafe_unpinned_baseline,-1,0,3,4395581,3806126
4096,disjoint,4,24,unsafe_unpinned_baseline,-1,1,0,4876913,3881308
4096,disjoint,4,24,unsafe_unpinned_baseline,-1,1,1,5334067,4839120
4096,disjoint,4,24,unsafe_unpinned_baseline,-1,1,2,4510449,3764527
4096,disjoint,4,24,unsafe_unpinned_baseline,-1,1,3,3451955,2693159
4096,disjoint,4,24,unsafe_unpinned_baseline,-1,2,0,2868099,2208410
4096,disjoint,4,24,unsafe_unpinned_baseline,-1,2,1,3111831,2630500
4096,disjoint,4,24,unsafe_unpinned_baseline,-1,2,2,4738219,4367538
4096,disjoint,4,24,unsafe_unpinned_baseline,-1,2,3,4291895,3806165
4096,disjoint,4,24,unsafe_unpinned_baseline,-1,3,0,4663689,3910994
4096,disjoint,4,24,unsafe_unpinned_baseline,-1,3,1,4505179,3954567
4096,disjoint,4,24,unsafe_unpinned_baseline,-1,3,2,4951053,4202145
4096,disjoint,4,24,unsafe_unpinned_baseline,-1,3,3,3867582,3303844
4096,disjoint,4,24,pinned,-1,0,0,7533992,4978955
4096,disjoint,4,24,pinned,-1,0,1,6048139,4359383
4096,disjoint,4,24,pinned,-1,0,2,8027377,6331717
4096,disjoint,4,24,pinned,-1,0,3,5321233,3991076
4096,disjoint,4,24,pinned,-1,1,0,7731486,4742057
4096,disjoint,4,24,pinned,-1,1,1,6484586,4466796
4096,disjoint,4,24,pinned,-1,1,2,7298396,3929419
4096,disjoint,4,24,pinned,-1,1,3,4880299,3458798
4096,disjoint,4,24,pinned,-1,2,0,4828481,1932098
4096,disjoint,4,24,pinned,-1,2,1,4367578,1617893
4096,disjoint,4,24,pinned,-1,2,2,5012930,2995431
4096,disjoint,4,24,pinned,-1,2,3,7032323,3933336
4096,disjoint,4,24,pinned,-1,3,0,7522761,4370173
4096,disjoint,4,24,pinned,-1,3,1,5888196,3765319
4096,disjoint,4,24,pinned,-1,3,2,8189163,6697829
4096,disjoint,4,24,pinned,-1,3,3,5462691,4190213
4096,disjoint,4,24,pinned,0,0,0,5801794,4148333
4096,disjoint,4,24,pinned,0,0,1,5541180,4190423
4096,disjoint,4,24,pinned,0,0,2,3101041,1823351
4096,disjoint,4,24,pinned,0,0,3,4705688,3338981
4096,disjoint,4,24,pinned,0,1,0,7868656,6181322
4096,disjoint,4,24,pinned,0,1,1,4781471,3488625
4096,disjoint,4,24,pinned,0,1,2,6258107,4831306
4096,disjoint,4,24,pinned,0,1,3,2760145,1484921
4096,disjoint,4,24,pinned,0,2,0,5448935,3735681
4096,disjoint,4,24,pinned,0,2,1,4341328,2082633
4096,disjoint,4,24,pinned,0,2,2,3602430,2150531
4096,disjoint,4,24,pinned,0,2,3,5926810,4497204
4096,disjoint,4,24,pinned,0,3,0,7108016,5428557
4096,disjoint,4,24,pinned,0,3,1,4886720,3531956
4096,disjoint,4,24,pinned,0,3,2,3257597,2083174
4096,disjoint,4,24,pinned,0,3,3,4064704,2821451
4096,disjoint,4,24,unsafe_unpinned_baseline,0,0,0,5030793,4609897
4096,disjoint,4,24,unsafe_unpinned_baseline,0,0,1,4983474,4660583
4096,disjoint,4,24,unsafe_unpinned_baseline,0,0,2,3735241,3412791
4096,disjoint,4,24,unsafe_unpinned_baseline,0,0,3,1935413,1671474
4096,disjoint,4,24,unsafe_unpinned_baseline,0,1,0,2342054,1743441
4096,disjoint,4,24,unsafe_unpinned_baseline,0,1,1,3619542,3176293
4096,disjoint,4,24,unsafe_unpinned_baseline,0,1,2,4298377,3986306
4096,disjoint,4,24,unsafe_unpinned_baseline,0,1,3,3530103,3215147
4096,disjoint,4,24,unsafe_unpinned_baseline,0,2,0,4584689,4036973
4096,disjoint,4,24,unsafe_unpinned_baseline,0,2,1,4612162,4127524
4096,disjoint,4,24,unsafe_unpinned_baseline,0,2,2,3507009,3141237
4096,disjoint,4,24,unsafe_unpinned_baseline,0,2,3,1904445,1613304
4096,disjoint,4,24,unsafe_unpinned_baseline,0,3,0,4071037,3486981
4096,disjoint,4,24,unsafe_unpinned_baseline,0,3,1,2476719,2070620
4096,disjoint,4,24,unsafe_unpinned_baseline,0,3,2,3616417,3362756
4096,disjoint,4,24,unsafe_unpinned_baseline,0,3,3,3457806,3174841
4096,disjoint,4,24,unsafe_unpinned_baseline,1,0,0,4275344,3978732
4096,disjoint,4,24,unsafe_unpinned_baseline,1,0,1,5291067,4874959
4096,disjoint,4,24,unsafe_unpinned_baseline,1,0,2,4966822,4490140
4096,disjoint,4,24,unsafe_unpinned_baseline,1,0,3,2606174,2289875
4096,disjoint,4,24,unsafe_unpinned_baseline,1,1,0,5055391,4771553
4096,disjoint,4,24,unsafe_unpinned_baseline,1,1,1,3317931,2877868
4096,disjoint,4,24,unsafe_unpinned_baseline,1,1,2,3772622,3395107
4096,disjoint,4,24,unsafe_unpinned_baseline,1,1,3,4824152,4521780
4096,disjoint,4,24,unsafe_unpinned_baseline,1,2,0,5217848,4885358
4096,disjoint,4,24,unsafe_unpinned_baseline,1,2,1,4286614,3934858
4096,disjoint,4,24,unsafe_unpinned_baseline,1,2,2,2917153,2634086
4096,disjoint,4,24,unsafe_unpinned_baseline,1,2,3,4658519,4350315
4096,disjoint,4,24,unsafe_unpinned_baseline,1,3,0,4156699,3851842
4096,disjoint,4,24,unsafe_unpinned_baseline,1,3,1,3089047,2652551
4096,disjoint,4,24,unsafe_unpinned_baseline,1,3,2,2174997,1795009
4096,disjoint,4,24,unsafe_unpinned_baseline,1,3,3,4048043,3706436
4096,disjoint,4,24,pinned,1,0,0,6075641,4365414
4096,disjoint,4,24,pinned,1,0,1,5028188,3353318
4096,disjoint,4,24,pinned,1,0,2,5950195,3255814
4096,disjoint,4,24,pinned,1,0,3,5927230,4212365
4096,disjoint,4,24,pinned,1,1,0,3174800,1549433
4096,disjoint,4,24,pinned,1,1,1,3636906,2341853
4096,disjoint,4,24,pinned,1,1,2,4284861,2878980
4096,disjoint,4,24,pinned,1,1,3,6073608,4651015
4096,disjoint,4,24,pinned,1,2,0,5877006,4381625
4096,disjoint,4,24,pinned,1,2,1,5026646,3536004
4096,disjoint,4,24,pinned,1,2,2,6378645,5038097
4096,disjoint,4,24,pinned,1,2,3,5220322,3835621
4096,disjoint,4,24,pinned,1,3,0,3933216,2467671
4096,disjoint,4,24,pinned,1,3,1,6324172,4986841
4096,disjoint,4,24,pinned,1,3,2,6742434,5119292
4096,disjoint,4,24,pinned,1,3,3,5673811,4343683
4096,disjoint,4,24,pinned,2,0,0,6935289,4485211
4096,disjoint,4,24,pinned,2,0,1,3567604,1908643
4096,disjoint,4,24,pinned,2,0,2,3838456,2393841
4096,disjoint,4,24,pinned,2,0,3,5009223,3490368
4096,disjoint,4,24,pinned,2,1,0,7437300,4465323
4096,disjoint,4,24,pinned,2,1,1,6111159,4103358
4096,disjoint,4,24,pinned,2,1,2,3818239,2512396
4096,disjoint,4,24,pinned,2,1,3,3417179,2010967
4096,disjoint,4,24,pinned,2,2,0,7177868,4274943
4096,disjoint,4,24,pinned,2,2,1,5267391,3531937
4096,disjoint,4,24,pinned,2,2,2,4146850,2789110
4096,disjoint,4,24,pinned,2,2,3,4497734,2931860
4096,disjoint,4,24,pinned,2,3,0,6892669,5257523
4096,disjoint,4,24,pinned,2,3,1,8581015,6196239
4096,disjoint,4,24,pinned,2,3,2,3739500,2237034
4096,disjoint,4,24,pinned,2,3,3,5840877,3125957
4096,disjoint,4,24,unsafe_unpinned_baseline,2,0,0,3802288,3424894
4096,disjoint,4,24,unsafe_unpinned_baseline,2,0,1,2397218,2020976
4096,disjoint,4,24,unsafe_unpinned_baseline,2,0,2,2535660,2232636
4096,disjoint,4,24,unsafe_unpinned_baseline,2,0,3,3346735,2951578
4096,disjoint,4,24,unsafe_unpinned_baseline,2,1,0,4003079,3615865
4096,disjoint,4,24,unsafe_unpinned_baseline,2,1,1,3595477,3264410
4096,disjoint,4,24,unsafe_unpinned_baseline,2,1,2,5777607,4930464
4096,disjoint,4,24,unsafe_unpinned_baseline,2,1,3,3365681,2612235
4096,disjoint,4,24,unsafe_unpinned_baseline,2,2,0,3987148,3386892
4096,disjoint,4,24,unsafe_unpinned_baseline,2,2,1,3744419,3383766
4096,disjoint,4,24,unsafe_unpinned_baseline,2,2,2,1742940,1366196
4096,disjoint,4,24,unsafe_unpinned_baseline,2,2,3,3693923,3313232
4096,disjoint,4,24,unsafe_unpinned_baseline,2,3,0,3869385,3490358
4096,disjoint,4,24,unsafe_unpinned_baseline,2,3,1,4197706,3890345
4096,disjoint,4,24,unsafe_unpinned_baseline,2,3,2,5331092,4776483
4096,disjoint,4,24,unsafe_unpinned_baseline,2,3,3,3709252,2945395
4096,disjoint,4,24,unsafe_unpinned_baseline,3,0,0,3515505,3135957
4096,disjoint,4,24,unsafe_unpinned_baseline,3,0,1,6100649,5360878
4096,disjoint,4,24,unsafe_unpinned_baseline,3,0,2,5361710,4247130
4096,disjoint,4,24,unsafe_unpinned_baseline,3,0,3,2540459,2153757
4096,disjoint,4,24,unsafe_unpinned_baseline,3,1,0,4692794,3954265
4096,disjoint,4,24,unsafe_unpinned_baseline,3,1,1,4897100,4499498
4096,disjoint,4,24,unsafe_unpinned_baseline,3,1,2,5551710,4445265
4096,disjoint,4,24,unsafe_unpinned_baseline,3,1,3,3592992,2827593
4096,disjoint,4,24,unsafe_unpinned_baseline,3,2,0,4001646,3652193
4096,disjoint,4,24,unsafe_unpinned_baseline,3,2,1,3690476,3327830
4096,disjoint,4,24,unsafe_unpinned_baseline,3,2,2,5862428,4546697
4096,disjoint,4,24,unsafe_unpinned_baseline,3,2,3,2320673,1643491
4096,disjoint,4,24,unsafe_unpinned_baseline,3,3,0,5054969,4262329
4096,disjoint,4,24,unsafe_unpinned_baseline,3,3,1,4531559,4196074
4096,disjoint,4,24,unsafe_unpinned_baseline,3,3,2,5551620,4443291
4096,disjoint,4,24,unsafe_unpinned_baseline,3,3,3,2487399,1902091
4096,disjoint,4,24,pinned,3,0,0,6026779,3579076
4096,disjoint,4,24,pinned,3,0,1,6487491,4694868
4096,disjoint,4,24,pinned,3,0,2,4567006,3174920
4096,disjoint,4,24,pinned,3,0,3,2743654,1329116
4096,disjoint,4,24,pinned,3,1,0,6258608,3724951
4096,disjoint,4,24,pinned,3,1,1,5636961,3768303
4096,disjoint,4,24,pinned,3,1,2,3017553,1749803
4096,disjoint,4,24,pinned,3,1,3,3694905,2359106
4096,disjoint,4,24,pinned,3,2,0,5989388,3315737
4096,disjoint,4,24,pinned,3,2,1,6516286,3929939
4096,disjoint,4,24,pinned,3,2,2,5644956,4320449
4096,disjoint,4,24,pinned,3,2,3,4599487,3103335
4096,disjoint,4,24,pinned,3,3,0,6632836,3745541
4096,disjoint,4,24,pinned,3,3,1,5317867,3672853
4096,disjoint,4,24,pinned,3,3,2,6383755,5092491
4096,disjoint,4,24,pinned,3,3,3,4526599,3137610
4096,disjoint,4,24,pinned,4,0,0,7304037,5102339
4096,disjoint,4,24,pinned,4,0,1,6446193,4968506
4096,disjoint,4,24,pinned,4,0,2,4728801,3630743
4096,disjoint,4,24,pinned,4,0,3,3550451,2456520
4096,disjoint,4,24,pinned,4,1,0,6805554,5376007
4096,disjoint,4,24,pinned,4,1,1,7029557,5807414
4096,disjoint,4,24,pinned,4,1,2,4477076,3221559
4096,disjoint,4,24,pinned,4,1,3,3917917,2832342
4096,disjoint,4,24,pinned,4,2,0,7328794,5341962
4096,disjoint,4,24,pinned,4,2,1,4995166,2813276
4096,disjoint,4,24,pinned,4,2,2,2721081,1450796
4096,disjoint,4,24,pinned,4,2,3,5293652,4133795
4096,disjoint,4,24,pinned,4,3,0,6868393,4330378
4096,disjoint,4,24,pinned,4,3,1,6457464,4863307
4096,disjoint,4,24,pinned,4,3,2,3843175,2710791
4096,disjoint,4,24,pinned,4,3,3,4852816,3595677
4096,disjoint,4,24,unsafe_unpinned_baseline,4,0,0,6065012,5701713
4096,disjoint,4,24,unsafe_unpinned_baseline,4,0,1,4642048,4357740
4096,disjoint,4,24,unsafe_unpinned_baseline,4,0,2,3004958,2673321
4096,disjoint,4,24,unsafe_unpinned_baseline,4,0,3,2424981,2153196
4096,disjoint,4,24,unsafe_unpinned_baseline,4,1,0,6097944,5697936
4096,disjoint,4,24,unsafe_unpinned_baseline,4,1,1,4473169,4175374
4096,disjoint,4,24,unsafe_unpinned_baseline,4,1,2,4158863,3806677
4096,disjoint,4,24,unsafe_unpinned_baseline,4,1,3,2212839,1940523
4096,disjoint,4,24,unsafe_unpinned_baseline,4,2,0,5979209,5620129
4096,disjoint,4,24,unsafe_unpinned_baseline,4,2,1,4728191,4412474
4096,disjoint,4,24,unsafe_unpinned_baseline,4,2,2,4755893,4445776
4096,disjoint,4,24,unsafe_unpinned_baseline,4,2,3,2885443,2638455
4096,disjoint,4,24,unsafe_unpinned_baseline,4,3,0,6329763,5962819
4096,disjoint,4,24,unsafe_unpinned_baseline,4,3,1,4644482,4340297
4096,disjoint,4,24,unsafe_unpinned_baseline,4,3,2,5303320,4996569
4096,disjoint,4,24,unsafe_unpinned_baseline,4,3,3,1948919,1678397
4096,disjoint,4,24,unsafe_unpinned_baseline,5,0,0,5282189,4928200
4096,disjoint,4,24,unsafe_unpinned_baseline,5,0,1,2557611,2281849
4096,disjoint,4,24,unsafe_unpinned_baseline,5,0,2,3004267,2716373
4096,disjoint,4,24,unsafe_unpinned_baseline,5,0,3,1583428,1252211
4096,disjoint,4,24,unsafe_unpinned_baseline,5,1,0,7259072,6587010
4096,disjoint,4,24,unsafe_unpinned_baseline,5,1,1,3171184,2844245
4096,disjoint,4,24,unsafe_unpinned_baseline,5,1,2,4738701,3739018
4096,disjoint,4,24,unsafe_unpinned_baseline,5,1,3,4404007,3388124
4096,disjoint,4,24,unsafe_unpinned_baseline,5,2,0,2793318,2489062
4096,disjoint,4,24,unsafe_unpinned_baseline,5,2,1,2688460,2351742
4096,disjoint,4,24,unsafe_unpinned_baseline,5,2,2,3456252,3206820
4096,disjoint,4,24,unsafe_unpinned_baseline,5,2,3,2713276,2477250
4096,disjoint,4,24,unsafe_unpinned_baseline,5,3,0,4587444,4289290
4096,disjoint,4,24,unsafe_unpinned_baseline,5,3,1,3509423,3245553
4096,disjoint,4,24,unsafe_unpinned_baseline,5,3,2,2716442,2447884
4096,disjoint,4,24,unsafe_unpinned_baseline,5,3,3,3688413,3116830
4096,disjoint,4,24,pinned,5,0,0,7019148,5215253
4096,disjoint,4,24,pinned,5,0,1,5691685,4655554
4096,disjoint,4,24,pinned,5,0,2,6309575,5080779
4096,disjoint,4,24,pinned,5,0,3,3554348,2534658
4096,disjoint,4,24,pinned,5,1,0,6992216,5303159
4096,disjoint,4,24,pinned,5,1,1,5296978,3965678
4096,disjoint,4,24,pinned,5,1,2,4964378,3823508
4096,disjoint,4,24,pinned,5,1,3,3144282,2024172
4096,disjoint,4,24,pinned,5,2,0,7350414,5800852
4096,disjoint,4,24,pinned,5,2,1,5265548,4152802
4096,disjoint,4,24,pinned,5,2,2,5696494,4528373
4096,disjoint,4,24,pinned,5,2,3,3462334,2381649
4096,disjoint,4,24,pinned,5,3,0,7028586,5353454
4096,disjoint,4,24,pinned,5,3,1,5315042,3632516
4096,disjoint,4,24,pinned,5,3,2,6277424,5150661
4096,disjoint,4,24,pinned,5,3,3,3297463,2342535
4096,disjoint,16,24,pinned,-2,0,0,4131110,1645345
4096,disjoint,16,24,pinned,-2,0,1,4452208,1740816
4096,disjoint,16,24,pinned,-2,0,2,24847388,20377746
4096,disjoint,16,24,pinned,-2,0,3,25458645,22094868
4096,disjoint,16,24,pinned,-2,1,0,6944837,4613152
4096,disjoint,16,24,pinned,-2,1,1,7895467,4917119
4096,disjoint,16,24,pinned,-2,1,2,18248335,14326351
4096,disjoint,16,24,pinned,-2,1,3,12035103,9164409
4096,disjoint,16,24,pinned,-2,2,0,8717583,4688776
4096,disjoint,16,24,pinned,-2,2,1,19882168,17235718
4096,disjoint,16,24,pinned,-2,2,2,6634230,3902989
4096,disjoint,16,24,pinned,-2,2,3,16616527,14424797
4096,disjoint,16,24,pinned,-2,3,0,29889122,19739989
4096,disjoint,16,24,pinned,-2,3,1,13240836,8818174
4096,disjoint,16,24,pinned,-2,3,2,18220553,12591146
4096,disjoint,16,24,pinned,-2,3,3,6382883,3927646
4096,disjoint,16,24,pinned,-2,4,0,30112254,20800036
4096,disjoint,16,24,pinned,-2,4,1,12762290,8229479
4096,disjoint,16,24,pinned,-2,4,2,19764776,15530791
4096,disjoint,16,24,pinned,-2,4,3,5796253,3786959
4096,disjoint,16,24,pinned,-2,5,0,13847014,4140107
4096,disjoint,16,24,pinned,-2,5,1,19187132,15095527
4096,disjoint,16,24,pinned,-2,5,2,20070815,15520561
4096,disjoint,16,24,pinned,-2,5,3,8852448,6407720
4096,disjoint,16,24,pinned,-2,6,0,7271395,4280273
4096,disjoint,16,24,pinned,-2,6,1,20810877,18288953
4096,disjoint,16,24,pinned,-2,6,2,6642615,3672182
4096,disjoint,16,24,pinned,-2,6,3,16637436,14449964
4096,disjoint,16,24,pinned,-2,7,0,15010376,4817941
4096,disjoint,16,24,pinned,-2,7,1,18027888,13805405
4096,disjoint,16,24,pinned,-2,7,2,20068952,15528587
4096,disjoint,16,24,pinned,-2,7,3,8218298,5822372
4096,disjoint,16,24,pinned,-2,8,0,14764521,5031725
4096,disjoint,16,24,pinned,-2,8,1,20847296,17399067
4096,disjoint,16,24,pinned,-2,8,2,17002296,13728829
4096,disjoint,16,24,pinned,-2,8,3,6578874,4340587
4096,disjoint,16,24,pinned,-2,9,0,29834919,19638988
4096,disjoint,16,24,pinned,-2,9,1,10650673,6782410
4096,disjoint,16,24,pinned,-2,9,2,18212317,13747836
4096,disjoint,16,24,pinned,-2,9,3,7679508,4773777
4096,disjoint,16,24,pinned,-2,10,0,30075926,18894168
4096,disjoint,16,24,pinned,-2,10,1,12727865,8754072
4096,disjoint,16,24,pinned,-2,10,2,16907718,12529209
4096,disjoint,16,24,pinned,-2,10,3,7472045,4756174
4096,disjoint,16,24,pinned,-2,11,0,27803605,18264486
4096,disjoint,16,24,pinned,-2,11,1,8135280,4743390
4096,disjoint,16,24,pinned,-2,11,2,25474765,20648699
4096,disjoint,16,24,pinned,-2,11,3,6044423,3592752
4096,disjoint,16,24,pinned,-2,12,0,15212728,5144609
4096,disjoint,16,24,pinned,-2,12,1,17736607,13993571
4096,disjoint,16,24,pinned,-2,12,2,27270034,22748194
4096,disjoint,16,24,pinned,-2,12,3,6904281,4295382
4096,disjoint,16,24,pinned,-2,13,0,28835868,20137031
4096,disjoint,16,24,pinned,-2,13,1,11714927,5960193
4096,disjoint,16,24,pinned,-2,13,2,22543016,18174455
4096,disjoint,16,24,pinned,-2,13,3,6195919,4205551
4096,disjoint,16,24,pinned,-2,14,0,14902121,4306463
4096,disjoint,16,24,pinned,-2,14,1,18029270,13802669
4096,disjoint,16,24,pinned,-2,14,2,11198309,7121902
4096,disjoint,16,24,pinned,-2,14,3,13648407,11034419
4096,disjoint,16,24,pinned,-2,15,0,29647545,19419022
4096,disjoint,16,24,pinned,-2,15,1,12421946,8474754
4096,disjoint,16,24,pinned,-2,15,2,16576501,12154720
4096,disjoint,16,24,pinned,-2,15,3,4140990,1839803
4096,disjoint,16,24,unsafe_unpinned_baseline,-2,0,0,8393269,6884794
4096,disjoint,16,24,unsafe_unpinned_baseline,-2,0,1,13544000,12959543
4096,disjoint,16,24,unsafe_unpinned_baseline,-2,0,2,16304345,15641501
4096,disjoint,16,24,unsafe_unpinned_baseline,-2,0,3,21422183,20337069
4096,disjoint,16,24,unsafe_unpinned_baseline,-2,1,0,13096282,6659748
4096,disjoint,16,24,unsafe_unpinned_baseline,-2,1,1,23892921,22604993
4096,disjoint,16,24,unsafe_unpinned_baseline,-2,1,2,12718487,12002582
4096,disjoint,16,24,unsafe_unpinned_baseline,-2,1,3,10402953,9727235
4096,disjoint,16,24,unsafe_unpinned_baseline,-2,2,0,3970746,3139784
4096,disjoint,16,24,unsafe_unpinned_baseline,-2,2,1,17723492,15424449
4096,disjoint,16,24,unsafe_unpinned_baseline,-2,2,2,17584800,16828627
4096,disjoint,16,24,unsafe_unpinned_baseline,-2,2,3,16757313,16342568
4096,disjoint,16,24,unsafe_unpinned_baseline,-2,3,0,10189931,3796337
4096,disjoint,16,24,unsafe_unpinned_baseline,-2,3,1,26775949,25319853
4096,disjoint,16,24,unsafe_unpinned_baseline,-2,3,2,20579829,19864464
4096,disjoint,16,24,unsafe_unpinned_baseline,-2,3,3,8081779,7366615
4096,disjoint,16,24,unsafe_unpinned_baseline,-2,4,0,16910402,10551875
4096,disjoint,16,24,unsafe_unpinned_baseline,-2,4,1,20828921,20288187
4096,disjoint,16,24,unsafe_unpinned_baseline,-2,4,2,21783988,20212404
4096,disjoint,16,24,unsafe_unpinned_baseline,-2,4,3,9729619,9101710
4096,disjoint,16,24,unsafe_unpinned_baseline,-2,5,0,29465259,22130304
4096,disjoint,16,24,unsafe_unpinned_baseline,-2,5,1,15225573,14394961
4096,disjoint,16,24,unsafe_unpinned_baseline,-2,5,2,19476520,18652510
4096,disjoint,16,24,unsafe_unpinned_baseline,-2,5,3,6150674,5626261
4096,disjoint,16,24,unsafe_unpinned_baseline,-2,6,0,21235770,14665563
4096,disjoint,16,24,unsafe_unpinned_baseline,-2,6,1,16375129,15347674
4096,disjoint,16,24,unsafe_unpinned_baseline,-2,6,2,21627272,20926305
4096,disjoint,16,24,unsafe_unpinned_baseline,-2,6,3,8789769,8169836
4096,disjoint,16,24,unsafe_unpinned_baseline,-2,7,0,21818935,14639363
4096,disjoint,16,24,unsafe_unpinned_baseline,-2,7,1,17772374,14059435
4096,disjoint,16,24,unsafe_unpinned_baseline,-2,7,2,24449735,20070165
4096,disjoint,16,24,unsafe_unpinned_baseline,-2,7,3,6935209,6298062
4096,disjoint,16,24,unsafe_unpinned_baseline,-2,8,0,21356289,14798775
4096,disjoint,16,24,unsafe_unpinned_baseline,-2,8,1,18010705,14114820
4096,disjoint,16,24,unsafe_unpinned_baseline,-2,8,2,21900620,17573949
4096,disjoint,16,24,unsafe_unpinned_baseline,-2,8,3,6873643,6220176
4096,disjoint,16,24,unsafe_unpinned_baseline,-2,9,0,12601375,4760252
4096,disjoint,16,24,unsafe_unpinned_baseline,-2,9,1,13100800,12294404
4096,disjoint,16,24,unsafe_unpinned_baseline,-2,9,2,12680375,11204230
4096,disjoint,16,24,unsafe_unpinned_baseline,-2,9,3,24672337,23643418
4096,disjoint,16,24,unsafe_unpinned_baseline,-2,10,0,21381266,14694578
4096,disjoint,16,24,unsafe_unpinned_baseline,-2,10,1,34007709,29949136
4096,disjoint,16,24,unsafe_unpinned_baseline,-2,10,2,9144592,7992170
4096,disjoint,16,24,unsafe_unpinned_baseline,-2,10,3,6513741,5858731
4096,disjoint,16,24,unsafe_unpinned_baseline,-2,11,0,4445145,3537647
4096,disjoint,16,24,unsafe_unpinned_baseline,-2,11,1,8412315,7805056
4096,disjoint,16,24,unsafe_unpinned_baseline,-2,11,2,12825339,11651477
4096,disjoint,16,24,unsafe_unpinned_baseline,-2,11,3,28421314,27520819
4096,disjoint,16,24,unsafe_unpinned_baseline,-2,12,0,21636259,14589068
4096,disjoint,16,24,unsafe_unpinned_baseline,-2,12,1,17781010,14133826
4096,disjoint,16,24,unsafe_unpinned_baseline,-2,12,2,16593032,12290877
4096,disjoint,16,24,unsafe_unpinned_baseline,-2,12,3,9486809,8981653
4096,disjoint,16,24,unsafe_unpinned_baseline,-2,13,0,4088069,3049914
4096,disjoint,16,24,unsafe_unpinned_baseline,-2,13,1,23267818,22492771
4096,disjoint,16,24,unsafe_unpinned_baseline,-2,13,2,27711761,27136982
4096,disjoint,16,24,unsafe_unpinned_baseline,-2,13,3,11613025,11235490
4096,disjoint,16,24,unsafe_unpinned_baseline,-2,14,0,19847423,13411479
4096,disjoint,16,24,unsafe_unpinned_baseline,-2,14,1,10953666,10438581
4096,disjoint,16,24,unsafe_unpinned_baseline,-2,14,2,13589656,12916993
4096,disjoint,16,24,unsafe_unpinned_baseline,-2,14,3,11526661,10713442
4096,disjoint,16,24,unsafe_unpinned_baseline,-2,15,0,19018623,12985543
4096,disjoint,16,24,unsafe_unpinned_baseline,-2,15,1,12153387,11569803
4096,disjoint,16,24,unsafe_unpinned_baseline,-2,15,2,22764575,21826138
4096,disjoint,16,24,unsafe_unpinned_baseline,-2,15,3,7241669,6700254
4096,disjoint,16,24,unsafe_unpinned_baseline,-1,0,0,20088739,19038622
4096,disjoint,16,24,unsafe_unpinned_baseline,-1,0,1,10546886,10212223
4096,disjoint,16,24,unsafe_unpinned_baseline,-1,0,2,9084658,8768099
4096,disjoint,16,24,unsafe_unpinned_baseline,-1,0,3,6403753,5988567
4096,disjoint,16,24,unsafe_unpinned_baseline,-1,1,0,6920381,5939484
4096,disjoint,16,24,unsafe_unpinned_baseline,-1,1,1,11505000,10917227
4096,disjoint,16,24,unsafe_unpinned_baseline,-1,1,2,7250425,6911574
4096,disjoint,16,24,unsafe_unpinned_baseline,-1,1,3,10338772,10004990
4096,disjoint,16,24,unsafe_unpinned_baseline,-1,2,0,7049495,6190539
4096,disjoint,16,24,unsafe_unpinned_baseline,-1,2,1,11981582,11663801
4096,disjoint,16,24,unsafe_unpinned_baseline,-1,2,2,7127763,6482733
4096,disjoint,16,24,unsafe_unpinned_baseline,-1,2,3,8964310,8642801
4096,disjoint,16,24,unsafe_unpinned_baseline,-1,3,0,20698183,19123692
4096,disjoint,16,24,unsafe_unpinned_baseline,-1,3,1,17380272,16513492
4096,disjoint,16,24,unsafe_unpinned_baseline,-1,3,2,8587968,8030012
4096,disjoint,16,24,unsafe_unpinned_baseline,-1,3,3,5235361,4392626
4096,disjoint,16,24,unsafe_unpinned_baseline,-1,4,0,19870586,17949951
4096,disjoint,16,24,unsafe_unpinned_baseline,-1,4,1,11195254,10687292
4096,disjoint,16,24,unsafe_unpinned_baseline,-1,4,2,8564133,8053956
4096,disjoint,16,24,unsafe_unpinned_baseline,-1,4,3,6433189,5949132
4096,disjoint,16,24,unsafe_unpinned_baseline,-1,5,0,6294376,5269817
4096,disjoint,16,24,unsafe_unpinned_baseline,-1,5,1,12704261,12261933
4096,disjoint,16,24,unsafe_unpinned_baseline,-1,5,2,14840845,14409238
4096,disjoint,16,24,unsafe_unpinned_baseline,-1,5,3,10268870,9842081
4096,disjoint,16,24,unsafe_unpinned_baseline,-1,6,0,6508221,5633024
4096,disjoint,16,24,unsafe_unpinned_baseline,-1,6,1,12747973,12411876
4096,disjoint,16,24,unsafe_unpinned_baseline,-1,6,2,6504874,6241225
4096,disjoint,16,24,unsafe_unpinned_baseline,-1,6,3,9508490,9216618
4096,disjoint,16,24,unsafe_unpinned_baseline,-1,7,0,19913588,17995226
4096,disjoint,16,24,unsafe_unpinned_baseline,-1,7,1,18265208,17697693
4096,disjoint,16,24,unsafe_unpinned_baseline,-1,7,2,12961247,11300623
4096,disjoint,16,24,unsafe_unpinned_baseline,-1,7,3,2730759,2294814
4096,disjoint,16,24,unsafe_unpinned_baseline,-1,8,0,24602283,23214307
4096,disjoint,16,24,unsafe_unpinned_baseline,-1,8,1,11960371,11280855
4096,disjoint,16,24,unsafe_unpinned_baseline,-1,8,2,5527735,5156492
4096,disjoint,16,24,unsafe_unpinned_baseline,-1,8,3,6552634,6151615
4096,disjoint,16,24,unsafe_unpinned_baseline,-1,9,0,20570091,18607285
4096,disjoint,16,24,unsafe_unpinned_baseline,-1,9,1,17739843,16842304
4096,disjoint,16,24,unsafe_unpinned_baseline,-1,9,2,7864869,7416469
4096,disjoint,16,24,unsafe_unpinned_baseline,-1,9,3,5200015,4828621
4096,disjoint,16,24,unsafe_unpinned_baseline,-1,10,0,20339904,18987334
4096,disjoint,16,24,unsafe_unpinned_baseline,-1,10,1,18121084,17366466
4096,disjoint,16,24,unsafe_unpinned_baseline,-1,10,2,12520823,11222585
4096,disjoint,16,24,unsafe_unpinned_baseline,-1,10,3,2567651,2087592
4096,disjoint,16,24,unsafe_unpinned_baseline,-1,11,0,6335714,5262162
4096,disjoint,16,24,unsafe_unpinned_baseline,-1,11,1,22658584,21737952
4096,disjoint,16,24,unsafe_unpinned_baseline,-1,11,2,10496901,9266332
4096,disjoint,16,24,unsafe_unpinned_baseline,-1,11,3,6500736,5932530
4096,disjoint,16,24,unsafe_unpinned_baseline,-1,12,0,9213592,8026365
4096,disjoint,16,24,unsafe_unpinned_baseline,-1,12,1,13422390,12906483
4096,disjoint,16,24,unsafe_unpinned_baseline,-1,12,2,6644959,6088265
4096,disjoint,16,24,unsafe_unpinned_baseline,-1,12,3,10669719,9769915
4096,disjoint,16,24,unsafe_unpinned_baseline,-1,13,0,19764325,17931656
4096,disjoint,16,24,unsafe_unpinned_baseline,-1,13,1,11200173,10670310
4096,disjoint,16,24,unsafe_unpinned_baseline,-1,13,2,8573300,8080557
4096,disjoint,16,24,unsafe_unpinned_baseline,-1,13,3,6439551,5951387
4096,disjoint,16,24,unsafe_unpinned_baseline,-1,14,0,19756711,18073885
4096,disjoint,16,24,unsafe_unpinned_baseline,-1,14,1,11674651,11141151
4096,disjoint,16,24,unsafe_unpinned_baseline,-1,14,2,14026944,13263669
4096,disjoint,16,24,unsafe_unpinned_baseline,-1,14,3,5885652,5109893
4096,disjoint,16,24,unsafe_unpinned_baseline,-1,15,0,20429064,19123552
4096,disjoint,16,24,unsafe_unpinned_baseline,-1,15,1,20002677,18639196
4096,disjoint,16,24,unsafe_unpinned_baseline,-1,15,2,9483412,8910519
4096,disjoint,16,24,unsafe_unpinned_baseline,-1,15,3,2511565,1446839
4096,disjoint,16,24,pinned,-1,0,0,10663988,7697592
4096,disjoint,16,24,pinned,-1,0,1,14699417,12677028
4096,disjoint,16,24,pinned,-1,0,2,11217465,9434770
4096,disjoint,16,24,pinned,-1,0,3,12780615,10613212
4096,disjoint,16,24,pinned,-1,1,0,8315612,5322375
4096,disjoint,16,24,pinned,-1,1,1,16976839,14687004
4096,disjoint,16,24,pinned,-1,1,2,12970845,10793383
4096,disjoint,16,24,pinned,-1,1,3,16002313,14341149
4096,disjoint,16,24,pinned,-1,2,0,25489133,21735797
4096,disjoint,16,24,pinned,-1,2,1,12189546,9847221
4096,disjoint,16,24,pinned,-1,2,2,11725196,9923265
4096,disjoint,16,24,pinned,-1,2,3,9953633,8143697
4096,disjoint,16,24,pinned,-1,3,0,24912752,21661076
4096,disjoint,16,24,pinned,-1,3,1,13346055,11525759
4096,disjoint,16,24,pinned,-1,3,2,10349041,8952477
4096,disjoint,16,24,pinned,-1,3,3,6994401,5575866
4096,disjoint,16,24,pinned,-1,4,0,17130349,13857634
4096,disjoint,16,24,pinned,-1,4,1,10143412,8508397
4096,disjoint,16,24,pinned,-1,4,2,16796086,15236053
4096,disjoint,16,24,pinned,-1,4,3,10229606,8273462
4096,disjoint,16,24,pinned,-1,5,0,25270849,22007371
4096,disjoint,16,24,pinned,-1,5,1,11362981,8909126
4096,disjoint,16,24,pinned,-1,5,2,12580446,11076348
4096,disjoint,16,24,pinned,-1,5,3,5760435,4527050
4096,disjoint,16,24,pinned,-1,6,0,8043978,4311282
4096,disjoint,16,24,pinned,-1,6,1,19572192,17261678
4096,disjoint,16,24,pinned,-1,6,2,24981382,23347378
4096,disjoint,16,24,pinned,-1,6,3,6787218,5568572
4096,disjoint,16,24,pinned,-1,7,0,9708168,6745099
4096,disjoint,16,24,pinned,-1,7,1,15204924,12876556
4096,disjoint,16,24,pinned,-1,7,2,13167257,11266879
4096,disjoint,16,24,pinned,-1,7,3,11297246,9636102
4096,disjoint,16,24,pinned,-1,8,0,22181341,17292726
4096,disjoint,16,24,pinned,-1,8,1,5296536,2697026
4096,disjoint,16,24,pinned,-1,8,2,23867523,22403311
4096,disjoint,16,24,pinned,-1,8,3,9086692,7085403
4096,disjoint,16,24,pinned,-1,9,0,18409441,15444678
4096,disjoint,16,24,pinned,-1,9,1,8784349,7129356
4096,disjoint,16,24,pinned,-1,9,2,25624148,24061870
4096,disjoint,16,24,pinned,-1,9,3,6347456,5218148
4096,disjoint,16,24,pinned,-1,10,0,24556166,20302033
4096,disjoint,16,24,pinned,-1,10,1,17837368,15952168
4096,disjoint,16,24,pinned,-1,10,2,11332623,9737073
4096,disjoint,16,24,pinned,-1,10,3,5621321,4296063
4096,disjoint,16,24,pinned,-1,11,0,24041232,20205580
4096,disjoint,16,24,pinned,-1,11,1,7126311,4663549
4096,disjoint,16,24,pinned,-1,11,2,7892280,6498593
4096,disjoint,16,24,pinned,-1,11,3,15448986,14103469
4096,disjoint,16,24,pinned,-1,12,0,9756049,6932824
4096,disjoint,16,24,pinned,-1,12,1,15406316,13314796
4096,disjoint,16,24,pinned,-1,12,2,11419407,9813137
4096,disjoint,16,24,pinned,-1,12,3,12728486,10966551
4096,disjoint,16,24,pinned,-1,13,0,24052202,20131310
4096,disjoint,16,24,pinned,-1,13,1,5977606,3585448
4096,disjoint,16,24,pinned,-1,13,2,9039022,7320909
4096,disjoint,16,24,pinned,-1,13,3,15534428,14124649
4096,disjoint,16,24,pinned,-1,14,0,22583011,19173617
4096,disjoint,16,24,pinned,-1,14,1,4786712,2787277
4096,disjoint,16,24,pinned,-1,14,2,25039252,23490900
4096,disjoint,16,24,pinned,-1,14,3,6441604,4521199
4096,disjoint,16,24,pinned,-1,15,0,7587284,4404007
4096,disjoint,16,24,pinned,-1,15,1,6959795,4696530
4096,disjoint,16,24,pinned,-1,15,2,12610352,10959577
4096,disjoint,16,24,pinned,-1,15,3,25023211,23100591
4096,disjoint,16,24,pinned,0,0,0,9251624,6601147
4096,disjoint,16,24,pinned,0,0,1,20056880,17748339
4096,disjoint,16,24,pinned,0,0,2,20418894,18872988
4096,disjoint,16,24,pinned,0,0,3,3542285,2291598
4096,disjoint,16,24,pinned,0,1,0,8651228,5887085
4096,disjoint,16,24,pinned,0,1,1,10294238,8539485
4096,disjoint,16,24,pinned,0,1,2,8603968,6408262
4096,disjoint,16,24,pinned,0,1,3,13883343,12120344
4096,disjoint,16,24,pinned,0,2,0,15111367,12011228
4096,disjoint,16,24,pinned,0,2,1,11623174,9638306
4096,disjoint,16,24,pinned,0,2,2,10068701,8467870
4096,disjoint,16,24,pinned,0,2,3,9638928,7361796
4096,disjoint,16,24,pinned,0,3,0,16256254,13704875
4096,disjoint,16,24,pinned,0,3,1,11789499,9753684
4096,disjoint,16,24,pinned,0,3,2,14162270,12724488
4096,disjoint,16,24,pinned,0,3,3,9052818,7737848
4096,disjoint,16,24,pinned,0,4,0,7637108,5265628
4096,disjoint,16,24,pinned,0,4,1,11706692,9601786
4096,disjoint,16,24,pinned,0,4,2,7808943,6237237
4096,disjoint,16,24,pinned,0,4,3,11708996,10064703
4096,disjoint,16,24,pinned,0,5,0,16461362,13523391
4096,disjoint,16,24,pinned,0,5,1,24955603,22954635
4096,disjoint,16,24,pinned,0,5,2,9978560,8309410
4096,disjoint,16,24,pinned,0,5,3,3684825,1941966
4096,disjoint,16,24,pinned,0,6,0,16269039,13844028
4096,disjoint,16,24,pinned,0,6,1,22558585,20626828
4096,disjoint,16,24,pinned,0,6,2,7975087,6430723
4096,disjoint,16,24,pinned,0,6,3,5275066,3965788
4096,disjoint,16,24,pinned,0,7,0,16387623,13845501
4096,disjoint,16,24,pinned,0,7,1,22677140,20579398
4096,disjoint,16,24,pinned,0,7,2,13103115,11355237
4096,disjoint,16,24,pinned,0,7,3,2757140,1386164
4096,disjoint,16,24,pinned,0,8,0,7461385,5259367
4096,disjoint,16,24,pinned,0,8,1,14588136,12625300
4096,disjoint,16,24,pinned,0,8,2,19692990,18260028
4096,disjoint,16,24,pinned,0,8,3,9448957,8002990
4096,disjoint,16,24,pinned,0,9,0,14608746,11727631
4096,disjoint,16,24,pinned,0,9,1,11390543,9750288
4096,disjoint,16,24,pinned,0,9,2,16991235,14795399
4096,disjoint,16,24,pinned,0,9,3,9892147,8447051
4096,disjoint,16,24,pinned,0,10,0,8560645,6062517
4096,disjoint,16,24,pinned,0,10,1,13107975,11547410
4096,disjoint,16,24,pinned,0,10,2,10300720,8886763
4096,disjoint,16,24,pinned,0,10,3,7625476,5631230
4096,disjoint,16,24,pinned,0,11,0,8530368,6071514
4096,disjoint,16,24,pinned,0,11,1,10256917,8680874
4096,disjoint,16,24,pinned,0,11,2,8323998,6394725
4096,disjoint,16,24,pinned,0,11,3,15008112,13128233
4096,disjoint,16,24,pinned,0,12,0,13913879,11356589
4096,disjoint,16,24,pinned,0,12,1,12019664,10498925
4096,disjoint,16,24,pinned,0,12,2,11294922,8993365
4096,disjoint,16,24,pinned,0,12,3,12288654,10637899
4096,disjoint,16,24,pinned,0,13,0,16314505,13336487
4096,disjoint,16,24,pinned,0,13,1,8250348,6693321
4096,disjoint,16,24,pinned,0,13,2,7208386,5509199
4096,disjoint,16,24,pinned,0,13,3,7575881,5786344
4096,disjoint,16,24,pinned,0,14,0,13154874,10688945
4096,disjoint,16,24,pinned,0,14,1,12634137,10885758
4096,disjoint,16,24,pinned,0,14,2,11063003,9589534
4096,disjoint,16,24,pinned,0,14,3,9491859,8079294
4096,disjoint,16,24,pinned,0,15,0,15663061,12926210
4096,disjoint,16,24,pinned,0,15,1,10036149,8400292
4096,disjoint,16,24,pinned,0,15,2,11668178,9359659
4096,disjoint,16,24,pinned,0,15,3,13930011,11876483
4096,disjoint,16,24,unsafe_unpinned_baseline,0,0,0,6592500,6096391
4096,disjoint,16,24,unsafe_unpinned_baseline,0,0,1,20246628,19419793
4096,disjoint,16,24,unsafe_unpinned_baseline,0,0,2,19561711,18827462
4096,disjoint,16,24,unsafe_unpinned_baseline,0,0,3,8710590,8285204
4096,disjoint,16,24,unsafe_unpinned_baseline,0,1,0,18786524,17916006
4096,disjoint,16,24,unsafe_unpinned_baseline,0,1,1,6497591,5814748
4096,disjoint,16,24,unsafe_unpinned_baseline,0,1,2,25854133,25455830
4096,disjoint,16,24,unsafe_unpinned_baseline,0,1,3,12400755,12038519
4096,disjoint,16,24,unsafe_unpinned_baseline,0,2,0,24430659,23353099
4096,disjoint,16,24,unsafe_unpinned_baseline,0,2,1,9522317,8811802
4096,disjoint,16,24,unsafe_unpinned_baseline,0,2,2,14883265,13906706
4096,disjoint,16,24,unsafe_unpinned_baseline,0,2,3,14729424,14349555
4096,disjoint,16,24,unsafe_unpinned_baseline,0,3,0,23572114,22519171
4096,disjoint,16,24,unsafe_unpinned_baseline,0,3,1,11225892,10492002
4096,disjoint,16,24,unsafe_unpinned_baseline,0,3,2,13083448,12586117
4096,disjoint,16,24,unsafe_unpinned_baseline,0,3,3,15629888,15244098
4096,disjoint,16,24,unsafe_unpinned_baseline,0,4,0,6046015,5572309
4096,disjoint,16,24,unsafe_unpinned_baseline,0,4,1,20783204,19762822
4096,disjoint,16,24,unsafe_unpinned_baseline,0,4,2,25094435,24319248
4096,disjoint,16,24,unsafe_unpinned_baseline,0,4,3,12101529,11692255
4096,disjoint,16,24,unsafe_unpinned_baseline,0,5,0,17751966,16945600
4096,disjoint,16,24,unsafe_unpinned_baseline,0,5,1,7723952,7049735
4096,disjoint,16,24,unsafe_unpinned_baseline,0,5,2,26353279,26065093
4096,disjoint,16,24,unsafe_unpinned_baseline,0,5,3,10952173,10517510
4096,disjoint,16,24,unsafe_unpinned_baseline,0,6,0,6559778,5730578
4096,disjoint,16,24,unsafe_unpinned_baseline,0,6,1,15725720,14878887
4096,disjoint,16,24,unsafe_unpinned_baseline,0,6,2,4891810,4549933
4096,disjoint,16,24,unsafe_unpinned_baseline,0,6,3,19057517,18697747
4096,disjoint,16,24,unsafe_unpinned_baseline,0,7,0,8171559,7385421
4096,disjoint,16,24,unsafe_unpinned_baseline,0,7,1,18615360,18249598
4096,disjoint,16,24,unsafe_unpinned_baseline,0,7,2,19446333,18706062
4096,disjoint,16,24,unsafe_unpinned_baseline,0,7,3,9251033,8714437
4096,disjoint,16,24,unsafe_unpinned_baseline,0,8,0,24263062,23294458
4096,disjoint,16,24,unsafe_unpinned_baseline,0,8,1,10587604,9799231
4096,disjoint,16,24,unsafe_unpinned_baseline,0,8,2,20996197,20457979
4096,disjoint,16,24,unsafe_unpinned_baseline,0,8,3,8018630,7283468
4096,disjoint,16,24,unsafe_unpinned_baseline,0,9,0,6466923,5679933
4096,disjoint,16,24,unsafe_unpinned_baseline,0,9,1,20230547,19377052
4096,disjoint,16,24,unsafe_unpinned_baseline,0,9,2,18167653,17851615
4096,disjoint,16,24,unsafe_unpinned_baseline,0,9,3,8971534,8485704
4096,disjoint,16,24,unsafe_unpinned_baseline,0,10,0,7325157,6618540
4096,disjoint,16,24,unsafe_unpinned_baseline,0,10,1,19450892,18717574
4096,disjoint,16,24,unsafe_unpinned_baseline,0,10,2,25056254,24322194
4096,disjoint,16,24,unsafe_unpinned_baseline,0,10,3,10873314,10476132
4096,disjoint,16,24,unsafe_unpinned_baseline,0,11,0,23514765,22647654
4096,disjoint,16,24,unsafe_unpinned_baseline,0,11,1,10238783,9611065
4096,disjoint,16,24,unsafe_unpinned_baseline,0,11,2,14227544,13252869
4096,disjoint,16,24,unsafe_unpinned_baseline,0,11,3,9866929,9566360
4096,disjoint,16,24,unsafe_unpinned_baseline,0,12,0,22846861,21983908
4096,disjoint,16,24,unsafe_unpinned_baseline,0,12,1,10896588,10034226
4096,disjoint,16,24,unsafe_unpinned_baseline,0,12,2,14946655,14131632
4096,disjoint,16,24,unsafe_unpinned_baseline,0,12,3,9644077,9287803
4096,disjoint,16,24,unsafe_unpinned_baseline,0,13,0,24212696,23368989
4096,disjoint,16,24,unsafe_unpinned_baseline,0,13,1,10452508,9827665
4096,disjoint,16,24,unsafe_unpinned_baseline,0,13,2,14012176,13615576
4096,disjoint,16,24,unsafe_unpinned_baseline,0,13,3,9662332,9291349
4096,disjoint,16,24,unsafe_unpinned_baseline,0,14,0,23649440,22956528
4096,disjoint,16,24,unsafe_unpinned_baseline,0,14,1,28074557,26785537
4096,disjoint,16,24,unsafe_unpinned_baseline,0,14,2,10914793,10557146
4096,disjoint,16,24,unsafe_unpinned_baseline,0,14,3,2380617,1801170
4096,disjoint,16,24,unsafe_unpinned_baseline,0,15,0,26240936,25401657
4096,disjoint,16,24,unsafe_unpinned_baseline,0,15,1,17096205,16596579
4096,disjoint,16,24,unsafe_unpinned_baseline,0,15,2,9058118,8526040
4096,disjoint,16,24,unsafe_unpinned_baseline,0,15,3,11426621,11078973
4096,disjoint,16,24,unsafe_unpinned_baseline,1,0,0,22091651,21201727
4096,disjoint,16,24,unsafe_unpinned_baseline,1,0,1,9782269,9473243
4096,disjoint,16,24,unsafe_unpinned_baseline,1,0,2,12871297,12584653
4096,disjoint,16,24,unsafe_unpinned_baseline,1,0,3,14645494,14378830
4096,disjoint,16,24,unsafe_unpinned_baseline,1,1,0,22994080,22142247
4096,disjoint,16,24,unsafe_unpinned_baseline,1,1,1,25974321,25043509
4096,disjoint,16,24,unsafe_unpinned_baseline,1,1,2,15514500,15222478
4096,disjoint,16,24,unsafe_unpinned_baseline,1,1,3,1988073,1667407
4096,disjoint,16,24,unsafe_unpinned_baseline,1,2,0,23439723,22626163
4096,disjoint,16,24,unsafe_unpinned_baseline,1,2,1,8784801,8375355
4096,disjoint,16,24,unsafe_unpinned_baseline,1,2,2,24718564,24436060
4096,disjoint,16,24,unsafe_unpinned_baseline,1,2,3,6647995,6334572
4096,disjoint,16,24,unsafe_unpinned_baseline,1,3,0,22026618,21074125
4096,disjoint,16,24,unsafe_unpinned_baseline,1,3,1,9823797,9498812
4096,disjoint,16,24,unsafe_unpinned_baseline,1,3,2,12879912,12619810
4096,disjoint,16,24,unsafe_unpinned_baseline,1,3,3,14484129,14131622
4096,disjoint,16,24,unsafe_unpinned_baseline,1,4,0,31010365,30277377
4096,disjoint,16,24,unsafe_unpinned_baseline,1,4,1,15644927,15331334
4096,disjoint,16,24,unsafe_unpinned_baseline,1,4,2,12671778,12351362
4096,disjoint,16,24,unsafe_unpinned_baseline,1,4,3,6114445,5781855
4096,disjoint,16,24,unsafe_unpinned_baseline,1,5,0,9405355,8645106
4096,disjoint,16,24,unsafe_unpinned_baseline,1,5,1,12318440,11933020
4096,disjoint,16,24,unsafe_unpinned_baseline,1,5,2,10183157,9890483
4096,disjoint,16,24,unsafe_unpinned_baseline,1,5,3,12761889,12507598
4096,disjoint,16,24,unsafe_unpinned_baseline,1,6,0,19949236,19185189
4096,disjoint,16,24,unsafe_unpinned_baseline,1,6,1,8705260,8369825
4096,disjoint,16,24,unsafe_unpinned_baseline,1,6,2,9344630,9078156
4096,disjoint,16,24,unsafe_unpinned_baseline,1,6,3,14246449,13958584
4096,disjoint,16,24,unsafe_unpinned_baseline,1,7,0,9880204,9123311
4096,disjoint,16,24,unsafe_unpinned_baseline,1,7,1,11935645,11601974
4096,disjoint,16,24,unsafe_unpinned_baseline,1,7,2,10029657,9775355
4096,disjoint,16,24,unsafe_unpinned_baseline,1,7,3,25001600,24462840
4096,disjoint,16,24,unsafe_unpinned_baseline,1,8,0,30957294,30110902
4096,disjoint,16,24,unsafe_unpinned_baseline,1,8,1,15542723,15246763
4096,disjoint,16,24,unsafe_unpinned_baseline,1,8,2,12845928,12552773
4096,disjoint,16,24,unsafe_unpinned_baseline,1,8,3,5415542,5128578
4096,disjoint,16,24,unsafe_unpinned_baseline,1,9,0,22168938,21390093
4096,disjoint,16,24,unsafe_unpinned_baseline,1,9,1,16572813,16288285
4096,disjoint,16,24,unsafe_unpinned_baseline,1,9,2,12650168,12374065
4096,disjoint,16,24,unsafe_unpinned_baseline,1,9,3,10056498,9805132
4096,disjoint,16,24,unsafe_unpinned_baseline,1,10,0,30936716,30204129
4096,disjoint,16,24,unsafe_unpinned_baseline,1,10,1,15625701,15309703
4096,disjoint,16,24,unsafe_unpinned_baseline,1,10,2,12691706,12366401
4096,disjoint,16,24,unsafe_unpinned_baseline,1,10,3,5360688,5065950
4096,disjoint,16,24,unsafe_unpinned_baseline,1,11,0,22165922,21376988
4096,disjoint,16,24,unsafe_unpinned_baseline,1,11,1,9606796,9279937
4096,disjoint,16,24,unsafe_unpinned_baseline,1,11,2,12811754,12522506
4096,disjoint,16,24,unsafe_unpinned_baseline,1,11,3,13990114,13714933
4096,disjoint,16,24,unsafe_unpinned_baseline,1,12,0,22106580,21345128
4096,disjoint,16,24,unsafe_unpinned_baseline,1,12,1,9551422,9257225
4096,disjoint,16,24,unsafe_unpinned_baseline,1,12,2,13232500,12910451
4096,disjoint,16,24,unsafe_unpinned_baseline,1,12,3,13660000,13418052
4096,disjoint,16,24,unsafe_unpinned_baseline,1,13,0,30913622,30125950
4096,disjoint,16,24,unsafe_unpinned_baseline,1,13,1,16312431,15978308
4096,disjoint,16,24,unsafe_unpinned_baseline,1,13,2,12004906,11725096
4096,disjoint,16,24,unsafe_unpinned_baseline,1,13,3,5466889,5187260
4096,disjoint,16,24,unsafe_unpinned_baseline,1,14,0,9998678,9255351
4096,disjoint,16,24,unsafe_unpinned_baseline,1,14,1,19657073,18957808
4096,disjoint,16,24,unsafe_unpinned_baseline,1,14,2,8721280,8477278
4096,disjoint,16,24,unsafe_unpinned_baseline,1,14,3,14446759,14066268
4096,disjoint,16,24,unsafe_unpinned_baseline,1,15,0,9253968,8435469
4096,disjoint,16,24,unsafe_unpinned_baseline,1,15,1,24835645,24013229
4096,disjoint,16,24,unsafe_unpinned_baseline,1,15,2,22045314,21765434
4096,disjoint,16,24,unsafe_unpinned_baseline,1,15,3,6536434,6042399
4096,disjoint,16,24,pinned,1,0,0,10041369,7358761
4096,disjoint,16,24,pinned,1,0,1,18348635,16786408
4096,disjoint,16,24,pinned,1,0,2,14927639,12878109
4096,disjoint,16,24,pinned,1,0,3,15369776,13922496
4096,disjoint,16,24,pinned,1,1,0,20908641,18188331
4096,disjoint,16,24,pinned,1,1,1,20679308,18536571
4096,disjoint,16,24,pinned,1,1,2,14066529,12178134
4096,disjoint,16,24,pinned,1,1,3,13442688,11700170
4096,disjoint,16,24,pinned,1,2,0,20968234,17739262
4096,disjoint,16,24,pinned,1,2,1,19802317,17508925
4096,disjoint,16,24,pinned,1,2,2,17387186,15711352
4096,disjoint,16,24,pinned,1,2,3,11203970,9080801
4096,disjoint,16,24,pinned,1,3,0,9966488,7014398
4096,disjoint,16,24,pinned,1,3,1,18937139,17214628
4096,disjoint,16,24,pinned,1,3,2,13508582,11431671
4096,disjoint,16,24,pinned,1,3,3,15654546,13769046
4096,disjoint,16,24,pinned,1,4,0,21140330,18261821
4096,disjoint,16,24,pinned,1,4,1,21272560,18228187
4096,disjoint,16,24,pinned,1,4,2,13217582,11310802
4096,disjoint,16,24,pinned,1,4,3,12021808,10581812
4096,disjoint,16,24,pinned,1,5,0,20820665,17625426
4096,disjoint,16,24,pinned,1,5,1,9312259,7402083
4096,disjoint,16,24,pinned,1,5,2,20351416,19214234
4096,disjoint,16,24,pinned,1,5,3,14311242,13173508
4096,disjoint,16,24,pinned,1,6,0,9221286,5833824
4096,disjoint,16,24,pinned,1,6,1,13957913,12182803
4096,disjoint,16,24,pinned,1,6,2,14469702,13034214
4096,disjoint,16,24,pinned,1,6,3,8885410,7416220
4096,disjoint,16,24,pinned,1,7,0,20880037,18430740
4096,disjoint,16,24,pinned,1,7,1,20073531,17722740
4096,disjoint,16,24,pinned,1,7,2,14145629,11816069
4096,disjoint,16,24,pinned,1,7,3,11957987,10002516
4096,disjoint,16,24,pinned,1,8,0,20835252,18142605
4096,disjoint,16,24,pinned,1,8,1,7886730,5852008
4096,disjoint,16,24,pinned,1,8,2,14342351,12667440
4096,disjoint,16,24,pinned,1,8,3,24915577,23430055
4096,disjoint,16,24,pinned,1,9,0,20134526,17251408
4096,disjoint,16,24,pinned,1,9,1,8758681,7121451
4096,disjoint,16,24,pinned,1,9,2,14394359,12644327
4096,disjoint,16,24,pinned,1,9,3,24707964,22995943
4096,disjoint,16,24,pinned,1,10,0,20845112,18215854
4096,disjoint,16,24,pinned,1,10,1,9237908,7484529
4096,disjoint,16,24,pinned,1,10,2,20482745,19186271
4096,disjoint,16,24,pinned,1,10,3,12884792,11070588
4096,disjoint,16,24,pinned,1,11,0,20923149,18284945
4096,disjoint,16,24,pinned,1,11,1,19742594,17223446
4096,disjoint,16,24,pinned,1,11,2,16112582,13849538
4096,disjoint,16,24,pinned,1,11,3,12138660,9983039
4096,disjoint,16,24,pinned,1,12,0,18657871,16129695
4096,disjoint,16,24,pinned,1,12,1,6330224,4770281
4096,disjoint,16,24,pinned,1,12,2,20409607,18530300
4096,disjoint,16,24,pinned,1,12,3,15426904,13939519
4096,disjoint,16,24,pinned,1,13,0,24618364,22018032
4096,disjoint,16,24,pinned,1,13,1,15785313,13315979
4096,disjoint,16,24,pinned,1,13,2,14040980,12361170
4096,disjoint,16,24,pinned,1,13,3,13515877,12225393
4096,disjoint,16,24,pinned,1,14,0,9051415,5911822
4096,disjoint,16,24,pinned,1,14,1,19311398,17274421
4096,disjoint,16,24,pinned,1,14,2,14879648,12851619
4096,disjoint,16,24,pinned,1,14,3,24852768,23117533
4096,disjoint,16,24,pinned,1,15,0,20858356,18278242
4096,disjoint,16,24,pinned,1,15,1,9188354,7414135
4096,disjoint,16,24,pinned,1,15,2,20074162,18593880
4096,disjoint,16,24,pinned,1,15,3,14766674,13522018
4096,disjoint,16,24,pinned,2,0,0,14484751,10959737
4096,disjoint,16,24,pinned,2,0,1,9723477,7646616
4096,disjoint,16,24,pinned,2,0,2,14115932,12335352
4096,disjoint,16,24,pinned,2,0,3,14529245,12991233
4096,disjoint,16,24,pinned,2,1,0,21516422,18727152
4096,disjoint,16,24,pinned,2,1,1,20772724,19264750
4096,disjoint,16,24,pinned,2,1,2,15034862,13492692
4096,disjoint,16,24,pinned,2,1,3,5130863,3724080
4096,disjoint,16,24,pinned,2,2,0,26996887,23239564
4096,disjoint,16,24,pinned,2,2,1,13329924,11348173
4096,disjoint,16,24,pinned,2,2,2,12755366,11202478
4096,disjoint,16,24,pinned,2,2,3,8210032,6645931
4096,disjoint,16,24,pinned,2,3,0,17518885,14578538
4096,disjoint,16,24,pinned,2,3,1,10710436,8774851
4096,disjoint,16,24,pinned,2,3,2,32953633,29778412
4096,disjoint,16,24,pinned,2,3,3,5949834,4046400
4096,disjoint,16,24,pinned,2,4,0,17727539,14876733
4096,disjoint,16,24,pinned,2,4,1,11473340,8991382
4096,disjoint,16,24,pinned,2,4,2,32317279,29388996
4096,disjoint,16,24,pinned,2,4,3,5561709,3682872
4096,disjoint,16,24,pinned,2,5,0,8379423,5477430
4096,disjoint,16,24,pinned,2,5,1,16280160,14470273
4096,disjoint,16,24,pinned,2,5,2,11276838,9468715
4096,disjoint,16,24,pinned,2,5,3,7720395,6200097
4096,disjoint,16,24,pinned,2,6,0,18463673,14813583
4096,disjoint,16,24,pinned,2,6,1,9673764,7438101
4096,disjoint,16,24,pinned,2,6,2,12585415,10579728
4096,disjoint,16,24,pinned,2,6,3,12177614,10587373
4096,disjoint,16,24,pinned,2,7,0,26989283,23211811
4096,disjoint,16,24,pinned,2,7,1,33967423,30526719
4096,disjoint,16,24,pinned,2,7,2,4639432,3035466
4096,disjoint,16,24,pinned,2,7,3,2440150,1158593
4096,disjoint,16,24,pinned,2,8,0,26042630,22653274
4096,disjoint,16,24,pinned,2,8,1,14314459,12042898
4096,disjoint,16,24,pinned,2,8,2,13375841,11662739
4096,disjoint,16,24,pinned,2,8,3,7535305,6296980
4096,disjoint,16,24,pinned,2,9,0,26721746,23979996
4096,disjoint,16,24,pinned,2,9,1,14308938,12034242
4096,disjoint,16,24,pinned,2,9,2,11723985,10085252
4096,disjoint,16,24,pinned,2,9,3,9175910,7773005
4096,disjoint,16,24,pinned,2,10,0,26686079,23215378
4096,disjoint,16,24,pinned,2,10,1,13615856,11268863
4096,disjoint,16,24,pinned,2,10,2,13696248,12022259
4096,disjoint,16,24,pinned,2,10,3,7384780,5720329
4096,disjoint,16,24,pinned,2,11,0,18375536,15585995
4096,disjoint,16,24,pinned,2,11,1,11803154,9701295
4096,disjoint,16,24,pinned,2,11,2,30753839,28382591
4096,disjoint,16,24,pinned,2,11,3,4036301,2026186
4096,disjoint,16,24,pinned,2,12,0,19341395,15551149
4096,disjoint,16,24,pinned,2,12,1,23710556,22007251
4096,disjoint,16,24,pinned,2,12,2,19157356,17641327
4096,disjoint,16,24,pinned,2,12,3,5233768,3370040
4096,disjoint,16,24,pinned,2,13,0,26962802,23211461
4096,disjoint,16,24,pinned,2,13,1,12707466,10642287
4096,disjoint,16,24,pinned,2,13,2,14035099,12366271
4096,disjoint,16,24,pinned,2,13,3,7572976,6157085
4096,disjoint,16,24,pinned,2,14,0,18414299,14849030
4096,disjoint,16,24,pinned,2,14,1,9608539,7521689
4096,disjoint,16,24,pinned,2,14,2,19908298,17844601
4096,disjoint,16,24,pinned,2,14,3,10076886,8810769
4096,disjoint,16,24,pinned,2,15,0,8737521,6258127
4096,disjoint,16,24,pinned,2,15,1,15720420,14010894
4096,disjoint,16,24,pinned,2,15,2,11804226,10053391
4096,disjoint,16,24,pinned,2,15,3,10416108,8603126
4096,disjoint,16,24,unsafe_unpinned_baseline,2,0,0,8504820,8027837
4096,disjoint,16,24,unsafe_unpinned_baseline,2,0,1,13174080,12521965
4096,disjoint,16,24,unsafe_unpinned_baseline,2,0,2,11128897,10775740
4096,disjoint,16,24,unsafe_unpinned_baseline,2,0,3,11756766,11395573
4096,disjoint,16,24,unsafe_unpinned_baseline,2,1,0,24204130,23764498
4096,disjoint,16,24,unsafe_unpinned_baseline,2,1,1,11159395,10819311
4096,disjoint,16,24,unsafe_unpinned_baseline,2,1,2,8128377,7766883
4096,disjoint,16,24,unsafe_unpinned_baseline,2,1,3,8941677,8658370
4096,disjoint,16,24,unsafe_unpinned_baseline,2,2,0,9111388,8612143
4096,disjoint,16,24,unsafe_unpinned_baseline,2,2,1,22461511,21923503
4096,disjoint,16,24,unsafe_unpinned_baseline,2,2,2,9911974,9572973
4096,disjoint,16,24,unsafe_unpinned_baseline,2,2,3,10545753,10037922
4096,disjoint,16,24,unsafe_unpinned_baseline,2,3,0,8760634,8305012
4096,disjoint,16,24,unsafe_unpinned_baseline,2,3,1,27415069,26867302
4096,disjoint,16,24,unsafe_unpinned_baseline,2,3,2,14087208,13755260
4096,disjoint,16,24,unsafe_unpinned_baseline,2,3,3,4592845,4226842
4096,disjoint,16,24,unsafe_unpinned_baseline,2,4,0,8393860,8014632
4096,disjoint,16,24,unsafe_unpinned_baseline,2,4,1,22444439,21479683
4096,disjoint,16,24,unsafe_unpinned_baseline,2,4,2,9978931,9585627
4096,disjoint,16,24,unsafe_unpinned_baseline,2,4,3,9330344,9036156
4096,disjoint,16,24,unsafe_unpinned_baseline,2,5,0,12783079,12403521
4096,disjoint,16,24,unsafe_unpinned_baseline,2,5,1,9325143,8980841
4096,disjoint,16,24,unsafe_unpinned_baseline,2,5,2,13134545,12805081
4096,disjoint,16,24,unsafe_unpinned_baseline,2,5,3,11739233,11358583
4096,disjoint,16,24,unsafe_unpinned_baseline,2,6,0,16298214,15474153
4096,disjoint,16,24,unsafe_unpinned_baseline,2,6,1,13672173,13260563
4096,disjoint,16,24,unsafe_unpinned_baseline,2,6,2,10538531,10169061
4096,disjoint,16,24,unsafe_unpinned_baseline,2,6,3,9633537,9341624
4096,disjoint,16,24,unsafe_unpinned_baseline,2,7,0,26193396,25662311
4096,disjoint,16,24,unsafe_unpinned_baseline,2,7,1,22074989,21589390
4096,disjoint,16,24,unsafe_unpinned_baseline,2,7,2,4065356,3426126
4096,disjoint,16,24,unsafe_unpinned_baseline,2,7,3,2517265,2211186
4096,disjoint,16,24,unsafe_unpinned_baseline,2,8,0,12446652,12038861
4096,disjoint,16,24,unsafe_unpinned_baseline,2,8,1,10257608,9854595
4096,disjoint,16,24,unsafe_unpinned_baseline,2,8,2,9970585,9621845
4096,disjoint,16,24,unsafe_unpinned_baseline,2,8,3,11832510,11492706
4096,disjoint,16,24,unsafe_unpinned_baseline,2,9,0,17616880,17049636
4096,disjoint,16,24,unsafe_unpinned_baseline,2,9,1,12471359,12022489
4096,disjoint,16,24,unsafe_unpinned_baseline,2,9,2,10033455,9540431
4096,disjoint,16,24,unsafe_unpinned_baseline,2,9,3,10128945,9832574
4096,disjoint,16,24,unsafe_unpinned_baseline,2,10,0,16932845,16000009
4096,disjoint,16,24,unsafe_unpinned_baseline,2,10,1,12590395,12262454
4096,disjoint,16,24,unsafe_unpinned_baseline,2,10,2,10543009,10202334
4096,disjoint,16,24,unsafe_unpinned_baseline,2,10,3,10198146,9893850
4096,disjoint,16,24,unsafe_unpinned_baseline,2,11,0,26053081,25534238
4096,disjoint,16,24,unsafe_unpinned_baseline,2,11,1,16787951,16423240
4096,disjoint,16,24,unsafe_unpinned_baseline,2,11,2,8350728,7787442
4096,disjoint,16,24,unsafe_unpinned_baseline,2,11,3,1981912,1665072
4096,disjoint,16,24,unsafe_unpinned_baseline,2,12,0,17407183,16909220
4096,disjoint,16,24,unsafe_unpinned_baseline,2,12,1,12605733,12198312
4096,disjoint,16,24,unsafe_unpinned_baseline,2,12,2,10524453,10183769
4096,disjoint,16,24,unsafe_unpinned_baseline,2,12,3,9655799,9346624
4096,disjoint,16,24,unsafe_unpinned_baseline,2,13,0,8403869,7922237
4096,disjoint,16,24,unsafe_unpinned_baseline,2,13,1,13432408,12730399
4096,disjoint,16,24,unsafe_unpinned_baseline,2,13,2,11285124,10722067
4096,disjoint,16,24,unsafe_unpinned_baseline,2,13,3,13044624,12220795
4096,disjoint,16,24,unsafe_unpinned_baseline,2,14,0,9115696,8645686
4096,disjoint,16,24,unsafe_unpinned_baseline,2,14,1,12172143,11682155
4096,disjoint,16,24,unsafe_unpinned_baseline,2,14,2,11504148,11101637
4096,disjoint,16,24,unsafe_unpinned_baseline,2,14,3,11720257,11364944
4096,disjoint,16,24,unsafe_unpinned_baseline,2,15,0,9010928,8537142
4096,disjoint,16,24,unsafe_unpinned_baseline,2,15,1,12623517,12111398
4096,disjoint,16,24,unsafe_unpinned_baseline,2,15,2,13206230,12883370
4096,disjoint,16,24,unsafe_unpinned_baseline,2,15,3,12073326,11688667
4096,disjoint,16,24,unsafe_unpinned_baseline,3,0,0,8299702,7335056
4096,disjoint,16,24,unsafe_unpinned_baseline,3,0,1,13734170,13358298
4096,disjoint,16,24,unsafe_unpinned_baseline,3,0,2,23081705,22619621
4096,disjoint,16,24,unsafe_unpinned_baseline,3,0,3,12514530,11841347
4096,disjoint,16,24,unsafe_unpinned_baseline,3,1,0,5560747,4593796
4096,disjoint,16,24,unsafe_unpinned_baseline,3,1,1,14930444,14363622
4096,disjoint,16,24,unsafe_unpinned_baseline,3,1,2,9178014,8334849
4096,disjoint,16,24,unsafe_unpinned_baseline,3,1,3,17136330,16838276
4096,disjoint,16,24,unsafe_unpinned_baseline,3,2,0,7183569,6680596
4096,disjoint,16,24,unsafe_unpinned_baseline,3,2,1,14190073,13857543
4096,disjoint,16,24,unsafe_unpinned_baseline,3,2,2,23311029,22597689
4096,disjoint,16,24,unsafe_unpinned_baseline,3,2,3,10014138,9759705
4096,disjoint,16,24,unsafe_unpinned_baseline,3,3,0,21192759,20197305
4096,disjoint,16,24,unsafe_unpinned_baseline,3,3,1,23584948,23137612
4096,disjoint,16,24,unsafe_unpinned_baseline,3,3,2,13681300,13397863
4096,disjoint,16,24,unsafe_unpinned_baseline,3,3,3,2719207,2477951
4096,disjoint,16,24,unsafe_unpinned_baseline,3,4,0,23180813,22596657
4096,disjoint,16,24,unsafe_unpinned_baseline,3,4,1,21479172,20995586
4096,disjoint,16,24,unsafe_unpinned_baseline,3,4,2,14322153,14027686
4096,disjoint,16,24,unsafe_unpinned_baseline,3,4,3,3843877,3606969
4096,disjoint,16,24,unsafe_unpinned_baseline,3,5,0,6022331,5483190
4096,disjoint,16,24,unsafe_unpinned_baseline,3,5,1,17218175,16815333
4096,disjoint,16,24,unsafe_unpinned_baseline,3,5,2,20266346,19809270
4096,disjoint,16,24,unsafe_unpinned_baseline,3,5,3,11467949,11102138
4096,disjoint,16,24,unsafe_unpinned_baseline,3,6,0,7236710,6735240
4096,disjoint,16,24,unsafe_unpinned_baseline,3,6,1,13752835,13426768
4096,disjoint,16,24,unsafe_unpinned_baseline,3,6,2,8609579,8196066
4096,disjoint,16,24,unsafe_unpinned_baseline,3,6,3,17145547,16909040
4096,disjoint,16,24,unsafe_unpinned_baseline,3,7,0,20927527,20088649
4096,disjoint,16,24,unsafe_unpinned_baseline,3,7,1,8607285,8190315
4096,disjoint,16,24,unsafe_unpinned_baseline,3,7,2,17173150,16903900
4096,disjoint,16,24,unsafe_unpinned_baseline,3,7,3,11520168,11254245
4096,disjoint,16,24,unsafe_unpinned_baseline,3,8,0,21364765,20396743
4096,disjoint,16,24,unsafe_unpinned_baseline,3,8,1,28767700,28060350
4096,disjoint,16,24,unsafe_unpinned_baseline,3,8,2,12265660,11496875
4096,disjoint,16,24,unsafe_unpinned_baseline,3,8,3,3582462,3306269
4096,disjoint,16,24,unsafe_unpinned_baseline,3,9,0,5414179,5002049
4096,disjoint,16,24,unsafe_unpinned_baseline,3,9,1,14417553,13936803
4096,disjoint,16,24,unsafe_unpinned_baseline,3,9,2,3650440,3195910
4096,disjoint,16,24,unsafe_unpinned_baseline,3,9,3,21507214,21271519
4096,disjoint,16,24,unsafe_unpinned_baseline,3,10,0,21005174,20082938
4096,disjoint,16,24,unsafe_unpinned_baseline,3,10,1,23688534,23118075
4096,disjoint,16,24,unsafe_unpinned_baseline,3,10,2,16175231,15863090
4096,disjoint,16,24,unsafe_unpinned_baseline,3,10,3,2648584,2390906
4096,disjoint,16,24,unsafe_unpinned_baseline,3,11,0,23073429,22210736
4096,disjoint,16,24,unsafe_unpinned_baseline,3,11,1,16836553,16338741
4096,disjoint,16,24,unsafe_unpinned_baseline,3,11,2,11208850,9835239
4096,disjoint,16,24,unsafe_unpinned_baseline,3,11,3,8993756,8709237
4096,disjoint,16,24,unsafe_unpinned_baseline,3,12,0,23046679,22523478
4096,disjoint,16,24,unsafe_unpinned_baseline,3,12,1,18062253,17693304
4096,disjoint,16,24,unsafe_unpinned_baseline,3,12,2,12315174,11988385
4096,disjoint,16,24,unsafe_unpinned_baseline,3,12,3,6760127,6281682
4096,disjoint,16,24,unsafe_unpinned_baseline,3,13,0,20949719,20485971
4096,disjoint,16,24,unsafe_unpinned_baseline,3,13,1,7882132,7511741
4096,disjoint,16,24,unsafe_unpinned_baseline,3,13,2,16819170,16520635
4096,disjoint,16,24,unsafe_unpinned_baseline,3,13,3,12090849,11596793
4096,disjoint,16,24,unsafe_unpinned_baseline,3,14,0,21308188,20440505
4096,disjoint,16,24,unsafe_unpinned_baseline,3,14,1,7406501,6731323
4096,disjoint,16,24,unsafe_unpinned_baseline,3,14,2,17249625,16919280
4096,disjoint,16,24,unsafe_unpinned_baseline,3,14,3,12268575,11848200
4096,disjoint,16,24,unsafe_unpinned_baseline,3,15,0,21044589,20228434
4096,disjoint,16,24,unsafe_unpinned_baseline,3,15,1,8982725,8564463
4096,disjoint,16,24,unsafe_unpinned_baseline,3,15,2,16600205,15802565
4096,disjoint,16,24,unsafe_unpinned_baseline,3,15,3,11589269,11278030
4096,disjoint,16,24,pinned,3,0,0,12404954,9941841
4096,disjoint,16,24,pinned,3,0,1,10781430,9034463
4096,disjoint,16,24,pinned,3,0,2,25677970,24279483
4096,disjoint,16,24,pinned,3,0,3,15433998,14081237
4096,disjoint,16,24,pinned,3,1,0,22515443,19963913
4096,disjoint,16,24,pinned,3,1,1,20252961,18154297
4096,disjoint,16,24,pinned,3,1,2,9279848,7830263
4096,disjoint,16,24,pinned,3,1,3,11097648,9442445
4096,disjoint,16,24,pinned,3,2,0,22250552,19671059
4096,disjoint,16,24,pinned,3,2,1,10436968,8630798
4096,disjoint,16,24,pinned,3,2,2,13137961,11694048
4096,disjoint,16,24,pinned,3,2,3,12705693,11275295
4096,disjoint,16,24,pinned,3,3,0,12398311,10127793
4096,disjoint,16,24,pinned,3,3,1,20111252,17725926
4096,disjoint,16,24,pinned,3,3,2,21305924,19481530
4096,disjoint,16,24,pinned,3,3,3,11814145,9621254
4096,disjoint,16,24,pinned,3,4,0,22806885,19752493
4096,disjoint,16,24,pinned,3,4,1,9696386,8183783
4096,disjoint,16,24,pinned,3,4,2,13323492,11885050
4096,disjoint,16,24,pinned,3,4,3,12639607,11091206
4096,disjoint,16,24,pinned,3,5,0,12271240,9779242
4096,disjoint,16,24,pinned,3,5,1,19085480,17218726
4096,disjoint,16,24,pinned,3,5,2,14386023,12853022
4096,disjoint,16,24,pinned,3,5,3,12275358,10495709
4096,disjoint,16,24,pinned,3,6,0,11314449,9068327
4096,disjoint,16,24,pinned,3,6,1,12102751,10037561
4096,disjoint,16,24,pinned,3,6,2,19122981,17458951
4096,disjoint,16,24,pinned,3,6,3,10595338,9091531
4096,disjoint,16,24,pinned,3,7,0,8360517,5841638
4096,disjoint,16,24,pinned,3,7,1,18167181,16780146
4096,disjoint,16,24,pinned,3,7,2,16213102,14561967
4096,disjoint,16,24,pinned,3,7,3,10449031,8740907
4096,disjoint,16,24,pinned,3,8,0,22236867,19501588
4096,disjoint,16,24,pinned,3,8,1,10331849,8601974
4096,disjoint,16,24,pinned,3,8,2,27217294,25482350
4096,disjoint,16,24,pinned,3,8,3,5895751,4357449
4096,disjoint,16,24,pinned,3,9,0,22538698,19812787
4096,disjoint,16,24,pinned,3,9,1,10048332,8324168
4096,disjoint,16,24,pinned,3,9,2,13155354,11666706
4096,disjoint,16,24,pinned,3,9,3,11630979,10042140
4096,disjoint,16,24,pinned,3,10,0,11200934,9079929
4096,disjoint,16,24,pinned,3,10,1,12034211,10059293
4096,disjoint,16,24,pinned,3,10,2,26173057,24422002
4096,disjoint,16,24,pinned,3,10,3,16333711,15033670
4096,disjoint,16,24,pinned,3,11,0,25904960,23838598
4096,disjoint,16,24,pinned,3,11,1,16532447,15227056
4096,disjoint,16,24,pinned,3,11,2,11752509,9680445
4096,disjoint,16,24,pinned,3,11,3,9709931,7650773
4096,disjoint,16,24,pinned,3,12,0,12315755,10142471
4096,disjoint,16,24,pinned,3,12,1,18860154,17044386
4096,disjoint,16,24,pinned,3,12,2,14571975,12431404
4096,disjoint,16,24,pinned,3,12,3,11667017,10010120
4096,disjoint,16,24,pinned,3,13,0,12326305,9550470
4096,disjoint,16,24,pinned,3,13,1,10905935,9169278
4096,disjoint,16,24,pinned,3,13,2,9786106,8075338
4096,disjoint,16,24,pinned,3,13,3,31782446,30279802
4096,disjoint,16,24,pinned,3,14,0,12082032,9583111
4096,disjoint,16,24,pinned,3,14,1,11643582,9841320
4096,disjoint,16,24,pinned,3,14,2,24764290,23324706
4096,disjoint,16,24,pinned,3,14,3,15221576,13753096
4096,disjoint,16,24,pinned,3,15,0,12363395,9716244
4096,disjoint,16,24,pinned,3,15,1,18186859,16318933
4096,disjoint,16,24,pinned,3,15,2,16771419,15332285
4096,disjoint,16,24,pinned,3,15,3,11741257,10595438
4096,disjoint,16,24,pinned,4,0,0,18645908,15880654
4096,disjoint,16,24,pinned,4,0,1,8199102,6895584
4096,disjoint,16,24,pinned,4,0,2,13036860,11368481
4096,disjoint,16,24,pinned,4,0,3,9038130,7724322
4096,disjoint,16,24,pinned,4,1,0,22044922,19016420
4096,disjoint,16,24,pinned,4,1,1,12021147,9857291
4096,disjoint,16,24,pinned,4,1,2,13468577,12121046
4096,disjoint,16,24,pinned,4,1,3,10970739,9828747
4096,disjoint,16,24,pinned,4,2,0,22156053,18662599
4096,disjoint,16,24,pinned,4,2,1,10305590,7999193
4096,disjoint,16,24,pinned,4,2,2,14370374,13055795
4096,disjoint,16,24,pinned,4,2,3,13255835,11879780
4096,disjoint,16,24,pinned,4,3,0,19835761,17141871
4096,disjoint,16,24,pinned,4,3,1,8029941,6466832
4096,disjoint,16,24,pinned,4,3,2,11110042,9845148
4096,disjoint,16,24,pinned,4,3,3,9960476,8542231
4096,disjoint,16,24,pinned,4,4,0,22292952,19075431
4096,disjoint,16,24,pinned,4,4,1,19384496,17263751
4096,disjoint,16,24,pinned,4,4,2,8437353,7120590
4096,disjoint,16,24,pinned,4,4,3,8547922,7448801
4096,disjoint,16,24,pinned,4,5,0,11051662,7476243
4096,disjoint,16,24,pinned,4,5,1,12369487,10000672
4096,disjoint,16,24,pinned,4,5,2,24643511,22849616
4096,disjoint,16,24,pinned,4,5,3,9413521,8081429
4096,disjoint,16,24,pinned,4,6,0,23386142,19286400
4096,disjoint,16,24,pinned,4,6,1,24761485,23270092
4096,disjoint,16,24,pinned,4,6,2,10887601,9145232
4096,disjoint,16,24,pinned,4,6,3,4107426,2510091
4096,disjoint,16,24,pinned,4,7,0,21127165,17683797
4096,disjoint,16,24,pinned,4,7,1,12012580,9214614
4096,disjoint,16,24,pinned,4,7,2,13568206,12323860
4096,disjoint,16,24,pinned,4,7,3,7424615,6412419
4096,disjoint,16,24,pinned,4,8,0,11755184,8744474
4096,disjoint,16,24,pinned,4,8,1,19395527,18109002
4096,disjoint,16,24,pinned,4,8,2,15119782,13567645
4096,disjoint,16,24,pinned,4,8,3,7798523,6672101
4096,disjoint,16,24,pinned,4,9,0,22186631,18734385
4096,disjoint,16,24,pinned,4,9,1,25973079,24038527
4096,disjoint,16,24,pinned,4,9,2,10736685,8914726
4096,disjoint,16,24,pinned,4,9,3,4221481,2742132
4096,disjoint,16,24,pinned,4,10,0,11249726,8419729
4096,disjoint,16,24,pinned,4,10,1,20014278,18352953
4096,disjoint,16,24,pinned,4,10,2,13771811,12408901
4096,disjoint,16,24,pinned,4,10,3,7014699,5990791
4096,disjoint,16,24,pinned,4,11,0,23070715,18758481
4096,disjoint,16,24,pinned,4,11,1,20054285,18272301
4096,disjoint,16,24,pinned,4,11,2,15970423,14281516
4096,disjoint,16,24,pinned,4,11,3,3801196,2104093
4096,disjoint,16,24,pinned,4,12,0,21910739,18957267
4096,disjoint,16,24,pinned,4,12,1,20923640,18687597
4096,disjoint,16,24,pinned,4,12,2,6727826,5729166
4096,disjoint,16,24,pinned,4,12,3,10374630,9302390
4096,disjoint,16,24,pinned,4,13,0,22033110,18848000
4096,disjoint,16,24,pinned,4,13,1,12133690,9796275
4096,disjoint,16,24,pinned,4,13,2,16640922,15390405
4096,disjoint,16,24,pinned,4,13,3,8983777,7984335
4096,disjoint,16,24,pinned,4,14,0,19753474,16832976
4096,disjoint,16,24,pinned,4,14,1,6982117,5679762
4096,disjoint,16,24,pinned,4,14,2,13182416,11486825
4096,disjoint,16,24,pinned,4,14,3,9297922,7662916
4096,disjoint,16,24,pinned,4,15,0,21977074,18604259
4096,disjoint,16,24,pinned,4,15,1,11709426,9612356
4096,disjoint,16,24,pinned,4,15,2,13155274,11643111
4096,disjoint,16,24,pinned,4,15,3,11950703,10427190
4096,disjoint,16,24,unsafe_unpinned_baseline,4,0,0,19162717,18627192
4096,disjoint,16,24,unsafe_unpinned_baseline,4,0,1,11484220,10871640
4096,disjoint,16,24,unsafe_unpinned_baseline,4,0,2,13268228,12612877
4096,disjoint,16,24,unsafe_unpinned_baseline,4,0,3,11493288,11021735
4096,disjoint,16,24,unsafe_unpinned_baseline,4,1,0,10674508,10252799
4096,disjoint,16,24,unsafe_unpinned_baseline,4,1,1,9855737,9122188
4096,disjoint,16,24,unsafe_unpinned_baseline,4,1,2,15032298,14716680
4096,disjoint,16,24,unsafe_unpinned_baseline,4,1,3,9479165,9191661
4096,disjoint,16,24,unsafe_unpinned_baseline,4,2,0,25977998,25468965
4096,disjoint,16,24,unsafe_unpinned_baseline,4,2,1,12522516,12061112
4096,disjoint,16,24,unsafe_unpinned_baseline,4,2,2,7521939,6995372
4096,disjoint,16,24,unsafe_unpinned_baseline,4,2,3,9382392,9085599
4096,disjoint,16,24,unsafe_unpinned_baseline,4,3,0,11018028,10561514
4096,disjoint,16,24,unsafe_unpinned_baseline,4,3,1,9588342,9180649
4096,disjoint,16,24,unsafe_unpinned_baseline,4,3,2,14547890,14065276
4096,disjoint,16,24,unsafe_unpinned_baseline,4,3,3,10035407,9215225
4096,disjoint,16,24,unsafe_unpinned_baseline,4,4,0,19709852,19233570
4096,disjoint,16,24,unsafe_unpinned_baseline,4,4,1,24243716,23868555
4096,disjoint,16,24,unsafe_unpinned_baseline,4,4,2,11453191,10893201
4096,disjoint,16,24,unsafe_unpinned_baseline,4,4,3,5886634,5519970
4096,disjoint,16,24,unsafe_unpinned_baseline,4,5,0,11684349,11260427
4096,disjoint,16,24,unsafe_unpinned_baseline,4,5,1,19354509,18933833
4096,disjoint,16,24,unsafe_unpinned_baseline,4,5,2,12699381,12160741
4096,disjoint,16,24,unsafe_unpinned_baseline,4,5,3,11675323,11328526
4096,disjoint,16,24,unsafe_unpinned_baseline,4,6,0,10659670,10152770
4096,disjoint,16,24,unsafe_unpinned_baseline,4,6,1,9885514,9151504
4096,disjoint,16,24,unsafe_unpinned_baseline,4,6,2,15129711,14809485
4096,disjoint,16,24,unsafe_unpinned_baseline,4,6,3,9596877,9055403
4096,disjoint,16,24,unsafe_unpinned_baseline,4,7,0,11752298,11296365
4096,disjoint,16,24,unsafe_unpinned_baseline,4,7,1,18897514,18523857
4096,disjoint,16,24,unsafe_unpinned_baseline,4,7,2,12453535,12048699
4096,disjoint,16,24,unsafe_unpinned_baseline,4,7,3,6698140,6303142
4096,disjoint,16,24,unsafe_unpinned_baseline,4,8,0,11648241,11114921
4096,disjoint,16,24,unsafe_unpinned_baseline,4,8,1,27166257,26780507
4096,disjoint,16,24,unsafe_unpinned_baseline,4,8,2,16549600,16126007
4096,disjoint,16,24,unsafe_unpinned_baseline,4,8,3,4473098,4173951
4096,disjoint,16,24,unsafe_unpinned_baseline,4,9,0,11747329,11210403
4096,disjoint,16,24,unsafe_unpinned_baseline,4,9,1,27149376,26750831
4096,disjoint,16,24,unsafe_unpinned_baseline,4,9,2,16472123,16129073
4096,disjoint,16,24,unsafe_unpinned_baseline,4,9,3,6089808,5341171
4096,disjoint,16,24,unsafe_unpinned_baseline,4,10,0,11757137,11292658
4096,disjoint,16,24,unsafe_unpinned_baseline,4,10,1,27125210,26749359
4096,disjoint,16,24,unsafe_unpinned_baseline,4,10,2,16485438,16177164
4096,disjoint,16,24,unsafe_unpinned_baseline,4,10,3,1641839,1287307
4096,disjoint,16,24,unsafe_unpinned_baseline,4,11,0,18404962,18047024
4096,disjoint,16,24,unsafe_unpinned_baseline,4,11,1,11081508,10472265
4096,disjoint,16,24,unsafe_unpinned_baseline,4,11,2,13009569,12703078
4096,disjoint,16,24,unsafe_unpinned_baseline,4,11,3,9258417,8636931
4096,disjoint,16,24,unsafe_unpinned_baseline,4,12,0,10885447,10534613
4096,disjoint,16,24,unsafe_unpinned_baseline,4,12,1,9738596,9321556
4096,disjoint,16,24,unsafe_unpinned_baseline,4,12,2,14787474,14309499
4096,disjoint,16,24,unsafe_unpinned_baseline,4,12,3,9318931,8741298
4096,disjoint,16,24,unsafe_unpinned_baseline,4,13,0,11664041,11244967
4096,disjoint,16,24,unsafe_unpinned_baseline,4,13,1,32662643,32309444
4096,disjoint,16,24,unsafe_unpinned_baseline,4,13,2,11382327,10864838
4096,disjoint,16,24,unsafe_unpinned_baseline,4,13,3,5841619,5277862
4096,disjoint,16,24,unsafe_unpinned_baseline,4,14,0,19593171,19203243
4096,disjoint,16,24,unsafe_unpinned_baseline,4,14,1,24863759,24470614
4096,disjoint,16,24,unsafe_unpinned_baseline,4,14,2,10730824,10354001
4096,disjoint,16,24,unsafe_unpinned_baseline,4,14,3,5027297,4730605
4096,disjoint,16,24,unsafe_unpinned_baseline,4,15,0,10949618,10577153
4096,disjoint,16,24,unsafe_unpinned_baseline,4,15,1,9743876,9319252
4096,disjoint,16,24,unsafe_unpinned_baseline,4,15,2,14886471,14408797
4096,disjoint,16,24,unsafe_unpinned_baseline,4,15,3,9514482,9211068
4096,disjoint,16,24,unsafe_unpinned_baseline,5,0,0,21331121,20687994
4096,disjoint,16,24,unsafe_unpinned_baseline,5,0,1,20259783,19962851
4096,disjoint,16,24,unsafe_unpinned_baseline,5,0,2,10151207,9902647
4096,disjoint,16,24,unsafe_unpinned_baseline,5,0,3,8831850,8540017
4096,disjoint,16,24,unsafe_unpinned_baseline,5,1,0,21067151,20652186
4096,disjoint,16,24,unsafe_unpinned_baseline,5,1,1,11419318,11145018
4096,disjoint,16,24,unsafe_unpinned_baseline,5,1,2,21691864,21465706
4096,disjoint,16,24,unsafe_unpinned_baseline,5,1,3,10552867,10254693
4096,disjoint,16,24,unsafe_unpinned_baseline,5,2,0,14163032,13862352
4096,disjoint,16,24,unsafe_unpinned_baseline,5,2,1,21089825,20769859
4096,disjoint,16,24,unsafe_unpinned_baseline,5,2,2,14562027,13924650
4096,disjoint,16,24,unsafe_unpinned_baseline,5,2,3,10600808,10308765
4096,disjoint,16,24,unsafe_unpinned_baseline,5,3,0,21146822,20657246
4096,disjoint,16,24,unsafe_unpinned_baseline,5,3,1,11771955,11447170
4096,disjoint,16,24,unsafe_unpinned_baseline,5,3,2,12756919,12004245
4096,disjoint,16,24,unsafe_unpinned_baseline,5,3,3,11034489,10770930
4096,disjoint,16,24,unsafe_unpinned_baseline,5,4,0,21856826,21354396
4096,disjoint,16,24,unsafe_unpinned_baseline,5,4,1,14373830,13665740
4096,disjoint,16,24,unsafe_unpinned_baseline,5,4,2,13580809,13291702
4096,disjoint,16,24,unsafe_unpinned_baseline,5,4,3,10650392,10375131
4096,disjoint,16,24,unsafe_unpinned_baseline,5,5,0,21290505,20935062
4096,disjoint,16,24,unsafe_unpinned_baseline,5,5,1,10516008,10247640
4096,disjoint,16,24,unsafe_unpinned_baseline,5,5,2,13437859,13208725
4096,disjoint,16,24,unsafe_unpinned_baseline,5,5,3,11476486,11220140
4096,disjoint,16,24,unsafe_unpinned_baseline,5,6,0,6860668,6507539
4096,disjoint,16,24,unsafe_unpinned_baseline,5,6,1,16328611,15307428
4096,disjoint,16,24,unsafe_unpinned_baseline,5,6,2,13220888,12921581
4096,disjoint,16,24,unsafe_unpinned_baseline,5,6,3,22093355,21699479
4096,disjoint,16,24,unsafe_unpinned_baseline,5,7,0,20246749,19877760
4096,disjoint,16,24,unsafe_unpinned_baseline,5,7,1,10835102,10577704
4096,disjoint,16,24,unsafe_unpinned_baseline,5,7,2,13169671,12898838
4096,disjoint,16,24,unsafe_unpinned_baseline,5,7,3,12000478,11759722
4096,disjoint,16,24,unsafe_unpinned_baseline,5,8,0,6241095,5975973
4096,disjoint,16,24,unsafe_unpinned_baseline,5,8,1,16503853,16202843
4096,disjoint,16,24,unsafe_unpinned_baseline,5,8,2,13780878,13265192
4096,disjoint,16,24,unsafe_unpinned_baseline,5,8,3,13158600,12922172
4096,disjoint,16,24,unsafe_unpinned_baseline,5,9,0,21277540,20443902
4096,disjoint,16,24,unsafe_unpinned_baseline,5,9,1,10615225,10332480
4096,disjoint,16,24,unsafe_unpinned_baseline,5,9,2,21863549,21621952
4096,disjoint,16,24,unsafe_unpinned_baseline,5,9,3,8707043,8403439
4096,disjoint,16,24,unsafe_unpinned_baseline,5,10,0,21158104,20745974
4096,disjoint,16,24,unsafe_unpinned_baseline,5,10,1,11281707,10965909
4096,disjoint,16,24,unsafe_unpinned_baseline,5,10,2,21803356,21570174
4096,disjoint,16,24,unsafe_unpinned_baseline,5,10,3,7354923,7067590
4096,disjoint,16,24,unsafe_unpinned_baseline,5,11,0,21061381,20646105
4096,disjoint,16,24,unsafe_unpinned_baseline,5,11,1,11399991,11086948
4096,disjoint,16,24,unsafe_unpinned_baseline,5,11,2,21837951,21621060
4096,disjoint,16,24,unsafe_unpinned_baseline,5,11,3,10264050,9992266
4096,disjoint,16,24,unsafe_unpinned_baseline,5,12,0,20897771,20544162
4096,disjoint,16,24,unsafe_unpinned_baseline,5,12,1,27419306,26756542
4096,disjoint,16,24,unsafe_unpinned_baseline,5,12,2,9130464,8834074
4096,disjoint,16,24,unsafe_unpinned_baseline,5,12,3,7054374,6840730
4096,disjoint,16,24,unsafe_unpinned_baseline,5,13,0,6233621,5907714
4096,disjoint,16,24,unsafe_unpinned_baseline,5,13,1,16858495,16583003
4096,disjoint,16,24,unsafe_unpinned_baseline,5,13,2,13420756,13177495
4096,disjoint,16,24,unsafe_unpinned_baseline,5,13,3,13159432,12906373
4096,disjoint,16,24,unsafe_unpinned_baseline,5,14,0,21221243,20669850
4096,disjoint,16,24,unsafe_unpinned_baseline,5,14,1,26049193,25737743
4096,disjoint,16,24,unsafe_unpinned_baseline,5,14,2,9608520,9286540
4096,disjoint,16,24,unsafe_unpinned_baseline,5,14,3,7512001,7298136
4096,disjoint,16,24,unsafe_unpinned_baseline,5,15,0,6200958,5960754
4096,disjoint,16,24,unsafe_unpinned_baseline,5,15,1,16909902,16650801
4096,disjoint,16,24,unsafe_unpinned_baseline,5,15,2,25296679,24942357
4096,disjoint,16,24,unsafe_unpinned_baseline,5,15,3,8968498,8734615
4096,disjoint,16,24,pinned,5,0,0,14012857,11897793
4096,disjoint,16,24,pinned,5,0,1,14810448,13550642
4096,disjoint,16,24,pinned,5,0,2,14008840,12807456
4096,disjoint,16,24,pinned,5,0,3,17057441,15455869
4096,disjoint,16,24,pinned,5,1,0,24691533,22424891
4096,disjoint,16,24,pinned,5,1,1,14214659,13011532
4096,disjoint,16,24,pinned,5,1,2,21838211,20562666
4096,disjoint,16,24,pinned,5,1,3,6727386,5089555
4096,disjoint,16,24,pinned,5,2,0,8088493,5973038
4096,disjoint,16,24,pinned,5,2,1,13161956,11797934
4096,disjoint,16,24,pinned,5,2,2,13796488,12702276
4096,disjoint,16,24,pinned,5,2,3,27365344,25715551
4096,disjoint,16,24,pinned,5,3,0,14031102,11997041
4096,disjoint,16,24,pinned,5,3,1,13807138,12633516
4096,disjoint,16,24,pinned,5,3,2,15413559,14254625
4096,disjoint,16,24,pinned,5,3,3,16600376,14353642
4096,disjoint,16,24,pinned,5,4,0,33900536,32019756
4096,disjoint,16,24,pinned,5,4,1,14629634,13561864
4096,disjoint,16,24,pinned,5,4,2,14221823,12628828
4096,disjoint,16,24,pinned,5,4,3,7410268,5819116
4096,disjoint,16,24,pinned,5,5,0,33937497,32028743
4096,disjoint,16,24,pinned,5,5,1,17602192,13631536
4096,disjoint,16,24,pinned,5,5,2,11202617,9940167
4096,disjoint,16,24,pinned,5,5,3,7858527,6631674
4096,disjoint,16,24,pinned,5,6,0,24594269,22320495
4096,disjoint,16,24,pinned,5,6,1,13601649,12444819
4096,disjoint,16,24,pinned,5,6,2,15402778,13697520
4096,disjoint,16,24,pinned,5,6,3,12338267,10292304
4096,disjoint,16,24,pinned,5,7,0,34009292,32008926
4096,disjoint,16,24,pinned,5,7,1,14501893,13157278
4096,disjoint,16,24,pinned,5,7,2,13971218,12399994
4096,disjoint,16,24,pinned,5,7,3,7691010,6271672
4096,disjoint,16,24,pinned,5,8,0,8443274,5989549
4096,disjoint,16,24,pinned,5,8,1,12823847,11680302
4096,disjoint,16,24,pinned,5,8,2,13591259,12401748
4096,disjoint,16,24,pinned,5,8,3,27501052,25818897
4096,disjoint,16,24,pinned,5,9,0,32881076,30327472
4096,disjoint,16,24,pinned,5,9,1,10526507,9314232
4096,disjoint,16,24,pinned,5,9,2,16170852,14760422
4096,disjoint,16,24,pinned,5,9,3,7383157,5719177
4096,disjoint,16,24,pinned,5,10,0,24525689,22502919
4096,disjoint,16,24,pinned,5,10,1,14283289,13023384
4096,disjoint,16,24,pinned,5,10,2,13047049,11755575
4096,disjoint,16,24,pinned,5,10,3,10824672,8608586
4096,disjoint,16,24,pinned,5,11,0,7228154,5491526
4096,disjoint,16,24,pinned,5,11,1,16378816,15078995
4096,disjoint,16,24,pinned,5,11,2,15230804,14028928
4096,disjoint,16,24,pinned,5,11,3,24211475,22654016
4096,disjoint,16,24,pinned,5,12,0,13923599,11786483
4096,disjoint,16,24,pinned,5,12,1,14630527,13396931
4096,disjoint,16,24,pinned,5,12,2,14654372,13477484
4096,disjoint,16,24,pinned,5,12,3,16454169,14781392
4096,disjoint,16,24,pinned,5,13,0,14322564,12095888
4096,disjoint,16,24,pinned,5,13,1,12914708,11163764
4096,disjoint,16,24,pinned,5,13,2,15960625,14802211
4096,disjoint,16,24,pinned,5,13,3,16298935,14520197
4096,disjoint,16,24,pinned,5,14,0,10810475,9101400
4096,disjoint,16,24,pinned,5,14,1,28424410,27206684
4096,disjoint,16,24,pinned,5,14,2,24739474,23132592
4096,disjoint,16,24,pinned,5,14,3,6644819,5537924
4096,disjoint,16,24,pinned,5,15,0,7954859,6129143
4096,disjoint,16,24,pinned,5,15,1,13127341,12070280
4096,disjoint,16,24,pinned,5,15,2,13908179,12813968
4096,disjoint,16,24,pinned,5,15,3,26457756,25197050
4096,same_object,1,24,pinned,-2,0,0,2356080,1178642
4096,same_object,1,24,pinned,-2,0,1,5393230,3424272
4096,same_object,1,24,pinned,-2,0,2,3627167,2213290
4096,same_object,1,24,pinned,-2,0,3,3485819,2360569
4096,same_object,1,24,unsafe_unpinned_baseline,-2,0,0,7088919,2934295
4096,same_object,1,24,unsafe_unpinned_baseline,-2,0,1,1628092,1339105
4096,same_object,1,24,unsafe_unpinned_baseline,-2,0,2,1819324,1547029
4096,same_object,1,24,unsafe_unpinned_baseline,-2,0,3,1679439,1406292
4096,same_object,1,24,unsafe_unpinned_baseline,-1,0,0,1558791,1334346
4096,same_object,1,24,unsafe_unpinned_baseline,-1,0,1,1185855,1009010
4096,same_object,1,24,unsafe_unpinned_baseline,-1,0,2,1745905,1584990
4096,same_object,1,24,unsafe_unpinned_baseline,-1,0,3,1386805,1182288
4096,same_object,1,24,pinned,-1,0,0,2701353,1281697
4096,same_object,1,24,pinned,-1,0,1,1879859,982941
4096,same_object,1,24,pinned,-1,0,2,2435150,1210091
4096,same_object,1,24,pinned,-1,0,3,2358064,1133625
4096,same_object,1,24,pinned,0,0,0,1909876,964305
4096,same_object,1,24,pinned,0,0,1,1884287,1018648
4096,same_object,1,24,pinned,0,0,2,2390475,1649843
4096,same_object,1,24,pinned,0,0,3,2178835,1452680
4096,same_object,1,24,unsafe_unpinned_baseline,0,0,0,1500781,1265716
4096,same_object,1,24,unsafe_unpinned_baseline,0,0,1,1414989,1191756
4096,same_object,1,24,unsafe_unpinned_baseline,0,0,2,1559211,1326751
4096,same_object,1,24,unsafe_unpinned_baseline,0,0,3,1798725,1555946
4096,same_object,1,24,unsafe_unpinned_baseline,1,0,0,1904335,1619256
4096,same_object,1,24,unsafe_unpinned_baseline,1,0,1,1337932,1118517
4096,same_object,1,24,unsafe_unpinned_baseline,1,0,2,1337301,1152121
4096,same_object,1,24,unsafe_unpinned_baseline,1,0,3,1252982,1049096
4096,same_object,1,24,pinned,1,0,0,2264717,1006325
4096,same_object,1,24,pinned,1,0,1,2641731,1390592
4096,same_object,1,24,pinned,1,0,2,2388321,1170996
4096,same_object,1,24,pinned,1,0,3,2729698,1426109
4096,same_object,1,24,pinned,2,0,0,2562571,1291075
4096,same_object,1,24,pinned,2,0,1,2803668,1154456
4096,same_object,1,24,pinned,2,0,2,3023273,2089004
4096,same_object,1,24,pinned,2,0,3,2942189,1844663
4096,same_object,1,24,unsafe_unpinned_baseline,2,0,0,1743190,1511452
4096,same_object,1,24,unsafe_unpinned_baseline,2,0,1,1525778,1284221
4096,same_object,1,24,unsafe_unpinned_baseline,2,0,2,1963697,1744112
4096,same_object,1,24,unsafe_unpinned_baseline,2,0,3,1814045,1539154
4096,same_object,1,24,unsafe_unpinned_baseline,3,0,0,1554843,1323245
4096,same_object,1,24,unsafe_unpinned_baseline,3,0,1,2135262,1958348
4096,same_object,1,24,unsafe_unpinned_baseline,3,0,2,1624275,1347912
4096,same_object,1,24,unsafe_unpinned_baseline,3,0,3,1284332,1102527
4096,same_object,1,24,pinned,3,0,0,2487509,1167621
4096,same_object,1,24,pinned,3,0,1,1968746,997749
4096,same_object,1,24,pinned,3,0,2,2184124,1222985
4096,same_object,1,24,pinned,3,0,3,2108421,996807
4096,same_object,1,24,pinned,4,0,0,2122208,960048
4096,same_object,1,24,pinned,4,0,1,2827552,1821367
4096,same_object,1,24,pinned,4,0,2,3003506,1860792
4096,same_object,1,24,pinned,4,0,3,2080869,1169064
4096,same_object,1,24,unsafe_unpinned_baseline,4,0,0,1222133,1025322
4096,same_object,1,24,unsafe_unpinned_baseline,4,0,1,1826317,1658961
4096,same_object,1,24,unsafe_unpinned_baseline,4,0,2,1638432,1475814
4096,same_object,1,24,unsafe_unpinned_baseline,4,0,3,1904636,1644283
4096,same_object,1,24,unsafe_unpinned_baseline,5,0,0,1638933,1423975
4096,same_object,1,24,unsafe_unpinned_baseline,5,0,1,1475834,1045660
4096,same_object,1,24,unsafe_unpinned_baseline,5,0,2,1252972,998129
4096,same_object,1,24,unsafe_unpinned_baseline,5,0,3,1122054,962562
4096,same_object,1,24,pinned,5,0,0,2478963,1005193
4096,same_object,1,24,pinned,5,0,1,2699501,1009611
4096,same_object,1,24,pinned,5,0,2,2304402,1297016
4096,same_object,1,24,pinned,5,0,3,2455619,1291836
4096,same_object,4,24,pinned,-2,0,0,6829719,5653643
4096,same_object,4,24,pinned,-2,0,1,4831096,3414364
4096,same_object,4,24,pinned,-2,0,2,5447653,3832716
4096,same_object,4,24,pinned,-2,0,3,4246168,2710351
4096,same_object,4,24,pinned,-2,1,0,7046991,5569814
4096,same_object,4,24,pinned,-2,1,1,4391925,3233962
4096,same_object,4,24,pinned,-2,1,2,5825327,4040448
4096,same_object,4,24,pinned,-2,1,3,3556362,2123860
4096,same_object,4,24,pinned,-2,2,0,6735461,5260198
4096,same_object,4,24,pinned,-2,2,1,4211202,2398149
4096,same_object,4,24,pinned,-2,2,2,6481721,5085327
4096,same_object,4,24,pinned,-2,2,3,3897438,2216797
4096,same_object,4,24,pinned,-2,3,0,6476831,4986439
4096,same_object,4,24,pinned,-2,3,1,4606671,3162246
4096,same_object,4,24,pinned,-2,3,2,4927318,3221639
4096,same_object,4,24,pinned,-2,3,3,2410534,1234498
4096,same_object,4,24,unsafe_unpinned_baseline,-2,0,0,5938301,5348596
4096,same_object,4,24,unsafe_unpinned_baseline,-2,0,1,5870413,5386277
4096,same_object,4,24,unsafe_unpinned_baseline,-2,0,2,3417790,2949193
4096,same_object,4,24,unsafe_unpinned_baseline,-2,0,3,3182665,2902154
4096,same_object,4,24,unsafe_unpinned_baseline,-2,1,0,5945565,5497497
4096,same_object,4,24,unsafe_unpinned_baseline,-2,1,1,5863720,5309972
4096,same_object,4,24,unsafe_unpinned_baseline,-2,1,2,3755079,3250644
4096,same_object,4,24,unsafe_unpinned_baseline,-2,1,3,3105038,2381779
4096,same_object,4,24,unsafe_unpinned_baseline,-2,2,0,5954673,5499381
4096,same_object,4,24,unsafe_unpinned_baseline,-2,2,1,5603367,5126725
4096,same_object,4,24,unsafe_unpinned_baseline,-2,2,2,3123243,2448776
4096,same_object,4,24,unsafe_unpinned_baseline,-2,2,3,2775855,2496115
4096,same_object,4,24,unsafe_unpinned_baseline,-2,3,0,6042960,5619448
4096,same_object,4,24,unsafe_unpinned_baseline,-2,3,1,4636377,4267548
4096,same_object,4,24,unsafe_unpinned_baseline,-2,3,2,2960705,2185718
4096,same_object,4,24,unsafe_unpinned_baseline,-2,3,3,3149783,2801073
4096,same_object,4,24,unsafe_unpinned_baseline,-1,0,0,6224714,5803877
4096,same_object,4,24,unsafe_unpinned_baseline,-1,0,1,3078328,2479835
4096,same_object,4,24,unsafe_unpinned_baseline,-1,0,2,2515862,1822239
4096,same_object,4,24,unsafe_unpinned_baseline,-1,0,3,3307392,2996413
4096,same_object,4,24,unsafe_unpinned_baseline,-1,1,0,3701247,3228672
4096,same_object,4,24,unsafe_unpinned_baseline,-1,1,1,2529138,2288773
4096,same_object,4,24,unsafe_unpinned_baseline,-1,1,2,5447272,5200184
4096,same_object,4,24,unsafe_unpinned_baseline,-1,1,3,3797709,3394116
4096,same_object,4,24,unsafe_unpinned_baseline,-1,2,0,5996602,5571277
4096,same_object,4,24,unsafe_unpinned_baseline,-1,2,1,5549716,5121415
4096,same_object,4,24,unsafe_unpinned_baseline,-1,2,2,4060377,3541124
4096,same_object,4,24,unsafe_unpinned_baseline,-1,2,3,3037240,2473392
4096,same_object,4,24,unsafe_unpinned_baseline,-1,3,0,4855672,4459121
4096,same_object,4,24,unsafe_unpinned_baseline,-1,3,1,2517196,2194514
4096,same_object,4,24,unsafe_unpinned_baseline,-1,3,2,4450775,3726765
4096,same_object,4,24,unsafe_unpinned_baseline,-1,3,3,3822857,3551293
4096,same_object,4,24,pinned,-1,0,0,4859569,2984480
4096,same_object,4,24,pinned,-1,0,1,5912443,4422051
4096,same_object,4,24,pinned,-1,0,2,2010747,1021734
4096,same_object,4,24,pinned,-1,0,3,3114997,1703635
4096,same_object,4,24,pinned,-1,1,0,5632663,3356003
4096,same_object,4,24,pinned,-1,1,1,5704419,4023337
4096,same_object,4,24,pinned,-1,1,2,2424710,1195703
4096,same_object,4,24,pinned,-1,1,3,3508943,1979437
4096,same_object,4,24,pinned,-1,2,0,3487242,1937898
4096,same_object,4,24,pinned,-1,2,1,5907052,4141601
4096,same_object,4,24,pinned,-1,2,2,3130807,1575582
4096,same_object,4,24,pinned,-1,2,3,3256324,1675442
4096,same_object,4,24,pinned,-1,3,0,5232656,3078869
4096,same_object,4,24,pinned,-1,3,1,6094578,4172098
4096,same_object,4,24,pinned,-1,3,2,3695906,1598616
4096,same_object,4,24,pinned,-1,3,3,4798584,2952409
4096,same_object,4,24,pinned,0,0,0,4156458,2713847
4096,same_object,4,24,pinned,0,0,1,5094324,3624341
4096,same_object,4,24,pinned,0,0,2,4321752,2947059
4096,same_object,4,24,pinned,0,0,3,3661692,1840514
4096,same_object,4,24,pinned,0,1,0,3959225,2876896
4096,same_object,4,24,pinned,0,1,1,3499726,2546210
4096,same_object,4,24,pinned,0,1,2,2068986,1205943
4096,same_object,4,24,pinned,0,1,3,3769325,2140783
4096,same_object,4,24,pinned,0,2,0,5016126,3617478
4096,same_object,4,24,pinned,0,2,1,3802258,2732192
4096,same_object,4,24,pinned,0,2,2,2700101,1286515
4096,same_object,4,24,pinned,0,2,3,2811873,1046061
4096,same_object,4,24,pinned,0,3,0,4889997,3820553
4096,same_object,4,24,pinned,0,3,1,4038505,2999278
4096,same_object,4,24,pinned,0,3,2,4532401,3066846
4096,same_object,4,24,pinned,0,3,3,3119555,1739784
4096,same_object,4,24,unsafe_unpinned_baseline,0,0,0,8100625,7665100
4096,same_object,4,24,unsafe_unpinned_baseline,0,0,1,3497270,2941929
4096,same_object,4,24,unsafe_unpinned_baseline,0,0,2,2807695,2525761
4096,same_object,4,24,unsafe_unpinned_baseline,0,0,3,2464776,2175999
4096,same_object,4,24,unsafe_unpinned_baseline,0,1,0,4061409,3601548
4096,same_object,4,24,unsafe_unpinned_baseline,0,1,1,4034518,3093005
4096,same_object,4,24,unsafe_unpinned_baseline,0,1,2,5240901,4687815
4096,same_object,4,24,unsafe_unpinned_baseline,0,1,3,2266180,1863398
4096,same_object,4,24,unsafe_unpinned_baseline,0,2,0,6983139,6478675
4096,same_object,4,24,unsafe_unpinned_baseline,0,2,1,2392069,1789177
4096,same_object,4,24,unsafe_unpinned_baseline,0,2,2,4574489,4263220
4096,same_object,4,24,unsafe_unpinned_baseline,0,2,3,2515802,2254849
4096,same_object,4,24,unsafe_unpinned_baseline,0,3,0,3638227,3206019
4096,same_object,4,24,unsafe_unpinned_baseline,0,3,1,4477376,3894142
4096,same_object,4,24,unsafe_unpinned_baseline,0,3,2,4655703,4104310
4096,same_object,4,24,unsafe_unpinned_baseline,0,3,3,2320973,2037137
4096,same_object,4,24,unsafe_unpinned_baseline,1,0,0,6280810,5620129
4096,same_object,4,24,unsafe_unpinned_baseline,1,0,1,2399292,2139691
4096,same_object,4,24,unsafe_unpinned_baseline,1,0,2,3982789,3742565
4096,same_object,4,24,unsafe_unpinned_baseline,1,0,3,2948712,2695563
4096,same_object,4,24,unsafe_unpinned_baseline,1,1,0,5448454,4778135
4096,same_object,4,24,unsafe_unpinned_baseline,1,1,1,3223533,2787416
4096,same_object,4,24,unsafe_unpinned_baseline,1,1,2,1475173,1216854
4096,same_object,4,24,unsafe_unpinned_baseline,1,1,3,2685203,2469505
4096,same_object,4,24,unsafe_unpinned_baseline,1,2,0,6029153,5374113
4096,same_object,4,24,unsafe_unpinned_baseline,1,2,1,2740679,2339539
4096,same_object,4,24,unsafe_unpinned_baseline,1,2,2,3328140,2964211
4096,same_object,4,24,unsafe_unpinned_baseline,1,2,3,1673849,1336380
4096,same_object,4,24,unsafe_unpinned_baseline,1,3,0,3527027,2861838
4096,same_object,4,24,unsafe_unpinned_baseline,1,3,1,2809217,2334830
4096,same_object,4,24,unsafe_unpinned_baseline,1,3,2,2443836,2018461
4096,same_object,4,24,unsafe_unpinned_baseline,1,3,3,2428236,2132427
4096,same_object,4,24,pinned,1,0,0,6470809,4182187
4096,same_object,4,24,pinned,1,0,1,2851188,1831698
4096,same_object,4,24,pinned,1,0,2,3166564,2254348
4096,same_object,4,24,pinned,1,0,3,6223993,4634604
4096,same_object,4,24,pinned,1,1,0,5898636,3774145
4096,same_object,4,24,pinned,1,1,1,3155994,1889146
4096,same_object,4,24,pinned,1,1,2,4486453,3370871
4096,same_object,4,24,pinned,1,1,3,6401068,4265204
4096,same_object,4,24,pinned,1,2,0,4483597,2501606
4096,same_object,4,24,pinned,1,2,1,2689221,1109531
4096,same_object,4,24,pinned,1,2,2,3608090,2659575
4096,same_object,4,24,pinned,1,2,3,3782290,2247625
4096,same_object,4,24,pinned,1,3,0,6848214,4820055
4096,same_object,4,24,pinned,1,3,1,3965938,2695012
4096,same_object,4,24,pinned,1,3,2,2145391,1161579
4096,same_object,4,24,pinned,1,3,3,4782274,3080803
4096,same_object,4,24,pinned,2,0,0,5321023,4175985
4096,same_object,4,24,pinned,2,0,1,2297529,1260496
4096,same_object,4,24,pinned,2,0,2,4936235,3998720
4096,same_object,4,24,pinned,2,0,3,5804197,4242972
4096,same_object,4,24,pinned,2,1,0,5448224,4262660
4096,same_object,4,24,pinned,2,1,1,6783662,5703307
4096,same_object,4,24,pinned,2,1,2,2483973,1511902
4096,same_object,4,24,pinned,2,1,3,5281097,4124377
4096,same_object,4,24,pinned,2,2,0,5317776,4084372
4096,same_object,4,24,pinned,2,2,1,5617133,4320319
4096,same_object,4,24,pinned,2,2,2,3112572,1740886
4096,same_object,4,24,pinned,2,2,3,6467414,3923677
4096,same_object,4,24,pinned,2,3,0,4492034,3403864
4096,same_object,4,24,pinned,2,3,1,2172523,1097878
4096,same_object,4,24,pinned,2,3,2,5835668,4972232
4096,same_object,4,24,pinned,2,3,3,7524445,5797435
4096,same_object,4,24,unsafe_unpinned_baseline,2,0,0,4132413,3763635
4096,same_object,4,24,unsafe_unpinned_baseline,2,0,1,4832919,4585241
4096,same_object,4,24,unsafe_unpinned_baseline,2,0,2,5755645,5383852
4096,same_object,4,24,unsafe_unpinned_baseline,2,0,3,1564291,1316011
4096,same_object,4,24,unsafe_unpinned_baseline,2,1,0,4903443,4633021
4096,same_object,4,24,unsafe_unpinned_baseline,2,1,1,4420499,4172809
4096,same_object,4,24,unsafe_unpinned_baseline,2,1,2,4434204,4161038
4096,same_object,4,24,unsafe_unpinned_baseline,2,1,3,1723142,1473600
4096,same_object,4,24,unsafe_unpinned_baseline,2,2,0,2761989,2490275
4096,same_object,4,24,unsafe_unpinned_baseline,2,2,1,2357102,2097240
4096,same_object,4,24,unsafe_unpinned_baseline,2,2,2,4395621,4134387
4096,same_object,4,24,unsafe_unpinned_baseline,2,2,3,2482830,2306296
4096,same_object,4,24,unsafe_unpinned_baseline,2,3,0,3782801,3504173
4096,same_object,4,24,unsafe_unpinned_baseline,2,3,1,5083714,4820275
4096,same_object,4,24,unsafe_unpinned_baseline,2,3,2,2193653,1874098
4096,same_object,4,24,unsafe_unpinned_baseline,2,3,3,4605489,4363951
4096,same_object,4,24,unsafe_unpinned_baseline,3,0,0,4430588,3735843
4096,same_object,4,24,unsafe_unpinned_baseline,3,0,1,3666802,3184268
4096,same_object,4,24,unsafe_unpinned_baseline,3,0,2,2345159,1980879
4096,same_object,4,24,unsafe_unpinned_baseline,3,0,3,3988461,3768194
4096,same_object,4,24,unsafe_unpinned_baseline,3,1,0,4013238,3680107
4096,same_object,4,24,unsafe_unpinned_baseline,3,1,1,4981770,4413636
4096,same_object,4,24,unsafe_unpinned_baseline,3,1,2,2525742,2058487
4096,same_object,4,24,unsafe_unpinned_baseline,3,1,3,3408683,3125848
4096,same_object,4,24,unsafe_unpinned_baseline,3,2,0,5095556,4640135
4096,same_object,4,24,unsafe_unpinned_baseline,3,2,1,4451907,4122694
4096,same_object,4,24,unsafe_unpinned_baseline,3,2,2,4980338,4411982
4096,same_object,4,24,unsafe_unpinned_baseline,3,2,3,1479050,1216482
4096,same_object,4,24,unsafe_unpinned_baseline,3,3,0,2802596,2462392
4096,same_object,4,24,unsafe_unpinned_baseline,3,3,1,2444047,1878787
4096,same_object,4,24,unsafe_unpinned_baseline,3,3,2,3978131,3685607
4096,same_object,4,24,unsafe_unpinned_baseline,3,3,3,5908706,5642392
4096,same_object,4,24,pinned,3,0,0,4820916,2634337
4096,same_object,4,24,pinned,3,0,1,3382824,1768518
4096,same_object,4,24,pinned,3,0,2,4750052,3318452
4096,same_object,4,24,pinned,3,0,3,5908235,4706209
4096,same_object,4,24,pinned,3,1,0,5371769,3149623
4096,same_object,4,24,pinned,3,1,1,6056385,4803553
4096,same_object,4,24,pinned,3,1,2,2547463,1551848
4096,same_object,4,24,pinned,3,1,3,5095215,3796738
4096,same_object,4,24,pinned,3,2,0,5877637,4119498
4096,same_object,4,24,pinned,3,2,1,6061655,4804225
4096,same_object,4,24,pinned,3,2,2,3657874,1988615
4096,same_object,4,24,pinned,3,2,3,3624121,2673301
4096,same_object,4,24,pinned,3,3,0,5698358,3619973
4096,same_object,4,24,pinned,3,3,1,2808928,1452359
4096,same_object,4,24,pinned,3,3,2,4805688,3664758
4096,same_object,4,24,pinned,3,3,3,6075090,4645234
4096,same_object,4,24,pinned,4,0,0,5712163,4337972
4096,same_object,4,24,pinned,4,0,1,6153589,4705528
4096,same_object,4,24,pinned,4,0,2,6140374,4949500
4096,same_object,4,24,pinned,4,0,3,4383808,2603509
4096,same_object,4,24,pinned,4,1,0,6768293,4840253
4096,same_object,4,24,pinned,4,1,1,5145671,3399766
4096,same_object,4,24,pinned,4,1,2,5904958,4289781
4096,same_object,4,24,pinned,4,1,3,6572141,4697363
4096,same_object,4,24,pinned,4,2,0,5400303,4026282
4096,same_object,4,24,pinned,4,2,1,4852335,2983868
4096,same_object,4,24,pinned,4,2,2,7330598,4921507
4096,same_object,4,24,pinned,4,2,3,6451052,4685410
4096,same_object,4,24,pinned,4,3,0,5709468,3682812
4096,same_object,4,24,pinned,4,3,1,6035956,4263271
4096,same_object,4,24,pinned,4,3,2,6015067,4419757
4096,same_object,4,24,pinned,4,3,3,5364245,3601588
4096,same_object,4,24,unsafe_unpinned_baseline,4,0,0,4242241,3851090
4096,same_object,4,24,unsafe_unpinned_baseline,4,0,1,4024729,3873102
4096,same_object,4,24,unsafe_unpinned_baseline,4,0,2,2960986,2761057
4096,same_object,4,24,unsafe_unpinned_baseline,4,0,3,4107095,3919950
4096,same_object,4,24,unsafe_unpinned_baseline,4,1,0,4471885,4126722
4096,same_object,4,24,unsafe_unpinned_baseline,4,1,1,4720005,4495661
4096,same_object,4,24,unsafe_unpinned_baseline,4,1,2,4981770,4743159
4096,same_object,4,24,unsafe_unpinned_baseline,4,1,3,2334168,2136124
4096,same_object,4,24,unsafe_unpinned_baseline,4,2,0,4402594,4129046
4096,same_object,4,24,unsafe_unpinned_baseline,4,2,1,3300057,3077646
4096,same_object,4,24,unsafe_unpinned_baseline,4,2,2,3857192,3644379
4096,same_object,4,24,unsafe_unpinned_baseline,4,2,3,3843476,3639169
4096,same_object,4,24,unsafe_unpinned_baseline,4,3,0,3966619,3637216
4096,same_object,4,24,unsafe_unpinned_baseline,4,3,1,2666127,2425572
4096,same_object,4,24,unsafe_unpinned_baseline,4,3,2,3916224,3697029
4096,same_object,4,24,unsafe_unpinned_baseline,4,3,3,4666164,4493116
4096,same_object,4,24,unsafe_unpinned_baseline,5,0,0,1692695,1467308
4096,same_object,4,24,unsafe_unpinned_baseline,5,0,1,4882623,4696661
4096,same_object,4,24,unsafe_unpinned_baseline,5,0,2,3266864,3073939
4096,same_object,4,24,unsafe_unpinned_baseline,5,0,3,3804092,3573896
4096,same_object,4,24,unsafe_unpinned_baseline,5,1,0,3958123,3749548
4096,same_object,4,24,unsafe_unpinned_baseline,5,1,1,4266377,4058183
4096,same_object,4,24,unsafe_unpinned_baseline,5,1,2,4270003,4053083
4096,same_object,4,24,unsafe_unpinned_baseline,5,1,3,2497377,2288402
4096,same_object,4,24,unsafe_unpinned_baseline,5,2,0,5982174,5785212
4096,same_object,4,24,unsafe_unpinned_baseline,5,2,1,3862241,3642496
4096,same_object,4,24,unsafe_unpinned_baseline,5,2,2,3885145,3671220
4096,same_object,4,24,unsafe_unpinned_baseline,5,2,3,2937361,2703087
4096,same_object,4,24,unsafe_unpinned_baseline,5,3,0,2500363,2302860
4096,same_object,4,24,unsafe_unpinned_baseline,5,3,1,5138738,4928129
4096,same_object,4,24,unsafe_unpinned_baseline,5,3,2,6190510,5998496
4096,same_object,4,24,unsafe_unpinned_baseline,5,3,3,2173324,1951214
4096,same_object,4,24,pinned,5,0,0,5865934,4020991
4096,same_object,4,24,pinned,5,0,1,4631177,3708931
4096,same_object,4,24,pinned,5,0,2,5316084,4305761
4096,same_object,4,24,pinned,5,0,3,2612836,1697163
4096,same_object,4,24,pinned,5,1,0,5620590,4351297
4096,same_object,4,24,pinned,5,1,1,4661334,3665098
4096,same_object,4,24,pinned,5,1,2,3257397,2274336
4096,same_object,4,24,pinned,5,1,3,3974665,3141377
4096,same_object,4,24,pinned,5,2,0,5963189,4549733
4096,same_object,4,24,pinned,5,2,1,2532855,1647729
4096,same_object,4,24,pinned,5,2,2,2951037,2032568
4096,same_object,4,24,pinned,5,2,3,4641346,3638048
4096,same_object,4,24,pinned,5,3,0,6007222,4766333
4096,same_object,4,24,pinned,5,3,1,5526753,4627741
4096,same_object,4,24,pinned,5,3,2,4773596,3792970
4096,same_object,4,24,pinned,5,3,3,3310017,2466500
4096,same_object,16,24,pinned,-2,0,0,14556135,12233429
4096,same_object,16,24,pinned,-2,0,1,20704946,19035686
4096,same_object,16,24,pinned,-2,0,2,11007989,9923215
4096,same_object,16,24,pinned,-2,0,3,14633663,13412802
4096,same_object,16,24,pinned,-2,1,0,14246128,11900909
4096,same_object,16,24,pinned,-2,1,1,28736159,27120031
4096,same_object,16,24,pinned,-2,1,2,12531794,11250829
4096,same_object,16,24,pinned,-2,1,3,6629820,5159568
4096,same_object,16,24,pinned,-2,2,0,25554286,23216120
4096,same_object,16,24,pinned,-2,2,1,13931583,11891221
4096,same_object,16,24,pinned,-2,2,2,10099989,8965923
4096,same_object,16,24,pinned,-2,2,3,10294117,9210376
4096,same_object,16,24,pinned,-2,3,0,25480657,22237097
4096,same_object,16,24,pinned,-2,3,1,13485308,11800690
4096,same_object,16,24,pinned,-2,3,2,11553451,10483526
4096,same_object,16,24,pinned,-2,3,3,9002613,7447840
4096,same_object,16,24,pinned,-2,4,0,25494303,22443147
4096,same_object,16,24,pinned,-2,4,1,13009488,11158234
4096,same_object,16,24,pinned,-2,4,2,11836427,10701398
4096,same_object,16,24,pinned,-2,4,3,10456104,8795020
4096,same_object,16,24,pinned,-2,5,0,14063353,11871083
4096,same_object,16,24,pinned,-2,5,1,13337789,11694659
4096,same_object,16,24,pinned,-2,5,2,23519494,22276090
4096,same_object,16,24,pinned,-2,5,3,12221456,11261058
4096,same_object,16,24,pinned,-2,6,0,12664245,10714072
4096,same_object,16,24,pinned,-2,6,1,8671075,7093979
4096,same_object,16,24,pinned,-2,6,2,14106574,12380597
4096,same_object,16,24,pinned,-2,6,3,9556812,8347673
4096,same_object,16,24,pinned,-2,7,0,14146840,11986651
4096,same_object,16,24,pinned,-2,7,1,28744416,26800526
4096,same_object,16,24,pinned,-2,7,2,11335970,10066606
4096,same_object,16,24,pinned,-2,7,3,7927718,6490898
4096,same_object,16,24,pinned,-2,8,0,14067621,11811821
4096,same_object,16,24,pinned,-2,8,1,13304656,11631991
4096,same_object,16,24,pinned,-2,8,2,19056095,17698655
4096,same_object,16,24,pinned,-2,8,3,14592595,13193356
4096,same_object,16,24,pinned,-2,9,0,13186413,11469372
4096,same_object,16,24,pinned,-2,9,1,14519286,12134030
4096,same_object,16,24,pinned,-2,9,2,30184272,28617245
4096,same_object,16,24,pinned,-2,9,3,7007586,5853962
4096,same_object,16,24,pinned,-2,10,0,11921829,9616585
4096,same_object,16,24,pinned,-2,10,1,14249155,11605120
4096,same_object,16,24,pinned,-2,10,2,22123312,20540815
4096,same_object,16,24,pinned,-2,10,3,10806337,9597168
4096,same_object,16,24,pinned,-2,11,0,25492940,23015801
4096,same_object,16,24,pinned,-2,11,1,13453849,11775442
4096,same_object,16,24,pinned,-2,11,2,11875832,10460522
4096,same_object,16,24,pinned,-2,11,3,13856591,12735980
4096,same_object,16,24,pinned,-2,12,0,14400541,12298462
4096,same_object,16,24,pinned,-2,12,1,26667914,25267935
4096,same_object,16,24,pinned,-2,12,2,16140195,15056042
4096,same_object,16,24,pinned,-2,12,3,8367630,6709181
4096,same_object,16,24,pinned,-2,13,0,14102748,11949230
4096,same_object,16,24,pinned,-2,13,1,20270503,18688579
4096,same_object,16,24,pinned,-2,13,2,11330329,10166045
4096,same_object,16,24,pinned,-2,13,3,16458227,14434827
4096,same_object,16,24,pinned,-2,14,0,10692612,8876974
4096,same_object,16,24,pinned,-2,14,1,9308882,7159113
4096,same_object,16,24,pinned,-2,14,2,11970441,9907867
4096,same_object,16,24,pinned,-2,14,3,11702113,10200760
4096,same_object,16,24,pinned,-2,15,0,14179383,11903605
4096,same_object,16,24,pinned,-2,15,1,27480122,25981525
4096,same_object,16,24,pinned,-2,15,2,15838152,14570563
4096,same_object,16,24,pinned,-2,15,3,7429064,6290448
4096,same_object,16,24,unsafe_unpinned_baseline,-2,0,0,25203021,24693617
4096,same_object,16,24,unsafe_unpinned_baseline,-2,0,1,10640924,10354542
4096,same_object,16,24,unsafe_unpinned_baseline,-2,0,2,19748014,19452505
4096,same_object,16,24,unsafe_unpinned_baseline,-2,0,3,4277658,4022385
4096,same_object,16,24,unsafe_unpinned_baseline,-2,1,0,21608878,21105204
4096,same_object,16,24,unsafe_unpinned_baseline,-2,1,1,7310870,6886196
4096,same_object,16,24,unsafe_unpinned_baseline,-2,1,2,13733117,13361414
4096,same_object,16,24,unsafe_unpinned_baseline,-2,1,3,8851997,8362581
4096,same_object,16,24,unsafe_unpinned_baseline,-2,2,0,5909978,5523867
4096,same_object,16,24,unsafe_unpinned_baseline,-2,2,1,20088529,19636724
4096,same_object,16,24,unsafe_unpinned_baseline,-2,2,2,21321343,21009784
4096,same_object,16,24,unsafe_unpinned_baseline,-2,2,3,9716745,9441233
4096,same_object,16,24,unsafe_unpinned_baseline,-2,3,0,6677932,6127119
4096,same_object,16,24,unsafe_unpinned_baseline,-2,3,1,18574232,18270688
4096,same_object,16,24,unsafe_unpinned_baseline,-2,3,2,10660220,10384349
4096,same_object,16,24,unsafe_unpinned_baseline,-2,3,3,19675507,19429913
4096,same_object,16,24,unsafe_unpinned_baseline,-2,4,0,21698938,21171169
4096,same_object,16,24,unsafe_unpinned_baseline,-2,4,1,7088068,6778502
4096,same_object,16,24,unsafe_unpinned_baseline,-2,4,2,13867783,13588384
4096,same_object,16,24,unsafe_unpinned_baseline,-2,4,3,8867386,8426322
4096,same_object,16,24,unsafe_unpinned_baseline,-2,5,0,22221527,21781935
4096,same_object,16,24,unsafe_unpinned_baseline,-2,5,1,14112315,13648477
4096,same_object,16,24,unsafe_unpinned_baseline,-2,5,2,19264099,18930667
4096,same_object,16,24,unsafe_unpinned_baseline,-2,5,3,4722250,4512523
4096,same_object,16,24,unsafe_unpinned_baseline,-2,6,0,22147136,21713355
4096,same_object,16,24,unsafe_unpinned_baseline,-2,6,1,14145348,13629030
4096,same_object,16,24,unsafe_unpinned_baseline,-2,6,2,19268247,18969892
4096,same_object,16,24,unsafe_unpinned_baseline,-2,6,3,4793505,4573969
4096,same_object,16,24,unsafe_unpinned_baseline,-2,7,0,22164599,21714477
4096,same_object,16,24,unsafe_unpinned_baseline,-2,7,1,27923471,27456898
4096,same_object,16,24,unsafe_unpinned_baseline,-2,7,2,6957632,6717587
4096,same_object,16,24,unsafe_unpinned_baseline,-2,7,3,3524442,3301350
4096,same_object,16,24,unsafe_unpinned_baseline,-2,8,0,6618068,6115698
4096,same_object,16,24,unsafe_unpinned_baseline,-2,8,1,19324132,19030787
4096,same_object,16,24,unsafe_unpinned_baseline,-2,8,2,24087018,23749740
4096,same_object,16,24,unsafe_unpinned_baseline,-2,8,3,6934278,6649919
4096,same_object,16,24,unsafe_unpinned_baseline,-2,9,0,6902637,6423781
4096,same_object,16,24,unsafe_unpinned_baseline,-2,9,1,18939534,18726921
4096,same_object,16,24,unsafe_unpinned_baseline,-2,9,2,24108429,23712900
4096,same_object,16,24,unsafe_unpinned_baseline,-2,9,3,7089190,6814660
4096,same_object,16,24,unsafe_unpinned_baseline,-2,10,0,5829706,5355398
4096,same_object,16,24,unsafe_unpinned_baseline,-2,10,1,19991375,19515003
4096,same_object,16,24,unsafe_unpinned_baseline,-2,10,2,21987414,21574512
4096,same_object,16,24,unsafe_unpinned_baseline,-2,10,3,9140183,8875843
4096,same_object,16,24,unsafe_unpinned_baseline,-2,11,0,20385130,19907106
4096,same_object,16,24,unsafe_unpinned_baseline,-2,11,1,6509703,6219604
4096,same_object,16,24,unsafe_unpinned_baseline,-2,11,2,14348333,13916245
4096,same_object,16,24,unsafe_unpinned_baseline,-2,11,3,9982047,9676979
4096,same_object,16,24,unsafe_unpinned_baseline,-2,12,0,14978225,14517012
4096,same_object,16,24,unsafe_unpinned_baseline,-2,12,1,8144709,7873805
4096,same_object,16,24,unsafe_unpinned_baseline,-2,12,2,10992720,10758447
4096,same_object,16,24,unsafe_unpinned_baseline,-2,12,3,21237243,20883424
4096,same_object,16,24,unsafe_unpinned_baseline,-2,13,0,6075351,5649024
4096,same_object,16,24,unsafe_unpinned_baseline,-2,13,1,19736292,19445923
4096,same_object,16,24,unsafe_unpinned_baseline,-2,13,2,23994213,23641535
4096,same_object,16,24,unsafe_unpinned_baseline,-2,13,3,7215971,6906434
4096,same_object,16,24,unsafe_unpinned_baseline,-2,14,0,21903255,21455878
4096,same_object,16,24,unsafe_unpinned_baseline,-2,14,1,22815261,22449368
4096,same_object,16,24,unsafe_unpinned_baseline,-2,14,2,6717045,6483945
4096,same_object,16,24,unsafe_unpinned_baseline,-2,14,3,5748893,5551950
4096,same_object,16,24,unsafe_unpinned_baseline,-2,15,0,15895090,15423919
4096,same_object,16,24,unsafe_unpinned_baseline,-2,15,1,7272507,7022353
4096,same_object,16,24,unsafe_unpinned_baseline,-2,15,2,10967603,10645743
4096,same_object,16,24,unsafe_unpinned_baseline,-2,15,3,19553195,19242547
4096,same_object,16,24,unsafe_unpinned_baseline,-1,0,0,6311027,5954102
4096,same_object,16,24,unsafe_unpinned_baseline,-1,0,1,25586527,25341874
4096,same_object,16,24,unsafe_unpinned_baseline,-1,0,2,27665453,27224628
4096,same_object,16,24,unsafe_unpinned_baseline,-1,0,3,3778734,3439191
4096,same_object,16,24,unsafe_unpinned_baseline,-1,1,0,5987515,5647241
4096,same_object,16,24,unsafe_unpinned_baseline,-1,1,1,25869943,25634789
4096,same_object,16,24,unsafe_unpinned_baseline,-1,1,2,16244272,15868861
4096,same_object,16,24,unsafe_unpinned_baseline,-1,1,3,9247456,8910739
4096,same_object,16,24,unsafe_unpinned_baseline,-1,2,0,26166555,25396768
4096,same_object,16,24,unsafe_unpinned_baseline,-1,2,1,9680536,9385037
4096,same_object,16,24,unsafe_unpinned_baseline,-1,2,2,15172883,14854420
4096,same_object,16,24,unsafe_unpinned_baseline,-1,2,3,9014966,8715820
4096,same_object,16,24,unsafe_unpinned_baseline,-1,3,0,31232355,30536026
4096,same_object,16,24,unsafe_unpinned_baseline,-1,3,1,18411344,17957975
4096,same_object,16,24,unsafe_unpinned_baseline,-1,3,2,11194321,10752695
4096,same_object,16,24,unsafe_unpinned_baseline,-1,3,3,2527284,2225583
4096,same_object,16,24,unsafe_unpinned_baseline,-1,4,0,18872527,18426102
4096,same_object,16,24,unsafe_unpinned_baseline,-1,4,1,8640547,8352722
4096,same_object,16,24,unsafe_unpinned_baseline,-1,4,2,9610563,9256804
4096,same_object,16,24,unsafe_unpinned_baseline,-1,4,3,14000634,13743106
4096,same_object,16,24,unsafe_unpinned_baseline,-1,5,0,25260831,24565344
4096,same_object,16,24,unsafe_unpinned_baseline,-1,5,1,9840589,9485767
4096,same_object,16,24,unsafe_unpinned_baseline,-1,5,2,11916329,11599318
4096,same_object,16,24,unsafe_unpinned_baseline,-1,5,3,10220799,9918135
4096,same_object,16,24,unsafe_unpinned_baseline,-1,6,0,7191073,6745751
4096,same_object,16,24,unsafe_unpinned_baseline,-1,6,1,24579090,23897510
4096,same_object,16,24,unsafe_unpinned_baseline,-1,6,2,16219224,15856818
4096,same_object,16,24,unsafe_unpinned_baseline,-1,6,3,9292281,8971393
4096,same_object,16,24,unsafe_unpinned_baseline,-1,7,0,5996802,5580534
4096,same_object,16,24,unsafe_unpinned_baseline,-1,7,1,25784381,24986251
4096,same_object,16,24,unsafe_unpinned_baseline,-1,7,2,16867672,16471081
4096,same_object,16,24,unsafe_unpinned_baseline,-1,7,3,12079397,11382087
4096,same_object,16,24,unsafe_unpinned_baseline,-1,8,0,20848577,20167638
4096,same_object,16,24,unsafe_unpinned_baseline,-1,8,1,6790024,6513972
4096,same_object,16,24,unsafe_unpinned_baseline,-1,8,2,9393302,9020216
4096,same_object,16,24,unsafe_unpinned_baseline,-1,8,3,13990455,13749238
4096,same_object,16,24,unsafe_unpinned_baseline,-1,9,0,5345690,4987772
4096,same_object,16,24,unsafe_unpinned_baseline,-1,9,1,10564068,10312592
4096,same_object,16,24,unsafe_unpinned_baseline,-1,9,2,16022642,15657722
4096,same_object,16,24,unsafe_unpinned_baseline,-1,9,3,16107583,15786886
4096,same_object,16,24,unsafe_unpinned_baseline,-1,10,0,20628311,20246408
4096,same_object,16,24,unsafe_unpinned_baseline,-1,10,1,6972650,6646372
4096,same_object,16,24,unsafe_unpinned_baseline,-1,10,2,9802827,9415103
4096,same_object,16,24,unsafe_unpinned_baseline,-1,10,3,13564498,12773761
4096,same_object,16,24,unsafe_unpinned_baseline,-1,11,0,5570296,5230692
4096,same_object,16,24,unsafe_unpinned_baseline,-1,11,1,14948408,14703094
4096,same_object,16,24,unsafe_unpinned_baseline,-1,11,2,7226911,6934818
4096,same_object,16,24,unsafe_unpinned_baseline,-1,11,3,8533705,8026475
4096,same_object,16,24,unsafe_unpinned_baseline,-1,12,0,25348476,24907161
4096,same_object,16,24,unsafe_unpinned_baseline,-1,12,1,9628418,9266191
4096,same_object,16,24,unsafe_unpinned_baseline,-1,12,2,12437665,12099245
4096,same_object,16,24,unsafe_unpinned_baseline,-1,12,3,9220424,8920687
4096,same_object,16,24,unsafe_unpinned_baseline,-1,13,0,25173325,24499178
4096,same_object,16,24,unsafe_unpinned_baseline,-1,13,1,10479869,10081856
4096,same_object,16,24,unsafe_unpinned_baseline,-1,13,2,19525012,19223983
4096,same_object,16,24,unsafe_unpinned_baseline,-1,13,3,4995457,4723412
4096,same_object,16,24,unsafe_unpinned_baseline,-1,14,0,26275281,25596496
4096,same_object,16,24,unsafe_unpinned_baseline,-1,14,1,9474907,9165130
4096,same_object,16,24,unsafe_unpinned_baseline,-1,14,2,20048443,19741932
4096,same_object,16,24,unsafe_unpinned_baseline,-1,14,3,6785205,6540892
4096,same_object,16,24,unsafe_unpinned_baseline,-1,15,0,31729105,30652207
4096,same_object,16,24,unsafe_unpinned_baseline,-1,15,1,16256014,15906151
4096,same_object,16,24,unsafe_unpinned_baseline,-1,15,2,9299986,9021338
4096,same_object,16,24,unsafe_unpinned_baseline,-1,15,3,4760732,4503225
4096,same_object,16,24,pinned,-1,0,0,32624431,29956801
4096,same_object,16,24,pinned,-1,0,1,18873839,17234216
4096,same_object,16,24,pinned,-1,0,2,10592953,8360707
4096,same_object,16,24,pinned,-1,0,3,12156343,10735073
4096,same_object,16,24,pinned,-1,1,0,6341886,2697918
4096,same_object,16,24,pinned,-1,1,1,17954890,15286558
4096,same_object,16,24,pinned,-1,1,2,10421999,8430580
4096,same_object,16,24,pinned,-1,1,3,17643320,15671848
4096,same_object,16,24,pinned,-1,2,0,32621355,29596028
4096,same_object,16,24,pinned,-1,2,1,20075955,17906549
4096,same_object,16,24,pinned,-1,2,2,9950426,7870420
4096,same_object,16,24,pinned,-1,2,3,11290644,9919057
4096,same_object,16,24,pinned,-1,3,0,24324267,21319118
4096,same_object,16,24,pinned,-1,3,1,10395480,8228898
4096,same_object,16,24,pinned,-1,3,2,25652612,24065097
4096,same_object,16,24,pinned,-1,3,3,17038716,15649115
4096,same_object,16,24,pinned,-1,4,0,26573245,22956588
4096,same_object,16,24,pinned,-1,4,1,34423095,32779915
4096,same_object,16,24,pinned,-1,4,2,12424811,9866888
4096,same_object,16,24,pinned,-1,4,3,7330287,4692183
4096,same_object,16,24,pinned,-1,5,0,32865758,30027444
4096,same_object,16,24,pinned,-1,5,1,18584251,16374839
4096,same_object,16,24,pinned,-1,5,2,12573883,10899794
4096,same_object,16,24,pinned,-1,5,3,13481511,12002933
4096,same_object,16,24,pinned,-1,6,0,32646603,30061528
4096,same_object,16,24,pinned,-1,6,1,17829853,15679362
4096,same_object,16,24,pinned,-1,6,2,13656052,11609167
4096,same_object,16,24,pinned,-1,6,3,9759335,8556688
4096,same_object,16,24,pinned,-1,7,0,20932998,18436962
4096,same_object,16,24,pinned,-1,7,1,13695186,12422917
4096,same_object,16,24,pinned,-1,7,2,31376739,29170682
4096,same_object,16,24,pinned,-1,7,3,12673783,10909874
4096,same_object,16,24,pinned,-1,8,0,10960610,8226844
4096,same_object,16,24,pinned,-1,8,1,18043167,17009130
4096,same_object,16,24,pinned,-1,8,2,8799879,7451235
4096,same_object,16,24,pinned,-1,8,3,27620197,25996774
4096,same_object,16,24,pinned,-1,9,0,24270085,21044769
4096,same_object,16,24,pinned,-1,9,1,18100546,14359784
4096,same_object,16,24,pinned,-1,9,2,14604047,12685805
4096,same_object,16,24,pinned,-1,9,3,9279677,7730956
4096,same_object,16,24,pinned,-1,10,0,9315084,6333149
4096,same_object,16,24,pinned,-1,10,1,28819297,26845460
4096,same_object,16,24,pinned,-1,10,2,21383430,19562043
4096,same_object,16,24,pinned,-1,10,3,17725956,16349812
4096,same_object,16,24,pinned,-1,11,0,25419902,22177524
4096,same_object,16,24,pinned,-1,11,1,27346599,24921899
4096,same_object,16,24,pinned,-1,11,2,17165846,15355209
4096,same_object,16,24,pinned,-1,11,3,7444342,6128732
4096,same_object,16,24,pinned,-1,12,0,32060854,29411217
4096,same_object,16,24,pinned,-1,12,1,18387338,16401549
4096,same_object,16,24,pinned,-1,12,2,13597471,11709227
4096,same_object,16,24,pinned,-1,12,3,13552516,11728894
4096,same_object,16,24,pinned,-1,13,0,8958429,6437507
4096,same_object,16,24,pinned,-1,13,1,14220611,12817825
4096,same_object,16,24,pinned,-1,13,2,10188667,8554564
4096,same_object,16,24,pinned,-1,13,3,17104711,15495875
4096,same_object,16,24,pinned,-1,14,0,9054010,6095880
4096,same_object,16,24,pinned,-1,14,1,27865100,26306140
4096,same_object,16,24,pinned,-1,14,2,18821641,17268620
4096,same_object,16,24,pinned,-1,14,3,11325721,9898258
4096,same_object,16,24,pinned,-1,15,0,25695614,22286280
4096,same_object,16,24,pinned,-1,15,1,16699423,14598355
4096,same_object,16,24,pinned,-1,15,2,14422423,12438798
4096,same_object,16,24,pinned,-1,15,3,11377869,9740710
4096,same_object,16,24,pinned,0,0,0,14559572,12253357
4096,same_object,16,24,pinned,0,0,1,6518100,4869668
4096,same_object,16,24,pinned,0,0,2,19503551,18123810
4096,same_object,16,24,pinned,0,0,3,14089382,12972488
4096,same_object,16,24,pinned,0,1,0,17412032,14799787
4096,same_object,16,24,pinned,0,1,1,10029677,7889976
4096,same_object,16,24,pinned,0,1,2,20453881,18647802
4096,same_object,16,24,pinned,0,1,3,11798555,10613242
4096,same_object,16,24,pinned,0,2,0,16497330,14259624
4096,same_object,16,24,pinned,0,2,1,10683535,8842189
4096,same_object,16,24,pinned,0,2,2,23478657,21058745
4096,same_object,16,24,pinned,0,2,3,6480338,5336121
4096,same_object,16,24,pinned,0,3,0,16604113,14227463
4096,same_object,16,24,pinned,0,3,1,9298883,7915745
4096,same_object,16,24,pinned,0,3,2,19302130,17538041
4096,same_object,16,24,pinned,0,3,3,14671484,13316089
4096,same_object,16,24,pinned,0,4,0,17523253,14968186
4096,same_object,16,24,pinned,0,4,1,9807366,7398095
4096,same_object,16,24,pinned,0,4,2,22982688,21432744
4096,same_object,16,24,pinned,0,4,3,13045636,11865772
4096,same_object,16,24,pinned,0,5,0,8121174,5835527
4096,same_object,16,24,pinned,0,5,1,17152000,14960110
4096,same_object,16,24,pinned,0,5,2,23701539,22293262
4096,same_object,16,24,pinned,0,5,3,11227965,10029327
4096,same_object,16,24,pinned,0,6,0,21241251,17687353
4096,same_object,16,24,pinned,0,6,1,22591437,20803373
4096,same_object,16,24,pinned,0,6,2,12727534,11649323
4096,same_object,16,24,pinned,0,6,3,8116916,7062130
4096,same_object,16,24,pinned,0,7,0,17576673,15334459
4096,same_object,16,24,pinned,0,7,1,24077430,21986432
4096,same_object,16,24,pinned,0,7,2,14544795,13575099
4096,same_object,16,24,pinned,0,7,3,8071069,7093177
4096,same_object,16,24,pinned,0,8,0,18464224,14961292
4096,same_object,16,24,pinned,0,8,1,22399214,21170908
4096,same_object,16,24,pinned,0,8,2,12333809,11131673
4096,same_object,16,24,pinned,0,8,3,8246721,7137832
4096,same_object,16,24,pinned,0,9,0,18274525,15356651
4096,same_object,16,24,pinned,0,9,1,22575787,21153715
4096,same_object,16,24,pinned,0,9,2,12169828,10880909
4096,same_object,16,24,pinned,0,9,3,10223353,9049752
4096,same_object,16,24,pinned,0,10,0,18508768,14737168
4096,same_object,16,24,pinned,0,10,1,16092274,14144997
4096,same_object,16,24,pinned,0,10,2,16744118,15455608
4096,same_object,16,24,pinned,0,10,3,6171674,4624494
4096,same_object,16,24,pinned,0,11,0,20994654,19048380
4096,same_object,16,24,pinned,0,11,1,18915869,17432912
4096,same_object,16,24,pinned,0,11,2,12937372,11682616
4096,same_object,16,24,pinned,0,11,3,10154293,9029473
4096,same_object,16,24,pinned,0,12,0,21000105,17825615
4096,same_object,16,24,pinned,0,12,1,17553130,15822272
4096,same_object,16,24,pinned,0,12,2,13442908,12206488
4096,same_object,16,24,pinned,0,12,3,11005895,9727975
4096,same_object,16,24,pinned,0,13,0,18537403,15042636
4096,same_object,16,24,pinned,0,13,1,24245619,22976907
4096,same_object,16,24,pinned,0,13,2,13455402,12420543
4096,same_object,16,24,pinned,0,13,3,7939891,6969894
4096,same_object,16,24,pinned,0,14,0,16655901,14299440
4096,same_object,16,24,pinned,0,14,1,10415948,9017811
4096,same_object,16,24,pinned,0,14,2,23239895,21606773
4096,same_object,16,24,pinned,0,14,3,7189319,5867547
4096,same_object,16,24,pinned,0,15,0,18113741,14753019
4096,same_object,16,24,pinned,0,15,1,24098500,22330493
4096,same_object,16,24,pinned,0,15,2,14145939,13125147
4096,same_object,16,24,pinned,0,15,3,7722559,6656752
4096,same_object,16,24,unsafe_unpinned_baseline,0,0,0,13317852,13003576
4096,same_object,16,24,unsafe_unpinned_baseline,0,0,1,18973178,18719227
4096,same_object,16,24,unsafe_unpinned_baseline,0,0,2,8273071,8001818
4096,same_object,16,24,unsafe_unpinned_baseline,0,0,3,12378844,12167024
4096,same_object,16,24,unsafe_unpinned_baseline,0,1,0,5469785,5027707
4096,same_object,16,24,unsafe_unpinned_baseline,0,1,1,12095228,11831718
4096,same_object,16,24,unsafe_unpinned_baseline,0,1,2,18765544,18522805
4096,same_object,16,24,unsafe_unpinned_baseline,0,1,3,14152241,13914571
4096,same_object,16,24,unsafe_unpinned_baseline,0,2,0,5877377,5550107
4096,same_object,16,24,unsafe_unpinned_baseline,0,2,1,11716790,11281447
4096,same_object,16,24,unsafe_unpinned_baseline,0,2,2,18777367,18533876
4096,same_object,16,24,unsafe_unpinned_baseline,0,2,3,14065848,13769627
4096,same_object,16,24,unsafe_unpinned_baseline,0,3,0,27549634,27058674
4096,same_object,16,24,unsafe_unpinned_baseline,0,3,1,6238840,5986724
4096,same_object,16,24,unsafe_unpinned_baseline,0,3,2,14145389,13919550
4096,same_object,16,24,unsafe_unpinned_baseline,0,3,3,9007903,8773359
4096,same_object,16,24,unsafe_unpinned_baseline,0,4,0,13287224,12928866
4096,same_object,16,24,unsafe_unpinned_baseline,0,4,1,19425474,19165091
4096,same_object,16,24,unsafe_unpinned_baseline,0,4,2,7850231,7624824
4096,same_object,16,24,unsafe_unpinned_baseline,0,4,3,12821973,12630070
4096,same_object,16,24,unsafe_unpinned_baseline,0,5,0,10142841,9840840
4096,same_object,16,24,unsafe_unpinned_baseline,0,5,1,22622166,22186130
4096,same_object,16,24,unsafe_unpinned_baseline,0,5,2,22594783,22373665
4096,same_object,16,24,unsafe_unpinned_baseline,0,5,3,3482683,3273918
4096,same_object,16,24,unsafe_unpinned_baseline,0,6,0,5838031,5556508
4096,same_object,16,24,unsafe_unpinned_baseline,0,6,1,11672747,11261829
4096,same_object,16,24,unsafe_unpinned_baseline,0,6,2,18757639,18507687
4096,same_object,16,24,unsafe_unpinned_baseline,0,6,3,14172339,13931022
4096,same_object,16,24,unsafe_unpinned_baseline,0,7,0,27689668,27230379
4096,same_object,16,24,unsafe_unpinned_baseline,0,7,1,6071384,5777989
4096,same_object,16,24,unsafe_unpinned_baseline,0,7,2,14148965,13934049
4096,same_object,16,24,unsafe_unpinned_baseline,0,7,3,8814967,8591685
4096,same_object,16,24,unsafe_unpinned_baseline,0,8,0,13165904,12907094
4096,same_object,16,24,unsafe_unpinned_baseline,0,8,1,12262964,12017079
4096,same_object,16,24,unsafe_unpinned_baseline,0,8,2,8287730,8105545
4096,same_object,16,24,unsafe_unpinned_baseline,0,8,3,15270519,15039641
4096,same_object,16,24,unsafe_unpinned_baseline,0,9,0,22024644,21548533
4096,same_object,16,24,unsafe_unpinned_baseline,0,9,1,14401362,13475931
4096,same_object,16,24,unsafe_unpinned_baseline,0,9,2,22486589,22194566
4096,same_object,16,24,unsafe_unpinned_baseline,0,9,3,1255738,1057632
4096,same_object,16,24,unsafe_unpinned_baseline,0,10,0,12292611,12007941
4096,same_object,16,24,unsafe_unpinned_baseline,0,10,1,12383492,12138409
4096,same_object,16,24,unsafe_unpinned_baseline,0,10,2,9023683,8805820
4096,same_object,16,24,unsafe_unpinned_baseline,0,10,3,14234367,13987239
4096,same_object,16,24,unsafe_unpinned_baseline,0,11,0,13308083,13028884
4096,same_object,16,24,unsafe_unpinned_baseline,0,11,1,19396068,19146887
4096,same_object,16,24,unsafe_unpinned_baseline,0,11,2,21307757,21071880
4096,same_object,16,24,unsafe_unpinned_baseline,0,11,3,4756445,4507794
4096,same_object,16,24,unsafe_unpinned_baseline,0,12,0,10617469,10299798
4096,same_object,16,24,unsafe_unpinned_baseline,0,12,1,23448259,23195661
4096,same_object,16,24,unsafe_unpinned_baseline,0,12,2,13770679,13542948
4096,same_object,16,24,unsafe_unpinned_baseline,0,12,3,9120015,8878027
4096,same_object,16,24,unsafe_unpinned_baseline,0,13,0,18848070,18495373
4096,same_object,16,24,unsafe_unpinned_baseline,0,13,1,17470923,17156027
4096,same_object,16,24,unsafe_unpinned_baseline,0,13,2,13931083,13648037
4096,same_object,16,24,unsafe_unpinned_baseline,0,13,3,6731924,6502349
4096,same_object,16,24,unsafe_unpinned_baseline,0,14,0,13501850,13210679
4096,same_object,16,24,unsafe_unpinned_baseline,0,14,1,18545649,18077662
4096,same_object,16,24,unsafe_unpinned_baseline,0,14,2,7469611,7188869
4096,same_object,16,24,unsafe_unpinned_baseline,0,14,3,13313593,13067829
4096,same_object,16,24,unsafe_unpinned_baseline,0,15,0,20375552,19950137
4096,same_object,16,24,unsafe_unpinned_baseline,0,15,1,15970594,15650398
4096,same_object,16,24,unsafe_unpinned_baseline,0,15,2,13992118,13737637
4096,same_object,16,24,unsafe_unpinned_baseline,0,15,3,6642835,6438398
4096,same_object,16,24,unsafe_unpinned_baseline,1,0,0,6788411,6348578
4096,same_object,16,24,unsafe_unpinned_baseline,1,0,1,19771268,19267706
4096,same_object,16,24,unsafe_unpinned_baseline,1,0,2,12879372,12599802
4096,same_object,16,24,unsafe_unpinned_baseline,1,0,3,17213607,16964996
4096,same_object,16,24,unsafe_unpinned_baseline,1,1,0,8035972,7610547
4096,same_object,16,24,unsafe_unpinned_baseline,1,1,1,16000861,15716923
4096,same_object,16,24,unsafe_unpinned_baseline,1,1,2,14563169,14370024
4096,same_object,16,24,unsafe_unpinned_baseline,1,1,3,9659997,9419622
4096,same_object,16,24,unsafe_unpinned_baseline,1,2,0,8099232,7677053
4096,same_object,16,24,unsafe_unpinned_baseline,1,2,1,18397148,18132626
4096,same_object,16,24,unsafe_unpinned_baseline,1,2,2,16936993,16681018
4096,same_object,16,24,unsafe_unpinned_baseline,1,2,3,16104056,15877958
4096,same_object,16,24,unsafe_unpinned_baseline,1,3,0,6771929,6335013
4096,same_object,16,24,unsafe_unpinned_baseline,1,3,1,27165677,26544410
4096,same_object,16,24,unsafe_unpinned_baseline,1,3,2,22607938,22383023
4096,same_object,16,24,unsafe_unpinned_baseline,1,3,3,4675651,4412092
4096,same_object,16,24,unsafe_unpinned_baseline,1,4,0,18067052,17661876
4096,same_object,16,24,unsafe_unpinned_baseline,1,4,1,10016642,9761249
4096,same_object,16,24,unsafe_unpinned_baseline,1,4,2,13247409,13069131
4096,same_object,16,24,unsafe_unpinned_baseline,1,4,3,13849578,13606598
4096,same_object,16,24,unsafe_unpinned_baseline,1,5,0,19334121,18627122
4096,same_object,16,24,unsafe_unpinned_baseline,1,5,1,9199406,8976784
4096,same_object,16,24,unsafe_unpinned_baseline,1,5,2,13356245,13118163
4096,same_object,16,24,unsafe_unpinned_baseline,1,5,3,17650804,17442851
4096,same_object,16,24,unsafe_unpinned_baseline,1,6,0,19347977,18955584
4096,same_object,16,24,unsafe_unpinned_baseline,1,6,1,9196610,8981643
4096,same_object,16,24,unsafe_unpinned_baseline,1,6,2,13561763,13351966
4096,same_object,16,24,unsafe_unpinned_baseline,1,6,3,13071586,12848563
4096,same_object,16,24,unsafe_unpinned_baseline,1,7,0,18978678,18574693
4096,same_object,16,24,unsafe_unpinned_baseline,1,7,1,9553435,9329932
4096,same_object,16,24,unsafe_unpinned_baseline,1,7,2,13544190,13334654
4096,same_object,16,24,unsafe_unpinned_baseline,1,7,3,13158120,12954914
4096,same_object,16,24,unsafe_unpinned_baseline,1,8,0,19226527,18692556
4096,same_object,16,24,unsafe_unpinned_baseline,1,8,1,9322528,9084718
4096,same_object,16,24,unsafe_unpinned_baseline,1,8,2,13521537,13299647
4096,same_object,16,24,unsafe_unpinned_baseline,1,8,3,17472226,17235719
4096,same_object,16,24,unsafe_unpinned_baseline,1,9,0,8171910,7754069
4096,same_object,16,24,unsafe_unpinned_baseline,1,9,1,23609485,23403214
4096,same_object,16,24,unsafe_unpinned_baseline,1,9,2,23405749,23189680
4096,same_object,16,24,unsafe_unpinned_baseline,1,9,3,4602032,4361958
4096,same_object,16,24,unsafe_unpinned_baseline,1,10,0,7207033,6841331
4096,same_object,16,24,unsafe_unpinned_baseline,1,10,1,16159952,15825669
4096,same_object,16,24,unsafe_unpinned_baseline,1,10,2,11287778,11028197
4096,same_object,16,24,unsafe_unpinned_baseline,1,10,3,12251222,12009635
4096,same_object,16,24,unsafe_unpinned_baseline,1,11,0,19761560,19056335
4096,same_object,16,24,unsafe_unpinned_baseline,1,11,1,8415711,7793974
4096,same_object,16,24,unsafe_unpinned_baseline,1,11,2,13619422,13342428
4096,same_object,16,24,unsafe_unpinned_baseline,1,11,3,13208926,12974632
4096,same_object,16,24,unsafe_unpinned_baseline,1,12,0,26934940,26314946
4096,same_object,16,24,unsafe_unpinned_baseline,1,12,1,12403571,12183905
4096,same_object,16,24,unsafe_unpinned_baseline,1,12,2,12530310,12314132
4096,same_object,16,24,unsafe_unpinned_baseline,1,12,3,5724296,5491445
4096,same_object,16,24,unsafe_unpinned_baseline,1,13,0,26957753,26267816
4096,same_object,16,24,unsafe_unpinned_baseline,1,13,1,25767159,25566970
4096,same_object,16,24,unsafe_unpinned_baseline,1,13,2,7187236,6950268
4096,same_object,16,24,unsafe_unpinned_baseline,1,13,3,2755126,2507447
4096,same_object,16,24,unsafe_unpinned_baseline,1,14,0,26889744,26281032
4096,same_object,16,24,unsafe_unpinned_baseline,1,14,1,12433527,12217268
4096,same_object,16,24,unsafe_unpinned_baseline,1,14,2,10664639,10450594
4096,same_object,16,24,unsafe_unpinned_baseline,1,14,3,7255545,7017384
4096,same_object,16,24,unsafe_unpinned_baseline,1,15,0,26975828,26341897
4096,same_object,16,24,unsafe_unpinned_baseline,1,15,1,11989877,11782014
4096,same_object,16,24,unsafe_unpinned_baseline,1,15,2,16481050,16251785
4096,same_object,16,24,unsafe_unpinned_baseline,1,15,3,4245758,4033275
4096,same_object,16,24,pinned,1,0,0,14675011,12137788
4096,same_object,16,24,pinned,1,0,1,16539341,15224622
4096,same_object,16,24,pinned,1,0,2,9216257,7438241
4096,same_object,16,24,pinned,1,0,3,10843157,9953222
4096,same_object,16,24,pinned,1,1,0,14460725,12026227
4096,same_object,16,24,pinned,1,1,1,8724255,6934648
4096,same_object,16,24,pinned,1,1,2,19116559,17749291
4096,same_object,16,24,pinned,1,1,3,10600548,9314903
4096,same_object,16,24,pinned,1,2,0,13131970,11302807
4096,same_object,16,24,pinned,1,2,1,10044565,8619287
4096,same_object,16,24,pinned,1,2,2,12858793,11570114
4096,same_object,16,24,pinned,1,2,3,7968786,6908759
4096,same_object,16,24,pinned,1,3,0,14245958,12209534
4096,same_object,16,24,pinned,1,3,1,24414719,23233362
4096,same_object,16,24,pinned,1,3,2,14351327,13006753
4096,same_object,16,24,pinned,1,3,3,5072222,3670629
4096,same_object,16,24,pinned,1,4,0,16135215,13715514
4096,same_object,16,24,pinned,1,4,1,21803265,20039637
4096,same_object,16,24,pinned,1,4,2,13844679,12443506
4096,same_object,16,24,pinned,1,4,3,3101872,1829874
4096,same_object,16,24,pinned,1,5,0,13611097,11341621
4096,same_object,16,24,pinned,1,5,1,9773101,7766984
4096,same_object,16,24,pinned,1,5,2,11882755,10794034
4096,same_object,16,24,pinned,1,5,3,7804545,6841882
4096,same_object,16,24,pinned,1,6,0,13171424,11242382
4096,same_object,16,24,pinned,1,6,1,9667271,8013471
4096,same_object,16,24,pinned,1,6,2,13258810,12220675
4096,same_object,16,24,pinned,1,6,3,6773192,5496485
4096,same_object,16,24,pinned,1,7,0,16313963,13716577
4096,same_object,16,24,pinned,1,7,1,22095859,20588576
4096,same_object,16,24,pinned,1,7,2,14604257,13297223
4096,same_object,16,24,pinned,1,7,3,4075445,2920959
4096,same_object,16,24,pinned,1,8,0,14519657,12029974
4096,same_object,16,24,pinned,1,8,1,13748818,11036072
4096,same_object,16,24,pinned,1,8,2,14508566,12053638
4096,same_object,16,24,pinned,1,8,3,10063722,8593207
4096,same_object,16,24,pinned,1,9,0,16257156,14105583
4096,same_object,16,24,pinned,1,9,1,14830585,13667653
4096,same_object,16,24,pinned,1,9,2,8886804,6984061
4096,same_object,16,24,pinned,1,9,3,11421252,10346867
4096,same_object,16,24,pinned,1,10,0,21817102,19617858
4096,same_object,16,24,pinned,1,10,1,14909405,12749305
4096,same_object,16,24,pinned,1,10,2,14917059,13289729
4096,same_object,16,24,pinned,1,10,3,4159194,2717464
4096,same_object,16,24,pinned,1,11,0,14422463,11860162
4096,same_object,16,24,pinned,1,11,1,16808128,15212689
4096,same_object,16,24,pinned,1,11,2,9649277,8176949
4096,same_object,16,24,pinned,1,11,3,8561528,7637859
4096,same_object,16,24,pinned,1,12,0,10328272,7610026
4096,same_object,16,24,pinned,1,12,1,6106360,4049105
4096,same_object,16,24,pinned,1,12,2,25925329,24623694
4096,same_object,16,24,pinned,1,12,3,10359491,9125866
4096,same_object,16,24,pinned,1,13,0,13924169,11975220
4096,same_object,16,24,pinned,1,13,1,8837160,7547949
4096,same_object,16,24,pinned,1,13,2,19394415,18229089
4096,same_object,16,24,pinned,1,13,3,10557796,9293302
4096,same_object,16,24,pinned,1,14,0,12914137,11165066
4096,same_object,16,24,pinned,1,14,1,9861919,8082601
4096,same_object,16,24,pinned,1,14,2,13147860,11460445
4096,same_object,16,24,pinned,1,14,3,7564500,5862047
4096,same_object,16,24,pinned,1,15,0,16276332,13716827
4096,same_object,16,24,pinned,1,15,1,21395233,19961488
4096,same_object,16,24,pinned,1,15,2,14203969,13110539
4096,same_object,16,24,pinned,1,15,3,4968095,3249572
4096,same_object,16,24,pinned,2,0,0,8280024,6533508
4096,same_object,16,24,pinned,2,0,1,13861310,11572998
4096,same_object,16,24,pinned,2,0,2,11543833,10078640
4096,same_object,16,24,pinned,2,0,3,11893365,10036119
4096,same_object,16,24,pinned,2,1,0,19825260,17959188
4096,same_object,16,24,pinned,2,1,1,11317214,9284145
4096,same_object,16,24,pinned,2,1,2,8637992,7386803
4096,same_object,16,24,pinned,2,1,3,6665919,5465246
4096,same_object,16,24,pinned,2,2,0,6324182,4620617
4096,same_object,16,24,pinned,2,2,1,15788198,13853536
4096,same_object,16,24,pinned,2,2,2,21596584,20100291
4096,same_object,16,24,pinned,2,2,3,5587327,4288639
4096,same_object,16,24,pinned,2,3,0,7014509,5372701
4096,same_object,16,24,pinned,2,3,1,10232942,7852826
4096,same_object,16,24,pinned,2,3,2,10352037,7569169
4096,same_object,16,24,pinned,2,3,3,8526711,6500556
4096,same_object,16,24,pinned,2,4,0,7722990,5799669
4096,same_object,16,24,pinned,2,4,1,14386695,12183555
4096,same_object,16,24,pinned,2,4,2,10406861,9073868
4096,same_object,16,24,pinned,2,4,3,9781006,8537763
4096,same_object,16,24,pinned,2,5,0,3607569,1750784
4096,same_object,16,24,pinned,2,5,1,5294953,3807848
4096,same_object,16,24,pinned,2,5,2,18375527,16433019
4096,same_object,16,24,pinned,2,5,3,8275026,6869144
4096,same_object,16,24,pinned,2,6,0,22107141,20031371
4096,same_object,16,24,pinned,2,6,1,21545247,19895394
4096,same_object,16,24,pinned,2,6,2,6281882,4709886
4096,same_object,16,24,pinned,2,6,3,4518384,3233301
4096,same_object,16,24,pinned,2,7,0,19103324,16678073
4096,same_object,16,24,pinned,2,7,1,8416483,6655719
4096,same_object,16,24,pinned,2,7,2,7525867,5942700
4096,same_object,16,24,pinned,2,7,3,10041038,9054721
4096,same_object,16,24,pinned,2,8,0,6436995,4793915
4096,same_object,16,24,pinned,2,8,1,16166615,13848045
4096,same_object,16,24,pinned,2,8,2,23365613,21391265
4096,same_object,16,24,pinned,2,8,3,5707955,4134437
4096,same_object,16,24,pinned,2,9,0,19004717,16318892
4096,same_object,16,24,pinned,2,9,1,8581495,6819430
4096,same_object,16,24,pinned,2,9,2,7885117,6640621
4096,same_object,16,24,pinned,2,9,3,11147112,9725481
4096,same_object,16,24,pinned,2,10,0,19113553,16675528
4096,same_object,16,24,pinned,2,10,1,8503868,6695725
4096,same_object,16,24,pinned,2,10,2,7903633,6131888
4096,same_object,16,24,pinned,2,10,3,9032889,7894735
4096,same_object,16,24,pinned,2,11,0,22594674,19373856
4096,same_object,16,24,pinned,2,11,1,21021395,19134723
4096,same_object,16,24,pinned,2,11,2,6281051,4821076
4096,same_object,16,24,pinned,2,11,3,3118263,1660704
4096,same_object,16,24,pinned,2,12,0,22404934,19439941
4096,same_object,16,24,pinned,2,12,1,11440107,9842052
4096,same_object,16,24,pinned,2,12,2,11512634,10034756
4096,same_object,16,24,pinned,2,12,3,5912323,4490050
4096,same_object,16,24,pinned,2,13,0,19128912,16673263
4096,same_object,16,24,pinned,2,13,1,8472700,6643988
4096,same_object,16,24,pinned,2,13,2,18533585,16771299
4096,same_object,16,24,pinned,2,13,3,5000807,3789924
4096,same_object,16,24,pinned,2,14,0,22495676,19404655
4096,same_object,16,24,pinned,2,14,1,21608466,20025750
4096,same_object,16,24,pinned,2,14,2,5445559,4407645
4096,same_object,16,24,pinned,2,14,3,2413549,1386255
4096,same_object,16,24,pinned,2,15,0,8808024,6603210
4096,same_object,16,24,pinned,2,15,1,13662024,12122028
4096,same_object,16,24,pinned,2,15,2,12082203,10048593
4096,same_object,16,24,pinned,2,15,3,10573135,9101600
4096,same_object,16,24,unsafe_unpinned_baseline,2,0,0,19018283,18292238
4096,same_object,16,24,unsafe_unpinned_baseline,2,0,1,17770280,17292967
4096,same_object,16,24,unsafe_unpinned_baseline,2,0,2,12101970,11693467
4096,same_object,16,24,unsafe_unpinned_baseline,2,0,3,7377517,6993840
4096,same_object,16,24,unsafe_unpinned_baseline,2,1,0,18888256,18186779
4096,same_object,16,24,unsafe_unpinned_baseline,2,1,1,9358737,8973768
4096,same_object,16,24,unsafe_unpinned_baseline,2,1,2,12053508,11751516
4096,same_object,16,24,unsafe_unpinned_baseline,2,1,3,12666599,12249249
4096,same_object,16,24,unsafe_unpinned_baseline,2,2,0,18729015,18018590
4096,same_object,16,24,unsafe_unpinned_baseline,2,2,1,9412208,9126837
4096,same_object,16,24,unsafe_unpinned_baseline,2,2,2,12175218,11891461
4096,same_object,16,24,unsafe_unpinned_baseline,2,2,3,12563503,12221736
4096,same_object,16,24,unsafe_unpinned_baseline,2,3,0,25175399,24367749
4096,same_object,16,24,unsafe_unpinned_baseline,2,3,1,9461281,9102532
4096,same_object,16,24,unsafe_unpinned_baseline,2,3,2,12825811,12446593
4096,same_object,16,24,unsafe_unpinned_baseline,2,3,3,8754543,8192098
4096,same_object,16,24,unsafe_unpinned_baseline,2,4,0,18743272,18162923
4096,same_object,16,24,unsafe_unpinned_baseline,2,4,1,9385958,9102191
4096,same_object,16,24,unsafe_unpinned_baseline,2,4,2,22827174,22438087
4096,same_object,16,24,unsafe_unpinned_baseline,2,4,3,8254487,7814553
4096,same_object,16,24,unsafe_unpinned_baseline,2,5,0,6288595,5522424
4096,same_object,16,24,unsafe_unpinned_baseline,2,5,1,11728744,11466587
4096,same_object,16,24,unsafe_unpinned_baseline,2,5,2,9490807,9236536
4096,same_object,16,24,unsafe_unpinned_baseline,2,5,3,12777118,12367833
4096,same_object,16,24,unsafe_unpinned_baseline,2,6,0,26355052,25729828
4096,same_object,16,24,unsafe_unpinned_baseline,2,6,1,16717267,16368587
4096,same_object,16,24,unsafe_unpinned_baseline,2,6,2,11133016,10802751
4096,same_object,16,24,unsafe_unpinned_baseline,2,6,3,5452362,5141393
4096,same_object,16,24,unsafe_unpinned_baseline,2,7,0,26377865,25731912
4096,same_object,16,24,unsafe_unpinned_baseline,2,7,1,16615585,16271183
4096,same_object,16,24,unsafe_unpinned_baseline,2,7,2,10640212,10247910
4096,same_object,16,24,unsafe_unpinned_baseline,2,7,3,6153559,5674903
4096,same_object,16,24,unsafe_unpinned_baseline,2,8,0,26426297,25813236
4096,same_object,16,24,unsafe_unpinned_baseline,2,8,1,15526042,15137536
4096,same_object,16,24,unsafe_unpinned_baseline,2,8,2,12295145,11852427
4096,same_object,16,24,unsafe_unpinned_baseline,2,8,3,5910599,5560216
4096,same_object,16,24,unsafe_unpinned_baseline,2,9,0,7217493,6657092
4096,same_object,16,24,unsafe_unpinned_baseline,2,9,1,23828959,23598323
4096,same_object,16,24,unsafe_unpinned_baseline,2,9,2,19007323,18510342
4096,same_object,16,24,unsafe_unpinned_baseline,2,9,3,8493159,7998853
4096,same_object,16,24,unsafe_unpinned_baseline,2,10,0,6781558,6136978
4096,same_object,16,24,unsafe_unpinned_baseline,2,10,1,17037613,16608611
4096,same_object,16,24,unsafe_unpinned_baseline,2,10,2,9963482,9477181
4096,same_object,16,24,unsafe_unpinned_baseline,2,10,3,14568159,14074945
4096,same_object,16,24,unsafe_unpinned_baseline,2,11,0,18025062,17325589
4096,same_object,16,24,unsafe_unpinned_baseline,2,11,1,9492550,9260460
4096,same_object,16,24,unsafe_unpinned_baseline,2,11,2,12194134,11861686
4096,same_object,16,24,unsafe_unpinned_baseline,2,11,3,13115439,12650498
4096,same_object,16,24,unsafe_unpinned_baseline,2,12,0,9089497,8392718
4096,same_object,16,24,unsafe_unpinned_baseline,2,12,1,12718727,12490476
4096,same_object,16,24,unsafe_unpinned_baseline,2,12,2,10501711,10077718
4096,same_object,16,24,unsafe_unpinned_baseline,2,12,3,14150458,13704554
4096,same_object,16,24,unsafe_unpinned_baseline,2,13,0,18871885,18280326
4096,same_object,16,24,unsafe_unpinned_baseline,2,13,1,25734247,25449909
4096,same_object,16,24,unsafe_unpinned_baseline,2,13,2,15220083,14756816
4096,same_object,16,24,unsafe_unpinned_baseline,2,13,3,1412133,1092549
4096,same_object,16,24,unsafe_unpinned_baseline,2,14,0,6201340,5490284
4096,same_object,16,24,unsafe_unpinned_baseline,2,14,1,11974198,11717562
4096,same_object,16,24,unsafe_unpinned_baseline,2,14,2,9935338,9364888
4096,same_object,16,24,unsafe_unpinned_baseline,2,14,3,27089622,26743036
4096,same_object,16,24,unsafe_unpinned_baseline,2,15,0,6079660,5541019
4096,same_object,16,24,unsafe_unpinned_baseline,2,15,1,11843651,11578009
4096,same_object,16,24,unsafe_unpinned_baseline,2,15,2,10119607,9771258
4096,same_object,16,24,unsafe_unpinned_baseline,2,15,3,12059018,11782185
4096,same_object,16,24,unsafe_unpinned_baseline,3,0,0,14835855,14272078
4096,same_object,16,24,unsafe_unpinned_baseline,3,0,1,12196879,11835806
4096,same_object,16,24,unsafe_unpinned_baseline,3,0,2,19582681,19224243
4096,same_object,16,24,unsafe_unpinned_baseline,3,0,3,14377327,14131913
4096,same_object,16,24,unsafe_unpinned_baseline,3,1,0,20659780,20120700
4096,same_object,16,24,unsafe_unpinned_baseline,3,1,1,12567531,12158678
4096,same_object,16,24,unsafe_unpinned_baseline,3,1,2,19435163,19104627
4096,same_object,16,24,unsafe_unpinned_baseline,3,1,3,7228223,6995463
4096,same_object,16,24,unsafe_unpinned_baseline,3,2,0,12010707,11411643
4096,same_object,16,24,unsafe_unpinned_baseline,3,2,1,15223249,14741276
4096,same_object,16,24,unsafe_unpinned_baseline,3,2,2,18398920,18109974
4096,same_object,16,24,unsafe_unpinned_baseline,3,2,3,12236305,11820827
4096,same_object,16,24,unsafe_unpinned_baseline,3,3,0,21406925,20861612
4096,same_object,16,24,unsafe_unpinned_baseline,3,3,1,18948030,18561398
4096,same_object,16,24,unsafe_unpinned_baseline,3,3,2,13649489,13244553
4096,same_object,16,24,unsafe_unpinned_baseline,3,3,3,6037520,5738073
4096,same_object,16,24,unsafe_unpinned_baseline,3,4,0,24207015,23701960
4096,same_object,16,24,unsafe_unpinned_baseline,3,4,1,19205567,18838312
4096,same_object,16,24,unsafe_unpinned_baseline,3,4,2,10275833,9913356
4096,same_object,16,24,unsafe_unpinned_baseline,3,4,3,6289407,6021579
4096,same_object,16,24,unsafe_unpinned_baseline,3,5,0,23633079,22752582
4096,same_object,16,24,unsafe_unpinned_baseline,3,5,1,12762641,12348316
4096,same_object,16,24,unsafe_unpinned_baseline,3,5,2,14105543,13795095
4096,same_object,16,24,unsafe_unpinned_baseline,3,5,3,10388055,10002595
4096,same_object,16,24,unsafe_unpinned_baseline,3,6,0,16159331,15318398
4096,same_object,16,24,unsafe_unpinned_baseline,3,6,1,11137795,10814222
4096,same_object,16,24,unsafe_unpinned_baseline,3,6,2,13889684,13486171
4096,same_object,16,24,unsafe_unpinned_baseline,3,6,3,12473904,11878998
4096,same_object,16,24,unsafe_unpinned_baseline,3,7,0,7337631,6818769
4096,same_object,16,24,unsafe_unpinned_baseline,3,7,1,17113507,16830752
4096,same_object,16,24,unsafe_unpinned_baseline,3,7,2,19615083,19297471
4096,same_object,16,24,unsafe_unpinned_baseline,3,7,3,14926587,14658019
4096,same_object,16,24,unsafe_unpinned_baseline,3,8,0,6161424,5625379
4096,same_object,16,24,unsafe_unpinned_baseline,3,8,1,20713452,20335347
4096,same_object,16,24,unsafe_unpinned_baseline,3,8,2,18237354,17774208
4096,same_object,16,24,unsafe_unpinned_baseline,3,8,3,12196429,11675051
4096,same_object,16,24,unsafe_unpinned_baseline,3,9,0,25500184,24988775
4096,same_object,16,24,unsafe_unpinned_baseline,3,9,1,8891192,8534086
4096,same_object,16,24,unsafe_unpinned_baseline,3,9,2,16752804,16173938
4096,same_object,16,24,unsafe_unpinned_baseline,3,9,3,8975972,8696012
4096,same_object,16,24,unsafe_unpinned_baseline,3,10,0,21261750,20815105
4096,same_object,16,24,unsafe_unpinned_baseline,3,10,1,6713489,6416446
4096,same_object,16,24,unsafe_unpinned_baseline,3,10,2,18347834,17850993
4096,same_object,16,24,unsafe_unpinned_baseline,3,10,3,14630606,14248333
4096,same_object,16,24,unsafe_unpinned_baseline,3,11,0,17783315,17277447
4096,same_object,16,24,unsafe_unpinned_baseline,3,11,1,9648906,9325734
4096,same_object,16,24,unsafe_unpinned_baseline,3,11,2,22993388,22556301
4096,same_object,16,24,unsafe_unpinned_baseline,3,11,3,9661950,9230313
4096,same_object,16,24,unsafe_unpinned_baseline,3,12,0,3658065,3139032
4096,same_object,16,24,unsafe_unpinned_baseline,3,12,1,16422899,16019296
4096,same_object,16,24,unsafe_unpinned_baseline,3,12,2,11913032,11590291
4096,same_object,16,24,unsafe_unpinned_baseline,3,12,3,14471736,14118949
4096,same_object,16,24,unsafe_unpinned_baseline,3,13,0,24186667,23727759
4096,same_object,16,24,unsafe_unpinned_baseline,3,13,1,19775156,19393052
4096,same_object,16,24,unsafe_unpinned_baseline,3,13,2,14864119,14589900
4096,same_object,16,24,unsafe_unpinned_baseline,3,13,3,2593179,2364095
4096,same_object,16,24,unsafe_unpinned_baseline,3,14,0,20088008,19293003
4096,same_object,16,24,unsafe_unpinned_baseline,3,14,1,4908061,4634504
4096,same_object,16,24,unsafe_unpinned_baseline,3,14,2,9083696,8774681
4096,same_object,16,24,unsafe_unpinned_baseline,3,14,3,17970490,17657497
4096,same_object,16,24,unsafe_unpinned_baseline,3,15,0,9370789,8903785
4096,same_object,16,24,unsafe_unpinned_baseline,3,15,1,17092979,16778984
4096,same_object,16,24,unsafe_unpinned_baseline,3,15,2,16993229,16588783
4096,same_object,16,24,unsafe_unpinned_baseline,3,15,3,15482499,15110876
4096,same_object,16,24,pinned,3,0,0,22292882,19319053
4096,same_object,16,24,pinned,3,0,1,19360280,17794005
4096,same_object,16,24,pinned,3,0,2,19278545,17300892
4096,same_object,16,24,pinned,3,0,3,3996556,2366720
4096,same_object,16,24,pinned,3,1,0,17666794,14987302
4096,same_object,16,24,pinned,3,1,1,20549161,19245894
4096,same_object,16,24,pinned,3,1,2,12802116,11543613
4096,same_object,16,24,pinned,3,1,3,11222135,9244330
4096,same_object,16,24,pinned,3,2,0,16403383,14091737
4096,same_object,16,24,pinned,3,2,1,9668644,7443160
4096,same_object,16,24,pinned,3,2,2,15565196,13735913
4096,same_object,16,24,pinned,3,2,3,15360809,13483415
4096,same_object,16,24,pinned,3,3,0,17762235,15136915
4096,same_object,16,24,pinned,3,3,1,20479589,19123242
4096,same_object,16,24,pinned,3,3,2,12585065,11268101
4096,same_object,16,24,pinned,3,3,3,12003554,10182547
4096,same_object,16,24,pinned,3,4,0,16287864,14071889
4096,same_object,16,24,pinned,3,4,1,5914447,4519466
4096,same_object,16,24,pinned,3,4,2,15894539,14711390
4096,same_object,16,24,pinned,3,4,3,12925049,11668950
4096,same_object,16,24,pinned,3,5,0,21561417,19123031
4096,same_object,16,24,pinned,3,5,1,13850179,12584303
4096,same_object,16,24,pinned,3,5,2,6700113,5479513
4096,same_object,16,24,pinned,3,5,3,17960882,16563997
4096,same_object,16,24,pinned,3,6,0,21563751,19138370
4096,same_object,16,24,pinned,3,6,1,15333097,13939749
4096,same_object,16,24,pinned,3,6,2,14057702,12846239
4096,same_object,16,24,pinned,3,6,3,12781296,11285965
4096,same_object,16,24,pinned,3,7,0,21739715,19127149
4096,same_object,16,24,pinned,3,7,1,13694275,12417167
4096,same_object,16,24,pinned,3,7,2,7173720,5582808
4096,same_object,16,24,pinned,3,7,3,20827328,18844674
4096,same_object,16,24,pinned,3,8,0,15612806,13630604
4096,same_object,16,24,pinned,3,8,1,6721183,4223996
4096,same_object,16,24,pinned,3,8,2,19246024,17881912
4096,same_object,16,24,pinned,3,8,3,15024202,13511509
4096,same_object,16,24,pinned,3,9,0,21680192,18959842
4096,same_object,16,24,pinned,3,9,1,15747191,14154285
4096,same_object,16,24,pinned,3,9,2,13500527,12242556
4096,same_object,16,24,pinned,3,9,3,12268265,11215742
4096,same_object,16,24,pinned,3,10,0,4683977,2301737
4096,same_object,16,24,pinned,3,10,1,12532555,11223607
4096,same_object,16,24,pinned,3,10,2,9581749,8287038
4096,same_object,16,24,pinned,3,10,3,13306711,11916519
4096,same_object,16,24,pinned,3,11,0,17209980,14859841
4096,same_object,16,24,pinned,3,11,1,9705543,8294702
4096,same_object,16,24,pinned,3,11,2,14630887,12532495
4096,same_object,16,24,pinned,3,11,3,15039751,13420697
4096,same_object,16,24,pinned,3,12,0,15610111,13497432
4096,same_object,16,24,pinned,3,12,1,6487612,5062875
4096,same_object,16,24,pinned,3,12,2,16271914,14740845
4096,same_object,16,24,pinned,3,12,3,24015493,22615272
4096,same_object,16,24,pinned,3,13,0,21741227,19590526
4096,same_object,16,24,pinned,3,13,1,12456962,11195844
4096,same_object,16,24,pinned,3,13,2,7952665,6683142
4096,same_object,16,24,pinned,3,13,3,20221862,19001301
4096,same_object,16,24,pinned,3,14,0,21507496,19129474
4096,same_object,16,24,pinned,3,14,1,20625445,18586245
4096,same_object,16,24,pinned,3,14,2,20617000,18739406
4096,same_object,16,24,pinned,3,14,3,3407721,1784960
4096,same_object,16,24,pinned,3,15,0,17571905,15216957
4096,same_object,16,24,pinned,3,15,1,20340386,19259990
4096,same_object,16,24,pinned,3,15,2,13033323,11388068
4096,same_object,16,24,pinned,3,15,3,10791900,9509252
4096,same_object,16,24,pinned,4,0,0,14310590,12519641
4096,same_object,16,24,pinned,4,0,1,15885272,14613865
4096,same_object,16,24,pinned,4,0,2,17505780,16298674
4096,same_object,16,24,pinned,4,0,3,9759495,8533514
4096,same_object,16,24,pinned,4,1,0,14332342,12650419
4096,same_object,16,24,pinned,4,1,1,14587876,13380631
4096,same_object,16,24,pinned,4,1,2,9155973,7734392
4096,same_object,16,24,pinned,4,1,3,11702594,10775528
4096,same_object,16,24,pinned,4,2,0,12238448,10891088
4096,same_object,16,24,pinned,4,2,1,15380296,13898551
4096,same_object,16,24,pinned,4,2,2,10144273,8941697
4096,same_object,16,24,pinned,4,2,3,12933934,11965882
4096,same_object,16,24,pinned,4,3,0,25746109,23897610
4096,same_object,16,24,pinned,4,3,1,23464700,22200307
4096,same_object,16,24,pinned,4,3,2,12020326,10867763
4096,same_object,16,24,pinned,4,3,3,3171033,2059128
4096,same_object,16,24,pinned,4,4,0,13673826,11837239
4096,same_object,16,24,pinned,4,4,1,16579706,15343006
4096,same_object,16,24,pinned,4,4,2,17205462,16077075
4096,same_object,16,24,pinned,4,4,3,15443235,14325949
4096,same_object,16,24,pinned,4,5,0,9810582,7832798
4096,same_object,16,24,pinned,4,5,1,12608950,11512695
4096,same_object,16,24,pinned,4,5,2,9319913,8306214
4096,same_object,16,24,pinned,4,5,3,21427424,20274161
4096,same_object,16,24,pinned,4,6,0,14371947,12499392
4096,same_object,16,24,pinned,4,6,1,22124483,20749189
4096,same_object,16,24,pinned,4,6,2,15334840,14330669
4096,same_object,16,24,pinned,4,6,3,10408314,9280218
4096,same_object,16,24,pinned,4,7,0,30548571,28731921
4096,same_object,16,24,pinned,4,7,1,14059986,12843143
4096,same_object,16,24,pinned,4,7,2,11542892,10486932
4096,same_object,16,24,pinned,4,7,3,7230518,6205517
4096,same_object,16,24,pinned,4,8,0,25707617,23537738
4096,same_object,16,24,pinned,4,8,1,13724451,11688518
4096,same_object,16,24,pinned,4,8,2,11374703,10481582
4096,same_object,16,24,pinned,4,8,3,10236879,8782386
4096,same_object,16,24,pinned,4,9,0,25693339,23479178
4096,same_object,16,24,pinned,4,9,1,22276872,21060810
4096,same_object,16,24,pinned,4,9,2,14826978,13726916
4096,same_object,16,24,pinned,4,9,3,2779703,1834884
4096,same_object,16,24,pinned,4,10,0,11669050,10322712
4096,same_object,16,24,pinned,4,10,1,22293794,21138957
4096,same_object,16,24,pinned,4,10,2,11633603,10649019
4096,same_object,16,24,pinned,4,10,3,8378661,7520276
4096,same_object,16,24,pinned,4,11,0,25651650,23560813
4096,same_object,16,24,pinned,4,11,1,23444962,22172043
4096,same_object,16,24,pinned,4,11,2,13414494,12410784
4096,same_object,16,24,pinned,4,11,3,3126829,2108081
4096,same_object,16,24,pinned,4,12,0,10284970,7814163
4096,same_object,16,24,pinned,4,12,1,14102647,12590475
4096,same_object,16,24,pinned,4,12,2,7519305,6453567
4096,same_object,16,24,pinned,4,12,3,20750492,19811665
4096,same_object,16,24,pinned,4,13,0,31163464,29406008
4096,same_object,16,24,pinned,4,13,1,13658547,12613518
4096,same_object,16,24,pinned,4,13,2,10934520,9942522
4096,same_object,16,24,pinned,4,13,3,7524394,6492932
4096,same_object,16,24,pinned,4,14,0,25674403,24135761
4096,same_object,16,24,pinned,4,14,1,13658236,12639067
4096,same_object,16,24,pinned,4,14,2,11517384,10612470
4096,same_object,16,24,pinned,4,14,3,10525826,9567982
4096,same_object,16,24,pinned,4,15,0,9665869,7548851
4096,same_object,16,24,pinned,4,15,1,12620993,10941724
4096,same_object,16,24,pinned,4,15,2,9442175,8395193
4096,same_object,16,24,pinned,4,15,3,12768993,11694269
4096,same_object,16,24,unsafe_unpinned_baseline,4,0,0,17543331,16758495
4096,same_object,16,24,unsafe_unpinned_baseline,4,0,1,22670447,22362985
4096,same_object,16,24,unsafe_unpinned_baseline,4,0,2,8515471,8273703
4096,same_object,16,24,unsafe_unpinned_baseline,4,0,3,8595312,8394531
4096,same_object,16,24,unsafe_unpinned_baseline,4,1,0,17526559,17046881
4096,same_object,16,24,unsafe_unpinned_baseline,4,1,1,23130588,22716063
4096,same_object,16,24,unsafe_unpinned_baseline,4,1,2,8092429,7833730
4096,same_object,16,24,unsafe_unpinned_baseline,4,1,3,8581035,8372600
4096,same_object,16,24,unsafe_unpinned_baseline,4,2,0,5067443,4523083
4096,same_object,16,24,unsafe_unpinned_baseline,4,2,1,12014595,11406804
4096,same_object,16,24,unsafe_unpinned_baseline,4,2,2,9773302,9242226
4096,same_object,16,24,unsafe_unpinned_baseline,4,2,3,15671637,15391918
4096,same_object,16,24,unsafe_unpinned_baseline,4,3,0,17573267,16563176
4096,same_object,16,24,unsafe_unpinned_baseline,4,3,1,9264067,8996742
4096,same_object,16,24,unsafe_unpinned_baseline,4,3,2,16576731,16338530
4096,same_object,16,24,unsafe_unpinned_baseline,4,3,3,13479868,13208775
4096,same_object,16,24,unsafe_unpinned_baseline,4,4,0,5933703,5482619
4096,same_object,16,24,unsafe_unpinned_baseline,4,4,1,10403715,10133934
4096,same_object,16,24,unsafe_unpinned_baseline,4,4,2,9596467,9372262
4096,same_object,16,24,unsafe_unpinned_baseline,4,4,3,11405001,11103149
4096,same_object,16,24,unsafe_unpinned_baseline,4,5,0,17436008,16977810
4096,same_object,16,24,unsafe_unpinned_baseline,4,5,1,9387101,9074859
4096,same_object,16,24,unsafe_unpinned_baseline,4,5,2,14864369,14614647
4096,same_object,16,24,unsafe_unpinned_baseline,4,5,3,5925327,5521392
4096,same_object,16,24,unsafe_unpinned_baseline,4,6,0,17482305,17038075
4096,same_object,16,24,unsafe_unpinned_baseline,4,6,1,9280448,9004145
4096,same_object,16,24,unsafe_unpinned_baseline,4,6,2,16345083,16095590
4096,same_object,16,24,unsafe_unpinned_baseline,4,6,3,13495307,13071615
4096,same_object,16,24,unsafe_unpinned_baseline,4,7,0,6606416,6150293
4096,same_object,16,24,unsafe_unpinned_baseline,4,7,1,13681330,13166205
4096,same_object,16,24,unsafe_unpinned_baseline,4,7,2,11907572,11379582
4096,same_object,16,24,unsafe_unpinned_baseline,4,7,3,13492052,13233001
4096,same_object,16,24,unsafe_unpinned_baseline,4,8,0,17582205,16610024
4096,same_object,16,24,unsafe_unpinned_baseline,4,8,1,18157603,17909824
4096,same_object,16,24,unsafe_unpinned_baseline,4,8,2,11474021,11246490
4096,same_object,16,24,unsafe_unpinned_baseline,4,8,3,7192285,6976397
4096,same_object,16,24,unsafe_unpinned_baseline,4,9,0,7765762,7352008
4096,same_object,16,24,unsafe_unpinned_baseline,4,9,1,20827809,20500489
4096,same_object,16,24,unsafe_unpinned_baseline,4,9,2,14917360,14711841
4096,same_object,16,24,unsafe_unpinned_baseline,4,9,3,13052819,12836340
4096,same_object,16,24,unsafe_unpinned_baseline,4,10,0,14425779,13995535
4096,same_object,16,24,unsafe_unpinned_baseline,4,10,1,8762888,8174084
4096,same_object,16,24,unsafe_unpinned_baseline,4,10,2,10290300,9852672
4096,same_object,16,24,unsafe_unpinned_baseline,4,10,3,13672753,13455192
4096,same_object,16,24,unsafe_unpinned_baseline,4,11,0,17519246,16441916
4096,same_object,16,24,unsafe_unpinned_baseline,4,11,1,8445238,8169546
4096,same_object,16,24,unsafe_unpinned_baseline,4,11,2,17496031,17155617
4096,same_object,16,24,unsafe_unpinned_baseline,4,11,3,11633773,11377498
4096,same_object,16,24,unsafe_unpinned_baseline,4,12,0,17555544,17116222
4096,same_object,16,24,unsafe_unpinned_baseline,4,12,1,20200080,19865317
4096,same_object,16,24,unsafe_unpinned_baseline,4,12,2,6260422,6045735
4096,same_object,16,24,unsafe_unpinned_baseline,4,12,3,8628464,8436962
4096,same_object,16,24,unsafe_unpinned_baseline,4,13,0,15366259,14967805
4096,same_object,16,24,unsafe_unpinned_baseline,4,13,1,11545045,11314459
4096,same_object,16,24,unsafe_unpinned_baseline,4,13,2,20457587,20218725
4096,same_object,16,24,unsafe_unpinned_baseline,4,13,3,6816895,6099607
4096,same_object,16,24,unsafe_unpinned_baseline,4,14,0,17553811,16408372
4096,same_object,16,24,unsafe_unpinned_baseline,4,14,1,22142227,21831889
4096,same_object,16,24,unsafe_unpinned_baseline,4,14,2,4419837,4182648
4096,same_object,16,24,unsafe_unpinned_baseline,4,14,3,8432664,8222105
4096,same_object,16,24,unsafe_unpinned_baseline,4,15,0,17598636,16992158
4096,same_object,16,24,unsafe_unpinned_baseline,4,15,1,22648736,22300467
4096,same_object,16,24,unsafe_unpinned_baseline,4,15,2,8438133,7940943
4096,same_object,16,24,unsafe_unpinned_baseline,4,15,3,8587697,8357642
4096,same_object,16,24,unsafe_unpinned_baseline,5,0,0,6028473,5558182
4096,same_object,16,24,unsafe_unpinned_baseline,5,0,1,16743376,16369168
4096,same_object,16,24,unsafe_unpinned_baseline,5,0,2,15414861,15098573
4096,same_object,16,24,unsafe_unpinned_baseline,5,0,3,15006178,14773127
4096,same_object,16,24,unsafe_unpinned_baseline,5,1,0,5646920,5347794
4096,same_object,16,24,unsafe_unpinned_baseline,5,1,1,17114418,16614062
4096,same_object,16,24,unsafe_unpinned_baseline,5,1,2,14469843,14198399
4096,same_object,16,24,unsafe_unpinned_baseline,5,1,3,16733198,16444641
4096,same_object,16,24,unsafe_unpinned_baseline,5,2,0,6018223,5735958
4096,same_object,16,24,unsafe_unpinned_baseline,5,2,1,16753195,16402291
4096,same_object,16,24,unsafe_unpinned_baseline,5,2,2,15426213,15033449
4096,same_object,16,24,unsafe_unpinned_baseline,5,2,3,19490377,19173316
4096,same_object,16,24,unsafe_unpinned_baseline,5,3,0,22679233,22218682
4096,same_object,16,24,unsafe_unpinned_baseline,5,3,1,15443977,15075018
4096,same_object,16,24,unsafe_unpinned_baseline,5,3,2,15109784,14820536
4096,same_object,16,24,unsafe_unpinned_baseline,5,3,3,6927665,6635652
4096,same_object,16,24,unsafe_unpinned_baseline,5,4,0,14866654,14423465
4096,same_object,16,24,unsafe_unpinned_baseline,5,4,1,7703643,7356987
4096,same_object,16,24,unsafe_unpinned_baseline,5,4,2,14599388,14264544
4096,same_object,16,24,unsafe_unpinned_baseline,5,4,3,16240444,15985151
4096,same_object,16,24,unsafe_unpinned_baseline,5,5,0,21404791,20948727
4096,same_object,16,24,unsafe_unpinned_baseline,5,5,1,9070912,8660275
4096,same_object,16,24,unsafe_unpinned_baseline,5,5,2,24100925,23806948
4096,same_object,16,24,unsafe_unpinned_baseline,5,5,3,6117872,5865544
4096,same_object,16,24,unsafe_unpinned_baseline,5,6,0,4907490,4628032
4096,same_object,16,24,unsafe_unpinned_baseline,5,6,1,17787924,17258001
4096,same_object,16,24,unsafe_unpinned_baseline,5,6,2,15487419,15125944
4096,same_object,16,24,unsafe_unpinned_baseline,5,6,3,19924769,19665128
4096,same_object,16,24,unsafe_unpinned_baseline,5,7,0,6163247,5726671
4096,same_object,16,24,unsafe_unpinned_baseline,5,7,1,16590067,16274198
4096,same_object,16,24,unsafe_unpinned_baseline,5,7,2,15332375,15042677
4096,same_object,16,24,unsafe_unpinned_baseline,5,7,3,15265449,15016959
4096,same_object,16,24,unsafe_unpinned_baseline,5,8,0,14482667,13447247
4096,same_object,16,24,unsafe_unpinned_baseline,5,8,1,8109743,7605368
4096,same_object,16,24,unsafe_unpinned_baseline,5,8,2,14872164,14516661
4096,same_object,16,24,unsafe_unpinned_baseline,5,8,3,15870273,15535369
4096,same_object,16,24,unsafe_unpinned_baseline,5,9,0,22722555,22307189
4096,same_object,16,24,unsafe_unpinned_baseline,5,9,1,15346783,15003823
4096,same_object,16,24,unsafe_unpinned_baseline,5,9,2,15144390,14871803
4096,same_object,16,24,unsafe_unpinned_baseline,5,9,3,6874244,6613270
4096,same_object,16,24,unsafe_unpinned_baseline,5,10,0,22614672,22222418
4096,same_object,16,24,unsafe_unpinned_baseline,5,10,1,14901951,14606952
4096,same_object,16,24,unsafe_unpinned_baseline,5,10,2,15751067,15346462
4096,same_object,16,24,unsafe_unpinned_baseline,5,10,3,6728808,6476691
4096,same_object,16,24,unsafe_unpinned_baseline,5,11,0,14472197,13449121
4096,same_object,16,24,unsafe_unpinned_baseline,5,11,1,8059317,7555013
4096,same_object,16,24,unsafe_unpinned_baseline,5,11,2,14467147,14133505
4096,same_object,16,24,unsafe_unpinned_baseline,5,11,3,11318276,11014051
4096,same_object,16,24,unsafe_unpinned_baseline,5,12,0,5920508,5599871
4096,same_object,16,24,unsafe_unpinned_baseline,5,12,1,16788271,16383204
4096,same_object,16,24,unsafe_unpinned_baseline,5,12,2,15381939,15070008
4096,same_object,16,24,unsafe_unpinned_baseline,5,12,3,15221685,14988514
4096,same_object,16,24,unsafe_unpinned_baseline,5,13,0,21311404,20924161
4096,same_object,16,24,unsafe_unpinned_baseline,5,13,1,9325514,8979799
4096,same_object,16,24,unsafe_unpinned_baseline,5,13,2,24457550,24030802
4096,same_object,16,24,unsafe_unpinned_baseline,5,13,3,8633434,8362541
4096,same_object,16,24,unsafe_unpinned_baseline,5,14,0,21353834,20962323
4096,same_object,16,24,unsafe_unpinned_baseline,5,14,1,15331643,14963938
4096,same_object,16,24,unsafe_unpinned_baseline,5,14,2,18008692,17459312
4096,same_object,16,24,unsafe_unpinned_baseline,5,14,3,8710640,8063555
4096,same_object,16,24,unsafe_unpinned_baseline,5,15,0,20962694,20542278
4096,same_object,16,24,unsafe_unpinned_baseline,5,15,1,9476240,8968608
4096,same_object,16,24,unsafe_unpinned_baseline,5,15,2,24630117,24257371
4096,same_object,16,24,unsafe_unpinned_baseline,5,15,3,8331061,8062733
4096,same_object,16,24,pinned,5,0,0,6178767,3197864
4096,same_object,16,24,pinned,5,0,1,28357503,25695122
4096,same_object,16,24,pinned,5,0,2,15475756,13857573
4096,same_object,16,24,pinned,5,0,3,12263566,10649681
4096,same_object,16,24,pinned,5,1,0,28527695,26182836
4096,same_object,16,24,pinned,5,1,1,16477623,14900497
4096,same_object,16,24,pinned,5,1,2,14107116,12118942
4096,same_object,16,24,pinned,5,1,3,8248435,7032222
4096,same_object,16,24,pinned,5,2,0,27917950,25950787
4096,same_object,16,24,pinned,5,2,1,14496984,13291542
4096,same_object,16,24,pinned,5,2,2,16645822,15670245
4096,same_object,16,24,pinned,5,2,3,6148559,5119412
4096,same_object,16,24,pinned,5,3,0,17986911,15291979
4096,same_object,16,24,pinned,5,3,1,13020138,11442652
4096,same_object,16,24,pinned,5,3,2,12555068,11480673
4096,same_object,16,24,pinned,5,3,3,17318195,16113985
4096,same_object,16,24,pinned,5,4,0,13012734,10839901
4096,same_object,16,24,pinned,5,4,1,16250624,10962963
4096,same_object,16,24,pinned,5,4,2,31359486,30112005
4096,same_object,16,24,pinned,5,4,3,8762598,7672254
4096,same_object,16,24,pinned,5,5,0,17999434,15391197
4096,same_object,16,24,pinned,5,5,1,23629813,21484902
4096,same_object,16,24,pinned,5,5,2,16858304,15710662
4096,same_object,16,24,pinned,5,5,3,8328817,7275393
4096,same_object,16,24,pinned,5,6,0,27929172,25920058
4096,same_object,16,24,pinned,5,6,1,15877578,14611831
4096,same_object,16,24,pinned,5,6,2,17164644,15830268
4096,same_object,16,24,pinned,5,6,3,7296683,6104126
4096,same_object,16,24,pinned,5,7,0,24593928,21842900
4096,same_object,16,24,pinned,5,7,1,10106963,8357211
4096,same_object,16,24,pinned,5,7,2,17354864,15546891
4096,same_object,16,24,pinned,5,7,3,8922321,7183859
4096,same_object,16,24,pinned,5,8,0,10321759,8137395
4096,same_object,16,24,pinned,5,8,1,15128059,13596480
4096,same_object,16,24,pinned,5,8,2,11228997,9669825
4096,same_object,16,24,pinned,5,8,3,20362868,18280737
4096,same_object,16,24,pinned,5,9,0,17968386,15386267
4096,same_object,16,24,pinned,5,9,1,12967058,11447391
4096,same_object,16,24,pinned,5,9,2,12096860,11006365
4096,same_object,16,24,pinned,5,9,3,16861640,15824587
4096,same_object,16,24,pinned,5,10,0,10463979,8132425
4096,same_object,16,24,pinned,5,10,1,14964449,13293916
4096,same_object,16,24,pinned,5,10,2,9532636,7825575
4096,same_object,16,24,pinned,5,10,3,16159051,14886672
4096,same_object,16,24,pinned,5,11,0,27928110,25806684
4096,same_object,16,24,pinned,5,11,1,17082759,15442935
4096,same_object,16,24,pinned,5,11,2,15487569,14139236
4096,same_object,16,24,pinned,5,11,3,8512014,7110461
4096,same_object,16,24,pinned,5,12,0,27813363,25840639
4096,same_object,16,24,pinned,5,12,1,29198675,27635095
4096,same_object,16,24,pinned,5,12,2,8832531,7427560
4096,same_object,16,24,pinned,5,12,3,4722339,3709733
4096,same_object,16,24,pinned,5,13,0,28451371,26272556
4096,same_object,16,24,pinned,5,13,1,32150964,30121693
4096,same_object,16,24,pinned,5,13,2,10402804,8615991
4096,same_object,16,24,pinned,5,13,3,2613377,1560174
4096,same_object,16,24,pinned,5,14,0,26659449,24515280
4096,same_object,16,24,pinned,5,14,1,9997025,8424819
4096,same_object,16,24,pinned,5,14,2,13115719,11688147
4096,same_object,16,24,pinned,5,14,3,11771635,10226961
4096,same_object,16,24,pinned,5,15,0,27902251,25948252
4096,same_object,16,24,pinned,5,15,1,17118527,15282120
4096,same_object,16,24,pinned,5,15,2,19780757,18126275
4096,same_object,16,24,pinned,5,15,3,5764042,4458721
262144,disjoint,1,24,pinned,-2,0,0,6054251,3879153
262144,disjoint,1,24,pinned,-2,0,1,4762075,2612766
262144,disjoint,1,24,pinned,-2,0,2,3943425,2437635
262144,disjoint,1,24,pinned,-2,0,3,3752804,2310915
262144,disjoint,1,24,unsafe_unpinned_baseline,-2,0,0,3263127,2782818
262144,disjoint,1,24,unsafe_unpinned_baseline,-2,0,1,2099936,1612172
262144,disjoint,1,24,unsafe_unpinned_baseline,-2,0,2,1963187,1345938
262144,disjoint,1,24,unsafe_unpinned_baseline,-2,0,3,3442286,2943522
262144,disjoint,1,24,unsafe_unpinned_baseline,-1,0,0,2263715,1882073
262144,disjoint,1,24,unsafe_unpinned_baseline,-1,0,1,1720287,1361217
262144,disjoint,1,24,unsafe_unpinned_baseline,-1,0,2,2826801,2391808
262144,disjoint,1,24,unsafe_unpinned_baseline,-1,0,3,2186319,1717241
262144,disjoint,1,24,pinned,-1,0,0,4292536,1890048
262144,disjoint,1,24,pinned,-1,0,1,4203037,2249127
262144,disjoint,1,24,pinned,-1,0,2,3474167,1643442
262144,disjoint,1,24,pinned,-1,0,3,3717347,1648030
262144,disjoint,1,24,pinned,0,0,0,2984740,1362600
262144,disjoint,1,24,pinned,0,0,1,2615452,1332773
262144,disjoint,1,24,pinned,0,0,2,4185193,2962518
262144,disjoint,1,24,pinned,0,0,3,3199677,2221405
262144,disjoint,1,24,unsafe_unpinned_baseline,0,0,0,1911479,1601702
262144,disjoint,1,24,unsafe_unpinned_baseline,0,0,1,1640446,1301404
262144,disjoint,1,24,unsafe_unpinned_baseline,0,0,2,2826480,2466900
262144,disjoint,1,24,unsafe_unpinned_baseline,0,0,3,1638452,1327904
262144,disjoint,1,24,unsafe_unpinned_baseline,1,0,0,1388990,1118658
262144,disjoint,1,24,unsafe_unpinned_baseline,1,0,1,2736891,2437505
262144,disjoint,1,24,unsafe_unpinned_baseline,1,0,2,2163916,1820116
262144,disjoint,1,24,unsafe_unpinned_baseline,1,0,3,1570383,1248423
262144,disjoint,1,24,pinned,1,0,0,3499465,1916207
262144,disjoint,1,24,pinned,1,0,1,3753556,2441041
262144,disjoint,1,24,pinned,1,0,2,2508418,1357459
262144,disjoint,1,24,pinned,1,0,3,2204944,1134668
262144,disjoint,1,24,pinned,2,0,0,2768391,1481384
262144,disjoint,1,24,pinned,2,0,1,3660249,2554877
262144,disjoint,1,24,pinned,2,0,2,2938183,1688165
262144,disjoint,1,24,pinned,2,0,3,3112763,1818453
262144,disjoint,1,24,unsafe_unpinned_baseline,2,0,0,1933270,1589599
262144,disjoint,1,24,unsafe_unpinned_baseline,2,0,1,2474063,2145201
262144,disjoint,1,24,unsafe_unpinned_baseline,2,0,2,2120384,1790550
262144,disjoint,1,24,unsafe_unpinned_baseline,2,0,3,1611882,1296434
262144,disjoint,1,24,unsafe_unpinned_baseline,3,0,0,3755590,3438149
262144,disjoint,1,24,unsafe_unpinned_baseline,3,0,1,1790069,1438002
262144,disjoint,1,24,unsafe_unpinned_baseline,3,0,2,1433573,1120381
262144,disjoint,1,24,unsafe_unpinned_baseline,3,0,3,2252384,1947637
262144,disjoint,1,24,pinned,3,0,0,3314244,1761505
262144,disjoint,1,24,pinned,3,0,1,3175722,1576875
262144,disjoint,1,24,pinned,3,0,2,5622954,2870384
262144,disjoint,1,24,pinned,3,0,3,4356387,2449337
262144,disjoint,1,24,pinned,4,0,0,3541674,1846295
262144,disjoint,1,24,pinned,4,0,1,3417619,1724455
262144,disjoint,1,24,pinned,4,0,2,4072419,2476909
262144,disjoint,1,24,pinned,4,0,3,2639707,1492054
262144,disjoint,1,24,unsafe_unpinned_baseline,4,0,0,1507794,1242502
262144,disjoint,1,24,unsafe_unpinned_baseline,4,0,1,2523978,2196849
262144,disjoint,1,24,unsafe_unpinned_baseline,4,0,2,4291203,3441755
262144,disjoint,1,24,unsafe_unpinned_baseline,4,0,3,2524920,2114102
262144,disjoint,1,24,unsafe_unpinned_baseline,5,0,0,1921277,1582816
262144,disjoint,1,24,unsafe_unpinned_baseline,5,0,1,1794577,1451398
262144,disjoint,1,24,unsafe_unpinned_baseline,5,0,2,2282110,1951425
262144,disjoint,1,24,unsafe_unpinned_baseline,5,0,3,1627431,1285634
262144,disjoint,1,24,pinned,5,0,0,3418702,1354395
262144,disjoint,1,24,pinned,5,0,1,2956266,1218366
262144,disjoint,1,24,pinned,5,0,2,2420423,1151941
262144,disjoint,1,24,pinned,5,0,3,2790262,1368040
262144,disjoint,4,24,pinned,-2,0,0,6188655,3952392
262144,disjoint,4,24,pinned,-2,0,1,8063014,5579162
262144,disjoint,4,24,pinned,-2,0,2,7492534,5735348
262144,disjoint,4,24,pinned,-2,0,3,7677724,5897955
262144,disjoint,4,24,pinned,-2,1,0,6192643,3883632
262144,disjoint,4,24,pinned,-2,1,1,7729863,5580545
262144,disjoint,4,24,pinned,-2,1,2,8075748,5951436
262144,disjoint,4,24,pinned,-2,1,3,7042573,5568361
262144,disjoint,4,24,pinned,-2,2,0,5626852,3500586
262144,disjoint,4,24,pinned,-2,2,1,8041162,6358667
262144,disjoint,4,24,pinned,-2,2,2,7859619,5938121
262144,disjoint,4,24,pinned,-2,2,3,7889215,6093936
262144,disjoint,4,24,pinned,-2,3,0,5562029,3392001
262144,disjoint,4,24,pinned,-2,3,1,8272530,5974571
262144,disjoint,4,24,pinned,-2,3,2,7903181,6216859
262144,disjoint,4,24,pinned,-2,3,3,7617510,6143710
262144,disjoint,4,24,unsafe_unpinned_baseline,-2,0,0,4828090,4357038
262144,disjoint,4,24,unsafe_unpinned_baseline,-2,0,1,4849160,4150127
262144,disjoint,4,24,unsafe_unpinned_baseline,-2,0,2,6747233,6087805
262144,disjoint,4,24,unsafe_unpinned_baseline,-2,0,3,6333179,5962067
262144,disjoint,4,24,unsafe_unpinned_baseline,-2,1,0,4951714,4502954
262144,disjoint,4,24,unsafe_unpinned_baseline,-2,1,1,4525176,3979583
262144,disjoint,4,24,unsafe_unpinned_baseline,-2,1,2,6986646,6271483
262144,disjoint,4,24,unsafe_unpinned_baseline,-2,1,3,6568054,6082615
262144,disjoint,4,24,unsafe_unpinned_baseline,-2,2,0,4973836,4510078
262144,disjoint,4,24,unsafe_unpinned_baseline,-2,2,1,4779858,4206744
262144,disjoint,4,24,unsafe_unpinned_baseline,-2,2,2,6408632,5829626
262144,disjoint,4,24,unsafe_unpinned_baseline,-2,2,3,6714230,6103254
262144,disjoint,4,24,unsafe_unpinned_baseline,-2,3,0,4446317,3977660
262144,disjoint,4,24,unsafe_unpinned_baseline,-2,3,1,4984456,4259273
262144,disjoint,4,24,unsafe_unpinned_baseline,-2,3,2,6658836,5891533
262144,disjoint,4,24,unsafe_unpinned_baseline,-2,3,3,6305467,5549045
262144,disjoint,4,24,unsafe_unpinned_baseline,-1,0,0,5034341,4275965
262144,disjoint,4,24,unsafe_unpinned_baseline,-1,0,1,8069546,5789109
262144,disjoint,4,24,unsafe_unpinned_baseline,-1,0,2,9240443,8050971
262144,disjoint,4,24,unsafe_unpinned_baseline,-1,0,3,9819640,9017240
262144,disjoint,4,24,unsafe_unpinned_baseline,-1,1,0,5568902,4617381
262144,disjoint,4,24,unsafe_unpinned_baseline,-1,1,1,7840603,7330176
262144,disjoint,4,24,unsafe_unpinned_baseline,-1,1,2,9022580,8120172
262144,disjoint,4,24,unsafe_unpinned_baseline,-1,1,3,9713408,6029214
262144,disjoint,4,24,unsafe_unpinned_baseline,-1,2,0,5503047,4375063
262144,disjoint,4,24,unsafe_unpinned_baseline,-1,2,1,7610216,5563542
262144,disjoint,4,24,unsafe_unpinned_baseline,-1,2,2,8670404,7465694
262144,disjoint,4,24,unsafe_unpinned_baseline,-1,2,3,10411249,9257284
262144,disjoint,4,24,unsafe_unpinned_baseline,-1,3,0,5435420,4484329
262144,disjoint,4,24,unsafe_unpinned_baseline,-1,3,1,7938659,7313675
262144,disjoint,4,24,unsafe_unpinned_baseline,-1,3,2,8722051,7769017
262144,disjoint,4,24,unsafe_unpinned_baseline,-1,3,3,10136890,9282172
262144,disjoint,4,24,pinned,-1,0,0,7467116,4684919
262144,disjoint,4,24,pinned,-1,0,1,6682390,5158806
262144,disjoint,4,24,pinned,-1,0,2,8628084,6643777
262144,disjoint,4,24,pinned,-1,0,3,4494769,2762911
262144,disjoint,4,24,pinned,-1,1,0,7442700,4641576
262144,disjoint,4,24,pinned,-1,1,1,6595846,4770561
262144,disjoint,4,24,pinned,-1,1,2,8725889,6419272
262144,disjoint,4,24,pinned,-1,1,3,4525337,2804068
262144,disjoint,4,24,pinned,-1,2,0,7497884,4794386
262144,disjoint,4,24,pinned,-1,2,1,6549308,5058236
262144,disjoint,4,24,pinned,-1,2,2,8310031,6487992
262144,disjoint,4,24,pinned,-1,2,3,4857667,3127290
262144,disjoint,4,24,pinned,-1,3,0,7436497,4444363
262144,disjoint,4,24,pinned,-1,3,1,6522578,4811529
262144,disjoint,4,24,pinned,-1,3,2,7517912,6093716
262144,disjoint,4,24,pinned,-1,3,3,3697660,2511274
262144,disjoint,4,24,pinned,0,0,0,5886243,3732085
262144,disjoint,4,24,pinned,0,0,1,6510595,4462959
262144,disjoint,4,24,pinned,0,0,2,7452258,5449927
262144,disjoint,4,24,pinned,0,0,3,7902850,5767478
262144,disjoint,4,24,pinned,0,1,0,5905059,3225817
262144,disjoint,4,24,pinned,0,1,1,6556402,4936234
262144,disjoint,4,24,pinned,0,1,2,7927668,6177104
262144,disjoint,4,24,pinned,0,1,3,7378067,5464785
262144,disjoint,4,24,pinned,0,2,0,5630719,3044965
262144,disjoint,4,24,pinned,0,2,1,6922625,5240912
262144,disjoint,4,24,pinned,0,2,2,7761844,5999688
262144,disjoint,4,24,pinned,0,2,3,7448661,5485174
262144,disjoint,4,24,pinned,0,3,0,5661027,3702038
262144,disjoint,4,24,pinned,0,3,1,6746261,5093032
262144,disjoint,4,24,pinned,0,3,2,7986970,6291249
262144,disjoint,4,24,pinned,0,3,3,7362598,5388951
262144,disjoint,4,24,unsafe_unpinned_baseline,0,0,0,6007142,5579402
262144,disjoint,4,24,unsafe_unpinned_baseline,0,0,1,6886616,6219584
262144,disjoint,4,24,unsafe_unpinned_baseline,0,0,2,5080588,4632700
262144,disjoint,4,24,unsafe_unpinned_baseline,0,0,3,6580748,6077796
262144,disjoint,4,24,unsafe_unpinned_baseline,0,1,0,5915339,5484502
262144,disjoint,4,24,unsafe_unpinned_baseline,0,1,1,6721213,6236426
262144,disjoint,4,24,unsafe_unpinned_baseline,0,1,2,5116505,4561775
262144,disjoint,4,24,unsafe_unpinned_baseline,0,1,3,6908108,6183987
262144,disjoint,4,24,unsafe_unpinned_baseline,0,2,0,6015618,5579272
262144,disjoint,4,24,unsafe_unpinned_baseline,0,2,1,7002245,6478724
262144,disjoint,4,24,unsafe_unpinned_baseline,0,2,2,5078193,4646607
262144,disjoint,4,24,unsafe_unpinned_baseline,0,2,3,5962387,5467931
262144,disjoint,4,24,unsafe_unpinned_baseline,0,3,0,6271683,5833904
262144,disjoint,4,24,unsafe_unpinned_baseline,0,3,1,6742775,6346765
262144,disjoint,4,24,unsafe_unpinned_baseline,0,3,2,4843158,4401843
262144,disjoint,4,24,unsafe_unpinned_baseline,0,3,3,6733497,6098916
262144,disjoint,4,24,unsafe_unpinned_baseline,1,0,0,7405960,6606266
262144,disjoint,4,24,unsafe_unpinned_baseline,1,0,1,6664806,6087745
262144,disjoint,4,24,unsafe_unpinned_baseline,1,0,2,4374922,3787500
262144,disjoint,4,24,unsafe_unpinned_baseline,1,0,3,3259911,2772038
262144,disjoint,4,24,unsafe_unpinned_baseline,1,1,0,7323143,6478835
262144,disjoint,4,24,unsafe_unpinned_baseline,1,1,1,2383913,1740395
262144,disjoint,4,24,unsafe_unpinned_baseline,1,1,2,4545656,3836743
262144,disjoint,4,24,unsafe_unpinned_baseline,1,1,3,4321911,3866429
262144,disjoint,4,24,unsafe_unpinned_baseline,1,2,0,7313335,6639218
262144,disjoint,4,24,unsafe_unpinned_baseline,1,2,1,6865737,6192402
262144,disjoint,4,24,unsafe_unpinned_baseline,1,2,2,4472817,3932144
262144,disjoint,4,24,unsafe_unpinned_baseline,1,2,3,2952990,2543986
262144,disjoint,4,24,unsafe_unpinned_baseline,1,3,0,7293637,6487662
262144,disjoint,4,24,unsafe_unpinned_baseline,1,3,1,6449670,5911431
262144,disjoint,4,24,unsafe_unpinned_baseline,1,3,2,4529635,3910964
262144,disjoint,4,24,unsafe_unpinned_baseline,1,3,3,3340845,2829407
262144,disjoint,4,24,pinned,1,0,0,7120780,4509687
262144,disjoint,4,24,pinned,1,0,1,8346350,3983330
262144,disjoint,4,24,pinned,1,0,2,5457451,3743517
262144,disjoint,4,24,pinned,1,0,3,4906157,3650822
262144,disjoint,4,24,pinned,1,1,0,7113096,4710267
262144,disjoint,4,24,pinned,1,1,1,7935072,3747715
262144,disjoint,4,24,pinned,1,1,2,5621703,3696908
262144,disjoint,4,24,pinned,1,1,3,5182742,3448879
262144,disjoint,4,24,pinned,1,2,0,6591668,4541898
262144,disjoint,4,24,pinned,1,2,1,3944908,2306566
262144,disjoint,4,24,pinned,1,2,2,4880469,3410737
262144,disjoint,4,24,pinned,1,2,3,5612595,3957672
262144,disjoint,4,24,pinned,1,3,0,6263537,4250577
262144,disjoint,4,24,pinned,1,3,1,4285934,2527004
262144,disjoint,4,24,pinned,1,3,2,5164507,3558065
262144,disjoint,4,24,pinned,1,3,3,5140221,3664637
262144,disjoint,4,24,pinned,2,0,0,6116159,4946184
262144,disjoint,4,24,pinned,2,0,1,5226704,4084091
262144,disjoint,4,24,pinned,2,0,2,5283091,4042092
262144,disjoint,4,24,pinned,2,0,3,6337718,5221715
262144,disjoint,4,24,pinned,2,1,0,6483254,4303867
262144,disjoint,4,24,pinned,2,1,1,5385345,3765359
262144,disjoint,4,24,pinned,2,1,2,4904505,3387022
262144,disjoint,4,24,pinned,2,1,3,6676238,5744515
262144,disjoint,4,24,pinned,2,2,0,6530232,4306883
262144,disjoint,4,24,pinned,2,2,1,5212377,3676731
262144,disjoint,4,24,pinned,2,2,2,5247544,3822867
262144,disjoint,4,24,pinned,2,2,3,6246866,5138778
262144,disjoint,4,24,pinned,2,3,0,5874281,4565232
262144,disjoint,4,24,pinned,2,3,1,5754995,4541818
262144,disjoint,4,24,pinned,2,3,2,5178013,3969144
262144,disjoint,4,24,pinned,2,3,3,6654006,5648152
262144,disjoint,4,24,unsafe_unpinned_baseline,2,0,0,4309328,3945459
262144,disjoint,4,24,unsafe_unpinned_baseline,2,0,1,5284023,3940891
262144,disjoint,4,24,unsafe_unpinned_baseline,2,0,2,3984754,3679696
262144,disjoint,4,24,unsafe_unpinned_baseline,2,0,3,5230782,4890578
262144,disjoint,4,24,unsafe_unpinned_baseline,2,1,0,5492508,4143324
262144,disjoint,4,24,unsafe_unpinned_baseline,2,1,1,4152942,3817517
262144,disjoint,4,24,unsafe_unpinned_baseline,2,1,2,4085353,3797679
262144,disjoint,4,24,unsafe_unpinned_baseline,2,1,3,4992962,4694307
262144,disjoint,4,24,unsafe_unpinned_baseline,2,2,0,4375073,4011995
262144,disjoint,4,24,unsafe_unpinned_baseline,2,2,1,5187280,3735692
262144,disjoint,4,24,unsafe_unpinned_baseline,2,2,2,3966909,3664397
262144,disjoint,4,24,unsafe_unpinned_baseline,2,2,3,5311225,4988744
262144,disjoint,4,24,unsafe_unpinned_baseline,2,3,0,4076016,3714612
262144,disjoint,4,24,unsafe_unpinned_baseline,2,3,1,5318999,4949560
262144,disjoint,4,24,unsafe_unpinned_baseline,2,3,2,4225889,3881838
262144,disjoint,4,24,unsafe_unpinned_baseline,2,3,3,5232766,4912600
262144,disjoint,4,24,unsafe_unpinned_baseline,3,0,0,3807779,3453297
262144,disjoint,4,24,unsafe_unpinned_baseline,3,0,1,4103328,3759918
262144,disjoint,4,24,unsafe_unpinned_baseline,3,0,2,4108949,3658155
262144,disjoint,4,24,unsafe_unpinned_baseline,3,0,3,4966231,4646997
262144,disjoint,4,24,unsafe_unpinned_baseline,3,1,0,3988561,3636023
262144,disjoint,4,24,unsafe_unpinned_baseline,3,1,1,4389560,3997347
262144,disjoint,4,24,unsafe_unpinned_baseline,3,1,2,3951341,3608081
262144,disjoint,4,24,unsafe_unpinned_baseline,3,1,3,4700158,4415970
262144,disjoint,4,24,unsafe_unpinned_baseline,3,2,0,3960668,2984871
262144,disjoint,4,24,unsafe_unpinned_baseline,3,2,1,4350877,3866029
262144,disjoint,4,24,unsafe_unpinned_baseline,3,2,2,3862082,3526176
262144,disjoint,4,24,unsafe_unpinned_baseline,3,2,3,4447529,4084612
262144,disjoint,4,24,unsafe_unpinned_baseline,3,3,0,4040369,3251686
262144,disjoint,4,24,unsafe_unpinned_baseline,3,3,1,4513184,4068372
262144,disjoint,4,24,unsafe_unpinned_baseline,3,3,2,3826484,3482002
262144,disjoint,4,24,unsafe_unpinned_baseline,3,3,3,4342641,4022445
262144,disjoint,4,24,pinned,3,0,0,6405336,4628372
262144,disjoint,4,24,pinned,3,0,1,5374193,3528249
262144,disjoint,4,24,pinned,3,0,2,5429559,3726024
262144,disjoint,4,24,pinned,3,0,3,5839264,4493266
262144,disjoint,4,24,pinned,3,1,0,6655179,4065727
262144,disjoint,4,24,pinned,3,1,1,5184355,3483484
262144,disjoint,4,24,pinned,3,1,2,5502316,4161407
262144,disjoint,4,24,pinned,3,1,3,5548234,4241750
262144,disjoint,4,24,pinned,3,2,0,6218291,4393117
262144,disjoint,4,24,pinned,3,2,1,5649204,3469808
262144,disjoint,4,24,pinned,3,2,2,5360457,3752875
262144,disjoint,4,24,pinned,3,2,3,5400794,4099411
262144,disjoint,4,24,pinned,3,3,0,6019275,4287506
262144,disjoint,4,24,pinned,3,3,1,5494462,4145017
262144,disjoint,4,24,pinned,3,3,2,5631731,3840120
262144,disjoint,4,24,pinned,3,3,3,5118610,3789784
262144,disjoint,4,24,pinned,4,0,0,5127657,3963874
262144,disjoint,4,24,pinned,4,0,1,4640905,3490298
262144,disjoint,4,24,pinned,4,0,2,4452389,3181432
262144,disjoint,4,24,pinned,4,0,3,4973966,3578104
262144,disjoint,4,24,pinned,4,1,0,5020544,3726855
262144,disjoint,4,24,pinned,4,1,1,4770621,3863654
262144,disjoint,4,24,pinned,4,1,2,4421129,3462895
262144,disjoint,4,24,pinned,4,1,3,4749491,3501479
262144,disjoint,4,24,pinned,4,2,0,5130332,4024699
262144,disjoint,4,24,pinned,4,2,1,4563118,3628549
262144,disjoint,4,24,pinned,4,2,2,4289781,3342578
262144,disjoint,4,24,pinned,4,2,3,4712792,3438199
262144,disjoint,4,24,pinned,4,3,0,5281007,3917055
262144,disjoint,4,24,pinned,4,3,1,4459723,3344191
262144,disjoint,4,24,pinned,4,3,2,4244295,3164540
262144,disjoint,4,24,pinned,4,3,3,4732800,3566822
262144,disjoint,4,24,unsafe_unpinned_baseline,4,0,0,4080726,3755300
262144,disjoint,4,24,unsafe_unpinned_baseline,4,0,1,3789474,3451284
262144,disjoint,4,24,unsafe_unpinned_baseline,4,0,2,4107155,3586038
262144,disjoint,4,24,unsafe_unpinned_baseline,4,0,3,3813679,3460140
262144,disjoint,4,24,unsafe_unpinned_baseline,4,1,0,4233896,3907928
262144,disjoint,4,24,unsafe_unpinned_baseline,4,1,1,3911675,3572764
262144,disjoint,4,24,unsafe_unpinned_baseline,4,1,2,4030210,3750029
262144,disjoint,4,24,unsafe_unpinned_baseline,4,1,3,3826274,3556232
262144,disjoint,4,24,unsafe_unpinned_baseline,4,2,0,4485100,4134167
262144,disjoint,4,24,unsafe_unpinned_baseline,4,2,1,3801506,3499816
262144,disjoint,4,24,unsafe_unpinned_baseline,4,2,2,3816705,3496649
262144,disjoint,4,24,unsafe_unpinned_baseline,4,2,3,4175054,3789514
262144,disjoint,4,24,unsafe_unpinned_baseline,4,3,0,4405510,4088841
262144,disjoint,4,24,unsafe_unpinned_baseline,4,3,1,3650411,3325816
262144,disjoint,4,24,unsafe_unpinned_baseline,4,3,2,4274762,3896566
262144,disjoint,4,24,unsafe_unpinned_baseline,4,3,3,3597310,2870684
262144,disjoint,4,24,unsafe_unpinned_baseline,5,0,0,5352733,4971612
262144,disjoint,4,24,unsafe_unpinned_baseline,5,0,1,3890014,3606097
262144,disjoint,4,24,unsafe_unpinned_baseline,5,0,2,4497394,4197557
262144,disjoint,4,24,unsafe_unpinned_baseline,5,0,3,3695917,3354801
262144,disjoint,4,24,unsafe_unpinned_baseline,5,1,0,5206557,4839761
262144,disjoint,4,24,unsafe_unpinned_baseline,5,1,1,3691278,3350152
262144,disjoint,4,24,unsafe_unpinned_baseline,5,1,2,4725275,4371976
262144,disjoint,4,24,unsafe_unpinned_baseline,5,1,3,3648326,3316478
262144,disjoint,4,24,unsafe_unpinned_baseline,5,2,0,5482038,4548731
262144,disjoint,4,24,unsafe_unpinned_baseline,5,2,1,3820682,3435263
262144,disjoint,4,24,unsafe_unpinned_baseline,5,2,2,4736938,4404128
262144,disjoint,4,24,unsafe_unpinned_baseline,5,2,3,3364449,3048090
262144,disjoint,4,24,unsafe_unpinned_baseline,5,3,0,5418608,5061922
262144,disjoint,4,24,unsafe_unpinned_baseline,5,3,1,3766541,3456223
262144,disjoint,4,24,unsafe_unpinned_baseline,5,3,2,4653961,4336129
262144,disjoint,4,24,unsafe_unpinned_baseline,5,3,3,3650701,3278216
262144,disjoint,4,24,pinned,5,0,0,5514399,3618360
262144,disjoint,4,24,pinned,5,0,1,6332918,3931422
262144,disjoint,4,24,pinned,5,0,2,8027647,6155343
262144,disjoint,4,24,pinned,5,0,3,5110104,2995852
262144,disjoint,4,24,pinned,5,1,0,5821000,3565059
262144,disjoint,4,24,pinned,5,1,1,5592206,3436385
262144,disjoint,4,24,pinned,5,1,2,7876972,5898396
262144,disjoint,4,24,pinned,5,1,3,4642619,3030877
262144,disjoint,4,24,pinned,5,2,0,5640929,3304315
262144,disjoint,4,24,pinned,5,2,1,5828414,4144505
262144,disjoint,4,24,pinned,5,2,2,7980578,6052148
262144,disjoint,4,24,pinned,5,2,3,4492865,2977717
262144,disjoint,4,24,pinned,5,3,0,5398039,3551323
262144,disjoint,4,24,pinned,5,3,1,3880256,1916678
262144,disjoint,4,24,pinned,5,3,2,4427792,2639647
262144,disjoint,4,24,pinned,5,3,3,6101661,3880726
262144,disjoint,16,24,pinned,-2,0,0,19625101,16196471
262144,disjoint,16,24,pinned,-2,0,1,28351431,26285310
262144,disjoint,16,24,pinned,-2,0,2,25565487,22725261
262144,disjoint,16,24,pinned,-2,0,3,22842753,19763374
262144,disjoint,16,24,pinned,-2,1,0,19591658,17022976
262144,disjoint,16,24,pinned,-2,1,1,28425732,26153911
262144,disjoint,16,24,pinned,-2,1,2,25291118,22889591
262144,disjoint,16,24,pinned,-2,1,3,24851896,21506874
262144,disjoint,16,24,pinned,-2,2,0,18559605,15380877
262144,disjoint,16,24,pinned,-2,2,1,28400634,25348366
262144,disjoint,16,24,pinned,-2,2,2,26132430,23195010
262144,disjoint,16,24,pinned,-2,2,3,23185261,19701767
262144,disjoint,16,24,pinned,-2,3,0,20486903,18354015
262144,disjoint,16,24,pinned,-2,3,1,30976862,28674423
262144,disjoint,16,24,pinned,-2,3,2,24427613,22159329
262144,disjoint,16,24,pinned,-2,3,3,24554483,21245509
262144,disjoint,16,24,pinned,-2,4,0,20457216,18287670
262144,disjoint,16,24,pinned,-2,4,1,27509367,25294194
262144,disjoint,16,24,pinned,-2,4,2,27759440,25534198
262144,disjoint,16,24,pinned,-2,4,3,24540758,22205286
262144,disjoint,16,24,pinned,-2,5,0,24033417,20274090
262144,disjoint,16,24,pinned,-2,5,1,26236427,23890716
262144,disjoint,16,24,pinned,-2,5,2,24863799,21831819
262144,disjoint,16,24,pinned,-2,5,3,24175816,20301252
262144,disjoint,16,24,pinned,-2,6,0,18569474,15164938
262144,disjoint,16,24,pinned,-2,6,1,29302422,26948536
262144,disjoint,16,24,pinned,-2,6,2,27898544,25515172
262144,disjoint,16,24,pinned,-2,6,3,24422513,21112157
262144,disjoint,16,24,pinned,-2,7,0,22089257,18521312
262144,disjoint,16,24,pinned,-2,7,1,25845017,23811006
262144,disjoint,16,24,pinned,-2,7,2,25198602,22808448
262144,disjoint,16,24,pinned,-2,7,3,25771437,21831799
262144,disjoint,16,24,pinned,-2,8,0,19774905,17077209
262144,disjoint,16,24,pinned,-2,8,1,28119452,26230947
262144,disjoint,16,24,pinned,-2,8,2,27571295,25364256
262144,disjoint,16,24,pinned,-2,8,3,23671833,21620800
262144,disjoint,16,24,pinned,-2,9,0,20644432,17869428
262144,disjoint,16,24,pinned,-2,9,1,30675882,28604000
262144,disjoint,16,24,pinned,-2,9,2,25059890,23153742
262144,disjoint,16,24,pinned,-2,9,3,24038958,21259115
262144,disjoint,16,24,pinned,-2,10,0,20795277,17740545
262144,disjoint,16,24,pinned,-2,10,1,30620247,28645969
262144,disjoint,16,24,pinned,-2,10,2,23762384,21156180
262144,disjoint,16,24,pinned,-2,10,3,24054447,21709347
262144,disjoint,16,24,pinned,-2,11,0,23917477,20544041
262144,disjoint,16,24,pinned,-2,11,1,27340458,25247886
262144,disjoint,16,24,pinned,-2,11,2,24193179,22119534
262144,disjoint,16,24,pinned,-2,11,3,24547871,21136753
262144,disjoint,16,24,pinned,-2,12,0,24223126,19062616
262144,disjoint,16,24,pinned,-2,12,1,24807783,23090793
262144,disjoint,16,24,pinned,-2,12,2,25021918,22780014
262144,disjoint,16,24,pinned,-2,12,3,24248133,21478230
262144,disjoint,16,24,pinned,-2,13,0,19387221,16793071
262144,disjoint,16,24,pinned,-2,13,1,28311676,26154743
262144,disjoint,16,24,pinned,-2,13,2,25273113,23085422
262144,disjoint,16,24,pinned,-2,13,3,23460923,20719374
262144,disjoint,16,24,pinned,-2,14,0,23928358,20751704
262144,disjoint,16,24,pinned,-2,14,1,27375353,25112409
262144,disjoint,16,24,pinned,-2,14,2,23076897,21113840
262144,disjoint,16,24,pinned,-2,14,3,24372279,21547281
262144,disjoint,16,24,pinned,-2,15,0,22370910,19499984
262144,disjoint,16,24,pinned,-2,15,1,26741724,24831247
262144,disjoint,16,24,pinned,-2,15,2,24956655,22667942
262144,disjoint,16,24,pinned,-2,15,3,22256463,19574696
262144,disjoint,16,24,unsafe_unpinned_baseline,-2,0,0,21770773,21253945
262144,disjoint,16,24,unsafe_unpinned_baseline,-2,0,1,26821997,25919447
262144,disjoint,16,24,unsafe_unpinned_baseline,-2,0,2,25542043,25098604
262144,disjoint,16,24,unsafe_unpinned_baseline,-2,0,3,20665651,19782360
262144,disjoint,16,24,unsafe_unpinned_baseline,-2,1,0,25820490,25195687
262144,disjoint,16,24,unsafe_unpinned_baseline,-2,1,1,22469556,21928372
262144,disjoint,16,24,unsafe_unpinned_baseline,-2,1,2,25070921,24400662
262144,disjoint,16,24,unsafe_unpinned_baseline,-2,1,3,20486322,20027464
262144,disjoint,16,24,unsafe_unpinned_baseline,-2,2,0,25623337,24989657
262144,disjoint,16,24,unsafe_unpinned_baseline,-2,2,1,25582390,24781343
262144,disjoint,16,24,unsafe_unpinned_baseline,-2,2,2,18496285,18116055
262144,disjoint,16,24,unsafe_unpinned_baseline,-2,2,3,25210736,24824455
262144,disjoint,16,24,unsafe_unpinned_baseline,-2,3,0,25685214,25066603
262144,disjoint,16,24,unsafe_unpinned_baseline,-2,3,1,32210096,30794516
262144,disjoint,16,24,unsafe_unpinned_baseline,-2,3,2,15239600,14464833
262144,disjoint,16,24,unsafe_unpinned_baseline,-2,3,3,20831275,20188789
262144,disjoint,16,24,unsafe_unpinned_baseline,-2,4,0,25461100,24813363
262144,disjoint,16,24,unsafe_unpinned_baseline,-2,4,1,24956635,24172570
262144,disjoint,16,24,unsafe_unpinned_baseline,-2,4,2,18883398,18557971
262144,disjoint,16,24,unsafe_unpinned_baseline,-2,4,3,23313665,22841010
262144,disjoint,16,24,unsafe_unpinned_baseline,-2,5,0,25884591,25332396
262144,disjoint,16,24,unsafe_unpinned_baseline,-2,5,1,25362273,24828212
262144,disjoint,16,24,unsafe_unpinned_baseline,-2,5,2,18324870,17933750
262144,disjoint,16,24,unsafe_unpinned_baseline,-2,5,3,25266973,24783928
262144,disjoint,16,24,unsafe_unpinned_baseline,-2,6,0,24063604,23471303
262144,disjoint,16,24,unsafe_unpinned_baseline,-2,6,1,24275395,23059123
262144,disjoint,16,24,unsafe_unpinned_baseline,-2,6,2,19939958,19381561
262144,disjoint,16,24,unsafe_unpinned_baseline,-2,6,3,22718308,22057667
262144,disjoint,16,24,unsafe_unpinned_baseline,-2,7,0,21718946,21142835
262144,disjoint,16,24,unsafe_unpinned_baseline,-2,7,1,26768125,25908367
262144,disjoint,16,24,unsafe_unpinned_baseline,-2,7,2,19808439,19350461
262144,disjoint,16,24,unsafe_unpinned_baseline,-2,7,3,22674234,22024664
262144,disjoint,16,24,unsafe_unpinned_baseline,-2,8,0,21725348,21022658
262144,disjoint,16,24,unsafe_unpinned_baseline,-2,8,1,25519841,24564913
262144,disjoint,16,24,unsafe_unpinned_baseline,-2,8,2,21026966,20236279
262144,disjoint,16,24,unsafe_unpinned_baseline,-2,8,3,22641712,21888797
262144,disjoint,16,24,unsafe_unpinned_baseline,-2,9,0,25510924,24963137
262144,disjoint,16,24,unsafe_unpinned_baseline,-2,9,1,22839967,21946857
262144,disjoint,16,24,unsafe_unpinned_baseline,-2,9,2,19964484,19318472
262144,disjoint,16,24,unsafe_unpinned_baseline,-2,9,3,24205583,23566743
262144,disjoint,16,24,unsafe_unpinned_baseline,-2,10,0,25544598,25007130
262144,disjoint,16,24,unsafe_unpinned_baseline,-2,10,1,32898018,31495273
262144,disjoint,16,24,unsafe_unpinned_baseline,-2,10,2,14588156,14010082
262144,disjoint,16,24,unsafe_unpinned_baseline,-2,10,3,20598826,19959404
262144,disjoint,16,24,unsafe_unpinned_baseline,-2,11,0,25454778,24832089
262144,disjoint,16,24,unsafe_unpinned_baseline,-2,11,1,24041322,23307472
262144,disjoint,16,24,unsafe_unpinned_baseline,-2,11,2,24653882,24255968
262144,disjoint,16,24,unsafe_unpinned_baseline,-2,11,3,19534830,18910289
262144,disjoint,16,24,unsafe_unpinned_baseline,-2,12,0,38153798,37608716
262144,disjoint,16,24,unsafe_unpinned_baseline,-2,12,1,12089015,11515069
262144,disjoint,16,24,unsafe_unpinned_baseline,-2,12,2,19398483,19057728
262144,disjoint,16,24,unsafe_unpinned_baseline,-2,12,3,25216106,24806130
262144,disjoint,16,24,unsafe_unpinned_baseline,-2,13,0,25250311,24474502
262144,disjoint,16,24,unsafe_unpinned_baseline,-2,13,1,32930260,32023643
262144,disjoint,16,24,unsafe_unpinned_baseline,-2,13,2,14280063,13582814
262144,disjoint,16,24,unsafe_unpinned_baseline,-2,13,3,22760437,21615681
262144,disjoint,16,24,unsafe_unpinned_baseline,-2,14,0,25257214,24518846
262144,disjoint,16,24,unsafe_unpinned_baseline,-2,14,1,22928666,21926558
262144,disjoint,16,24,unsafe_unpinned_baseline,-2,14,2,20037242,19410105
262144,disjoint,16,24,unsafe_unpinned_baseline,-2,14,3,24372629,23677934
262144,disjoint,16,24,unsafe_unpinned_baseline,-2,15,0,24002128,22868471
262144,disjoint,16,24,unsafe_unpinned_baseline,-2,15,1,24332694,23117634
262144,disjoint,16,24,unsafe_unpinned_baseline,-2,15,2,19702889,19124274
262144,disjoint,16,24,unsafe_unpinned_baseline,-2,15,3,24391815,23509776
262144,disjoint,16,24,unsafe_unpinned_baseline,-1,0,0,34119590,33063341
262144,disjoint,16,24,unsafe_unpinned_baseline,-1,0,1,17981911,17390131
262144,disjoint,16,24,unsafe_unpinned_baseline,-1,0,2,16223462,15726251
262144,disjoint,16,24,unsafe_unpinned_baseline,-1,0,3,16919550,16376371
262144,disjoint,16,24,unsafe_unpinned_baseline,-1,1,0,22995562,22039452
262144,disjoint,16,24,unsafe_unpinned_baseline,-1,1,1,24836337,24417043
262144,disjoint,16,24,unsafe_unpinned_baseline,-1,1,2,18288352,17688746
262144,disjoint,16,24,unsafe_unpinned_baseline,-1,1,3,20976389,20327722
262144,disjoint,16,24,unsafe_unpinned_baseline,-1,2,0,24337893,23347067
262144,disjoint,16,24,unsafe_unpinned_baseline,-1,2,1,22182243,21800760
262144,disjoint,16,24,unsafe_unpinned_baseline,-1,2,2,19957551,19572161
262144,disjoint,16,24,unsafe_unpinned_baseline,-1,2,3,20524414,19928837
262144,disjoint,16,24,unsafe_unpinned_baseline,-1,3,0,34001748,33026782
262144,disjoint,16,24,unsafe_unpinned_baseline,-1,3,1,13702910,13286172
262144,disjoint,16,24,unsafe_unpinned_baseline,-1,3,2,18655116,18120394
262144,disjoint,16,24,unsafe_unpinned_baseline,-1,3,3,20677323,20017775
262144,disjoint,16,24,unsafe_unpinned_baseline,-1,4,0,24250428,23296272
262144,disjoint,16,24,unsafe_unpinned_baseline,-1,4,1,22229492,21777276
262144,disjoint,16,24,unsafe_unpinned_baseline,-1,4,2,20059785,19685015
262144,disjoint,16,24,unsafe_unpinned_baseline,-1,4,3,20994104,20506791
262144,disjoint,16,24,unsafe_unpinned_baseline,-1,5,0,22045063,21132805
262144,disjoint,16,24,unsafe_unpinned_baseline,-1,5,1,23468137,22811253
262144,disjoint,16,24,unsafe_unpinned_baseline,-1,5,2,19372223,18792174
262144,disjoint,16,24,unsafe_unpinned_baseline,-1,5,3,20321620,19537906
262144,disjoint,16,24,unsafe_unpinned_baseline,-1,6,0,22060232,19560580
262144,disjoint,16,24,unsafe_unpinned_baseline,-1,6,1,23426639,22788601
262144,disjoint,16,24,unsafe_unpinned_baseline,-1,6,2,19330985,18844915
262144,disjoint,16,24,unsafe_unpinned_baseline,-1,6,3,20371425,19552905
262144,disjoint,16,24,unsafe_unpinned_baseline,-1,7,0,32658274,31747420
262144,disjoint,16,24,unsafe_unpinned_baseline,-1,7,1,14894426,14489350
262144,disjoint,16,24,unsafe_unpinned_baseline,-1,7,2,18105565,17546156
262144,disjoint,16,24,unsafe_unpinned_baseline,-1,7,3,18471588,18051322
262144,disjoint,16,24,unsafe_unpinned_baseline,-1,8,0,32763824,31840576
262144,disjoint,16,24,unsafe_unpinned_baseline,-1,8,1,14797002,14404458
262144,disjoint,16,24,unsafe_unpinned_baseline,-1,8,2,18764683,18179785
262144,disjoint,16,24,unsafe_unpinned_baseline,-1,8,3,21171840,20211722
262144,disjoint,16,24,unsafe_unpinned_baseline,-1,9,0,25088795,24238686
262144,disjoint,16,24,unsafe_unpinned_baseline,-1,9,1,21415852,20994384
262144,disjoint,16,24,unsafe_unpinned_baseline,-1,9,2,24131593,23642918
262144,disjoint,16,24,unsafe_unpinned_baseline,-1,9,3,15325873,14847798
262144,disjoint,16,24,unsafe_unpinned_baseline,-1,10,0,21466888,20542418
262144,disjoint,16,24,unsafe_unpinned_baseline,-1,10,1,23463177,22539389
262144,disjoint,16,24,unsafe_unpinned_baseline,-1,10,2,21375275,20336890
262144,disjoint,16,24,unsafe_unpinned_baseline,-1,10,3,20574129,19659416
262144,disjoint,16,24,unsafe_unpinned_baseline,-1,11,0,22009646,19625102
262144,disjoint,16,24,unsafe_unpinned_baseline,-1,11,1,23363820,22714601
262144,disjoint,16,24,unsafe_unpinned_baseline,-1,11,2,20927207,20300721
262144,disjoint,16,24,unsafe_unpinned_baseline,-1,11,3,20635965,19929338
262144,disjoint,16,24,unsafe_unpinned_baseline,-1,12,0,33806037,32962500
262144,disjoint,16,24,unsafe_unpinned_baseline,-1,12,1,13820693,13431988
262144,disjoint,16,24,unsafe_unpinned_baseline,-1,12,2,18379264,17775721
262144,disjoint,16,24,unsafe_unpinned_baseline,-1,12,3,20152380,19519993
262144,disjoint,16,24,unsafe_unpinned_baseline,-1,13,0,33431167,32576880
262144,disjoint,16,24,unsafe_unpinned_baseline,-1,13,1,14201845,13810384
262144,disjoint,16,24,unsafe_unpinned_baseline,-1,13,2,27292707,26765539
262144,disjoint,16,24,unsafe_unpinned_baseline,-1,13,3,11885029,11194963
262144,disjoint,16,24,unsafe_unpinned_baseline,-1,14,0,21919014,19628488
262144,disjoint,16,24,unsafe_unpinned_baseline,-1,14,1,23482625,22784693
262144,disjoint,16,24,unsafe_unpinned_baseline,-1,14,2,20777263,20185983
262144,disjoint,16,24,unsafe_unpinned_baseline,-1,14,3,19978500,19342066
262144,disjoint,16,24,unsafe_unpinned_baseline,-1,15,0,24935755,24142875
262144,disjoint,16,24,unsafe_unpinned_baseline,-1,15,1,21549024,21157904
262144,disjoint,16,24,unsafe_unpinned_baseline,-1,15,2,27591793,27119860
262144,disjoint,16,24,unsafe_unpinned_baseline,-1,15,3,12761979,12256432
262144,disjoint,16,24,pinned,-1,0,0,23474679,20113225
262144,disjoint,16,24,pinned,-1,0,1,15231685,13128423
262144,disjoint,16,24,pinned,-1,0,2,20434214,18634066
262144,disjoint,16,24,pinned,-1,0,3,21024621,19390338
262144,disjoint,16,24,pinned,-1,1,0,18065349,15599211
262144,disjoint,16,24,pinned,-1,1,1,20736306,17416190
262144,disjoint,16,24,pinned,-1,1,2,12608359,10250034
262144,disjoint,16,24,pinned,-1,1,3,21602195,19607709
262144,disjoint,16,24,pinned,-1,2,0,23315778,19857531
262144,disjoint,16,24,pinned,-1,2,1,21802804,19451614
262144,disjoint,16,24,pinned,-1,2,2,19719170,17625205
262144,disjoint,16,24,pinned,-1,2,3,15278593,13436516
262144,disjoint,16,24,pinned,-1,3,0,18344778,15730429
262144,disjoint,16,24,pinned,-1,3,1,18708917,16144082
262144,disjoint,16,24,pinned,-1,3,2,10859679,8304982
262144,disjoint,16,24,pinned,-1,3,3,23709934,21748051
262144,disjoint,16,24,pinned,-1,4,0,20026411,17626519
262144,disjoint,16,24,pinned,-1,4,1,18666197,16423831
262144,disjoint,16,24,pinned,-1,4,2,15927872,13771931
262144,disjoint,16,24,pinned,-1,4,3,24911639,22920159
262144,disjoint,16,24,pinned,-1,5,0,20615356,18297840
262144,disjoint,16,24,pinned,-1,5,1,18007149,16220797
262144,disjoint,16,24,pinned,-1,5,2,29184658,26607420
262144,disjoint,16,24,pinned,-1,5,3,12500815,10998952
262144,disjoint,16,24,pinned,-1,6,0,15984780,13556694
262144,disjoint,16,24,pinned,-1,6,1,19155292,17110421
262144,disjoint,16,24,pinned,-1,6,2,4954770,2082693
262144,disjoint,16,24,pinned,-1,6,3,27759411,25765877
262144,disjoint,16,24,pinned,-1,7,0,18015164,15662420
262144,disjoint,16,24,pinned,-1,7,1,19987107,17504447
262144,disjoint,16,24,pinned,-1,7,2,15697196,13250955
262144,disjoint,16,24,pinned,-1,7,3,24959541,22894952
262144,disjoint,16,24,pinned,-1,8,0,19011760,16527187
262144,disjoint,16,24,pinned,-1,8,1,18971424,16149823
262144,disjoint,16,24,pinned,-1,8,2,15717675,13221840
262144,disjoint,16,24,pinned,-1,8,3,25222217,22904710
262144,disjoint,16,24,pinned,-1,9,0,17938449,15687608
262144,disjoint,16,24,pinned,-1,9,1,20396943,18223809
262144,disjoint,16,24,pinned,-1,9,2,18623837,16368126
262144,disjoint,16,24,pinned,-1,9,3,22570588,20401651
262144,disjoint,16,24,pinned,-1,10,0,23390280,19875054
262144,disjoint,16,24,pinned,-1,10,1,15604430,13217462
262144,disjoint,16,24,pinned,-1,10,2,15656189,13690276
262144,disjoint,16,24,pinned,-1,10,3,23966761,21827581
262144,disjoint,16,24,pinned,-1,11,0,21749743,18407286
262144,disjoint,16,24,pinned,-1,11,1,16758735,14596652
262144,disjoint,16,24,pinned,-1,11,2,20055566,17499558
262144,disjoint,16,24,pinned,-1,11,3,20515107,18840026
262144,disjoint,16,24,pinned,-1,12,0,18989047,16522048
262144,disjoint,16,24,pinned,-1,12,1,18790772,15591015
262144,disjoint,16,24,pinned,-1,12,2,30099781,27225069
262144,disjoint,16,24,pinned,-1,12,3,12440581,10249323
262144,disjoint,16,24,pinned,-1,13,0,20769218,17504608
262144,disjoint,16,24,pinned,-1,13,1,17418624,15341402
262144,disjoint,16,24,pinned,-1,13,2,29623309,27156289
262144,disjoint,16,24,pinned,-1,13,3,12361722,10592012
262144,disjoint,16,24,pinned,-1,14,0,23203626,19954977
262144,disjoint,16,24,pinned,-1,14,1,15110536,13011251
262144,disjoint,16,24,pinned,-1,14,2,29658776,26385800
262144,disjoint,16,24,pinned,-1,14,3,12479364,10651915
262144,disjoint,16,24,pinned,-1,15,0,22569075,19384136
262144,disjoint,16,24,pinned,-1,15,1,15972076,13107924
262144,disjoint,16,24,pinned,-1,15,2,29524081,26998601
262144,disjoint,16,24,pinned,-1,15,3,12634047,10650492
262144,disjoint,16,24,pinned,0,0,0,20439643,17312574
262144,disjoint,16,24,pinned,0,0,1,17251960,15122417
262144,disjoint,16,24,pinned,0,0,2,21648762,18605621
262144,disjoint,16,24,pinned,0,0,3,18353194,14859561
262144,disjoint,16,24,pinned,0,1,0,18641550,15518287
262144,disjoint,16,24,pinned,0,1,1,17261377,14450556
262144,disjoint,16,24,pinned,0,1,2,21778749,19582771
262144,disjoint,16,24,pinned,0,1,3,17728381,15131024
262144,disjoint,16,24,pinned,0,2,0,19642454,16863674
262144,disjoint,16,24,pinned,0,2,1,17929853,15122999
262144,disjoint,16,24,pinned,0,2,2,21650145,18770253
262144,disjoint,16,24,pinned,0,2,3,16123203,14399019
262144,disjoint,16,24,pinned,0,3,0,19668775,16870056
262144,disjoint,16,24,pinned,0,3,1,16539761,13713561
262144,disjoint,16,24,pinned,0,3,2,19889833,18112559
262144,disjoint,16,24,pinned,0,3,3,16848996,14708615
262144,disjoint,16,24,pinned,0,4,0,20538341,17765432
262144,disjoint,16,24,pinned,0,4,1,16888080,14442641
262144,disjoint,16,24,pinned,0,4,2,20415689,17968256
262144,disjoint,16,24,pinned,0,4,3,16631174,14217625
262144,disjoint,16,24,pinned,0,5,0,19615855,16879544
262144,disjoint,16,24,pinned,0,5,1,17731527,14834122
262144,disjoint,16,24,pinned,0,5,2,20229596,17994414
262144,disjoint,16,24,pinned,0,5,3,16908860,14433404
262144,disjoint,16,24,pinned,0,6,0,19585687,16846932
262144,disjoint,16,24,pinned,0,6,1,15741951,13591310
262144,disjoint,16,24,pinned,0,6,2,20016964,17316491
262144,disjoint,16,24,pinned,0,6,3,18105054,14805428
262144,disjoint,16,24,pinned,0,7,0,20516910,17672435
262144,disjoint,16,24,pinned,0,7,1,17077038,14608625
262144,disjoint,16,24,pinned,0,7,2,21602946,18751818
262144,disjoint,16,24,pinned,0,7,3,18810891,16648477
262144,disjoint,16,24,pinned,0,8,0,21592326,18520050
262144,disjoint,16,24,pinned,0,8,1,17080064,15039080
262144,disjoint,16,24,pinned,0,8,2,20664078,18250159
262144,disjoint,16,24,pinned,0,8,3,18695472,16616396
262144,disjoint,16,24,pinned,0,9,0,20455584,17582304
262144,disjoint,16,24,pinned,0,9,1,16641444,14187999
262144,disjoint,16,24,pinned,0,9,2,20460663,18451580
262144,disjoint,16,24,pinned,0,9,3,20343271,16067537
262144,disjoint,16,24,pinned,0,10,0,21935566,18975261
262144,disjoint,16,24,pinned,0,10,1,16845419,15039741
262144,disjoint,16,24,pinned,0,10,2,20381684,17743841
262144,disjoint,16,24,pinned,0,10,3,16118804,14002227
262144,disjoint,16,24,pinned,0,11,0,20349583,17764229
262144,disjoint,16,24,pinned,0,11,1,15863822,13502742
262144,disjoint,16,24,pinned,0,11,2,21322465,19161484
262144,disjoint,16,24,pinned,0,11,3,17540606,14954380
262144,disjoint,16,24,pinned,0,12,0,21581014,17892833
262144,disjoint,16,24,pinned,0,12,1,17287847,15474164
262144,disjoint,16,24,pinned,0,12,2,20292775,17532740
262144,disjoint,16,24,pinned,0,12,3,17866002,14167661
262144,disjoint,16,24,pinned,0,13,0,20181014,17493276
262144,disjoint,16,24,pinned,0,13,1,16003406,13601750
262144,disjoint,16,24,pinned,0,13,2,21336512,19238410
262144,disjoint,16,24,pinned,0,13,3,16798801,14165216
262144,disjoint,16,24,pinned,0,14,0,20379400,17776052
262144,disjoint,16,24,pinned,0,14,1,17166678,14805317
262144,disjoint,16,24,pinned,0,14,2,20247991,17774177
262144,disjoint,16,24,pinned,0,14,3,19680907,16166645
262144,disjoint,16,24,pinned,0,15,0,21559774,18504831
262144,disjoint,16,24,pinned,0,15,1,16535273,14876943
262144,disjoint,16,24,pinned,0,15,2,21084274,17952916
262144,disjoint,16,24,pinned,0,15,3,17952566,14532571
262144,disjoint,16,24,unsafe_unpinned_baseline,0,0,0,17501812,15968119
262144,disjoint,16,24,unsafe_unpinned_baseline,0,0,1,19639349,19256143
262144,disjoint,16,24,unsafe_unpinned_baseline,0,0,2,12268966,11804697
262144,disjoint,16,24,unsafe_unpinned_baseline,0,0,3,13608963,13251806
262144,disjoint,16,24,unsafe_unpinned_baseline,0,1,0,17214508,15665917
262144,disjoint,16,24,unsafe_unpinned_baseline,0,1,1,13973684,13627618
262144,disjoint,16,24,unsafe_unpinned_baseline,0,1,2,17088319,16714843
262144,disjoint,16,24,unsafe_unpinned_baseline,0,1,3,14686773,14293037
262144,disjoint,16,24,unsafe_unpinned_baseline,0,2,0,16421728,14888956
262144,disjoint,16,24,unsafe_unpinned_baseline,0,2,1,20745403,19744348
262144,disjoint,16,24,unsafe_unpinned_baseline,0,2,2,12342445,11822080
262144,disjoint,16,24,unsafe_unpinned_baseline,0,2,3,12675636,12297830
262144,disjoint,16,24,unsafe_unpinned_baseline,0,3,0,17422061,16778092
262144,disjoint,16,24,unsafe_unpinned_baseline,0,3,1,18523757,18016777
262144,disjoint,16,24,unsafe_unpinned_baseline,0,3,2,11583579,11074715
262144,disjoint,16,24,unsafe_unpinned_baseline,0,3,3,13901807,13546986
262144,disjoint,16,24,unsafe_unpinned_baseline,0,4,0,15983127,15427526
262144,disjoint,16,24,unsafe_unpinned_baseline,0,4,1,14073913,13613011
262144,disjoint,16,24,unsafe_unpinned_baseline,0,4,2,14455546,13689546
262144,disjoint,16,24,unsafe_unpinned_baseline,0,4,3,14296174,13841884
262144,disjoint,16,24,unsafe_unpinned_baseline,0,5,0,16975946,15467601
262144,disjoint,16,24,unsafe_unpinned_baseline,0,5,1,13968253,13531436
262144,disjoint,16,24,unsafe_unpinned_baseline,0,5,2,17236710,16845429
262144,disjoint,16,24,unsafe_unpinned_baseline,0,5,3,14804977,14422763
262144,disjoint,16,24,unsafe_unpinned_baseline,0,6,0,15994930,15469335
262144,disjoint,16,24,unsafe_unpinned_baseline,0,6,1,14042163,13624412
262144,disjoint,16,24,unsafe_unpinned_baseline,0,6,2,16398694,15930648
262144,disjoint,16,24,unsafe_unpinned_baseline,0,6,3,15228719,14719315
262144,disjoint,16,24,unsafe_unpinned_baseline,0,7,0,17127524,15664063
262144,disjoint,16,24,unsafe_unpinned_baseline,0,7,1,14744994,14272078
262144,disjoint,16,24,unsafe_unpinned_baseline,0,7,2,13956962,13578766
262144,disjoint,16,24,unsafe_unpinned_baseline,0,7,3,14395312,13979254
262144,disjoint,16,24,unsafe_unpinned_baseline,0,8,0,16919610,15419751
262144,disjoint,16,24,unsafe_unpinned_baseline,0,8,1,14148314,13672975
262144,disjoint,16,24,unsafe_unpinned_baseline,0,8,2,17104210,16731714
262144,disjoint,16,24,unsafe_unpinned_baseline,0,8,3,14774519,14381776
262144,disjoint,16,24,unsafe_unpinned_baseline,0,9,0,15985783,15477811
262144,disjoint,16,24,unsafe_unpinned_baseline,0,9,1,13807850,13417580
262144,disjoint,16,24,unsafe_unpinned_baseline,0,9,2,16675659,16105348
262144,disjoint,16,24,unsafe_unpinned_baseline,0,9,3,14998764,14552439
262144,disjoint,16,24,unsafe_unpinned_baseline,0,10,0,17370523,15535650
262144,disjoint,16,24,unsafe_unpinned_baseline,0,10,1,19677712,19052738
262144,disjoint,16,24,unsafe_unpinned_baseline,0,10,2,12286409,11834434
262144,disjoint,16,24,unsafe_unpinned_baseline,0,10,3,12929577,12545219
262144,disjoint,16,24,unsafe_unpinned_baseline,0,11,0,16092454,15557772
262144,disjoint,16,24,unsafe_unpinned_baseline,0,11,1,13797329,12894791
262144,disjoint,16,24,unsafe_unpinned_baseline,0,11,2,16458988,15956246
262144,disjoint,16,24,unsafe_unpinned_baseline,0,11,3,15912223,15401135
262144,disjoint,16,24,unsafe_unpinned_baseline,0,12,0,16994762,15566679
262144,disjoint,16,24,unsafe_unpinned_baseline,0,12,1,13998641,13612610
262144,disjoint,16,24,unsafe_unpinned_baseline,0,12,2,17184251,16808189
262144,disjoint,16,24,unsafe_unpinned_baseline,0,12,3,14736958,14323355
262144,disjoint,16,24,unsafe_unpinned_baseline,0,13,0,15955124,15505322
262144,disjoint,16,24,unsafe_unpinned_baseline,0,13,1,13948456,13567124
262144,disjoint,16,24,unsafe_unpinned_baseline,0,13,2,16600145,16099057
262144,disjoint,16,24,unsafe_unpinned_baseline,0,13,3,16427889,15998426
262144,disjoint,16,24,unsafe_unpinned_baseline,0,14,0,17013558,15583651
262144,disjoint,16,24,unsafe_unpinned_baseline,0,14,1,20037823,19513090
262144,disjoint,16,24,unsafe_unpinned_baseline,0,14,2,12314733,11838280
262144,disjoint,16,24,unsafe_unpinned_baseline,0,14,3,13420366,13059533
262144,disjoint,16,24,unsafe_unpinned_baseline,0,15,0,17297786,15865555
262144,disjoint,16,24,unsafe_unpinned_baseline,0,15,1,14570713,13993481
262144,disjoint,16,24,unsafe_unpinned_baseline,0,15,2,14437361,14113958
262144,disjoint,16,24,unsafe_unpinned_baseline,0,15,3,15268895,14790660
262144,disjoint,16,24,unsafe_unpinned_baseline,1,0,0,21348043,19654768
262144,disjoint,16,24,unsafe_unpinned_baseline,1,0,1,15910851,15440530
262144,disjoint,16,24,unsafe_unpinned_baseline,1,0,2,20003809,19412709
262144,disjoint,16,24,unsafe_unpinned_baseline,1,0,3,18166009,17624164
262144,disjoint,16,24,unsafe_unpinned_baseline,1,1,0,17519415,16764006
262144,disjoint,16,24,unsafe_unpinned_baseline,1,1,1,18454395,17565813
262144,disjoint,16,24,unsafe_unpinned_baseline,1,1,2,20506530,18314040
262144,disjoint,16,24,unsafe_unpinned_baseline,1,1,3,19060112,17966862
262144,disjoint,16,24,unsafe_unpinned_baseline,1,2,0,21321893,19654698
262144,disjoint,16,24,unsafe_unpinned_baseline,1,2,1,15296157,14795680
262144,disjoint,16,24,unsafe_unpinned_baseline,1,2,2,19782539,17293508
262144,disjoint,16,24,unsafe_unpinned_baseline,1,2,3,19025156,17920965
262144,disjoint,16,24,unsafe_unpinned_baseline,1,3,0,17522261,16836102
262144,disjoint,16,24,unsafe_unpinned_baseline,1,3,1,18413608,17570182
262144,disjoint,16,24,unsafe_unpinned_baseline,1,3,2,14522352,13622448
262144,disjoint,16,24,unsafe_unpinned_baseline,1,3,3,7943207,7212273
262144,disjoint,16,24,unsafe_unpinned_baseline,1,4,0,17567897,16869636
262144,disjoint,16,24,unsafe_unpinned_baseline,1,4,1,19768192,18990721
262144,disjoint,16,24,unsafe_unpinned_baseline,1,4,2,20595389,19944085
262144,disjoint,16,24,unsafe_unpinned_baseline,1,4,3,18509800,18111587
262144,disjoint,16,24,unsafe_unpinned_baseline,1,5,0,19823387,18293191
262144,disjoint,16,24,unsafe_unpinned_baseline,1,5,1,18301606,17797572
262144,disjoint,16,24,unsafe_unpinned_baseline,1,5,2,19915281,19309144
262144,disjoint,16,24,unsafe_unpinned_baseline,1,5,3,19239742,18780452
262144,disjoint,16,24,unsafe_unpinned_baseline,1,6,0,19743906,18229360
262144,disjoint,16,24,unsafe_unpinned_baseline,1,6,1,17407353,16884945
262144,disjoint,16,24,unsafe_unpinned_baseline,1,6,2,19596237,19094157
262144,disjoint,16,24,unsafe_unpinned_baseline,1,6,3,20205380,19419552
262144,disjoint,16,24,unsafe_unpinned_baseline,1,7,0,19648676,18991402
262144,disjoint,16,24,unsafe_unpinned_baseline,1,7,1,17439234,16860538
262144,disjoint,16,24,unsafe_unpinned_baseline,1,7,2,19479035,18904398
262144,disjoint,16,24,unsafe_unpinned_baseline,1,7,3,20325116,19387151
262144,disjoint,16,24,unsafe_unpinned_baseline,1,8,0,19855679,18299202
262144,disjoint,16,24,unsafe_unpinned_baseline,1,8,1,18840927,18384843
262144,disjoint,16,24,unsafe_unpinned_baseline,1,8,2,19310065,18798036
262144,disjoint,16,24,unsafe_unpinned_baseline,1,8,3,19056465,18589861
262144,disjoint,16,24,unsafe_unpinned_baseline,1,9,0,19723528,18264376
262144,disjoint,16,24,unsafe_unpinned_baseline,1,9,1,17473759,16969013
262144,disjoint,16,24,unsafe_unpinned_baseline,1,9,2,19146937,17221371
262144,disjoint,16,24,unsafe_unpinned_baseline,1,9,3,18853220,17720335
262144,disjoint,16,24,unsafe_unpinned_baseline,1,10,0,21243947,19669145
262144,disjoint,16,24,unsafe_unpinned_baseline,1,10,1,15535580,15059268
262144,disjoint,16,24,unsafe_unpinned_baseline,1,10,2,17611831,16861249
262144,disjoint,16,24,unsafe_unpinned_baseline,1,10,3,19799161,19396289
262144,disjoint,16,24,unsafe_unpinned_baseline,1,11,0,19398473,18777317
262144,disjoint,16,24,unsafe_unpinned_baseline,1,11,1,18174625,17582665
262144,disjoint,16,24,unsafe_unpinned_baseline,1,11,2,20321329,19794784
262144,disjoint,16,24,unsafe_unpinned_baseline,1,11,3,18374153,17966742
262144,disjoint,16,24,unsafe_unpinned_baseline,1,12,0,19835400,19243940
262144,disjoint,16,24,unsafe_unpinned_baseline,1,12,1,18188562,17740163
262144,disjoint,16,24,unsafe_unpinned_baseline,1,12,2,16314635,15801734
262144,disjoint,16,24,unsafe_unpinned_baseline,1,12,3,19810673,19321056
262144,disjoint,16,24,unsafe_unpinned_baseline,1,13,0,17446257,16864625
262144,disjoint,16,24,unsafe_unpinned_baseline,1,13,1,18416374,17595280
262144,disjoint,16,24,unsafe_unpinned_baseline,1,13,2,14508596,13484778
262144,disjoint,16,24,unsafe_unpinned_baseline,1,13,3,7894475,7264673
262144,disjoint,16,24,unsafe_unpinned_baseline,1,14,0,19675177,18161331
262144,disjoint,16,24,unsafe_unpinned_baseline,1,14,1,17454442,16954135
262144,disjoint,16,24,unsafe_unpinned_baseline,1,14,2,19538999,19014466
262144,disjoint,16,24,unsafe_unpinned_baseline,1,14,3,18307939,17513063
262144,disjoint,16,24,unsafe_unpinned_baseline,1,15,0,17483577,16875336
262144,disjoint,16,24,unsafe_unpinned_baseline,1,15,1,19717176,18942079
262144,disjoint,16,24,unsafe_unpinned_baseline,1,15,2,20733590,20031591
262144,disjoint,16,24,unsafe_unpinned_baseline,1,15,3,19321106,18840246
262144,disjoint,16,24,pinned,1,0,0,25027459,21750655
262144,disjoint,16,24,pinned,1,0,1,19972239,18063485
262144,disjoint,16,24,pinned,1,0,2,19682531,17579049
262144,disjoint,16,24,pinned,1,0,3,16459399,14904085
262144,disjoint,16,24,pinned,1,1,0,21421092,18407456
262144,disjoint,16,24,pinned,1,1,1,21803535,19856821
262144,disjoint,16,24,pinned,1,1,2,20308245,18626381
262144,disjoint,16,24,pinned,1,1,3,17239045,14782524
262144,disjoint,16,24,pinned,1,2,0,25037318,21956375
262144,disjoint,16,24,pinned,1,2,1,20218755,18377009
262144,disjoint,16,24,pinned,1,2,2,20239795,18269967
262144,disjoint,16,24,pinned,1,2,3,16767792,15156262
262144,disjoint,16,24,pinned,1,3,0,22700804,19677391
262144,disjoint,16,24,pinned,1,3,1,20463078,17877663
262144,disjoint,16,24,pinned,1,3,2,20307984,18561248
262144,disjoint,16,24,pinned,1,3,3,17224316,14669470
262144,disjoint,16,24,pinned,1,4,0,23245916,19950958
262144,disjoint,16,24,pinned,1,4,1,20534784,18479583
262144,disjoint,16,24,pinned,1,4,2,21200674,18896632
262144,disjoint,16,24,pinned,1,4,3,17299930,15699580
262144,disjoint,16,24,pinned,1,5,0,24623554,21328577
262144,disjoint,16,24,pinned,1,5,1,20535715,18343847
262144,disjoint,16,24,pinned,1,5,2,20203637,18548253
262144,disjoint,16,24,pinned,1,5,3,16490748,14734884
262144,disjoint,16,24,pinned,1,6,0,25087563,22142036
262144,disjoint,16,24,pinned,1,6,1,20125579,18129611
262144,disjoint,16,24,pinned,1,6,2,19467974,17126762
262144,disjoint,16,24,pinned,1,6,3,16962932,14778427
262144,disjoint,16,24,pinned,1,7,0,20635996,17059514
262144,disjoint,16,24,pinned,1,7,1,21628214,19076293
262144,disjoint,16,24,pinned,1,7,2,21168193,18960113
262144,disjoint,16,24,pinned,1,7,3,17223746,15028400
262144,disjoint,16,24,pinned,1,8,0,22517136,19555590
262144,disjoint,16,24,pinned,1,8,1,20586412,18601645
262144,disjoint,16,24,pinned,1,8,2,20465733,18487528
262144,disjoint,16,24,pinned,1,8,3,17122644,15003653
262144,disjoint,16,24,pinned,1,9,0,22447906,18126535
262144,disjoint,16,24,pinned,1,9,1,20692392,18440419
262144,disjoint,16,24,pinned,1,9,2,20248573,18553122
262144,disjoint,16,24,pinned,1,9,3,17265114,14882564
262144,disjoint,16,24,pinned,1,10,0,25100236,22160721
262144,disjoint,16,24,pinned,1,10,1,20010671,18280607
262144,disjoint,16,24,pinned,1,10,2,19811714,18002580
262144,disjoint,16,24,pinned,1,10,3,16905834,14775993
262144,disjoint,16,24,pinned,1,11,0,25191259,21926218
262144,disjoint,16,24,pinned,1,11,1,20432129,18469364
262144,disjoint,16,24,pinned,1,11,2,19444480,17797673
262144,disjoint,16,24,pinned,1,11,3,16574978,14777726
262144,disjoint,16,24,pinned,1,12,0,24860042,21767037
262144,disjoint,16,24,pinned,1,12,1,20205451,18421744
262144,disjoint,16,24,pinned,1,12,2,20943478,19384947
262144,disjoint,16,24,pinned,1,12,3,16425745,14884939
262144,disjoint,16,24,pinned,1,13,0,25124713,22084918
262144,disjoint,16,24,pinned,1,13,1,20419576,18423527
262144,disjoint,16,24,pinned,1,13,2,19923045,17810397
262144,disjoint,16,24,pinned,1,13,3,17028937,15313680
262144,disjoint,16,24,pinned,1,14,0,22816864,19481680
262144,disjoint,16,24,pinned,1,14,1,20195201,17922308
262144,disjoint,16,24,pinned,1,14,2,22291720,20313405
262144,disjoint,16,24,pinned,1,14,3,16883682,15107008
262144,disjoint,16,24,pinned,1,15,0,25116808,21839083
262144,disjoint,16,24,pinned,1,15,1,19996965,17851293
262144,disjoint,16,24,pinned,1,15,2,19856560,18171300
262144,disjoint,16,24,pinned,1,15,3,16780817,14795309
262144,disjoint,16,24,pinned,2,0,0,17292205,14251309
262144,disjoint,16,24,pinned,2,0,1,18003582,15761198
262144,disjoint,16,24,pinned,2,0,2,18477590,16699253
262144,disjoint,16,24,pinned,2,0,3,18820289,16864496
262144,disjoint,16,24,pinned,2,1,0,17721919,15014083
262144,disjoint,16,24,pinned,2,1,1,17615307,15662240
262144,disjoint,16,24,pinned,2,1,2,19843445,17913551
262144,disjoint,16,24,pinned,2,1,3,16533079,14927689
262144,disjoint,16,24,pinned,2,2,0,19940679,17431439
262144,disjoint,16,24,pinned,2,2,1,16938286,14524616
262144,disjoint,16,24,pinned,2,2,2,19135996,17286134
262144,disjoint,16,24,pinned,2,2,3,17418494,15941308
262144,disjoint,16,24,pinned,2,3,0,17337130,13968904
262144,disjoint,16,24,pinned,2,3,1,17864248,15524880
262144,disjoint,16,24,pinned,2,3,2,18648032,16436535
262144,disjoint,16,24,pinned,2,3,3,17051129,15487098
262144,disjoint,16,24,pinned,2,4,0,17253062,14712753
262144,disjoint,16,24,pinned,2,4,1,17297916,14781693
262144,disjoint,16,24,pinned,2,4,2,19266153,16846411
262144,disjoint,16,24,pinned,2,4,3,17030801,15450890
262144,disjoint,16,24,pinned,2,5,0,15552212,13192053
262144,disjoint,16,24,pinned,2,5,1,17872153,15368193
262144,disjoint,16,24,pinned,2,5,2,15446100,12527266
262144,disjoint,16,24,pinned,2,5,3,7824232,5694480
262144,disjoint,16,24,pinned,2,6,0,19856349,16598543
262144,disjoint,16,24,pinned,2,6,1,16456894,14416631
262144,disjoint,16,24,pinned,2,6,2,19283695,17096305
262144,disjoint,16,24,pinned,2,6,3,17740444,15970072
262144,disjoint,16,24,pinned,2,7,0,21694740,18679902
262144,disjoint,16,24,pinned,2,7,1,15341482,13578145
262144,disjoint,16,24,pinned,2,7,2,19536614,17731337
262144,disjoint,16,24,pinned,2,7,3,17449293,16017542
262144,disjoint,16,24,pinned,2,8,0,18809949,16232299
262144,disjoint,16,24,pinned,2,8,1,16210968,14148654
262144,disjoint,16,24,pinned,2,8,2,18639005,16367835
262144,disjoint,16,24,pinned,2,8,3,18573982,16888993
262144,disjoint,16,24,pinned,2,9,0,21328075,19051817
262144,disjoint,16,24,pinned,2,9,1,15691385,13857794
262144,disjoint,16,24,pinned,2,9,2,19549709,17776362
262144,disjoint,16,24,pinned,2,9,3,17335828,15790893
262144,disjoint,16,24,pinned,2,10,0,19934308,16666320
262144,disjoint,16,24,pinned,2,10,1,16351886,14024499
262144,disjoint,16,24,pinned,2,10,2,18953280,17231179
262144,disjoint,16,24,pinned,2,10,3,16840179,15191619
262144,disjoint,16,24,pinned,2,11,0,19063308,15995942
262144,disjoint,16,24,pinned,2,11,1,17272198,15453254
262144,disjoint,16,24,pinned,2,11,2,19236446,17188579
262144,disjoint,16,24,pinned,2,11,3,17707110,16134414
262144,disjoint,16,24,pinned,2,12,0,19957872,17247972
262144,disjoint,16,24,pinned,2,12,1,17304038,14363641
262144,disjoint,16,24,pinned,2,12,2,19229363,17425879
262144,disjoint,16,24,pinned,2,12,3,16824600,15409612
262144,disjoint,16,24,pinned,2,13,0,17802031,15157725
262144,disjoint,16,24,pinned,2,13,1,17579189,15129300
262144,disjoint,16,24,pinned,2,13,2,19879334,17472667
262144,disjoint,16,24,pinned,2,13,3,16950167,15128359
262144,disjoint,16,24,pinned,2,14,0,17211333,14226492
262144,disjoint,16,24,pinned,2,14,1,18025814,15672299
262144,disjoint,16,24,pinned,2,14,2,18502206,16381071
262144,disjoint,16,24,pinned,2,14,3,18583169,16822807
262144,disjoint,16,24,pinned,2,15,0,21525739,19577552
262144,disjoint,16,24,pinned,2,15,1,14644824,13139514
262144,disjoint,16,24,pinned,2,15,2,18987144,17348742
262144,disjoint,16,24,pinned,2,15,3,16959455,15096990
262144,disjoint,16,24,unsafe_unpinned_baseline,2,0,0,24059587,23406741
262144,disjoint,16,24,unsafe_unpinned_baseline,2,0,1,14487937,14024679
262144,disjoint,16,24,unsafe_unpinned_baseline,2,0,2,20883264,20405560
262144,disjoint,16,24,unsafe_unpinned_baseline,2,0,3,7181144,6752443
262144,disjoint,16,24,unsafe_unpinned_baseline,2,1,0,24559312,24098601
262144,disjoint,16,24,unsafe_unpinned_baseline,2,1,1,13320176,12877307
262144,disjoint,16,24,unsafe_unpinned_baseline,2,1,2,16962942,16315226
262144,disjoint,16,24,unsafe_unpinned_baseline,2,1,3,11569772,11263964
262144,disjoint,16,24,unsafe_unpinned_baseline,2,2,0,17618453,17100703
262144,disjoint,16,24,unsafe_unpinned_baseline,2,2,1,16145395,15586006
262144,disjoint,16,24,unsafe_unpinned_baseline,2,2,2,16378726,15995591
262144,disjoint,16,24,unsafe_unpinned_baseline,2,2,3,8605030,8270086
262144,disjoint,16,24,unsafe_unpinned_baseline,2,3,0,24604138,24063404
262144,disjoint,16,24,unsafe_unpinned_baseline,2,3,1,12537485,12056093
262144,disjoint,16,24,unsafe_unpinned_baseline,2,3,2,17826837,17485351
262144,disjoint,16,24,unsafe_unpinned_baseline,2,3,3,11659182,11176007
262144,disjoint,16,24,unsafe_unpinned_baseline,2,4,0,12073056,11628554
262144,disjoint,16,24,unsafe_unpinned_baseline,2,4,1,14300592,13880767
262144,disjoint,16,24,unsafe_unpinned_baseline,2,4,2,11167491,10814282
262144,disjoint,16,24,unsafe_unpinned_baseline,2,4,3,17395411,17077228
262144,disjoint,16,24,unsafe_unpinned_baseline,2,5,0,21091107,20459281
262144,disjoint,16,24,unsafe_unpinned_baseline,2,5,1,14827810,14421040
262144,disjoint,16,24,unsafe_unpinned_baseline,2,5,2,18007440,17605529
262144,disjoint,16,24,unsafe_unpinned_baseline,2,5,3,11929634,11560926
262144,disjoint,16,24,unsafe_unpinned_baseline,2,6,0,21005314,20587954
262144,disjoint,16,24,unsafe_unpinned_baseline,2,6,1,14975700,14571725
262144,disjoint,16,24,unsafe_unpinned_baseline,2,6,2,17991820,17575842
262144,disjoint,16,24,unsafe_unpinned_baseline,2,6,3,12390907,12002783
262144,disjoint,16,24,unsafe_unpinned_baseline,2,7,0,24593497,23973403
262144,disjoint,16,24,unsafe_unpinned_baseline,2,7,1,13896608,13456615
262144,disjoint,16,24,unsafe_unpinned_baseline,2,7,2,16449059,16062858
262144,disjoint,16,24,unsafe_unpinned_baseline,2,7,3,11155187,10523061
262144,disjoint,16,24,unsafe_unpinned_baseline,2,8,0,10580279,10193316
262144,disjoint,16,24,unsafe_unpinned_baseline,2,8,1,15548455,15196048
262144,disjoint,16,24,unsafe_unpinned_baseline,2,8,2,11522774,11101466
262144,disjoint,16,24,unsafe_unpinned_baseline,2,8,3,17127403,16499345
262144,disjoint,16,24,unsafe_unpinned_baseline,2,9,0,23912217,23520887
262144,disjoint,16,24,unsafe_unpinned_baseline,2,9,1,13165794,12691786
262144,disjoint,16,24,unsafe_unpinned_baseline,2,9,2,17682965,17267729
262144,disjoint,16,24,unsafe_unpinned_baseline,2,9,3,11528154,11203850
262144,disjoint,16,24,unsafe_unpinned_baseline,2,10,0,17581834,17063042
262144,disjoint,16,24,unsafe_unpinned_baseline,2,10,1,18459845,17975769
262144,disjoint,16,24,unsafe_unpinned_baseline,2,10,2,17951173,17613744
262144,disjoint,16,24,unsafe_unpinned_baseline,2,10,3,11759872,11444866
262144,disjoint,16,24,unsafe_unpinned_baseline,2,11,0,20996668,20596471
262144,disjoint,16,24,unsafe_unpinned_baseline,2,11,1,14968977,14512262
262144,disjoint,16,24,unsafe_unpinned_baseline,2,11,2,18910980,18318248
262144,disjoint,16,24,unsafe_unpinned_baseline,2,11,3,11776123,10895276
262144,disjoint,16,24,unsafe_unpinned_baseline,2,12,0,18774351,18380585
262144,disjoint,16,24,unsafe_unpinned_baseline,2,12,1,17290031,16746112
262144,disjoint,16,24,unsafe_unpinned_baseline,2,12,2,17812140,16931863
262144,disjoint,16,24,unsafe_unpinned_baseline,2,12,3,11879589,11464773
262144,disjoint,16,24,unsafe_unpinned_baseline,2,13,0,16517118,16119526
262144,disjoint,16,24,unsafe_unpinned_baseline,2,13,1,15432785,14656566
262144,disjoint,16,24,unsafe_unpinned_baseline,2,13,2,11271057,10906316
262144,disjoint,16,24,unsafe_unpinned_baseline,2,13,3,12839155,12370288
262144,disjoint,16,24,unsafe_unpinned_baseline,2,14,0,18806933,18306806
262144,disjoint,16,24,unsafe_unpinned_baseline,2,14,1,18326213,17808553
262144,disjoint,16,24,unsafe_unpinned_baseline,2,14,2,17179982,16813870
262144,disjoint,16,24,unsafe_unpinned_baseline,2,14,3,11471005,11134689
262144,disjoint,16,24,unsafe_unpinned_baseline,2,15,0,22913136,22335603
262144,disjoint,16,24,unsafe_unpinned_baseline,2,15,1,14141341,13774547
262144,disjoint,16,24,unsafe_unpinned_baseline,2,15,2,17598546,17176586
262144,disjoint,16,24,unsafe_unpinned_baseline,2,15,3,11614768,11249436
262144,disjoint,16,24,unsafe_unpinned_baseline,3,0,0,23199197,22599052
262144,disjoint,16,24,unsafe_unpinned_baseline,3,0,1,19867250,19452465
262144,disjoint,16,24,unsafe_unpinned_baseline,3,0,2,19668574,19317570
262144,disjoint,16,24,unsafe_unpinned_baseline,3,0,3,9970064,9602108
262144,disjoint,16,24,unsafe_unpinned_baseline,3,1,0,15063977,14621219
262144,disjoint,16,24,unsafe_unpinned_baseline,3,1,1,25919498,25437445
262144,disjoint,16,24,unsafe_unpinned_baseline,3,1,2,16372323,15963450
262144,disjoint,16,24,unsafe_unpinned_baseline,3,1,3,15942370,15539357
262144,disjoint,16,24,unsafe_unpinned_baseline,3,2,0,25236054,24781464
262144,disjoint,16,24,unsafe_unpinned_baseline,3,2,1,26773524,26313553
262144,disjoint,16,24,unsafe_unpinned_baseline,3,2,2,19673443,19350833
262144,disjoint,16,24,unsafe_unpinned_baseline,3,2,3,6298654,5633464
262144,disjoint,16,24,unsafe_unpinned_baseline,3,3,0,22625291,22036808
262144,disjoint,16,24,unsafe_unpinned_baseline,3,3,1,21635738,21213088
262144,disjoint,16,24,unsafe_unpinned_baseline,3,3,2,19355291,19026398
262144,disjoint,16,24,unsafe_unpinned_baseline,3,3,3,9101189,8782055
262144,disjoint,16,24,unsafe_unpinned_baseline,3,4,0,25029743,24584781
262144,disjoint,16,24,unsafe_unpinned_baseline,3,4,1,23784876,23282285
262144,disjoint,16,24,unsafe_unpinned_baseline,3,4,2,17883235,17443232
262144,disjoint,16,24,unsafe_unpinned_baseline,3,4,3,9483703,9152245
262144,disjoint,16,24,unsafe_unpinned_baseline,3,5,0,13169220,12778601
262144,disjoint,16,24,unsafe_unpinned_baseline,3,5,1,15394403,15008051
262144,disjoint,16,24,unsafe_unpinned_baseline,3,5,2,21524968,21154177
262144,disjoint,16,24,unsafe_unpinned_baseline,3,5,3,18890461,18548294
262144,disjoint,16,24,unsafe_unpinned_baseline,3,6,0,15056864,14672847
262144,disjoint,16,24,unsafe_unpinned_baseline,3,6,1,23071436,22623057
262144,disjoint,16,24,unsafe_unpinned_baseline,3,6,2,16208033,15656068
262144,disjoint,16,24,unsafe_unpinned_baseline,3,6,3,16274989,15970333
262144,disjoint,16,24,unsafe_unpinned_baseline,3,7,0,19112882,18586486
262144,disjoint,16,24,unsafe_unpinned_baseline,3,7,1,21541220,21159256
262144,disjoint,16,24,unsafe_unpinned_baseline,3,7,2,16790576,16331928
262144,disjoint,16,24,unsafe_unpinned_baseline,3,7,3,13800926,13191733
262144,disjoint,16,24,unsafe_unpinned_baseline,3,8,0,11762687,11336100
262144,disjoint,16,24,unsafe_unpinned_baseline,3,8,1,14309659,13871360
262144,disjoint,16,24,unsafe_unpinned_baseline,3,8,2,21278201,20830874
262144,disjoint,16,24,unsafe_unpinned_baseline,3,8,3,20179641,19442295
262144,disjoint,16,24,unsafe_unpinned_baseline,3,9,0,18856447,18341783
262144,disjoint,16,24,unsafe_unpinned_baseline,3,9,1,21871625,21450177
262144,disjoint,16,24,unsafe_unpinned_baseline,3,9,2,16731203,16213513
262144,disjoint,16,24,unsafe_unpinned_baseline,3,9,3,14038616,13626185
262144,disjoint,16,24,unsafe_unpinned_baseline,3,10,0,25253397,24710398
262144,disjoint,16,24,unsafe_unpinned_baseline,3,10,1,26007364,25588311
262144,disjoint,16,24,unsafe_unpinned_baseline,3,10,2,19480488,19104797
262144,disjoint,16,24,unsafe_unpinned_baseline,3,10,3,6901626,6242407
262144,disjoint,16,24,unsafe_unpinned_baseline,3,11,0,14379111,13884805
262144,disjoint,16,24,unsafe_unpinned_baseline,3,11,1,15512817,14794918
262144,disjoint,16,24,unsafe_unpinned_baseline,3,11,2,20923991,20444303
262144,disjoint,16,24,unsafe_unpinned_baseline,3,11,3,18665275,18172251
262144,disjoint,16,24,unsafe_unpinned_baseline,3,12,0,19025437,18519479
262144,disjoint,16,24,unsafe_unpinned_baseline,3,12,1,21641699,21297178
262144,disjoint,16,24,unsafe_unpinned_baseline,3,12,2,16775017,16280309
262144,disjoint,16,24,unsafe_unpinned_baseline,3,12,3,13825322,13466313
262144,disjoint,16,24,unsafe_unpinned_baseline,3,13,0,19016499,18508357
262144,disjoint,16,24,unsafe_unpinned_baseline,3,13,1,21535378,21141823
262144,disjoint,16,24,unsafe_unpinned_baseline,3,13,2,17057461,16540663
262144,disjoint,16,24,unsafe_unpinned_baseline,3,13,3,13694404,13307181
262144,disjoint,16,24,unsafe_unpinned_baseline,3,14,0,25201118,24726178
262144,disjoint,16,24,unsafe_unpinned_baseline,3,14,1,26690587,26271805
262144,disjoint,16,24,unsafe_unpinned_baseline,3,14,2,19478304,19129503
262144,disjoint,16,24,unsafe_unpinned_baseline,3,14,3,6113433,5716081
262144,disjoint,16,24,unsafe_unpinned_baseline,3,15,0,16129354,15724939
262144,disjoint,16,24,unsafe_unpinned_baseline,3,15,1,20799215,20414667
262144,disjoint,16,24,unsafe_unpinned_baseline,3,15,2,16351665,15862679
262144,disjoint,16,24,unsafe_unpinned_baseline,3,15,3,17025290,16571511
262144,disjoint,16,24,pinned,3,0,0,28254888,25932572
262144,disjoint,16,24,pinned,3,0,1,19198053,16930280
262144,disjoint,16,24,pinned,3,0,2,20105291,16986998
262144,disjoint,16,24,pinned,3,0,3,19826463,17942757
262144,disjoint,16,24,pinned,3,1,0,23246938,20817559
262144,disjoint,16,24,pinned,3,1,1,19053680,17005884
262144,disjoint,16,24,pinned,3,1,2,16830842,14724735
262144,disjoint,16,24,pinned,3,1,3,26458337,23973384
262144,disjoint,16,24,pinned,3,2,0,21313598,18185376
262144,disjoint,16,24,pinned,3,2,1,18717724,17086085
262144,disjoint,16,24,pinned,3,2,2,20805827,19128391
262144,disjoint,16,24,pinned,3,2,3,24791372,22330814
262144,disjoint,16,24,pinned,3,3,0,22291330,20135718
262144,disjoint,16,24,pinned,3,3,1,18301196,16807398
262144,disjoint,16,24,pinned,3,3,2,17366697,15360479
262144,disjoint,16,24,pinned,3,3,3,23979004,21097829
262144,disjoint,16,24,pinned,3,4,0,27854921,25057596
262144,disjoint,16,24,pinned,3,4,1,15171500,13256876
262144,disjoint,16,24,pinned,3,4,2,17534043,15797116
262144,disjoint,16,24,pinned,3,4,3,22247686,20005862
262144,disjoint,16,24,pinned,3,5,0,23896678,21331352
262144,disjoint,16,24,pinned,3,5,1,23302002,21233827
262144,disjoint,16,24,pinned,3,5,2,21060670,18884860
262144,disjoint,16,24,pinned,3,5,3,18189875,16200468
262144,disjoint,16,24,pinned,3,6,0,23579077,21543954
262144,disjoint,16,24,pinned,3,6,1,23482785,21900149
262144,disjoint,16,24,pinned,3,6,2,21047905,17460123
262144,disjoint,16,24,pinned,3,6,3,18267663,16348319
262144,disjoint,16,24,pinned,3,7,0,27971813,25248407
262144,disjoint,16,24,pinned,3,7,1,19372153,16923908
262144,disjoint,16,24,pinned,3,7,2,14212004,12329771
262144,disjoint,16,24,pinned,3,7,3,24064746,21737771
262144,disjoint,16,24,pinned,3,8,0,22369547,19987307
262144,disjoint,16,24,pinned,3,8,1,18053477,16586630
262144,disjoint,16,24,pinned,3,8,2,20520026,18521573
262144,disjoint,16,24,pinned,3,8,3,21882405,19640792
262144,disjoint,16,24,pinned,3,9,0,21995829,19925360
262144,disjoint,16,24,pinned,3,9,1,20231730,18319019
262144,disjoint,16,24,pinned,3,9,2,16770407,15168154
262144,disjoint,16,24,pinned,3,9,3,23815955,20656043
262144,disjoint,16,24,pinned,3,10,0,29911665,27583638
262144,disjoint,16,24,pinned,3,10,1,16602890,14731077
262144,disjoint,16,24,pinned,3,10,2,20990587,17770972
262144,disjoint,16,24,pinned,3,10,3,18860395,16502410
262144,disjoint,16,24,pinned,3,11,0,23985617,21391927
262144,disjoint,16,24,pinned,3,11,1,23330586,21490212
262144,disjoint,16,24,pinned,3,11,2,20823771,18747731
262144,disjoint,16,24,pinned,3,11,3,17941695,15890071
262144,disjoint,16,24,pinned,3,12,0,24062923,21694680
262144,disjoint,16,24,pinned,3,12,1,25643675,23695607
262144,disjoint,16,24,pinned,3,12,2,21914746,20068341
262144,disjoint,16,24,pinned,3,12,3,15686867,13323773
262144,disjoint,16,24,pinned,3,13,0,28080628,25393541
262144,disjoint,16,24,pinned,3,13,1,15544346,13561092
262144,disjoint,16,24,pinned,3,13,2,24428686,20883684
262144,disjoint,16,24,pinned,3,13,3,18319641,16067607
262144,disjoint,16,24,pinned,3,14,0,22259859,20000973
262144,disjoint,16,24,pinned,3,14,1,18503128,16556593
262144,disjoint,16,24,pinned,3,14,2,17147251,14885158
262144,disjoint,16,24,pinned,3,14,3,23967763,21125052
262144,disjoint,16,24,pinned,3,15,0,23974015,21682797
262144,disjoint,16,24,pinned,3,15,1,23289989,21208760
262144,disjoint,16,24,pinned,3,15,2,20840653,17252610
262144,disjoint,16,24,pinned,3,15,3,19414122,17498876
262144,disjoint,16,24,pinned,4,0,0,26726936,22530262
262144,disjoint,16,24,pinned,4,0,1,18641499,16695175
262144,disjoint,16,24,pinned,4,0,2,16304216,14536228
262144,disjoint,16,24,pinned,4,0,3,17391814,15610792
262144,disjoint,16,24,pinned,4,1,0,25607486,22849556
262144,disjoint,16,24,pinned,4,1,1,18402347,15553033
262144,disjoint,16,24,pinned,4,1,2,14717812,12454577
262144,disjoint,16,24,pinned,4,1,3,18927571,16281231
262144,disjoint,16,24,pinned,4,2,0,24282278,19769314
262144,disjoint,16,24,pinned,4,2,1,19700685,17097087
262144,disjoint,16,24,pinned,4,2,2,14294220,12307399
262144,disjoint,16,24,pinned,4,2,3,19819209,16724812
262144,disjoint,16,24,pinned,4,3,0,26162557,23651534
262144,disjoint,16,24,pinned,4,3,1,18827883,16165021
262144,disjoint,16,24,pinned,4,3,2,16799763,14839933
262144,disjoint,16,24,pinned,4,3,3,18277180,16478285
262144,disjoint,16,24,pinned,4,4,0,26353549,22148468
262144,disjoint,16,24,pinned,4,4,1,18271149,15735669
262144,disjoint,16,24,pinned,4,4,2,15990872,13882541
262144,disjoint,16,24,pinned,4,4,3,18201827,16091182
262144,disjoint,16,24,pinned,4,5,0,26142870,22052557
262144,disjoint,16,24,pinned,4,5,1,19727867,17048575
262144,disjoint,16,24,pinned,4,5,2,17755723,15975393
262144,disjoint,16,24,pinned,4,5,3,17067250,14940724
262144,disjoint,16,24,pinned,4,6,0,24489881,20903442
262144,disjoint,16,24,pinned,4,6,1,17392505,14994646
262144,disjoint,16,24,pinned,4,6,2,9791205,7268620
262144,disjoint,16,24,pinned,4,6,3,10694737,8837500
262144,disjoint,16,24,pinned,4,7,0,25975023,21880190
262144,disjoint,16,24,pinned,4,7,1,19002523,16308904
262144,disjoint,16,24,pinned,4,7,2,16556442,14532481
262144,disjoint,16,24,pinned,4,7,3,18576597,16791357
262144,disjoint,16,24,pinned,4,8,0,27350737,23831385
262144,disjoint,16,24,pinned,4,8,1,18248065,16153610
262144,disjoint,16,24,pinned,4,8,2,16735262,14216533
262144,disjoint,16,24,pinned,4,8,3,17924101,15838042
262144,disjoint,16,24,pinned,4,9,0,26608371,22735179
262144,disjoint,16,24,pinned,4,9,1,18248456,15973980
262144,disjoint,16,24,pinned,4,9,2,16572583,14641557
262144,disjoint,16,24,pinned,4,9,3,17291604,15517416
262144,disjoint,16,24,pinned,4,10,0,25862259,23714182
262144,disjoint,16,24,pinned,4,10,1,19072836,16259060
262144,disjoint,16,24,pinned,4,10,2,14858689,13087806
262144,disjoint,16,24,pinned,4,10,3,19239893,16876819
262144,disjoint,16,24,pinned,4,11,0,24439406,21452571
262144,disjoint,16,24,pinned,4,11,1,19789864,16698391
262144,disjoint,16,24,pinned,4,11,2,15443365,13636255
262144,disjoint,16,24,pinned,4,11,3,19011610,16509153
262144,disjoint,16,24,pinned,4,12,0,24230139,20681952
262144,disjoint,16,24,pinned,4,12,1,19154180,16407210
262144,disjoint,16,24,pinned,4,12,2,16553227,14663419
262144,disjoint,16,24,pinned,4,12,3,18985671,16886978
262144,disjoint,16,24,pinned,4,13,0,25652722,22594152
262144,disjoint,16,24,pinned,4,13,1,19263898,16354830
262144,disjoint,16,24,pinned,4,13,2,16544269,14488778
262144,disjoint,16,24,pinned,4,13,3,18536190,16757433
262144,disjoint,16,24,pinned,4,14,0,26607961,22548266
262144,disjoint,16,24,pinned,4,14,1,18869902,16235986
262144,disjoint,16,24,pinned,4,14,2,17725476,16002504
262144,disjoint,16,24,pinned,4,14,3,17081196,15201527
262144,disjoint,16,24,pinned,4,15,0,26648567,22526064
262144,disjoint,16,24,pinned,4,15,1,18537974,16705264
262144,disjoint,16,24,pinned,4,15,2,16281001,14527261
262144,disjoint,16,24,pinned,4,15,3,17262890,15461149
262144,disjoint,16,24,unsafe_unpinned_baseline,4,0,0,21419679,20910505
262144,disjoint,16,24,unsafe_unpinned_baseline,4,0,1,22978850,22460921
262144,disjoint,16,24,unsafe_unpinned_baseline,4,0,2,18849624,18397248
262144,disjoint,16,24,unsafe_unpinned_baseline,4,0,3,15932050,15580204
262144,disjoint,16,24,unsafe_unpinned_baseline,4,1,0,27426470,26926333
262144,disjoint,16,24,unsafe_unpinned_baseline,4,1,1,20429985,19753285
262144,disjoint,16,24,unsafe_unpinned_baseline,4,1,2,17129718,16654789
262144,disjoint,16,24,unsafe_unpinned_baseline,4,1,3,15877127,15347323
262144,disjoint,16,24,unsafe_unpinned_baseline,4,2,0,28031035,27505590
262144,disjoint,16,24,unsafe_unpinned_baseline,4,2,1,22781417,22141515
262144,disjoint,16,24,unsafe_unpinned_baseline,4,2,2,16582722,16098916
262144,disjoint,16,24,unsafe_unpinned_baseline,4,2,3,14297226,13765359
262144,disjoint,16,24,unsafe_unpinned_baseline,4,3,0,28061313,27564121
262144,disjoint,16,24,unsafe_unpinned_baseline,4,3,1,21977045,21407406
262144,disjoint,16,24,unsafe_unpinned_baseline,4,3,2,16307892,15915349
262144,disjoint,16,24,unsafe_unpinned_baseline,4,3,3,15231595,14893274
262144,disjoint,16,24,unsafe_unpinned_baseline,4,4,0,27978635,27470474
262144,disjoint,16,24,unsafe_unpinned_baseline,4,4,1,22867680,22333348
262144,disjoint,16,24,unsafe_unpinned_baseline,4,4,2,16358167,15624990
262144,disjoint,16,24,unsafe_unpinned_baseline,4,4,3,14493447,14172199
262144,disjoint,16,24,unsafe_unpinned_baseline,4,5,0,21173483,20635685
262144,disjoint,16,24,unsafe_unpinned_baseline,4,5,1,24025011,23276123
262144,disjoint,16,24,unsafe_unpinned_baseline,4,5,2,20314637,19637465
262144,disjoint,16,24,unsafe_unpinned_baseline,4,5,3,16825943,16400537
262144,disjoint,16,24,unsafe_unpinned_baseline,4,6,0,27955241,27467378
262144,disjoint,16,24,unsafe_unpinned_baseline,4,6,1,22774464,22287312
262144,disjoint,16,24,unsafe_unpinned_baseline,4,6,2,16547466,16033463
262144,disjoint,16,24,unsafe_unpinned_baseline,4,6,3,14324537,13928006
262144,disjoint,16,24,unsafe_unpinned_baseline,4,7,0,20209888,19743976
262144,disjoint,16,24,unsafe_unpinned_baseline,4,7,1,18420070,17610538
262144,disjoint,16,24,unsafe_unpinned_baseline,4,7,2,20064794,19271152
262144,disjoint,16,24,unsafe_unpinned_baseline,4,7,3,17195523,16692560
262144,disjoint,16,24,unsafe_unpinned_baseline,4,8,0,20462147,20002897
262144,disjoint,16,24,unsafe_unpinned_baseline,4,8,1,18251251,17726417
262144,disjoint,16,24,unsafe_unpinned_baseline,4,8,2,25182061,24544173
262144,disjoint,16,24,unsafe_unpinned_baseline,4,8,3,16722316,16317059
262144,disjoint,16,24,unsafe_unpinned_baseline,4,9,0,21676806,21265036
262144,disjoint,16,24,unsafe_unpinned_baseline,4,9,1,27166117,26743016
262144,disjoint,16,24,unsafe_unpinned_baseline,4,9,2,23836594,23436868
262144,disjoint,16,24,unsafe_unpinned_baseline,4,9,3,9998808,9554708
262144,disjoint,16,24,unsafe_unpinned_baseline,4,10,0,20242320,19798680
262144,disjoint,16,24,unsafe_unpinned_baseline,4,10,1,18480034,17775220
262144,disjoint,16,24,unsafe_unpinned_baseline,4,10,2,14896070,14445005
262144,disjoint,16,24,unsafe_unpinned_baseline,4,10,3,15635409,15260139
262144,disjoint,16,24,unsafe_unpinned_baseline,4,11,0,20138103,19589655
262144,disjoint,16,24,unsafe_unpinned_baseline,4,11,1,18468743,17613454
262144,disjoint,16,24,unsafe_unpinned_baseline,4,11,2,15039461,14493668
262144,disjoint,16,24,unsafe_unpinned_baseline,4,11,3,15433907,15069978
262144,disjoint,16,24,unsafe_unpinned_baseline,4,12,0,21526802,21081659
262144,disjoint,16,24,unsafe_unpinned_baseline,4,12,1,23680088,23226319
262144,disjoint,16,24,unsafe_unpinned_baseline,4,12,2,20217072,19596368
262144,disjoint,16,24,unsafe_unpinned_baseline,4,12,3,16929789,16562464
262144,disjoint,16,24,unsafe_unpinned_baseline,4,13,0,22884502,22399764
262144,disjoint,16,24,unsafe_unpinned_baseline,4,13,1,17517062,17008829
262144,disjoint,16,24,unsafe_unpinned_baseline,4,13,2,23516498,23111602
262144,disjoint,16,24,unsafe_unpinned_baseline,4,13,3,17776222,17242952
262144,disjoint,16,24,unsafe_unpinned_baseline,4,14,0,20046168,19531825
262144,disjoint,16,24,unsafe_unpinned_baseline,4,14,1,18542021,17684799
262144,disjoint,16,24,unsafe_unpinned_baseline,4,14,2,14844752,14249214
262144,disjoint,16,24,unsafe_unpinned_baseline,4,14,3,15547212,15092852
262144,disjoint,16,24,unsafe_unpinned_baseline,4,15,0,21755595,21280044
262144,disjoint,16,24,unsafe_unpinned_baseline,4,15,1,27156078,26682863
262144,disjoint,16,24,unsafe_unpinned_baseline,4,15,2,21257171,20873545
262144,disjoint,16,24,unsafe_unpinned_baseline,4,15,3,11966494,11524005
262144,disjoint,16,24,unsafe_unpinned_baseline,5,0,0,25403671,24872726
262144,disjoint,16,24,unsafe_unpinned_baseline,5,0,1,28502727,28101939
262144,disjoint,16,24,unsafe_unpinned_baseline,5,0,2,20477345,19990112
262144,disjoint,16,24,unsafe_unpinned_baseline,5,0,3,20476834,19881648
262144,disjoint,16,24,unsafe_unpinned_baseline,5,1,0,24932880,24066851
262144,disjoint,16,24,unsafe_unpinned_baseline,5,1,1,24903184,24509759
262144,disjoint,16,24,unsafe_unpinned_baseline,5,1,2,25773832,25354248
262144,disjoint,16,24,unsafe_unpinned_baseline,5,1,3,21061762,20558810
262144,disjoint,16,24,unsafe_unpinned_baseline,5,2,0,25114403,24626229
262144,disjoint,16,24,unsafe_unpinned_baseline,5,2,1,33757596,33301402
262144,disjoint,16,24,unsafe_unpinned_baseline,5,2,2,20898282,19858073
262144,disjoint,16,24,unsafe_unpinned_baseline,5,2,3,15947160,15551681
262144,disjoint,16,24,unsafe_unpinned_baseline,5,3,0,25121997,24643311
262144,disjoint,16,24,unsafe_unpinned_baseline,5,3,1,24259956,23769607
262144,disjoint,16,24,unsafe_unpinned_baseline,5,3,2,22112551,21485844
262144,disjoint,16,24,unsafe_unpinned_baseline,5,3,3,24487727,23854889
262144,disjoint,16,24,unsafe_unpinned_baseline,5,4,0,22065292,21564484
262144,disjoint,16,24,unsafe_unpinned_baseline,5,4,1,26042080,25522897
262144,disjoint,16,24,unsafe_unpinned_baseline,5,4,2,23048703,22267003
262144,disjoint,16,24,unsafe_unpinned_baseline,5,4,3,21021916,20147380
262144,disjoint,16,24,unsafe_unpinned_baseline,5,5,0,24822290,23970168
262144,disjoint,16,24,unsafe_unpinned_baseline,5,5,1,24954771,24454604
262144,disjoint,16,24,unsafe_unpinned_baseline,5,5,2,30730846,30293197
262144,disjoint,16,24,unsafe_unpinned_baseline,5,5,3,14957125,14542410
262144,disjoint,16,24,unsafe_unpinned_baseline,5,6,0,25105086,24625968
262144,disjoint,16,24,unsafe_unpinned_baseline,5,6,1,24643511,24218798
262144,disjoint,16,24,unsafe_unpinned_baseline,5,6,2,36120930,35634349
262144,disjoint,16,24,unsafe_unpinned_baseline,5,6,3,10733880,10177807
262144,disjoint,16,24,unsafe_unpinned_baseline,5,7,0,25069108,24231011
262144,disjoint,16,24,unsafe_unpinned_baseline,5,7,1,29399506,28858121
262144,disjoint,16,24,unsafe_unpinned_baseline,5,7,2,19773272,19286130
262144,disjoint,16,24,unsafe_unpinned_baseline,5,7,3,20495349,19960917
262144,disjoint,16,24,unsafe_unpinned_baseline,5,8,0,24827901,24005374
262144,disjoint,16,24,unsafe_unpinned_baseline,5,8,1,25657501,25210045
262144,disjoint,16,24,unsafe_unpinned_baseline,5,8,2,36941172,36587162
262144,disjoint,16,24,unsafe_unpinned_baseline,5,8,3,9583652,8881253
262144,disjoint,16,24,unsafe_unpinned_baseline,5,9,0,21952548,21520150
262144,disjoint,16,24,unsafe_unpinned_baseline,5,9,1,26068359,25467522
262144,disjoint,16,24,unsafe_unpinned_baseline,5,9,2,23136690,22389054
262144,disjoint,16,24,unsafe_unpinned_baseline,5,9,3,21358954,20770409
262144,disjoint,16,24,unsafe_unpinned_baseline,5,10,0,22014896,21555637
262144,disjoint,16,24,unsafe_unpinned_baseline,5,10,1,26020899,25353245
262144,disjoint,16,24,unsafe_unpinned_baseline,5,10,2,23227020,22471621
262144,disjoint,16,24,unsafe_unpinned_baseline,5,10,3,24603396,24086257
262144,disjoint,16,24,unsafe_unpinned_baseline,5,11,0,24728362,23923108
262144,disjoint,16,24,unsafe_unpinned_baseline,5,11,1,35367183,34736869
262144,disjoint,16,24,unsafe_unpinned_baseline,5,11,2,20308947,19899441
262144,disjoint,16,24,unsafe_unpinned_baseline,5,11,3,15400484,14938129
262144,disjoint,16,24,unsafe_unpinned_baseline,5,12,0,24548201,23749379
262144,disjoint,16,24,unsafe_unpinned_baseline,5,12,1,30032183,29243660
262144,disjoint,16,24,unsafe_unpinned_baseline,5,12,2,18371197,17928039
262144,disjoint,16,24,unsafe_unpinned_baseline,5,12,3,21631861,21032867
262144,disjoint,16,24,unsafe_unpinned_baseline,5,13,0,21984498,21530469
262144,disjoint,16,24,unsafe_unpinned_baseline,5,13,1,28000297,27191114
262144,disjoint,16,24,unsafe_unpinned_baseline,5,13,2,30534454,30150166
262144,disjoint,16,24,unsafe_unpinned_baseline,5,13,3,15296207,14925124
262144,disjoint,16,24,unsafe_unpinned_baseline,5,14,0,23963394,23521027
262144,disjoint,16,24,unsafe_unpinned_baseline,5,14,1,25049972,24656065
262144,disjoint,16,24,unsafe_unpinned_baseline,5,14,2,22093996,21607464
262144,disjoint,16,24,unsafe_unpinned_baseline,5,14,3,23842516,23228032
262144,disjoint,16,24,unsafe_unpinned_baseline,5,15,0,25062896,24584680
262144,disjoint,16,24,unsafe_unpinned_baseline,5,15,1,28811783,28081100
262144,disjoint,16,24,unsafe_unpinned_baseline,5,15,2,20245606,19856570
262144,disjoint,16,24,unsafe_unpinned_baseline,5,15,3,20696360,20120319
262144,disjoint,16,24,pinned,5,0,0,28905631,25118851
262144,disjoint,16,24,pinned,5,0,1,27258783,25537154
262144,disjoint,16,24,pinned,5,0,2,23867773,20681041
262144,disjoint,16,24,pinned,5,0,3,25537384,22972078
262144,disjoint,16,24,pinned,5,1,0,29157126,25589703
262144,disjoint,16,24,pinned,5,1,1,26983732,25307960
262144,disjoint,16,24,pinned,5,1,2,23817157,20734923
262144,disjoint,16,24,pinned,5,1,3,26300969,23212563
262144,disjoint,16,24,pinned,5,2,0,27940874,22334691
262144,disjoint,16,24,pinned,5,2,1,23787612,21325932
262144,disjoint,16,24,pinned,5,2,2,28800741,26393615
262144,disjoint,16,24,pinned,5,2,3,24866404,22378745
262144,disjoint,16,24,pinned,5,3,0,30505559,27099171
262144,disjoint,16,24,pinned,5,3,1,25733095,23811597
262144,disjoint,16,24,pinned,5,3,2,23883203,21739895
262144,disjoint,16,24,pinned,5,3,3,27172239,24164445
262144,disjoint,16,24,pinned,5,4,0,28630289,24569992
262144,disjoint,16,24,pinned,5,4,1,23045316,21066772
262144,disjoint,16,24,pinned,5,4,2,25404583,23331418
262144,disjoint,16,24,pinned,5,4,3,23709674,20330738
262144,disjoint,16,24,pinned,5,5,0,31258414,27925555
262144,disjoint,16,24,pinned,5,5,1,24890820,23242229
262144,disjoint,16,24,pinned,5,5,2,23956191,22022540
262144,disjoint,16,24,pinned,5,5,3,24043176,22070131
262144,disjoint,16,24,pinned,5,6,0,28602467,24600831
262144,disjoint,16,24,pinned,5,6,1,23145095,21280044
262144,disjoint,16,24,pinned,5,6,2,25815901,23731015
262144,disjoint,16,24,pinned,5,6,3,23207142,20365504
262144,disjoint,16,24,pinned,5,7,0,30317564,26918238
262144,disjoint,16,24,pinned,5,7,1,25762069,24041051
262144,disjoint,16,24,pinned,5,7,2,23790006,20257279
262144,disjoint,16,24,pinned,5,7,3,25601395,23409326
262144,disjoint,16,24,pinned,5,8,0,28994329,25388432
262144,disjoint,16,24,pinned,5,8,1,26265022,24662678
262144,disjoint,16,24,pinned,5,8,2,24857046,22949074
262144,disjoint,16,24,pinned,5,8,3,25310194,22929127
262144,disjoint,16,24,pinned,5,9,0,27904545,23875117
262144,disjoint,16,24,pinned,5,9,1,23677263,21084535
262144,disjoint,16,24,pinned,5,9,2,28914948,26339582
262144,disjoint,16,24,pinned,5,9,3,26143371,23956561
262144,disjoint,16,24,pinned,5,10,0,24310452,20121341
262144,disjoint,16,24,pinned,5,10,1,25222477,21725568
262144,disjoint,16,24,pinned,5,10,2,26432849,23639010
262144,disjoint,16,24,pinned,5,10,3,6141827,3601107
262144,disjoint,16,24,pinned,5,11,0,28079547,24492776
262144,disjoint,16,24,pinned,5,11,1,26237319,24464923
262144,disjoint,16,24,pinned,5,11,2,25531113,22051545
262144,disjoint,16,24,pinned,5,11,3,26689335,24268332
262144,disjoint,16,24,pinned,5,12,0,27830334,23889694
262144,disjoint,16,24,pinned,5,12,1,23774948,21699118
262144,disjoint,16,24,pinned,5,12,2,26033022,23659379
262144,disjoint,16,24,pinned,5,12,3,24262290,22117350
262144,disjoint,16,24,pinned,5,13,0,29192804,25826611
262144,disjoint,16,24,pinned,5,13,1,22380338,20550263
262144,disjoint,16,24,pinned,5,13,2,25961117,23670630
262144,disjoint,16,24,pinned,5,13,3,23221139,20689567
262144,disjoint,16,24,pinned,5,14,0,27743901,22225725
262144,disjoint,16,24,pinned,5,14,1,23862904,21793326
262144,disjoint,16,24,pinned,5,14,2,25994199,23596409
262144,disjoint,16,24,pinned,5,14,3,27664210,24426341
262144,disjoint,16,24,pinned,5,15,0,31224891,27825926
262144,disjoint,16,24,pinned,5,15,1,24813364,23154543
262144,disjoint,16,24,pinned,5,15,2,23966340,22080449
262144,disjoint,16,24,pinned,5,15,3,26147860,23200420
262144,same_object,1,24,pinned,-2,0,0,5157113,3422008
262144,same_object,1,24,pinned,-2,0,1,4951644,3093627
262144,same_object,1,24,pinned,-2,0,2,5225563,3077927
262144,same_object,1,24,pinned,-2,0,3,5020373,2725139
262144,same_object,1,24,unsafe_unpinned_baseline,-2,0,0,4538211,3981327
262144,same_object,1,24,unsafe_unpinned_baseline,-2,0,1,3437999,2814868
262144,same_object,1,24,unsafe_unpinned_baseline,-2,0,2,3681309,2873390
262144,same_object,1,24,unsafe_unpinned_baseline,-2,0,3,2859924,2116717
262144,same_object,1,24,unsafe_unpinned_baseline,-1,0,0,4933930,4206012
262144,same_object,1,24,unsafe_unpinned_baseline,-1,0,1,3009858,2456790
262144,same_object,1,24,unsafe_unpinned_baseline,-1,0,2,3719772,3146486
262144,same_object,1,24,unsafe_unpinned_baseline,-1,0,3,3406368,2708527
262144,same_object,1,24,pinned,-1,0,0,5726912,2766457
262144,same_object,1,24,pinned,-1,0,1,6725121,3855849
262144,same_object,1,24,pinned,-1,0,2,3954806,2582419
262144,same_object,1,24,pinned,-1,0,3,3858354,2751439
262144,same_object,1,24,pinned,0,0,0,4906348,3385799
262144,same_object,1,24,pinned,0,0,1,3391390,2110024
262144,same_object,1,24,pinned,0,0,2,3581079,2431213
262144,same_object,1,24,pinned,0,0,3,3746462,2683250
262144,same_object,1,24,unsafe_unpinned_baseline,0,0,0,2261261,1912400
262144,same_object,1,24,unsafe_unpinned_baseline,0,0,1,1977934,1684699
262144,same_object,1,24,unsafe_unpinned_baseline,0,0,2,1453301,1246520
262144,same_object,1,24,unsafe_unpinned_baseline,0,0,3,1518845,1242823
262144,same_object,1,24,unsafe_unpinned_baseline,1,0,0,2194955,1906118
262144,same_object,1,24,unsafe_unpinned_baseline,1,0,1,2006217,1683637
262144,same_object,1,24,unsafe_unpinned_baseline,1,0,2,2018451,1791922
262144,same_object,1,24,unsafe_unpinned_baseline,1,0,3,1505229,1240509
262144,same_object,1,24,pinned,1,0,0,2906001,1508426
262144,same_object,1,24,pinned,1,0,1,2225173,1273090
262144,same_object,1,24,pinned,1,0,2,2158737,1238444
262144,same_object,1,24,pinned,1,0,3,2359867,1291885
262144,same_object,1,24,pinned,2,0,0,2970854,1681473
262144,same_object,1,24,pinned,2,0,1,3491269,2425090
262144,same_object,1,24,pinned,2,0,2,2461580,1436349
262144,same_object,1,24,pinned,2,0,3,2137526,1326170
262144,same_object,1,24,unsafe_unpinned_baseline,2,0,0,1587856,1317615
262144,same_object,1,24,unsafe_unpinned_baseline,2,0,1,1801410,1523874
262144,same_object,1,24,unsafe_unpinned_baseline,2,0,2,2086580,1778867
262144,same_object,1,24,unsafe_unpinned_baseline,2,0,3,1748419,1407735
262144,same_object,1,24,unsafe_unpinned_baseline,3,0,0,1426120,1107497
262144,same_object,1,24,unsafe_unpinned_baseline,3,0,1,1409248,1156089
262144,same_object,1,24,unsafe_unpinned_baseline,3,0,2,2183242,1939151
262144,same_object,1,24,unsafe_unpinned_baseline,3,0,3,1785961,1538001
262144,same_object,1,24,pinned,3,0,0,2823095,1510871
262144,same_object,1,24,pinned,3,0,1,2317968,1278521
262144,same_object,1,24,pinned,3,0,2,2513428,1453332
262144,same_object,1,24,pinned,3,0,3,3016751,2028190
262144,same_object,1,24,pinned,4,0,0,2676497,1535447
262144,same_object,1,24,pinned,4,0,1,2700152,1627701
262144,same_object,1,24,pinned,4,0,2,2556550,1523444
262144,same_object,1,24,pinned,4,0,3,5065119,3334362
262144,same_object,1,24,unsafe_unpinned_baseline,4,0,0,3877190,3402141
262144,same_object,1,24,unsafe_unpinned_baseline,4,0,1,1878566,1586363
262144,same_object,1,24,unsafe_unpinned_baseline,4,0,2,4042243,3741653
262144,same_object,1,24,unsafe_unpinned_baseline,4,0,3,2258416,1794387
262144,same_object,1,24,unsafe_unpinned_baseline,5,0,0,1579309,1281416
262144,same_object,1,24,unsafe_unpinned_baseline,5,0,1,1575482,1267960
262144,same_object,1,24,unsafe_unpinned_baseline,5,0,2,2930057,2094845
262144,same_object,1,24,unsafe_unpinned_baseline,5,0,3,1717040,1439706
262144,same_object,1,24,pinned,5,0,0,3309094,1727220
262144,same_object,1,24,pinned,5,0,1,2484934,1535196
262144,same_object,1,24,pinned,5,0,2,2260589,1388749
262144,same_object,1,24,pinned,5,0,3,2723946,1858869
262144,same_object,4,24,pinned,-2,0,0,6328200,5254347
262144,same_object,4,24,pinned,-2,0,1,5761206,4614566
262144,same_object,4,24,pinned,-2,0,2,5772658,4671463
262144,same_object,4,24,pinned,-2,0,3,2881465,1589198
262144,same_object,4,24,pinned,-2,1,0,6838386,4781031
262144,same_object,4,24,pinned,-2,1,1,6105989,4546346
262144,same_object,4,24,pinned,-2,1,2,6331355,4408035
262144,same_object,4,24,pinned,-2,1,3,4924362,3276202
262144,same_object,4,24,pinned,-2,2,0,6808319,4985949
262144,same_object,4,24,pinned,-2,2,1,6444430,4851404
262144,same_object,4,24,pinned,-2,2,2,5318017,3855379
262144,same_object,4,24,pinned,-2,2,3,5134290,3127150
262144,same_object,4,24,pinned,-2,3,0,6348247,4434445
262144,same_object,4,24,pinned,-2,3,1,6125136,4801459
262144,same_object,4,24,pinned,-2,3,2,6258678,4469271
262144,same_object,4,24,pinned,-2,3,3,4986289,3567684
262144,same_object,4,24,unsafe_unpinned_baseline,-2,0,0,5842080,5510872
262144,same_object,4,24,unsafe_unpinned_baseline,-2,0,1,6287392,5978577
262144,same_object,4,24,unsafe_unpinned_baseline,-2,0,2,6385598,6096481
262144,same_object,4,24,unsafe_unpinned_baseline,-2,0,3,3892399,3583424
262144,same_object,4,24,unsafe_unpinned_baseline,-2,1,0,5740036,5398280
262144,same_object,4,24,unsafe_unpinned_baseline,-2,1,1,6084178,5739114
262144,same_object,4,24,unsafe_unpinned_baseline,-2,1,2,4493676,4188799
262144,same_object,4,24,unsafe_unpinned_baseline,-2,1,3,5794229,5446500
262144,same_object,4,24,unsafe_unpinned_baseline,-2,2,0,5494933,5125794
262144,same_object,4,24,unsafe_unpinned_baseline,-2,2,1,6582652,5898697
262144,same_object,4,24,unsafe_unpinned_baseline,-2,2,2,4906318,4567737
262144,same_object,4,24,unsafe_unpinned_baseline,-2,2,3,4955180,4634003
262144,same_object,4,24,unsafe_unpinned_baseline,-2,3,0,5968599,5596905
262144,same_object,4,24,unsafe_unpinned_baseline,-2,3,1,6178196,5871115
262144,same_object,4,24,unsafe_unpinned_baseline,-2,3,2,5235431,4953918
262144,same_object,4,24,unsafe_unpinned_baseline,-2,3,3,4867846,4560494
262144,same_object,4,24,unsafe_unpinned_baseline,-1,0,0,5804548,5495173
262144,same_object,4,24,unsafe_unpinned_baseline,-1,0,1,4825114,4543310
262144,same_object,4,24,unsafe_unpinned_baseline,-1,0,2,5231704,4929572
262144,same_object,4,24,unsafe_unpinned_baseline,-1,0,3,5743633,5418227
262144,same_object,4,24,unsafe_unpinned_baseline,-1,1,0,5844815,5542232
262144,same_object,4,24,unsafe_unpinned_baseline,-1,1,1,5124842,4833360
262144,same_object,4,24,unsafe_unpinned_baseline,-1,1,2,5141624,4849070
262144,same_object,4,24,unsafe_unpinned_baseline,-1,1,3,6194066,5915117
262144,same_object,4,24,unsafe_unpinned_baseline,-1,2,0,5684140,5355960
262144,same_object,4,24,unsafe_unpinned_baseline,-1,2,1,5036865,4762806
262144,same_object,4,24,unsafe_unpinned_baseline,-1,2,2,5398510,5081540
262144,same_object,4,24,unsafe_unpinned_baseline,-1,2,3,6305366,6028963
262144,same_object,4,24,unsafe_unpinned_baseline,-1,3,0,6080661,5676827
262144,same_object,4,24,unsafe_unpinned_baseline,-1,3,1,4838369,4591242
262144,same_object,4,24,unsafe_unpinned_baseline,-1,3,2,5095206,4826818
262144,same_object,4,24,unsafe_unpinned_baseline,-1,3,3,5997283,5687026
262144,same_object,4,24,pinned,-1,0,0,7189420,5554465
262144,same_object,4,24,pinned,-1,0,1,6086883,4886501
262144,same_object,4,24,pinned,-1,0,2,5088914,3973563
262144,same_object,4,24,pinned,-1,0,3,5796703,4553751
262144,same_object,4,24,pinned,-1,1,0,7391022,5893617
262144,same_object,4,24,pinned,-1,1,1,4912359,3828608
262144,same_object,4,24,pinned,-1,1,2,5730198,4521480
262144,same_object,4,24,pinned,-1,1,3,5863250,4853919
262144,same_object,4,24,pinned,-1,2,0,7457468,5970102
262144,same_object,4,24,pinned,-1,2,1,6061294,4885488
262144,same_object,4,24,pinned,-1,2,2,4758839,3572964
262144,same_object,4,24,pinned,-1,2,3,5325662,4168591
262144,same_object,4,24,pinned,-1,3,0,6683142,4876121
262144,same_object,4,24,pinned,-1,3,1,6449299,5190687
262144,same_object,4,24,pinned,-1,3,2,5175528,4159965
262144,same_object,4,24,pinned,-1,3,3,5531812,4460744
262144,same_object,4,24,pinned,0,0,0,6464528,5331694
262144,same_object,4,24,pinned,0,0,1,6416627,5379544
262144,same_object,4,24,pinned,0,0,2,5926850,4749391
262144,same_object,4,24,pinned,0,0,3,6998388,5843171
262144,same_object,4,24,pinned,0,1,0,6024865,4979637
262144,same_object,4,24,pinned,0,1,1,6239141,5102639
262144,same_object,4,24,pinned,0,1,2,6205507,5026666
262144,same_object,4,24,pinned,0,1,3,6715133,5615010
262144,same_object,4,24,pinned,0,2,0,5993245,4830074
262144,same_object,4,24,pinned,0,2,1,6641693,5386367
262144,same_object,4,24,pinned,0,2,2,6163688,4877063
262144,same_object,4,24,pinned,0,2,3,6941000,5712664
262144,same_object,4,24,pinned,0,3,0,6322479,5267652
262144,same_object,4,24,pinned,0,3,1,6417649,5342223
262144,same_object,4,24,pinned,0,3,2,5847841,4668809
262144,same_object,4,24,pinned,0,3,3,6785165,5661959
262144,same_object,4,24,unsafe_unpinned_baseline,0,0,0,6021760,5661477
262144,same_object,4,24,unsafe_unpinned_baseline,0,0,1,4293899,3964114
262144,same_object,4,24,unsafe_unpinned_baseline,0,0,2,5430420,5098442
262144,same_object,4,24,unsafe_unpinned_baseline,0,0,3,4905656,4591953
262144,same_object,4,24,unsafe_unpinned_baseline,0,1,0,6338860,5975222
262144,same_object,4,24,unsafe_unpinned_baseline,0,1,1,4627230,4305600
262144,same_object,4,24,unsafe_unpinned_baseline,0,1,2,4781792,4335428
262144,same_object,4,24,unsafe_unpinned_baseline,0,1,3,4786321,4412633
262144,same_object,4,24,unsafe_unpinned_baseline,0,2,0,6088015,5742601
262144,same_object,4,24,unsafe_unpinned_baseline,0,2,1,4582044,4175044
262144,same_object,4,24,unsafe_unpinned_baseline,0,2,2,4923952,4575411
262144,same_object,4,24,unsafe_unpinned_baseline,0,2,3,5208801,4744752
262144,same_object,4,24,unsafe_unpinned_baseline,0,3,0,6340633,6038662
262144,same_object,4,24,unsafe_unpinned_baseline,0,3,1,4731587,4420609
262144,same_object,4,24,unsafe_unpinned_baseline,0,3,2,4584740,4312333
262144,same_object,4,24,unsafe_unpinned_baseline,0,3,3,4634484,4321451
262144,same_object,4,24,unsafe_unpinned_baseline,1,0,0,5045051,4746265
262144,same_object,4,24,unsafe_unpinned_baseline,1,0,1,5191798,4068562
262144,same_object,4,24,unsafe_unpinned_baseline,1,0,2,4280603,3887970
262144,same_object,4,24,unsafe_unpinned_baseline,1,0,3,4737168,4424747
262144,same_object,4,24,unsafe_unpinned_baseline,1,1,0,6202833,5908596
262144,same_object,4,24,unsafe_unpinned_baseline,1,1,1,4391804,4018788
262144,same_object,4,24,unsafe_unpinned_baseline,1,1,2,3991637,3740561
262144,same_object,4,24,unsafe_unpinned_baseline,1,1,3,4725726,4434585
262144,same_object,4,24,unsafe_unpinned_baseline,1,2,0,6190980,5884249
262144,same_object,4,24,unsafe_unpinned_baseline,1,2,1,4307484,3797249
262144,same_object,4,24,unsafe_unpinned_baseline,1,2,2,3879674,3577632
262144,same_object,4,24,unsafe_unpinned_baseline,1,2,3,4491863,4170094
262144,same_object,4,24,unsafe_unpinned_baseline,1,3,0,6398994,6009176
262144,same_object,4,24,unsafe_unpinned_baseline,1,3,1,3974203,3612729
262144,same_object,4,24,unsafe_unpinned_baseline,1,3,2,4414397,4050618
262144,same_object,4,24,unsafe_unpinned_baseline,1,3,3,4375744,4090974
262144,same_object,4,24,pinned,1,0,0,6978982,4866562
262144,same_object,4,24,pinned,1,0,1,5379183,4285422
262144,same_object,4,24,pinned,1,0,2,5642432,4513214
262144,same_object,4,24,pinned,1,0,3,5946086,4920124
262144,same_object,4,24,pinned,1,1,0,6282683,4723973
262144,same_object,4,24,pinned,1,1,1,5647191,4687994
262144,same_object,4,24,pinned,1,1,2,6082084,4895898
262144,same_object,4,24,pinned,1,1,3,5804809,4656325
262144,same_object,4,24,pinned,1,2,0,6372654,4894045
262144,same_object,4,24,pinned,1,2,1,5761477,4671013
262144,same_object,4,24,pinned,1,2,2,6398212,5251451
262144,same_object,4,24,pinned,1,2,3,5907593,4928149
262144,same_object,4,24,pinned,1,3,0,5854342,4317313
262144,same_object,4,24,pinned,1,3,1,5750616,4413164
262144,same_object,4,24,pinned,1,3,2,6427257,5258394
262144,same_object,4,24,pinned,1,3,3,6199176,5071620
262144,same_object,4,24,pinned,2,0,0,6363216,4833560
262144,same_object,4,24,pinned,2,0,1,6536283,5419269
262144,same_object,4,24,pinned,2,0,2,6246565,5052625
262144,same_object,4,24,pinned,2,0,3,6029744,4655022
262144,same_object,4,24,pinned,2,1,0,6067787,4328695
262144,same_object,4,24,pinned,2,1,1,6939537,5682407
262144,same_object,4,24,pinned,2,1,2,6132419,4846364
262144,same_object,4,24,pinned,2,1,3,5948240,4666534
262144,same_object,4,24,pinned,2,2,0,5791874,4692243
262144,same_object,4,24,pinned,2,2,1,6903910,5723185
262144,same_object,4,24,pinned,2,2,2,5905019,4878876
262144,same_object,4,24,pinned,2,2,3,6528930,5354897
262144,same_object,4,24,pinned,2,3,0,6059572,4550895
262144,same_object,4,24,pinned,2,3,1,6236476,5171790
262144,same_object,4,24,pinned,2,3,2,6323511,5258294
262144,same_object,4,24,pinned,2,3,3,6613329,5530730
262144,same_object,4,24,unsafe_unpinned_baseline,2,0,0,5546660,5002721
262144,same_object,4,24,unsafe_unpinned_baseline,2,0,1,5514580,4867995
262144,same_object,4,24,unsafe_unpinned_baseline,2,0,2,4900427,4592615
262144,same_object,4,24,unsafe_unpinned_baseline,2,0,3,4573388,4319918
262144,same_object,4,24,unsafe_unpinned_baseline,2,1,0,5509350,5124371
262144,same_object,4,24,unsafe_unpinned_baseline,2,1,1,5462151,4816779
262144,same_object,4,24,unsafe_unpinned_baseline,2,1,2,5128719,4786190
262144,same_object,4,24,unsafe_unpinned_baseline,2,1,3,4152641,3876719
262144,same_object,4,24,unsafe_unpinned_baseline,2,2,0,5473602,5147495
262144,same_object,4,24,unsafe_unpinned_baseline,2,2,1,5831409,5440690
262144,same_object,4,24,unsafe_unpinned_baseline,2,2,2,4959058,4714465
262144,same_object,4,24,unsafe_unpinned_baseline,2,2,3,4338703,4115821
262144,same_object,4,24,unsafe_unpinned_baseline,2,3,0,5392879,5064498
262144,same_object,4,24,unsafe_unpinned_baseline,2,3,1,6004868,5223338
262144,same_object,4,24,unsafe_unpinned_baseline,2,3,2,4883955,4644803
262144,same_object,4,24,unsafe_unpinned_baseline,2,3,3,4512743,4251759
262144,same_object,4,24,unsafe_unpinned_baseline,3,0,0,5465517,5121085
262144,same_object,4,24,unsafe_unpinned_baseline,3,0,1,5581846,5270767
262144,same_object,4,24,unsafe_unpinned_baseline,3,0,2,4397615,4123577
262144,same_object,4,24,unsafe_unpinned_baseline,3,0,3,5491506,5203430
262144,same_object,4,24,unsafe_unpinned_baseline,3,1,0,5709378,5366209
262144,same_object,4,24,unsafe_unpinned_baseline,3,1,1,4992251,4708083
262144,same_object,4,24,unsafe_unpinned_baseline,3,1,2,4912319,4657577
262144,same_object,4,24,unsafe_unpinned_baseline,3,1,3,5478280,5222066
262144,same_object,4,24,unsafe_unpinned_baseline,3,2,0,5733504,5089145
262144,same_object,4,24,unsafe_unpinned_baseline,3,2,1,4825445,4560954
262144,same_object,4,24,unsafe_unpinned_baseline,3,2,2,5000556,4733250
262144,same_object,4,24,unsafe_unpinned_baseline,3,2,3,5300544,5029692
262144,same_object,4,24,unsafe_unpinned_baseline,3,3,0,5603818,5267151
262144,same_object,4,24,unsafe_unpinned_baseline,3,3,1,4324667,4081186
262144,same_object,4,24,unsafe_unpinned_baseline,3,3,2,5077011,4792613
262144,same_object,4,24,unsafe_unpinned_baseline,3,3,3,5803396,5554194
262144,same_object,4,24,pinned,3,0,0,6596157,5203491
262144,same_object,4,24,pinned,3,0,1,6089979,4927658
262144,same_object,4,24,pinned,3,0,2,6342186,5214852
262144,same_object,4,24,pinned,3,0,3,5194914,4189331
262144,same_object,4,24,pinned,3,1,0,6848945,5568271
262144,same_object,4,24,pinned,3,1,1,5403790,4421450
262144,same_object,4,24,pinned,3,1,2,6169920,5051804
262144,same_object,4,24,pinned,3,1,3,5671116,4534945
262144,same_object,4,24,pinned,3,2,0,7016703,5666567
262144,same_object,4,24,pinned,3,2,1,5439177,4492094
262144,same_object,4,24,pinned,3,2,2,6592409,5376758
262144,same_object,4,24,pinned,3,2,3,5249958,4169723
262144,same_object,4,24,pinned,3,3,0,6885826,5661808
262144,same_object,4,24,pinned,3,3,1,5549676,4555724
262144,same_object,4,24,pinned,3,3,2,6791116,5776004
262144,same_object,4,24,pinned,3,3,3,4991068,3953414
262144,same_object,4,24,pinned,4,0,0,6047358,4722360
262144,same_object,4,24,pinned,4,0,1,5699861,4079423
262144,same_object,4,24,pinned,4,0,2,7714625,6254861
262144,same_object,4,24,pinned,4,0,3,6071154,4667406
262144,same_object,4,24,pinned,4,1,0,5921470,4781261
262144,same_object,4,24,pinned,4,1,1,5108481,4020020
262144,same_object,4,24,pinned,4,1,2,8113931,5957539
262144,same_object,4,24,pinned,4,1,3,6362144,5219120
262144,same_object,4,24,pinned,4,2,0,6277744,5133057
262144,same_object,4,24,pinned,4,2,1,5529467,3989793
262144,same_object,4,24,pinned,4,2,2,7477806,6102262
262144,same_object,4,24,pinned,4,2,3,6116549,4655663
262144,same_object,4,24,pinned,4,3,0,6721123,4634193
262144,same_object,4,24,pinned,4,3,1,5021066,3068399
262144,same_object,4,24,pinned,4,3,2,6762602,5473492
262144,same_object,4,24,pinned,4,3,3,6541463,5139480
262144,same_object,4,24,unsafe_unpinned_baseline,4,0,0,5983477,5574623
262144,same_object,4,24,unsafe_unpinned_baseline,4,0,1,4658970,4314418
262144,same_object,4,24,unsafe_unpinned_baseline,4,0,2,5073825,4818462
262144,same_object,4,24,unsafe_unpinned_baseline,4,0,3,5624698,5342344
262144,same_object,4,24,unsafe_unpinned_baseline,4,1,0,5969701,5568772
262144,same_object,4,24,unsafe_unpinned_baseline,4,1,1,4387677,4058212
262144,same_object,4,24,unsafe_unpinned_baseline,4,1,2,5236934,4972383
262144,same_object,4,24,unsafe_unpinned_baseline,4,1,3,5535489,5266641
262144,same_object,4,24,unsafe_unpinned_baseline,4,2,0,5977195,5665486
262144,same_object,4,24,unsafe_unpinned_baseline,4,2,1,4704315,4366657
262144,same_object,4,24,unsafe_unpinned_baseline,4,2,2,5517756,5240701
262144,same_object,4,24,unsafe_unpinned_baseline,4,2,3,5378742,5107158
262144,same_object,4,24,unsafe_unpinned_baseline,4,3,0,6091321,5748011
262144,same_object,4,24,unsafe_unpinned_baseline,4,3,1,4393528,4106393
262144,same_object,4,24,unsafe_unpinned_baseline,4,3,2,6139393,5871335
262144,same_object,4,24,unsafe_unpinned_baseline,4,3,3,5162704,4881631
262144,same_object,4,24,unsafe_unpinned_baseline,5,0,0,7895918,7585470
262144,same_object,4,24,unsafe_unpinned_baseline,5,0,1,4004621,3755930
262144,same_object,4,24,unsafe_unpinned_baseline,5,0,2,5592597,5302719
262144,same_object,4,24,unsafe_unpinned_baseline,5,0,3,7658538,7366064
262144,same_object,4,24,unsafe_unpinned_baseline,5,1,0,7600929,7290291
262144,same_object,4,24,unsafe_unpinned_baseline,5,1,1,4099501,3763825
262144,same_object,4,24,unsafe_unpinned_baseline,5,1,2,5899268,5585423
262144,same_object,4,24,unsafe_unpinned_baseline,5,1,3,7981380,7515146
262144,same_object,4,24,unsafe_unpinned_baseline,5,2,0,7646656,7342650
262144,same_object,4,24,unsafe_unpinned_baseline,5,2,1,4265805,3965447
262144,same_object,4,24,unsafe_unpinned_baseline,5,2,2,6144452,5812794
262144,same_object,4,24,unsafe_unpinned_baseline,5,2,3,7298858,6149732
262144,same_object,4,24,unsafe_unpinned_baseline,5,3,0,7669128,7380272
262144,same_object,4,24,unsafe_unpinned_baseline,5,3,1,3931813,3632727
262144,same_object,4,24,unsafe_unpinned_baseline,5,3,2,5119432,4845743
262144,same_object,4,24,unsafe_unpinned_baseline,5,3,3,8174295,7840833
262144,same_object,4,24,pinned,5,0,0,11836247,9358015
262144,same_object,4,24,pinned,5,0,1,6601868,4005233
262144,same_object,4,24,pinned,5,0,2,6728016,5393089
262144,same_object,4,24,pinned,5,0,3,7673086,6295878
262144,same_object,4,24,pinned,5,1,0,11928962,9558846
262144,same_object,4,24,pinned,5,1,1,6096591,4331290
262144,same_object,4,24,pinned,5,1,2,7412422,6144482
262144,same_object,4,24,pinned,5,1,3,8984949,7798473
262144,same_object,4,24,pinned,5,2,0,11259244,8297858
262144,same_object,4,24,pinned,5,2,1,7072399,4724423
262144,same_object,4,24,pinned,5,2,2,7031491,5761016
262144,same_object,4,24,pinned,5,2,3,8621481,7238763
262144,same_object,4,24,pinned,5,3,0,11361928,9124674
262144,same_object,4,24,pinned,5,3,1,7726206,5006247
262144,same_object,4,24,pinned,5,3,2,6737454,5262572
262144,same_object,4,24,pinned,5,3,3,8058125,6895163
262144,same_object,16,24,pinned,-2,0,0,26452888,23562144
262144,same_object,16,24,pinned,-2,0,1,22207480,20587393
262144,same_object,16,24,pinned,-2,0,2,16218683,13918048
262144,same_object,16,24,pinned,-2,0,3,14924303,12082012
262144,same_object,16,24,pinned,-2,1,0,23828018,20151198
262144,same_object,16,24,pinned,-2,1,1,21142133,18411514
262144,same_object,16,24,pinned,-2,1,2,18265748,16796426
262144,same_object,16,24,pinned,-2,1,3,13957983,12314763
262144,same_object,16,24,pinned,-2,2,0,24141582,22091320
262144,same_object,16,24,pinned,-2,2,1,20745132,17444845
262144,same_object,16,24,pinned,-2,2,2,18876224,16910142
262144,same_object,16,24,pinned,-2,2,3,16023955,12731442
262144,same_object,16,24,pinned,-2,3,0,24916969,21157052
262144,same_object,16,24,pinned,-2,3,1,20426068,18533194
262144,same_object,16,24,pinned,-2,3,2,18790592,16770628
262144,same_object,16,24,pinned,-2,3,3,13834700,11993735
262144,same_object,16,24,pinned,-2,4,0,24896601,21587477
262144,same_object,16,24,pinned,-2,4,1,20298497,18098813
262144,same_object,16,24,pinned,-2,4,2,17969357,16295389
262144,same_object,16,24,pinned,-2,4,3,14345588,12169839
262144,same_object,16,24,pinned,-2,5,0,25167604,21665905
262144,same_object,16,24,pinned,-2,5,1,20457858,18380876
262144,same_object,16,24,pinned,-2,5,2,19060112,17291855
262144,same_object,16,24,pinned,-2,5,3,15647772,13825923
262144,same_object,16,24,pinned,-2,6,0,23730954,20590810
262144,same_object,16,24,pinned,-2,6,1,17377106,14955111
262144,same_object,16,24,pinned,-2,6,2,18079055,16386641
262144,same_object,16,24,pinned,-2,6,3,6654648,5360668
262144,same_object,16,24,pinned,-2,7,0,23731496,21601893
262144,same_object,16,24,pinned,-2,7,1,21175026,18499301
262144,same_object,16,24,pinned,-2,7,2,18281358,16369749
262144,same_object,16,24,pinned,-2,7,3,13867742,11793045
262144,same_object,16,24,pinned,-2,8,0,26365522,23553198
262144,same_object,16,24,pinned,-2,8,1,23637558,21545387
262144,same_object,16,24,pinned,-2,8,2,14817420,12947280
262144,same_object,16,24,pinned,-2,8,3,15506054,13897218
262144,same_object,16,24,pinned,-2,9,0,25546521,22712987
262144,same_object,16,24,pinned,-2,9,1,22994611,20825695
262144,same_object,16,24,pinned,-2,9,2,16063860,13855620
262144,same_object,16,24,pinned,-2,9,3,15499171,12540600
262144,same_object,16,24,pinned,-2,10,0,26384659,23474469
262144,same_object,16,24,pinned,-2,10,1,22086652,20595568
262144,same_object,16,24,pinned,-2,10,2,16470860,13858556
262144,same_object,16,24,pinned,-2,10,3,15232487,13512430
262144,same_object,16,24,pinned,-2,11,0,25498821,22329231
262144,same_object,16,24,pinned,-2,11,1,23371144,21441010
262144,same_object,16,24,pinned,-2,11,2,15889510,13833467
262144,same_object,16,24,pinned,-2,11,3,14937918,12362824
262144,same_object,16,24,pinned,-2,12,0,26232019,23128313
262144,same_object,16,24,pinned,-2,12,1,22248789,20665050
262144,same_object,16,24,pinned,-2,12,2,15219772,14006355
262144,same_object,16,24,pinned,-2,12,3,13135536,11595902
262144,same_object,16,24,pinned,-2,13,0,23677714,20262338
262144,same_object,16,24,pinned,-2,13,1,18925788,16509063
262144,same_object,16,24,pinned,-2,13,2,18941908,16875286
262144,same_object,16,24,pinned,-2,13,3,12640099,11259855
262144,same_object,16,24,pinned,-2,14,0,26674006,23532348
262144,same_object,16,24,pinned,-2,14,1,23481703,21647851
262144,same_object,16,24,pinned,-2,14,2,14595450,12838574
262144,same_object,16,24,pinned,-2,14,3,15601354,12445129
262144,same_object,16,24,pinned,-2,15,0,24854742,21669712
262144,same_object,16,24,pinned,-2,15,1,23707420,21680202
262144,same_object,16,24,pinned,-2,15,2,15473302,13693603
262144,same_object,16,24,pinned,-2,15,3,13941693,12236705
262144,same_object,16,24,unsafe_unpinned_baseline,-2,0,0,18495814,17850242
262144,same_object,16,24,unsafe_unpinned_baseline,-2,0,1,15618898,15114684
262144,same_object,16,24,unsafe_unpinned_baseline,-2,0,2,15341092,14777265
262144,same_object,16,24,unsafe_unpinned_baseline,-2,0,3,16242057,15837852
262144,same_object,16,24,unsafe_unpinned_baseline,-2,1,0,17588186,16930991
262144,same_object,16,24,unsafe_unpinned_baseline,-2,1,1,17034107,16336256
262144,same_object,16,24,unsafe_unpinned_baseline,-2,1,2,15934405,15581878
262144,same_object,16,24,unsafe_unpinned_baseline,-2,1,3,16685948,16300909
262144,same_object,16,24,unsafe_unpinned_baseline,-2,2,0,18920147,16371232
262144,same_object,16,24,unsafe_unpinned_baseline,-2,2,1,18034992,17559231
262144,same_object,16,24,unsafe_unpinned_baseline,-2,2,2,13418532,12963822
262144,same_object,16,24,unsafe_unpinned_baseline,-2,2,3,16303133,15799901
262144,same_object,16,24,unsafe_unpinned_baseline,-2,3,0,19630152,19034604
262144,same_object,16,24,unsafe_unpinned_baseline,-2,3,1,17344764,16954466
262144,same_object,16,24,unsafe_unpinned_baseline,-2,3,2,13370481,13042991
262144,same_object,16,24,unsafe_unpinned_baseline,-2,3,3,16906656,16398894
262144,same_object,16,24,unsafe_unpinned_baseline,-2,4,0,19704612,19092083
262144,same_object,16,24,unsafe_unpinned_baseline,-2,4,1,25415834,25044080
262144,same_object,16,24,unsafe_unpinned_baseline,-2,4,2,10137691,9670377
262144,same_object,16,24,unsafe_unpinned_baseline,-2,4,3,11967846,11470574
262144,same_object,16,24,unsafe_unpinned_baseline,-2,5,0,18731350,18169666
262144,same_object,16,24,unsafe_unpinned_baseline,-2,5,1,15120354,14777495
262144,same_object,16,24,unsafe_unpinned_baseline,-2,5,2,15639276,14897862
262144,same_object,16,24,unsafe_unpinned_baseline,-2,5,3,15977276,15626292
262144,same_object,16,24,unsafe_unpinned_baseline,-2,6,0,17583517,16995113
262144,same_object,16,24,unsafe_unpinned_baseline,-2,6,1,16477924,15780263
262144,same_object,16,24,unsafe_unpinned_baseline,-2,6,2,16527548,16018475
262144,same_object,16,24,unsafe_unpinned_baseline,-2,6,3,16662603,16129865
262144,same_object,16,24,unsafe_unpinned_baseline,-2,7,0,19629600,18979850
262144,same_object,16,24,unsafe_unpinned_baseline,-2,7,1,22747002,22308061
262144,same_object,16,24,unsafe_unpinned_baseline,-2,7,2,9415805,8932810
262144,same_object,16,24,unsafe_unpinned_baseline,-2,7,3,14438253,14038476
262144,same_object,16,24,unsafe_unpinned_baseline,-2,8,0,17632349,16988972
262144,same_object,16,24,unsafe_unpinned_baseline,-2,8,1,19252656,18637602
262144,same_object,16,24,unsafe_unpinned_baseline,-2,8,2,13395890,13007394
262144,same_object,16,24,unsafe_unpinned_baseline,-2,8,3,16204125,15744976
262144,same_object,16,24,unsafe_unpinned_baseline,-2,9,0,19624972,17130990
262144,same_object,16,24,unsafe_unpinned_baseline,-2,9,1,17354674,16945509
262144,same_object,16,24,unsafe_unpinned_baseline,-2,9,2,18487668,18158094
262144,same_object,16,24,unsafe_unpinned_baseline,-2,9,3,11665995,11283200
262144,same_object,16,24,unsafe_unpinned_baseline,-2,10,0,19613530,19036307
262144,same_object,16,24,unsafe_unpinned_baseline,-2,10,1,25987816,25523568
262144,same_object,16,24,unsafe_unpinned_baseline,-2,10,2,7976390,7590619
262144,same_object,16,24,unsafe_unpinned_baseline,-2,10,3,13426547,12920740
262144,same_object,16,24,unsafe_unpinned_baseline,-2,11,0,18361840,17870751
262144,same_object,16,24,unsafe_unpinned_baseline,-2,11,1,18492889,18161220
262144,same_object,16,24,unsafe_unpinned_baseline,-2,11,2,13504064,13177906
262144,same_object,16,24,unsafe_unpinned_baseline,-2,11,3,16244543,15796123
262144,same_object,16,24,unsafe_unpinned_baseline,-2,12,0,18475515,17875690
262144,same_object,16,24,unsafe_unpinned_baseline,-2,12,1,17268992,16763124
262144,same_object,16,24,unsafe_unpinned_baseline,-2,12,2,16075302,15654906
262144,same_object,16,24,unsafe_unpinned_baseline,-2,12,3,14602964,14265275
262144,same_object,16,24,unsafe_unpinned_baseline,-2,13,0,19388504,18865855
262144,same_object,16,24,unsafe_unpinned_baseline,-2,13,1,17484329,17018517
262144,same_object,16,24,unsafe_unpinned_baseline,-2,13,2,13369049,13065534
262144,same_object,16,24,unsafe_unpinned_baseline,-2,13,3,16362014,15932742
262144,same_object,16,24,unsafe_unpinned_baseline,-2,14,0,17600529,17058333
262144,same_object,16,24,unsafe_unpinned_baseline,-2,14,1,17072429,16422840
262144,same_object,16,24,unsafe_unpinned_baseline,-2,14,2,15401396,14979938
262144,same_object,16,24,unsafe_unpinned_baseline,-2,14,3,16376131,15765425
262144,same_object,16,24,unsafe_unpinned_baseline,-2,15,0,17580602,17053403
262144,same_object,16,24,unsafe_unpinned_baseline,-2,15,1,16499254,15834997
262144,same_object,16,24,unsafe_unpinned_baseline,-2,15,2,15294273,14865081
262144,same_object,16,24,unsafe_unpinned_baseline,-2,15,3,17252510,16816635
262144,same_object,16,24,unsafe_unpinned_baseline,-1,0,0,14599338,14022025
262144,same_object,16,24,unsafe_unpinned_baseline,-1,0,1,15490093,14969558
262144,same_object,16,24,unsafe_unpinned_baseline,-1,0,2,13964706,13508983
262144,same_object,16,24,unsafe_unpinned_baseline,-1,0,3,9988750,9365419
262144,same_object,16,24,unsafe_unpinned_baseline,-1,1,0,22313542,21778418
262144,same_object,16,24,unsafe_unpinned_baseline,-1,1,1,8463702,8044709
262144,same_object,16,24,unsafe_unpinned_baseline,-1,1,2,19751551,19340363
262144,same_object,16,24,unsafe_unpinned_baseline,-1,1,3,6655589,6013013
262144,same_object,16,24,unsafe_unpinned_baseline,-1,2,0,15398190,14680812
262144,same_object,16,24,unsafe_unpinned_baseline,-1,2,1,14649262,14235469
262144,same_object,16,24,unsafe_unpinned_baseline,-1,2,2,15784622,15451120
262144,same_object,16,24,unsafe_unpinned_baseline,-1,2,3,8760434,8465245
262144,same_object,16,24,unsafe_unpinned_baseline,-1,3,0,14550896,14020963
262144,same_object,16,24,unsafe_unpinned_baseline,-1,3,1,12524841,12159479
262144,same_object,16,24,unsafe_unpinned_baseline,-1,3,2,11455105,10931284
262144,same_object,16,24,unsafe_unpinned_baseline,-1,3,3,12678180,12379024
262144,same_object,16,24,unsafe_unpinned_baseline,-1,4,0,17803323,17266527
262144,same_object,16,24,unsafe_unpinned_baseline,-1,4,1,12024623,11743752
262144,same_object,16,24,unsafe_unpinned_baseline,-1,4,2,14853148,14459854
262144,same_object,16,24,unsafe_unpinned_baseline,-1,4,3,8683178,8245098
262144,same_object,16,24,unsafe_unpinned_baseline,-1,5,0,23150094,22623658
262144,same_object,16,24,unsafe_unpinned_baseline,-1,5,1,13466163,13094339
262144,same_object,16,24,unsafe_unpinned_baseline,-1,5,2,14816469,14416832
262144,same_object,16,24,unsafe_unpinned_baseline,-1,5,3,6065342,5704730
262144,same_object,16,24,unsafe_unpinned_baseline,-1,6,0,15339659,14715718
262144,same_object,16,24,unsafe_unpinned_baseline,-1,6,1,14705649,14369843
262144,same_object,16,24,unsafe_unpinned_baseline,-1,6,2,20382025,19903459
262144,same_object,16,24,unsafe_unpinned_baseline,-1,6,3,6929358,6431325
262144,same_object,16,24,unsafe_unpinned_baseline,-1,7,0,17812370,17241018
262144,same_object,16,24,unsafe_unpinned_baseline,-1,7,1,12083745,11701531
262144,same_object,16,24,unsafe_unpinned_baseline,-1,7,2,20560363,20155856
262144,same_object,16,24,unsafe_unpinned_baseline,-1,7,3,6609322,5942720
262144,same_object,16,24,unsafe_unpinned_baseline,-1,8,0,17747507,17284962
262144,same_object,16,24,unsafe_unpinned_baseline,-1,8,1,11646888,11361578
262144,same_object,16,24,unsafe_unpinned_baseline,-1,8,2,11563751,11192658
262144,same_object,16,24,unsafe_unpinned_baseline,-1,8,3,10911516,10618391
262144,same_object,16,24,unsafe_unpinned_baseline,-1,9,0,23149334,22653926
262144,same_object,16,24,unsafe_unpinned_baseline,-1,9,1,13346987,12913205
262144,same_object,16,24,unsafe_unpinned_baseline,-1,9,2,14921387,14547550
262144,same_object,16,24,unsafe_unpinned_baseline,-1,9,3,6307871,5863700
262144,same_object,16,24,unsafe_unpinned_baseline,-1,10,0,23098748,22513399
262144,same_object,16,24,unsafe_unpinned_baseline,-1,10,1,13420486,12971836
262144,same_object,16,24,unsafe_unpinned_baseline,-1,10,2,14811139,14419126
262144,same_object,16,24,unsafe_unpinned_baseline,-1,10,3,6356854,6000329
262144,same_object,16,24,unsafe_unpinned_baseline,-1,11,0,14525067,13940570
262144,same_object,16,24,unsafe_unpinned_baseline,-1,11,1,12584393,12066503
262144,same_object,16,24,unsafe_unpinned_baseline,-1,11,2,11241421,10802640
262144,same_object,16,24,unsafe_unpinned_baseline,-1,11,3,12735920,12395475
262144,same_object,16,24,unsafe_unpinned_baseline,-1,12,0,14603456,13995435
262144,same_object,16,24,unsafe_unpinned_baseline,-1,12,1,15826661,15353936
262144,same_object,16,24,unsafe_unpinned_baseline,-1,12,2,20046539,19607308
262144,same_object,16,24,unsafe_unpinned_baseline,-1,12,3,7230047,6575999
262144,same_object,16,24,unsafe_unpinned_baseline,-1,13,0,17079303,16593693
262144,same_object,16,24,unsafe_unpinned_baseline,-1,13,1,12717816,12360189
262144,same_object,16,24,unsafe_unpinned_baseline,-1,13,2,14992612,14663379
262144,same_object,16,24,unsafe_unpinned_baseline,-1,13,3,9648235,9352845
262144,same_object,16,24,unsafe_unpinned_baseline,-1,14,0,17780339,16911124
262144,same_object,16,24,unsafe_unpinned_baseline,-1,14,1,11537832,11117806
262144,same_object,16,24,unsafe_unpinned_baseline,-1,14,2,11112477,10743588
262144,same_object,16,24,unsafe_unpinned_baseline,-1,14,3,11444966,11037685
262144,same_object,16,24,unsafe_unpinned_baseline,-1,15,0,14501182,14001446
262144,same_object,16,24,unsafe_unpinned_baseline,-1,15,1,10664859,10343832
262144,same_object,16,24,unsafe_unpinned_baseline,-1,15,2,11230240,10659610
262144,same_object,16,24,unsafe_unpinned_baseline,-1,15,3,14892302,14470975
262144,same_object,16,24,pinned,-1,0,0,18536601,15936689
262144,same_object,16,24,pinned,-1,0,1,14589369,12947440
262144,same_object,16,24,pinned,-1,0,2,21974159,20573908
262144,same_object,16,24,pinned,-1,0,3,13783263,12347425
262144,same_object,16,24,pinned,-1,1,0,18328758,15954723
262144,same_object,16,24,pinned,-1,1,1,14101665,12432736
262144,same_object,16,24,pinned,-1,1,2,17152120,15209322
262144,same_object,16,24,pinned,-1,1,3,18916771,16744869
262144,same_object,16,24,pinned,-1,2,0,16873172,14548351
262144,same_object,16,24,pinned,-1,2,1,14533964,12589743
262144,same_object,16,24,pinned,-1,2,2,16524752,14493407
262144,same_object,16,24,pinned,-1,2,3,20237451,17754070
262144,same_object,16,24,pinned,-1,3,0,16210798,13385360
262144,same_object,16,24,pinned,-1,3,1,14727741,12641541
262144,same_object,16,24,pinned,-1,3,2,17032724,15131074
262144,same_object,16,24,pinned,-1,3,3,18799178,16392843
262144,same_object,16,24,pinned,-1,4,0,17405169,14264705
262144,same_object,16,24,pinned,-1,4,1,14253924,12349388
262144,same_object,16,24,pinned,-1,4,2,18462821,16038252
262144,same_object,16,24,pinned,-1,4,3,18285876,16471271
262144,same_object,16,24,pinned,-1,5,0,17104751,14459082
262144,same_object,16,24,pinned,-1,5,1,13640373,11830105
262144,same_object,16,24,pinned,-1,5,2,17198618,15767909
262144,same_object,16,24,pinned,-1,5,3,16946241,15234921
262144,same_object,16,24,pinned,-1,6,0,18201357,15906021
262144,same_object,16,24,pinned,-1,6,1,14412694,12957409
262144,same_object,16,24,pinned,-1,6,2,16875847,15243578
262144,same_object,16,24,pinned,-1,6,3,18666607,16986788
262144,same_object,16,24,pinned,-1,7,0,17988263,15606985
262144,same_object,16,24,pinned,-1,7,1,13772963,12056514
262144,same_object,16,24,pinned,-1,7,2,17751575,15658192
262144,same_object,16,24,pinned,-1,7,3,19305627,17883415
262144,same_object,16,24,pinned,-1,8,0,16471251,13539091
262144,same_object,16,24,pinned,-1,8,1,16028773,13935872
262144,same_object,16,24,pinned,-1,8,2,20920474,18688188
262144,same_object,16,24,pinned,-1,8,3,14875911,12960435
262144,same_object,16,24,pinned,-1,9,0,18105726,15540770
262144,same_object,16,24,pinned,-1,9,1,14864699,13434623
262144,same_object,16,24,pinned,-1,9,2,20105782,18521593
262144,same_object,16,24,pinned,-1,9,3,14355907,12417176
262144,same_object,16,24,pinned,-1,10,0,16362055,13530354
262144,same_object,16,24,pinned,-1,10,1,14422553,12055943
262144,same_object,16,24,pinned,-1,10,2,16973402,15477540
262144,same_object,16,24,pinned,-1,10,3,17557267,15809719
262144,same_object,16,24,pinned,-1,11,0,16828628,14397986
262144,same_object,16,24,pinned,-1,11,1,14806861,12785073
262144,same_object,16,24,pinned,-1,11,2,20727729,18632392
262144,same_object,16,24,pinned,-1,11,3,15754435,13639531
262144,same_object,16,24,pinned,-1,12,0,16019275,13550533
262144,same_object,16,24,pinned,-1,12,1,14824584,12970985
262144,same_object,16,24,pinned,-1,12,2,17369432,15544767
262144,same_object,16,24,pinned,-1,12,3,18488390,16407851
262144,same_object,16,24,pinned,-1,13,0,16419283,13551454
262144,same_object,16,24,pinned,-1,13,1,14419748,12484654
262144,same_object,16,24,pinned,-1,13,2,17013598,15517927
262144,same_object,16,24,pinned,-1,13,3,17528132,16068359
262144,same_object,16,24,pinned,-1,14,0,17882773,15425752
262144,same_object,16,24,pinned,-1,14,1,14707732,12942642
262144,same_object,16,24,pinned,-1,14,2,20588836,18682608
262144,same_object,16,24,pinned,-1,14,3,15087272,13191152
262144,same_object,16,24,pinned,-1,15,0,18296186,15897475
262144,same_object,16,24,pinned,-1,15,1,14053865,12484605
262144,same_object,16,24,pinned,-1,15,2,17126091,15353455
262144,same_object,16,24,pinned,-1,15,3,18661828,16383565
262144,same_object,16,24,pinned,0,0,0,18141293,15728274
262144,same_object,16,24,pinned,0,0,1,17492224,15834697
262144,same_object,16,24,pinned,0,0,2,18036655,16391660
262144,same_object,16,24,pinned,0,0,3,17636617,16186662
262144,same_object,16,24,pinned,0,1,0,17269793,14976001
262144,same_object,16,24,pinned,0,1,1,18198762,16539931
262144,same_object,16,24,pinned,0,1,2,17538702,16146055
262144,same_object,16,24,pinned,0,1,3,17237552,15679653
262144,same_object,16,24,pinned,0,2,0,15738093,13991286
262144,same_object,16,24,pinned,0,2,1,17790539,16010809
262144,same_object,16,24,pinned,0,2,2,17541758,15785023
262144,same_object,16,24,pinned,0,2,3,17414707,15672770
262144,same_object,16,24,pinned,0,3,0,15682528,13878263
262144,same_object,16,24,pinned,0,3,1,17827478,16119635
262144,same_object,16,24,pinned,0,3,2,17542449,15801223
262144,same_object,16,24,pinned,0,3,3,17559150,15894389
262144,same_object,16,24,pinned,0,4,0,15699170,13950740
262144,same_object,16,24,pinned,0,4,1,18929404,17466616
262144,same_object,16,24,pinned,0,4,2,17590119,15780814
262144,same_object,16,24,pinned,0,4,3,17717581,16432288
262144,same_object,16,24,pinned,0,5,0,17152140,15522395
262144,same_object,16,24,pinned,0,5,1,17222283,15767880
262144,same_object,16,24,pinned,0,5,2,17006866,15265779
262144,same_object,16,24,pinned,0,5,3,17295862,15903837
262144,same_object,16,24,pinned,0,6,0,15717634,13895605
262144,same_object,16,24,pinned,0,6,1,18952769,17235588
262144,same_object,16,24,pinned,0,6,2,17536888,15893157
262144,same_object,16,24,pinned,0,6,3,19565369,17461075
262144,same_object,16,24,pinned,0,7,0,18145261,15758252
262144,same_object,16,24,pinned,0,7,1,17433633,15853763
262144,same_object,16,24,pinned,0,7,2,16657103,15026746
262144,same_object,16,24,pinned,0,7,3,19049112,17480491
262144,same_object,16,24,pinned,0,8,0,18060079,15704159
262144,same_object,16,24,pinned,0,8,1,17531869,15903547
262144,same_object,16,24,pinned,0,8,2,19064871,17426490
262144,same_object,16,24,pinned,0,8,3,17984386,16170653
262144,same_object,16,24,pinned,0,9,0,17032123,15484263
262144,same_object,16,24,pinned,0,9,1,17197256,15869221
262144,same_object,16,24,pinned,0,9,2,17090935,15327626
262144,same_object,16,24,pinned,0,9,3,18842690,17457308
262144,same_object,16,24,pinned,0,10,0,15576527,13956461
262144,same_object,16,24,pinned,0,10,1,17923481,16213153
262144,same_object,16,24,pinned,0,10,2,17817310,15717034
262144,same_object,16,24,pinned,0,10,3,17366125,16005770
262144,same_object,16,24,pinned,0,11,0,17052993,14913221
262144,same_object,16,24,pinned,0,11,1,17342742,15678290
262144,same_object,16,24,pinned,0,11,2,17856263,16233691
262144,same_object,16,24,pinned,0,11,3,18345540,16376332
262144,same_object,16,24,pinned,0,12,0,17991008,15734857
262144,same_object,16,24,pinned,0,12,1,17536898,15870083
262144,same_object,16,24,pinned,0,12,2,18743944,17128665
262144,same_object,16,24,pinned,0,12,3,17665382,16557835
262144,same_object,16,24,pinned,0,13,0,17145858,14872585
262144,same_object,16,24,pinned,0,13,1,17271947,15701865
262144,same_object,16,24,pinned,0,13,2,17821817,16217762
262144,same_object,16,24,pinned,0,13,3,17883735,16517289
262144,same_object,16,24,pinned,0,14,0,18009654,15720359
262144,same_object,16,24,pinned,0,14,1,17523633,15870995
262144,same_object,16,24,pinned,0,14,2,18735398,16930510
262144,same_object,16,24,pinned,0,14,3,16924559,15825499
262144,same_object,16,24,pinned,0,15,0,16538789,14677025
262144,same_object,16,24,pinned,0,15,1,17680400,15958030
262144,same_object,16,24,pinned,0,15,2,17943038,16327980
262144,same_object,16,24,pinned,0,15,3,18988346,17476714
262144,same_object,16,24,unsafe_unpinned_baseline,0,0,0,12777298,12231055
262144,same_object,16,24,unsafe_unpinned_baseline,0,0,1,14001917,13631124
262144,same_object,16,24,unsafe_unpinned_baseline,0,0,2,13014617,12440150
262144,same_object,16,24,unsafe_unpinned_baseline,0,0,3,18712504,18295475
262144,same_object,16,24,unsafe_unpinned_baseline,0,1,0,18757789,18105826
262144,same_object,16,24,unsafe_unpinned_baseline,0,1,1,9274998,8757429
262144,same_object,16,24,unsafe_unpinned_baseline,0,1,2,12782338,12385306
262144,same_object,16,24,unsafe_unpinned_baseline,0,1,3,19100558,18693308
262144,same_object,16,24,unsafe_unpinned_baseline,0,2,0,18198641,17808903
262144,same_object,16,24,unsafe_unpinned_baseline,0,2,1,9905903,9509833
262144,same_object,16,24,unsafe_unpinned_baseline,0,2,2,15818846,15519921
262144,same_object,16,24,unsafe_unpinned_baseline,0,2,3,16604944,16270020
262144,same_object,16,24,unsafe_unpinned_baseline,0,3,0,14205222,13839479
262144,same_object,16,24,unsafe_unpinned_baseline,0,3,1,17060978,16518330
262144,same_object,16,24,unsafe_unpinned_baseline,0,3,2,10207263,9599061
262144,same_object,16,24,unsafe_unpinned_baseline,0,3,3,21047294,20643720
262144,same_object,16,24,unsafe_unpinned_baseline,0,4,0,13665179,13161165
262144,same_object,16,24,unsafe_unpinned_baseline,0,4,1,13881248,13466473
262144,same_object,16,24,unsafe_unpinned_baseline,0,4,2,12963821,12533417
262144,same_object,16,24,unsafe_unpinned_baseline,0,4,3,19025396,18477720
262144,same_object,16,24,unsafe_unpinned_baseline,0,5,0,12812194,12322086
262144,same_object,16,24,unsafe_unpinned_baseline,0,5,1,14544373,14178340
262144,same_object,16,24,unsafe_unpinned_baseline,0,5,2,13205059,12737553
262144,same_object,16,24,unsafe_unpinned_baseline,0,5,3,19280079,18820369
262144,same_object,16,24,unsafe_unpinned_baseline,0,6,0,14466045,13975797
262144,same_object,16,24,unsafe_unpinned_baseline,0,6,1,16847674,16461203
262144,same_object,16,24,unsafe_unpinned_baseline,0,6,2,10196443,9589855
262144,same_object,16,24,unsafe_unpinned_baseline,0,6,3,19197513,18770214
262144,same_object,16,24,unsafe_unpinned_baseline,0,7,0,14439435,14054316
262144,same_object,16,24,unsafe_unpinned_baseline,0,7,1,13129095,12846660
262144,same_object,16,24,unsafe_unpinned_baseline,0,7,2,16238992,15903978
262144,same_object,16,24,unsafe_unpinned_baseline,0,7,3,16864897,16522067
262144,same_object,16,24,unsafe_unpinned_baseline,0,8,0,13729310,13350564
262144,same_object,16,24,unsafe_unpinned_baseline,0,8,1,13598603,13302332
262144,same_object,16,24,unsafe_unpinned_baseline,0,8,2,13412120,13044875
262144,same_object,16,24,unsafe_unpinned_baseline,0,8,3,18933673,18544487
262144,same_object,16,24,unsafe_unpinned_baseline,0,9,0,14322674,13993190
262144,same_object,16,24,unsafe_unpinned_baseline,0,9,1,13207263,12860796
262144,same_object,16,24,unsafe_unpinned_baseline,0,9,2,22455821,22067525
262144,same_object,16,24,unsafe_unpinned_baseline,0,9,3,12373073,10734080
262144,same_object,16,24,unsafe_unpinned_baseline,0,10,0,13376924,13025318
262144,same_object,16,24,unsafe_unpinned_baseline,0,10,1,13991206,13161686
262144,same_object,16,24,unsafe_unpinned_baseline,0,10,2,16418231,15958581
262144,same_object,16,24,unsafe_unpinned_baseline,0,10,3,16797228,16442657
262144,same_object,16,24,unsafe_unpinned_baseline,0,11,0,13424513,13085312
262144,same_object,16,24,unsafe_unpinned_baseline,0,11,1,14082649,13571111
262144,same_object,16,24,unsafe_unpinned_baseline,0,11,2,13062529,12663753
262144,same_object,16,24,unsafe_unpinned_baseline,0,11,3,19317570,18841488
262144,same_object,16,24,unsafe_unpinned_baseline,0,12,0,13679035,13308584
262144,same_object,16,24,unsafe_unpinned_baseline,0,12,1,13856020,13528200
262144,same_object,16,24,unsafe_unpinned_baseline,0,12,2,12954845,12563013
262144,same_object,16,24,unsafe_unpinned_baseline,0,12,3,20229065,19700354
262144,same_object,16,24,unsafe_unpinned_baseline,0,13,0,17326039,16978982
262144,same_object,16,24,unsafe_unpinned_baseline,0,13,1,10684206,10211712
262144,same_object,16,24,unsafe_unpinned_baseline,0,13,2,15856527,15478872
262144,same_object,16,24,unsafe_unpinned_baseline,0,13,3,16460792,16100770
262144,same_object,16,24,unsafe_unpinned_baseline,0,14,0,18193441,17832879
262144,same_object,16,24,unsafe_unpinned_baseline,0,14,1,9778852,9229182
262144,same_object,16,24,unsafe_unpinned_baseline,0,14,2,23050396,22634729
262144,same_object,16,24,unsafe_unpinned_baseline,0,14,3,11309440,9777880
262144,same_object,16,24,unsafe_unpinned_baseline,0,15,0,14201264,13875427
262144,same_object,16,24,unsafe_unpinned_baseline,0,15,1,13184900,12880464
262144,same_object,16,24,unsafe_unpinned_baseline,0,15,2,24225581,23758727
262144,same_object,16,24,unsafe_unpinned_baseline,0,15,3,10732147,9214414
262144,same_object,16,24,unsafe_unpinned_baseline,1,0,0,34151101,33313164
262144,same_object,16,24,unsafe_unpinned_baseline,1,0,1,11130210,10746985
262144,same_object,16,24,unsafe_unpinned_baseline,1,0,2,17800958,17463119
262144,same_object,16,24,unsafe_unpinned_baseline,1,0,3,17060937,16777941
262144,same_object,16,24,unsafe_unpinned_baseline,1,1,0,34275316,33451226
262144,same_object,16,24,unsafe_unpinned_baseline,1,1,1,10214747,9848805
262144,same_object,16,24,unsafe_unpinned_baseline,1,1,2,18359937,18012038
262144,same_object,16,24,unsafe_unpinned_baseline,1,1,3,17474189,17114699
262144,same_object,16,24,unsafe_unpinned_baseline,1,2,0,26945600,26090210
262144,same_object,16,24,unsafe_unpinned_baseline,1,2,1,16503242,16063570
262144,same_object,16,24,unsafe_unpinned_baseline,1,2,2,20634783,20253923
262144,same_object,16,24,unsafe_unpinned_baseline,1,2,3,17427291,17150807
262144,same_object,16,24,unsafe_unpinned_baseline,1,3,0,25688640,24736257
262144,same_object,16,24,unsafe_unpinned_baseline,1,3,1,17623121,17248162
262144,same_object,16,24,unsafe_unpinned_baseline,1,3,2,20142110,19672151
262144,same_object,16,24,unsafe_unpinned_baseline,1,3,3,16666931,16389547
262144,same_object,16,24,unsafe_unpinned_baseline,1,4,0,34161360,33145487
262144,same_object,16,24,unsafe_unpinned_baseline,1,4,1,11006035,10651424
262144,same_object,16,24,unsafe_unpinned_baseline,1,4,2,17930544,17583066
262144,same_object,16,24,unsafe_unpinned_baseline,1,4,3,16983672,16670308
262144,same_object,16,24,unsafe_unpinned_baseline,1,5,0,21541680,20628491
262144,same_object,16,24,unsafe_unpinned_baseline,1,5,1,20448560,19302832
262144,same_object,16,24,unsafe_unpinned_baseline,1,5,2,22013744,21483510
262144,same_object,16,24,unsafe_unpinned_baseline,1,5,3,17457207,17167299
262144,same_object,16,24,unsafe_unpinned_baseline,1,6,0,23528210,22788130
262144,same_object,16,24,unsafe_unpinned_baseline,1,6,1,20055396,19631414
262144,same_object,16,24,unsafe_unpinned_baseline,1,6,2,25681987,25294394
262144,same_object,16,24,unsafe_unpinned_baseline,1,6,3,12409903,12129693
262144,same_object,16,24,unsafe_unpinned_baseline,1,7,0,26960418,26228523
262144,same_object,16,24,unsafe_unpinned_baseline,1,7,1,16426456,15979651
262144,same_object,16,24,unsafe_unpinned_baseline,1,7,2,20631206,20208046
262144,same_object,16,24,unsafe_unpinned_baseline,1,7,3,17632940,17321611
262144,same_object,16,24,unsafe_unpinned_baseline,1,8,0,26742265,25756078
262144,same_object,16,24,unsafe_unpinned_baseline,1,8,1,16663646,16189237
262144,same_object,16,24,unsafe_unpinned_baseline,1,8,2,24534706,24132094
262144,same_object,16,24,unsafe_unpinned_baseline,1,8,3,13662343,13422369
262144,same_object,16,24,unsafe_unpinned_baseline,1,9,0,24132184,23448410
262144,same_object,16,24,unsafe_unpinned_baseline,1,9,1,27383469,27010392
262144,same_object,16,24,unsafe_unpinned_baseline,1,9,2,15257213,14926206
262144,same_object,16,24,unsafe_unpinned_baseline,1,9,3,14292677,14025421
262144,same_object,16,24,unsafe_unpinned_baseline,1,10,0,23379719,22689393
262144,same_object,16,24,unsafe_unpinned_baseline,1,10,1,18930266,18422355
262144,same_object,16,24,unsafe_unpinned_baseline,1,10,2,21734224,21345058
262144,same_object,16,24,unsafe_unpinned_baseline,1,10,3,17530196,17222053
262144,same_object,16,24,unsafe_unpinned_baseline,1,11,0,32975084,32146395
262144,same_object,16,24,unsafe_unpinned_baseline,1,11,1,12262865,11837429
262144,same_object,16,24,unsafe_unpinned_baseline,1,11,2,17654822,17340276
262144,same_object,16,24,unsafe_unpinned_baseline,1,11,3,17306682,17024688
262144,same_object,16,24,unsafe_unpinned_baseline,1,12,0,23365583,22561360
262144,same_object,16,24,unsafe_unpinned_baseline,1,12,1,18533856,18003412
262144,same_object,16,24,unsafe_unpinned_baseline,1,12,2,19994751,19401548
262144,same_object,16,24,unsafe_unpinned_baseline,1,12,3,19124775,18781314
262144,same_object,16,24,unsafe_unpinned_baseline,1,13,0,33534092,32705514
262144,same_object,16,24,unsafe_unpinned_baseline,1,13,1,11676233,11064636
262144,same_object,16,24,unsafe_unpinned_baseline,1,13,2,17786341,17471154
262144,same_object,16,24,unsafe_unpinned_baseline,1,13,3,17040940,16789744
262144,same_object,16,24,unsafe_unpinned_baseline,1,14,0,23422872,22597398
262144,same_object,16,24,unsafe_unpinned_baseline,1,14,1,18878358,18422785
262144,same_object,16,24,unsafe_unpinned_baseline,1,14,2,19296369,18882917
262144,same_object,16,24,unsafe_unpinned_baseline,1,14,3,17188249,16740100
262144,same_object,16,24,unsafe_unpinned_baseline,1,15,0,24114932,23314065
262144,same_object,16,24,unsafe_unpinned_baseline,1,15,1,27556796,27182819
262144,same_object,16,24,unsafe_unpinned_baseline,1,15,2,14631369,14253643
262144,same_object,16,24,unsafe_unpinned_baseline,1,15,3,14703344,14459473
262144,same_object,16,24,pinned,1,0,0,20062049,18105515
262144,same_object,16,24,pinned,1,0,1,19224493,17306502
262144,same_object,16,24,pinned,1,0,2,18668490,17459652
262144,same_object,16,24,pinned,1,0,3,17899946,16826354
262144,same_object,16,24,pinned,1,1,0,22490796,20121902
262144,same_object,16,24,pinned,1,1,1,25567311,24194081
262144,same_object,16,24,pinned,1,1,2,17905647,16491950
262144,same_object,16,24,pinned,1,1,3,15886154,14574902
262144,same_object,16,24,pinned,1,2,0,22486018,20186685
262144,same_object,16,24,pinned,1,2,1,26258940,24783116
262144,same_object,16,24,pinned,1,2,2,16170462,15071411
262144,same_object,16,24,pinned,1,2,3,17265956,15790673
262144,same_object,16,24,pinned,1,3,0,21936186,19390919
262144,same_object,16,24,pinned,1,3,1,20138073,18582157
262144,same_object,16,24,pinned,1,3,2,22423760,21059286
262144,same_object,16,24,pinned,1,3,3,17413155,16142730
262144,same_object,16,24,pinned,1,4,0,18713836,16795244
262144,same_object,16,24,pinned,1,4,1,18670695,17565724
262144,same_object,16,24,pinned,1,4,2,14103318,13009559
262144,same_object,16,24,pinned,1,4,3,15912754,15011939
262144,same_object,16,24,pinned,1,5,0,21971514,20117864
262144,same_object,16,24,pinned,1,5,1,19459508,18254256
262144,same_object,16,24,pinned,1,5,2,24681064,23394097
262144,same_object,16,24,pinned,1,5,3,16187414,15071792
262144,same_object,16,24,pinned,1,6,0,18823955,16709131
262144,same_object,16,24,pinned,1,6,1,21101577,19699152
262144,same_object,16,24,pinned,1,6,2,21514869,20322953
262144,same_object,16,24,pinned,1,6,3,18694790,17744932
262144,same_object,16,24,pinned,1,7,0,21990149,19987648
262144,same_object,16,24,pinned,1,7,1,19911674,18621582
262144,same_object,16,24,pinned,1,7,2,21966525,19612167
262144,same_object,16,24,pinned,1,7,3,17682014,16441155
262144,same_object,16,24,pinned,1,8,0,22384595,20174251
262144,same_object,16,24,pinned,1,8,1,26210658,24525128
262144,same_object,16,24,pinned,1,8,2,17426180,16228261
262144,same_object,16,24,pinned,1,8,3,16986186,15610822
262144,same_object,16,24,pinned,1,9,0,22410454,20220478
262144,same_object,16,24,pinned,1,9,1,26352397,24612764
262144,same_object,16,24,pinned,1,9,2,22493011,20989875
262144,same_object,16,24,pinned,1,9,3,11586283,10076696
262144,same_object,16,24,pinned,1,10,0,22654096,20203186
262144,same_object,16,24,pinned,1,10,1,26113344,24547771
262144,same_object,16,24,pinned,1,10,2,15981704,14888946
262144,same_object,16,24,pinned,1,10,3,17063192,15845397
262144,same_object,16,24,pinned,1,11,0,18700863,16864696
262144,same_object,16,24,pinned,1,11,1,21164646,19843846
262144,same_object,16,24,pinned,1,11,2,21513306,20316751
262144,same_object,16,24,pinned,1,11,3,20540695,19279228
262144,same_object,16,24,pinned,1,12,0,20504396,18283793
262144,same_object,16,24,pinned,1,12,1,19211929,17937818
262144,same_object,16,24,pinned,1,12,2,20902269,19234973
262144,same_object,16,24,pinned,1,12,3,18151201,17061869
262144,same_object,16,24,pinned,1,13,0,22265200,20158982
262144,same_object,16,24,pinned,1,13,1,20745403,19464818
262144,same_object,16,24,pinned,1,13,2,23069753,21588108
262144,same_object,16,24,pinned,1,13,3,17277467,15770956
262144,same_object,16,24,pinned,1,14,0,18724517,16721074
262144,same_object,16,24,pinned,1,14,1,21230370,19303784
262144,same_object,16,24,pinned,1,14,2,24126553,22949114
262144,same_object,16,24,pinned,1,14,3,17324647,16172356
262144,same_object,16,24,pinned,1,15,0,22457514,20163131
262144,same_object,16,24,pinned,1,15,1,26116912,24665554
262144,same_object,16,24,pinned,1,15,2,17152882,16138472
262144,same_object,16,24,pinned,1,15,3,16047720,14662918
262144,same_object,16,24,pinned,2,0,0,21353914,19395247
262144,same_object,16,24,pinned,2,0,1,17541437,16091382
262144,same_object,16,24,pinned,2,0,2,17505620,16165102
262144,same_object,16,24,pinned,2,0,3,16827165,15007179
262144,same_object,16,24,pinned,2,1,0,21494261,19247967
262144,same_object,16,24,pinned,2,1,1,23087126,21204442
262144,same_object,16,24,pinned,2,1,2,13160895,11097850
262144,same_object,16,24,pinned,2,1,3,17275363,15555788
262144,same_object,16,24,pinned,2,2,0,18628274,17249876
262144,same_object,16,24,pinned,2,2,1,20437439,18629757
262144,same_object,16,24,pinned,2,2,2,17800958,15681366
262144,same_object,16,24,pinned,2,2,3,18124511,16159371
262144,same_object,16,24,pinned,2,3,0,21356229,19894752
262144,same_object,16,24,pinned,2,3,1,23058922,21829585
262144,same_object,16,24,pinned,2,3,2,13052580,11087960
262144,same_object,16,24,pinned,2,3,3,17429936,15864553
262144,same_object,16,24,pinned,2,4,0,21209902,19207100
262144,same_object,16,24,pinned,2,4,1,18861416,17127063
262144,same_object,16,24,pinned,2,4,2,17842227,16484677
262144,same_object,16,24,pinned,2,4,3,17438722,15817223
262144,same_object,16,24,pinned,2,5,0,21499420,19580688
262144,same_object,16,24,pinned,2,5,1,21840275,20406902
262144,same_object,16,24,pinned,2,5,2,13817418,12381539
262144,same_object,16,24,pinned,2,5,3,17758728,15983969
262144,same_object,16,24,pinned,2,6,0,21319149,19454629
262144,same_object,16,24,pinned,2,6,1,17592845,16195669
262144,same_object,16,24,pinned,2,6,2,19064020,17445215
262144,same_object,16,24,pinned,2,6,3,16911444,15204563
262144,same_object,16,24,pinned,2,7,0,21271940,19211619
262144,same_object,16,24,pinned,2,7,1,17642749,15562110
262144,same_object,16,24,pinned,2,7,2,17410038,15798888
262144,same_object,16,24,pinned,2,7,3,16916755,15078385
262144,same_object,16,24,pinned,2,8,0,21500341,19870667
262144,same_object,16,24,pinned,2,8,1,21911350,20363279
262144,same_object,16,24,pinned,2,8,2,14474711,12903898
262144,same_object,16,24,pinned,2,8,3,17375974,15921901
262144,same_object,16,24,pinned,2,9,0,21333967,19269308
262144,same_object,16,24,pinned,2,9,1,17523423,15914657
262144,same_object,16,24,pinned,2,9,2,17969568,15945676
262144,same_object,16,24,pinned,2,9,3,17338653,15400364
262144,same_object,16,24,pinned,2,10,0,21342383,19448217
262144,same_object,16,24,pinned,2,10,1,22936801,21626881
262144,same_object,16,24,pinned,2,10,2,13666481,12464907
262144,same_object,16,24,pinned,2,10,3,17351277,15750386
262144,same_object,16,24,pinned,2,11,0,18720951,17453802
262144,same_object,16,24,pinned,2,11,1,19019375,17516710
262144,same_object,16,24,pinned,2,11,2,18078514,16134794
262144,same_object,16,24,pinned,2,11,3,18255048,16651332
262144,same_object,16,24,pinned,2,12,0,18483029,17115952
262144,same_object,16,24,pinned,2,12,1,19161705,18155961
262144,same_object,16,24,pinned,2,12,2,18111235,16620504
262144,same_object,16,24,pinned,2,12,3,15716933,13953424
262144,same_object,16,24,pinned,2,13,0,21883327,20397394
262144,same_object,16,24,pinned,2,13,1,22602699,21194172
262144,same_object,16,24,pinned,2,13,2,13671652,12113001
262144,same_object,16,24,pinned,2,13,3,17053934,15580965
262144,same_object,16,24,pinned,2,14,0,20973274,19223021
262144,same_object,16,24,pinned,2,14,1,17875991,16528249
262144,same_object,16,24,pinned,2,14,2,17647398,15709349
262144,same_object,16,24,pinned,2,14,3,17733481,15968329
262144,same_object,16,24,pinned,2,15,0,21507856,19494375
262144,same_object,16,24,pinned,2,15,1,18840496,17232673
262144,same_object,16,24,pinned,2,15,2,17592914,16198425
262144,same_object,16,24,pinned,2,15,3,17475983,15694390
262144,same_object,16,24,unsafe_unpinned_baseline,2,0,0,15444267,15024112
262144,same_object,16,24,unsafe_unpinned_baseline,2,0,1,21929655,21343345
262144,same_object,16,24,unsafe_unpinned_baseline,2,0,2,14336940,13928577
262144,same_object,16,24,unsafe_unpinned_baseline,2,0,3,18986623,18626912
262144,same_object,16,24,unsafe_unpinned_baseline,2,1,0,16740882,16374508
262144,same_object,16,24,unsafe_unpinned_baseline,2,1,1,17885088,17529254
262144,same_object,16,24,unsafe_unpinned_baseline,2,1,2,22346684,21996652
262144,same_object,16,24,unsafe_unpinned_baseline,2,1,3,13170904,12816543
262144,same_object,16,24,unsafe_unpinned_baseline,2,2,0,29542766,29099688
262144,same_object,16,24,unsafe_unpinned_baseline,2,2,1,19895083,19405536
262144,same_object,16,24,unsafe_unpinned_baseline,2,2,2,19509683,19114906
262144,same_object,16,24,unsafe_unpinned_baseline,2,2,3,5598839,4966712
262144,same_object,16,24,unsafe_unpinned_baseline,2,3,0,23980878,23561373
262144,same_object,16,24,unsafe_unpinned_baseline,2,3,1,16141477,15771537
262144,same_object,16,24,unsafe_unpinned_baseline,2,3,2,16783012,16492241
262144,same_object,16,24,unsafe_unpinned_baseline,2,3,3,13243531,12940297
262144,same_object,16,24,unsafe_unpinned_baseline,2,4,0,17986279,17593486
262144,same_object,16,24,unsafe_unpinned_baseline,2,4,1,18111577,17726828
262144,same_object,16,24,unsafe_unpinned_baseline,2,4,2,15339840,14894667
262144,same_object,16,24,unsafe_unpinned_baseline,2,4,3,16920683,16397151
262144,same_object,16,24,unsafe_unpinned_baseline,2,5,0,28873339,28114292
262144,same_object,16,24,unsafe_unpinned_baseline,2,5,1,20541717,20182858
262144,same_object,16,24,unsafe_unpinned_baseline,2,5,2,19522858,19115316
262144,same_object,16,24,unsafe_unpinned_baseline,2,5,3,5417696,4810066
262144,same_object,16,24,unsafe_unpinned_baseline,2,6,0,18120814,17669610
262144,same_object,16,24,unsafe_unpinned_baseline,2,6,1,22400135,22040264
262144,same_object,16,24,unsafe_unpinned_baseline,2,6,2,15156362,14876602
262144,same_object,16,24,unsafe_unpinned_baseline,2,6,3,14408256,14091987
262144,same_object,16,24,unsafe_unpinned_baseline,2,7,0,18066061,17687594
262144,same_object,16,24,unsafe_unpinned_baseline,2,7,1,19218192,18900981
262144,same_object,16,24,unsafe_unpinned_baseline,2,7,2,13916174,13606979
262144,same_object,16,24,unsafe_unpinned_baseline,2,7,3,17591071,17099701
262144,same_object,16,24,unsafe_unpinned_baseline,2,8,0,16967430,16615404
262144,same_object,16,24,unsafe_unpinned_baseline,2,8,1,19243339,18803626
262144,same_object,16,24,unsafe_unpinned_baseline,2,8,2,15416785,14933630
262144,same_object,16,24,unsafe_unpinned_baseline,2,8,3,18494151,18107388
262144,same_object,16,24,unsafe_unpinned_baseline,2,9,0,16883532,16507730
262144,same_object,16,24,unsafe_unpinned_baseline,2,9,1,17703624,17247751
262144,same_object,16,24,unsafe_unpinned_baseline,2,9,2,15823004,15490895
262144,same_object,16,24,unsafe_unpinned_baseline,2,9,3,18254517,17766233
262144,same_object,16,24,unsafe_unpinned_baseline,2,10,0,29114215,28768451
262144,same_object,16,24,unsafe_unpinned_baseline,2,10,1,21446059,20722269
262144,same_object,16,24,unsafe_unpinned_baseline,2,10,2,18027347,17665793
262144,same_object,16,24,unsafe_unpinned_baseline,2,10,3,5476527,4877704
262144,same_object,16,24,unsafe_unpinned_baseline,2,11,0,28053056,27699046
262144,same_object,16,24,unsafe_unpinned_baseline,2,11,1,17209429,16921554
262144,same_object,16,24,unsafe_unpinned_baseline,2,11,2,14165516,13844288
262144,same_object,16,24,unsafe_unpinned_baseline,2,11,3,11225721,10794875
262144,same_object,16,24,unsafe_unpinned_baseline,2,12,0,23966491,23229865
262144,same_object,16,24,unsafe_unpinned_baseline,2,12,1,15195646,14867936
262144,same_object,16,24,unsafe_unpinned_baseline,2,12,2,13387443,13095040
262144,same_object,16,24,unsafe_unpinned_baseline,2,12,3,17392685,17033506
262144,same_object,16,24,unsafe_unpinned_baseline,2,13,0,23884335,23146398
262144,same_object,16,24,unsafe_unpinned_baseline,2,13,1,14657888,14282016
262144,same_object,16,24,unsafe_unpinned_baseline,2,13,2,15284344,14734824
262144,same_object,16,24,unsafe_unpinned_baseline,2,13,3,16164079,15710321
262144,same_object,16,24,unsafe_unpinned_baseline,2,14,0,16983351,16638989
262144,same_object,16,24,unsafe_unpinned_baseline,2,14,1,19222089,18854893
262144,same_object,16,24,unsafe_unpinned_baseline,2,14,2,15134340,14745675
262144,same_object,16,24,unsafe_unpinned_baseline,2,14,3,17432692,16890375
262144,same_object,16,24,unsafe_unpinned_baseline,2,15,0,26487113,26111811
262144,same_object,16,24,unsafe_unpinned_baseline,2,15,1,17833030,17508966
262144,same_object,16,24,unsafe_unpinned_baseline,2,15,2,14537711,14185665
262144,same_object,16,24,unsafe_unpinned_baseline,2,15,3,11726819,11429016
262144,same_object,16,24,unsafe_unpinned_baseline,3,0,0,19163057,18797946
262144,same_object,16,24,unsafe_unpinned_baseline,3,0,1,23124556,22751961
262144,same_object,16,24,unsafe_unpinned_baseline,3,0,2,17096314,16723969
262144,same_object,16,24,unsafe_unpinned_baseline,3,0,3,17344755,16905413
262144,same_object,16,24,unsafe_unpinned_baseline,3,1,0,19245243,18802043
262144,same_object,16,24,unsafe_unpinned_baseline,3,1,1,22754566,22255131
262144,same_object,16,24,unsafe_unpinned_baseline,3,1,2,17424666,17044667
262144,same_object,16,24,unsafe_unpinned_baseline,3,1,3,17271106,16837735
262144,same_object,16,24,unsafe_unpinned_baseline,3,2,0,28924225,28412497
262144,same_object,16,24,unsafe_unpinned_baseline,3,2,1,20771682,20334104
262144,same_object,16,24,unsafe_unpinned_baseline,3,2,2,19699543,19382533
262144,same_object,16,24,unsafe_unpinned_baseline,3,2,3,13200780,12842872
262144,same_object,16,24,unsafe_unpinned_baseline,3,3,0,34075808,33695027
262144,same_object,16,24,unsafe_unpinned_baseline,3,3,1,23601038,23311981
262144,same_object,16,24,unsafe_unpinned_baseline,3,3,2,17146069,16819280
262144,same_object,16,24,unsafe_unpinned_baseline,3,3,3,9191460,8874360
262144,same_object,16,24,unsafe_unpinned_baseline,3,4,0,19343589,18991212
262144,same_object,16,24,unsafe_unpinned_baseline,3,4,1,22793129,22424752
262144,same_object,16,24,unsafe_unpinned_baseline,3,4,2,17215360,16880907
262144,same_object,16,24,unsafe_unpinned_baseline,3,4,3,17342491,16913338
262144,same_object,16,24,unsafe_unpinned_baseline,3,5,0,22224723,21716010
262144,same_object,16,24,unsafe_unpinned_baseline,3,5,1,22915531,22516706
262144,same_object,16,24,unsafe_unpinned_baseline,3,5,2,18853301,18509690
262144,same_object,16,24,unsafe_unpinned_baseline,3,5,3,17111202,16779755
262144,same_object,16,24,unsafe_unpinned_baseline,3,6,0,28812945,28457622
262144,same_object,16,24,unsafe_unpinned_baseline,3,6,1,25431744,25004535
262144,same_object,16,24,unsafe_unpinned_baseline,3,6,2,23105300,22786336
262144,same_object,16,24,unsafe_unpinned_baseline,3,6,3,7155226,6743757
262144,same_object,16,24,unsafe_unpinned_baseline,3,7,0,19165452,18755996
262144,same_object,16,24,unsafe_unpinned_baseline,3,7,1,23106953,22758594
262144,same_object,16,24,unsafe_unpinned_baseline,3,7,2,17050157,16721595
262144,same_object,16,24,unsafe_unpinned_baseline,3,7,3,17482445,17051600
262144,same_object,16,24,unsafe_unpinned_baseline,3,8,0,19314605,18899117
262144,same_object,16,24,unsafe_unpinned_baseline,3,8,1,22879072,22565498
262144,same_object,16,24,unsafe_unpinned_baseline,3,8,2,17151609,16795716
262144,same_object,16,24,unsafe_unpinned_baseline,3,8,3,17426219,17010612
262144,same_object,16,24,unsafe_unpinned_baseline,3,9,0,33414076,32937443
262144,same_object,16,24,unsafe_unpinned_baseline,3,9,1,19078658,18759252
262144,same_object,16,24,unsafe_unpinned_baseline,3,9,2,19123692,18827612
262144,same_object,16,24,unsafe_unpinned_baseline,3,9,3,11790059,11409439
262144,same_object,16,24,unsafe_unpinned_baseline,3,10,0,24074695,23667113
262144,same_object,16,24,unsafe_unpinned_baseline,3,10,1,21704478,21389502
262144,same_object,16,24,unsafe_unpinned_baseline,3,10,2,18798527,18411383
262144,same_object,16,24,unsafe_unpinned_baseline,3,10,3,16434021,16170021
262144,same_object,16,24,unsafe_unpinned_baseline,3,11,0,34065979,33620285
262144,same_object,16,24,unsafe_unpinned_baseline,3,11,1,20098919,19775967
262144,same_object,16,24,unsafe_unpinned_baseline,3,11,2,21412205,21104002
262144,same_object,16,24,unsafe_unpinned_baseline,3,11,3,8467479,8078122
262144,same_object,16,24,unsafe_unpinned_baseline,3,12,0,28850065,28360017
262144,same_object,16,24,unsafe_unpinned_baseline,3,12,1,21263824,20809253
262144,same_object,16,24,unsafe_unpinned_baseline,3,12,2,19082946,18768561
262144,same_object,16,24,unsafe_unpinned_baseline,3,12,3,13488715,13132631
262144,same_object,16,24,unsafe_unpinned_baseline,3,13,0,34134669,33661854
262144,same_object,16,24,unsafe_unpinned_baseline,3,13,1,19345252,18963930
262144,same_object,16,24,unsafe_unpinned_baseline,3,13,2,22041266,21695351
262144,same_object,16,24,unsafe_unpinned_baseline,3,13,3,8484832,7745893
262144,same_object,16,24,unsafe_unpinned_baseline,3,14,0,28950656,28618196
262144,same_object,16,24,unsafe_unpinned_baseline,3,14,1,21183653,20812780
262144,same_object,16,24,unsafe_unpinned_baseline,3,14,2,19211008,18917483
262144,same_object,16,24,unsafe_unpinned_baseline,3,14,3,13287043,12988588
262144,same_object,16,24,unsafe_unpinned_baseline,3,15,0,33150777,32689974
262144,same_object,16,24,unsafe_unpinned_baseline,3,15,1,20228775,19860638
262144,same_object,16,24,unsafe_unpinned_baseline,3,15,2,22079008,21776955
262144,same_object,16,24,unsafe_unpinned_baseline,3,15,3,8691503,8366138
262144,same_object,16,24,pinned,3,0,0,23427991,20400670
262144,same_object,16,24,pinned,3,0,1,23364771,21451309
262144,same_object,16,24,pinned,3,0,2,21658501,20240086
262144,same_object,16,24,pinned,3,0,3,20772474,18956666
262144,same_object,16,24,pinned,3,1,0,25040693,22645299
262144,same_object,16,24,pinned,3,1,1,20468017,18427585
262144,same_object,16,24,pinned,3,1,2,19604252,17477486
262144,same_object,16,24,pinned,3,1,3,23004830,20746404
262144,same_object,16,24,pinned,3,2,0,24690521,22436314
262144,same_object,16,24,pinned,3,2,1,25683892,23764979
262144,same_object,16,24,pinned,3,2,2,17248001,16019005
262144,same_object,16,24,pinned,3,2,3,21137404,19404394
262144,same_object,16,24,pinned,3,3,0,23420778,20639191
262144,same_object,16,24,pinned,3,3,1,23573767,21645767
262144,same_object,16,24,pinned,3,3,2,21398048,19754818
262144,same_object,16,24,pinned,3,3,3,20443120,18960323
262144,same_object,16,24,pinned,3,4,0,23419064,20351807
262144,same_object,16,24,pinned,3,4,1,23573736,21675363
262144,same_object,16,24,pinned,3,4,2,25356572,23772263
262144,same_object,16,24,pinned,3,4,3,16479096,14792674
262144,same_object,16,24,pinned,3,5,0,25620942,22271411
262144,same_object,16,24,pinned,3,5,1,24612914,22978731
262144,same_object,16,24,pinned,3,5,2,18235832,16869886
262144,same_object,16,24,pinned,3,5,3,21738683,20287826
262144,same_object,16,24,pinned,3,6,0,24190505,21748612
262144,same_object,16,24,pinned,3,6,1,22101851,20467337
262144,same_object,16,24,pinned,3,6,2,18827873,17275644
262144,same_object,16,24,pinned,3,6,3,24591864,22769995
262144,same_object,16,24,pinned,3,7,0,23395088,20642257
262144,same_object,16,24,pinned,3,7,1,22069880,19668785
262144,same_object,16,24,pinned,3,7,2,18896692,17394810
262144,same_object,16,24,pinned,3,7,3,21929594,20080174
262144,same_object,16,24,pinned,3,8,0,25308921,23092285
262144,same_object,16,24,pinned,3,8,1,24272931,22540982
262144,same_object,16,24,pinned,3,8,2,16915352,15214462
262144,same_object,16,24,pinned,3,8,3,21669943,19448398
262144,same_object,16,24,pinned,3,9,0,25535941,23448600
262144,same_object,16,24,pinned,3,9,1,24753761,22954705
262144,same_object,16,24,pinned,3,9,2,18194353,16550471
262144,same_object,16,24,pinned,3,9,3,21928822,20377466
262144,same_object,16,24,pinned,3,10,0,24268772,21822892
262144,same_object,16,24,pinned,3,10,1,21236682,18910228
262144,same_object,16,24,pinned,3,10,2,20434324,18614849
262144,same_object,16,24,pinned,3,10,3,23610176,21784389
262144,same_object,16,24,pinned,3,11,0,23994864,21714327
262144,same_object,16,24,pinned,3,11,1,21063625,18899829
262144,same_object,16,24,pinned,3,11,2,19286411,17507954
262144,same_object,16,24,pinned,3,11,3,21885401,19994160
262144,same_object,16,24,pinned,3,12,0,25685073,23219737
262144,same_object,16,24,pinned,3,12,1,22320444,20702191
262144,same_object,16,24,pinned,3,12,2,17547028,16224544
262144,same_object,16,24,pinned,3,12,3,24058925,22012702
262144,same_object,16,24,pinned,3,13,0,23365733,20400660
262144,same_object,16,24,pinned,3,13,1,22076693,19690195
262144,same_object,16,24,pinned,3,13,2,20316069,18551710
262144,same_object,16,24,pinned,3,13,3,22300958,19994782
262144,same_object,16,24,pinned,3,14,0,24049327,21727441
262144,same_object,16,24,pinned,3,14,1,22184727,20311171
262144,same_object,16,24,pinned,3,14,2,22293914,20741284
262144,same_object,16,24,pinned,3,14,3,21827731,20309267
262144,same_object,16,24,pinned,3,15,0,23426118,21146371
262144,same_object,16,24,pinned,3,15,1,25876967,24078081
262144,same_object,16,24,pinned,3,15,2,17303747,15511555
262144,same_object,16,24,pinned,3,15,3,21521402,19195659
262144,same_object,16,24,pinned,4,0,0,18075638,15942570
262144,same_object,16,24,pinned,4,0,1,19487462,17918631
262144,same_object,16,24,pinned,4,0,2,23103206,21409099
262144,same_object,16,24,pinned,4,0,3,20243212,18205044
262144,same_object,16,24,pinned,4,1,0,20113356,18280717
262144,same_object,16,24,pinned,4,1,1,22058779,20316230
262144,same_object,16,24,pinned,4,1,2,20031922,18285355
262144,same_object,16,24,pinned,4,1,3,18547973,15450429
262144,same_object,16,24,pinned,4,2,0,16589245,14020272
262144,same_object,16,24,pinned,4,2,1,19839017,18047856
262144,same_object,16,24,pinned,4,2,2,16577722,14581363
262144,same_object,16,24,pinned,4,2,3,11896070,10466163
262144,same_object,16,24,pinned,4,3,0,20257519,17884978
262144,same_object,16,24,pinned,4,3,1,26258429,24428926
262144,same_object,16,24,pinned,4,3,2,18694590,17025721
262144,same_object,16,24,pinned,4,3,3,15590804,14164044
262144,same_object,16,24,pinned,4,4,0,20456356,17471695
262144,same_object,16,24,pinned,4,4,1,26044123,24450056
262144,same_object,16,24,pinned,4,4,2,18943231,17541067
262144,same_object,16,24,pinned,4,4,3,16414724,15020856
262144,same_object,16,24,pinned,4,5,0,18066871,15830729
262144,same_object,16,24,pinned,4,5,1,19288525,17407073
262144,same_object,16,24,pinned,4,5,2,23081665,21472399
262144,same_object,16,24,pinned,4,5,3,17367238,15448706
262144,same_object,16,24,pinned,4,6,0,20348121,18065009
262144,same_object,16,24,pinned,4,6,1,26276663,24480263
262144,same_object,16,24,pinned,4,6,2,19209254,17435136
262144,same_object,16,24,pinned,4,6,3,16147578,14907441
262144,same_object,16,24,pinned,4,7,0,20349353,18221164
262144,same_object,16,24,pinned,4,7,1,21567098,20184020
262144,same_object,16,24,pinned,4,7,2,22984140,21118028
262144,same_object,16,24,pinned,4,7,3,15719037,14066358
262144,same_object,16,24,pinned,4,8,0,19510355,17362749
262144,same_object,16,24,pinned,4,8,1,27012397,25172403
262144,same_object,16,24,pinned,4,8,2,18835437,17425417
262144,same_object,16,24,pinned,4,8,3,16239052,14854511
262144,same_object,16,24,pinned,4,9,0,18018009,15647582
262144,same_object,16,24,pinned,4,9,1,19443058,17962184
262144,same_object,16,24,pinned,4,9,2,22896956,21480263
262144,same_object,16,24,pinned,4,9,3,20551415,19129634
262144,same_object,16,24,pinned,4,10,0,19953543,18185126
262144,same_object,16,24,pinned,4,10,1,22351272,20530435
262144,same_object,16,24,pinned,4,10,2,19987438,18344848
262144,same_object,16,24,pinned,4,10,3,18495213,15763031
262144,same_object,16,24,pinned,4,11,0,18922451,16832756
262144,same_object,16,24,pinned,4,11,1,23162969,21515821
262144,same_object,16,24,pinned,4,11,2,20165826,18396296
262144,same_object,16,24,pinned,4,11,3,18580694,16006742
262144,same_object,16,24,pinned,4,12,0,18018700,15679363
262144,same_object,16,24,pinned,4,12,1,17819173,16172826
262144,same_object,16,24,pinned,4,12,2,17256918,15462742
262144,same_object,16,24,pinned,4,12,3,11807101,10234875
262144,same_object,16,24,pinned,4,13,0,20188388,18314661
262144,same_object,16,24,pinned,4,13,1,22155211,20328212
262144,same_object,16,24,pinned,4,13,2,21943891,19272524
262144,same_object,16,24,pinned,4,13,3,16555240,14854421
262144,same_object,16,24,pinned,4,14,0,18796594,16740000
262144,same_object,16,24,pinned,4,14,1,21677858,19933435
262144,same_object,16,24,pinned,4,14,2,21657128,20175243
262144,same_object,16,24,pinned,4,14,3,18837541,17390061
262144,same_object,16,24,pinned,4,15,0,18372400,16770808
262144,same_object,16,24,pinned,4,15,1,19435353,17876271
262144,same_object,16,24,pinned,4,15,2,23166115,21048727
262144,same_object,16,24,pinned,4,15,3,18787256,16904892
262144,same_object,16,24,unsafe_unpinned_baseline,4,0,0,27977183,27036011
262144,same_object,16,24,unsafe_unpinned_baseline,4,0,1,17797583,17260565
262144,same_object,16,24,unsafe_unpinned_baseline,4,0,2,19507669,19004046
262144,same_object,16,24,unsafe_unpinned_baseline,4,0,3,20513604,20109719
262144,same_object,16,24,unsafe_unpinned_baseline,4,1,0,25163967,24728002
262144,same_object,16,24,unsafe_unpinned_baseline,4,1,1,21064576,20495810
262144,same_object,16,24,unsafe_unpinned_baseline,4,1,2,28314681,27873818
262144,same_object,16,24,unsafe_unpinned_baseline,4,1,3,11087289,10752725
262144,same_object,16,24,unsafe_unpinned_baseline,4,2,0,23851082,23438681
262144,same_object,16,24,unsafe_unpinned_baseline,4,2,1,20636837,19969023
262144,same_object,16,24,unsafe_unpinned_baseline,4,2,2,20747216,20226049
262144,same_object,16,24,unsafe_unpinned_baseline,4,2,3,18647070,18239588
262144,same_object,16,24,unsafe_unpinned_baseline,4,3,0,27900558,27499238
262144,same_object,16,24,unsafe_unpinned_baseline,4,3,1,25386168,24802273
262144,same_object,16,24,unsafe_unpinned_baseline,4,3,2,12791856,12407669
262144,same_object,16,24,unsafe_unpinned_baseline,4,3,3,17734433,17346689
262144,same_object,16,24,unsafe_unpinned_baseline,4,4,0,25245792,24840275
262144,same_object,16,24,unsafe_unpinned_baseline,4,4,1,21804868,21342223
262144,same_object,16,24,unsafe_unpinned_baseline,4,4,2,21796172,21312065
262144,same_object,16,24,unsafe_unpinned_baseline,4,4,3,15874372,15549196
262144,same_object,16,24,unsafe_unpinned_baseline,4,5,0,21675593,21262281
262144,same_object,16,24,unsafe_unpinned_baseline,4,5,1,25451331,24771524
262144,same_object,16,24,unsafe_unpinned_baseline,4,5,2,22419061,21931798
262144,same_object,16,24,unsafe_unpinned_baseline,4,5,3,15253777,14934291
262144,same_object,16,24,unsafe_unpinned_baseline,4,6,0,21924776,21511042
262144,same_object,16,24,unsafe_unpinned_baseline,4,6,1,22944035,22391579
262144,same_object,16,24,unsafe_unpinned_baseline,4,6,2,20067589,19660159
262144,same_object,16,24,unsafe_unpinned_baseline,4,6,3,20016994,19434691
262144,same_object,16,24,unsafe_unpinned_baseline,4,7,0,27710498,27229056
262144,same_object,16,24,unsafe_unpinned_baseline,4,7,1,18264326,17763598
262144,same_object,16,24,unsafe_unpinned_baseline,4,7,2,19231106,18756067
262144,same_object,16,24,unsafe_unpinned_baseline,4,7,3,20555643,20178058
262144,same_object,16,24,unsafe_unpinned_baseline,4,8,0,27809696,27357881
262144,same_object,16,24,unsafe_unpinned_baseline,4,8,1,18126835,17708213
262144,same_object,16,24,unsafe_unpinned_baseline,4,8,2,23513242,23085402
262144,same_object,16,24,unsafe_unpinned_baseline,4,8,3,15382370,15100888
262144,same_object,16,24,unsafe_unpinned_baseline,4,9,0,26423922,26040196
262144,same_object,16,24,unsafe_unpinned_baseline,4,9,1,19163087,18791454
262144,same_object,16,24,unsafe_unpinned_baseline,4,9,2,19638637,19122100
262144,same_object,16,24,unsafe_unpinned_baseline,4,9,3,19681899,19328210
262144,same_object,16,24,unsafe_unpinned_baseline,4,10,0,21760454,21380214
262144,same_object,16,24,unsafe_unpinned_baseline,4,10,1,23047360,22502830
262144,same_object,16,24,unsafe_unpinned_baseline,4,10,2,20041590,19505886
262144,same_object,16,24,unsafe_unpinned_baseline,4,10,3,18873038,18345950
262144,same_object,16,24,unsafe_unpinned_baseline,4,11,0,19496028,19124394
262144,same_object,16,24,unsafe_unpinned_baseline,4,11,1,24056511,23183368
262144,same_object,16,24,unsafe_unpinned_baseline,4,11,2,20251598,19636855
262144,same_object,16,24,unsafe_unpinned_baseline,4,11,3,18626942,18169777
262144,same_object,16,24,unsafe_unpinned_baseline,4,12,0,25211347,24824755
262144,same_object,16,24,unsafe_unpinned_baseline,4,12,1,21728173,21236352
262144,same_object,16,24,unsafe_unpinned_baseline,4,12,2,19378365,18930327
262144,same_object,16,24,unsafe_unpinned_baseline,4,12,3,19881688,19535613
262144,same_object,16,24,unsafe_unpinned_baseline,4,13,0,27758158,27399298
262144,same_object,16,24,unsafe_unpinned_baseline,4,13,1,18128068,17551767
262144,same_object,16,24,unsafe_unpinned_baseline,4,13,2,18974761,18522123
262144,same_object,16,24,unsafe_unpinned_baseline,4,13,3,18992444,18368764
262144,same_object,16,24,unsafe_unpinned_baseline,4,14,0,27796301,27456818
262144,same_object,16,24,unsafe_unpinned_baseline,4,14,1,18066111,17420207
262144,same_object,16,24,unsafe_unpinned_baseline,4,14,2,19053980,18547342
262144,same_object,16,24,unsafe_unpinned_baseline,4,14,3,20720525,20141520
262144,same_object,16,24,unsafe_unpinned_baseline,4,15,0,21119200,20753388
262144,same_object,16,24,unsafe_unpinned_baseline,4,15,1,25886235,25143488
262144,same_object,16,24,unsafe_unpinned_baseline,4,15,2,20246749,19811755
262144,same_object,16,24,unsafe_unpinned_baseline,4,15,3,18426012,18076891
262144,same_object,16,24,unsafe_unpinned_baseline,5,0,0,20986148,20586521
262144,same_object,16,24,unsafe_unpinned_baseline,5,0,1,15847571,15539307
262144,same_object,16,24,unsafe_unpinned_baseline,5,0,2,18979610,18610681
262144,same_object,16,24,unsafe_unpinned_baseline,5,0,3,20454993,20078901
262144,same_object,16,24,unsafe_unpinned_baseline,5,1,0,20887321,20295320
262144,same_object,16,24,unsafe_unpinned_baseline,5,1,1,16221218,15934545
262144,same_object,16,24,unsafe_unpinned_baseline,5,1,2,18503879,18148787
262144,same_object,16,24,unsafe_unpinned_baseline,5,1,3,26467354,25908768
262144,same_object,16,24,unsafe_unpinned_baseline,5,2,0,29276753,28496876
262144,same_object,16,24,unsafe_unpinned_baseline,5,2,1,20863035,20450555
262144,same_object,16,24,unsafe_unpinned_baseline,5,2,2,24539345,24184603
262144,same_object,16,24,unsafe_unpinned_baseline,5,2,3,10243582,9926562
262144,same_object,16,24,unsafe_unpinned_baseline,5,3,0,29287503,28697085
262144,same_object,16,24,unsafe_unpinned_baseline,5,3,1,21015444,20583486
262144,same_object,16,24,unsafe_unpinned_baseline,5,3,2,27092338,26383005
262144,same_object,16,24,unsafe_unpinned_baseline,5,3,3,9391328,9075330
262144,same_object,16,24,unsafe_unpinned_baseline,5,4,0,20749781,20171977
262144,same_object,16,24,unsafe_unpinned_baseline,5,4,1,16203825,15836359
262144,same_object,16,24,unsafe_unpinned_baseline,5,4,2,18682066,18358795
262144,same_object,16,24,unsafe_unpinned_baseline,5,4,3,20561855,20087548
262144,same_object,16,24,unsafe_unpinned_baseline,5,5,0,22414362,21865663
262144,same_object,16,24,unsafe_unpinned_baseline,5,5,1,18308700,17960821
262144,same_object,16,24,unsafe_unpinned_baseline,5,5,2,17630125,17258341
262144,same_object,16,24,unsafe_unpinned_baseline,5,5,3,21101747,20720936
262144,same_object,16,24,unsafe_unpinned_baseline,5,6,0,24580433,24013950
262144,same_object,16,24,unsafe_unpinned_baseline,5,6,1,17553891,17063261
262144,same_object,16,24,unsafe_unpinned_baseline,5,6,2,16225567,15838774
262144,same_object,16,24,unsafe_unpinned_baseline,5,6,3,20933920,20394769
262144,same_object,16,24,unsafe_unpinned_baseline,5,7,0,28548845,27887574
262144,same_object,16,24,unsafe_unpinned_baseline,5,7,1,18282180,17830495
262144,same_object,16,24,unsafe_unpinned_baseline,5,7,2,18498689,18168534
262144,same_object,16,24,unsafe_unpinned_baseline,5,7,3,17264784,16937273
262144,same_object,16,24,unsafe_unpinned_baseline,5,8,0,20826055,20287666
262144,same_object,16,24,unsafe_unpinned_baseline,5,8,1,15693759,15260289
262144,same_object,16,24,unsafe_unpinned_baseline,5,8,2,19245623,18811471
262144,same_object,16,24,unsafe_unpinned_baseline,5,8,3,28289334,27824123
262144,same_object,16,24,unsafe_unpinned_baseline,5,9,0,32156856,31517134
262144,same_object,16,24,unsafe_unpinned_baseline,5,9,1,23804975,23493024
262144,same_object,16,24,unsafe_unpinned_baseline,5,9,2,20115601,19609883
262144,same_object,16,24,unsafe_unpinned_baseline,5,9,3,10509064,10181434
262144,same_object,16,24,unsafe_unpinned_baseline,5,10,0,29257556,28656128
262144,same_object,16,24,unsafe_unpinned_baseline,5,10,1,20975328,20561274
262144,same_object,16,24,unsafe_unpinned_baseline,5,10,2,19031418,18406164
262144,same_object,16,24,unsafe_unpinned_baseline,5,10,3,14611040,14322073
262144,same_object,16,24,unsafe_unpinned_baseline,5,11,0,20772684,20247029
262144,same_object,16,24,unsafe_unpinned_baseline,5,11,1,28092100,27689848
262144,same_object,16,24,unsafe_unpinned_baseline,5,11,2,25884632,25475597
262144,same_object,16,24,unsafe_unpinned_baseline,5,11,3,10076997,9765086
262144,same_object,16,24,unsafe_unpinned_baseline,5,12,0,32088135,31370156
262144,same_object,16,24,unsafe_unpinned_baseline,5,12,1,23771350,23415177
262144,same_object,16,24,unsafe_unpinned_baseline,5,12,2,27491424,27091837
262144,same_object,16,24,unsafe_unpinned_baseline,5,12,3,4523764,3901535
262144,same_object,16,24,unsafe_unpinned_baseline,5,13,0,32026148,31168684
262144,same_object,16,24,unsafe_unpinned_baseline,5,13,1,23893052,23530815
262144,same_object,16,24,unsafe_unpinned_baseline,5,13,2,20327611,19920091
262144,same_object,16,24,unsafe_unpinned_baseline,5,13,3,10174962,9643897
262144,same_object,16,24,unsafe_unpinned_baseline,5,14,0,31385374,30762495
262144,same_object,16,24,unsafe_unpinned_baseline,5,14,1,17770702,17426129
262144,same_object,16,24,unsafe_unpinned_baseline,5,14,2,19397150,18859582
262144,same_object,16,24,unsafe_unpinned_baseline,5,14,3,15129110,14810788
262144,same_object,16,24,unsafe_unpinned_baseline,5,15,0,32142748,31400083
262144,same_object,16,24,unsafe_unpinned_baseline,5,15,1,23916797,23532438
262144,same_object,16,24,unsafe_unpinned_baseline,5,15,2,27230910,26848446
262144,same_object,16,24,unsafe_unpinned_baseline,5,15,3,4764941,4236610
262144,same_object,16,24,pinned,5,0,0,24541028,22196580
262144,same_object,16,24,pinned,5,0,1,26318322,24427713
262144,same_object,16,24,pinned,5,0,2,22376831,19902377
262144,same_object,16,24,pinned,5,0,3,16506418,14754281
262144,same_object,16,24,pinned,5,1,0,23584226,21152944
262144,same_object,16,24,pinned,5,1,1,27167259,25320303
262144,same_object,16,24,pinned,5,1,2,21623275,19294836
262144,same_object,16,24,pinned,5,1,3,17259624,15405925
262144,same_object,16,24,pinned,5,2,0,28584352,26053651
262144,same_object,16,24,pinned,5,2,1,21677618,19849507
262144,same_object,16,24,pinned,5,2,2,20886109,19333700
262144,same_object,16,24,pinned,5,2,3,18480545,16278166
262144,same_object,16,24,pinned,5,3,0,30075836,27319858
262144,same_object,16,24,pinned,5,3,1,23861411,21911360
262144,same_object,16,24,pinned,5,3,2,17414316,15769463
262144,same_object,16,24,pinned,5,3,3,18279574,16305988
262144,same_object,16,24,pinned,5,4,0,21987824,19464547
262144,same_object,16,24,pinned,5,4,1,26333501,24125542
262144,same_object,16,24,pinned,5,4,2,21818414,20047030
262144,same_object,16,24,pinned,5,4,3,18888527,16662474
262144,same_object,16,24,pinned,5,5,0,22046055,19242298
262144,same_object,16,24,pinned,5,5,1,26275731,24112577
262144,same_object,16,24,pinned,5,5,2,21767016,19649948
262144,same_object,16,24,pinned,5,5,3,19007883,16959405
262144,same_object,16,24,pinned,5,6,0,23608022,21285395
262144,same_object,16,24,pinned,5,6,1,27085605,25208883
262144,same_object,16,24,pinned,5,6,2,22381700,19806956
262144,same_object,16,24,pinned,5,6,3,16488433,14715047
262144,same_object,16,24,pinned,5,7,0,22028732,19898138
262144,same_object,16,24,pinned,5,7,1,26262487,24119229
262144,same_object,16,24,pinned,5,7,2,22330413,19879072
262144,same_object,16,24,pinned,5,7,3,17144566,14835204
262144,same_object,16,24,pinned,5,8,0,29662163,27316262
262144,same_object,16,24,pinned,5,8,1,21016566,18898676
262144,same_object,16,24,pinned,5,8,2,21599109,19450140
262144,same_object,16,24,pinned,5,8,3,17286044,15351681
262144,same_object,16,24,pinned,5,9,0,25135013,22024685
262144,same_object,16,24,pinned,5,9,1,24394140,21368071
262144,same_object,16,24,pinned,5,9,2,21676375,20060947
262144,same_object,16,24,pinned,5,9,3,16759217,14749953
262144,same_object,16,24,pinned,5,10,0,25084286,22295938
262144,same_object,16,24,pinned,5,10,1,25652692,22778521
262144,same_object,16,24,pinned,5,10,2,20916657,19209876
262144,same_object,16,24,pinned,5,10,3,17884606,15517797
262144,same_object,16,24,pinned,5,11,0,29834879,27590210
262144,same_object,16,24,pinned,5,11,1,20687633,18646719
262144,same_object,16,24,pinned,5,11,2,20507251,18758541
262144,same_object,16,24,pinned,5,11,3,18481026,16410907
262144,same_object,16,24,pinned,5,12,0,21937830,19347095
262144,same_object,16,24,pinned,5,12,1,27605740,25688771
262144,same_object,16,24,pinned,5,12,2,22689963,19935669
262144,same_object,16,24,pinned,5,12,3,17325107,15405704
262144,same_object,16,24,pinned,5,13,0,25077874,21961835
262144,same_object,16,24,pinned,5,13,1,25759204,22563855
262144,same_object,16,24,pinned,5,13,2,22383594,20189721
262144,same_object,16,24,pinned,5,13,3,16342618,14781522
262144,same_object,16,24,pinned,5,14,0,25202821,22028922
262144,same_object,16,24,pinned,5,14,1,25540951,22545180
262144,same_object,16,24,pinned,5,14,2,21510210,19821854
262144,same_object,16,24,pinned,5,14,3,17763488,16000821
262144,same_object,16,24,pinned,5,15,0,22004906,19410446
262144,same_object,16,24,pinned,5,15,1,25787478,23855160
262144,same_object,16,24,pinned,5,15,2,22242987,20490240
262144,same_object,16,24,pinned,5,15,3,16899702,14231561
