run,window,replicas,pool_per_replica,operation,metric,completion_site,count,nanos,failures
baseline-trace,t00,1,8,publish,jdbc_commit,DocumentOperationUploadAdmission.captureReads,384,1718692515,0
baseline-trace,t00,1,8,publish,jdbc_commit,DocumentOperationUploadAdmission.recheckInitialSelections,192,900491195,0
baseline-trace,t00,1,8,publish,jdbc_commit,DocumentOperationUploadAdmission.stage,192,1032009020,0
baseline-trace,t00,1,8,publish,jdbc_commit,DocumentPublicationCommit.commitInternal,192,825150789,0
baseline-trace,t00,1,8,publish,jdbc_commit,DocumentPublicationModesJournal.requireObservedModes,384,1583637335,0
baseline-trace,t00,1,8,publish,jdbc_commit,DocumentPublicationRegistration.admitInitialAccepted,192,960298765,0
baseline-trace,t00,1,8,publish,jdbc_commit,DocumentPublicationRegistration.preflight,192,18355159,0
baseline-trace,t00,1,8,publish,jdbc_commit,DocumentPublicationReplay.observe,384,31233181,0
baseline-trace,t00,1,8,publish,jdbc_commit,DocumentSchemaPolicies.read,192,17865381,0
baseline-trace,t00,1,8,publish,jdbc_commit,DocumentSelectedAttemptLedger.renew,192,818760893,0
baseline-trace,t00,1,8,publish,jdbc_commit,DocumentSelectedAttemptLedger.renewOwnerAndSelections,384,1603352882,0
baseline-trace,t00,1,8,publish,jdbc_commit,RepositorySchemaArtifacts.stage,192,800620398,0
baseline-trace,t00,1,8,publish,jdbc_executeBatch,DocumentSchemaRetention.flush,576,471985219,0
baseline-trace,t00,1,8,publish,jdbc_executeQuery,DocumentAdmissionSnapshot.prepare,192,53926169,0
baseline-trace,t00,1,8,publish,jdbc_executeQuery,DocumentCommitParts.bind,192,37351853,0
baseline-trace,t00,1,8,publish,jdbc_executeQuery,DocumentCommitParts.read,192,71682608,0
baseline-trace,t00,1,8,publish,jdbc_executeQuery,DocumentCommitParts.selections,192,42978064,0
baseline-trace,t00,1,8,publish,jdbc_executeQuery,DocumentCommitWriter.write,384,40317521,0
baseline-trace,t00,1,8,publish,jdbc_executeQuery,DocumentDriveSnapshot.lock,384,44928431,0
baseline-trace,t00,1,8,publish,jdbc_executeQuery,DocumentKeyReservations.reserveEncoded,192,47353025,0
baseline-trace,t00,1,8,publish,jdbc_executeQuery,DocumentOperationUploadAdmission.lambda$captureReads$0,576,137734776,0
baseline-trace,t00,1,8,publish,jdbc_executeQuery,DocumentOperationUploadAdmission.requireInitialSelections,192,40521320,0
baseline-trace,t00,1,8,publish,jdbc_executeQuery,DocumentOperationUploadAdmission.writeAdmissions,384,64799095,0
baseline-trace,t00,1,8,publish,jdbc_executeQuery,DocumentPartAttemptLedger.lockAll,1152,110919095,0
baseline-trace,t00,1,8,publish,jdbc_executeQuery,DocumentPartAttemptLedger.read,384,36428313,0
baseline-trace,t00,1,8,publish,jdbc_executeQuery,DocumentPreparationHistoryRoots.coverage,192,24275951,0
baseline-trace,t00,1,8,publish,jdbc_executeQuery,DocumentPublicationLocks$IndependentOrigins.requireScope,384,32262646,0
baseline-trace,t00,1,8,publish,jdbc_executeQuery,DocumentPublicationLocks.lockIndependentOrigins,960,124291661,0
baseline-trace,t00,1,8,publish,jdbc_executeQuery,DocumentPublicationLocks.lockIndependentRetention,192,21552264,0
baseline-trace,t00,1,8,publish,jdbc_executeQuery,DocumentPublicationModeBinding.require,192,34806068,0
baseline-trace,t00,1,8,publish,jdbc_executeQuery,DocumentPublicationModesJournal.readModes,192,18308672,0
baseline-trace,t00,1,8,publish,jdbc_executeQuery,DocumentPublicationPreparationJournal.capture,384,35543824,0
baseline-trace,t00,1,8,publish,jdbc_executeQuery,DocumentPublicationReplay.observe,768,100692460,0
baseline-trace,t00,1,8,publish,jdbc_executeQuery,DocumentRevisionLocks.lock,2304,344472214,0
baseline-trace,t00,1,8,publish,jdbc_executeQuery,DocumentSchemaBatch.lockArtifacts,960,135028153,0
baseline-trace,t00,1,8,publish,jdbc_executeQuery,DocumentSchemaPolicies.lambda$read$0,192,22374556,0
baseline-trace,t00,1,8,publish,jdbc_executeQuery,DocumentSchemaPolicies.lockCurrent,576,49504239,0
baseline-trace,t00,1,8,publish,jdbc_executeQuery,DocumentSchemaPolicies.select,384,43926556,0
baseline-trace,t00,1,8,publish,jdbc_executeQuery,DocumentSchemaRetention.requireFragments,192,136200935,0
baseline-trace,t00,1,8,publish,jdbc_executeQuery,DocumentSchemaRetention.requireRevision,192,24965516,0
baseline-trace,t00,1,8,publish,jdbc_executeQuery,DocumentSchemaRetention.write,192,44138038,0
baseline-trace,t00,1,8,publish,jdbc_executeQuery,DocumentSelectedAttemptLedger.lockSelected,192,31942956,0
baseline-trace,t00,1,8,publish,jdbc_executeQuery,DocumentSelectedAttemptLedger.requireOwner,576,145189001,0
baseline-trace,t00,1,8,publish,jdbc_executeQuery,DocumentSelectedAttemptLedger.requireSelections,1152,212396211,0
baseline-trace,t00,1,8,publish,jdbc_executeQuery,DocumentUploadAdmissionReplay.hasSelections,192,19622025,0
baseline-trace,t00,1,8,publish,jdbc_executeQuery,ManagedBackendLedger.find,384,36884474,0
baseline-trace,t00,1,8,publish,jdbc_executeQuery,RepositoryCoordinatorBinding.bindInitial,192,18149905,0
baseline-trace,t00,1,8,publish,jdbc_executeQuery,RepositoryExecutionClaimLedger.live,192,19575818,0
baseline-trace,t00,1,8,publish,jdbc_executeQuery,RepositoryExecutionClaimLedger.lockLive,3456,908631018,0
baseline-trace,t00,1,8,publish,jdbc_executeQuery,RepositoryExecutionClaimLedger.readLocked,1152,94995349,0
baseline-trace,t00,1,8,publish,jdbc_executeQuery,RepositoryOperationLedger.fenceLiveOwner,1920,1141953422,0
baseline-trace,t00,1,8,publish,jdbc_executeQuery,RepositoryOperationLedger.live,576,82987072,0
baseline-trace,t00,1,8,publish,jdbc_executeQuery,RepositoryOperationLedger.read,192,24016880,0
baseline-trace,t00,1,8,publish,jdbc_executeQuery,RepositoryOperationLedger.readOwner,768,75209813,0
baseline-trace,t00,1,8,publish,jdbc_executeQuery,RepositoryOperationLedger.requireCommand,1920,192010955,0
baseline-trace,t00,1,8,publish,jdbc_executeQuery,RepositorySchemaArtifacts.lambda$stage$3,768,765584570,0
baseline-trace,t00,1,8,publish,jdbc_executeQuery,SqlTimeouts.apply,1152,136073087,0
baseline-trace,t00,1,8,publish,jdbc_executeUpdate,DocumentCommitWriter.write,1344,1054274990,0
baseline-trace,t00,1,8,publish,jdbc_executeUpdate,DocumentOperationSelection.insert,192,180789060,0
baseline-trace,t00,1,8,publish,jdbc_executeUpdate,DocumentOperationUploadAdmission.writeAdmissions,384,220082678,0
baseline-trace,t00,1,8,publish,jdbc_executeUpdate,DocumentPartAttemptLedger.insertEncodedRows,192,153375336,0
baseline-trace,t00,1,8,publish,jdbc_executeUpdate,DocumentPreparationCoverageCertificates.insert,192,73544391,0
baseline-trace,t00,1,8,publish,jdbc_executeUpdate,DocumentPreparationHistoryRoots.insert,384,111205845,0
baseline-trace,t00,1,8,publish,jdbc_executeUpdate,DocumentPublicationCommit.lambda$commitInternal$6,576,637215410,0
baseline-trace,t00,1,8,publish,jdbc_executeUpdate,DocumentPublicationModesJournal.insert,192,113631146,0
baseline-trace,t00,1,8,publish,jdbc_executeUpdate,DocumentPublicationPreparationJournal.insert,192,132728978,0
baseline-trace,t00,1,8,publish,jdbc_executeUpdate,DocumentSchemaAdmissionBinding.insert,192,148671753,0
baseline-trace,t00,1,8,publish,jdbc_executeUpdate,DocumentSelectedAttemptLedger.renewSelections,576,340887969,0
baseline-trace,t00,1,8,publish,jdbc_executeUpdate,RepositoryCoordinatorBinding.bindInitial,192,60857550,0
baseline-trace,t00,1,8,publish,jdbc_executeUpdate,RepositoryExecutionClaimLedger.acquireInitialChecked,192,68471198,0
baseline-trace,t00,1,8,publish,jdbc_executeUpdate,RepositoryExecutionClaimLedger.renewLive,384,71404356,0
baseline-trace,t00,1,8,publish,jdbc_executeUpdate,RepositoryOperationLedger.admitInTransaction,384,196451794,0
baseline-trace,t00,1,8,publish,jdbc_executeUpdate,RepositoryOperationLedger.renewLive,384,209466291,0
baseline-trace,t00,1,8,publish,sql_acquire,DocumentOperationUploadAdmission.captureReads,384,1474490866,0
baseline-trace,t00,1,8,publish,sql_acquire,DocumentOperationUploadAdmission.recheckInitialSelections,192,472060805,0
baseline-trace,t00,1,8,publish,sql_acquire,DocumentOperationUploadAdmission.stage,192,719267179,0
baseline-trace,t00,1,8,publish,sql_acquire,DocumentPublicationCommit.commitInternal,192,894386170,0
baseline-trace,t00,1,8,publish,sql_acquire,DocumentPublicationModesJournal.requireObservedModes,384,1604215996,0
baseline-trace,t00,1,8,publish,sql_acquire,DocumentPublicationRegistration.admitInitialAccepted,192,819611592,0
baseline-trace,t00,1,8,publish,sql_acquire,DocumentPublicationRegistration.preflight,192,867816595,0
baseline-trace,t00,1,8,publish,sql_acquire,DocumentPublicationReplay.observe,384,1670267754,0
baseline-trace,t00,1,8,publish,sql_acquire,DocumentSchemaPolicies.read,192,656415909,0
baseline-trace,t00,1,8,publish,sql_acquire,DocumentSelectedAttemptLedger.renew,192,545713286,0
baseline-trace,t00,1,8,publish,sql_acquire,DocumentSelectedAttemptLedger.renewOwnerAndSelections,384,1329056424,0
baseline-trace,t00,1,8,publish,sql_acquire,RepositorySchemaArtifacts.stage,192,921759783,0
baseline-trace,t00,1,8,publish,sql_usage,DocumentOperationUploadAdmission.captureReads,384,2332000000,0
baseline-trace,t00,1,8,publish,sql_usage,DocumentOperationUploadAdmission.recheckInitialSelections,192,1109000000,0
baseline-trace,t00,1,8,publish,sql_usage,DocumentOperationUploadAdmission.stage,192,2128000000,0
baseline-trace,t00,1,8,publish,sql_usage,DocumentPublicationCommit.commitInternal,192,5090000000,0
baseline-trace,t00,1,8,publish,sql_usage,DocumentPublicationModesJournal.requireObservedModes,384,1980000000,0
baseline-trace,t00,1,8,publish,sql_usage,DocumentPublicationRegistration.admitInitialAccepted,192,2130000000,0
baseline-trace,t00,1,8,publish,sql_usage,DocumentPublicationRegistration.preflight,192,6000000,0
baseline-trace,t00,1,8,publish,sql_usage,DocumentPublicationReplay.observe,384,1000000,0
baseline-trace,t00,1,8,publish,sql_usage,DocumentSchemaPolicies.read,192,4000000,0
baseline-trace,t00,1,8,publish,sql_usage,DocumentSelectedAttemptLedger.renew,192,1263000000,0
baseline-trace,t00,1,8,publish,sql_usage,DocumentSelectedAttemptLedger.renewOwnerAndSelections,384,2887000000,0
baseline-trace,t00,1,8,publish,sql_usage,RepositorySchemaArtifacts.stage,192,1899000000,0
baseline-trace,t00,1,8,read,jdbc_commit,DocumentHistoricalSchemas.authorize,256,1139226959,0
baseline-trace,t00,1,8,read,jdbc_commit,DocumentHistoricalSchemas.check,256,946133907,0
baseline-trace,t00,1,8,read,jdbc_commit,DocumentReadLedger$PinnedHistory.authorizeDelivery,768,3577373660,0
baseline-trace,t00,1,8,read,jdbc_commit,DocumentReadLedger.captureHistorical,256,955306927,0
baseline-trace,t00,1,8,read,jdbc_executeQuery,DocumentHistoricalReadRows.capture,512,266226792,0
baseline-trace,t00,1,8,read,jdbc_executeQuery,DocumentHistoricalSchemaRows.artifacts,512,102874288,0
baseline-trace,t00,1,8,read,jdbc_executeQuery,DocumentHistoricalSchemaRows.capture,512,316420022,0
baseline-trace,t00,1,8,read,jdbc_executeQuery,DocumentHistoricalSchemaRows.references,256,26736135,0
baseline-trace,t00,1,8,read,jdbc_executeQuery,DocumentHistoricalSchemaRows.roots,512,48023843,0
baseline-trace,t00,1,8,read,jdbc_executeQuery,DocumentReadLedger.lambda$captureHistorical$0,256,52788367,0
baseline-trace,t00,1,8,read,jdbc_executeQuery,DocumentReadPins.acquireHistorical,512,102026350,0
baseline-trace,t00,1,8,read,jdbc_executeQuery,DocumentRevisionLocks.lock,3072,584205730,0
baseline-trace,t00,1,8,read,jdbc_executeQuery,ManagedBackendLedger.requireAll,256,35798088,0
baseline-trace,t00,1,8,read,jdbc_executeUpdate,DocumentReadPins.acquireHistorical,256,236563040,0
baseline-trace,t00,1,8,read,sql_acquire,DocumentHistoricalSchemas.authorize,256,1197712870,0
baseline-trace,t00,1,8,read,sql_acquire,DocumentHistoricalSchemas.check,256,946181678,0
baseline-trace,t00,1,8,read,sql_acquire,DocumentReadLedger$PinnedHistory.authorizeDelivery,768,2954271100,0
baseline-trace,t00,1,8,read,sql_acquire,DocumentReadLedger.captureHistorical,256,1226849287,0
baseline-trace,t00,1,8,read,sql_usage,DocumentHistoricalSchemas.authorize,256,1146000000,0
baseline-trace,t00,1,8,read,sql_usage,DocumentHistoricalSchemas.check,256,1534000000,0
baseline-trace,t00,1,8,read,sql_usage,DocumentReadLedger$PinnedHistory.authorizeDelivery,768,3607000000,0
baseline-trace,t00,1,8,read,sql_usage,DocumentReadLedger.captureHistorical,256,1857000000,0
baseline-trace,t00,1,8,reject,jdbc_commit,DocumentAssessmentCreation.createInternal,64,230818692,0
baseline-trace,t00,1,8,reject,jdbc_commit,DocumentAssessmentCreation.lambda$createInternal$0,64,227653240,0
baseline-trace,t00,1,8,reject,jdbc_commit,DocumentAssessmentDeliveryAuthorization.check,256,936621240,0
baseline-trace,t00,1,8,reject,jdbc_commit,DocumentAssessmentDiscovery.discover,64,183038401,0
baseline-trace,t00,1,8,reject,jdbc_commit,DocumentAssessmentReconciliation.observeRetained,64,218184510,0
baseline-trace,t00,1,8,reject,jdbc_commit,DocumentAssessmentRejections.decide,64,232654026,0
baseline-trace,t00,1,8,reject,jdbc_commit,DocumentAssessmentReplayInputs.load,64,7139806,0
baseline-trace,t00,1,8,reject,jdbc_commit,DocumentAssessmentStartJournal.startRetained,64,194209170,0
baseline-trace,t00,1,8,reject,jdbc_commit,DocumentOperationUploadAdmission.captureReads,128,577002918,0
baseline-trace,t00,1,8,reject,jdbc_commit,DocumentOperationUploadAdmission.recheckInitialSelections,64,232100675,0
baseline-trace,t00,1,8,reject,jdbc_commit,DocumentOperationUploadAdmission.stage,64,336019723,0
baseline-trace,t00,1,8,reject,jdbc_commit,DocumentPublicationModesJournal.loadRetained,128,498650410,0
baseline-trace,t00,1,8,reject,jdbc_commit,DocumentPublicationModesJournal.requireObservedModes,256,951660970,0
baseline-trace,t00,1,8,reject,jdbc_commit,DocumentPublicationPreparationJournal.load,128,470313991,0
baseline-trace,t00,1,8,reject,jdbc_commit,DocumentPublicationRegistration.admitInitialAccepted,64,342942465,0
baseline-trace,t00,1,8,reject,jdbc_commit,DocumentPublicationRegistration.preflight,128,13862725,0
baseline-trace,t00,1,8,reject,jdbc_commit,DocumentPublicationReplay.observe,256,472665931,0
baseline-trace,t00,1,8,reject,jdbc_commit,DocumentSchemaPolicies.read,64,8071771,0
baseline-trace,t00,1,8,reject,jdbc_commit,DocumentSelectedAttemptLedger.renew,64,267555311,0
baseline-trace,t00,1,8,reject,jdbc_commit,DocumentSelectedAttemptLedger.renewOwnerAndSelections,128,460894828,0
baseline-trace,t00,1,8,reject,jdbc_commit,RepositorySchemaArtifacts.stage,64,235916395,0
baseline-trace,t00,1,8,reject,jdbc_executeBatch,DocumentAssessmentCreationWrites.lambda$writeRows$0,64,35515788,0
baseline-trace,t00,1,8,reject,jdbc_executeQuery,DocumentAssessmentDeliveryAuthorization.lambda$check$0,1280,165090763,0
baseline-trace,t00,1,8,reject,jdbc_executeQuery,DocumentAssessmentDeliveryAuthorization.requireLiveReadOwner,512,66029784,0
baseline-trace,t00,1,8,reject,jdbc_executeQuery,DocumentAssessmentDiscovery.lambda$discover$0,128,21683214,0
baseline-trace,t00,1,8,reject,jdbc_executeQuery,DocumentAssessmentReadRows.capture,192,649713251,0
baseline-trace,t00,1,8,reject,jdbc_executeQuery,DocumentAssessmentReconciliation.verifyRetained,256,48669501,0
baseline-trace,t00,1,8,reject,jdbc_executeQuery,DocumentAssessmentRejections.lambda$decide$0,256,42493754,0
baseline-trace,t00,1,8,reject,jdbc_executeQuery,DocumentAssessmentReplayInputs.artifacts,128,49807484,0
baseline-trace,t00,1,8,reject,jdbc_executeQuery,DocumentAssessmentReplayInputs.policy,128,21147160,0
baseline-trace,t00,1,8,reject,jdbc_executeQuery,DocumentAssessmentReplayInputs.read,128,34495449,0
baseline-trace,t00,1,8,reject,jdbc_executeQuery,DocumentAssessmentReplayInputs.roots,128,24609894,0
baseline-trace,t00,1,8,reject,jdbc_executeQuery,DocumentAssessmentRetainedEvidence.verify,64,10308421,0
baseline-trace,t00,1,8,reject,jdbc_executeQuery,DocumentAssessmentRetainedEvidence.verifyArtifacts,64,26327149,0
baseline-trace,t00,1,8,reject,jdbc_executeQuery,DocumentAssessmentRetainedSlots.retainedSelections,64,17617320,0
baseline-trace,t00,1,8,reject,jdbc_executeQuery,DocumentAssessmentRetainedSlots.verify,256,245932238,0
baseline-trace,t00,1,8,reject,jdbc_executeQuery,DocumentAssessmentStartJournal.insertStartedOutcome,64,10775085,0
baseline-trace,t00,1,8,reject,jdbc_executeQuery,DocumentAssessmentStartJournal.lambda$startRetained$2,64,10538214,0
baseline-trace,t00,1,8,reject,jdbc_executeQuery,DocumentAssessmentStartJournal.requireCreation,64,24316888,0
baseline-trace,t00,1,8,reject,jdbc_executeQuery,DocumentCommitParts.bind,128,37664573,0
baseline-trace,t00,1,8,reject,jdbc_executeQuery,DocumentCommitParts.read,64,19571715,0
baseline-trace,t00,1,8,reject,jdbc_executeQuery,DocumentCommitParts.selections,64,13511836,0
baseline-trace,t00,1,8,reject,jdbc_executeQuery,DocumentDriveSnapshot.lock,128,14274266,0
baseline-trace,t00,1,8,reject,jdbc_executeQuery,DocumentKeyReservations.reserveEncoded,64,14833107,0
baseline-trace,t00,1,8,reject,jdbc_executeQuery,DocumentOperationUploadAdmission.lambda$captureReads$0,192,47321022,0
baseline-trace,t00,1,8,reject,jdbc_executeQuery,DocumentOperationUploadAdmission.requireInitialSelections,64,11256368,0
baseline-trace,t00,1,8,reject,jdbc_executeQuery,DocumentOperationUploadAdmission.writeAdmissions,128,19858668,0
baseline-trace,t00,1,8,reject,jdbc_executeQuery,DocumentPartAttemptLedger.lockAll,384,37523465,0
baseline-trace,t00,1,8,reject,jdbc_executeQuery,DocumentPartAttemptLedger.read,128,10986899,0
baseline-trace,t00,1,8,reject,jdbc_executeQuery,DocumentPreparationHistoryRoots.coverage,64,7616908,0
baseline-trace,t00,1,8,reject,jdbc_executeQuery,DocumentPublicationModesJournal.readModes,192,19689075,0
baseline-trace,t00,1,8,reject,jdbc_executeQuery,DocumentPublicationPreparationJournal.capture,384,35524543,0
baseline-trace,t00,1,8,reject,jdbc_executeQuery,DocumentPublicationReplay.observe,832,97900703,0
baseline-trace,t00,1,8,reject,jdbc_executeQuery,DocumentRevisionLocks.lock,2304,356864415,0
baseline-trace,t00,1,8,reject,jdbc_executeQuery,DocumentSchemaPolicies.lambda$read$0,64,8418584,0
baseline-trace,t00,1,8,reject,jdbc_executeQuery,DocumentSchemaPolicies.lockCurrent,384,30188204,0
baseline-trace,t00,1,8,reject,jdbc_executeQuery,DocumentSchemaPolicies.select,192,19581539,0
baseline-trace,t00,1,8,reject,jdbc_executeQuery,DocumentSelectedAttemptLedger.lockSelected,64,8136507,0
baseline-trace,t00,1,8,reject,jdbc_executeQuery,DocumentSelectedAttemptLedger.requireOwner,192,47007315,0
baseline-trace,t00,1,8,reject,jdbc_executeQuery,DocumentSelectedAttemptLedger.requireSelections,384,71613222,0
baseline-trace,t00,1,8,reject,jdbc_executeQuery,DocumentUploadAdmissionReplay.hasSelections,64,5572604,0
baseline-trace,t00,1,8,reject,jdbc_executeQuery,ManagedBackendLedger.find,128,11866808,0
baseline-trace,t00,1,8,reject,jdbc_executeQuery,ManagedBackendLedger.requireAll,64,6247622,0
baseline-trace,t00,1,8,reject,jdbc_executeQuery,RepositoryCoordinatorBinding.bindInitial,64,6241058,0
baseline-trace,t00,1,8,reject,jdbc_executeQuery,RepositoryExecutionClaimLedger.live,64,7405419,0
baseline-trace,t00,1,8,reject,jdbc_executeQuery,RepositoryExecutionClaimLedger.lockLive,2304,603859972,0
baseline-trace,t00,1,8,reject,jdbc_executeQuery,RepositoryExecutionClaimLedger.readLocked,384,34461641,0
baseline-trace,t00,1,8,reject,jdbc_executeQuery,RepositoryOperationLedger.fenceLiveOwner,1344,747770635,0
baseline-trace,t00,1,8,reject,jdbc_executeQuery,RepositoryOperationLedger.live,192,24788042,0
baseline-trace,t00,1,8,reject,jdbc_executeQuery,RepositoryOperationLedger.read,64,7393919,0
baseline-trace,t00,1,8,reject,jdbc_executeQuery,RepositoryOperationLedger.readOwner,256,24615176,0
baseline-trace,t00,1,8,reject,jdbc_executeQuery,RepositoryOperationLedger.requireCommand,1344,136903099,0
baseline-trace,t00,1,8,reject,jdbc_executeQuery,RepositorySchemaArtifacts.lambda$stage$3,256,294950260,0
baseline-trace,t00,1,8,reject,jdbc_executeQuery,SqlTimeouts.apply,384,53106410,0
baseline-trace,t00,1,8,reject,jdbc_executeUpdate,DocumentAssessmentCreationWrites.insertOwner,64,59576432,0
baseline-trace,t00,1,8,reject,jdbc_executeUpdate,DocumentAssessmentCreationWrites.lambda$writeRows$1,64,48882124,0
baseline-trace,t00,1,8,reject,jdbc_executeUpdate,DocumentAssessmentCreationWrites.writeRows,448,644062107,0
baseline-trace,t00,1,8,reject,jdbc_executeUpdate,DocumentAssessmentReconciliation.verifyRetained,64,46972087,0
baseline-trace,t00,1,8,reject,jdbc_executeUpdate,DocumentAssessmentRejections.lambda$decide$0,64,46372564,0
baseline-trace,t00,1,8,reject,jdbc_executeUpdate,DocumentAssessmentStartJournal.insertStartedOutcome,64,52072948,0
baseline-trace,t00,1,8,reject,jdbc_executeUpdate,DocumentOperationSelection.insert,64,65526520,0
baseline-trace,t00,1,8,reject,jdbc_executeUpdate,DocumentOperationUploadAdmission.writeAdmissions,128,68291461,0
baseline-trace,t00,1,8,reject,jdbc_executeUpdate,DocumentPartAttemptLedger.insertEncodedRows,64,56993255,0
baseline-trace,t00,1,8,reject,jdbc_executeUpdate,DocumentPreparationCoverageCertificates.insert,64,21858576,0
baseline-trace,t00,1,8,reject,jdbc_executeUpdate,DocumentPreparationHistoryRoots.insert,128,36939546,0
baseline-trace,t00,1,8,reject,jdbc_executeUpdate,DocumentPublicationModesJournal.insert,64,36927362,0
baseline-trace,t00,1,8,reject,jdbc_executeUpdate,DocumentPublicationPreparationJournal.insert,64,43741816,0
baseline-trace,t00,1,8,reject,jdbc_executeUpdate,DocumentSelectedAttemptLedger.renewSelections,192,115721391,0
baseline-trace,t00,1,8,reject,jdbc_executeUpdate,RepositoryCoordinatorBinding.bindInitial,64,19603028,0
baseline-trace,t00,1,8,reject,jdbc_executeUpdate,RepositoryExecutionClaimLedger.acquireInitialChecked,64,23454684,0
baseline-trace,t00,1,8,reject,jdbc_executeUpdate,RepositoryExecutionClaimLedger.renewLive,128,24020130,0
baseline-trace,t00,1,8,reject,jdbc_executeUpdate,RepositoryOperationLedger.admitInTransaction,128,60813338,0
baseline-trace,t00,1,8,reject,jdbc_executeUpdate,RepositoryOperationLedger.renewLive,128,69096076,0
baseline-trace,t00,1,8,reject,sql_acquire,DocumentAssessmentCreation.createInternal,64,297070412,0
baseline-trace,t00,1,8,reject,sql_acquire,DocumentAssessmentCreation.lambda$createInternal$0,64,276094029,0
baseline-trace,t00,1,8,reject,sql_acquire,DocumentAssessmentDeliveryAuthorization.check,256,1010275706,0
baseline-trace,t00,1,8,reject,sql_acquire,DocumentAssessmentDiscovery.discover,64,209471930,0
baseline-trace,t00,1,8,reject,sql_acquire,DocumentAssessmentReconciliation.observeRetained,64,283221841,0
baseline-trace,t00,1,8,reject,sql_acquire,DocumentAssessmentRejections.decide,64,243516045,0
baseline-trace,t00,1,8,reject,sql_acquire,DocumentAssessmentReplayInputs.load,64,229575888,0
baseline-trace,t00,1,8,reject,sql_acquire,DocumentAssessmentStartJournal.startRetained,64,209220610,0
baseline-trace,t00,1,8,reject,sql_acquire,DocumentOperationUploadAdmission.captureReads,128,497268705,0
baseline-trace,t00,1,8,reject,sql_acquire,DocumentOperationUploadAdmission.recheckInitialSelections,64,161321906,0
baseline-trace,t00,1,8,reject,sql_acquire,DocumentOperationUploadAdmission.stage,64,193865852,0
baseline-trace,t00,1,8,reject,sql_acquire,DocumentPublicationModesJournal.loadRetained,128,444840596,0
baseline-trace,t00,1,8,reject,sql_acquire,DocumentPublicationModesJournal.requireObservedModes,256,974325465,0
baseline-trace,t00,1,8,reject,sql_acquire,DocumentPublicationPreparationJournal.load,128,476511201,0
baseline-trace,t00,1,8,reject,sql_acquire,DocumentPublicationRegistration.admitInitialAccepted,64,291154235,0
baseline-trace,t00,1,8,reject,sql_acquire,DocumentPublicationRegistration.preflight,128,484019397,0
baseline-trace,t00,1,8,reject,sql_acquire,DocumentPublicationReplay.observe,256,1165212282,0
baseline-trace,t00,1,8,reject,sql_acquire,DocumentSchemaPolicies.read,64,210554492,0
baseline-trace,t00,1,8,reject,sql_acquire,DocumentSelectedAttemptLedger.renew,64,196092610,0
baseline-trace,t00,1,8,reject,sql_acquire,DocumentSelectedAttemptLedger.renewOwnerAndSelections,128,461406276,0
baseline-trace,t00,1,8,reject,sql_acquire,RepositorySchemaArtifacts.stage,64,265555906,0
baseline-trace,t00,1,8,reject,sql_usage,DocumentAssessmentCreation.createInternal,64,1387000000,0
baseline-trace,t00,1,8,reject,sql_usage,DocumentAssessmentCreation.lambda$createInternal$0,64,303000000,0
baseline-trace,t00,1,8,reject,sql_usage,DocumentAssessmentDeliveryAuthorization.check,256,1269000000,0
baseline-trace,t00,1,8,reject,sql_usage,DocumentAssessmentDiscovery.discover,64,347000000,0
baseline-trace,t00,1,8,reject,sql_usage,DocumentAssessmentReconciliation.observeRetained,64,1474000000,0
baseline-trace,t00,1,8,reject,sql_usage,DocumentAssessmentRejections.decide,64,544000000,0
baseline-trace,t00,1,8,reject,sql_usage,DocumentAssessmentReplayInputs.load,64,207000000,0
baseline-trace,t00,1,8,reject,sql_usage,DocumentAssessmentStartJournal.startRetained,64,335000000,0
baseline-trace,t00,1,8,reject,sql_usage,DocumentOperationUploadAdmission.captureReads,128,776000000,0
baseline-trace,t00,1,8,reject,sql_usage,DocumentOperationUploadAdmission.recheckInitialSelections,64,311000000,0
baseline-trace,t00,1,8,reject,sql_usage,DocumentOperationUploadAdmission.stage,64,696000000,0
baseline-trace,t00,1,8,reject,sql_usage,DocumentPublicationModesJournal.loadRetained,128,495000000,0
baseline-trace,t00,1,8,reject,sql_usage,DocumentPublicationModesJournal.requireObservedModes,256,1217000000,0
baseline-trace,t00,1,8,reject,sql_usage,DocumentPublicationPreparationJournal.load,128,484000000,0
baseline-trace,t00,1,8,reject,sql_usage,DocumentPublicationRegistration.admitInitialAccepted,64,730000000,0
baseline-trace,t00,1,8,reject,sql_usage,DocumentPublicationRegistration.preflight,128,8000000,0
baseline-trace,t00,1,8,reject,sql_usage,DocumentPublicationReplay.observe,256,539000000,0
baseline-trace,t00,1,8,reject,sql_usage,DocumentSchemaPolicies.read,64,6000000,0
baseline-trace,t00,1,8,reject,sql_usage,DocumentSelectedAttemptLedger.renew,64,421000000,0
baseline-trace,t00,1,8,reject,sql_usage,DocumentSelectedAttemptLedger.renewOwnerAndSelections,128,887000000,0
baseline-trace,t00,1,8,reject,sql_usage,RepositorySchemaArtifacts.stage,64,648000000,0
baseline-trace,t00,1,8,replay,jdbc_commit,DocumentPublicationReplay.observe,256,1080690283,0
baseline-trace,t00,1,8,replay,jdbc_executeQuery,DocumentPublicationReplay.observe,768,95565143,0
baseline-trace,t00,1,8,replay,jdbc_executeQuery,DocumentPublicationReplay.requireRevisions,192,39220625,0
baseline-trace,t00,1,8,replay,jdbc_executeQuery,DocumentRevisionLocks.lock,512,80358728,0
baseline-trace,t00,1,8,replay,jdbc_executeQuery,RepositoryOperationLedger.requireCommand,256,28912432,0
baseline-trace,t00,1,8,replay,sql_acquire,DocumentPublicationReplay.observe,256,1302803918,0
baseline-trace,t00,1,8,replay,sql_usage,DocumentPublicationReplay.observe,256,1337000000,0
baseline-trace,t00,1,8,unscoped,jdbc_commit,DocumentAssessmentReadProtection.finish,63,264342090,0
baseline-trace,t00,1,8,unscoped,jdbc_commit,DocumentReadPins.finish,256,1308184352,0
baseline-trace,t00,1,8,unscoped,jdbc_commit,DocumentSelectedAttemptLedger.verifyBatch,256,1103166565,0
baseline-trace,t00,1,8,unscoped,jdbc_executeQuery,DocumentAssessmentReadProtection.lambda$finish$0,63,35097024,0
baseline-trace,t00,1,8,unscoped,jdbc_executeQuery,DocumentPartAttemptLedger.read,512,54898813,0
baseline-trace,t00,1,8,unscoped,jdbc_executeQuery,DocumentReadPins.lambda$finish$0,256,254708519,0
baseline-trace,t00,1,8,unscoped,jdbc_executeQuery,DocumentSelectedAttemptLedger.lockSelected,512,69864720,0
baseline-trace,t00,1,8,unscoped,jdbc_executeQuery,DocumentSelectedAttemptLedger.requireOwner,256,56532910,0
baseline-trace,t00,1,8,unscoped,jdbc_executeQuery,RepositoryExecutionClaimLedger.lockLive,256,69909669,0
baseline-trace,t00,1,8,unscoped,jdbc_executeQuery,RepositoryOperationLedger.fenceLiveOwner,256,153937117,0
baseline-trace,t00,1,8,unscoped,jdbc_executeQuery,SqlTimeouts.apply,256,33792052,0
baseline-trace,t00,1,8,unscoped,jdbc_executeUpdate,DocumentSelectedAttemptLedger.verifyBatch,512,342618384,0
baseline-trace,t00,1,8,unscoped,provider_getBounded,DocumentPartTransfer.upload,256,465373410,0
baseline-trace,t00,1,8,unscoped,provider_getBounded,outside_ledger,320,620843401,0
baseline-trace,t00,1,8,unscoped,provider_put,DocumentPartTransfer.upload,256,18222518515,0
baseline-trace,t00,1,8,unscoped,sql_acquire,DocumentAssessmentReadProtection.finish,63,203429701,0
baseline-trace,t00,1,8,unscoped,sql_acquire,DocumentReadPins.finish,256,715982532,0
baseline-trace,t00,1,8,unscoped,sql_acquire,DocumentSelectedAttemptLedger.verifyBatch,256,838152166,0
baseline-trace,t00,1,8,unscoped,sql_usage,DocumentAssessmentReadProtection.finish,63,277000000,0
baseline-trace,t00,1,8,unscoped,sql_usage,DocumentReadPins.finish,256,1458000000,0
baseline-trace,t00,1,8,unscoped,sql_usage,DocumentSelectedAttemptLedger.verifyBatch,256,1865000000,0
baseline-trace,t01,4,8,publish,jdbc_commit,DocumentOperationUploadAdmission.captureReads,384,1959276802,0
baseline-trace,t01,4,8,publish,jdbc_commit,DocumentOperationUploadAdmission.recheckInitialSelections,192,862151725,0
baseline-trace,t01,4,8,publish,jdbc_commit,DocumentOperationUploadAdmission.stage,192,1072480250,0
baseline-trace,t01,4,8,publish,jdbc_commit,DocumentPublicationCommit.commitInternal,192,859944510,0
baseline-trace,t01,4,8,publish,jdbc_commit,DocumentPublicationModesJournal.requireObservedModes,384,1732986624,0
baseline-trace,t01,4,8,publish,jdbc_commit,DocumentPublicationRegistration.admitInitialAccepted,192,1028181936,0
baseline-trace,t01,4,8,publish,jdbc_commit,DocumentPublicationRegistration.preflight,192,39432601,0
baseline-trace,t01,4,8,publish,jdbc_commit,DocumentPublicationReplay.observe,384,54397407,0
baseline-trace,t01,4,8,publish,jdbc_commit,DocumentSchemaPolicies.read,192,31937045,0
baseline-trace,t01,4,8,publish,jdbc_commit,DocumentSelectedAttemptLedger.renew,192,932812081,0
baseline-trace,t01,4,8,publish,jdbc_commit,DocumentSelectedAttemptLedger.renewOwnerAndSelections,384,1959818584,0
baseline-trace,t01,4,8,publish,jdbc_commit,RepositorySchemaArtifacts.stage,192,879731253,0
baseline-trace,t01,4,8,publish,jdbc_executeBatch,DocumentSchemaRetention.flush,576,687717257,0
baseline-trace,t01,4,8,publish,jdbc_executeQuery,DocumentAdmissionSnapshot.prepare,192,95761909,0
baseline-trace,t01,4,8,publish,jdbc_executeQuery,DocumentCommitParts.bind,192,56410003,0
baseline-trace,t01,4,8,publish,jdbc_executeQuery,DocumentCommitParts.read,192,179786383,0
baseline-trace,t01,4,8,publish,jdbc_executeQuery,DocumentCommitParts.selections,192,99099707,0
baseline-trace,t01,4,8,publish,jdbc_executeQuery,DocumentCommitWriter.write,384,77296311,0
baseline-trace,t01,4,8,publish,jdbc_executeQuery,DocumentDriveSnapshot.lock,384,81255945,0
baseline-trace,t01,4,8,publish,jdbc_executeQuery,DocumentKeyReservations.reserveEncoded,192,72832703,0
baseline-trace,t01,4,8,publish,jdbc_executeQuery,DocumentOperationUploadAdmission.lambda$captureReads$0,576,195843886,0
baseline-trace,t01,4,8,publish,jdbc_executeQuery,DocumentOperationUploadAdmission.requireInitialSelections,192,74031672,0
baseline-trace,t01,4,8,publish,jdbc_executeQuery,DocumentOperationUploadAdmission.writeAdmissions,384,90032471,0
baseline-trace,t01,4,8,publish,jdbc_executeQuery,DocumentPartAttemptLedger.lockAll,1152,162156043,0
baseline-trace,t01,4,8,publish,jdbc_executeQuery,DocumentPartAttemptLedger.read,384,71538353,0
baseline-trace,t01,4,8,publish,jdbc_executeQuery,DocumentPreparationHistoryRoots.coverage,192,61051762,0
baseline-trace,t01,4,8,publish,jdbc_executeQuery,DocumentPublicationLocks$IndependentOrigins.requireScope,384,60701161,0
baseline-trace,t01,4,8,publish,jdbc_executeQuery,DocumentPublicationLocks.lockIndependentOrigins,960,202073361,0
baseline-trace,t01,4,8,publish,jdbc_executeQuery,DocumentPublicationLocks.lockIndependentRetention,192,51637178,0
baseline-trace,t01,4,8,publish,jdbc_executeQuery,DocumentPublicationModeBinding.require,192,70699912,0
baseline-trace,t01,4,8,publish,jdbc_executeQuery,DocumentPublicationModesJournal.readModes,192,32368697,0
baseline-trace,t01,4,8,publish,jdbc_executeQuery,DocumentPublicationPreparationJournal.capture,384,56359123,0
baseline-trace,t01,4,8,publish,jdbc_executeQuery,DocumentPublicationReplay.observe,768,172403763,0
baseline-trace,t01,4,8,publish,jdbc_executeQuery,DocumentRevisionLocks.lock,2304,668189824,0
baseline-trace,t01,4,8,publish,jdbc_executeQuery,DocumentSchemaBatch.lockArtifacts,960,217619772,0
baseline-trace,t01,4,8,publish,jdbc_executeQuery,DocumentSchemaPolicies.lambda$read$0,192,34841474,0
baseline-trace,t01,4,8,publish,jdbc_executeQuery,DocumentSchemaPolicies.lockCurrent,576,91542853,0
baseline-trace,t01,4,8,publish,jdbc_executeQuery,DocumentSchemaPolicies.select,384,74971167,0
baseline-trace,t01,4,8,publish,jdbc_executeQuery,DocumentSchemaRetention.requireFragments,192,411706604,0
baseline-trace,t01,4,8,publish,jdbc_executeQuery,DocumentSchemaRetention.requireRevision,192,51268562,0
baseline-trace,t01,4,8,publish,jdbc_executeQuery,DocumentSchemaRetention.write,192,64654779,0
baseline-trace,t01,4,8,publish,jdbc_executeQuery,DocumentSelectedAttemptLedger.lockSelected,192,47936593,0
baseline-trace,t01,4,8,publish,jdbc_executeQuery,DocumentSelectedAttemptLedger.requireOwner,576,177370709,0
baseline-trace,t01,4,8,publish,jdbc_executeQuery,DocumentSelectedAttemptLedger.requireSelections,1152,277323399,0
baseline-trace,t01,4,8,publish,jdbc_executeQuery,DocumentUploadAdmissionReplay.hasSelections,192,36308195,0
baseline-trace,t01,4,8,publish,jdbc_executeQuery,ManagedBackendLedger.find,384,69731885,0
baseline-trace,t01,4,8,publish,jdbc_executeQuery,RepositoryCoordinatorBinding.bindInitial,192,32401260,0
baseline-trace,t01,4,8,publish,jdbc_executeQuery,RepositoryExecutionClaimLedger.live,192,34126679,0
baseline-trace,t01,4,8,publish,jdbc_executeQuery,RepositoryExecutionClaimLedger.lockLive,3456,1288210102,0
baseline-trace,t01,4,8,publish,jdbc_executeQuery,RepositoryExecutionClaimLedger.readLocked,1152,146163039,0
baseline-trace,t01,4,8,publish,jdbc_executeQuery,RepositoryOperationLedger.fenceLiveOwner,1920,1453974687,0
baseline-trace,t01,4,8,publish,jdbc_executeQuery,RepositoryOperationLedger.live,576,123598335,0
baseline-trace,t01,4,8,publish,jdbc_executeQuery,RepositoryOperationLedger.read,192,44228898,0
baseline-trace,t01,4,8,publish,jdbc_executeQuery,RepositoryOperationLedger.readOwner,768,110743484,0
baseline-trace,t01,4,8,publish,jdbc_executeQuery,RepositoryOperationLedger.requireCommand,1920,296697797,0
baseline-trace,t01,4,8,publish,jdbc_executeQuery,RepositorySchemaArtifacts.lambda$stage$3,768,851615833,0
baseline-trace,t01,4,8,publish,jdbc_executeQuery,SqlTimeouts.apply,1152,205944792,0
baseline-trace,t01,4,8,publish,jdbc_executeUpdate,DocumentCommitWriter.write,1344,1727012147,0
baseline-trace,t01,4,8,publish,jdbc_executeUpdate,DocumentOperationSelection.insert,192,273194480,0
baseline-trace,t01,4,8,publish,jdbc_executeUpdate,DocumentOperationUploadAdmission.writeAdmissions,384,318184244,0
baseline-trace,t01,4,8,publish,jdbc_executeUpdate,DocumentPartAttemptLedger.insertEncodedRows,192,214435721,0
baseline-trace,t01,4,8,publish,jdbc_executeUpdate,DocumentPreparationCoverageCertificates.insert,192,120544842,0
baseline-trace,t01,4,8,publish,jdbc_executeUpdate,DocumentPreparationHistoryRoots.insert,384,199428991,0
baseline-trace,t01,4,8,publish,jdbc_executeUpdate,DocumentPublicationCommit.lambda$commitInternal$6,576,1208243445,0
baseline-trace,t01,4,8,publish,jdbc_executeUpdate,DocumentPublicationModesJournal.insert,192,171133734,0
baseline-trace,t01,4,8,publish,jdbc_executeUpdate,DocumentPublicationPreparationJournal.insert,192,201424192,0
baseline-trace,t01,4,8,publish,jdbc_executeUpdate,DocumentSchemaAdmissionBinding.insert,192,218566096,0
baseline-trace,t01,4,8,publish,jdbc_executeUpdate,DocumentSelectedAttemptLedger.renewSelections,576,424814211,0
baseline-trace,t01,4,8,publish,jdbc_executeUpdate,RepositoryCoordinatorBinding.bindInitial,192,98505457,0
baseline-trace,t01,4,8,publish,jdbc_executeUpdate,RepositoryExecutionClaimLedger.acquireInitialChecked,192,90197033,0
baseline-trace,t01,4,8,publish,jdbc_executeUpdate,RepositoryExecutionClaimLedger.renewLive,384,99890571,0
baseline-trace,t01,4,8,publish,jdbc_executeUpdate,RepositoryOperationLedger.admitInTransaction,384,300223943,0
baseline-trace,t01,4,8,publish,jdbc_executeUpdate,RepositoryOperationLedger.renewLive,384,275738497,0
baseline-trace,t01,4,8,publish,sql_acquire,DocumentOperationUploadAdmission.captureReads,384,1262992,0
baseline-trace,t01,4,8,publish,sql_acquire,DocumentOperationUploadAdmission.recheckInitialSelections,192,687177,0
baseline-trace,t01,4,8,publish,sql_acquire,DocumentOperationUploadAdmission.stage,192,471483,0
baseline-trace,t01,4,8,publish,sql_acquire,DocumentPublicationCommit.commitInternal,192,653999,0
baseline-trace,t01,4,8,publish,sql_acquire,DocumentPublicationModesJournal.requireObservedModes,384,1360172,0
baseline-trace,t01,4,8,publish,sql_acquire,DocumentPublicationRegistration.admitInitialAccepted,192,427289,0
baseline-trace,t01,4,8,publish,sql_acquire,DocumentPublicationRegistration.preflight,192,388652,0
baseline-trace,t01,4,8,publish,sql_acquire,DocumentPublicationReplay.observe,384,1112571,0
baseline-trace,t01,4,8,publish,sql_acquire,DocumentSchemaPolicies.read,192,590297,0
baseline-trace,t01,4,8,publish,sql_acquire,DocumentSelectedAttemptLedger.renew,192,964782,0
baseline-trace,t01,4,8,publish,sql_acquire,DocumentSelectedAttemptLedger.renewOwnerAndSelections,384,1140751,0
baseline-trace,t01,4,8,publish,sql_acquire,RepositorySchemaArtifacts.stage,192,794360,0
baseline-trace,t01,4,8,publish,sql_usage,DocumentOperationUploadAdmission.captureReads,384,3068000000,0
baseline-trace,t01,4,8,publish,sql_usage,DocumentOperationUploadAdmission.recheckInitialSelections,192,1208000000,0
baseline-trace,t01,4,8,publish,sql_usage,DocumentOperationUploadAdmission.stage,192,2954000000,0
baseline-trace,t01,4,8,publish,sql_usage,DocumentPublicationCommit.commitInternal,192,8888000000,0
baseline-trace,t01,4,8,publish,sql_usage,DocumentPublicationModesJournal.requireObservedModes,384,2414000000,0
baseline-trace,t01,4,8,publish,sql_usage,DocumentPublicationRegistration.admitInitialAccepted,192,3158000000,0
baseline-trace,t01,4,8,publish,sql_usage,DocumentPublicationRegistration.preflight,192,174000000,0
baseline-trace,t01,4,8,publish,sql_usage,DocumentPublicationReplay.observe,384,114000000,0
baseline-trace,t01,4,8,publish,sql_usage,DocumentSchemaPolicies.read,192,114000000,0
baseline-trace,t01,4,8,publish,sql_usage,DocumentSelectedAttemptLedger.renew,192,1600000000,0
baseline-trace,t01,4,8,publish,sql_usage,DocumentSelectedAttemptLedger.renewOwnerAndSelections,384,3954000000,0
baseline-trace,t01,4,8,publish,sql_usage,RepositorySchemaArtifacts.stage,192,2327000000,0
baseline-trace,t01,4,8,read,jdbc_commit,DocumentHistoricalSchemas.authorize,256,1152684188,0
baseline-trace,t01,4,8,read,jdbc_commit,DocumentHistoricalSchemas.check,256,1105967858,0
baseline-trace,t01,4,8,read,jdbc_commit,DocumentReadLedger$PinnedHistory.authorizeDelivery,768,3634279984,0
baseline-trace,t01,4,8,read,jdbc_commit,DocumentReadLedger.captureHistorical,256,1202524983,0
baseline-trace,t01,4,8,read,jdbc_executeQuery,DocumentHistoricalReadRows.capture,512,739626608,0
baseline-trace,t01,4,8,read,jdbc_executeQuery,DocumentHistoricalSchemaRows.artifacts,512,182009104,0
baseline-trace,t01,4,8,read,jdbc_executeQuery,DocumentHistoricalSchemaRows.capture,512,638647044,0
baseline-trace,t01,4,8,read,jdbc_executeQuery,DocumentHistoricalSchemaRows.references,256,55051781,0
baseline-trace,t01,4,8,read,jdbc_executeQuery,DocumentHistoricalSchemaRows.roots,512,94382815,0
baseline-trace,t01,4,8,read,jdbc_executeQuery,DocumentReadLedger.lambda$captureHistorical$0,256,78852380,0
baseline-trace,t01,4,8,read,jdbc_executeQuery,DocumentReadPins.acquireHistorical,512,223761636,0
baseline-trace,t01,4,8,read,jdbc_executeQuery,DocumentRevisionLocks.lock,3072,1042759798,0
baseline-trace,t01,4,8,read,jdbc_executeQuery,ManagedBackendLedger.requireAll,256,61099998,0
baseline-trace,t01,4,8,read,jdbc_executeUpdate,DocumentReadPins.acquireHistorical,256,380236115,0
baseline-trace,t01,4,8,read,sql_acquire,DocumentHistoricalSchemas.authorize,256,1030983,0
baseline-trace,t01,4,8,read,sql_acquire,DocumentHistoricalSchemas.check,256,831927,0
baseline-trace,t01,4,8,read,sql_acquire,DocumentReadLedger$PinnedHistory.authorizeDelivery,768,2548781,0
baseline-trace,t01,4,8,read,sql_acquire,DocumentReadLedger.captureHistorical,256,1630943,0
baseline-trace,t01,4,8,read,sql_usage,DocumentHistoricalSchemas.authorize,256,1357000000,0
baseline-trace,t01,4,8,read,sql_usage,DocumentHistoricalSchemas.check,256,2382000000,0
baseline-trace,t01,4,8,read,sql_usage,DocumentReadLedger$PinnedHistory.authorizeDelivery,768,4097000000,0
baseline-trace,t01,4,8,read,sql_usage,DocumentReadLedger.captureHistorical,256,3259000000,0
baseline-trace,t01,4,8,reject,jdbc_commit,DocumentAssessmentCreation.createInternal,64,193202085,0
baseline-trace,t01,4,8,reject,jdbc_commit,DocumentAssessmentCreation.lambda$createInternal$0,64,201218860,0
baseline-trace,t01,4,8,reject,jdbc_commit,DocumentAssessmentDeliveryAuthorization.check,256,905472063,0
baseline-trace,t01,4,8,reject,jdbc_commit,DocumentAssessmentDiscovery.discover,64,218299186,0
baseline-trace,t01,4,8,reject,jdbc_commit,DocumentAssessmentReconciliation.observeRetained,64,230755185,0
baseline-trace,t01,4,8,reject,jdbc_commit,DocumentAssessmentRejections.decide,64,227126086,0
baseline-trace,t01,4,8,reject,jdbc_commit,DocumentAssessmentReplayInputs.load,64,12160362,0
baseline-trace,t01,4,8,reject,jdbc_commit,DocumentAssessmentStartJournal.startRetained,64,186369800,0
baseline-trace,t01,4,8,reject,jdbc_commit,DocumentOperationUploadAdmission.captureReads,128,475876868,0
baseline-trace,t01,4,8,reject,jdbc_commit,DocumentOperationUploadAdmission.recheckInitialSelections,64,278118265,0
baseline-trace,t01,4,8,reject,jdbc_commit,DocumentOperationUploadAdmission.stage,64,338228460,0
baseline-trace,t01,4,8,reject,jdbc_commit,DocumentPublicationModesJournal.loadRetained,128,451613172,0
baseline-trace,t01,4,8,reject,jdbc_commit,DocumentPublicationModesJournal.requireObservedModes,256,895994141,0
baseline-trace,t01,4,8,reject,jdbc_commit,DocumentPublicationPreparationJournal.load,128,460057377,0
baseline-trace,t01,4,8,reject,jdbc_commit,DocumentPublicationRegistration.admitInitialAccepted,64,312259626,0
baseline-trace,t01,4,8,reject,jdbc_commit,DocumentPublicationRegistration.preflight,128,21567748,0
baseline-trace,t01,4,8,reject,jdbc_commit,DocumentPublicationReplay.observe,256,417168530,0
baseline-trace,t01,4,8,reject,jdbc_commit,DocumentSchemaPolicies.read,64,11012065,0
baseline-trace,t01,4,8,reject,jdbc_commit,DocumentSelectedAttemptLedger.renew,64,241571875,0
baseline-trace,t01,4,8,reject,jdbc_commit,DocumentSelectedAttemptLedger.renewOwnerAndSelections,128,538102576,0
baseline-trace,t01,4,8,reject,jdbc_commit,RepositorySchemaArtifacts.stage,64,247694173,0
baseline-trace,t01,4,8,reject,jdbc_executeBatch,DocumentAssessmentCreationWrites.lambda$writeRows$0,64,55527256,0
baseline-trace,t01,4,8,reject,jdbc_executeQuery,DocumentAssessmentDeliveryAuthorization.lambda$check$0,1280,280189189,0
baseline-trace,t01,4,8,reject,jdbc_executeQuery,DocumentAssessmentDeliveryAuthorization.requireLiveReadOwner,512,104621885,0
baseline-trace,t01,4,8,reject,jdbc_executeQuery,DocumentAssessmentDiscovery.lambda$discover$0,128,36137295,0
baseline-trace,t01,4,8,reject,jdbc_executeQuery,DocumentAssessmentReadRows.capture,192,888634085,0
baseline-trace,t01,4,8,reject,jdbc_executeQuery,DocumentAssessmentReconciliation.verifyRetained,256,73389799,0
baseline-trace,t01,4,8,reject,jdbc_executeQuery,DocumentAssessmentRejections.lambda$decide$0,256,71010069,0
baseline-trace,t01,4,8,reject,jdbc_executeQuery,DocumentAssessmentReplayInputs.artifacts,128,89006853,0
baseline-trace,t01,4,8,reject,jdbc_executeQuery,DocumentAssessmentReplayInputs.policy,128,33699096,0
baseline-trace,t01,4,8,reject,jdbc_executeQuery,DocumentAssessmentReplayInputs.read,128,61941033,0
baseline-trace,t01,4,8,reject,jdbc_executeQuery,DocumentAssessmentReplayInputs.roots,128,43967380,0
baseline-trace,t01,4,8,reject,jdbc_executeQuery,DocumentAssessmentRetainedEvidence.verify,64,19337499,0
baseline-trace,t01,4,8,reject,jdbc_executeQuery,DocumentAssessmentRetainedEvidence.verifyArtifacts,64,39475440,0
baseline-trace,t01,4,8,reject,jdbc_executeQuery,DocumentAssessmentRetainedSlots.retainedSelections,64,33827774,0
baseline-trace,t01,4,8,reject,jdbc_executeQuery,DocumentAssessmentRetainedSlots.verify,256,323130974,0
baseline-trace,t01,4,8,reject,jdbc_executeQuery,DocumentAssessmentStartJournal.insertStartedOutcome,64,35833668,0
baseline-trace,t01,4,8,reject,jdbc_executeQuery,DocumentAssessmentStartJournal.lambda$startRetained$2,64,18027486,0
baseline-trace,t01,4,8,reject,jdbc_executeQuery,DocumentAssessmentStartJournal.requireCreation,64,40025306,0
baseline-trace,t01,4,8,reject,jdbc_executeQuery,DocumentCommitParts.bind,128,57378122,0
baseline-trace,t01,4,8,reject,jdbc_executeQuery,DocumentCommitParts.read,64,49856666,0
baseline-trace,t01,4,8,reject,jdbc_executeQuery,DocumentCommitParts.selections,64,25995859,0
baseline-trace,t01,4,8,reject,jdbc_executeQuery,DocumentDriveSnapshot.lock,128,27915901,0
baseline-trace,t01,4,8,reject,jdbc_executeQuery,DocumentKeyReservations.reserveEncoded,64,25014915,0
baseline-trace,t01,4,8,reject,jdbc_executeQuery,DocumentOperationUploadAdmission.lambda$captureReads$0,192,69557853,0
baseline-trace,t01,4,8,reject,jdbc_executeQuery,DocumentOperationUploadAdmission.requireInitialSelections,64,25095571,0
baseline-trace,t01,4,8,reject,jdbc_executeQuery,DocumentOperationUploadAdmission.writeAdmissions,128,41355700,0
baseline-trace,t01,4,8,reject,jdbc_executeQuery,DocumentPartAttemptLedger.lockAll,384,57045561,0
baseline-trace,t01,4,8,reject,jdbc_executeQuery,DocumentPartAttemptLedger.read,128,24336402,0
baseline-trace,t01,4,8,reject,jdbc_executeQuery,DocumentPreparationHistoryRoots.coverage,64,16935639,0
baseline-trace,t01,4,8,reject,jdbc_executeQuery,DocumentPublicationModesJournal.readModes,192,32108006,0
baseline-trace,t01,4,8,reject,jdbc_executeQuery,DocumentPublicationPreparationJournal.capture,384,56705844,0
baseline-trace,t01,4,8,reject,jdbc_executeQuery,DocumentPublicationReplay.observe,832,168566373,0
baseline-trace,t01,4,8,reject,jdbc_executeQuery,DocumentRevisionLocks.lock,2304,685474854,0
baseline-trace,t01,4,8,reject,jdbc_executeQuery,DocumentSchemaPolicies.lambda$read$0,64,15471808,0
baseline-trace,t01,4,8,reject,jdbc_executeQuery,DocumentSchemaPolicies.lockCurrent,384,50748096,0
baseline-trace,t01,4,8,reject,jdbc_executeQuery,DocumentSchemaPolicies.select,192,34065720,0
baseline-trace,t01,4,8,reject,jdbc_executeQuery,DocumentSelectedAttemptLedger.lockSelected,64,14768668,0
baseline-trace,t01,4,8,reject,jdbc_executeQuery,DocumentSelectedAttemptLedger.requireOwner,192,60507622,0
baseline-trace,t01,4,8,reject,jdbc_executeQuery,DocumentSelectedAttemptLedger.requireSelections,384,105657694,0
baseline-trace,t01,4,8,reject,jdbc_executeQuery,DocumentUploadAdmissionReplay.hasSelections,64,13955637,0
baseline-trace,t01,4,8,reject,jdbc_executeQuery,ManagedBackendLedger.find,128,23697918,0
baseline-trace,t01,4,8,reject,jdbc_executeQuery,ManagedBackendLedger.requireAll,64,10844713,0
baseline-trace,t01,4,8,reject,jdbc_executeQuery,RepositoryCoordinatorBinding.bindInitial,64,9440560,0
baseline-trace,t01,4,8,reject,jdbc_executeQuery,RepositoryExecutionClaimLedger.live,64,10449025,0
baseline-trace,t01,4,8,reject,jdbc_executeQuery,RepositoryExecutionClaimLedger.lockLive,2304,904011138,0
baseline-trace,t01,4,8,reject,jdbc_executeQuery,RepositoryExecutionClaimLedger.readLocked,384,52051563,0
baseline-trace,t01,4,8,reject,jdbc_executeQuery,RepositoryOperationLedger.fenceLiveOwner,1344,1079392981,0
baseline-trace,t01,4,8,reject,jdbc_executeQuery,RepositoryOperationLedger.live,192,41212386,0
baseline-trace,t01,4,8,reject,jdbc_executeQuery,RepositoryOperationLedger.read,64,14556276,0
baseline-trace,t01,4,8,reject,jdbc_executeQuery,RepositoryOperationLedger.readOwner,256,41071186,0
baseline-trace,t01,4,8,reject,jdbc_executeQuery,RepositoryOperationLedger.requireCommand,1344,232085954,0
baseline-trace,t01,4,8,reject,jdbc_executeQuery,RepositorySchemaArtifacts.lambda$stage$3,256,330852479,0
baseline-trace,t01,4,8,reject,jdbc_executeQuery,SqlTimeouts.apply,384,76336215,0
baseline-trace,t01,4,8,reject,jdbc_executeUpdate,DocumentAssessmentCreationWrites.insertOwner,64,80017745,0
baseline-trace,t01,4,8,reject,jdbc_executeUpdate,DocumentAssessmentCreationWrites.lambda$writeRows$1,64,89854762,0
baseline-trace,t01,4,8,reject,jdbc_executeUpdate,DocumentAssessmentCreationWrites.writeRows,448,1224829747,0
baseline-trace,t01,4,8,reject,jdbc_executeUpdate,DocumentAssessmentReconciliation.verifyRetained,64,67645793,0
baseline-trace,t01,4,8,reject,jdbc_executeUpdate,DocumentAssessmentRejections.lambda$decide$0,64,70966353,0
baseline-trace,t01,4,8,reject,jdbc_executeUpdate,DocumentAssessmentStartJournal.insertStartedOutcome,64,96458785,0
baseline-trace,t01,4,8,reject,jdbc_executeUpdate,DocumentOperationSelection.insert,64,90428914,0
baseline-trace,t01,4,8,reject,jdbc_executeUpdate,DocumentOperationUploadAdmission.writeAdmissions,128,113616017,0
baseline-trace,t01,4,8,reject,jdbc_executeUpdate,DocumentPartAttemptLedger.insertEncodedRows,64,78620889,0
baseline-trace,t01,4,8,reject,jdbc_executeUpdate,DocumentPreparationCoverageCertificates.insert,64,34360847,0
baseline-trace,t01,4,8,reject,jdbc_executeUpdate,DocumentPreparationHistoryRoots.insert,128,61426137,0
baseline-trace,t01,4,8,reject,jdbc_executeUpdate,DocumentPublicationModesJournal.insert,64,54992722,0
baseline-trace,t01,4,8,reject,jdbc_executeUpdate,DocumentPublicationPreparationJournal.insert,64,64426821,0
baseline-trace,t01,4,8,reject,jdbc_executeUpdate,DocumentSelectedAttemptLedger.renewSelections,192,146875067,0
baseline-trace,t01,4,8,reject,jdbc_executeUpdate,RepositoryCoordinatorBinding.bindInitial,64,32023914,0
baseline-trace,t01,4,8,reject,jdbc_executeUpdate,RepositoryExecutionClaimLedger.acquireInitialChecked,64,30607357,0
baseline-trace,t01,4,8,reject,jdbc_executeUpdate,RepositoryExecutionClaimLedger.renewLive,128,50819253,0
baseline-trace,t01,4,8,reject,jdbc_executeUpdate,RepositoryOperationLedger.admitInTransaction,128,99418832,0
baseline-trace,t01,4,8,reject,jdbc_executeUpdate,RepositoryOperationLedger.renewLive,128,98229282,0
baseline-trace,t01,4,8,reject,sql_acquire,DocumentAssessmentCreation.createInternal,64,203486,0
baseline-trace,t01,4,8,reject,sql_acquire,DocumentAssessmentCreation.lambda$createInternal$0,64,170901,0
baseline-trace,t01,4,8,reject,sql_acquire,DocumentAssessmentDeliveryAuthorization.check,256,1010797,0
baseline-trace,t01,4,8,reject,sql_acquire,DocumentAssessmentDiscovery.discover,64,162733,0
baseline-trace,t01,4,8,reject,sql_acquire,DocumentAssessmentReconciliation.observeRetained,64,164223,0
baseline-trace,t01,4,8,reject,sql_acquire,DocumentAssessmentRejections.decide,64,215848,0
baseline-trace,t01,4,8,reject,sql_acquire,DocumentAssessmentReplayInputs.load,64,186883,0
baseline-trace,t01,4,8,reject,sql_acquire,DocumentAssessmentStartJournal.startRetained,64,134947,0
baseline-trace,t01,4,8,reject,sql_acquire,DocumentOperationUploadAdmission.captureReads,128,436316,0
baseline-trace,t01,4,8,reject,sql_acquire,DocumentOperationUploadAdmission.recheckInitialSelections,64,235009,0
baseline-trace,t01,4,8,reject,sql_acquire,DocumentOperationUploadAdmission.stage,64,201556,0
baseline-trace,t01,4,8,reject,sql_acquire,DocumentPublicationModesJournal.loadRetained,128,342859,0
baseline-trace,t01,4,8,reject,sql_acquire,DocumentPublicationModesJournal.requireObservedModes,256,783010,0
baseline-trace,t01,4,8,reject,sql_acquire,DocumentPublicationPreparationJournal.load,128,348860,0
baseline-trace,t01,4,8,reject,sql_acquire,DocumentPublicationRegistration.admitInitialAccepted,64,138652,0
baseline-trace,t01,4,8,reject,sql_acquire,DocumentPublicationRegistration.preflight,128,360728,0
baseline-trace,t01,4,8,reject,sql_acquire,DocumentPublicationReplay.observe,256,855257,0
baseline-trace,t01,4,8,reject,sql_acquire,DocumentSchemaPolicies.read,64,232226,0
baseline-trace,t01,4,8,reject,sql_acquire,DocumentSelectedAttemptLedger.renew,64,285084,0
baseline-trace,t01,4,8,reject,sql_acquire,DocumentSelectedAttemptLedger.renewOwnerAndSelections,128,483647,0
baseline-trace,t01,4,8,reject,sql_acquire,RepositorySchemaArtifacts.stage,64,267456,0
baseline-trace,t01,4,8,reject,sql_usage,DocumentAssessmentCreation.createInternal,64,2379000000,0
baseline-trace,t01,4,8,reject,sql_usage,DocumentAssessmentCreation.lambda$createInternal$0,64,342000000,0
baseline-trace,t01,4,8,reject,sql_usage,DocumentAssessmentDeliveryAuthorization.check,256,1585000000,0
baseline-trace,t01,4,8,reject,sql_usage,DocumentAssessmentDiscovery.discover,64,495000000,0
baseline-trace,t01,4,8,reject,sql_usage,DocumentAssessmentReconciliation.observeRetained,64,2061000000,0
baseline-trace,t01,4,8,reject,sql_usage,DocumentAssessmentRejections.decide,64,806000000,0
baseline-trace,t01,4,8,reject,sql_usage,DocumentAssessmentReplayInputs.load,64,417000000,0
baseline-trace,t01,4,8,reject,sql_usage,DocumentAssessmentStartJournal.startRetained,64,469000000,0
baseline-trace,t01,4,8,reject,sql_usage,DocumentOperationUploadAdmission.captureReads,128,912000000,0
baseline-trace,t01,4,8,reject,sql_usage,DocumentOperationUploadAdmission.recheckInitialSelections,64,423000000,0
baseline-trace,t01,4,8,reject,sql_usage,DocumentOperationUploadAdmission.stage,64,1014000000,0
baseline-trace,t01,4,8,reject,sql_usage,DocumentPublicationModesJournal.loadRetained,128,481000000,0
baseline-trace,t01,4,8,reject,sql_usage,DocumentPublicationModesJournal.requireObservedModes,256,1347000000,0
baseline-trace,t01,4,8,reject,sql_usage,DocumentPublicationPreparationJournal.load,128,494000000,0
baseline-trace,t01,4,8,reject,sql_usage,DocumentPublicationRegistration.admitInitialAccepted,64,971000000,0
baseline-trace,t01,4,8,reject,sql_usage,DocumentPublicationRegistration.preflight,128,116000000,0
baseline-trace,t01,4,8,reject,sql_usage,DocumentPublicationReplay.observe,256,630000000,0
baseline-trace,t01,4,8,reject,sql_usage,DocumentSchemaPolicies.read,64,40000000,0
baseline-trace,t01,4,8,reject,sql_usage,DocumentSelectedAttemptLedger.renew,64,478000000,0
baseline-trace,t01,4,8,reject,sql_usage,DocumentSelectedAttemptLedger.renewOwnerAndSelections,128,1263000000,0
baseline-trace,t01,4,8,reject,sql_usage,RepositorySchemaArtifacts.stage,64,795000000,0
baseline-trace,t01,4,8,replay,jdbc_commit,DocumentPublicationReplay.observe,256,1086846244,0
baseline-trace,t01,4,8,replay,jdbc_executeQuery,DocumentPublicationReplay.observe,768,154121972,0
baseline-trace,t01,4,8,replay,jdbc_executeQuery,DocumentPublicationReplay.requireRevisions,192,69028113,0
baseline-trace,t01,4,8,replay,jdbc_executeQuery,DocumentRevisionLocks.lock,512,146561384,0
baseline-trace,t01,4,8,replay,jdbc_executeQuery,RepositoryOperationLedger.requireCommand,256,43129438,0
baseline-trace,t01,4,8,replay,sql_acquire,DocumentPublicationReplay.observe,256,906951,0
baseline-trace,t01,4,8,replay,sql_usage,DocumentPublicationReplay.observe,256,1672000000,0
baseline-trace,t01,4,8,unscoped,jdbc_commit,DocumentAssessmentReadProtection.finish,61,256323737,0
baseline-trace,t01,4,8,unscoped,jdbc_commit,DocumentReadPins.finish,256,1288653817,0
baseline-trace,t01,4,8,unscoped,jdbc_commit,DocumentSelectedAttemptLedger.verifyBatch,256,1402083562,0
baseline-trace,t01,4,8,unscoped,jdbc_executeQuery,DocumentAssessmentReadProtection.lambda$finish$0,61,39176625,0
baseline-trace,t01,4,8,unscoped,jdbc_executeQuery,DocumentPartAttemptLedger.read,512,67253184,0
baseline-trace,t01,4,8,unscoped,jdbc_executeQuery,DocumentReadPins.lambda$finish$0,256,407040672,0
baseline-trace,t01,4,8,unscoped,jdbc_executeQuery,DocumentSelectedAttemptLedger.lockSelected,512,94174467,0
baseline-trace,t01,4,8,unscoped,jdbc_executeQuery,DocumentSelectedAttemptLedger.requireOwner,256,73510938,0
baseline-trace,t01,4,8,unscoped,jdbc_executeQuery,RepositoryExecutionClaimLedger.lockLive,256,94211618,0
baseline-trace,t01,4,8,unscoped,jdbc_executeQuery,RepositoryOperationLedger.fenceLiveOwner,256,192236896,0
baseline-trace,t01,4,8,unscoped,jdbc_executeQuery,SqlTimeouts.apply,256,45066163,0
baseline-trace,t01,4,8,unscoped,jdbc_executeUpdate,DocumentSelectedAttemptLedger.verifyBatch,512,415013508,0
baseline-trace,t01,4,8,unscoped,provider_getBounded,DocumentPartTransfer.upload,256,766987138,0
baseline-trace,t01,4,8,unscoped,provider_getBounded,outside_ledger,320,1319789424,0
baseline-trace,t01,4,8,unscoped,provider_put,DocumentPartTransfer.upload,256,17940833540,0
baseline-trace,t01,4,8,unscoped,sql_acquire,DocumentAssessmentReadProtection.finish,60,208362,0
baseline-trace,t01,4,8,unscoped,sql_acquire,DocumentReadPins.finish,256,871477,0
baseline-trace,t01,4,8,unscoped,sql_acquire,DocumentSelectedAttemptLedger.verifyBatch,256,6768701,0
baseline-trace,t01,4,8,unscoped,sql_usage,DocumentAssessmentReadProtection.finish,61,275000000,0
baseline-trace,t01,4,8,unscoped,sql_usage,DocumentReadPins.finish,256,1618000000,0
baseline-trace,t01,4,8,unscoped,sql_usage,DocumentSelectedAttemptLedger.verifyBatch,256,2482000000,0
baseline-trace,t02,2,4,publish,jdbc_commit,DocumentOperationUploadAdmission.captureReads,384,1761643688,0
baseline-trace,t02,2,4,publish,jdbc_commit,DocumentOperationUploadAdmission.recheckInitialSelections,192,855458792,0
baseline-trace,t02,2,4,publish,jdbc_commit,DocumentOperationUploadAdmission.stage,192,983304559,0
baseline-trace,t02,2,4,publish,jdbc_commit,DocumentPublicationCommit.commitInternal,192,782666387,0
baseline-trace,t02,2,4,publish,jdbc_commit,DocumentPublicationModesJournal.requireObservedModes,384,1704677334,0
baseline-trace,t02,2,4,publish,jdbc_commit,DocumentPublicationRegistration.admitInitialAccepted,192,991428381,0
baseline-trace,t02,2,4,publish,jdbc_commit,DocumentPublicationRegistration.preflight,192,21372100,0
baseline-trace,t02,2,4,publish,jdbc_commit,DocumentPublicationReplay.observe,384,33412961,0
baseline-trace,t02,2,4,publish,jdbc_commit,DocumentSchemaPolicies.read,192,20186073,0
baseline-trace,t02,2,4,publish,jdbc_commit,DocumentSelectedAttemptLedger.renew,192,877056093,0
baseline-trace,t02,2,4,publish,jdbc_commit,DocumentSelectedAttemptLedger.renewOwnerAndSelections,384,1742205131,0
baseline-trace,t02,2,4,publish,jdbc_commit,RepositorySchemaArtifacts.stage,192,850133670,0
baseline-trace,t02,2,4,publish,jdbc_executeBatch,DocumentSchemaRetention.flush,576,521466893,0
baseline-trace,t02,2,4,publish,jdbc_executeQuery,DocumentAdmissionSnapshot.prepare,192,52062400,0
baseline-trace,t02,2,4,publish,jdbc_executeQuery,DocumentCommitParts.bind,192,38536778,0
baseline-trace,t02,2,4,publish,jdbc_executeQuery,DocumentCommitParts.read,192,116412627,0
baseline-trace,t02,2,4,publish,jdbc_executeQuery,DocumentCommitParts.selections,192,47423741,0
baseline-trace,t02,2,4,publish,jdbc_executeQuery,DocumentCommitWriter.write,384,41652654,0
baseline-trace,t02,2,4,publish,jdbc_executeQuery,DocumentDriveSnapshot.lock,384,48832338,0
baseline-trace,t02,2,4,publish,jdbc_executeQuery,DocumentKeyReservations.reserveEncoded,192,50729793,0
baseline-trace,t02,2,4,publish,jdbc_executeQuery,DocumentOperationUploadAdmission.lambda$captureReads$0,576,153239727,0
baseline-trace,t02,2,4,publish,jdbc_executeQuery,DocumentOperationUploadAdmission.requireInitialSelections,192,62447558,0
baseline-trace,t02,2,4,publish,jdbc_executeQuery,DocumentOperationUploadAdmission.writeAdmissions,384,69994489,0
baseline-trace,t02,2,4,publish,jdbc_executeQuery,DocumentPartAttemptLedger.lockAll,1152,118956088,0
baseline-trace,t02,2,4,publish,jdbc_executeQuery,DocumentPartAttemptLedger.read,384,38413800,0
baseline-trace,t02,2,4,publish,jdbc_executeQuery,DocumentPreparationHistoryRoots.coverage,192,26289473,0
baseline-trace,t02,2,4,publish,jdbc_executeQuery,DocumentPublicationLocks$IndependentOrigins.requireScope,384,36458176,0
baseline-trace,t02,2,4,publish,jdbc_executeQuery,DocumentPublicationLocks.lockIndependentOrigins,960,133170355,0
baseline-trace,t02,2,4,publish,jdbc_executeQuery,DocumentPublicationLocks.lockIndependentRetention,192,32238333,0
baseline-trace,t02,2,4,publish,jdbc_executeQuery,DocumentPublicationModeBinding.require,192,34484182,0
baseline-trace,t02,2,4,publish,jdbc_executeQuery,DocumentPublicationModesJournal.readModes,192,18367975,0
baseline-trace,t02,2,4,publish,jdbc_executeQuery,DocumentPublicationPreparationJournal.capture,384,39811634,0
baseline-trace,t02,2,4,publish,jdbc_executeQuery,DocumentPublicationReplay.observe,768,112046363,0
baseline-trace,t02,2,4,publish,jdbc_executeQuery,DocumentRevisionLocks.lock,2304,487831083,0
baseline-trace,t02,2,4,publish,jdbc_executeQuery,DocumentSchemaBatch.lockArtifacts,960,129690186,0
baseline-trace,t02,2,4,publish,jdbc_executeQuery,DocumentSchemaPolicies.lambda$read$0,192,29573620,0
baseline-trace,t02,2,4,publish,jdbc_executeQuery,DocumentSchemaPolicies.lockCurrent,576,51263625,0
baseline-trace,t02,2,4,publish,jdbc_executeQuery,DocumentSchemaPolicies.select,384,46027354,0
baseline-trace,t02,2,4,publish,jdbc_executeQuery,DocumentSchemaRetention.requireFragments,192,471779633,0
baseline-trace,t02,2,4,publish,jdbc_executeQuery,DocumentSchemaRetention.requireRevision,192,24651416,0
baseline-trace,t02,2,4,publish,jdbc_executeQuery,DocumentSchemaRetention.write,192,52341629,0
baseline-trace,t02,2,4,publish,jdbc_executeQuery,DocumentSelectedAttemptLedger.lockSelected,192,28059360,0
baseline-trace,t02,2,4,publish,jdbc_executeQuery,DocumentSelectedAttemptLedger.requireOwner,576,136339705,0
baseline-trace,t02,2,4,publish,jdbc_executeQuery,DocumentSelectedAttemptLedger.requireSelections,1152,210795225,0
baseline-trace,t02,2,4,publish,jdbc_executeQuery,DocumentUploadAdmissionReplay.hasSelections,192,21315881,0
baseline-trace,t02,2,4,publish,jdbc_executeQuery,ManagedBackendLedger.find,384,39960116,0
baseline-trace,t02,2,4,publish,jdbc_executeQuery,RepositoryCoordinatorBinding.bindInitial,192,20299981,0
baseline-trace,t02,2,4,publish,jdbc_executeQuery,RepositoryExecutionClaimLedger.live,192,21163491,0
baseline-trace,t02,2,4,publish,jdbc_executeQuery,RepositoryExecutionClaimLedger.lockLive,3456,980150621,0
baseline-trace,t02,2,4,publish,jdbc_executeQuery,RepositoryExecutionClaimLedger.readLocked,1152,102480948,0
baseline-trace,t02,2,4,publish,jdbc_executeQuery,RepositoryOperationLedger.fenceLiveOwner,1920,1208120050,0
baseline-trace,t02,2,4,publish,jdbc_executeQuery,RepositoryOperationLedger.live,576,81666773,0
baseline-trace,t02,2,4,publish,jdbc_executeQuery,RepositoryOperationLedger.read,192,23372151,0
baseline-trace,t02,2,4,publish,jdbc_executeQuery,RepositoryOperationLedger.readOwner,768,78569339,0
baseline-trace,t02,2,4,publish,jdbc_executeQuery,RepositoryOperationLedger.requireCommand,1920,204157314,0
baseline-trace,t02,2,4,publish,jdbc_executeQuery,RepositorySchemaArtifacts.lambda$stage$3,768,604097550,0
baseline-trace,t02,2,4,publish,jdbc_executeQuery,SqlTimeouts.apply,1152,151478943,0
baseline-trace,t02,2,4,publish,jdbc_executeUpdate,DocumentCommitWriter.write,1344,2074193113,0
baseline-trace,t02,2,4,publish,jdbc_executeUpdate,DocumentOperationSelection.insert,192,189464130,0
baseline-trace,t02,2,4,publish,jdbc_executeUpdate,DocumentOperationUploadAdmission.writeAdmissions,384,226631802,0
baseline-trace,t02,2,4,publish,jdbc_executeUpdate,DocumentPartAttemptLedger.insertEncodedRows,192,157650971,0
baseline-trace,t02,2,4,publish,jdbc_executeUpdate,DocumentPreparationCoverageCertificates.insert,192,70615273,0
baseline-trace,t02,2,4,publish,jdbc_executeUpdate,DocumentPreparationHistoryRoots.insert,384,134482610,0
baseline-trace,t02,2,4,publish,jdbc_executeUpdate,DocumentPublicationCommit.lambda$commitInternal$6,576,1612643119,0
baseline-trace,t02,2,4,publish,jdbc_executeUpdate,DocumentPublicationModesJournal.insert,192,126412861,0
baseline-trace,t02,2,4,publish,jdbc_executeUpdate,DocumentPublicationPreparationJournal.insert,192,147667319,0
baseline-trace,t02,2,4,publish,jdbc_executeUpdate,DocumentSchemaAdmissionBinding.insert,192,154030733,0
baseline-trace,t02,2,4,publish,jdbc_executeUpdate,DocumentSelectedAttemptLedger.renewSelections,576,366772392,0
baseline-trace,t02,2,4,publish,jdbc_executeUpdate,RepositoryCoordinatorBinding.bindInitial,192,67994252,0
baseline-trace,t02,2,4,publish,jdbc_executeUpdate,RepositoryExecutionClaimLedger.acquireInitialChecked,192,67012695,0
baseline-trace,t02,2,4,publish,jdbc_executeUpdate,RepositoryExecutionClaimLedger.renewLive,384,78467463,0
baseline-trace,t02,2,4,publish,jdbc_executeUpdate,RepositoryOperationLedger.admitInTransaction,384,205690342,0
baseline-trace,t02,2,4,publish,jdbc_executeUpdate,RepositoryOperationLedger.renewLive,384,224481759,0
baseline-trace,t02,2,4,publish,sql_acquire,DocumentOperationUploadAdmission.captureReads,384,1919763394,0
baseline-trace,t02,2,4,publish,sql_acquire,DocumentOperationUploadAdmission.recheckInitialSelections,192,811674353,0
baseline-trace,t02,2,4,publish,sql_acquire,DocumentOperationUploadAdmission.stage,192,1027986563,0
baseline-trace,t02,2,4,publish,sql_acquire,DocumentPublicationCommit.commitInternal,192,1396237245,0
baseline-trace,t02,2,4,publish,sql_acquire,DocumentPublicationModesJournal.requireObservedModes,384,2066630842,0
baseline-trace,t02,2,4,publish,sql_acquire,DocumentPublicationRegistration.admitInitialAccepted,192,875219513,0
baseline-trace,t02,2,4,publish,sql_acquire,DocumentPublicationRegistration.preflight,192,962111315,0
baseline-trace,t02,2,4,publish,sql_acquire,DocumentPublicationReplay.observe,384,1831847802,0
baseline-trace,t02,2,4,publish,sql_acquire,DocumentSchemaPolicies.read,192,941909781,0
baseline-trace,t02,2,4,publish,sql_acquire,DocumentSelectedAttemptLedger.renew,192,833930683,0
baseline-trace,t02,2,4,publish,sql_acquire,DocumentSelectedAttemptLedger.renewOwnerAndSelections,384,1663076422,0
baseline-trace,t02,2,4,publish,sql_acquire,RepositorySchemaArtifacts.stage,192,1114227688,0
baseline-trace,t02,2,4,publish,sql_usage,DocumentOperationUploadAdmission.captureReads,384,2570000000,0
baseline-trace,t02,2,4,publish,sql_usage,DocumentOperationUploadAdmission.recheckInitialSelections,192,1105000000,0
baseline-trace,t02,2,4,publish,sql_usage,DocumentOperationUploadAdmission.stage,192,2246000000,0
baseline-trace,t02,2,4,publish,sql_usage,DocumentPublicationCommit.commitInternal,192,7911000000,0
baseline-trace,t02,2,4,publish,sql_usage,DocumentPublicationModesJournal.requireObservedModes,384,2159000000,0
baseline-trace,t02,2,4,publish,sql_usage,DocumentPublicationRegistration.admitInitialAccepted,192,2343000000,0
baseline-trace,t02,2,4,publish,sql_usage,DocumentPublicationRegistration.preflight,192,77000000,0
baseline-trace,t02,2,4,publish,sql_usage,DocumentPublicationReplay.observe,384,8000000,0
baseline-trace,t02,2,4,publish,sql_usage,DocumentSchemaPolicies.read,192,26000000,0
baseline-trace,t02,2,4,publish,sql_usage,DocumentSelectedAttemptLedger.renew,192,1381000000,0
baseline-trace,t02,2,4,publish,sql_usage,DocumentSelectedAttemptLedger.renewOwnerAndSelections,384,3159000000,0
baseline-trace,t02,2,4,publish,sql_usage,RepositorySchemaArtifacts.stage,192,1814000000,0
baseline-trace,t02,2,4,read,jdbc_commit,DocumentHistoricalSchemas.authorize,256,1197274222,0
baseline-trace,t02,2,4,read,jdbc_commit,DocumentHistoricalSchemas.check,256,1029278777,0
baseline-trace,t02,2,4,read,jdbc_commit,DocumentReadLedger$PinnedHistory.authorizeDelivery,768,3616496696,0
baseline-trace,t02,2,4,read,jdbc_commit,DocumentReadLedger.captureHistorical,256,1083204768,0
baseline-trace,t02,2,4,read,jdbc_executeQuery,DocumentHistoricalReadRows.capture,512,743126058,0
baseline-trace,t02,2,4,read,jdbc_executeQuery,DocumentHistoricalSchemaRows.artifacts,512,110074496,0
baseline-trace,t02,2,4,read,jdbc_executeQuery,DocumentHistoricalSchemaRows.capture,512,574501067,0
baseline-trace,t02,2,4,read,jdbc_executeQuery,DocumentHistoricalSchemaRows.references,256,29566861,0
baseline-trace,t02,2,4,read,jdbc_executeQuery,DocumentHistoricalSchemaRows.roots,512,52656265,0
baseline-trace,t02,2,4,read,jdbc_executeQuery,DocumentReadLedger.lambda$captureHistorical$0,256,59578919,0
baseline-trace,t02,2,4,read,jdbc_executeQuery,DocumentReadPins.acquireHistorical,512,152963603,0
baseline-trace,t02,2,4,read,jdbc_executeQuery,DocumentRevisionLocks.lock,3072,753302450,0
baseline-trace,t02,2,4,read,jdbc_executeQuery,ManagedBackendLedger.requireAll,256,41230405,0
baseline-trace,t02,2,4,read,jdbc_executeUpdate,DocumentReadPins.acquireHistorical,256,241160569,0
baseline-trace,t02,2,4,read,sql_acquire,DocumentHistoricalSchemas.authorize,256,1345688571,0
baseline-trace,t02,2,4,read,sql_acquire,DocumentHistoricalSchemas.check,256,1298006269,0
baseline-trace,t02,2,4,read,sql_acquire,DocumentReadLedger$PinnedHistory.authorizeDelivery,768,4027826122,0
baseline-trace,t02,2,4,read,sql_acquire,DocumentReadLedger.captureHistorical,256,1745481021,0
baseline-trace,t02,2,4,read,sql_usage,DocumentHistoricalSchemas.authorize,256,1263000000,0
baseline-trace,t02,2,4,read,sql_usage,DocumentHistoricalSchemas.check,256,1965000000,0
baseline-trace,t02,2,4,read,sql_usage,DocumentReadLedger$PinnedHistory.authorizeDelivery,768,3787000000,0
baseline-trace,t02,2,4,read,sql_usage,DocumentReadLedger.captureHistorical,256,2670000000,0
baseline-trace,t02,2,4,reject,jdbc_commit,DocumentAssessmentCreation.createInternal,64,191473305,0
baseline-trace,t02,2,4,reject,jdbc_commit,DocumentAssessmentCreation.lambda$createInternal$0,64,198159724,0
baseline-trace,t02,2,4,reject,jdbc_commit,DocumentAssessmentDeliveryAuthorization.check,256,847657200,0
baseline-trace,t02,2,4,reject,jdbc_commit,DocumentAssessmentDiscovery.discover,64,176770351,0
baseline-trace,t02,2,4,reject,jdbc_commit,DocumentAssessmentReconciliation.observeRetained,64,222683304,0
baseline-trace,t02,2,4,reject,jdbc_commit,DocumentAssessmentRejections.decide,64,223979893,0
baseline-trace,t02,2,4,reject,jdbc_commit,DocumentAssessmentReplayInputs.load,64,9148204,0
baseline-trace,t02,2,4,reject,jdbc_commit,DocumentAssessmentStartJournal.startRetained,64,213574462,0
baseline-trace,t02,2,4,reject,jdbc_commit,DocumentOperationUploadAdmission.captureReads,128,625133520,0
baseline-trace,t02,2,4,reject,jdbc_commit,DocumentOperationUploadAdmission.recheckInitialSelections,64,278421139,0
baseline-trace,t02,2,4,reject,jdbc_commit,DocumentOperationUploadAdmission.stage,64,356232644,0
baseline-trace,t02,2,4,reject,jdbc_commit,DocumentPublicationModesJournal.loadRetained,128,443380157,0
baseline-trace,t02,2,4,reject,jdbc_commit,DocumentPublicationModesJournal.requireObservedModes,256,960006480,0
baseline-trace,t02,2,4,reject,jdbc_commit,DocumentPublicationPreparationJournal.load,128,467388092,0
baseline-trace,t02,2,4,reject,jdbc_commit,DocumentPublicationRegistration.admitInitialAccepted,64,357792791,0
baseline-trace,t02,2,4,reject,jdbc_commit,DocumentPublicationRegistration.preflight,128,13021593,0
baseline-trace,t02,2,4,reject,jdbc_commit,DocumentPublicationReplay.observe,256,418217729,0
baseline-trace,t02,2,4,reject,jdbc_commit,DocumentSchemaPolicies.read,64,6716585,0
baseline-trace,t02,2,4,reject,jdbc_commit,DocumentSelectedAttemptLedger.renew,64,317655499,0
baseline-trace,t02,2,4,reject,jdbc_commit,DocumentSelectedAttemptLedger.renewOwnerAndSelections,128,549854454,0
baseline-trace,t02,2,4,reject,jdbc_commit,RepositorySchemaArtifacts.stage,64,232277940,0
baseline-trace,t02,2,4,reject,jdbc_executeBatch,DocumentAssessmentCreationWrites.lambda$writeRows$0,64,38114594,0
baseline-trace,t02,2,4,reject,jdbc_executeQuery,DocumentAssessmentDeliveryAuthorization.lambda$check$0,1280,179006845,0
baseline-trace,t02,2,4,reject,jdbc_executeQuery,DocumentAssessmentDeliveryAuthorization.requireLiveReadOwner,512,87996500,0
baseline-trace,t02,2,4,reject,jdbc_executeQuery,DocumentAssessmentDiscovery.lambda$discover$0,128,32710684,0
baseline-trace,t02,2,4,reject,jdbc_executeQuery,DocumentAssessmentReadRows.capture,192,714722444,0
baseline-trace,t02,2,4,reject,jdbc_executeQuery,DocumentAssessmentReconciliation.verifyRetained,256,52671504,0
baseline-trace,t02,2,4,reject,jdbc_executeQuery,DocumentAssessmentRejections.lambda$decide$0,256,50175138,0
baseline-trace,t02,2,4,reject,jdbc_executeQuery,DocumentAssessmentReplayInputs.artifacts,128,72606059,0
baseline-trace,t02,2,4,reject,jdbc_executeQuery,DocumentAssessmentReplayInputs.policy,128,21069038,0
baseline-trace,t02,2,4,reject,jdbc_executeQuery,DocumentAssessmentReplayInputs.read,128,45759558,0
baseline-trace,t02,2,4,reject,jdbc_executeQuery,DocumentAssessmentReplayInputs.roots,128,28988873,0
baseline-trace,t02,2,4,reject,jdbc_executeQuery,DocumentAssessmentRetainedEvidence.verify,64,12019933,0
baseline-trace,t02,2,4,reject,jdbc_executeQuery,DocumentAssessmentRetainedEvidence.verifyArtifacts,64,30203783,0
baseline-trace,t02,2,4,reject,jdbc_executeQuery,DocumentAssessmentRetainedSlots.retainedSelections,64,19867081,0
baseline-trace,t02,2,4,reject,jdbc_executeQuery,DocumentAssessmentRetainedSlots.verify,256,233000851,0
baseline-trace,t02,2,4,reject,jdbc_executeQuery,DocumentAssessmentStartJournal.insertStartedOutcome,64,10603620,0
baseline-trace,t02,2,4,reject,jdbc_executeQuery,DocumentAssessmentStartJournal.lambda$startRetained$2,64,16141997,0
baseline-trace,t02,2,4,reject,jdbc_executeQuery,DocumentAssessmentStartJournal.requireCreation,64,25750868,0
baseline-trace,t02,2,4,reject,jdbc_executeQuery,DocumentCommitParts.bind,128,44952481,0
baseline-trace,t02,2,4,reject,jdbc_executeQuery,DocumentCommitParts.read,64,36542180,0
baseline-trace,t02,2,4,reject,jdbc_executeQuery,DocumentCommitParts.selections,64,14594761,0
baseline-trace,t02,2,4,reject,jdbc_executeQuery,DocumentDriveSnapshot.lock,128,15609474,0
baseline-trace,t02,2,4,reject,jdbc_executeQuery,DocumentKeyReservations.reserveEncoded,64,16950374,0
baseline-trace,t02,2,4,reject,jdbc_executeQuery,DocumentOperationUploadAdmission.lambda$captureReads$0,192,45445825,0
baseline-trace,t02,2,4,reject,jdbc_executeQuery,DocumentOperationUploadAdmission.requireInitialSelections,64,13122010,0
baseline-trace,t02,2,4,reject,jdbc_executeQuery,DocumentOperationUploadAdmission.writeAdmissions,128,20833218,0
baseline-trace,t02,2,4,reject,jdbc_executeQuery,DocumentPartAttemptLedger.lockAll,384,36947216,0
baseline-trace,t02,2,4,reject,jdbc_executeQuery,DocumentPartAttemptLedger.read,128,12801497,0
baseline-trace,t02,2,4,reject,jdbc_executeQuery,DocumentPreparationHistoryRoots.coverage,64,7676623,0
baseline-trace,t02,2,4,reject,jdbc_executeQuery,DocumentPublicationModesJournal.readModes,192,20169167,0
baseline-trace,t02,2,4,reject,jdbc_executeQuery,DocumentPublicationPreparationJournal.capture,384,37273677,0
baseline-trace,t02,2,4,reject,jdbc_executeQuery,DocumentPublicationReplay.observe,832,116252453,0
baseline-trace,t02,2,4,reject,jdbc_executeQuery,DocumentRevisionLocks.lock,2304,459161669,0
baseline-trace,t02,2,4,reject,jdbc_executeQuery,DocumentSchemaPolicies.lambda$read$0,64,8493019,0
baseline-trace,t02,2,4,reject,jdbc_executeQuery,DocumentSchemaPolicies.lockCurrent,384,36201005,0
baseline-trace,t02,2,4,reject,jdbc_executeQuery,DocumentSchemaPolicies.select,192,22610138,0
baseline-trace,t02,2,4,reject,jdbc_executeQuery,DocumentSelectedAttemptLedger.lockSelected,64,9297011,0
baseline-trace,t02,2,4,reject,jdbc_executeQuery,DocumentSelectedAttemptLedger.requireOwner,192,46012519,0
baseline-trace,t02,2,4,reject,jdbc_executeQuery,DocumentSelectedAttemptLedger.requireSelections,384,73886781,0
baseline-trace,t02,2,4,reject,jdbc_executeQuery,DocumentUploadAdmissionReplay.hasSelections,64,6515540,0
baseline-trace,t02,2,4,reject,jdbc_executeQuery,ManagedBackendLedger.find,128,13428199,0
baseline-trace,t02,2,4,reject,jdbc_executeQuery,ManagedBackendLedger.requireAll,64,7326267,0
baseline-trace,t02,2,4,reject,jdbc_executeQuery,RepositoryCoordinatorBinding.bindInitial,64,5656699,0
baseline-trace,t02,2,4,reject,jdbc_executeQuery,RepositoryExecutionClaimLedger.live,64,6612989,0
baseline-trace,t02,2,4,reject,jdbc_executeQuery,RepositoryExecutionClaimLedger.lockLive,2304,695124996,0
baseline-trace,t02,2,4,reject,jdbc_executeQuery,RepositoryExecutionClaimLedger.readLocked,384,35771727,0
baseline-trace,t02,2,4,reject,jdbc_executeQuery,RepositoryOperationLedger.fenceLiveOwner,1344,851954273,0
baseline-trace,t02,2,4,reject,jdbc_executeQuery,RepositoryOperationLedger.live,192,26562214,0
baseline-trace,t02,2,4,reject,jdbc_executeQuery,RepositoryOperationLedger.read,64,7807403,0
baseline-trace,t02,2,4,reject,jdbc_executeQuery,RepositoryOperationLedger.readOwner,256,29436972,0
baseline-trace,t02,2,4,reject,jdbc_executeQuery,RepositoryOperationLedger.requireCommand,1344,148213373,0
baseline-trace,t02,2,4,reject,jdbc_executeQuery,RepositorySchemaArtifacts.lambda$stage$3,256,226833904,0
baseline-trace,t02,2,4,reject,jdbc_executeQuery,SqlTimeouts.apply,384,48675328,0
baseline-trace,t02,2,4,reject,jdbc_executeUpdate,DocumentAssessmentCreationWrites.insertOwner,64,57736975,0
baseline-trace,t02,2,4,reject,jdbc_executeUpdate,DocumentAssessmentCreationWrites.lambda$writeRows$1,64,51930734,0
baseline-trace,t02,2,4,reject,jdbc_executeUpdate,DocumentAssessmentCreationWrites.writeRows,448,667147020,0
baseline-trace,t02,2,4,reject,jdbc_executeUpdate,DocumentAssessmentReconciliation.verifyRetained,64,58355363,0
baseline-trace,t02,2,4,reject,jdbc_executeUpdate,DocumentAssessmentRejections.lambda$decide$0,64,57682155,0
baseline-trace,t02,2,4,reject,jdbc_executeUpdate,DocumentAssessmentStartJournal.insertStartedOutcome,64,56528426,0
baseline-trace,t02,2,4,reject,jdbc_executeUpdate,DocumentOperationSelection.insert,64,59153229,0
baseline-trace,t02,2,4,reject,jdbc_executeUpdate,DocumentOperationUploadAdmission.writeAdmissions,128,68711868,0
baseline-trace,t02,2,4,reject,jdbc_executeUpdate,DocumentPartAttemptLedger.insertEncodedRows,64,53121992,0
baseline-trace,t02,2,4,reject,jdbc_executeUpdate,DocumentPreparationCoverageCertificates.insert,64,21857645,0
baseline-trace,t02,2,4,reject,jdbc_executeUpdate,DocumentPreparationHistoryRoots.insert,128,36998860,0
baseline-trace,t02,2,4,reject,jdbc_executeUpdate,DocumentPublicationModesJournal.insert,64,38389187,0
baseline-trace,t02,2,4,reject,jdbc_executeUpdate,DocumentPublicationPreparationJournal.insert,64,43516101,0
baseline-trace,t02,2,4,reject,jdbc_executeUpdate,DocumentSelectedAttemptLedger.renewSelections,192,119023493,0
baseline-trace,t02,2,4,reject,jdbc_executeUpdate,RepositoryCoordinatorBinding.bindInitial,64,21042203,0
baseline-trace,t02,2,4,reject,jdbc_executeUpdate,RepositoryExecutionClaimLedger.acquireInitialChecked,64,20967829,0
baseline-trace,t02,2,4,reject,jdbc_executeUpdate,RepositoryExecutionClaimLedger.renewLive,128,25017647,0
baseline-trace,t02,2,4,reject,jdbc_executeUpdate,RepositoryOperationLedger.admitInTransaction,128,65137850,0
baseline-trace,t02,2,4,reject,jdbc_executeUpdate,RepositoryOperationLedger.renewLive,128,74352439,0
baseline-trace,t02,2,4,reject,sql_acquire,DocumentAssessmentCreation.createInternal,64,313742444,0
baseline-trace,t02,2,4,reject,sql_acquire,DocumentAssessmentCreation.lambda$createInternal$0,64,290074838,0
baseline-trace,t02,2,4,reject,sql_acquire,DocumentAssessmentDeliveryAuthorization.check,256,1245717124,0
baseline-trace,t02,2,4,reject,sql_acquire,DocumentAssessmentDiscovery.discover,64,263263369,0
baseline-trace,t02,2,4,reject,sql_acquire,DocumentAssessmentReconciliation.observeRetained,64,328740214,0
baseline-trace,t02,2,4,reject,sql_acquire,DocumentAssessmentRejections.decide,64,333118825,0
baseline-trace,t02,2,4,reject,sql_acquire,DocumentAssessmentReplayInputs.load,64,333049139,0
baseline-trace,t02,2,4,reject,sql_acquire,DocumentAssessmentStartJournal.startRetained,64,307112927,0
baseline-trace,t02,2,4,reject,sql_acquire,DocumentOperationUploadAdmission.captureReads,128,466720482,0
baseline-trace,t02,2,4,reject,sql_acquire,DocumentOperationUploadAdmission.recheckInitialSelections,64,184882692,0
baseline-trace,t02,2,4,reject,sql_acquire,DocumentOperationUploadAdmission.stage,64,219547644,0
baseline-trace,t02,2,4,reject,sql_acquire,DocumentPublicationModesJournal.loadRetained,128,498599701,0
baseline-trace,t02,2,4,reject,sql_acquire,DocumentPublicationModesJournal.requireObservedModes,256,1203856509,0
baseline-trace,t02,2,4,reject,sql_acquire,DocumentPublicationPreparationJournal.load,128,541022663,0
baseline-trace,t02,2,4,reject,sql_acquire,DocumentPublicationRegistration.admitInitialAccepted,64,307600043,0
baseline-trace,t02,2,4,reject,sql_acquire,DocumentPublicationRegistration.preflight,128,593555112,0
baseline-trace,t02,2,4,reject,sql_acquire,DocumentPublicationReplay.observe,256,1529377038,0
baseline-trace,t02,2,4,reject,sql_acquire,DocumentSchemaPolicies.read,64,232144311,0
baseline-trace,t02,2,4,reject,sql_acquire,DocumentSelectedAttemptLedger.renew,64,221323163,0
baseline-trace,t02,2,4,reject,sql_acquire,DocumentSelectedAttemptLedger.renewOwnerAndSelections,128,389989152,0
baseline-trace,t02,2,4,reject,sql_acquire,RepositorySchemaArtifacts.stage,64,218543973,0
baseline-trace,t02,2,4,reject,sql_usage,DocumentAssessmentCreation.createInternal,64,1521000000,0
baseline-trace,t02,2,4,reject,sql_usage,DocumentAssessmentCreation.lambda$createInternal$0,64,293000000,0
baseline-trace,t02,2,4,reject,sql_usage,DocumentAssessmentDeliveryAuthorization.check,256,1273000000,0
baseline-trace,t02,2,4,reject,sql_usage,DocumentAssessmentDiscovery.discover,64,381000000,0
baseline-trace,t02,2,4,reject,sql_usage,DocumentAssessmentReconciliation.observeRetained,64,1638000000,0
baseline-trace,t02,2,4,reject,sql_usage,DocumentAssessmentRejections.decide,64,622000000,0
baseline-trace,t02,2,4,reject,sql_usage,DocumentAssessmentReplayInputs.load,64,285000000,0
baseline-trace,t02,2,4,reject,sql_usage,DocumentAssessmentStartJournal.startRetained,64,393000000,0
baseline-trace,t02,2,4,reject,sql_usage,DocumentOperationUploadAdmission.captureReads,128,855000000,0
baseline-trace,t02,2,4,reject,sql_usage,DocumentOperationUploadAdmission.recheckInitialSelections,64,358000000,0
baseline-trace,t02,2,4,reject,sql_usage,DocumentOperationUploadAdmission.stage,64,760000000,0
baseline-trace,t02,2,4,reject,sql_usage,DocumentPublicationModesJournal.loadRetained,128,454000000,0
baseline-trace,t02,2,4,reject,sql_usage,DocumentPublicationModesJournal.requireObservedModes,256,1266000000,0
baseline-trace,t02,2,4,reject,sql_usage,DocumentPublicationPreparationJournal.load,128,491000000,0
baseline-trace,t02,2,4,reject,sql_usage,DocumentPublicationRegistration.admitInitialAccepted,64,761000000,0
baseline-trace,t02,2,4,reject,sql_usage,DocumentPublicationRegistration.preflight,128,35000000,0
baseline-trace,t02,2,4,reject,sql_usage,DocumentPublicationReplay.observe,256,536000000,0
baseline-trace,t02,2,4,reject,sql_usage,DocumentSchemaPolicies.read,64,4000000,0
baseline-trace,t02,2,4,reject,sql_usage,DocumentSelectedAttemptLedger.renew,64,478000000,0
baseline-trace,t02,2,4,reject,sql_usage,DocumentSelectedAttemptLedger.renewOwnerAndSelections,128,1031000000,0
baseline-trace,t02,2,4,reject,sql_usage,RepositorySchemaArtifacts.stage,64,567000000,0
baseline-trace,t02,2,4,replay,jdbc_commit,DocumentPublicationReplay.observe,256,1086555819,0
baseline-trace,t02,2,4,replay,jdbc_executeQuery,DocumentPublicationReplay.observe,768,98954571,0
baseline-trace,t02,2,4,replay,jdbc_executeQuery,DocumentPublicationReplay.requireRevisions,192,35374662,0
baseline-trace,t02,2,4,replay,jdbc_executeQuery,DocumentRevisionLocks.lock,512,109141320,0
baseline-trace,t02,2,4,replay,jdbc_executeQuery,RepositoryOperationLedger.requireCommand,256,29313234,0
baseline-trace,t02,2,4,replay,sql_acquire,DocumentPublicationReplay.observe,256,1713705348,0
baseline-trace,t02,2,4,replay,sql_usage,DocumentPublicationReplay.observe,256,1422000000,0
baseline-trace,t02,2,4,unscoped,jdbc_commit,DocumentAssessmentReadProtection.finish,62,272319686,0
baseline-trace,t02,2,4,unscoped,jdbc_commit,DocumentReadPins.finish,256,1382177687,0
baseline-trace,t02,2,4,unscoped,jdbc_commit,DocumentSelectedAttemptLedger.verifyBatch,256,1213624598,0
baseline-trace,t02,2,4,unscoped,jdbc_executeQuery,DocumentAssessmentReadProtection.lambda$finish$0,62,35005129,0
baseline-trace,t02,2,4,unscoped,jdbc_executeQuery,DocumentPartAttemptLedger.read,512,55883507,0
baseline-trace,t02,2,4,unscoped,jdbc_executeQuery,DocumentReadPins.lambda$finish$0,256,308171740,0
baseline-trace,t02,2,4,unscoped,jdbc_executeQuery,DocumentSelectedAttemptLedger.lockSelected,512,71487059,0
baseline-trace,t02,2,4,unscoped,jdbc_executeQuery,DocumentSelectedAttemptLedger.requireOwner,256,55608465,0
baseline-trace,t02,2,4,unscoped,jdbc_executeQuery,RepositoryExecutionClaimLedger.lockLive,256,73515147,0
baseline-trace,t02,2,4,unscoped,jdbc_executeQuery,RepositoryOperationLedger.fenceLiveOwner,256,169168745,0
baseline-trace,t02,2,4,unscoped,jdbc_executeQuery,SqlTimeouts.apply,256,46521179,0
baseline-trace,t02,2,4,unscoped,jdbc_executeUpdate,DocumentSelectedAttemptLedger.verifyBatch,512,387869596,0
baseline-trace,t02,2,4,unscoped,provider_getBounded,DocumentPartTransfer.upload,256,632735369,0
baseline-trace,t02,2,4,unscoped,provider_getBounded,outside_ledger,320,923875998,0
baseline-trace,t02,2,4,unscoped,provider_put,DocumentPartTransfer.upload,256,18137814101,0
baseline-trace,t02,2,4,unscoped,sql_acquire,DocumentAssessmentReadProtection.finish,62,321848982,0
baseline-trace,t02,2,4,unscoped,sql_acquire,DocumentReadPins.finish,256,1279145240,0
baseline-trace,t02,2,4,unscoped,sql_acquire,DocumentSelectedAttemptLedger.verifyBatch,256,840549782,0
baseline-trace,t02,2,4,unscoped,sql_usage,DocumentAssessmentReadProtection.finish,62,286000000,0
baseline-trace,t02,2,4,unscoped,sql_usage,DocumentReadPins.finish,256,1602000000,0
baseline-trace,t02,2,4,unscoped,sql_usage,DocumentSelectedAttemptLedger.verifyBatch,256,2082000000,0
baseline-trace,t03,1,8,publish,jdbc_commit,DocumentOperationUploadAdmission.captureReads,384,1598083238,0
baseline-trace,t03,1,8,publish,jdbc_commit,DocumentOperationUploadAdmission.recheckInitialSelections,192,844937375,0
baseline-trace,t03,1,8,publish,jdbc_commit,DocumentOperationUploadAdmission.stage,192,923719203,0
baseline-trace,t03,1,8,publish,jdbc_commit,DocumentPublicationCommit.commitInternal,192,649678962,0
baseline-trace,t03,1,8,publish,jdbc_commit,DocumentPublicationModesJournal.requireObservedModes,384,1516728225,0
baseline-trace,t03,1,8,publish,jdbc_commit,DocumentPublicationRegistration.admitInitialAccepted,192,927734453,0
baseline-trace,t03,1,8,publish,jdbc_commit,DocumentPublicationRegistration.preflight,192,18916570,0
baseline-trace,t03,1,8,publish,jdbc_commit,DocumentPublicationReplay.observe,384,31044160,0
baseline-trace,t03,1,8,publish,jdbc_commit,DocumentSchemaPolicies.read,192,17444719,0
baseline-trace,t03,1,8,publish,jdbc_commit,DocumentSelectedAttemptLedger.renew,192,800703668,0
baseline-trace,t03,1,8,publish,jdbc_commit,DocumentSelectedAttemptLedger.renewOwnerAndSelections,384,1607612463,0
baseline-trace,t03,1,8,publish,jdbc_commit,RepositorySchemaArtifacts.stage,192,693316383,0
baseline-trace,t03,1,8,publish,jdbc_executeBatch,DocumentSchemaRetention.flush,576,520372988,0
baseline-trace,t03,1,8,publish,jdbc_executeQuery,DocumentAdmissionSnapshot.prepare,192,50023017,0
baseline-trace,t03,1,8,publish,jdbc_executeQuery,DocumentCommitParts.bind,192,39048715,0
baseline-trace,t03,1,8,publish,jdbc_executeQuery,DocumentCommitParts.read,192,232346186,0
baseline-trace,t03,1,8,publish,jdbc_executeQuery,DocumentCommitParts.selections,192,48196716,0
baseline-trace,t03,1,8,publish,jdbc_executeQuery,DocumentCommitWriter.write,384,39876716,0
baseline-trace,t03,1,8,publish,jdbc_executeQuery,DocumentDriveSnapshot.lock,384,44513936,0
baseline-trace,t03,1,8,publish,jdbc_executeQuery,DocumentKeyReservations.reserveEncoded,192,52049337,0
baseline-trace,t03,1,8,publish,jdbc_executeQuery,DocumentOperationUploadAdmission.lambda$captureReads$0,576,133788881,0
baseline-trace,t03,1,8,publish,jdbc_executeQuery,DocumentOperationUploadAdmission.requireInitialSelections,192,42824797,0
baseline-trace,t03,1,8,publish,jdbc_executeQuery,DocumentOperationUploadAdmission.writeAdmissions,384,58109768,0
baseline-trace,t03,1,8,publish,jdbc_executeQuery,DocumentPartAttemptLedger.lockAll,1152,113512353,0
baseline-trace,t03,1,8,publish,jdbc_executeQuery,DocumentPartAttemptLedger.read,384,36478241,0
baseline-trace,t03,1,8,publish,jdbc_executeQuery,DocumentPreparationHistoryRoots.coverage,192,27512999,0
baseline-trace,t03,1,8,publish,jdbc_executeQuery,DocumentPublicationLocks$IndependentOrigins.requireScope,384,34056334,0
baseline-trace,t03,1,8,publish,jdbc_executeQuery,DocumentPublicationLocks.lockIndependentOrigins,960,116649037,0
baseline-trace,t03,1,8,publish,jdbc_executeQuery,DocumentPublicationLocks.lockIndependentRetention,192,31168969,0
baseline-trace,t03,1,8,publish,jdbc_executeQuery,DocumentPublicationModeBinding.require,192,38770684,0
baseline-trace,t03,1,8,publish,jdbc_executeQuery,DocumentPublicationModesJournal.readModes,192,18438287,0
baseline-trace,t03,1,8,publish,jdbc_executeQuery,DocumentPublicationPreparationJournal.capture,384,36183066,0
baseline-trace,t03,1,8,publish,jdbc_executeQuery,DocumentPublicationReplay.observe,768,105169011,0
baseline-trace,t03,1,8,publish,jdbc_executeQuery,DocumentRevisionLocks.lock,2304,452506109,0
baseline-trace,t03,1,8,publish,jdbc_executeQuery,DocumentSchemaBatch.lockArtifacts,960,133260475,0
baseline-trace,t03,1,8,publish,jdbc_executeQuery,DocumentSchemaPolicies.lambda$read$0,192,23239198,0
baseline-trace,t03,1,8,publish,jdbc_executeQuery,DocumentSchemaPolicies.lockCurrent,576,50427033,0
baseline-trace,t03,1,8,publish,jdbc_executeQuery,DocumentSchemaPolicies.select,384,40859362,0
baseline-trace,t03,1,8,publish,jdbc_executeQuery,DocumentSchemaRetention.requireFragments,192,276074668,0
baseline-trace,t03,1,8,publish,jdbc_executeQuery,DocumentSchemaRetention.requireRevision,192,25512555,0
baseline-trace,t03,1,8,publish,jdbc_executeQuery,DocumentSchemaRetention.write,192,44215547,0
baseline-trace,t03,1,8,publish,jdbc_executeQuery,DocumentSelectedAttemptLedger.lockSelected,192,29208793,0
baseline-trace,t03,1,8,publish,jdbc_executeQuery,DocumentSelectedAttemptLedger.requireOwner,576,133140753,0
baseline-trace,t03,1,8,publish,jdbc_executeQuery,DocumentSelectedAttemptLedger.requireSelections,1152,209132057,0
baseline-trace,t03,1,8,publish,jdbc_executeQuery,DocumentUploadAdmissionReplay.hasSelections,192,22717965,0
baseline-trace,t03,1,8,publish,jdbc_executeQuery,ManagedBackendLedger.find,384,35859921,0
baseline-trace,t03,1,8,publish,jdbc_executeQuery,RepositoryCoordinatorBinding.bindInitial,192,25017721,0
baseline-trace,t03,1,8,publish,jdbc_executeQuery,RepositoryExecutionClaimLedger.live,192,19334630,0
baseline-trace,t03,1,8,publish,jdbc_executeQuery,RepositoryExecutionClaimLedger.lockLive,3456,898866626,0
baseline-trace,t03,1,8,publish,jdbc_executeQuery,RepositoryExecutionClaimLedger.readLocked,1152,93744641,0
baseline-trace,t03,1,8,publish,jdbc_executeQuery,RepositoryOperationLedger.fenceLiveOwner,1920,1109564323,0
baseline-trace,t03,1,8,publish,jdbc_executeQuery,RepositoryOperationLedger.live,576,78274606,0
baseline-trace,t03,1,8,publish,jdbc_executeQuery,RepositoryOperationLedger.read,192,24300804,0
baseline-trace,t03,1,8,publish,jdbc_executeQuery,RepositoryOperationLedger.readOwner,768,73634166,0
baseline-trace,t03,1,8,publish,jdbc_executeQuery,RepositoryOperationLedger.requireCommand,1920,193745604,0
baseline-trace,t03,1,8,publish,jdbc_executeQuery,RepositorySchemaArtifacts.lambda$stage$3,768,613521147,0
baseline-trace,t03,1,8,publish,jdbc_executeQuery,SqlTimeouts.apply,1152,149072954,0
baseline-trace,t03,1,8,publish,jdbc_executeUpdate,DocumentCommitWriter.write,1344,1503087805,0
baseline-trace,t03,1,8,publish,jdbc_executeUpdate,DocumentOperationSelection.insert,192,191232182,0
baseline-trace,t03,1,8,publish,jdbc_executeUpdate,DocumentOperationUploadAdmission.writeAdmissions,384,225763558,0
baseline-trace,t03,1,8,publish,jdbc_executeUpdate,DocumentPartAttemptLedger.insertEncodedRows,192,158805445,0
baseline-trace,t03,1,8,publish,jdbc_executeUpdate,DocumentPreparationCoverageCertificates.insert,192,77783076,0
baseline-trace,t03,1,8,publish,jdbc_executeUpdate,DocumentPreparationHistoryRoots.insert,384,120669629,0
baseline-trace,t03,1,8,publish,jdbc_executeUpdate,DocumentPublicationCommit.lambda$commitInternal$6,576,1001293132,0
baseline-trace,t03,1,8,publish,jdbc_executeUpdate,DocumentPublicationModesJournal.insert,192,119828287,0
baseline-trace,t03,1,8,publish,jdbc_executeUpdate,DocumentPublicationPreparationJournal.insert,192,141164956,0
baseline-trace,t03,1,8,publish,jdbc_executeUpdate,DocumentSchemaAdmissionBinding.insert,192,161714880,0
baseline-trace,t03,1,8,publish,jdbc_executeUpdate,DocumentSelectedAttemptLedger.renewSelections,576,336461631,0
baseline-trace,t03,1,8,publish,jdbc_executeUpdate,RepositoryCoordinatorBinding.bindInitial,192,67928393,0
baseline-trace,t03,1,8,publish,jdbc_executeUpdate,RepositoryExecutionClaimLedger.acquireInitialChecked,192,66564922,0
baseline-trace,t03,1,8,publish,jdbc_executeUpdate,RepositoryExecutionClaimLedger.renewLive,384,69359323,0
baseline-trace,t03,1,8,publish,jdbc_executeUpdate,RepositoryOperationLedger.admitInTransaction,384,198486419,0
baseline-trace,t03,1,8,publish,jdbc_executeUpdate,RepositoryOperationLedger.renewLive,384,205099300,0
baseline-trace,t03,1,8,publish,sql_acquire,DocumentOperationUploadAdmission.captureReads,384,1546578136,0
baseline-trace,t03,1,8,publish,sql_acquire,DocumentOperationUploadAdmission.recheckInitialSelections,192,567706680,0
baseline-trace,t03,1,8,publish,sql_acquire,DocumentOperationUploadAdmission.stage,192,741860607,0
baseline-trace,t03,1,8,publish,sql_acquire,DocumentPublicationCommit.commitInternal,192,1079868701,0
baseline-trace,t03,1,8,publish,sql_acquire,DocumentPublicationModesJournal.requireObservedModes,384,1723908860,0
baseline-trace,t03,1,8,publish,sql_acquire,DocumentPublicationRegistration.admitInitialAccepted,192,770635782,0
baseline-trace,t03,1,8,publish,sql_acquire,DocumentPublicationRegistration.preflight,192,858319038,0
baseline-trace,t03,1,8,publish,sql_acquire,DocumentPublicationReplay.observe,384,1788846938,0
baseline-trace,t03,1,8,publish,sql_acquire,DocumentSchemaPolicies.read,192,536679603,0
baseline-trace,t03,1,8,publish,sql_acquire,DocumentSelectedAttemptLedger.renew,192,552511785,0
baseline-trace,t03,1,8,publish,sql_acquire,DocumentSelectedAttemptLedger.renewOwnerAndSelections,384,1295743426,0
baseline-trace,t03,1,8,publish,sql_acquire,RepositorySchemaArtifacts.stage,192,956661133,0
baseline-trace,t03,1,8,publish,sql_usage,DocumentOperationUploadAdmission.captureReads,384,2213000000,0
baseline-trace,t03,1,8,publish,sql_usage,DocumentOperationUploadAdmission.recheckInitialSelections,192,1052000000,0
baseline-trace,t03,1,8,publish,sql_usage,DocumentOperationUploadAdmission.stage,192,2063000000,0
baseline-trace,t03,1,8,publish,sql_usage,DocumentPublicationCommit.commitInternal,192,6079000000,0
baseline-trace,t03,1,8,publish,sql_usage,DocumentPublicationModesJournal.requireObservedModes,384,1898000000,0
baseline-trace,t03,1,8,publish,sql_usage,DocumentPublicationRegistration.admitInitialAccepted,192,2157000000,0
baseline-trace,t03,1,8,publish,sql_usage,DocumentPublicationRegistration.preflight,192,28000000,0
baseline-trace,t03,1,8,publish,sql_usage,DocumentPublicationReplay.observe,384,2000000,0
baseline-trace,t03,1,8,publish,sql_usage,DocumentSchemaPolicies.read,192,2000000,0
baseline-trace,t03,1,8,publish,sql_usage,DocumentSelectedAttemptLedger.renew,192,1231000000,0
baseline-trace,t03,1,8,publish,sql_usage,DocumentSelectedAttemptLedger.renewOwnerAndSelections,384,2860000000,0
baseline-trace,t03,1,8,publish,sql_usage,RepositorySchemaArtifacts.stage,192,1619000000,0
baseline-trace,t03,1,8,read,jdbc_commit,DocumentHistoricalSchemas.authorize,256,950685264,0
baseline-trace,t03,1,8,read,jdbc_commit,DocumentHistoricalSchemas.check,256,814205679,0
baseline-trace,t03,1,8,read,jdbc_commit,DocumentReadLedger$PinnedHistory.authorizeDelivery,768,2906931824,0
baseline-trace,t03,1,8,read,jdbc_commit,DocumentReadLedger.captureHistorical,256,734112583,0
baseline-trace,t03,1,8,read,jdbc_executeQuery,DocumentHistoricalReadRows.capture,512,398037009,0
baseline-trace,t03,1,8,read,jdbc_executeQuery,DocumentHistoricalSchemaRows.artifacts,512,108535568,0
baseline-trace,t03,1,8,read,jdbc_executeQuery,DocumentHistoricalSchemaRows.capture,512,488855064,0
baseline-trace,t03,1,8,read,jdbc_executeQuery,DocumentHistoricalSchemaRows.references,256,30836757,0
baseline-trace,t03,1,8,read,jdbc_executeQuery,DocumentHistoricalSchemaRows.roots,512,50890518,0
baseline-trace,t03,1,8,read,jdbc_executeQuery,DocumentReadLedger.lambda$captureHistorical$0,256,49450551,0
baseline-trace,t03,1,8,read,jdbc_executeQuery,DocumentReadPins.acquireHistorical,512,190914037,0
baseline-trace,t03,1,8,read,jdbc_executeQuery,DocumentRevisionLocks.lock,3072,683335928,0
baseline-trace,t03,1,8,read,jdbc_executeQuery,ManagedBackendLedger.requireAll,256,37448854,0
baseline-trace,t03,1,8,read,jdbc_executeUpdate,DocumentReadPins.acquireHistorical,256,240268091,0
baseline-trace,t03,1,8,read,sql_acquire,DocumentHistoricalSchemas.authorize,256,1289926947,0
baseline-trace,t03,1,8,read,sql_acquire,DocumentHistoricalSchemas.check,256,1089833340,0
baseline-trace,t03,1,8,read,sql_acquire,DocumentReadLedger$PinnedHistory.authorizeDelivery,768,3056648718,0
baseline-trace,t03,1,8,read,sql_acquire,DocumentReadLedger.captureHistorical,256,1207538775,0
baseline-trace,t03,1,8,read,sql_usage,DocumentHistoricalSchemas.authorize,256,999000000,0
baseline-trace,t03,1,8,read,sql_usage,DocumentHistoricalSchemas.check,256,1594000000,0
baseline-trace,t03,1,8,read,sql_usage,DocumentReadLedger$PinnedHistory.authorizeDelivery,768,3020000000,0
baseline-trace,t03,1,8,read,sql_usage,DocumentReadLedger.captureHistorical,256,1865000000,0
baseline-trace,t03,1,8,reject,jdbc_commit,DocumentAssessmentCreation.createInternal,64,143243961,0
baseline-trace,t03,1,8,reject,jdbc_commit,DocumentAssessmentCreation.lambda$createInternal$0,64,166116478,0
baseline-trace,t03,1,8,reject,jdbc_commit,DocumentAssessmentDeliveryAuthorization.check,256,688255455,0
baseline-trace,t03,1,8,reject,jdbc_commit,DocumentAssessmentDiscovery.discover,64,167540057,0
baseline-trace,t03,1,8,reject,jdbc_commit,DocumentAssessmentReconciliation.observeRetained,64,179186296,0
baseline-trace,t03,1,8,reject,jdbc_commit,DocumentAssessmentRejections.decide,64,163714446,0
baseline-trace,t03,1,8,reject,jdbc_commit,DocumentAssessmentReplayInputs.load,64,7864527,0
baseline-trace,t03,1,8,reject,jdbc_commit,DocumentAssessmentStartJournal.startRetained,64,158547582,0
baseline-trace,t03,1,8,reject,jdbc_commit,DocumentOperationUploadAdmission.captureReads,128,499474014,0
baseline-trace,t03,1,8,reject,jdbc_commit,DocumentOperationUploadAdmission.recheckInitialSelections,64,258411084,0
baseline-trace,t03,1,8,reject,jdbc_commit,DocumentOperationUploadAdmission.stage,64,302395550,0
baseline-trace,t03,1,8,reject,jdbc_commit,DocumentPublicationModesJournal.loadRetained,128,347179379,0
baseline-trace,t03,1,8,reject,jdbc_commit,DocumentPublicationModesJournal.requireObservedModes,256,764847106,0
baseline-trace,t03,1,8,reject,jdbc_commit,DocumentPublicationPreparationJournal.load,128,352195321,0
baseline-trace,t03,1,8,reject,jdbc_commit,DocumentPublicationRegistration.admitInitialAccepted,64,271884317,0
baseline-trace,t03,1,8,reject,jdbc_commit,DocumentPublicationRegistration.preflight,128,12122308,0
baseline-trace,t03,1,8,reject,jdbc_commit,DocumentPublicationReplay.observe,256,359997856,0
baseline-trace,t03,1,8,reject,jdbc_commit,DocumentSchemaPolicies.read,64,5821138,0
baseline-trace,t03,1,8,reject,jdbc_commit,DocumentSelectedAttemptLedger.renew,64,231631028,0
baseline-trace,t03,1,8,reject,jdbc_commit,DocumentSelectedAttemptLedger.renewOwnerAndSelections,128,451377233,0
baseline-trace,t03,1,8,reject,jdbc_commit,RepositorySchemaArtifacts.stage,64,167909884,0
baseline-trace,t03,1,8,reject,jdbc_executeBatch,DocumentAssessmentCreationWrites.lambda$writeRows$0,64,38394205,0
baseline-trace,t03,1,8,reject,jdbc_executeQuery,DocumentAssessmentDeliveryAuthorization.lambda$check$0,1280,156584604,0
baseline-trace,t03,1,8,reject,jdbc_executeQuery,DocumentAssessmentDeliveryAuthorization.requireLiveReadOwner,512,66809977,0
baseline-trace,t03,1,8,reject,jdbc_executeQuery,DocumentAssessmentDiscovery.lambda$discover$0,128,22576356,0
baseline-trace,t03,1,8,reject,jdbc_executeQuery,DocumentAssessmentReadRows.capture,192,660425202,0
baseline-trace,t03,1,8,reject,jdbc_executeQuery,DocumentAssessmentReconciliation.verifyRetained,256,48636808,0
baseline-trace,t03,1,8,reject,jdbc_executeQuery,DocumentAssessmentRejections.lambda$decide$0,256,42698438,0
baseline-trace,t03,1,8,reject,jdbc_executeQuery,DocumentAssessmentReplayInputs.artifacts,128,54513836,0
baseline-trace,t03,1,8,reject,jdbc_executeQuery,DocumentAssessmentReplayInputs.policy,128,19646297,0
baseline-trace,t03,1,8,reject,jdbc_executeQuery,DocumentAssessmentReplayInputs.read,128,26869607,0
baseline-trace,t03,1,8,reject,jdbc_executeQuery,DocumentAssessmentReplayInputs.roots,128,25792780,0
baseline-trace,t03,1,8,reject,jdbc_executeQuery,DocumentAssessmentRetainedEvidence.verify,64,11125346,0
baseline-trace,t03,1,8,reject,jdbc_executeQuery,DocumentAssessmentRetainedEvidence.verifyArtifacts,64,28042092,0
baseline-trace,t03,1,8,reject,jdbc_executeQuery,DocumentAssessmentRetainedSlots.retainedSelections,64,19065745,0
baseline-trace,t03,1,8,reject,jdbc_executeQuery,DocumentAssessmentRetainedSlots.verify,256,240520330,0
baseline-trace,t03,1,8,reject,jdbc_executeQuery,DocumentAssessmentStartJournal.insertStartedOutcome,64,8951573,0
baseline-trace,t03,1,8,reject,jdbc_executeQuery,DocumentAssessmentStartJournal.lambda$startRetained$2,64,9557522,0
baseline-trace,t03,1,8,reject,jdbc_executeQuery,DocumentAssessmentStartJournal.requireCreation,64,24088996,0
baseline-trace,t03,1,8,reject,jdbc_executeQuery,DocumentCommitParts.bind,128,39437585,0
baseline-trace,t03,1,8,reject,jdbc_executeQuery,DocumentCommitParts.read,64,70927165,0
baseline-trace,t03,1,8,reject,jdbc_executeQuery,DocumentCommitParts.selections,64,14618868,0
baseline-trace,t03,1,8,reject,jdbc_executeQuery,DocumentDriveSnapshot.lock,128,14248528,0
baseline-trace,t03,1,8,reject,jdbc_executeQuery,DocumentKeyReservations.reserveEncoded,64,15400974,0
baseline-trace,t03,1,8,reject,jdbc_executeQuery,DocumentOperationUploadAdmission.lambda$captureReads$0,192,52691723,0
baseline-trace,t03,1,8,reject,jdbc_executeQuery,DocumentOperationUploadAdmission.requireInitialSelections,64,11568676,0
baseline-trace,t03,1,8,reject,jdbc_executeQuery,DocumentOperationUploadAdmission.writeAdmissions,128,23371892,0
baseline-trace,t03,1,8,reject,jdbc_executeQuery,DocumentPartAttemptLedger.lockAll,384,36833351,0
baseline-trace,t03,1,8,reject,jdbc_executeQuery,DocumentPartAttemptLedger.read,128,11391171,0
baseline-trace,t03,1,8,reject,jdbc_executeQuery,DocumentPreparationHistoryRoots.coverage,64,8137230,0
baseline-trace,t03,1,8,reject,jdbc_executeQuery,DocumentPublicationModesJournal.readModes,192,18392891,0
baseline-trace,t03,1,8,reject,jdbc_executeQuery,DocumentPublicationPreparationJournal.capture,384,34735376,0
baseline-trace,t03,1,8,reject,jdbc_executeQuery,DocumentPublicationReplay.observe,832,94515695,0
baseline-trace,t03,1,8,reject,jdbc_executeQuery,DocumentRevisionLocks.lock,2304,431794507,0
baseline-trace,t03,1,8,reject,jdbc_executeQuery,DocumentSchemaPolicies.lambda$read$0,64,7246792,0
baseline-trace,t03,1,8,reject,jdbc_executeQuery,DocumentSchemaPolicies.lockCurrent,384,31099415,0
baseline-trace,t03,1,8,reject,jdbc_executeQuery,DocumentSchemaPolicies.select,192,19324016,0
baseline-trace,t03,1,8,reject,jdbc_executeQuery,DocumentSelectedAttemptLedger.lockSelected,64,9499349,0
baseline-trace,t03,1,8,reject,jdbc_executeQuery,DocumentSelectedAttemptLedger.requireOwner,192,45367909,0
baseline-trace,t03,1,8,reject,jdbc_executeQuery,DocumentSelectedAttemptLedger.requireSelections,384,66498912,0
baseline-trace,t03,1,8,reject,jdbc_executeQuery,DocumentUploadAdmissionReplay.hasSelections,64,6026839,0
baseline-trace,t03,1,8,reject,jdbc_executeQuery,ManagedBackendLedger.find,128,12327263,0
baseline-trace,t03,1,8,reject,jdbc_executeQuery,ManagedBackendLedger.requireAll,64,6153783,0
baseline-trace,t03,1,8,reject,jdbc_executeQuery,RepositoryCoordinatorBinding.bindInitial,64,5811976,0
baseline-trace,t03,1,8,reject,jdbc_executeQuery,RepositoryExecutionClaimLedger.live,64,5878838,0
baseline-trace,t03,1,8,reject,jdbc_executeQuery,RepositoryExecutionClaimLedger.lockLive,2304,590971166,0
baseline-trace,t03,1,8,reject,jdbc_executeQuery,RepositoryExecutionClaimLedger.readLocked,384,29747108,0
baseline-trace,t03,1,8,reject,jdbc_executeQuery,RepositoryOperationLedger.fenceLiveOwner,1344,736228042,0
baseline-trace,t03,1,8,reject,jdbc_executeQuery,RepositoryOperationLedger.live,192,24325953,0
baseline-trace,t03,1,8,reject,jdbc_executeQuery,RepositoryOperationLedger.read,64,7747126,0
baseline-trace,t03,1,8,reject,jdbc_executeQuery,RepositoryOperationLedger.readOwner,256,22916062,0
baseline-trace,t03,1,8,reject,jdbc_executeQuery,RepositoryOperationLedger.requireCommand,1344,132603905,0
baseline-trace,t03,1,8,reject,jdbc_executeQuery,RepositorySchemaArtifacts.lambda$stage$3,256,211840767,0
baseline-trace,t03,1,8,reject,jdbc_executeQuery,SqlTimeouts.apply,384,48699375,0
baseline-trace,t03,1,8,reject,jdbc_executeUpdate,DocumentAssessmentCreationWrites.insertOwner,64,63617783,0
baseline-trace,t03,1,8,reject,jdbc_executeUpdate,DocumentAssessmentCreationWrites.lambda$writeRows$1,64,51549989,0
baseline-trace,t03,1,8,reject,jdbc_executeUpdate,DocumentAssessmentCreationWrites.writeRows,448,649220919,0
baseline-trace,t03,1,8,reject,jdbc_executeUpdate,DocumentAssessmentReconciliation.verifyRetained,64,49920524,0
baseline-trace,t03,1,8,reject,jdbc_executeUpdate,DocumentAssessmentRejections.lambda$decide$0,64,52168905,0
baseline-trace,t03,1,8,reject,jdbc_executeUpdate,DocumentAssessmentStartJournal.insertStartedOutcome,64,57468467,0
baseline-trace,t03,1,8,reject,jdbc_executeUpdate,DocumentOperationSelection.insert,64,59773826,0
baseline-trace,t03,1,8,reject,jdbc_executeUpdate,DocumentOperationUploadAdmission.writeAdmissions,128,68914871,0
baseline-trace,t03,1,8,reject,jdbc_executeUpdate,DocumentPartAttemptLedger.insertEncodedRows,64,52955609,0
baseline-trace,t03,1,8,reject,jdbc_executeUpdate,DocumentPreparationCoverageCertificates.insert,64,23470770,0
baseline-trace,t03,1,8,reject,jdbc_executeUpdate,DocumentPreparationHistoryRoots.insert,128,36721598,0
baseline-trace,t03,1,8,reject,jdbc_executeUpdate,DocumentPublicationModesJournal.insert,64,38030930,0
baseline-trace,t03,1,8,reject,jdbc_executeUpdate,DocumentPublicationPreparationJournal.insert,64,45228216,0
baseline-trace,t03,1,8,reject,jdbc_executeUpdate,DocumentSelectedAttemptLedger.renewSelections,192,108911462,0
baseline-trace,t03,1,8,reject,jdbc_executeUpdate,RepositoryCoordinatorBinding.bindInitial,64,20668021,0
baseline-trace,t03,1,8,reject,jdbc_executeUpdate,RepositoryExecutionClaimLedger.acquireInitialChecked,64,20506854,0
baseline-trace,t03,1,8,reject,jdbc_executeUpdate,RepositoryExecutionClaimLedger.renewLive,128,22075249,0
baseline-trace,t03,1,8,reject,jdbc_executeUpdate,RepositoryOperationLedger.admitInTransaction,128,69587854,0
baseline-trace,t03,1,8,reject,jdbc_executeUpdate,RepositoryOperationLedger.renewLive,128,66421142,0
baseline-trace,t03,1,8,reject,sql_acquire,DocumentAssessmentCreation.createInternal,64,271911683,0
baseline-trace,t03,1,8,reject,sql_acquire,DocumentAssessmentCreation.lambda$createInternal$0,64,252488752,0
baseline-trace,t03,1,8,reject,sql_acquire,DocumentAssessmentDeliveryAuthorization.check,256,992951938,0
baseline-trace,t03,1,8,reject,sql_acquire,DocumentAssessmentDiscovery.discover,64,274165577,0
baseline-trace,t03,1,8,reject,sql_acquire,DocumentAssessmentReconciliation.observeRetained,64,305045841,0
baseline-trace,t03,1,8,reject,sql_acquire,DocumentAssessmentRejections.decide,64,253374720,0
baseline-trace,t03,1,8,reject,sql_acquire,DocumentAssessmentReplayInputs.load,64,213486239,0
baseline-trace,t03,1,8,reject,sql_acquire,DocumentAssessmentStartJournal.startRetained,64,273733156,0
baseline-trace,t03,1,8,reject,sql_acquire,DocumentOperationUploadAdmission.captureReads,128,363473575,0
baseline-trace,t03,1,8,reject,sql_acquire,DocumentOperationUploadAdmission.recheckInitialSelections,64,98455468,0
baseline-trace,t03,1,8,reject,sql_acquire,DocumentOperationUploadAdmission.stage,64,202395202,0
baseline-trace,t03,1,8,reject,sql_acquire,DocumentPublicationModesJournal.loadRetained,128,376682790,0
baseline-trace,t03,1,8,reject,sql_acquire,DocumentPublicationModesJournal.requireObservedModes,256,871233770,0
baseline-trace,t03,1,8,reject,sql_acquire,DocumentPublicationPreparationJournal.load,128,466824140,0
baseline-trace,t03,1,8,reject,sql_acquire,DocumentPublicationRegistration.admitInitialAccepted,64,225238280,0
baseline-trace,t03,1,8,reject,sql_acquire,DocumentPublicationRegistration.preflight,128,430361793,0
baseline-trace,t03,1,8,reject,sql_acquire,DocumentPublicationReplay.observe,256,1170815879,0
baseline-trace,t03,1,8,reject,sql_acquire,DocumentSchemaPolicies.read,64,159965607,0
baseline-trace,t03,1,8,reject,sql_acquire,DocumentSelectedAttemptLedger.renew,64,95935800,0
baseline-trace,t03,1,8,reject,sql_acquire,DocumentSelectedAttemptLedger.renewOwnerAndSelections,128,297116240,0
baseline-trace,t03,1,8,reject,sql_acquire,RepositorySchemaArtifacts.stage,64,188628141,0
baseline-trace,t03,1,8,reject,sql_usage,DocumentAssessmentCreation.createInternal,64,1362000000,0
baseline-trace,t03,1,8,reject,sql_usage,DocumentAssessmentCreation.lambda$createInternal$0,64,238000000,0
baseline-trace,t03,1,8,reject,sql_usage,DocumentAssessmentDeliveryAuthorization.check,256,1033000000,0
baseline-trace,t03,1,8,reject,sql_usage,DocumentAssessmentDiscovery.discover,64,341000000,0
baseline-trace,t03,1,8,reject,sql_usage,DocumentAssessmentReconciliation.observeRetained,64,1443000000,0
baseline-trace,t03,1,8,reject,sql_usage,DocumentAssessmentRejections.decide,64,495000000,0
baseline-trace,t03,1,8,reject,sql_usage,DocumentAssessmentReplayInputs.load,64,206000000,0
baseline-trace,t03,1,8,reject,sql_usage,DocumentAssessmentStartJournal.startRetained,64,303000000,0
baseline-trace,t03,1,8,reject,sql_usage,DocumentOperationUploadAdmission.captureReads,128,709000000,0
baseline-trace,t03,1,8,reject,sql_usage,DocumentOperationUploadAdmission.recheckInitialSelections,64,323000000,0
baseline-trace,t03,1,8,reject,sql_usage,DocumentOperationUploadAdmission.stage,64,663000000,0
baseline-trace,t03,1,8,reject,sql_usage,DocumentPublicationModesJournal.loadRetained,128,352000000,0
baseline-trace,t03,1,8,reject,sql_usage,DocumentPublicationModesJournal.requireObservedModes,256,1030000000,0
baseline-trace,t03,1,8,reject,sql_usage,DocumentPublicationPreparationJournal.load,128,366000000,0
baseline-trace,t03,1,8,reject,sql_usage,DocumentPublicationRegistration.admitInitialAccepted,64,667000000,0
baseline-trace,t03,1,8,reject,sql_usage,DocumentPublicationRegistration.preflight,128,13000000,0
baseline-trace,t03,1,8,reject,sql_usage,DocumentPublicationReplay.observe,256,443000000,0
baseline-trace,t03,1,8,reject,sql_usage,DocumentSchemaPolicies.read,64,2000000,0
baseline-trace,t03,1,8,reject,sql_usage,DocumentSelectedAttemptLedger.renew,64,376000000,0
baseline-trace,t03,1,8,reject,sql_usage,DocumentSelectedAttemptLedger.renewOwnerAndSelections,128,848000000,0
baseline-trace,t03,1,8,reject,sql_usage,RepositorySchemaArtifacts.stage,64,486000000,0
baseline-trace,t03,1,8,replay,jdbc_commit,DocumentPublicationReplay.observe,256,865145878,0
baseline-trace,t03,1,8,replay,jdbc_executeQuery,DocumentPublicationReplay.observe,768,101341882,0
baseline-trace,t03,1,8,replay,jdbc_executeQuery,DocumentPublicationReplay.requireRevisions,192,42618648,0
baseline-trace,t03,1,8,replay,jdbc_executeQuery,DocumentRevisionLocks.lock,512,99331833,0
baseline-trace,t03,1,8,replay,jdbc_executeQuery,RepositoryOperationLedger.requireCommand,256,27687828,0
baseline-trace,t03,1,8,replay,sql_acquire,DocumentPublicationReplay.observe,256,1434331304,0
baseline-trace,t03,1,8,replay,sql_usage,DocumentPublicationReplay.observe,256,1145000000,0
baseline-trace,t03,1,8,unscoped,jdbc_commit,DocumentAssessmentReadProtection.finish,62,233216827,0
baseline-trace,t03,1,8,unscoped,jdbc_commit,DocumentReadPins.finish,256,1242704627,0
baseline-trace,t03,1,8,unscoped,jdbc_commit,DocumentSelectedAttemptLedger.verifyBatch,256,1081217290,0
baseline-trace,t03,1,8,unscoped,jdbc_executeQuery,DocumentAssessmentReadProtection.lambda$finish$0,62,36713641,0
baseline-trace,t03,1,8,unscoped,jdbc_executeQuery,DocumentPartAttemptLedger.read,512,52713474,0
baseline-trace,t03,1,8,unscoped,jdbc_executeQuery,DocumentReadPins.lambda$finish$0,256,290467347,0
baseline-trace,t03,1,8,unscoped,jdbc_executeQuery,DocumentSelectedAttemptLedger.lockSelected,512,68181542,0
baseline-trace,t03,1,8,unscoped,jdbc_executeQuery,DocumentSelectedAttemptLedger.requireOwner,256,53219291,0
baseline-trace,t03,1,8,unscoped,jdbc_executeQuery,RepositoryExecutionClaimLedger.lockLive,256,68069417,0
baseline-trace,t03,1,8,unscoped,jdbc_executeQuery,RepositoryOperationLedger.fenceLiveOwner,256,153305271,0
baseline-trace,t03,1,8,unscoped,jdbc_executeQuery,SqlTimeouts.apply,256,34130277,0
baseline-trace,t03,1,8,unscoped,jdbc_executeUpdate,DocumentSelectedAttemptLedger.verifyBatch,512,342859171,0
baseline-trace,t03,1,8,unscoped,provider_getBounded,DocumentPartTransfer.upload,256,439559930,0
baseline-trace,t03,1,8,unscoped,provider_getBounded,outside_ledger,320,644022679,0
baseline-trace,t03,1,8,unscoped,provider_put,DocumentPartTransfer.upload,256,18890424584,0
baseline-trace,t03,1,8,unscoped,sql_acquire,DocumentAssessmentReadProtection.finish,62,172223991,0
baseline-trace,t03,1,8,unscoped,sql_acquire,DocumentReadPins.finish,256,647206758,0
baseline-trace,t03,1,8,unscoped,sql_acquire,DocumentSelectedAttemptLedger.verifyBatch,256,672125991,0
baseline-trace,t03,1,8,unscoped,sql_usage,DocumentAssessmentReadProtection.finish,62,251000000,0
baseline-trace,t03,1,8,unscoped,sql_usage,DocumentReadPins.finish,256,1434000000,0
baseline-trace,t03,1,8,unscoped,sql_usage,DocumentSelectedAttemptLedger.verifyBatch,256,1823000000,0
baseline-trace,t04,4,2,publish,jdbc_commit,DocumentOperationUploadAdmission.captureReads,384,1795298593,0
baseline-trace,t04,4,2,publish,jdbc_commit,DocumentOperationUploadAdmission.recheckInitialSelections,192,930680759,0
baseline-trace,t04,4,2,publish,jdbc_commit,DocumentOperationUploadAdmission.stage,192,958681331,0
baseline-trace,t04,4,2,publish,jdbc_commit,DocumentPublicationCommit.commitInternal,192,932544337,0
baseline-trace,t04,4,2,publish,jdbc_commit,DocumentPublicationModesJournal.requireObservedModes,384,1864896636,0
baseline-trace,t04,4,2,publish,jdbc_commit,DocumentPublicationRegistration.admitInitialAccepted,192,940637806,0
baseline-trace,t04,4,2,publish,jdbc_commit,DocumentPublicationRegistration.preflight,192,22962831,0
baseline-trace,t04,4,2,publish,jdbc_commit,DocumentPublicationReplay.observe,384,38565701,0
baseline-trace,t04,4,2,publish,jdbc_commit,DocumentSchemaPolicies.read,192,24132748,0
baseline-trace,t04,4,2,publish,jdbc_commit,DocumentSelectedAttemptLedger.renew,192,915688460,0
baseline-trace,t04,4,2,publish,jdbc_commit,DocumentSelectedAttemptLedger.renewOwnerAndSelections,384,1819605778,0
baseline-trace,t04,4,2,publish,jdbc_commit,RepositorySchemaArtifacts.stage,192,931466344,0
baseline-trace,t04,4,2,publish,jdbc_executeBatch,DocumentSchemaRetention.flush,576,482003325,0
baseline-trace,t04,4,2,publish,jdbc_executeQuery,DocumentAdmissionSnapshot.prepare,192,55940440,0
baseline-trace,t04,4,2,publish,jdbc_executeQuery,DocumentCommitParts.bind,192,40376572,0
baseline-trace,t04,4,2,publish,jdbc_executeQuery,DocumentCommitParts.read,192,274307340,0
baseline-trace,t04,4,2,publish,jdbc_executeQuery,DocumentCommitParts.selections,192,49829441,0
baseline-trace,t04,4,2,publish,jdbc_executeQuery,DocumentCommitWriter.write,384,47054732,0
baseline-trace,t04,4,2,publish,jdbc_executeQuery,DocumentDriveSnapshot.lock,384,53255417,0
baseline-trace,t04,4,2,publish,jdbc_executeQuery,DocumentKeyReservations.reserveEncoded,192,55943890,0
baseline-trace,t04,4,2,publish,jdbc_executeQuery,DocumentOperationUploadAdmission.lambda$captureReads$0,576,155062557,0
baseline-trace,t04,4,2,publish,jdbc_executeQuery,DocumentOperationUploadAdmission.requireInitialSelections,192,50815053,0
baseline-trace,t04,4,2,publish,jdbc_executeQuery,DocumentOperationUploadAdmission.writeAdmissions,384,67504653,0
baseline-trace,t04,4,2,publish,jdbc_executeQuery,DocumentPartAttemptLedger.lockAll,1152,131346996,0
baseline-trace,t04,4,2,publish,jdbc_executeQuery,DocumentPartAttemptLedger.read,384,45176021,0
baseline-trace,t04,4,2,publish,jdbc_executeQuery,DocumentPreparationHistoryRoots.coverage,192,28623812,0
baseline-trace,t04,4,2,publish,jdbc_executeQuery,DocumentPublicationLocks$IndependentOrigins.requireScope,384,40317997,0
baseline-trace,t04,4,2,publish,jdbc_executeQuery,DocumentPublicationLocks.lockIndependentOrigins,960,136688506,0
baseline-trace,t04,4,2,publish,jdbc_executeQuery,DocumentPublicationLocks.lockIndependentRetention,192,36285571,0
baseline-trace,t04,4,2,publish,jdbc_executeQuery,DocumentPublicationModeBinding.require,192,38009758,0
baseline-trace,t04,4,2,publish,jdbc_executeQuery,DocumentPublicationModesJournal.readModes,192,21209069,0
baseline-trace,t04,4,2,publish,jdbc_executeQuery,DocumentPublicationPreparationJournal.capture,384,41111196,0
baseline-trace,t04,4,2,publish,jdbc_executeQuery,DocumentPublicationReplay.observe,768,119839598,0
baseline-trace,t04,4,2,publish,jdbc_executeQuery,DocumentRevisionLocks.lock,2304,530379021,0
baseline-trace,t04,4,2,publish,jdbc_executeQuery,DocumentSchemaBatch.lockArtifacts,960,146141354,0
baseline-trace,t04,4,2,publish,jdbc_executeQuery,DocumentSchemaPolicies.lambda$read$0,192,27515063,0
baseline-trace,t04,4,2,publish,jdbc_executeQuery,DocumentSchemaPolicies.lockCurrent,576,55069075,0
baseline-trace,t04,4,2,publish,jdbc_executeQuery,DocumentSchemaPolicies.select,384,51359243,0
baseline-trace,t04,4,2,publish,jdbc_executeQuery,DocumentSchemaRetention.requireFragments,192,43492693,0
baseline-trace,t04,4,2,publish,jdbc_executeQuery,DocumentSchemaRetention.requireRevision,192,27161381,0
baseline-trace,t04,4,2,publish,jdbc_executeQuery,DocumentSchemaRetention.write,192,50924239,0
baseline-trace,t04,4,2,publish,jdbc_executeQuery,DocumentSelectedAttemptLedger.lockSelected,192,32293707,0
baseline-trace,t04,4,2,publish,jdbc_executeQuery,DocumentSelectedAttemptLedger.requireOwner,576,146916259,0
baseline-trace,t04,4,2,publish,jdbc_executeQuery,DocumentSelectedAttemptLedger.requireSelections,1152,233787457,0
baseline-trace,t04,4,2,publish,jdbc_executeQuery,DocumentUploadAdmissionReplay.hasSelections,192,24102077,0
baseline-trace,t04,4,2,publish,jdbc_executeQuery,ManagedBackendLedger.find,384,46057951,0
baseline-trace,t04,4,2,publish,jdbc_executeQuery,RepositoryCoordinatorBinding.bindInitial,192,21563588,0
baseline-trace,t04,4,2,publish,jdbc_executeQuery,RepositoryExecutionClaimLedger.live,192,24424080,0
baseline-trace,t04,4,2,publish,jdbc_executeQuery,RepositoryExecutionClaimLedger.lockLive,3456,1053844377,0
baseline-trace,t04,4,2,publish,jdbc_executeQuery,RepositoryExecutionClaimLedger.readLocked,1152,110939939,0
baseline-trace,t04,4,2,publish,jdbc_executeQuery,RepositoryOperationLedger.fenceLiveOwner,1920,1261977756,0
baseline-trace,t04,4,2,publish,jdbc_executeQuery,RepositoryOperationLedger.live,576,91325381,0
baseline-trace,t04,4,2,publish,jdbc_executeQuery,RepositoryOperationLedger.read,192,27422382,0
baseline-trace,t04,4,2,publish,jdbc_executeQuery,RepositoryOperationLedger.readOwner,768,85989766,0
baseline-trace,t04,4,2,publish,jdbc_executeQuery,RepositoryOperationLedger.requireCommand,1920,226157073,0
baseline-trace,t04,4,2,publish,jdbc_executeQuery,RepositorySchemaArtifacts.lambda$stage$3,768,676138215,0
baseline-trace,t04,4,2,publish,jdbc_executeQuery,SqlTimeouts.apply,1152,163654686,0
baseline-trace,t04,4,2,publish,jdbc_executeUpdate,DocumentCommitWriter.write,1344,965274689,0
baseline-trace,t04,4,2,publish,jdbc_executeUpdate,DocumentOperationSelection.insert,192,197952814,0
baseline-trace,t04,4,2,publish,jdbc_executeUpdate,DocumentOperationUploadAdmission.writeAdmissions,384,241061153,0
baseline-trace,t04,4,2,publish,jdbc_executeUpdate,DocumentPartAttemptLedger.insertEncodedRows,192,165977013,0
baseline-trace,t04,4,2,publish,jdbc_executeUpdate,DocumentPreparationCoverageCertificates.insert,192,81416416,0
baseline-trace,t04,4,2,publish,jdbc_executeUpdate,DocumentPreparationHistoryRoots.insert,384,131683683,0
baseline-trace,t04,4,2,publish,jdbc_executeUpdate,DocumentPublicationCommit.lambda$commitInternal$6,576,477923588,0
baseline-trace,t04,4,2,publish,jdbc_executeUpdate,DocumentPublicationModesJournal.insert,192,134411662,0
baseline-trace,t04,4,2,publish,jdbc_executeUpdate,DocumentPublicationPreparationJournal.insert,192,157275029,0
baseline-trace,t04,4,2,publish,jdbc_executeUpdate,DocumentSchemaAdmissionBinding.insert,192,162123494,0
baseline-trace,t04,4,2,publish,jdbc_executeUpdate,DocumentSelectedAttemptLedger.renewSelections,576,371406318,0
baseline-trace,t04,4,2,publish,jdbc_executeUpdate,RepositoryCoordinatorBinding.bindInitial,192,74144380,0
baseline-trace,t04,4,2,publish,jdbc_executeUpdate,RepositoryExecutionClaimLedger.acquireInitialChecked,192,74870912,0
baseline-trace,t04,4,2,publish,jdbc_executeUpdate,RepositoryExecutionClaimLedger.renewLive,384,82855234,0
baseline-trace,t04,4,2,publish,jdbc_executeUpdate,RepositoryOperationLedger.admitInTransaction,384,223180087,0
baseline-trace,t04,4,2,publish,jdbc_executeUpdate,RepositoryOperationLedger.renewLive,384,239368767,0
baseline-trace,t04,4,2,publish,sql_acquire,DocumentOperationUploadAdmission.captureReads,384,1790416016,0
baseline-trace,t04,4,2,publish,sql_acquire,DocumentOperationUploadAdmission.recheckInitialSelections,192,821428963,0
baseline-trace,t04,4,2,publish,sql_acquire,DocumentOperationUploadAdmission.stage,192,1073728132,0
baseline-trace,t04,4,2,publish,sql_acquire,DocumentPublicationCommit.commitInternal,192,1236087545,0
baseline-trace,t04,4,2,publish,sql_acquire,DocumentPublicationModesJournal.requireObservedModes,384,2077253437,0
baseline-trace,t04,4,2,publish,sql_acquire,DocumentPublicationRegistration.admitInitialAccepted,192,712385156,0
baseline-trace,t04,4,2,publish,sql_acquire,DocumentPublicationRegistration.preflight,192,798881525,0
baseline-trace,t04,4,2,publish,sql_acquire,DocumentPublicationReplay.observe,384,1717452281,0
baseline-trace,t04,4,2,publish,sql_acquire,DocumentSchemaPolicies.read,192,1085631843,0
baseline-trace,t04,4,2,publish,sql_acquire,DocumentSelectedAttemptLedger.renew,192,976577809,0
baseline-trace,t04,4,2,publish,sql_acquire,DocumentSelectedAttemptLedger.renewOwnerAndSelections,384,1931725456,0
baseline-trace,t04,4,2,publish,sql_acquire,RepositorySchemaArtifacts.stage,192,924251110,0
baseline-trace,t04,4,2,publish,sql_usage,DocumentOperationUploadAdmission.captureReads,384,2736000000,0
baseline-trace,t04,4,2,publish,sql_usage,DocumentOperationUploadAdmission.recheckInitialSelections,192,1225000000,0
baseline-trace,t04,4,2,publish,sql_usage,DocumentOperationUploadAdmission.stage,192,2474000000,0
baseline-trace,t04,4,2,publish,sql_usage,DocumentPublicationCommit.commitInternal,192,6015000000,0
baseline-trace,t04,4,2,publish,sql_usage,DocumentPublicationModesJournal.requireObservedModes,384,2437000000,0
baseline-trace,t04,4,2,publish,sql_usage,DocumentPublicationRegistration.admitInitialAccepted,192,2513000000,0
baseline-trace,t04,4,2,publish,sql_usage,DocumentPublicationRegistration.preflight,192,128000000,0
baseline-trace,t04,4,2,publish,sql_usage,DocumentPublicationReplay.observe,384,29000000,0
baseline-trace,t04,4,2,publish,sql_usage,DocumentSchemaPolicies.read,192,89000000,0
baseline-trace,t04,4,2,publish,sql_usage,DocumentSelectedAttemptLedger.renew,192,1484000000,0
baseline-trace,t04,4,2,publish,sql_usage,DocumentSelectedAttemptLedger.renewOwnerAndSelections,384,3488000000,0
baseline-trace,t04,4,2,publish,sql_usage,RepositorySchemaArtifacts.stage,192,2080000000,0
baseline-trace,t04,4,2,read,jdbc_commit,DocumentHistoricalSchemas.authorize,256,1328933485,0
baseline-trace,t04,4,2,read,jdbc_commit,DocumentHistoricalSchemas.check,256,1121920705,0
baseline-trace,t04,4,2,read,jdbc_commit,DocumentReadLedger$PinnedHistory.authorizeDelivery,768,3834189452,0
baseline-trace,t04,4,2,read,jdbc_commit,DocumentReadLedger.captureHistorical,256,1156301168,0
baseline-trace,t04,4,2,read,jdbc_executeQuery,DocumentHistoricalReadRows.capture,512,161839546,0
baseline-trace,t04,4,2,read,jdbc_executeQuery,DocumentHistoricalSchemaRows.artifacts,512,122555611,0
baseline-trace,t04,4,2,read,jdbc_executeQuery,DocumentHistoricalSchemaRows.capture,512,252831772,0
baseline-trace,t04,4,2,read,jdbc_executeQuery,DocumentHistoricalSchemaRows.references,256,35787462,0
baseline-trace,t04,4,2,read,jdbc_executeQuery,DocumentHistoricalSchemaRows.roots,512,59563160,0
baseline-trace,t04,4,2,read,jdbc_executeQuery,DocumentReadLedger.lambda$captureHistorical$0,256,53872235,0
baseline-trace,t04,4,2,read,jdbc_executeQuery,DocumentReadPins.acquireHistorical,512,197795259,0
baseline-trace,t04,4,2,read,jdbc_executeQuery,DocumentRevisionLocks.lock,3072,823811342,0
baseline-trace,t04,4,2,read,jdbc_executeQuery,ManagedBackendLedger.requireAll,256,37761719,0
baseline-trace,t04,4,2,read,jdbc_executeUpdate,DocumentReadPins.acquireHistorical,256,246048827,0
baseline-trace,t04,4,2,read,sql_acquire,DocumentHistoricalSchemas.authorize,256,1346891187,0
baseline-trace,t04,4,2,read,sql_acquire,DocumentHistoricalSchemas.check,256,1384473094,0
baseline-trace,t04,4,2,read,sql_acquire,DocumentReadLedger$PinnedHistory.authorizeDelivery,768,3792902570,0
baseline-trace,t04,4,2,read,sql_acquire,DocumentReadLedger.captureHistorical,256,1632367625,0
baseline-trace,t04,4,2,read,sql_usage,DocumentHistoricalSchemas.authorize,256,1461000000,0
baseline-trace,t04,4,2,read,sql_usage,DocumentHistoricalSchemas.check,256,1840000000,0
baseline-trace,t04,4,2,read,sql_usage,DocumentReadLedger$PinnedHistory.authorizeDelivery,768,4188000000,0
baseline-trace,t04,4,2,read,sql_usage,DocumentReadLedger.captureHistorical,256,2346000000,0
baseline-trace,t04,4,2,reject,jdbc_commit,DocumentAssessmentCreation.createInternal,64,243812837,0
baseline-trace,t04,4,2,reject,jdbc_commit,DocumentAssessmentCreation.lambda$createInternal$0,64,273033506,0
baseline-trace,t04,4,2,reject,jdbc_commit,DocumentAssessmentDeliveryAuthorization.check,256,1031861223,0
baseline-trace,t04,4,2,reject,jdbc_commit,DocumentAssessmentDiscovery.discover,64,232834822,0
baseline-trace,t04,4,2,reject,jdbc_commit,DocumentAssessmentReconciliation.observeRetained,64,236040208,0
baseline-trace,t04,4,2,reject,jdbc_commit,DocumentAssessmentRejections.decide,64,209943226,0
baseline-trace,t04,4,2,reject,jdbc_commit,DocumentAssessmentReplayInputs.load,64,8849660,0
baseline-trace,t04,4,2,reject,jdbc_commit,DocumentAssessmentStartJournal.startRetained,64,233605576,0
baseline-trace,t04,4,2,reject,jdbc_commit,DocumentOperationUploadAdmission.captureReads,128,635173728,0
baseline-trace,t04,4,2,reject,jdbc_commit,DocumentOperationUploadAdmission.recheckInitialSelections,64,303974762,0
baseline-trace,t04,4,2,reject,jdbc_commit,DocumentOperationUploadAdmission.stage,64,413320666,0
baseline-trace,t04,4,2,reject,jdbc_commit,DocumentPublicationModesJournal.loadRetained,128,505698238,0
baseline-trace,t04,4,2,reject,jdbc_commit,DocumentPublicationModesJournal.requireObservedModes,256,1074043634,0
baseline-trace,t04,4,2,reject,jdbc_commit,DocumentPublicationPreparationJournal.load,128,553228374,0
baseline-trace,t04,4,2,reject,jdbc_commit,DocumentPublicationRegistration.admitInitialAccepted,64,412377377,0
baseline-trace,t04,4,2,reject,jdbc_commit,DocumentPublicationRegistration.preflight,128,16021305,0
baseline-trace,t04,4,2,reject,jdbc_commit,DocumentPublicationReplay.observe,256,524173448,0
baseline-trace,t04,4,2,reject,jdbc_commit,DocumentSchemaPolicies.read,64,7486914,0
baseline-trace,t04,4,2,reject,jdbc_commit,DocumentSelectedAttemptLedger.renew,64,284796601,0
baseline-trace,t04,4,2,reject,jdbc_commit,DocumentSelectedAttemptLedger.renewOwnerAndSelections,128,614188245,0
baseline-trace,t04,4,2,reject,jdbc_commit,RepositorySchemaArtifacts.stage,64,289070961,0
baseline-trace,t04,4,2,reject,jdbc_executeBatch,DocumentAssessmentCreationWrites.lambda$writeRows$0,64,45471582,0
baseline-trace,t04,4,2,reject,jdbc_executeQuery,DocumentAssessmentDeliveryAuthorization.lambda$check$0,1280,170912990,0
baseline-trace,t04,4,2,reject,jdbc_executeQuery,DocumentAssessmentDeliveryAuthorization.requireLiveReadOwner,512,69304492,0
baseline-trace,t04,4,2,reject,jdbc_executeQuery,DocumentAssessmentDiscovery.lambda$discover$0,128,25684388,0
baseline-trace,t04,4,2,reject,jdbc_executeQuery,DocumentAssessmentReadRows.capture,192,684746129,0
baseline-trace,t04,4,2,reject,jdbc_executeQuery,DocumentAssessmentReconciliation.verifyRetained,256,55719546,0
baseline-trace,t04,4,2,reject,jdbc_executeQuery,DocumentAssessmentRejections.lambda$decide$0,256,48428772,0
baseline-trace,t04,4,2,reject,jdbc_executeQuery,DocumentAssessmentReplayInputs.artifacts,128,55510175,0
baseline-trace,t04,4,2,reject,jdbc_executeQuery,DocumentAssessmentReplayInputs.policy,128,22409394,0
baseline-trace,t04,4,2,reject,jdbc_executeQuery,DocumentAssessmentReplayInputs.read,128,33902544,0
baseline-trace,t04,4,2,reject,jdbc_executeQuery,DocumentAssessmentReplayInputs.roots,128,27618975,0
baseline-trace,t04,4,2,reject,jdbc_executeQuery,DocumentAssessmentRetainedEvidence.verify,64,12000330,0
baseline-trace,t04,4,2,reject,jdbc_executeQuery,DocumentAssessmentRetainedEvidence.verifyArtifacts,64,31053697,0
baseline-trace,t04,4,2,reject,jdbc_executeQuery,DocumentAssessmentRetainedSlots.retainedSelections,64,20892791,0
baseline-trace,t04,4,2,reject,jdbc_executeQuery,DocumentAssessmentRetainedSlots.verify,256,262885753,0
baseline-trace,t04,4,2,reject,jdbc_executeQuery,DocumentAssessmentStartJournal.insertStartedOutcome,64,11901438,0
baseline-trace,t04,4,2,reject,jdbc_executeQuery,DocumentAssessmentStartJournal.lambda$startRetained$2,64,12737314,0
baseline-trace,t04,4,2,reject,jdbc_executeQuery,DocumentAssessmentStartJournal.requireCreation,64,29027017,0
baseline-trace,t04,4,2,reject,jdbc_executeQuery,DocumentCommitParts.bind,128,45581183,0
baseline-trace,t04,4,2,reject,jdbc_executeQuery,DocumentCommitParts.read,64,84271392,0
baseline-trace,t04,4,2,reject,jdbc_executeQuery,DocumentCommitParts.selections,64,15005882,0
baseline-trace,t04,4,2,reject,jdbc_executeQuery,DocumentDriveSnapshot.lock,128,17801277,0
baseline-trace,t04,4,2,reject,jdbc_executeQuery,DocumentKeyReservations.reserveEncoded,64,18875165,0
baseline-trace,t04,4,2,reject,jdbc_executeQuery,DocumentOperationUploadAdmission.lambda$captureReads$0,192,51658647,0
baseline-trace,t04,4,2,reject,jdbc_executeQuery,DocumentOperationUploadAdmission.requireInitialSelections,64,13864733,0
baseline-trace,t04,4,2,reject,jdbc_executeQuery,DocumentOperationUploadAdmission.writeAdmissions,128,24911496,0
baseline-trace,t04,4,2,reject,jdbc_executeQuery,DocumentPartAttemptLedger.lockAll,384,43514634,0
baseline-trace,t04,4,2,reject,jdbc_executeQuery,DocumentPartAttemptLedger.read,128,14478179,0
baseline-trace,t04,4,2,reject,jdbc_executeQuery,DocumentPreparationHistoryRoots.coverage,64,8324003,0
baseline-trace,t04,4,2,reject,jdbc_executeQuery,DocumentPublicationModesJournal.readModes,192,21969716,0
baseline-trace,t04,4,2,reject,jdbc_executeQuery,DocumentPublicationPreparationJournal.capture,384,46017553,0
baseline-trace,t04,4,2,reject,jdbc_executeQuery,DocumentPublicationReplay.observe,832,111660680,0
baseline-trace,t04,4,2,reject,jdbc_executeQuery,DocumentRevisionLocks.lock,2304,497626015,0
baseline-trace,t04,4,2,reject,jdbc_executeQuery,DocumentSchemaPolicies.lambda$read$0,64,9040604,0
baseline-trace,t04,4,2,reject,jdbc_executeQuery,DocumentSchemaPolicies.lockCurrent,384,38930727,0
baseline-trace,t04,4,2,reject,jdbc_executeQuery,DocumentSchemaPolicies.select,192,22089945,0
baseline-trace,t04,4,2,reject,jdbc_executeQuery,DocumentSelectedAttemptLedger.lockSelected,64,10734156,0
baseline-trace,t04,4,2,reject,jdbc_executeQuery,DocumentSelectedAttemptLedger.requireOwner,192,46566616,0
baseline-trace,t04,4,2,reject,jdbc_executeQuery,DocumentSelectedAttemptLedger.requireSelections,384,75822863,0
baseline-trace,t04,4,2,reject,jdbc_executeQuery,DocumentUploadAdmissionReplay.hasSelections,64,9797858,0
baseline-trace,t04,4,2,reject,jdbc_executeQuery,ManagedBackendLedger.find,128,16472218,0
baseline-trace,t04,4,2,reject,jdbc_executeQuery,ManagedBackendLedger.requireAll,64,6954398,0
baseline-trace,t04,4,2,reject,jdbc_executeQuery,RepositoryCoordinatorBinding.bindInitial,64,6215060,0
baseline-trace,t04,4,2,reject,jdbc_executeQuery,RepositoryExecutionClaimLedger.live,64,6734092,0
baseline-trace,t04,4,2,reject,jdbc_executeQuery,RepositoryExecutionClaimLedger.lockLive,2304,698786416,0
baseline-trace,t04,4,2,reject,jdbc_executeQuery,RepositoryExecutionClaimLedger.readLocked,384,34931389,0
baseline-trace,t04,4,2,reject,jdbc_executeQuery,RepositoryOperationLedger.fenceLiveOwner,1344,861330680,0
baseline-trace,t04,4,2,reject,jdbc_executeQuery,RepositoryOperationLedger.live,192,28141935,0
baseline-trace,t04,4,2,reject,jdbc_executeQuery,RepositoryOperationLedger.read,64,7475159,0
baseline-trace,t04,4,2,reject,jdbc_executeQuery,RepositoryOperationLedger.readOwner,256,27890859,0
baseline-trace,t04,4,2,reject,jdbc_executeQuery,RepositoryOperationLedger.requireCommand,1344,156528699,0
baseline-trace,t04,4,2,reject,jdbc_executeQuery,RepositorySchemaArtifacts.lambda$stage$3,256,238781796,0
baseline-trace,t04,4,2,reject,jdbc_executeQuery,SqlTimeouts.apply,384,53645260,0
baseline-trace,t04,4,2,reject,jdbc_executeUpdate,DocumentAssessmentCreationWrites.insertOwner,64,60115826,0
baseline-trace,t04,4,2,reject,jdbc_executeUpdate,DocumentAssessmentCreationWrites.lambda$writeRows$1,64,56720961,0
baseline-trace,t04,4,2,reject,jdbc_executeUpdate,DocumentAssessmentCreationWrites.writeRows,448,664075417,0
baseline-trace,t04,4,2,reject,jdbc_executeUpdate,DocumentAssessmentReconciliation.verifyRetained,64,46541472,0
baseline-trace,t04,4,2,reject,jdbc_executeUpdate,DocumentAssessmentRejections.lambda$decide$0,64,49716331,0
baseline-trace,t04,4,2,reject,jdbc_executeUpdate,DocumentAssessmentStartJournal.insertStartedOutcome,64,62462359,0
baseline-trace,t04,4,2,reject,jdbc_executeUpdate,DocumentOperationSelection.insert,64,84251591,0
baseline-trace,t04,4,2,reject,jdbc_executeUpdate,DocumentOperationUploadAdmission.writeAdmissions,128,82939358,0
baseline-trace,t04,4,2,reject,jdbc_executeUpdate,DocumentPartAttemptLedger.insertEncodedRows,64,57558940,0
baseline-trace,t04,4,2,reject,jdbc_executeUpdate,DocumentPreparationCoverageCertificates.insert,64,26615119,0
baseline-trace,t04,4,2,reject,jdbc_executeUpdate,DocumentPreparationHistoryRoots.insert,128,41801474,0
baseline-trace,t04,4,2,reject,jdbc_executeUpdate,DocumentPublicationModesJournal.insert,64,42885663,0
baseline-trace,t04,4,2,reject,jdbc_executeUpdate,DocumentPublicationPreparationJournal.insert,64,54142532,0
baseline-trace,t04,4,2,reject,jdbc_executeUpdate,DocumentSelectedAttemptLedger.renewSelections,192,126351660,0
baseline-trace,t04,4,2,reject,jdbc_executeUpdate,RepositoryCoordinatorBinding.bindInitial,64,22632057,0
baseline-trace,t04,4,2,reject,jdbc_executeUpdate,RepositoryExecutionClaimLedger.acquireInitialChecked,64,25329267,0
baseline-trace,t04,4,2,reject,jdbc_executeUpdate,RepositoryExecutionClaimLedger.renewLive,128,26454488,0
baseline-trace,t04,4,2,reject,jdbc_executeUpdate,RepositoryOperationLedger.admitInTransaction,128,71696400,0
baseline-trace,t04,4,2,reject,jdbc_executeUpdate,RepositoryOperationLedger.renewLive,128,77193136,0
baseline-trace,t04,4,2,reject,sql_acquire,DocumentAssessmentCreation.createInternal,64,384358968,0
baseline-trace,t04,4,2,reject,sql_acquire,DocumentAssessmentCreation.lambda$createInternal$0,64,309266956,0
baseline-trace,t04,4,2,reject,sql_acquire,DocumentAssessmentDeliveryAuthorization.check,256,1434824683,0
baseline-trace,t04,4,2,reject,sql_acquire,DocumentAssessmentDiscovery.discover,64,327847066,0
baseline-trace,t04,4,2,reject,sql_acquire,DocumentAssessmentReconciliation.observeRetained,64,312045950,0
baseline-trace,t04,4,2,reject,sql_acquire,DocumentAssessmentRejections.decide,64,368073153,0
baseline-trace,t04,4,2,reject,sql_acquire,DocumentAssessmentReplayInputs.load,64,301494042,0
baseline-trace,t04,4,2,reject,sql_acquire,DocumentAssessmentStartJournal.startRetained,64,378699222,0
baseline-trace,t04,4,2,reject,sql_acquire,DocumentOperationUploadAdmission.captureReads,128,535642308,0
baseline-trace,t04,4,2,reject,sql_acquire,DocumentOperationUploadAdmission.recheckInitialSelections,64,221579938,0
baseline-trace,t04,4,2,reject,sql_acquire,DocumentOperationUploadAdmission.stage,64,374376731,0
baseline-trace,t04,4,2,reject,sql_acquire,DocumentPublicationModesJournal.loadRetained,128,617683751,0
baseline-trace,t04,4,2,reject,sql_acquire,DocumentPublicationModesJournal.requireObservedModes,256,1180920395,0
baseline-trace,t04,4,2,reject,sql_acquire,DocumentPublicationPreparationJournal.load,128,614497090,0
baseline-trace,t04,4,2,reject,sql_acquire,DocumentPublicationRegistration.admitInitialAccepted,64,264975977,0
baseline-trace,t04,4,2,reject,sql_acquire,DocumentPublicationRegistration.preflight,128,667441886,0
baseline-trace,t04,4,2,reject,sql_acquire,DocumentPublicationReplay.observe,256,1544006790,0
baseline-trace,t04,4,2,reject,sql_acquire,DocumentSchemaPolicies.read,64,313622613,0
baseline-trace,t04,4,2,reject,sql_acquire,DocumentSelectedAttemptLedger.renew,64,296460801,0
baseline-trace,t04,4,2,reject,sql_acquire,DocumentSelectedAttemptLedger.renewOwnerAndSelections,128,536295790,0
baseline-trace,t04,4,2,reject,sql_acquire,RepositorySchemaArtifacts.stage,64,308416387,0
baseline-trace,t04,4,2,reject,sql_usage,DocumentAssessmentCreation.createInternal,64,1709000000,0
baseline-trace,t04,4,2,reject,sql_usage,DocumentAssessmentCreation.lambda$createInternal$0,64,390000000,0
baseline-trace,t04,4,2,reject,sql_usage,DocumentAssessmentDeliveryAuthorization.check,256,1469000000,0
baseline-trace,t04,4,2,reject,sql_usage,DocumentAssessmentDiscovery.discover,64,450000000,0
baseline-trace,t04,4,2,reject,sql_usage,DocumentAssessmentReconciliation.observeRetained,64,1675000000,0
baseline-trace,t04,4,2,reject,sql_usage,DocumentAssessmentRejections.decide,64,615000000,0
baseline-trace,t04,4,2,reject,sql_usage,DocumentAssessmentReplayInputs.load,64,295000000,0
baseline-trace,t04,4,2,reject,sql_usage,DocumentAssessmentStartJournal.startRetained,64,415000000,0
baseline-trace,t04,4,2,reject,sql_usage,DocumentOperationUploadAdmission.captureReads,128,947000000,0
baseline-trace,t04,4,2,reject,sql_usage,DocumentOperationUploadAdmission.recheckInitialSelections,64,411000000,0
baseline-trace,t04,4,2,reject,sql_usage,DocumentOperationUploadAdmission.stage,64,972000000,0
baseline-trace,t04,4,2,reject,sql_usage,DocumentPublicationModesJournal.loadRetained,128,523000000,0
baseline-trace,t04,4,2,reject,sql_usage,DocumentPublicationModesJournal.requireObservedModes,256,1448000000,0
baseline-trace,t04,4,2,reject,sql_usage,DocumentPublicationPreparationJournal.load,128,596000000,0
baseline-trace,t04,4,2,reject,sql_usage,DocumentPublicationRegistration.admitInitialAccepted,64,945000000,0
baseline-trace,t04,4,2,reject,sql_usage,DocumentPublicationRegistration.preflight,128,83000000,0
baseline-trace,t04,4,2,reject,sql_usage,DocumentPublicationReplay.observe,256,658000000,0
baseline-trace,t04,4,2,reject,sql_usage,DocumentSchemaPolicies.read,64,27000000,0
baseline-trace,t04,4,2,reject,sql_usage,DocumentSelectedAttemptLedger.renew,64,465000000,0
baseline-trace,t04,4,2,reject,sql_usage,DocumentSelectedAttemptLedger.renewOwnerAndSelections,128,1172000000,0
baseline-trace,t04,4,2,reject,sql_usage,RepositorySchemaArtifacts.stage,64,671000000,0
baseline-trace,t04,4,2,replay,jdbc_commit,DocumentPublicationReplay.observe,256,1198418457,0
baseline-trace,t04,4,2,replay,jdbc_executeQuery,DocumentPublicationReplay.observe,768,109838336,0
baseline-trace,t04,4,2,replay,jdbc_executeQuery,DocumentPublicationReplay.requireRevisions,192,42725122,0
baseline-trace,t04,4,2,replay,jdbc_executeQuery,DocumentRevisionLocks.lock,512,115979413,0
baseline-trace,t04,4,2,replay,jdbc_executeQuery,RepositoryOperationLedger.requireCommand,256,32648745,0
baseline-trace,t04,4,2,replay,sql_acquire,DocumentPublicationReplay.observe,256,1621612048,0
baseline-trace,t04,4,2,replay,sql_usage,DocumentPublicationReplay.observe,256,1647000000,0
baseline-trace,t04,4,2,unscoped,jdbc_commit,DocumentAssessmentReadProtection.finish,62,264460743,0
baseline-trace,t04,4,2,unscoped,jdbc_commit,DocumentReadPins.finish,256,1332511043,0
baseline-trace,t04,4,2,unscoped,jdbc_commit,DocumentSelectedAttemptLedger.verifyBatch,256,1178565800,0
baseline-trace,t04,4,2,unscoped,jdbc_executeQuery,DocumentAssessmentReadProtection.lambda$finish$0,62,34821695,0
baseline-trace,t04,4,2,unscoped,jdbc_executeQuery,DocumentPartAttemptLedger.read,512,65502774,0
baseline-trace,t04,4,2,unscoped,jdbc_executeQuery,DocumentReadPins.lambda$finish$0,256,334030448,0
baseline-trace,t04,4,2,unscoped,jdbc_executeQuery,DocumentSelectedAttemptLedger.lockSelected,512,77000792,0
baseline-trace,t04,4,2,unscoped,jdbc_executeQuery,DocumentSelectedAttemptLedger.requireOwner,256,60019231,0
baseline-trace,t04,4,2,unscoped,jdbc_executeQuery,RepositoryExecutionClaimLedger.lockLive,256,78120851,0
baseline-trace,t04,4,2,unscoped,jdbc_executeQuery,RepositoryOperationLedger.fenceLiveOwner,256,187036854,0
baseline-trace,t04,4,2,unscoped,jdbc_executeQuery,SqlTimeouts.apply,256,36725522,0
baseline-trace,t04,4,2,unscoped,jdbc_executeUpdate,DocumentSelectedAttemptLedger.verifyBatch,512,353696103,0
baseline-trace,t04,4,2,unscoped,provider_getBounded,DocumentPartTransfer.upload,256,780026206,0
baseline-trace,t04,4,2,unscoped,provider_getBounded,outside_ledger,320,1107801482,0
baseline-trace,t04,4,2,unscoped,provider_put,DocumentPartTransfer.upload,256,18503405513,0
baseline-trace,t04,4,2,unscoped,sql_acquire,DocumentAssessmentReadProtection.finish,62,466026885,0
baseline-trace,t04,4,2,unscoped,sql_acquire,DocumentReadPins.finish,256,1643588435,0
baseline-trace,t04,4,2,unscoped,sql_acquire,DocumentSelectedAttemptLedger.verifyBatch,256,1005324549,0
baseline-trace,t04,4,2,unscoped,sql_usage,DocumentAssessmentReadProtection.finish,62,283000000,0
baseline-trace,t04,4,2,unscoped,sql_usage,DocumentReadPins.finish,256,1592000000,0
baseline-trace,t04,4,2,unscoped,sql_usage,DocumentSelectedAttemptLedger.verifyBatch,256,2111000000,0
baseline-trace,t05,2,8,publish,jdbc_commit,DocumentOperationUploadAdmission.captureReads,384,1960098616,0
baseline-trace,t05,2,8,publish,jdbc_commit,DocumentOperationUploadAdmission.recheckInitialSelections,192,1087486822,0
baseline-trace,t05,2,8,publish,jdbc_commit,DocumentOperationUploadAdmission.stage,192,1134814155,0
baseline-trace,t05,2,8,publish,jdbc_commit,DocumentPublicationCommit.commitInternal,192,944610461,0
baseline-trace,t05,2,8,publish,jdbc_commit,DocumentPublicationModesJournal.requireObservedModes,384,1971907785,0
baseline-trace,t05,2,8,publish,jdbc_commit,DocumentPublicationRegistration.admitInitialAccepted,192,1046883205,0
baseline-trace,t05,2,8,publish,jdbc_commit,DocumentPublicationRegistration.preflight,192,22269584,0
baseline-trace,t05,2,8,publish,jdbc_commit,DocumentPublicationReplay.observe,384,41051433,0
baseline-trace,t05,2,8,publish,jdbc_commit,DocumentSchemaPolicies.read,192,25808228,0
baseline-trace,t05,2,8,publish,jdbc_commit,DocumentSelectedAttemptLedger.renew,192,955440760,0
baseline-trace,t05,2,8,publish,jdbc_commit,DocumentSelectedAttemptLedger.renewOwnerAndSelections,384,2090147435,0
baseline-trace,t05,2,8,publish,jdbc_commit,RepositorySchemaArtifacts.stage,192,930434638,0
baseline-trace,t05,2,8,publish,jdbc_executeBatch,DocumentSchemaRetention.flush,576,563995523,0
baseline-trace,t05,2,8,publish,jdbc_executeQuery,DocumentAdmissionSnapshot.prepare,192,82779600,0
baseline-trace,t05,2,8,publish,jdbc_executeQuery,DocumentCommitParts.bind,192,67977818,0
baseline-trace,t05,2,8,publish,jdbc_executeQuery,DocumentCommitParts.read,192,298978385,0
baseline-trace,t05,2,8,publish,jdbc_executeQuery,DocumentCommitParts.selections,192,83901969,0
baseline-trace,t05,2,8,publish,jdbc_executeQuery,DocumentCommitWriter.write,384,58345476,0
baseline-trace,t05,2,8,publish,jdbc_executeQuery,DocumentDriveSnapshot.lock,384,58020053,0
baseline-trace,t05,2,8,publish,jdbc_executeQuery,DocumentKeyReservations.reserveEncoded,192,65703661,0
baseline-trace,t05,2,8,publish,jdbc_executeQuery,DocumentOperationUploadAdmission.lambda$captureReads$0,576,158164806,0
baseline-trace,t05,2,8,publish,jdbc_executeQuery,DocumentOperationUploadAdmission.requireInitialSelections,192,66833542,0
baseline-trace,t05,2,8,publish,jdbc_executeQuery,DocumentOperationUploadAdmission.writeAdmissions,384,74374673,0
baseline-trace,t05,2,8,publish,jdbc_executeQuery,DocumentPartAttemptLedger.lockAll,1152,143585970,0
baseline-trace,t05,2,8,publish,jdbc_executeQuery,DocumentPartAttemptLedger.read,384,51256130,0
baseline-trace,t05,2,8,publish,jdbc_executeQuery,DocumentPreparationHistoryRoots.coverage,192,48662246,0
baseline-trace,t05,2,8,publish,jdbc_executeQuery,DocumentPublicationLocks$IndependentOrigins.requireScope,384,59548138,0
baseline-trace,t05,2,8,publish,jdbc_executeQuery,DocumentPublicationLocks.lockIndependentOrigins,960,155423926,0
baseline-trace,t05,2,8,publish,jdbc_executeQuery,DocumentPublicationLocks.lockIndependentRetention,192,39739207,0
baseline-trace,t05,2,8,publish,jdbc_executeQuery,DocumentPublicationModeBinding.require,192,86068110,0
baseline-trace,t05,2,8,publish,jdbc_executeQuery,DocumentPublicationModesJournal.readModes,192,27456711,0
baseline-trace,t05,2,8,publish,jdbc_executeQuery,DocumentPublicationPreparationJournal.capture,384,52106873,0
baseline-trace,t05,2,8,publish,jdbc_executeQuery,DocumentPublicationReplay.observe,768,132481362,0
baseline-trace,t05,2,8,publish,jdbc_executeQuery,DocumentRevisionLocks.lock,2304,533068116,0
baseline-trace,t05,2,8,publish,jdbc_executeQuery,DocumentSchemaBatch.lockArtifacts,960,171374241,0
baseline-trace,t05,2,8,publish,jdbc_executeQuery,DocumentSchemaPolicies.lambda$read$0,192,26539238,0
baseline-trace,t05,2,8,publish,jdbc_executeQuery,DocumentSchemaPolicies.lockCurrent,576,69845633,0
baseline-trace,t05,2,8,publish,jdbc_executeQuery,DocumentSchemaPolicies.select,384,56520430,0
baseline-trace,t05,2,8,publish,jdbc_executeQuery,DocumentSchemaRetention.requireFragments,192,98655487,0
baseline-trace,t05,2,8,publish,jdbc_executeQuery,DocumentSchemaRetention.requireRevision,192,43331661,0
baseline-trace,t05,2,8,publish,jdbc_executeQuery,DocumentSchemaRetention.write,192,56575121,0
baseline-trace,t05,2,8,publish,jdbc_executeQuery,DocumentSelectedAttemptLedger.lockSelected,192,37875631,0
baseline-trace,t05,2,8,publish,jdbc_executeQuery,DocumentSelectedAttemptLedger.requireOwner,576,166616995,0
baseline-trace,t05,2,8,publish,jdbc_executeQuery,DocumentSelectedAttemptLedger.requireSelections,1152,256436206,0
baseline-trace,t05,2,8,publish,jdbc_executeQuery,DocumentUploadAdmissionReplay.hasSelections,192,31835098,0
baseline-trace,t05,2,8,publish,jdbc_executeQuery,ManagedBackendLedger.find,384,50386930,0
baseline-trace,t05,2,8,publish,jdbc_executeQuery,RepositoryCoordinatorBinding.bindInitial,192,26276647,0
baseline-trace,t05,2,8,publish,jdbc_executeQuery,RepositoryExecutionClaimLedger.live,192,26565853,0
baseline-trace,t05,2,8,publish,jdbc_executeQuery,RepositoryExecutionClaimLedger.lockLive,3456,1118107303,0
baseline-trace,t05,2,8,publish,jdbc_executeQuery,RepositoryExecutionClaimLedger.readLocked,1152,123040324,0
baseline-trace,t05,2,8,publish,jdbc_executeQuery,RepositoryOperationLedger.fenceLiveOwner,1920,1329922375,0
baseline-trace,t05,2,8,publish,jdbc_executeQuery,RepositoryOperationLedger.live,576,112420805,0
baseline-trace,t05,2,8,publish,jdbc_executeQuery,RepositoryOperationLedger.read,192,37421030,0
baseline-trace,t05,2,8,publish,jdbc_executeQuery,RepositoryOperationLedger.readOwner,768,100722712,0
baseline-trace,t05,2,8,publish,jdbc_executeQuery,RepositoryOperationLedger.requireCommand,1920,239473308,0
baseline-trace,t05,2,8,publish,jdbc_executeQuery,RepositorySchemaArtifacts.lambda$stage$3,768,711655684,0
baseline-trace,t05,2,8,publish,jdbc_executeQuery,SqlTimeouts.apply,1152,170832993,0
baseline-trace,t05,2,8,publish,jdbc_executeUpdate,DocumentCommitWriter.write,1344,1121774963,0
baseline-trace,t05,2,8,publish,jdbc_executeUpdate,DocumentOperationSelection.insert,192,232267361,0
baseline-trace,t05,2,8,publish,jdbc_executeUpdate,DocumentOperationUploadAdmission.writeAdmissions,384,271572137,0
baseline-trace,t05,2,8,publish,jdbc_executeUpdate,DocumentPartAttemptLedger.insertEncodedRows,192,185862066,0
baseline-trace,t05,2,8,publish,jdbc_executeUpdate,DocumentPreparationCoverageCertificates.insert,192,99116779,0
baseline-trace,t05,2,8,publish,jdbc_executeUpdate,DocumentPreparationHistoryRoots.insert,384,169612052,0
baseline-trace,t05,2,8,publish,jdbc_executeUpdate,DocumentPublicationCommit.lambda$commitInternal$6,576,664440827,0
baseline-trace,t05,2,8,publish,jdbc_executeUpdate,DocumentPublicationModesJournal.insert,192,151777553,0
baseline-trace,t05,2,8,publish,jdbc_executeUpdate,DocumentPublicationPreparationJournal.insert,192,177505176,0
baseline-trace,t05,2,8,publish,jdbc_executeUpdate,DocumentSchemaAdmissionBinding.insert,192,207578043,0
baseline-trace,t05,2,8,publish,jdbc_executeUpdate,DocumentSelectedAttemptLedger.renewSelections,576,401367213,0
baseline-trace,t05,2,8,publish,jdbc_executeUpdate,RepositoryCoordinatorBinding.bindInitial,192,83948203,0
baseline-trace,t05,2,8,publish,jdbc_executeUpdate,RepositoryExecutionClaimLedger.acquireInitialChecked,192,79577114,0
baseline-trace,t05,2,8,publish,jdbc_executeUpdate,RepositoryExecutionClaimLedger.renewLive,384,92799788,0
baseline-trace,t05,2,8,publish,jdbc_executeUpdate,RepositoryOperationLedger.admitInTransaction,384,246684172,0
baseline-trace,t05,2,8,publish,jdbc_executeUpdate,RepositoryOperationLedger.renewLive,384,257793598,0
baseline-trace,t05,2,8,publish,sql_acquire,DocumentOperationUploadAdmission.captureReads,384,24435342,0
baseline-trace,t05,2,8,publish,sql_acquire,DocumentOperationUploadAdmission.recheckInitialSelections,192,458605,0
baseline-trace,t05,2,8,publish,sql_acquire,DocumentOperationUploadAdmission.stage,192,28954160,0
baseline-trace,t05,2,8,publish,sql_acquire,DocumentPublicationCommit.commitInternal,192,10586625,0
baseline-trace,t05,2,8,publish,sql_acquire,DocumentPublicationModesJournal.requireObservedModes,384,1892810,0
baseline-trace,t05,2,8,publish,sql_acquire,DocumentPublicationRegistration.admitInitialAccepted,192,16177586,0
baseline-trace,t05,2,8,publish,sql_acquire,DocumentPublicationRegistration.preflight,192,4121124,0
baseline-trace,t05,2,8,publish,sql_acquire,DocumentPublicationReplay.observe,384,13993413,0
baseline-trace,t05,2,8,publish,sql_acquire,DocumentSchemaPolicies.read,192,18822937,0
baseline-trace,t05,2,8,publish,sql_acquire,DocumentSelectedAttemptLedger.renew,192,693205,0
baseline-trace,t05,2,8,publish,sql_acquire,DocumentSelectedAttemptLedger.renewOwnerAndSelections,384,34366118,0
baseline-trace,t05,2,8,publish,sql_acquire,RepositorySchemaArtifacts.stage,192,1459363,0
baseline-trace,t05,2,8,publish,sql_usage,DocumentOperationUploadAdmission.captureReads,384,2751000000,0
baseline-trace,t05,2,8,publish,sql_usage,DocumentOperationUploadAdmission.recheckInitialSelections,192,1383000000,0
baseline-trace,t05,2,8,publish,sql_usage,DocumentOperationUploadAdmission.stage,192,2606000000,0
baseline-trace,t05,2,8,publish,sql_usage,DocumentPublicationCommit.commitInternal,192,6551000000,0
baseline-trace,t05,2,8,publish,sql_usage,DocumentPublicationModesJournal.requireObservedModes,384,2521000000,0
baseline-trace,t05,2,8,publish,sql_usage,DocumentPublicationRegistration.admitInitialAccepted,192,2665000000,0
baseline-trace,t05,2,8,publish,sql_usage,DocumentPublicationRegistration.preflight,192,72000000,0
baseline-trace,t05,2,8,publish,sql_usage,DocumentPublicationReplay.observe,384,32000000,0
baseline-trace,t05,2,8,publish,sql_usage,DocumentSchemaPolicies.read,192,36000000,0
baseline-trace,t05,2,8,publish,sql_usage,DocumentSelectedAttemptLedger.renew,192,1533000000,0
baseline-trace,t05,2,8,publish,sql_usage,DocumentSelectedAttemptLedger.renewOwnerAndSelections,384,3790000000,0
baseline-trace,t05,2,8,publish,sql_usage,RepositorySchemaArtifacts.stage,192,2067000000,0
baseline-trace,t05,2,8,read,jdbc_commit,DocumentHistoricalSchemas.authorize,256,1265777490,0
baseline-trace,t05,2,8,read,jdbc_commit,DocumentHistoricalSchemas.check,256,1267585983,0
baseline-trace,t05,2,8,read,jdbc_commit,DocumentReadLedger$PinnedHistory.authorizeDelivery,768,4052489127,0
baseline-trace,t05,2,8,read,jdbc_commit,DocumentReadLedger.captureHistorical,256,1236513487,0
baseline-trace,t05,2,8,read,jdbc_executeQuery,DocumentHistoricalReadRows.capture,512,299739228,0
baseline-trace,t05,2,8,read,jdbc_executeQuery,DocumentHistoricalSchemaRows.artifacts,512,160307600,0
baseline-trace,t05,2,8,read,jdbc_executeQuery,DocumentHistoricalSchemaRows.capture,512,343585320,0
baseline-trace,t05,2,8,read,jdbc_executeQuery,DocumentHistoricalSchemaRows.references,256,42032572,0
baseline-trace,t05,2,8,read,jdbc_executeQuery,DocumentHistoricalSchemaRows.roots,512,80071251,0
baseline-trace,t05,2,8,read,jdbc_executeQuery,DocumentReadLedger.lambda$captureHistorical$0,256,57003949,0
baseline-trace,t05,2,8,read,jdbc_executeQuery,DocumentReadPins.acquireHistorical,512,238799318,0
baseline-trace,t05,2,8,read,jdbc_executeQuery,DocumentRevisionLocks.lock,3072,867696323,0
baseline-trace,t05,2,8,read,jdbc_executeQuery,ManagedBackendLedger.requireAll,256,47688684,0
baseline-trace,t05,2,8,read,jdbc_executeUpdate,DocumentReadPins.acquireHistorical,256,299677087,0
baseline-trace,t05,2,8,read,sql_acquire,DocumentHistoricalSchemas.authorize,256,38342372,0
baseline-trace,t05,2,8,read,sql_acquire,DocumentHistoricalSchemas.check,256,6002184,0
baseline-trace,t05,2,8,read,sql_acquire,DocumentReadLedger$PinnedHistory.authorizeDelivery,768,52807862,0
baseline-trace,t05,2,8,read,sql_acquire,DocumentReadLedger.captureHistorical,256,19327584,0
baseline-trace,t05,2,8,read,sql_usage,DocumentHistoricalSchemas.authorize,256,1354000000,0
baseline-trace,t05,2,8,read,sql_usage,DocumentHistoricalSchemas.check,256,2074000000,0
baseline-trace,t05,2,8,read,sql_usage,DocumentReadLedger$PinnedHistory.authorizeDelivery,768,4293000000,0
baseline-trace,t05,2,8,read,sql_usage,DocumentReadLedger.captureHistorical,256,2624000000,0
baseline-trace,t05,2,8,reject,jdbc_commit,DocumentAssessmentCreation.createInternal,64,203295645,0
baseline-trace,t05,2,8,reject,jdbc_commit,DocumentAssessmentCreation.lambda$createInternal$0,64,226001087,0
baseline-trace,t05,2,8,reject,jdbc_commit,DocumentAssessmentDeliveryAuthorization.check,256,851795749,0
baseline-trace,t05,2,8,reject,jdbc_commit,DocumentAssessmentDiscovery.discover,64,176678312,0
baseline-trace,t05,2,8,reject,jdbc_commit,DocumentAssessmentReconciliation.observeRetained,64,225227943,0
baseline-trace,t05,2,8,reject,jdbc_commit,DocumentAssessmentRejections.decide,64,212565456,0
baseline-trace,t05,2,8,reject,jdbc_commit,DocumentAssessmentReplayInputs.load,64,9616111,0
baseline-trace,t05,2,8,reject,jdbc_commit,DocumentAssessmentStartJournal.startRetained,64,231389631,0
baseline-trace,t05,2,8,reject,jdbc_commit,DocumentOperationUploadAdmission.captureReads,128,653109180,0
baseline-trace,t05,2,8,reject,jdbc_commit,DocumentOperationUploadAdmission.recheckInitialSelections,64,315767270,0
baseline-trace,t05,2,8,reject,jdbc_commit,DocumentOperationUploadAdmission.stage,64,307872847,0
baseline-trace,t05,2,8,reject,jdbc_commit,DocumentPublicationModesJournal.loadRetained,128,495010231,0
baseline-trace,t05,2,8,reject,jdbc_commit,DocumentPublicationModesJournal.requireObservedModes,256,1040895760,0
baseline-trace,t05,2,8,reject,jdbc_commit,DocumentPublicationPreparationJournal.load,128,460058456,0
baseline-trace,t05,2,8,reject,jdbc_commit,DocumentPublicationRegistration.admitInitialAccepted,64,354085538,0
baseline-trace,t05,2,8,reject,jdbc_commit,DocumentPublicationRegistration.preflight,128,19821311,0
baseline-trace,t05,2,8,reject,jdbc_commit,DocumentPublicationReplay.observe,256,467647848,0
baseline-trace,t05,2,8,reject,jdbc_commit,DocumentSchemaPolicies.read,64,7462471,0
baseline-trace,t05,2,8,reject,jdbc_commit,DocumentSelectedAttemptLedger.renew,64,309038465,0
baseline-trace,t05,2,8,reject,jdbc_commit,DocumentSelectedAttemptLedger.renewOwnerAndSelections,128,615207520,0
baseline-trace,t05,2,8,reject,jdbc_commit,RepositorySchemaArtifacts.stage,64,246324452,0
baseline-trace,t05,2,8,reject,jdbc_executeBatch,DocumentAssessmentCreationWrites.lambda$writeRows$0,64,47811940,0
baseline-trace,t05,2,8,reject,jdbc_executeQuery,DocumentAssessmentDeliveryAuthorization.lambda$check$0,1280,221867343,0
baseline-trace,t05,2,8,reject,jdbc_executeQuery,DocumentAssessmentDeliveryAuthorization.requireLiveReadOwner,512,84078282,0
baseline-trace,t05,2,8,reject,jdbc_executeQuery,DocumentAssessmentDiscovery.lambda$discover$0,128,32772951,0
baseline-trace,t05,2,8,reject,jdbc_executeQuery,DocumentAssessmentReadRows.capture,192,829505195,0
baseline-trace,t05,2,8,reject,jdbc_executeQuery,DocumentAssessmentReconciliation.verifyRetained,256,66287689,0
baseline-trace,t05,2,8,reject,jdbc_executeQuery,DocumentAssessmentRejections.lambda$decide$0,256,60350706,0
baseline-trace,t05,2,8,reject,jdbc_executeQuery,DocumentAssessmentReplayInputs.artifacts,128,77168751,0
baseline-trace,t05,2,8,reject,jdbc_executeQuery,DocumentAssessmentReplayInputs.policy,128,30572221,0
baseline-trace,t05,2,8,reject,jdbc_executeQuery,DocumentAssessmentReplayInputs.read,128,36570121,0
baseline-trace,t05,2,8,reject,jdbc_executeQuery,DocumentAssessmentReplayInputs.roots,128,39628620,0
baseline-trace,t05,2,8,reject,jdbc_executeQuery,DocumentAssessmentRetainedEvidence.verify,64,16306153,0
baseline-trace,t05,2,8,reject,jdbc_executeQuery,DocumentAssessmentRetainedEvidence.verifyArtifacts,64,40946195,0
baseline-trace,t05,2,8,reject,jdbc_executeQuery,DocumentAssessmentRetainedSlots.retainedSelections,64,24504265,0
baseline-trace,t05,2,8,reject,jdbc_executeQuery,DocumentAssessmentRetainedSlots.verify,256,334914279,0
baseline-trace,t05,2,8,reject,jdbc_executeQuery,DocumentAssessmentStartJournal.insertStartedOutcome,64,14339575,0
baseline-trace,t05,2,8,reject,jdbc_executeQuery,DocumentAssessmentStartJournal.lambda$startRetained$2,64,14570306,0
baseline-trace,t05,2,8,reject,jdbc_executeQuery,DocumentAssessmentStartJournal.requireCreation,64,33836418,0
baseline-trace,t05,2,8,reject,jdbc_executeQuery,DocumentCommitParts.bind,128,50092162,0
baseline-trace,t05,2,8,reject,jdbc_executeQuery,DocumentCommitParts.read,64,90205419,0
baseline-trace,t05,2,8,reject,jdbc_executeQuery,DocumentCommitParts.selections,64,22496052,0
baseline-trace,t05,2,8,reject,jdbc_executeQuery,DocumentDriveSnapshot.lock,128,20986882,0
baseline-trace,t05,2,8,reject,jdbc_executeQuery,DocumentKeyReservations.reserveEncoded,64,19775504,0
baseline-trace,t05,2,8,reject,jdbc_executeQuery,DocumentOperationUploadAdmission.lambda$captureReads$0,192,52028850,0
baseline-trace,t05,2,8,reject,jdbc_executeQuery,DocumentOperationUploadAdmission.requireInitialSelections,64,22168557,0
baseline-trace,t05,2,8,reject,jdbc_executeQuery,DocumentOperationUploadAdmission.writeAdmissions,128,25784163,0
baseline-trace,t05,2,8,reject,jdbc_executeQuery,DocumentPartAttemptLedger.lockAll,384,47979215,0
baseline-trace,t05,2,8,reject,jdbc_executeQuery,DocumentPartAttemptLedger.read,128,16886381,0
baseline-trace,t05,2,8,reject,jdbc_executeQuery,DocumentPreparationHistoryRoots.coverage,64,12024690,0
baseline-trace,t05,2,8,reject,jdbc_executeQuery,DocumentPublicationModesJournal.readModes,192,24275520,0
baseline-trace,t05,2,8,reject,jdbc_executeQuery,DocumentPublicationPreparationJournal.capture,384,46792152,0
baseline-trace,t05,2,8,reject,jdbc_executeQuery,DocumentPublicationReplay.observe,832,130524481,0
baseline-trace,t05,2,8,reject,jdbc_executeQuery,DocumentRevisionLocks.lock,2304,540813861,0
baseline-trace,t05,2,8,reject,jdbc_executeQuery,DocumentSchemaPolicies.lambda$read$0,64,10300659,0
baseline-trace,t05,2,8,reject,jdbc_executeQuery,DocumentSchemaPolicies.lockCurrent,384,40155174,0
baseline-trace,t05,2,8,reject,jdbc_executeQuery,DocumentSchemaPolicies.select,192,25113202,0
baseline-trace,t05,2,8,reject,jdbc_executeQuery,DocumentSelectedAttemptLedger.lockSelected,64,13743608,0
baseline-trace,t05,2,8,reject,jdbc_executeQuery,DocumentSelectedAttemptLedger.requireOwner,192,57397277,0
baseline-trace,t05,2,8,reject,jdbc_executeQuery,DocumentSelectedAttemptLedger.requireSelections,384,89568136,0
baseline-trace,t05,2,8,reject,jdbc_executeQuery,DocumentUploadAdmissionReplay.hasSelections,64,9072449,0
baseline-trace,t05,2,8,reject,jdbc_executeQuery,ManagedBackendLedger.find,128,16014462,0
baseline-trace,t05,2,8,reject,jdbc_executeQuery,ManagedBackendLedger.requireAll,64,10250724,0
baseline-trace,t05,2,8,reject,jdbc_executeQuery,RepositoryCoordinatorBinding.bindInitial,64,7053454,0
baseline-trace,t05,2,8,reject,jdbc_executeQuery,RepositoryExecutionClaimLedger.live,64,7931116,0
baseline-trace,t05,2,8,reject,jdbc_executeQuery,RepositoryExecutionClaimLedger.lockLive,2304,766340625,0
baseline-trace,t05,2,8,reject,jdbc_executeQuery,RepositoryExecutionClaimLedger.readLocked,384,39996257,0
baseline-trace,t05,2,8,reject,jdbc_executeQuery,RepositoryOperationLedger.fenceLiveOwner,1344,950461292,0
baseline-trace,t05,2,8,reject,jdbc_executeQuery,RepositoryOperationLedger.live,192,32175165,0
baseline-trace,t05,2,8,reject,jdbc_executeQuery,RepositoryOperationLedger.read,64,9174003,0
baseline-trace,t05,2,8,reject,jdbc_executeQuery,RepositoryOperationLedger.readOwner,256,30469601,0
baseline-trace,t05,2,8,reject,jdbc_executeQuery,RepositoryOperationLedger.requireCommand,1344,190705733,0
baseline-trace,t05,2,8,reject,jdbc_executeQuery,RepositorySchemaArtifacts.lambda$stage$3,256,260085043,0
baseline-trace,t05,2,8,reject,jdbc_executeQuery,SqlTimeouts.apply,384,59724790,0
baseline-trace,t05,2,8,reject,jdbc_executeUpdate,DocumentAssessmentCreationWrites.insertOwner,64,71290671,0
baseline-trace,t05,2,8,reject,jdbc_executeUpdate,DocumentAssessmentCreationWrites.lambda$writeRows$1,64,92981694,0
baseline-trace,t05,2,8,reject,jdbc_executeUpdate,DocumentAssessmentCreationWrites.writeRows,448,1188343026,0
baseline-trace,t05,2,8,reject,jdbc_executeUpdate,DocumentAssessmentReconciliation.verifyRetained,64,61212618,0
baseline-trace,t05,2,8,reject,jdbc_executeUpdate,DocumentAssessmentRejections.lambda$decide$0,64,61782721,0
baseline-trace,t05,2,8,reject,jdbc_executeUpdate,DocumentAssessmentStartJournal.insertStartedOutcome,64,74530666,0
baseline-trace,t05,2,8,reject,jdbc_executeUpdate,DocumentOperationSelection.insert,64,73763601,0
baseline-trace,t05,2,8,reject,jdbc_executeUpdate,DocumentOperationUploadAdmission.writeAdmissions,128,82761217,0
baseline-trace,t05,2,8,reject,jdbc_executeUpdate,DocumentPartAttemptLedger.insertEncodedRows,64,60354206,0
baseline-trace,t05,2,8,reject,jdbc_executeUpdate,DocumentPreparationCoverageCertificates.insert,64,28230383,0
baseline-trace,t05,2,8,reject,jdbc_executeUpdate,DocumentPreparationHistoryRoots.insert,128,43834735,0
baseline-trace,t05,2,8,reject,jdbc_executeUpdate,DocumentPublicationModesJournal.insert,64,44493277,0
baseline-trace,t05,2,8,reject,jdbc_executeUpdate,DocumentPublicationPreparationJournal.insert,64,53074492,0
baseline-trace,t05,2,8,reject,jdbc_executeUpdate,DocumentSelectedAttemptLedger.renewSelections,192,139459201,0
baseline-trace,t05,2,8,reject,jdbc_executeUpdate,RepositoryCoordinatorBinding.bindInitial,64,23456853,0
baseline-trace,t05,2,8,reject,jdbc_executeUpdate,RepositoryExecutionClaimLedger.acquireInitialChecked,64,22713659,0
baseline-trace,t05,2,8,reject,jdbc_executeUpdate,RepositoryExecutionClaimLedger.renewLive,128,30607627,0
baseline-trace,t05,2,8,reject,jdbc_executeUpdate,RepositoryOperationLedger.admitInTransaction,128,70939769,0
baseline-trace,t05,2,8,reject,jdbc_executeUpdate,RepositoryOperationLedger.renewLive,128,90716848,0
baseline-trace,t05,2,8,reject,sql_acquire,DocumentAssessmentCreation.createInternal,64,110224,0
baseline-trace,t05,2,8,reject,sql_acquire,DocumentAssessmentCreation.lambda$createInternal$0,64,106461,0
baseline-trace,t05,2,8,reject,sql_acquire,DocumentAssessmentDeliveryAuthorization.check,256,24229255,0
baseline-trace,t05,2,8,reject,sql_acquire,DocumentAssessmentDiscovery.discover,64,119577,0
baseline-trace,t05,2,8,reject,sql_acquire,DocumentAssessmentReconciliation.observeRetained,64,103388,0
baseline-trace,t05,2,8,reject,sql_acquire,DocumentAssessmentRejections.decide,64,3303102,0
baseline-trace,t05,2,8,reject,sql_acquire,DocumentAssessmentReplayInputs.load,64,128129,0
baseline-trace,t05,2,8,reject,sql_acquire,DocumentAssessmentStartJournal.startRetained,64,114529,0
baseline-trace,t05,2,8,reject,sql_acquire,DocumentOperationUploadAdmission.captureReads,128,4816670,0
baseline-trace,t05,2,8,reject,sql_acquire,DocumentOperationUploadAdmission.recheckInitialSelections,64,157508,0
baseline-trace,t05,2,8,reject,sql_acquire,DocumentOperationUploadAdmission.stage,64,1562643,0
baseline-trace,t05,2,8,reject,sql_acquire,DocumentPublicationModesJournal.loadRetained,128,222455,0
baseline-trace,t05,2,8,reject,sql_acquire,DocumentPublicationModesJournal.requireObservedModes,256,525003,0
baseline-trace,t05,2,8,reject,sql_acquire,DocumentPublicationPreparationJournal.load,128,215912,0
baseline-trace,t05,2,8,reject,sql_acquire,DocumentPublicationRegistration.admitInitialAccepted,64,6693794,0
baseline-trace,t05,2,8,reject,sql_acquire,DocumentPublicationRegistration.preflight,128,9333150,0
baseline-trace,t05,2,8,reject,sql_acquire,DocumentPublicationReplay.observe,256,8145525,0
baseline-trace,t05,2,8,reject,sql_acquire,DocumentSchemaPolicies.read,64,1500368,0
baseline-trace,t05,2,8,reject,sql_acquire,DocumentSelectedAttemptLedger.renew,64,233957,0
baseline-trace,t05,2,8,reject,sql_acquire,DocumentSelectedAttemptLedger.renewOwnerAndSelections,128,214787,0
baseline-trace,t05,2,8,reject,sql_acquire,RepositorySchemaArtifacts.stage,64,268802,0
baseline-trace,t05,2,8,reject,sql_usage,DocumentAssessmentCreation.createInternal,64,2217000000,0
baseline-trace,t05,2,8,reject,sql_usage,DocumentAssessmentCreation.lambda$createInternal$0,64,340000000,0
baseline-trace,t05,2,8,reject,sql_usage,DocumentAssessmentDeliveryAuthorization.check,256,1351000000,0
baseline-trace,t05,2,8,reject,sql_usage,DocumentAssessmentDiscovery.discover,64,399000000,0
baseline-trace,t05,2,8,reject,sql_usage,DocumentAssessmentReconciliation.observeRetained,64,1901000000,0
baseline-trace,t05,2,8,reject,sql_usage,DocumentAssessmentRejections.decide,64,644000000,0
baseline-trace,t05,2,8,reject,sql_usage,DocumentAssessmentReplayInputs.load,64,297000000,0
baseline-trace,t05,2,8,reject,sql_usage,DocumentAssessmentStartJournal.startRetained,64,435000000,0
baseline-trace,t05,2,8,reject,sql_usage,DocumentOperationUploadAdmission.captureReads,128,927000000,0
baseline-trace,t05,2,8,reject,sql_usage,DocumentOperationUploadAdmission.recheckInitialSelections,64,416000000,0
baseline-trace,t05,2,8,reject,sql_usage,DocumentOperationUploadAdmission.stage,64,790000000,0
baseline-trace,t05,2,8,reject,sql_usage,DocumentPublicationModesJournal.loadRetained,128,509000000,0
baseline-trace,t05,2,8,reject,sql_usage,DocumentPublicationModesJournal.requireObservedModes,256,1410000000,0
baseline-trace,t05,2,8,reject,sql_usage,DocumentPublicationPreparationJournal.load,128,483000000,0
baseline-trace,t05,2,8,reject,sql_usage,DocumentPublicationRegistration.admitInitialAccepted,64,819000000,0
baseline-trace,t05,2,8,reject,sql_usage,DocumentPublicationRegistration.preflight,128,62000000,0
baseline-trace,t05,2,8,reject,sql_usage,DocumentPublicationReplay.observe,256,597000000,0
baseline-trace,t05,2,8,reject,sql_usage,DocumentSchemaPolicies.read,64,8000000,0
baseline-trace,t05,2,8,reject,sql_usage,DocumentSelectedAttemptLedger.renew,64,513000000,0
baseline-trace,t05,2,8,reject,sql_usage,DocumentSelectedAttemptLedger.renewOwnerAndSelections,128,1195000000,0
baseline-trace,t05,2,8,reject,sql_usage,RepositorySchemaArtifacts.stage,64,677000000,0
baseline-trace,t05,2,8,replay,jdbc_commit,DocumentPublicationReplay.observe,256,1233919355,0
baseline-trace,t05,2,8,replay,jdbc_executeQuery,DocumentPublicationReplay.observe,768,128373334,0
baseline-trace,t05,2,8,replay,jdbc_executeQuery,DocumentPublicationReplay.requireRevisions,192,61973771,0
baseline-trace,t05,2,8,replay,jdbc_executeQuery,DocumentRevisionLocks.lock,512,120989204,0
baseline-trace,t05,2,8,replay,jdbc_executeQuery,RepositoryOperationLedger.requireCommand,256,35591741,0
baseline-trace,t05,2,8,replay,sql_acquire,DocumentPublicationReplay.observe,256,20827005,0
baseline-trace,t05,2,8,replay,sql_usage,DocumentPublicationReplay.observe,256,1640000000,0
baseline-trace,t05,2,8,unscoped,jdbc_commit,DocumentAssessmentReadProtection.finish,65,293455561,0
baseline-trace,t05,2,8,unscoped,jdbc_commit,DocumentReadPins.finish,256,1447002523,0
baseline-trace,t05,2,8,unscoped,jdbc_commit,DocumentSelectedAttemptLedger.verifyBatch,256,1429042572,0
baseline-trace,t05,2,8,unscoped,jdbc_executeQuery,DocumentAssessmentReadProtection.lambda$finish$0,65,45717711,0
baseline-trace,t05,2,8,unscoped,jdbc_executeQuery,DocumentPartAttemptLedger.read,512,61907782,0
baseline-trace,t05,2,8,unscoped,jdbc_executeQuery,DocumentReadPins.lambda$finish$0,256,342205743,0
baseline-trace,t05,2,8,unscoped,jdbc_executeQuery,DocumentSelectedAttemptLedger.lockSelected,512,85951828,0
baseline-trace,t05,2,8,unscoped,jdbc_executeQuery,DocumentSelectedAttemptLedger.requireOwner,256,66155400,0
baseline-trace,t05,2,8,unscoped,jdbc_executeQuery,RepositoryExecutionClaimLedger.lockLive,256,85714993,0
baseline-trace,t05,2,8,unscoped,jdbc_executeQuery,RepositoryOperationLedger.fenceLiveOwner,256,185717344,0
baseline-trace,t05,2,8,unscoped,jdbc_executeQuery,SqlTimeouts.apply,256,39659035,0
baseline-trace,t05,2,8,unscoped,jdbc_executeUpdate,DocumentSelectedAttemptLedger.verifyBatch,512,397356383,0
baseline-trace,t05,2,8,unscoped,provider_getBounded,DocumentPartTransfer.upload,256,637844576,0
baseline-trace,t05,2,8,unscoped,provider_getBounded,outside_ledger,320,998650322,0
baseline-trace,t05,2,8,unscoped,provider_put,DocumentPartTransfer.upload,256,18110407891,0
baseline-trace,t05,2,8,unscoped,sql_acquire,DocumentAssessmentReadProtection.finish,64,24149329,0
baseline-trace,t05,2,8,unscoped,sql_acquire,DocumentReadPins.finish,256,75331807,0
baseline-trace,t05,2,8,unscoped,sql_acquire,DocumentSelectedAttemptLedger.verifyBatch,256,4470821,0
baseline-trace,t05,2,8,unscoped,sql_usage,DocumentAssessmentReadProtection.finish,65,316000000,0
baseline-trace,t05,2,8,unscoped,sql_usage,DocumentReadPins.finish,256,1698000000,0
baseline-trace,t05,2,8,unscoped,sql_usage,DocumentSelectedAttemptLedger.verifyBatch,256,2385000000,0
baseline-trace,t06,2,8,publish,jdbc_commit,DocumentOperationUploadAdmission.captureReads,384,1725674675,0
baseline-trace,t06,2,8,publish,jdbc_commit,DocumentOperationUploadAdmission.recheckInitialSelections,192,938414806,0
baseline-trace,t06,2,8,publish,jdbc_commit,DocumentOperationUploadAdmission.stage,192,974308598,0
baseline-trace,t06,2,8,publish,jdbc_commit,DocumentPublicationCommit.commitInternal,192,1092608804,0
baseline-trace,t06,2,8,publish,jdbc_commit,DocumentPublicationModesJournal.requireObservedModes,384,1608834731,0
baseline-trace,t06,2,8,publish,jdbc_commit,DocumentPublicationRegistration.admitInitialAccepted,192,984026988,0
baseline-trace,t06,2,8,publish,jdbc_commit,DocumentPublicationRegistration.preflight,192,26384480,0
baseline-trace,t06,2,8,publish,jdbc_commit,DocumentPublicationReplay.observe,384,43281187,0
baseline-trace,t06,2,8,publish,jdbc_commit,DocumentSchemaPolicies.read,192,24093094,0
baseline-trace,t06,2,8,publish,jdbc_commit,DocumentSelectedAttemptLedger.renew,192,836428318,0
baseline-trace,t06,2,8,publish,jdbc_commit,DocumentSelectedAttemptLedger.renewOwnerAndSelections,384,1717984520,0
baseline-trace,t06,2,8,publish,jdbc_commit,RepositorySchemaArtifacts.stage,192,852593124,0
baseline-trace,t06,2,8,publish,jdbc_executeBatch,DocumentSchemaRetention.flush,576,599909012,0
baseline-trace,t06,2,8,publish,jdbc_executeQuery,DocumentAdmissionSnapshot.prepare,192,84971946,0
baseline-trace,t06,2,8,publish,jdbc_executeQuery,DocumentCommitParts.bind,192,43642084,0
baseline-trace,t06,2,8,publish,jdbc_executeQuery,DocumentCommitParts.read,192,301020836,0
baseline-trace,t06,2,8,publish,jdbc_executeQuery,DocumentCommitParts.selections,192,80334653,0
baseline-trace,t06,2,8,publish,jdbc_executeQuery,DocumentCommitWriter.write,384,64462860,0
baseline-trace,t06,2,8,publish,jdbc_executeQuery,DocumentDriveSnapshot.lock,384,63059305,0
baseline-trace,t06,2,8,publish,jdbc_executeQuery,DocumentKeyReservations.reserveEncoded,192,68983892,0
baseline-trace,t06,2,8,publish,jdbc_executeQuery,DocumentOperationUploadAdmission.lambda$captureReads$0,576,157405329,0
baseline-trace,t06,2,8,publish,jdbc_executeQuery,DocumentOperationUploadAdmission.requireInitialSelections,192,72970447,0
baseline-trace,t06,2,8,publish,jdbc_executeQuery,DocumentOperationUploadAdmission.writeAdmissions,384,80972381,0
baseline-trace,t06,2,8,publish,jdbc_executeQuery,DocumentPartAttemptLedger.lockAll,1152,143175964,0
baseline-trace,t06,2,8,publish,jdbc_executeQuery,DocumentPartAttemptLedger.read,384,54770903,0
baseline-trace,t06,2,8,publish,jdbc_executeQuery,DocumentPreparationHistoryRoots.coverage,192,43030969,0
baseline-trace,t06,2,8,publish,jdbc_executeQuery,DocumentPublicationLocks$IndependentOrigins.requireScope,384,49743545,0
baseline-trace,t06,2,8,publish,jdbc_executeQuery,DocumentPublicationLocks.lockIndependentOrigins,960,156437719,0
baseline-trace,t06,2,8,publish,jdbc_executeQuery,DocumentPublicationLocks.lockIndependentRetention,192,40841353,0
baseline-trace,t06,2,8,publish,jdbc_executeQuery,DocumentPublicationModeBinding.require,192,58184771,0
baseline-trace,t06,2,8,publish,jdbc_executeQuery,DocumentPublicationModesJournal.readModes,192,25649945,0
baseline-trace,t06,2,8,publish,jdbc_executeQuery,DocumentPublicationPreparationJournal.capture,384,53664632,0
baseline-trace,t06,2,8,publish,jdbc_executeQuery,DocumentPublicationReplay.observe,768,138300371,0
baseline-trace,t06,2,8,publish,jdbc_executeQuery,DocumentRevisionLocks.lock,2304,546837229,0
baseline-trace,t06,2,8,publish,jdbc_executeQuery,DocumentSchemaBatch.lockArtifacts,960,177065149,0
baseline-trace,t06,2,8,publish,jdbc_executeQuery,DocumentSchemaPolicies.lambda$read$0,192,29019560,0
baseline-trace,t06,2,8,publish,jdbc_executeQuery,DocumentSchemaPolicies.lockCurrent,576,70531109,0
baseline-trace,t06,2,8,publish,jdbc_executeQuery,DocumentSchemaPolicies.select,384,57280705,0
baseline-trace,t06,2,8,publish,jdbc_executeQuery,DocumentSchemaRetention.requireFragments,192,104192829,0
baseline-trace,t06,2,8,publish,jdbc_executeQuery,DocumentSchemaRetention.requireRevision,192,43855282,0
baseline-trace,t06,2,8,publish,jdbc_executeQuery,DocumentSchemaRetention.write,192,52512205,0
baseline-trace,t06,2,8,publish,jdbc_executeQuery,DocumentSelectedAttemptLedger.lockSelected,192,47097496,0
baseline-trace,t06,2,8,publish,jdbc_executeQuery,DocumentSelectedAttemptLedger.requireOwner,576,163542686,0
baseline-trace,t06,2,8,publish,jdbc_executeQuery,DocumentSelectedAttemptLedger.requireSelections,1152,253299737,0
baseline-trace,t06,2,8,publish,jdbc_executeQuery,DocumentUploadAdmissionReplay.hasSelections,192,34269676,0
baseline-trace,t06,2,8,publish,jdbc_executeQuery,ManagedBackendLedger.find,384,53447981,0
baseline-trace,t06,2,8,publish,jdbc_executeQuery,RepositoryCoordinatorBinding.bindInitial,192,26940040,0
baseline-trace,t06,2,8,publish,jdbc_executeQuery,RepositoryExecutionClaimLedger.live,192,28561801,0
baseline-trace,t06,2,8,publish,jdbc_executeQuery,RepositoryExecutionClaimLedger.lockLive,3456,1126434244,0
baseline-trace,t06,2,8,publish,jdbc_executeQuery,RepositoryExecutionClaimLedger.readLocked,1152,124313027,0
baseline-trace,t06,2,8,publish,jdbc_executeQuery,RepositoryOperationLedger.fenceLiveOwner,1920,1330131728,0
baseline-trace,t06,2,8,publish,jdbc_executeQuery,RepositoryOperationLedger.live,576,102753704,0
baseline-trace,t06,2,8,publish,jdbc_executeQuery,RepositoryOperationLedger.read,192,34918598,0
baseline-trace,t06,2,8,publish,jdbc_executeQuery,RepositoryOperationLedger.readOwner,768,97373237,0
baseline-trace,t06,2,8,publish,jdbc_executeQuery,RepositoryOperationLedger.requireCommand,1920,257908793,0
baseline-trace,t06,2,8,publish,jdbc_executeQuery,RepositorySchemaArtifacts.lambda$stage$3,768,707310701,0
baseline-trace,t06,2,8,publish,jdbc_executeQuery,SqlTimeouts.apply,1152,174369483,0
baseline-trace,t06,2,8,publish,jdbc_executeUpdate,DocumentCommitWriter.write,1344,1126562402,0
baseline-trace,t06,2,8,publish,jdbc_executeUpdate,DocumentOperationSelection.insert,192,241830986,0
baseline-trace,t06,2,8,publish,jdbc_executeUpdate,DocumentOperationUploadAdmission.writeAdmissions,384,288841154,0
baseline-trace,t06,2,8,publish,jdbc_executeUpdate,DocumentPartAttemptLedger.insertEncodedRows,192,203986879,0
baseline-trace,t06,2,8,publish,jdbc_executeUpdate,DocumentPreparationCoverageCertificates.insert,192,100778421,0
baseline-trace,t06,2,8,publish,jdbc_executeUpdate,DocumentPreparationHistoryRoots.insert,384,157470427,0
baseline-trace,t06,2,8,publish,jdbc_executeUpdate,DocumentPublicationCommit.lambda$commitInternal$6,576,651101546,0
baseline-trace,t06,2,8,publish,jdbc_executeUpdate,DocumentPublicationModesJournal.insert,192,155084868,0
baseline-trace,t06,2,8,publish,jdbc_executeUpdate,DocumentPublicationPreparationJournal.insert,192,176342477,0
baseline-trace,t06,2,8,publish,jdbc_executeUpdate,DocumentSchemaAdmissionBinding.insert,192,202231430,0
baseline-trace,t06,2,8,publish,jdbc_executeUpdate,DocumentSelectedAttemptLedger.renewSelections,576,401635323,0
baseline-trace,t06,2,8,publish,jdbc_executeUpdate,RepositoryCoordinatorBinding.bindInitial,192,87810708,0
baseline-trace,t06,2,8,publish,jdbc_executeUpdate,RepositoryExecutionClaimLedger.acquireInitialChecked,192,80208203,0
baseline-trace,t06,2,8,publish,jdbc_executeUpdate,RepositoryExecutionClaimLedger.renewLive,384,92368213,0
baseline-trace,t06,2,8,publish,jdbc_executeUpdate,RepositoryOperationLedger.admitInTransaction,384,247019933,0
baseline-trace,t06,2,8,publish,jdbc_executeUpdate,RepositoryOperationLedger.renewLive,384,253119380,0
baseline-trace,t06,2,8,publish,sql_acquire,DocumentOperationUploadAdmission.captureReads,384,29946050,0
baseline-trace,t06,2,8,publish,sql_acquire,DocumentOperationUploadAdmission.recheckInitialSelections,192,430392,0
baseline-trace,t06,2,8,publish,sql_acquire,DocumentOperationUploadAdmission.stage,192,22634913,0
baseline-trace,t06,2,8,publish,sql_acquire,DocumentPublicationCommit.commitInternal,192,1014006,0
baseline-trace,t06,2,8,publish,sql_acquire,DocumentPublicationModesJournal.requireObservedModes,384,2996495,0
baseline-trace,t06,2,8,publish,sql_acquire,DocumentPublicationRegistration.admitInitialAccepted,192,16361283,0
baseline-trace,t06,2,8,publish,sql_acquire,DocumentPublicationRegistration.preflight,192,13490590,0
baseline-trace,t06,2,8,publish,sql_acquire,DocumentPublicationReplay.observe,384,28482481,0
baseline-trace,t06,2,8,publish,sql_acquire,DocumentSchemaPolicies.read,192,25154836,0
baseline-trace,t06,2,8,publish,sql_acquire,DocumentSelectedAttemptLedger.renew,192,690854,0
baseline-trace,t06,2,8,publish,sql_acquire,DocumentSelectedAttemptLedger.renewOwnerAndSelections,384,31576786,0
baseline-trace,t06,2,8,publish,sql_acquire,RepositorySchemaArtifacts.stage,192,1097401,0
baseline-trace,t06,2,8,publish,sql_usage,DocumentOperationUploadAdmission.captureReads,384,2537000000,0
baseline-trace,t06,2,8,publish,sql_usage,DocumentOperationUploadAdmission.recheckInitialSelections,192,1239000000,0
baseline-trace,t06,2,8,publish,sql_usage,DocumentOperationUploadAdmission.stage,192,2540000000,0
baseline-trace,t06,2,8,publish,sql_usage,DocumentPublicationCommit.commitInternal,192,6638000000,0
baseline-trace,t06,2,8,publish,sql_usage,DocumentPublicationModesJournal.requireObservedModes,384,2148000000,0
baseline-trace,t06,2,8,publish,sql_usage,DocumentPublicationRegistration.admitInitialAccepted,192,2610000000,0
baseline-trace,t06,2,8,publish,sql_usage,DocumentPublicationRegistration.preflight,192,73000000,0
baseline-trace,t06,2,8,publish,sql_usage,DocumentPublicationReplay.observe,384,29000000,0
baseline-trace,t06,2,8,publish,sql_usage,DocumentSchemaPolicies.read,192,26000000,0
baseline-trace,t06,2,8,publish,sql_usage,DocumentSelectedAttemptLedger.renew,192,1417000000,0
baseline-trace,t06,2,8,publish,sql_usage,DocumentSelectedAttemptLedger.renewOwnerAndSelections,384,3373000000,0
baseline-trace,t06,2,8,publish,sql_usage,RepositorySchemaArtifacts.stage,192,1978000000,0
baseline-trace,t06,2,8,read,jdbc_commit,DocumentHistoricalSchemas.authorize,256,1173961625,0
baseline-trace,t06,2,8,read,jdbc_commit,DocumentHistoricalSchemas.check,256,1116165549,0
baseline-trace,t06,2,8,read,jdbc_commit,DocumentReadLedger$PinnedHistory.authorizeDelivery,768,3625620625,0
baseline-trace,t06,2,8,read,jdbc_commit,DocumentReadLedger.captureHistorical,256,1122863287,0
baseline-trace,t06,2,8,read,jdbc_executeQuery,DocumentHistoricalReadRows.capture,512,314308518,0
baseline-trace,t06,2,8,read,jdbc_executeQuery,DocumentHistoricalSchemaRows.artifacts,512,152292083,0
baseline-trace,t06,2,8,read,jdbc_executeQuery,DocumentHistoricalSchemaRows.capture,512,345686392,0
baseline-trace,t06,2,8,read,jdbc_executeQuery,DocumentHistoricalSchemaRows.references,256,44046862,0
baseline-trace,t06,2,8,read,jdbc_executeQuery,DocumentHistoricalSchemaRows.roots,512,81808707,0
baseline-trace,t06,2,8,read,jdbc_executeQuery,DocumentReadLedger.lambda$captureHistorical$0,256,56584231,0
baseline-trace,t06,2,8,read,jdbc_executeQuery,DocumentReadPins.acquireHistorical,512,270271619,0
baseline-trace,t06,2,8,read,jdbc_executeQuery,DocumentRevisionLocks.lock,3072,834767974,0
baseline-trace,t06,2,8,read,jdbc_executeQuery,ManagedBackendLedger.requireAll,256,46590460,0
baseline-trace,t06,2,8,read,jdbc_executeUpdate,DocumentReadPins.acquireHistorical,256,309658972,0
baseline-trace,t06,2,8,read,sql_acquire,DocumentHistoricalSchemas.authorize,256,30863405,0
baseline-trace,t06,2,8,read,sql_acquire,DocumentHistoricalSchemas.check,256,16104189,0
baseline-trace,t06,2,8,read,sql_acquire,DocumentReadLedger$PinnedHistory.authorizeDelivery,768,59749302,0
baseline-trace,t06,2,8,read,sql_acquire,DocumentReadLedger.captureHistorical,256,20505796,0
baseline-trace,t06,2,8,read,sql_usage,DocumentHistoricalSchemas.authorize,256,1258000000,0
baseline-trace,t06,2,8,read,sql_usage,DocumentHistoricalSchemas.check,256,1903000000,0
baseline-trace,t06,2,8,read,sql_usage,DocumentReadLedger$PinnedHistory.authorizeDelivery,768,3845000000,0
baseline-trace,t06,2,8,read,sql_usage,DocumentReadLedger.captureHistorical,256,2499000000,0
baseline-trace,t06,2,8,reject,jdbc_commit,DocumentAssessmentCreation.createInternal,64,183584627,0
baseline-trace,t06,2,8,reject,jdbc_commit,DocumentAssessmentCreation.lambda$createInternal$0,64,200818635,0
baseline-trace,t06,2,8,reject,jdbc_commit,DocumentAssessmentDeliveryAuthorization.check,256,888754037,0
baseline-trace,t06,2,8,reject,jdbc_commit,DocumentAssessmentDiscovery.discover,64,184414703,0
baseline-trace,t06,2,8,reject,jdbc_commit,DocumentAssessmentReconciliation.observeRetained,64,221104336,0
baseline-trace,t06,2,8,reject,jdbc_commit,DocumentAssessmentRejections.decide,64,210389028,0
baseline-trace,t06,2,8,reject,jdbc_commit,DocumentAssessmentReplayInputs.load,64,10434110,0
baseline-trace,t06,2,8,reject,jdbc_commit,DocumentAssessmentStartJournal.startRetained,64,185557875,0
baseline-trace,t06,2,8,reject,jdbc_commit,DocumentOperationUploadAdmission.captureReads,128,555448159,0
baseline-trace,t06,2,8,reject,jdbc_commit,DocumentOperationUploadAdmission.recheckInitialSelections,64,256355587,0
baseline-trace,t06,2,8,reject,jdbc_commit,DocumentOperationUploadAdmission.stage,64,329200858,0
baseline-trace,t06,2,8,reject,jdbc_commit,DocumentPublicationModesJournal.loadRetained,128,393044748,0
baseline-trace,t06,2,8,reject,jdbc_commit,DocumentPublicationModesJournal.requireObservedModes,256,855607784,0
baseline-trace,t06,2,8,reject,jdbc_commit,DocumentPublicationPreparationJournal.load,128,413339832,0
baseline-trace,t06,2,8,reject,jdbc_commit,DocumentPublicationRegistration.admitInitialAccepted,64,344146532,0
baseline-trace,t06,2,8,reject,jdbc_commit,DocumentPublicationRegistration.preflight,128,16131078,0
baseline-trace,t06,2,8,reject,jdbc_commit,DocumentPublicationReplay.observe,256,439280231,0
baseline-trace,t06,2,8,reject,jdbc_commit,DocumentSchemaPolicies.read,64,7580494,0
baseline-trace,t06,2,8,reject,jdbc_commit,DocumentSelectedAttemptLedger.renew,64,280540246,0
baseline-trace,t06,2,8,reject,jdbc_commit,DocumentSelectedAttemptLedger.renewOwnerAndSelections,128,554969160,0
baseline-trace,t06,2,8,reject,jdbc_commit,RepositorySchemaArtifacts.stage,64,210867379,0
baseline-trace,t06,2,8,reject,jdbc_executeBatch,DocumentAssessmentCreationWrites.lambda$writeRows$0,64,50332146,0
baseline-trace,t06,2,8,reject,jdbc_executeQuery,DocumentAssessmentDeliveryAuthorization.lambda$check$0,1280,224780703,0
baseline-trace,t06,2,8,reject,jdbc_executeQuery,DocumentAssessmentDeliveryAuthorization.requireLiveReadOwner,512,93355912,0
baseline-trace,t06,2,8,reject,jdbc_executeQuery,DocumentAssessmentDiscovery.lambda$discover$0,128,34348389,0
baseline-trace,t06,2,8,reject,jdbc_executeQuery,DocumentAssessmentReadRows.capture,192,822288260,0
baseline-trace,t06,2,8,reject,jdbc_executeQuery,DocumentAssessmentReconciliation.verifyRetained,256,67989750,0
baseline-trace,t06,2,8,reject,jdbc_executeQuery,DocumentAssessmentRejections.lambda$decide$0,256,67026235,0
baseline-trace,t06,2,8,reject,jdbc_executeQuery,DocumentAssessmentReplayInputs.artifacts,128,74716885,0
baseline-trace,t06,2,8,reject,jdbc_executeQuery,DocumentAssessmentReplayInputs.policy,128,29251959,0
baseline-trace,t06,2,8,reject,jdbc_executeQuery,DocumentAssessmentReplayInputs.read,128,35339854,0
baseline-trace,t06,2,8,reject,jdbc_executeQuery,DocumentAssessmentReplayInputs.roots,128,38781410,0
baseline-trace,t06,2,8,reject,jdbc_executeQuery,DocumentAssessmentRetainedEvidence.verify,64,16261280,0
baseline-trace,t06,2,8,reject,jdbc_executeQuery,DocumentAssessmentRetainedEvidence.verifyArtifacts,64,40343390,0
baseline-trace,t06,2,8,reject,jdbc_executeQuery,DocumentAssessmentRetainedSlots.retainedSelections,64,26868895,0
baseline-trace,t06,2,8,reject,jdbc_executeQuery,DocumentAssessmentRetainedSlots.verify,256,333846106,0
baseline-trace,t06,2,8,reject,jdbc_executeQuery,DocumentAssessmentStartJournal.insertStartedOutcome,64,14819748,0
baseline-trace,t06,2,8,reject,jdbc_executeQuery,DocumentAssessmentStartJournal.lambda$startRetained$2,64,14491977,0
baseline-trace,t06,2,8,reject,jdbc_executeQuery,DocumentAssessmentStartJournal.requireCreation,64,33454133,0
baseline-trace,t06,2,8,reject,jdbc_executeQuery,DocumentCommitParts.bind,128,51640679,0
baseline-trace,t06,2,8,reject,jdbc_executeQuery,DocumentCommitParts.read,64,90094107,0
baseline-trace,t06,2,8,reject,jdbc_executeQuery,DocumentCommitParts.selections,64,24360587,0
baseline-trace,t06,2,8,reject,jdbc_executeQuery,DocumentDriveSnapshot.lock,128,19098996,0
baseline-trace,t06,2,8,reject,jdbc_executeQuery,DocumentKeyReservations.reserveEncoded,64,20202719,0
baseline-trace,t06,2,8,reject,jdbc_executeQuery,DocumentOperationUploadAdmission.lambda$captureReads$0,192,51531948,0
baseline-trace,t06,2,8,reject,jdbc_executeQuery,DocumentOperationUploadAdmission.requireInitialSelections,64,19716675,0
baseline-trace,t06,2,8,reject,jdbc_executeQuery,DocumentOperationUploadAdmission.writeAdmissions,128,25936827,0
baseline-trace,t06,2,8,reject,jdbc_executeQuery,DocumentPartAttemptLedger.lockAll,384,46816491,0
baseline-trace,t06,2,8,reject,jdbc_executeQuery,DocumentPartAttemptLedger.read,128,16283193,0
baseline-trace,t06,2,8,reject,jdbc_executeQuery,DocumentPreparationHistoryRoots.coverage,64,12569414,0
baseline-trace,t06,2,8,reject,jdbc_executeQuery,DocumentPublicationModesJournal.readModes,192,26190929,0
baseline-trace,t06,2,8,reject,jdbc_executeQuery,DocumentPublicationPreparationJournal.capture,384,49258878,0
baseline-trace,t06,2,8,reject,jdbc_executeQuery,DocumentPublicationReplay.observe,832,127883207,0
baseline-trace,t06,2,8,reject,jdbc_executeQuery,DocumentRevisionLocks.lock,2304,544010726,0
baseline-trace,t06,2,8,reject,jdbc_executeQuery,DocumentSchemaPolicies.lambda$read$0,64,8916955,0
baseline-trace,t06,2,8,reject,jdbc_executeQuery,DocumentSchemaPolicies.lockCurrent,384,47559984,0
baseline-trace,t06,2,8,reject,jdbc_executeQuery,DocumentSchemaPolicies.select,192,26633532,0
baseline-trace,t06,2,8,reject,jdbc_executeQuery,DocumentSelectedAttemptLedger.lockSelected,64,13465904,0
baseline-trace,t06,2,8,reject,jdbc_executeQuery,DocumentSelectedAttemptLedger.requireOwner,192,51507666,0
baseline-trace,t06,2,8,reject,jdbc_executeQuery,DocumentSelectedAttemptLedger.requireSelections,384,83206950,0
baseline-trace,t06,2,8,reject,jdbc_executeQuery,DocumentUploadAdmissionReplay.hasSelections,64,9367195,0
baseline-trace,t06,2,8,reject,jdbc_executeQuery,ManagedBackendLedger.find,128,18544030,0
baseline-trace,t06,2,8,reject,jdbc_executeQuery,ManagedBackendLedger.requireAll,64,9722216,0
baseline-trace,t06,2,8,reject,jdbc_executeQuery,RepositoryCoordinatorBinding.bindInitial,64,8145660,0
baseline-trace,t06,2,8,reject,jdbc_executeQuery,RepositoryExecutionClaimLedger.live,64,7827728,0
baseline-trace,t06,2,8,reject,jdbc_executeQuery,RepositoryExecutionClaimLedger.lockLive,2304,759000176,0
baseline-trace,t06,2,8,reject,jdbc_executeQuery,RepositoryExecutionClaimLedger.readLocked,384,37437190,0
baseline-trace,t06,2,8,reject,jdbc_executeQuery,RepositoryOperationLedger.fenceLiveOwner,1344,946259142,0
baseline-trace,t06,2,8,reject,jdbc_executeQuery,RepositoryOperationLedger.live,192,32253344,0
baseline-trace,t06,2,8,reject,jdbc_executeQuery,RepositoryOperationLedger.read,64,10681805,0
baseline-trace,t06,2,8,reject,jdbc_executeQuery,RepositoryOperationLedger.readOwner,256,31017443,0
baseline-trace,t06,2,8,reject,jdbc_executeQuery,RepositoryOperationLedger.requireCommand,1344,182967923,0
baseline-trace,t06,2,8,reject,jdbc_executeQuery,RepositorySchemaArtifacts.lambda$stage$3,256,261134297,0
baseline-trace,t06,2,8,reject,jdbc_executeQuery,SqlTimeouts.apply,384,56239238,0
baseline-trace,t06,2,8,reject,jdbc_executeUpdate,DocumentAssessmentCreationWrites.insertOwner,64,75123649,0
baseline-trace,t06,2,8,reject,jdbc_executeUpdate,DocumentAssessmentCreationWrites.lambda$writeRows$1,64,90872630,0
baseline-trace,t06,2,8,reject,jdbc_executeUpdate,DocumentAssessmentCreationWrites.writeRows,448,1222139404,0
baseline-trace,t06,2,8,reject,jdbc_executeUpdate,DocumentAssessmentReconciliation.verifyRetained,64,62249252,0
baseline-trace,t06,2,8,reject,jdbc_executeUpdate,DocumentAssessmentRejections.lambda$decide$0,64,63293859,0
baseline-trace,t06,2,8,reject,jdbc_executeUpdate,DocumentAssessmentStartJournal.insertStartedOutcome,64,78294741,0
baseline-trace,t06,2,8,reject,jdbc_executeUpdate,DocumentOperationSelection.insert,64,78197399,0
baseline-trace,t06,2,8,reject,jdbc_executeUpdate,DocumentOperationUploadAdmission.writeAdmissions,128,82081980,0
baseline-trace,t06,2,8,reject,jdbc_executeUpdate,DocumentPartAttemptLedger.insertEncodedRows,64,59405174,0
baseline-trace,t06,2,8,reject,jdbc_executeUpdate,DocumentPreparationCoverageCertificates.insert,64,29617253,0
baseline-trace,t06,2,8,reject,jdbc_executeUpdate,DocumentPreparationHistoryRoots.insert,128,47016057,0
baseline-trace,t06,2,8,reject,jdbc_executeUpdate,DocumentPublicationModesJournal.insert,64,46252765,0
baseline-trace,t06,2,8,reject,jdbc_executeUpdate,DocumentPublicationPreparationJournal.insert,64,58266654,0
baseline-trace,t06,2,8,reject,jdbc_executeUpdate,DocumentSelectedAttemptLedger.renewSelections,192,134825330,0
baseline-trace,t06,2,8,reject,jdbc_executeUpdate,RepositoryCoordinatorBinding.bindInitial,64,25332863,0
baseline-trace,t06,2,8,reject,jdbc_executeUpdate,RepositoryExecutionClaimLedger.acquireInitialChecked,64,23874693,0
baseline-trace,t06,2,8,reject,jdbc_executeUpdate,RepositoryExecutionClaimLedger.renewLive,128,27536828,0
baseline-trace,t06,2,8,reject,jdbc_executeUpdate,RepositoryOperationLedger.admitInTransaction,128,80653072,0
baseline-trace,t06,2,8,reject,jdbc_executeUpdate,RepositoryOperationLedger.renewLive,128,83034066,0
baseline-trace,t06,2,8,reject,sql_acquire,DocumentAssessmentCreation.createInternal,64,123400,0
baseline-trace,t06,2,8,reject,sql_acquire,DocumentAssessmentCreation.lambda$createInternal$0,64,84976,0
baseline-trace,t06,2,8,reject,sql_acquire,DocumentAssessmentDeliveryAuthorization.check,256,4618051,0
baseline-trace,t06,2,8,reject,sql_acquire,DocumentAssessmentDiscovery.discover,64,114515,0
baseline-trace,t06,2,8,reject,sql_acquire,DocumentAssessmentReconciliation.observeRetained,64,118066,0
baseline-trace,t06,2,8,reject,sql_acquire,DocumentAssessmentRejections.decide,64,127271,0
baseline-trace,t06,2,8,reject,sql_acquire,DocumentAssessmentReplayInputs.load,64,121969,0
baseline-trace,t06,2,8,reject,sql_acquire,DocumentAssessmentStartJournal.startRetained,64,90743,0
baseline-trace,t06,2,8,reject,sql_acquire,DocumentOperationUploadAdmission.captureReads,128,22048002,0
baseline-trace,t06,2,8,reject,sql_acquire,DocumentOperationUploadAdmission.recheckInitialSelections,64,107764,0
baseline-trace,t06,2,8,reject,sql_acquire,DocumentOperationUploadAdmission.stage,64,6135379,0
baseline-trace,t06,2,8,reject,sql_acquire,DocumentPublicationModesJournal.loadRetained,128,204925,0
baseline-trace,t06,2,8,reject,sql_acquire,DocumentPublicationModesJournal.requireObservedModes,256,473551,0
baseline-trace,t06,2,8,reject,sql_acquire,DocumentPublicationPreparationJournal.load,128,199639,0
baseline-trace,t06,2,8,reject,sql_acquire,DocumentPublicationRegistration.admitInitialAccepted,64,17014132,0
baseline-trace,t06,2,8,reject,sql_acquire,DocumentPublicationRegistration.preflight,128,3266893,0
baseline-trace,t06,2,8,reject,sql_acquire,DocumentPublicationReplay.observe,256,14765440,0
baseline-trace,t06,2,8,reject,sql_acquire,DocumentSchemaPolicies.read,64,3438932,0
baseline-trace,t06,2,8,reject,sql_acquire,DocumentSelectedAttemptLedger.renew,64,206924,0
baseline-trace,t06,2,8,reject,sql_acquire,DocumentSelectedAttemptLedger.renewOwnerAndSelections,128,1375562,0
baseline-trace,t06,2,8,reject,sql_acquire,RepositorySchemaArtifacts.stage,64,154678,0
baseline-trace,t06,2,8,reject,sql_usage,DocumentAssessmentCreation.createInternal,64,2255000000,0
baseline-trace,t06,2,8,reject,sql_usage,DocumentAssessmentCreation.lambda$createInternal$0,64,307000000,0
baseline-trace,t06,2,8,reject,sql_usage,DocumentAssessmentDeliveryAuthorization.check,256,1399000000,0
baseline-trace,t06,2,8,reject,sql_usage,DocumentAssessmentDiscovery.discover,64,424000000,0
baseline-trace,t06,2,8,reject,sql_usage,DocumentAssessmentReconciliation.observeRetained,64,1893000000,0
baseline-trace,t06,2,8,reject,sql_usage,DocumentAssessmentRejections.decide,64,691000000,0
baseline-trace,t06,2,8,reject,sql_usage,DocumentAssessmentReplayInputs.load,64,305000000,0
baseline-trace,t06,2,8,reject,sql_usage,DocumentAssessmentStartJournal.startRetained,64,396000000,0
baseline-trace,t06,2,8,reject,sql_usage,DocumentOperationUploadAdmission.captureReads,128,815000000,0
baseline-trace,t06,2,8,reject,sql_usage,DocumentOperationUploadAdmission.recheckInitialSelections,64,359000000,0
baseline-trace,t06,2,8,reject,sql_usage,DocumentOperationUploadAdmission.stage,64,801000000,0
baseline-trace,t06,2,8,reject,sql_usage,DocumentPublicationModesJournal.loadRetained,128,411000000,0
baseline-trace,t06,2,8,reject,sql_usage,DocumentPublicationModesJournal.requireObservedModes,256,1197000000,0
baseline-trace,t06,2,8,reject,sql_usage,DocumentPublicationPreparationJournal.load,128,435000000,0
baseline-trace,t06,2,8,reject,sql_usage,DocumentPublicationRegistration.admitInitialAccepted,64,845000000,0
baseline-trace,t06,2,8,reject,sql_usage,DocumentPublicationRegistration.preflight,128,45000000,0
baseline-trace,t06,2,8,reject,sql_usage,DocumentPublicationReplay.observe,256,556000000,0
baseline-trace,t06,2,8,reject,sql_usage,DocumentSchemaPolicies.read,64,10000000,0
baseline-trace,t06,2,8,reject,sql_usage,DocumentSelectedAttemptLedger.renew,64,471000000,0
baseline-trace,t06,2,8,reject,sql_usage,DocumentSelectedAttemptLedger.renewOwnerAndSelections,128,1099000000,0
baseline-trace,t06,2,8,reject,sql_usage,RepositorySchemaArtifacts.stage,64,616000000,0
baseline-trace,t06,2,8,replay,jdbc_commit,DocumentPublicationReplay.observe,256,1223180330,0
baseline-trace,t06,2,8,replay,jdbc_executeQuery,DocumentPublicationReplay.observe,768,135929624,0
baseline-trace,t06,2,8,replay,jdbc_executeQuery,DocumentPublicationReplay.requireRevisions,192,64343258,0
baseline-trace,t06,2,8,replay,jdbc_executeQuery,DocumentRevisionLocks.lock,512,130864109,0
baseline-trace,t06,2,8,replay,jdbc_executeQuery,RepositoryOperationLedger.requireCommand,256,37052443,0
baseline-trace,t06,2,8,replay,sql_acquire,DocumentPublicationReplay.observe,256,595601,0
baseline-trace,t06,2,8,replay,sql_usage,DocumentPublicationReplay.observe,256,1670000000,0
baseline-trace,t06,2,8,unscoped,jdbc_commit,DocumentAssessmentReadProtection.finish,70,311443369,0
baseline-trace,t06,2,8,unscoped,jdbc_commit,DocumentReadPins.finish,256,1298367313,0
baseline-trace,t06,2,8,unscoped,jdbc_commit,DocumentSelectedAttemptLedger.verifyBatch,256,1346954867,0
baseline-trace,t06,2,8,unscoped,jdbc_executeQuery,DocumentAssessmentReadProtection.lambda$finish$0,70,62042551,0
baseline-trace,t06,2,8,unscoped,jdbc_executeQuery,DocumentPartAttemptLedger.read,512,65126121,0
baseline-trace,t06,2,8,unscoped,jdbc_executeQuery,DocumentReadPins.lambda$finish$0,256,347283307,0
baseline-trace,t06,2,8,unscoped,jdbc_executeQuery,DocumentSelectedAttemptLedger.lockSelected,512,85130741,0
baseline-trace,t06,2,8,unscoped,jdbc_executeQuery,DocumentSelectedAttemptLedger.requireOwner,256,68358608,0
baseline-trace,t06,2,8,unscoped,jdbc_executeQuery,RepositoryExecutionClaimLedger.lockLive,256,86967509,0
baseline-trace,t06,2,8,unscoped,jdbc_executeQuery,RepositoryOperationLedger.fenceLiveOwner,256,179840162,0
baseline-trace,t06,2,8,unscoped,jdbc_executeQuery,SqlTimeouts.apply,256,40809713,0
baseline-trace,t06,2,8,unscoped,jdbc_executeUpdate,DocumentSelectedAttemptLedger.verifyBatch,512,403942964,0
baseline-trace,t06,2,8,unscoped,provider_getBounded,DocumentPartTransfer.upload,256,645700988,0
baseline-trace,t06,2,8,unscoped,provider_getBounded,outside_ledger,320,1020312976,0
baseline-trace,t06,2,8,unscoped,provider_put,DocumentPartTransfer.upload,256,18232106407,0
baseline-trace,t06,2,8,unscoped,sql_acquire,DocumentAssessmentReadProtection.finish,69,22410483,0
baseline-trace,t06,2,8,unscoped,sql_acquire,DocumentReadPins.finish,256,94620684,0
baseline-trace,t06,2,8,unscoped,sql_acquire,DocumentSelectedAttemptLedger.verifyBatch,256,4208193,0
baseline-trace,t06,2,8,unscoped,sql_usage,DocumentAssessmentReadProtection.finish,70,350000000,0
baseline-trace,t06,2,8,unscoped,sql_usage,DocumentReadPins.finish,256,1565000000,0
baseline-trace,t06,2,8,unscoped,sql_usage,DocumentSelectedAttemptLedger.verifyBatch,256,2291000000,0
baseline-trace,t07,4,2,publish,jdbc_commit,DocumentOperationUploadAdmission.captureReads,384,1772404156,0
baseline-trace,t07,4,2,publish,jdbc_commit,DocumentOperationUploadAdmission.recheckInitialSelections,192,984352667,0
baseline-trace,t07,4,2,publish,jdbc_commit,DocumentOperationUploadAdmission.stage,192,1011681894,0
baseline-trace,t07,4,2,publish,jdbc_commit,DocumentPublicationCommit.commitInternal,192,977080711,0
baseline-trace,t07,4,2,publish,jdbc_commit,DocumentPublicationModesJournal.requireObservedModes,384,1700879130,0
baseline-trace,t07,4,2,publish,jdbc_commit,DocumentPublicationRegistration.admitInitialAccepted,192,968739837,0
baseline-trace,t07,4,2,publish,jdbc_commit,DocumentPublicationRegistration.preflight,192,22623759,0
baseline-trace,t07,4,2,publish,jdbc_commit,DocumentPublicationReplay.observe,384,36469932,0
baseline-trace,t07,4,2,publish,jdbc_commit,DocumentSchemaPolicies.read,192,22493692,0
baseline-trace,t07,4,2,publish,jdbc_commit,DocumentSelectedAttemptLedger.renew,192,958641150,0
baseline-trace,t07,4,2,publish,jdbc_commit,DocumentSelectedAttemptLedger.renewOwnerAndSelections,384,1736334439,0
baseline-trace,t07,4,2,publish,jdbc_commit,RepositorySchemaArtifacts.stage,192,812527469,0
baseline-trace,t07,4,2,publish,jdbc_executeBatch,DocumentSchemaRetention.flush,576,518431523,0
baseline-trace,t07,4,2,publish,jdbc_executeQuery,DocumentAdmissionSnapshot.prepare,192,58690079,0
baseline-trace,t07,4,2,publish,jdbc_executeQuery,DocumentCommitParts.bind,192,42430638,0
baseline-trace,t07,4,2,publish,jdbc_executeQuery,DocumentCommitParts.read,192,273022007,0
baseline-trace,t07,4,2,publish,jdbc_executeQuery,DocumentCommitParts.selections,192,56832891,0
baseline-trace,t07,4,2,publish,jdbc_executeQuery,DocumentCommitWriter.write,384,49589543,0
baseline-trace,t07,4,2,publish,jdbc_executeQuery,DocumentDriveSnapshot.lock,384,53079963,0
baseline-trace,t07,4,2,publish,jdbc_executeQuery,DocumentKeyReservations.reserveEncoded,192,62371454,0
baseline-trace,t07,4,2,publish,jdbc_executeQuery,DocumentOperationUploadAdmission.lambda$captureReads$0,576,156336949,0
baseline-trace,t07,4,2,publish,jdbc_executeQuery,DocumentOperationUploadAdmission.requireInitialSelections,192,44822887,0
baseline-trace,t07,4,2,publish,jdbc_executeQuery,DocumentOperationUploadAdmission.writeAdmissions,384,66661116,0
baseline-trace,t07,4,2,publish,jdbc_executeQuery,DocumentPartAttemptLedger.lockAll,1152,138829073,0
baseline-trace,t07,4,2,publish,jdbc_executeQuery,DocumentPartAttemptLedger.read,384,44698715,0
baseline-trace,t07,4,2,publish,jdbc_executeQuery,DocumentPreparationHistoryRoots.coverage,192,30755865,0
baseline-trace,t07,4,2,publish,jdbc_executeQuery,DocumentPublicationLocks$IndependentOrigins.requireScope,384,41904675,0
baseline-trace,t07,4,2,publish,jdbc_executeQuery,DocumentPublicationLocks.lockIndependentOrigins,960,133803204,0
baseline-trace,t07,4,2,publish,jdbc_executeQuery,DocumentPublicationLocks.lockIndependentRetention,192,37003071,0
baseline-trace,t07,4,2,publish,jdbc_executeQuery,DocumentPublicationModeBinding.require,192,40450011,0
baseline-trace,t07,4,2,publish,jdbc_executeQuery,DocumentPublicationModesJournal.readModes,192,21672736,0
baseline-trace,t07,4,2,publish,jdbc_executeQuery,DocumentPublicationPreparationJournal.capture,384,41189576,0
baseline-trace,t07,4,2,publish,jdbc_executeQuery,DocumentPublicationReplay.observe,768,134922708,0
baseline-trace,t07,4,2,publish,jdbc_executeQuery,DocumentRevisionLocks.lock,2304,525350409,0
baseline-trace,t07,4,2,publish,jdbc_executeQuery,DocumentSchemaBatch.lockArtifacts,960,155109727,0
baseline-trace,t07,4,2,publish,jdbc_executeQuery,DocumentSchemaPolicies.lambda$read$0,192,28665671,0
baseline-trace,t07,4,2,publish,jdbc_executeQuery,DocumentSchemaPolicies.lockCurrent,576,57428736,0
baseline-trace,t07,4,2,publish,jdbc_executeQuery,DocumentSchemaPolicies.select,384,50223568,0
baseline-trace,t07,4,2,publish,jdbc_executeQuery,DocumentSchemaRetention.requireFragments,192,43914837,0
baseline-trace,t07,4,2,publish,jdbc_executeQuery,DocumentSchemaRetention.requireRevision,192,27431565,0
baseline-trace,t07,4,2,publish,jdbc_executeQuery,DocumentSchemaRetention.write,192,51309946,0
baseline-trace,t07,4,2,publish,jdbc_executeQuery,DocumentSelectedAttemptLedger.lockSelected,192,33035931,0
baseline-trace,t07,4,2,publish,jdbc_executeQuery,DocumentSelectedAttemptLedger.requireOwner,576,147845258,0
baseline-trace,t07,4,2,publish,jdbc_executeQuery,DocumentSelectedAttemptLedger.requireSelections,1152,241068334,0
baseline-trace,t07,4,2,publish,jdbc_executeQuery,DocumentUploadAdmissionReplay.hasSelections,192,25155359,0
baseline-trace,t07,4,2,publish,jdbc_executeQuery,ManagedBackendLedger.find,384,45847188,0
baseline-trace,t07,4,2,publish,jdbc_executeQuery,RepositoryCoordinatorBinding.bindInitial,192,21457906,0
baseline-trace,t07,4,2,publish,jdbc_executeQuery,RepositoryExecutionClaimLedger.live,192,23083513,0
baseline-trace,t07,4,2,publish,jdbc_executeQuery,RepositoryExecutionClaimLedger.lockLive,3456,1045924879,0
baseline-trace,t07,4,2,publish,jdbc_executeQuery,RepositoryExecutionClaimLedger.readLocked,1152,116922749,0
baseline-trace,t07,4,2,publish,jdbc_executeQuery,RepositoryOperationLedger.fenceLiveOwner,1920,1270947811,0
baseline-trace,t07,4,2,publish,jdbc_executeQuery,RepositoryOperationLedger.live,576,92295337,0
baseline-trace,t07,4,2,publish,jdbc_executeQuery,RepositoryOperationLedger.read,192,27345514,0
baseline-trace,t07,4,2,publish,jdbc_executeQuery,RepositoryOperationLedger.readOwner,768,86261636,0
baseline-trace,t07,4,2,publish,jdbc_executeQuery,RepositoryOperationLedger.requireCommand,1920,234151358,0
baseline-trace,t07,4,2,publish,jdbc_executeQuery,RepositorySchemaArtifacts.lambda$stage$3,768,684696821,0
baseline-trace,t07,4,2,publish,jdbc_executeQuery,SqlTimeouts.apply,1152,166437206,0
baseline-trace,t07,4,2,publish,jdbc_executeUpdate,DocumentCommitWriter.write,1344,1061623137,0
baseline-trace,t07,4,2,publish,jdbc_executeUpdate,DocumentOperationSelection.insert,192,214987658,0
baseline-trace,t07,4,2,publish,jdbc_executeUpdate,DocumentOperationUploadAdmission.writeAdmissions,384,247886587,0
baseline-trace,t07,4,2,publish,jdbc_executeUpdate,DocumentPartAttemptLedger.insertEncodedRows,192,178856176,0
baseline-trace,t07,4,2,publish,jdbc_executeUpdate,DocumentPreparationCoverageCertificates.insert,192,91052494,0
baseline-trace,t07,4,2,publish,jdbc_executeUpdate,DocumentPreparationHistoryRoots.insert,384,133050110,0
baseline-trace,t07,4,2,publish,jdbc_executeUpdate,DocumentPublicationCommit.lambda$commitInternal$6,576,549518037,0
baseline-trace,t07,4,2,publish,jdbc_executeUpdate,DocumentPublicationModesJournal.insert,192,136254980,0
baseline-trace,t07,4,2,publish,jdbc_executeUpdate,DocumentPublicationPreparationJournal.insert,192,161973804,0
baseline-trace,t07,4,2,publish,jdbc_executeUpdate,DocumentSchemaAdmissionBinding.insert,192,177433775,0
baseline-trace,t07,4,2,publish,jdbc_executeUpdate,DocumentSelectedAttemptLedger.renewSelections,576,380963349,0
baseline-trace,t07,4,2,publish,jdbc_executeUpdate,RepositoryCoordinatorBinding.bindInitial,192,81052489,0
baseline-trace,t07,4,2,publish,jdbc_executeUpdate,RepositoryExecutionClaimLedger.acquireInitialChecked,192,78665622,0
baseline-trace,t07,4,2,publish,jdbc_executeUpdate,RepositoryExecutionClaimLedger.renewLive,384,81900966,0
baseline-trace,t07,4,2,publish,jdbc_executeUpdate,RepositoryOperationLedger.admitInTransaction,384,232195374,0
baseline-trace,t07,4,2,publish,jdbc_executeUpdate,RepositoryOperationLedger.renewLive,384,235115961,0
baseline-trace,t07,4,2,publish,sql_acquire,DocumentOperationUploadAdmission.captureReads,384,1804739520,0
baseline-trace,t07,4,2,publish,sql_acquire,DocumentOperationUploadAdmission.recheckInitialSelections,192,1008209102,0
baseline-trace,t07,4,2,publish,sql_acquire,DocumentOperationUploadAdmission.stage,192,1086100445,0
baseline-trace,t07,4,2,publish,sql_acquire,DocumentPublicationCommit.commitInternal,192,1373257514,0
baseline-trace,t07,4,2,publish,sql_acquire,DocumentPublicationModesJournal.requireObservedModes,384,2123312711,0
baseline-trace,t07,4,2,publish,sql_acquire,DocumentPublicationRegistration.admitInitialAccepted,192,754482502,0
baseline-trace,t07,4,2,publish,sql_acquire,DocumentPublicationRegistration.preflight,192,817467593,0
baseline-trace,t07,4,2,publish,sql_acquire,DocumentPublicationReplay.observe,384,1947508930,0
baseline-trace,t07,4,2,publish,sql_acquire,DocumentSchemaPolicies.read,192,1094154943,0
baseline-trace,t07,4,2,publish,sql_acquire,DocumentSelectedAttemptLedger.renew,192,884642451,0
baseline-trace,t07,4,2,publish,sql_acquire,DocumentSelectedAttemptLedger.renewOwnerAndSelections,384,1897639984,0
baseline-trace,t07,4,2,publish,sql_acquire,RepositorySchemaArtifacts.stage,192,1121163327,0
baseline-trace,t07,4,2,publish,sql_usage,DocumentOperationUploadAdmission.captureReads,384,2699000000,0
baseline-trace,t07,4,2,publish,sql_usage,DocumentOperationUploadAdmission.recheckInitialSelections,192,1272000000,0
baseline-trace,t07,4,2,publish,sql_usage,DocumentOperationUploadAdmission.stage,192,2536000000,0
baseline-trace,t07,4,2,publish,sql_usage,DocumentPublicationCommit.commitInternal,192,6395000000,0
baseline-trace,t07,4,2,publish,sql_usage,DocumentPublicationModesJournal.requireObservedModes,384,2256000000,0
baseline-trace,t07,4,2,publish,sql_usage,DocumentPublicationRegistration.admitInitialAccepted,192,2563000000,0
baseline-trace,t07,4,2,publish,sql_usage,DocumentPublicationRegistration.preflight,192,123000000,0
baseline-trace,t07,4,2,publish,sql_usage,DocumentPublicationReplay.observe,384,55000000,0
baseline-trace,t07,4,2,publish,sql_usage,DocumentSchemaPolicies.read,192,65000000,0
baseline-trace,t07,4,2,publish,sql_usage,DocumentSelectedAttemptLedger.renew,192,1535000000,0
baseline-trace,t07,4,2,publish,sql_usage,DocumentSelectedAttemptLedger.renewOwnerAndSelections,384,3393000000,0
baseline-trace,t07,4,2,publish,sql_usage,RepositorySchemaArtifacts.stage,192,1974000000,0
baseline-trace,t07,4,2,read,jdbc_commit,DocumentHistoricalSchemas.authorize,256,1269110058,0
baseline-trace,t07,4,2,read,jdbc_commit,DocumentHistoricalSchemas.check,256,1090589370,0
baseline-trace,t07,4,2,read,jdbc_commit,DocumentReadLedger$PinnedHistory.authorizeDelivery,768,3731039637,0
baseline-trace,t07,4,2,read,jdbc_commit,DocumentReadLedger.captureHistorical,256,1086727313,0
baseline-trace,t07,4,2,read,jdbc_executeQuery,DocumentHistoricalReadRows.capture,512,172733518,0
baseline-trace,t07,4,2,read,jdbc_executeQuery,DocumentHistoricalSchemaRows.artifacts,512,126497989,0
baseline-trace,t07,4,2,read,jdbc_executeQuery,DocumentHistoricalSchemaRows.capture,512,283003340,0
baseline-trace,t07,4,2,read,jdbc_executeQuery,DocumentHistoricalSchemaRows.references,256,37112170,0
baseline-trace,t07,4,2,read,jdbc_executeQuery,DocumentHistoricalSchemaRows.roots,512,60411757,0
baseline-trace,t07,4,2,read,jdbc_executeQuery,DocumentReadLedger.lambda$captureHistorical$0,256,57981505,0
baseline-trace,t07,4,2,read,jdbc_executeQuery,DocumentReadPins.acquireHistorical,512,249888701,0
baseline-trace,t07,4,2,read,jdbc_executeQuery,DocumentRevisionLocks.lock,3072,845614566,0
baseline-trace,t07,4,2,read,jdbc_executeQuery,ManagedBackendLedger.requireAll,256,38193643,0
baseline-trace,t07,4,2,read,jdbc_executeUpdate,DocumentReadPins.acquireHistorical,256,275391517,0
baseline-trace,t07,4,2,read,sql_acquire,DocumentHistoricalSchemas.authorize,256,1349446123,0
baseline-trace,t07,4,2,read,sql_acquire,DocumentHistoricalSchemas.check,256,1564311708,0
baseline-trace,t07,4,2,read,sql_acquire,DocumentReadLedger$PinnedHistory.authorizeDelivery,768,4205896933,0
baseline-trace,t07,4,2,read,sql_acquire,DocumentReadLedger.captureHistorical,256,1805657309,0
baseline-trace,t07,4,2,read,sql_usage,DocumentHistoricalSchemas.authorize,256,1390000000,0
baseline-trace,t07,4,2,read,sql_usage,DocumentHistoricalSchemas.check,256,1832000000,0
baseline-trace,t07,4,2,read,sql_usage,DocumentReadLedger$PinnedHistory.authorizeDelivery,768,4079000000,0
baseline-trace,t07,4,2,read,sql_usage,DocumentReadLedger.captureHistorical,256,2376000000,0
baseline-trace,t07,4,2,reject,jdbc_commit,DocumentAssessmentCreation.createInternal,64,218953312,0
baseline-trace,t07,4,2,reject,jdbc_commit,DocumentAssessmentCreation.lambda$createInternal$0,64,259551118,0
baseline-trace,t07,4,2,reject,jdbc_commit,DocumentAssessmentDeliveryAuthorization.check,256,1040710517,0
baseline-trace,t07,4,2,reject,jdbc_commit,DocumentAssessmentDiscovery.discover,64,225571185,0
baseline-trace,t07,4,2,reject,jdbc_commit,DocumentAssessmentReconciliation.observeRetained,64,246322914,0
baseline-trace,t07,4,2,reject,jdbc_commit,DocumentAssessmentRejections.decide,64,299556898,0
baseline-trace,t07,4,2,reject,jdbc_commit,DocumentAssessmentReplayInputs.load,64,8340981,0
baseline-trace,t07,4,2,reject,jdbc_commit,DocumentAssessmentStartJournal.startRetained,64,196837139,0
baseline-trace,t07,4,2,reject,jdbc_commit,DocumentOperationUploadAdmission.captureReads,128,636741653,0
baseline-trace,t07,4,2,reject,jdbc_commit,DocumentOperationUploadAdmission.recheckInitialSelections,64,313081097,0
baseline-trace,t07,4,2,reject,jdbc_commit,DocumentOperationUploadAdmission.stage,64,360880992,0
baseline-trace,t07,4,2,reject,jdbc_commit,DocumentPublicationModesJournal.loadRetained,128,521966239,0
baseline-trace,t07,4,2,reject,jdbc_commit,DocumentPublicationModesJournal.requireObservedModes,256,1068908778,0
baseline-trace,t07,4,2,reject,jdbc_commit,DocumentPublicationPreparationJournal.load,128,548036263,0
baseline-trace,t07,4,2,reject,jdbc_commit,DocumentPublicationRegistration.admitInitialAccepted,64,389244718,0
baseline-trace,t07,4,2,reject,jdbc_commit,DocumentPublicationRegistration.preflight,128,15611469,0
baseline-trace,t07,4,2,reject,jdbc_commit,DocumentPublicationReplay.observe,256,508548240,0
baseline-trace,t07,4,2,reject,jdbc_commit,DocumentSchemaPolicies.read,64,9108412,0
baseline-trace,t07,4,2,reject,jdbc_commit,DocumentSelectedAttemptLedger.renew,64,334314975,0
baseline-trace,t07,4,2,reject,jdbc_commit,DocumentSelectedAttemptLedger.renewOwnerAndSelections,128,607688812,0
baseline-trace,t07,4,2,reject,jdbc_commit,RepositorySchemaArtifacts.stage,64,268396135,0
baseline-trace,t07,4,2,reject,jdbc_executeBatch,DocumentAssessmentCreationWrites.lambda$writeRows$0,64,45232562,0
baseline-trace,t07,4,2,reject,jdbc_executeQuery,DocumentAssessmentDeliveryAuthorization.lambda$check$0,1280,165282178,0
baseline-trace,t07,4,2,reject,jdbc_executeQuery,DocumentAssessmentDeliveryAuthorization.requireLiveReadOwner,512,69173168,0
baseline-trace,t07,4,2,reject,jdbc_executeQuery,DocumentAssessmentDiscovery.lambda$discover$0,128,24318400,0
baseline-trace,t07,4,2,reject,jdbc_executeQuery,DocumentAssessmentReadRows.capture,192,696777581,0
baseline-trace,t07,4,2,reject,jdbc_executeQuery,DocumentAssessmentReconciliation.verifyRetained,256,55786601,0
baseline-trace,t07,4,2,reject,jdbc_executeQuery,DocumentAssessmentRejections.lambda$decide$0,256,48126029,0
baseline-trace,t07,4,2,reject,jdbc_executeQuery,DocumentAssessmentReplayInputs.artifacts,128,53437161,0
baseline-trace,t07,4,2,reject,jdbc_executeQuery,DocumentAssessmentReplayInputs.policy,128,22844154,0
baseline-trace,t07,4,2,reject,jdbc_executeQuery,DocumentAssessmentReplayInputs.read,128,31934420,0
baseline-trace,t07,4,2,reject,jdbc_executeQuery,DocumentAssessmentReplayInputs.roots,128,28372907,0
baseline-trace,t07,4,2,reject,jdbc_executeQuery,DocumentAssessmentRetainedEvidence.verify,64,12998103,0
baseline-trace,t07,4,2,reject,jdbc_executeQuery,DocumentAssessmentRetainedEvidence.verifyArtifacts,64,31067074,0
baseline-trace,t07,4,2,reject,jdbc_executeQuery,DocumentAssessmentRetainedSlots.retainedSelections,64,20676190,0
baseline-trace,t07,4,2,reject,jdbc_executeQuery,DocumentAssessmentRetainedSlots.verify,256,255621261,0
baseline-trace,t07,4,2,reject,jdbc_executeQuery,DocumentAssessmentStartJournal.insertStartedOutcome,64,11913801,0
baseline-trace,t07,4,2,reject,jdbc_executeQuery,DocumentAssessmentStartJournal.lambda$startRetained$2,64,13720865,0
baseline-trace,t07,4,2,reject,jdbc_executeQuery,DocumentAssessmentStartJournal.requireCreation,64,28640482,0
baseline-trace,t07,4,2,reject,jdbc_executeQuery,DocumentCommitParts.bind,128,42552959,0
baseline-trace,t07,4,2,reject,jdbc_executeQuery,DocumentCommitParts.read,64,86741356,0
baseline-trace,t07,4,2,reject,jdbc_executeQuery,DocumentCommitParts.selections,64,15849277,0
baseline-trace,t07,4,2,reject,jdbc_executeQuery,DocumentDriveSnapshot.lock,128,18242546,0
baseline-trace,t07,4,2,reject,jdbc_executeQuery,DocumentKeyReservations.reserveEncoded,64,19769296,0
baseline-trace,t07,4,2,reject,jdbc_executeQuery,DocumentOperationUploadAdmission.lambda$captureReads$0,192,50364410,0
baseline-trace,t07,4,2,reject,jdbc_executeQuery,DocumentOperationUploadAdmission.requireInitialSelections,64,13827836,0
baseline-trace,t07,4,2,reject,jdbc_executeQuery,DocumentOperationUploadAdmission.writeAdmissions,128,23384582,0
baseline-trace,t07,4,2,reject,jdbc_executeQuery,DocumentPartAttemptLedger.lockAll,384,44449021,0
baseline-trace,t07,4,2,reject,jdbc_executeQuery,DocumentPartAttemptLedger.read,128,13576437,0
baseline-trace,t07,4,2,reject,jdbc_executeQuery,DocumentPreparationHistoryRoots.coverage,64,9168854,0
baseline-trace,t07,4,2,reject,jdbc_executeQuery,DocumentPublicationModesJournal.readModes,192,21227614,0
baseline-trace,t07,4,2,reject,jdbc_executeQuery,DocumentPublicationPreparationJournal.capture,384,42058604,0
baseline-trace,t07,4,2,reject,jdbc_executeQuery,DocumentPublicationReplay.observe,832,109347575,0
baseline-trace,t07,4,2,reject,jdbc_executeQuery,DocumentRevisionLocks.lock,2304,500224847,0
baseline-trace,t07,4,2,reject,jdbc_executeQuery,DocumentSchemaPolicies.lambda$read$0,64,10198863,0
baseline-trace,t07,4,2,reject,jdbc_executeQuery,DocumentSchemaPolicies.lockCurrent,384,33146662,0
baseline-trace,t07,4,2,reject,jdbc_executeQuery,DocumentSchemaPolicies.select,192,22109643,0
baseline-trace,t07,4,2,reject,jdbc_executeQuery,DocumentSelectedAttemptLedger.lockSelected,64,10519686,0
baseline-trace,t07,4,2,reject,jdbc_executeQuery,DocumentSelectedAttemptLedger.requireOwner,192,57272591,0
baseline-trace,t07,4,2,reject,jdbc_executeQuery,DocumentSelectedAttemptLedger.requireSelections,384,88440068,0
baseline-trace,t07,4,2,reject,jdbc_executeQuery,DocumentUploadAdmissionReplay.hasSelections,64,7529140,0
baseline-trace,t07,4,2,reject,jdbc_executeQuery,ManagedBackendLedger.find,128,14655782,0
baseline-trace,t07,4,2,reject,jdbc_executeQuery,ManagedBackendLedger.requireAll,64,7633881,0
baseline-trace,t07,4,2,reject,jdbc_executeQuery,RepositoryCoordinatorBinding.bindInitial,64,7724612,0
baseline-trace,t07,4,2,reject,jdbc_executeQuery,RepositoryExecutionClaimLedger.live,64,6671080,0
baseline-trace,t07,4,2,reject,jdbc_executeQuery,RepositoryExecutionClaimLedger.lockLive,2304,695843158,0
baseline-trace,t07,4,2,reject,jdbc_executeQuery,RepositoryExecutionClaimLedger.readLocked,384,34180376,0
baseline-trace,t07,4,2,reject,jdbc_executeQuery,RepositoryOperationLedger.fenceLiveOwner,1344,880129798,0
baseline-trace,t07,4,2,reject,jdbc_executeQuery,RepositoryOperationLedger.live,192,28408945,0
baseline-trace,t07,4,2,reject,jdbc_executeQuery,RepositoryOperationLedger.read,64,8098263,0
baseline-trace,t07,4,2,reject,jdbc_executeQuery,RepositoryOperationLedger.readOwner,256,27349458,0
baseline-trace,t07,4,2,reject,jdbc_executeQuery,RepositoryOperationLedger.requireCommand,1344,154262679,0
baseline-trace,t07,4,2,reject,jdbc_executeQuery,RepositorySchemaArtifacts.lambda$stage$3,256,242200487,0
baseline-trace,t07,4,2,reject,jdbc_executeQuery,SqlTimeouts.apply,384,55806615,0
baseline-trace,t07,4,2,reject,jdbc_executeUpdate,DocumentAssessmentCreationWrites.insertOwner,64,62278323,0
baseline-trace,t07,4,2,reject,jdbc_executeUpdate,DocumentAssessmentCreationWrites.lambda$writeRows$1,64,60220046,0
baseline-trace,t07,4,2,reject,jdbc_executeUpdate,DocumentAssessmentCreationWrites.writeRows,448,704139606,0
baseline-trace,t07,4,2,reject,jdbc_executeUpdate,DocumentAssessmentReconciliation.verifyRetained,64,51531450,0
baseline-trace,t07,4,2,reject,jdbc_executeUpdate,DocumentAssessmentRejections.lambda$decide$0,64,52572184,0
baseline-trace,t07,4,2,reject,jdbc_executeUpdate,DocumentAssessmentStartJournal.insertStartedOutcome,64,67013648,0
baseline-trace,t07,4,2,reject,jdbc_executeUpdate,DocumentOperationSelection.insert,64,76050132,0
baseline-trace,t07,4,2,reject,jdbc_executeUpdate,DocumentOperationUploadAdmission.writeAdmissions,128,80442318,0
baseline-trace,t07,4,2,reject,jdbc_executeUpdate,DocumentPartAttemptLedger.insertEncodedRows,64,57647935,0
baseline-trace,t07,4,2,reject,jdbc_executeUpdate,DocumentPreparationCoverageCertificates.insert,64,28930619,0
baseline-trace,t07,4,2,reject,jdbc_executeUpdate,DocumentPreparationHistoryRoots.insert,128,44928390,0
baseline-trace,t07,4,2,reject,jdbc_executeUpdate,DocumentPublicationModesJournal.insert,64,45580438,0
baseline-trace,t07,4,2,reject,jdbc_executeUpdate,DocumentPublicationPreparationJournal.insert,64,61043475,0
baseline-trace,t07,4,2,reject,jdbc_executeUpdate,DocumentSelectedAttemptLedger.renewSelections,192,128975579,0
baseline-trace,t07,4,2,reject,jdbc_executeUpdate,RepositoryCoordinatorBinding.bindInitial,64,24762285,0
baseline-trace,t07,4,2,reject,jdbc_executeUpdate,RepositoryExecutionClaimLedger.acquireInitialChecked,64,25737828,0
baseline-trace,t07,4,2,reject,jdbc_executeUpdate,RepositoryExecutionClaimLedger.renewLive,128,25853054,0
baseline-trace,t07,4,2,reject,jdbc_executeUpdate,RepositoryOperationLedger.admitInTransaction,128,71052805,0
baseline-trace,t07,4,2,reject,jdbc_executeUpdate,RepositoryOperationLedger.renewLive,128,78597540,0
baseline-trace,t07,4,2,reject,sql_acquire,DocumentAssessmentCreation.createInternal,64,414855912,0
baseline-trace,t07,4,2,reject,sql_acquire,DocumentAssessmentCreation.lambda$createInternal$0,64,392222337,0
baseline-trace,t07,4,2,reject,sql_acquire,DocumentAssessmentDeliveryAuthorization.check,256,1286648056,0
baseline-trace,t07,4,2,reject,sql_acquire,DocumentAssessmentDiscovery.discover,64,375513888,0
baseline-trace,t07,4,2,reject,sql_acquire,DocumentAssessmentReconciliation.observeRetained,64,319202212,0
baseline-trace,t07,4,2,reject,sql_acquire,DocumentAssessmentRejections.decide,64,377829700,0
baseline-trace,t07,4,2,reject,sql_acquire,DocumentAssessmentReplayInputs.load,64,362390709,0
baseline-trace,t07,4,2,reject,sql_acquire,DocumentAssessmentStartJournal.startRetained,64,280930231,0
baseline-trace,t07,4,2,reject,sql_acquire,DocumentOperationUploadAdmission.captureReads,128,547425907,0
baseline-trace,t07,4,2,reject,sql_acquire,DocumentOperationUploadAdmission.recheckInitialSelections,64,226113906,0
baseline-trace,t07,4,2,reject,sql_acquire,DocumentOperationUploadAdmission.stage,64,304806272,0
baseline-trace,t07,4,2,reject,sql_acquire,DocumentPublicationModesJournal.loadRetained,128,715338823,0
baseline-trace,t07,4,2,reject,sql_acquire,DocumentPublicationModesJournal.requireObservedModes,256,1434924954,0
baseline-trace,t07,4,2,reject,sql_acquire,DocumentPublicationPreparationJournal.load,128,558103791,0
baseline-trace,t07,4,2,reject,sql_acquire,DocumentPublicationRegistration.admitInitialAccepted,64,265061728,0
baseline-trace,t07,4,2,reject,sql_acquire,DocumentPublicationRegistration.preflight,128,650416962,0
baseline-trace,t07,4,2,reject,sql_acquire,DocumentPublicationReplay.observe,256,1555535866,0
baseline-trace,t07,4,2,reject,sql_acquire,DocumentSchemaPolicies.read,64,368652463,0
baseline-trace,t07,4,2,reject,sql_acquire,DocumentSelectedAttemptLedger.renew,64,334538539,0
baseline-trace,t07,4,2,reject,sql_acquire,DocumentSelectedAttemptLedger.renewOwnerAndSelections,128,449286596,0
baseline-trace,t07,4,2,reject,sql_acquire,RepositorySchemaArtifacts.stage,64,312310223,0
baseline-trace,t07,4,2,reject,sql_usage,DocumentAssessmentCreation.createInternal,64,1718000000,0
baseline-trace,t07,4,2,reject,sql_usage,DocumentAssessmentCreation.lambda$createInternal$0,64,365000000,0
baseline-trace,t07,4,2,reject,sql_usage,DocumentAssessmentDeliveryAuthorization.check,256,1464000000,0
baseline-trace,t07,4,2,reject,sql_usage,DocumentAssessmentDiscovery.discover,64,433000000,0
baseline-trace,t07,4,2,reject,sql_usage,DocumentAssessmentReconciliation.observeRetained,64,1676000000,0
baseline-trace,t07,4,2,reject,sql_usage,DocumentAssessmentRejections.decide,64,699000000,0
baseline-trace,t07,4,2,reject,sql_usage,DocumentAssessmentReplayInputs.load,64,295000000,0
baseline-trace,t07,4,2,reject,sql_usage,DocumentAssessmentStartJournal.startRetained,64,389000000,0
baseline-trace,t07,4,2,reject,sql_usage,DocumentOperationUploadAdmission.captureReads,128,981000000,0
baseline-trace,t07,4,2,reject,sql_usage,DocumentOperationUploadAdmission.recheckInitialSelections,64,409000000,0
baseline-trace,t07,4,2,reject,sql_usage,DocumentOperationUploadAdmission.stage,64,906000000,0
baseline-trace,t07,4,2,reject,sql_usage,DocumentPublicationModesJournal.loadRetained,128,545000000,0
baseline-trace,t07,4,2,reject,sql_usage,DocumentPublicationModesJournal.requireObservedModes,256,1442000000,0
baseline-trace,t07,4,2,reject,sql_usage,DocumentPublicationPreparationJournal.load,128,590000000,0
baseline-trace,t07,4,2,reject,sql_usage,DocumentPublicationRegistration.admitInitialAccepted,64,914000000,0
baseline-trace,t07,4,2,reject,sql_usage,DocumentPublicationRegistration.preflight,128,90000000,0
baseline-trace,t07,4,2,reject,sql_usage,DocumentPublicationReplay.observe,256,624000000,0
baseline-trace,t07,4,2,reject,sql_usage,DocumentSchemaPolicies.read,64,29000000,0
baseline-trace,t07,4,2,reject,sql_usage,DocumentSelectedAttemptLedger.renew,64,539000000,0
baseline-trace,t07,4,2,reject,sql_usage,DocumentSelectedAttemptLedger.renewOwnerAndSelections,128,1168000000,0
baseline-trace,t07,4,2,reject,sql_usage,RepositorySchemaArtifacts.stage,64,653000000,0
baseline-trace,t07,4,2,replay,jdbc_commit,DocumentPublicationReplay.observe,256,1135496527,0
baseline-trace,t07,4,2,replay,jdbc_executeQuery,DocumentPublicationReplay.observe,768,119689029,0
baseline-trace,t07,4,2,replay,jdbc_executeQuery,DocumentPublicationReplay.requireRevisions,192,42951124,0
baseline-trace,t07,4,2,replay,jdbc_executeQuery,DocumentRevisionLocks.lock,512,118042588,0
baseline-trace,t07,4,2,replay,jdbc_executeQuery,RepositoryOperationLedger.requireCommand,256,32942881,0
baseline-trace,t07,4,2,replay,sql_acquire,DocumentPublicationReplay.observe,256,1815600706,0
baseline-trace,t07,4,2,replay,sql_usage,DocumentPublicationReplay.observe,256,1584000000,0
baseline-trace,t07,4,2,unscoped,jdbc_commit,DocumentAssessmentReadProtection.finish,63,294060065,0
baseline-trace,t07,4,2,unscoped,jdbc_commit,DocumentReadPins.finish,256,1263056796,0
baseline-trace,t07,4,2,unscoped,jdbc_commit,DocumentSelectedAttemptLedger.verifyBatch,256,1292953855,0
baseline-trace,t07,4,2,unscoped,jdbc_executeQuery,DocumentAssessmentReadProtection.lambda$finish$0,63,36270164,0
baseline-trace,t07,4,2,unscoped,jdbc_executeQuery,DocumentPartAttemptLedger.read,512,60150149,0
baseline-trace,t07,4,2,unscoped,jdbc_executeQuery,DocumentReadPins.lambda$finish$0,256,336896577,0
baseline-trace,t07,4,2,unscoped,jdbc_executeQuery,DocumentSelectedAttemptLedger.lockSelected,512,82169751,0
baseline-trace,t07,4,2,unscoped,jdbc_executeQuery,DocumentSelectedAttemptLedger.requireOwner,256,60822568,0
baseline-trace,t07,4,2,unscoped,jdbc_executeQuery,RepositoryExecutionClaimLedger.lockLive,256,81921525,0
baseline-trace,t07,4,2,unscoped,jdbc_executeQuery,RepositoryOperationLedger.fenceLiveOwner,256,172626754,0
baseline-trace,t07,4,2,unscoped,jdbc_executeQuery,SqlTimeouts.apply,256,39461070,0
baseline-trace,t07,4,2,unscoped,jdbc_executeUpdate,DocumentSelectedAttemptLedger.verifyBatch,512,372231082,0
baseline-trace,t07,4,2,unscoped,provider_getBounded,DocumentPartTransfer.upload,256,756916658,0
baseline-trace,t07,4,2,unscoped,provider_getBounded,outside_ledger,320,1117180760,0
baseline-trace,t07,4,2,unscoped,provider_put,DocumentPartTransfer.upload,256,18111660161,0
baseline-trace,t07,4,2,unscoped,sql_acquire,DocumentAssessmentReadProtection.finish,63,457829998,0
baseline-trace,t07,4,2,unscoped,sql_acquire,DocumentReadPins.finish,256,1882841612,0
baseline-trace,t07,4,2,unscoped,sql_acquire,DocumentSelectedAttemptLedger.verifyBatch,256,796409646,0
baseline-trace,t07,4,2,unscoped,sql_usage,DocumentAssessmentReadProtection.finish,63,314000000,0
baseline-trace,t07,4,2,unscoped,sql_usage,DocumentReadPins.finish,256,1527000000,0
baseline-trace,t07,4,2,unscoped,sql_usage,DocumentSelectedAttemptLedger.verifyBatch,256,2250000000,0
baseline-trace,t08,1,8,publish,jdbc_commit,DocumentOperationUploadAdmission.captureReads,384,1770749103,0
baseline-trace,t08,1,8,publish,jdbc_commit,DocumentOperationUploadAdmission.recheckInitialSelections,192,875032881,0
baseline-trace,t08,1,8,publish,jdbc_commit,DocumentOperationUploadAdmission.stage,192,960360296,0
baseline-trace,t08,1,8,publish,jdbc_commit,DocumentPublicationCommit.commitInternal,192,832507720,0
baseline-trace,t08,1,8,publish,jdbc_commit,DocumentPublicationModesJournal.requireObservedModes,384,1625203155,0
baseline-trace,t08,1,8,publish,jdbc_commit,DocumentPublicationRegistration.admitInitialAccepted,192,975100256,0
baseline-trace,t08,1,8,publish,jdbc_commit,DocumentPublicationRegistration.preflight,192,17360432,0
baseline-trace,t08,1,8,publish,jdbc_commit,DocumentPublicationReplay.observe,384,31793764,0
baseline-trace,t08,1,8,publish,jdbc_commit,DocumentSchemaPolicies.read,192,19292991,0
baseline-trace,t08,1,8,publish,jdbc_commit,DocumentSelectedAttemptLedger.renew,192,850120492,0
baseline-trace,t08,1,8,publish,jdbc_commit,DocumentSelectedAttemptLedger.renewOwnerAndSelections,384,1588394193,0
baseline-trace,t08,1,8,publish,jdbc_commit,RepositorySchemaArtifacts.stage,192,749422202,0
baseline-trace,t08,1,8,publish,jdbc_executeBatch,DocumentSchemaRetention.flush,576,440379473,0
baseline-trace,t08,1,8,publish,jdbc_executeQuery,DocumentAdmissionSnapshot.prepare,192,50031528,0
baseline-trace,t08,1,8,publish,jdbc_executeQuery,DocumentCommitParts.bind,192,34748722,0
baseline-trace,t08,1,8,publish,jdbc_executeQuery,DocumentCommitParts.read,192,249202629,0
baseline-trace,t08,1,8,publish,jdbc_executeQuery,DocumentCommitParts.selections,192,46053568,0
baseline-trace,t08,1,8,publish,jdbc_executeQuery,DocumentCommitWriter.write,384,39713528,0
baseline-trace,t08,1,8,publish,jdbc_executeQuery,DocumentDriveSnapshot.lock,384,44617148,0
baseline-trace,t08,1,8,publish,jdbc_executeQuery,DocumentKeyReservations.reserveEncoded,192,48512918,0
baseline-trace,t08,1,8,publish,jdbc_executeQuery,DocumentOperationUploadAdmission.lambda$captureReads$0,576,129936286,0
baseline-trace,t08,1,8,publish,jdbc_executeQuery,DocumentOperationUploadAdmission.requireInitialSelections,192,40594373,0
baseline-trace,t08,1,8,publish,jdbc_executeQuery,DocumentOperationUploadAdmission.writeAdmissions,384,58708436,0
baseline-trace,t08,1,8,publish,jdbc_executeQuery,DocumentPartAttemptLedger.lockAll,1152,116968434,0
baseline-trace,t08,1,8,publish,jdbc_executeQuery,DocumentPartAttemptLedger.read,384,35602481,0
baseline-trace,t08,1,8,publish,jdbc_executeQuery,DocumentPreparationHistoryRoots.coverage,192,23583596,0
baseline-trace,t08,1,8,publish,jdbc_executeQuery,DocumentPublicationLocks$IndependentOrigins.requireScope,384,34294332,0
baseline-trace,t08,1,8,publish,jdbc_executeQuery,DocumentPublicationLocks.lockIndependentOrigins,960,104455722,0
baseline-trace,t08,1,8,publish,jdbc_executeQuery,DocumentPublicationLocks.lockIndependentRetention,192,29127900,0
baseline-trace,t08,1,8,publish,jdbc_executeQuery,DocumentPublicationModeBinding.require,192,33782504,0
baseline-trace,t08,1,8,publish,jdbc_executeQuery,DocumentPublicationModesJournal.readModes,192,17507259,0
baseline-trace,t08,1,8,publish,jdbc_executeQuery,DocumentPublicationPreparationJournal.capture,384,33179979,0
baseline-trace,t08,1,8,publish,jdbc_executeQuery,DocumentPublicationReplay.observe,768,100826661,0
baseline-trace,t08,1,8,publish,jdbc_executeQuery,DocumentRevisionLocks.lock,2304,453478047,0
baseline-trace,t08,1,8,publish,jdbc_executeQuery,DocumentSchemaBatch.lockArtifacts,960,130938114,0
baseline-trace,t08,1,8,publish,jdbc_executeQuery,DocumentSchemaPolicies.lambda$read$0,192,21642824,0
baseline-trace,t08,1,8,publish,jdbc_executeQuery,DocumentSchemaPolicies.lockCurrent,576,50417743,0
baseline-trace,t08,1,8,publish,jdbc_executeQuery,DocumentSchemaPolicies.select,384,44146191,0
baseline-trace,t08,1,8,publish,jdbc_executeQuery,DocumentSchemaRetention.requireFragments,192,43593976,0
baseline-trace,t08,1,8,publish,jdbc_executeQuery,DocumentSchemaRetention.requireRevision,192,23592078,0
baseline-trace,t08,1,8,publish,jdbc_executeQuery,DocumentSchemaRetention.write,192,41555222,0
baseline-trace,t08,1,8,publish,jdbc_executeQuery,DocumentSelectedAttemptLedger.lockSelected,192,25165093,0
baseline-trace,t08,1,8,publish,jdbc_executeQuery,DocumentSelectedAttemptLedger.requireOwner,576,135254689,0
baseline-trace,t08,1,8,publish,jdbc_executeQuery,DocumentSelectedAttemptLedger.requireSelections,1152,201624664,0
baseline-trace,t08,1,8,publish,jdbc_executeQuery,DocumentUploadAdmissionReplay.hasSelections,192,18381358,0
baseline-trace,t08,1,8,publish,jdbc_executeQuery,ManagedBackendLedger.find,384,37262771,0
baseline-trace,t08,1,8,publish,jdbc_executeQuery,RepositoryCoordinatorBinding.bindInitial,192,17873595,0
baseline-trace,t08,1,8,publish,jdbc_executeQuery,RepositoryExecutionClaimLedger.live,192,18576696,0
baseline-trace,t08,1,8,publish,jdbc_executeQuery,RepositoryExecutionClaimLedger.lockLive,3456,903294266,0
baseline-trace,t08,1,8,publish,jdbc_executeQuery,RepositoryExecutionClaimLedger.readLocked,1152,94831742,0
baseline-trace,t08,1,8,publish,jdbc_executeQuery,RepositoryOperationLedger.fenceLiveOwner,1920,1084878360,0
baseline-trace,t08,1,8,publish,jdbc_executeQuery,RepositoryOperationLedger.live,576,82921994,0
baseline-trace,t08,1,8,publish,jdbc_executeQuery,RepositoryOperationLedger.read,192,22943686,0
baseline-trace,t08,1,8,publish,jdbc_executeQuery,RepositoryOperationLedger.readOwner,768,76778558,0
baseline-trace,t08,1,8,publish,jdbc_executeQuery,RepositoryOperationLedger.requireCommand,1920,192877335,0
baseline-trace,t08,1,8,publish,jdbc_executeQuery,RepositorySchemaArtifacts.lambda$stage$3,768,590106774,0
baseline-trace,t08,1,8,publish,jdbc_executeQuery,SqlTimeouts.apply,1152,148611809,0
baseline-trace,t08,1,8,publish,jdbc_executeUpdate,DocumentCommitWriter.write,1344,860185979,0
baseline-trace,t08,1,8,publish,jdbc_executeUpdate,DocumentOperationSelection.insert,192,182604257,0
baseline-trace,t08,1,8,publish,jdbc_executeUpdate,DocumentOperationUploadAdmission.writeAdmissions,384,203887194,0
baseline-trace,t08,1,8,publish,jdbc_executeUpdate,DocumentPartAttemptLedger.insertEncodedRows,192,163368835,0
baseline-trace,t08,1,8,publish,jdbc_executeUpdate,DocumentPreparationCoverageCertificates.insert,192,66282848,0
baseline-trace,t08,1,8,publish,jdbc_executeUpdate,DocumentPreparationHistoryRoots.insert,384,109350937,0
baseline-trace,t08,1,8,publish,jdbc_executeUpdate,DocumentPublicationCommit.lambda$commitInternal$6,576,446724106,0
baseline-trace,t08,1,8,publish,jdbc_executeUpdate,DocumentPublicationModesJournal.insert,192,116353392,0
baseline-trace,t08,1,8,publish,jdbc_executeUpdate,DocumentPublicationPreparationJournal.insert,192,131238339,0
baseline-trace,t08,1,8,publish,jdbc_executeUpdate,DocumentSchemaAdmissionBinding.insert,192,146376457,0
baseline-trace,t08,1,8,publish,jdbc_executeUpdate,DocumentSelectedAttemptLedger.renewSelections,576,336260776,0
baseline-trace,t08,1,8,publish,jdbc_executeUpdate,RepositoryCoordinatorBinding.bindInitial,192,58720663,0
baseline-trace,t08,1,8,publish,jdbc_executeUpdate,RepositoryExecutionClaimLedger.acquireInitialChecked,192,62159588,0
baseline-trace,t08,1,8,publish,jdbc_executeUpdate,RepositoryExecutionClaimLedger.renewLive,384,69968246,0
baseline-trace,t08,1,8,publish,jdbc_executeUpdate,RepositoryOperationLedger.admitInTransaction,384,188979457,0
baseline-trace,t08,1,8,publish,jdbc_executeUpdate,RepositoryOperationLedger.renewLive,384,209729222,0
baseline-trace,t08,1,8,publish,sql_acquire,DocumentOperationUploadAdmission.captureReads,384,1434349108,0
baseline-trace,t08,1,8,publish,sql_acquire,DocumentOperationUploadAdmission.recheckInitialSelections,192,466091058,0
baseline-trace,t08,1,8,publish,sql_acquire,DocumentOperationUploadAdmission.stage,192,811765129,0
baseline-trace,t08,1,8,publish,sql_acquire,DocumentPublicationCommit.commitInternal,192,914273661,0
baseline-trace,t08,1,8,publish,sql_acquire,DocumentPublicationModesJournal.requireObservedModes,384,1483361365,0
baseline-trace,t08,1,8,publish,sql_acquire,DocumentPublicationRegistration.admitInitialAccepted,192,791958772,0
baseline-trace,t08,1,8,publish,sql_acquire,DocumentPublicationRegistration.preflight,192,793877951,0
baseline-trace,t08,1,8,publish,sql_acquire,DocumentPublicationReplay.observe,384,1659421161,0
baseline-trace,t08,1,8,publish,sql_acquire,DocumentSchemaPolicies.read,192,641764508,0
baseline-trace,t08,1,8,publish,sql_acquire,DocumentSelectedAttemptLedger.renew,192,550220932,0
baseline-trace,t08,1,8,publish,sql_acquire,DocumentSelectedAttemptLedger.renewOwnerAndSelections,384,1090833728,0
baseline-trace,t08,1,8,publish,sql_acquire,RepositorySchemaArtifacts.stage,192,782359385,0
baseline-trace,t08,1,8,publish,sql_usage,DocumentOperationUploadAdmission.captureReads,384,2378000000,0
baseline-trace,t08,1,8,publish,sql_usage,DocumentOperationUploadAdmission.recheckInitialSelections,192,1072000000,0
baseline-trace,t08,1,8,publish,sql_usage,DocumentOperationUploadAdmission.stage,192,2055000000,0
baseline-trace,t08,1,8,publish,sql_usage,DocumentPublicationCommit.commitInternal,192,4727000000,0
baseline-trace,t08,1,8,publish,sql_usage,DocumentPublicationModesJournal.requireObservedModes,384,2018000000,0
baseline-trace,t08,1,8,publish,sql_usage,DocumentPublicationRegistration.admitInitialAccepted,192,2140000000,0
baseline-trace,t08,1,8,publish,sql_usage,DocumentPublicationRegistration.preflight,192,8000000,0
baseline-trace,t08,1,8,publish,sql_usage,DocumentPublicationReplay.observe,384,7000000,0
baseline-trace,t08,1,8,publish,sql_usage,DocumentSchemaPolicies.read,192,4000000,0
baseline-trace,t08,1,8,publish,sql_usage,DocumentSelectedAttemptLedger.renew,192,1285000000,0
baseline-trace,t08,1,8,publish,sql_usage,DocumentSelectedAttemptLedger.renewOwnerAndSelections,384,2866000000,0
baseline-trace,t08,1,8,publish,sql_usage,RepositorySchemaArtifacts.stage,192,1645000000,0
baseline-trace,t08,1,8,read,jdbc_commit,DocumentHistoricalSchemas.authorize,256,1124757907,0
baseline-trace,t08,1,8,read,jdbc_commit,DocumentHistoricalSchemas.check,256,1064485662,0
baseline-trace,t08,1,8,read,jdbc_commit,DocumentReadLedger$PinnedHistory.authorizeDelivery,768,3458559865,0
baseline-trace,t08,1,8,read,jdbc_commit,DocumentReadLedger.captureHistorical,256,971217831,0
baseline-trace,t08,1,8,read,jdbc_executeQuery,DocumentHistoricalReadRows.capture,512,150079079,0
baseline-trace,t08,1,8,read,jdbc_executeQuery,DocumentHistoricalSchemaRows.artifacts,512,100928166,0
baseline-trace,t08,1,8,read,jdbc_executeQuery,DocumentHistoricalSchemaRows.capture,512,220371218,0
baseline-trace,t08,1,8,read,jdbc_executeQuery,DocumentHistoricalSchemaRows.references,256,30010103,0
baseline-trace,t08,1,8,read,jdbc_executeQuery,DocumentHistoricalSchemaRows.roots,512,53371360,0
baseline-trace,t08,1,8,read,jdbc_executeQuery,DocumentReadLedger.lambda$captureHistorical$0,256,47368660,0
baseline-trace,t08,1,8,read,jdbc_executeQuery,DocumentReadPins.acquireHistorical,512,234007218,0
baseline-trace,t08,1,8,read,jdbc_executeQuery,DocumentRevisionLocks.lock,3072,696490713,0
baseline-trace,t08,1,8,read,jdbc_executeQuery,ManagedBackendLedger.requireAll,256,34311863,0
baseline-trace,t08,1,8,read,jdbc_executeUpdate,DocumentReadPins.acquireHistorical,256,218480398,0
baseline-trace,t08,1,8,read,sql_acquire,DocumentHistoricalSchemas.authorize,256,1138026038,0
baseline-trace,t08,1,8,read,sql_acquire,DocumentHistoricalSchemas.check,256,1101714430,0
baseline-trace,t08,1,8,read,sql_acquire,DocumentReadLedger$PinnedHistory.authorizeDelivery,768,2876262039,0
baseline-trace,t08,1,8,read,sql_acquire,DocumentReadLedger.captureHistorical,256,1049497415,0
baseline-trace,t08,1,8,read,sql_usage,DocumentHistoricalSchemas.authorize,256,1151000000,0
baseline-trace,t08,1,8,read,sql_usage,DocumentHistoricalSchemas.check,256,1585000000,0
baseline-trace,t08,1,8,read,sql_usage,DocumentReadLedger$PinnedHistory.authorizeDelivery,768,3549000000,0
baseline-trace,t08,1,8,read,sql_usage,DocumentReadLedger.captureHistorical,256,1893000000,0
baseline-trace,t08,1,8,reject,jdbc_commit,DocumentAssessmentCreation.createInternal,64,215018837,0
baseline-trace,t08,1,8,reject,jdbc_commit,DocumentAssessmentCreation.lambda$createInternal$0,64,240359298,0
baseline-trace,t08,1,8,reject,jdbc_commit,DocumentAssessmentDeliveryAuthorization.check,256,893845974,0
baseline-trace,t08,1,8,reject,jdbc_commit,DocumentAssessmentDiscovery.discover,64,230007743,0
baseline-trace,t08,1,8,reject,jdbc_commit,DocumentAssessmentReconciliation.observeRetained,64,197394831,0
baseline-trace,t08,1,8,reject,jdbc_commit,DocumentAssessmentRejections.decide,64,234544130,0
baseline-trace,t08,1,8,reject,jdbc_commit,DocumentAssessmentReplayInputs.load,64,7412224,0
baseline-trace,t08,1,8,reject,jdbc_commit,DocumentAssessmentStartJournal.startRetained,64,190948168,0
baseline-trace,t08,1,8,reject,jdbc_commit,DocumentOperationUploadAdmission.captureReads,128,529642477,0
baseline-trace,t08,1,8,reject,jdbc_commit,DocumentOperationUploadAdmission.recheckInitialSelections,64,248256462,0
baseline-trace,t08,1,8,reject,jdbc_commit,DocumentOperationUploadAdmission.stage,64,328754577,0
baseline-trace,t08,1,8,reject,jdbc_commit,DocumentPublicationModesJournal.loadRetained,128,463418088,0
baseline-trace,t08,1,8,reject,jdbc_commit,DocumentPublicationModesJournal.requireObservedModes,256,906969161,0
baseline-trace,t08,1,8,reject,jdbc_commit,DocumentPublicationPreparationJournal.load,128,433203714,0
baseline-trace,t08,1,8,reject,jdbc_commit,DocumentPublicationRegistration.admitInitialAccepted,64,355088971,0
baseline-trace,t08,1,8,reject,jdbc_commit,DocumentPublicationRegistration.preflight,128,13769939,0
baseline-trace,t08,1,8,reject,jdbc_commit,DocumentPublicationReplay.observe,256,444784169,0
baseline-trace,t08,1,8,reject,jdbc_commit,DocumentSchemaPolicies.read,64,6277106,0
baseline-trace,t08,1,8,reject,jdbc_commit,DocumentSelectedAttemptLedger.renew,64,231308066,0
baseline-trace,t08,1,8,reject,jdbc_commit,DocumentSelectedAttemptLedger.renewOwnerAndSelections,128,518252304,0
baseline-trace,t08,1,8,reject,jdbc_commit,RepositorySchemaArtifacts.stage,64,233114580,0
baseline-trace,t08,1,8,reject,jdbc_executeBatch,DocumentAssessmentCreationWrites.lambda$writeRows$0,64,39033465,0
baseline-trace,t08,1,8,reject,jdbc_executeQuery,DocumentAssessmentDeliveryAuthorization.lambda$check$0,1280,160182402,0
baseline-trace,t08,1,8,reject,jdbc_executeQuery,DocumentAssessmentDeliveryAuthorization.requireLiveReadOwner,512,66082577,0
baseline-trace,t08,1,8,reject,jdbc_executeQuery,DocumentAssessmentDiscovery.lambda$discover$0,128,21547709,0
baseline-trace,t08,1,8,reject,jdbc_executeQuery,DocumentAssessmentReadRows.capture,192,598782399,0
baseline-trace,t08,1,8,reject,jdbc_executeQuery,DocumentAssessmentReconciliation.verifyRetained,256,46682632,0
baseline-trace,t08,1,8,reject,jdbc_executeQuery,DocumentAssessmentRejections.lambda$decide$0,256,40870217,0
baseline-trace,t08,1,8,reject,jdbc_executeQuery,DocumentAssessmentReplayInputs.artifacts,128,58259315,0
baseline-trace,t08,1,8,reject,jdbc_executeQuery,DocumentAssessmentReplayInputs.policy,128,19068168,0
baseline-trace,t08,1,8,reject,jdbc_executeQuery,DocumentAssessmentReplayInputs.read,128,28089989,0
baseline-trace,t08,1,8,reject,jdbc_executeQuery,DocumentAssessmentReplayInputs.roots,128,25508467,0
baseline-trace,t08,1,8,reject,jdbc_executeQuery,DocumentAssessmentRetainedEvidence.verify,64,14221796,0
baseline-trace,t08,1,8,reject,jdbc_executeQuery,DocumentAssessmentRetainedEvidence.verifyArtifacts,64,27465759,0
baseline-trace,t08,1,8,reject,jdbc_executeQuery,DocumentAssessmentRetainedSlots.retainedSelections,64,18435906,0
baseline-trace,t08,1,8,reject,jdbc_executeQuery,DocumentAssessmentRetainedSlots.verify,256,225047326,0
baseline-trace,t08,1,8,reject,jdbc_executeQuery,DocumentAssessmentStartJournal.insertStartedOutcome,64,10961914,0
baseline-trace,t08,1,8,reject,jdbc_executeQuery,DocumentAssessmentStartJournal.lambda$startRetained$2,64,11770340,0
baseline-trace,t08,1,8,reject,jdbc_executeQuery,DocumentAssessmentStartJournal.requireCreation,64,24176088,0
baseline-trace,t08,1,8,reject,jdbc_executeQuery,DocumentCommitParts.bind,128,39934485,0
baseline-trace,t08,1,8,reject,jdbc_executeQuery,DocumentCommitParts.read,64,94425726,0
baseline-trace,t08,1,8,reject,jdbc_executeQuery,DocumentCommitParts.selections,64,14456195,0
baseline-trace,t08,1,8,reject,jdbc_executeQuery,DocumentDriveSnapshot.lock,128,14767038,0
baseline-trace,t08,1,8,reject,jdbc_executeQuery,DocumentKeyReservations.reserveEncoded,64,17859213,0
baseline-trace,t08,1,8,reject,jdbc_executeQuery,DocumentOperationUploadAdmission.lambda$captureReads$0,192,41932710,0
baseline-trace,t08,1,8,reject,jdbc_executeQuery,DocumentOperationUploadAdmission.requireInitialSelections,64,11756743,0
baseline-trace,t08,1,8,reject,jdbc_executeQuery,DocumentOperationUploadAdmission.writeAdmissions,128,18390581,0
baseline-trace,t08,1,8,reject,jdbc_executeQuery,DocumentPartAttemptLedger.lockAll,384,38995237,0
baseline-trace,t08,1,8,reject,jdbc_executeQuery,DocumentPartAttemptLedger.read,128,11755237,0
baseline-trace,t08,1,8,reject,jdbc_executeQuery,DocumentPreparationHistoryRoots.coverage,64,7105866,0
baseline-trace,t08,1,8,reject,jdbc_executeQuery,DocumentPublicationModesJournal.readModes,192,19184292,0
baseline-trace,t08,1,8,reject,jdbc_executeQuery,DocumentPublicationPreparationJournal.capture,384,34342241,0
baseline-trace,t08,1,8,reject,jdbc_executeQuery,DocumentPublicationReplay.observe,832,103275818,0
baseline-trace,t08,1,8,reject,jdbc_executeQuery,DocumentRevisionLocks.lock,2304,452760529,0
baseline-trace,t08,1,8,reject,jdbc_executeQuery,DocumentSchemaPolicies.lambda$read$0,64,8883954,0
baseline-trace,t08,1,8,reject,jdbc_executeQuery,DocumentSchemaPolicies.lockCurrent,384,30647567,0
baseline-trace,t08,1,8,reject,jdbc_executeQuery,DocumentSchemaPolicies.select,192,22666271,0
baseline-trace,t08,1,8,reject,jdbc_executeQuery,DocumentSelectedAttemptLedger.lockSelected,64,9566522,0
baseline-trace,t08,1,8,reject,jdbc_executeQuery,DocumentSelectedAttemptLedger.requireOwner,192,45664100,0
baseline-trace,t08,1,8,reject,jdbc_executeQuery,DocumentSelectedAttemptLedger.requireSelections,384,66903986,0
baseline-trace,t08,1,8,reject,jdbc_executeQuery,DocumentUploadAdmissionReplay.hasSelections,64,6398422,0
baseline-trace,t08,1,8,reject,jdbc_executeQuery,ManagedBackendLedger.find,128,12732580,0
baseline-trace,t08,1,8,reject,jdbc_executeQuery,ManagedBackendLedger.requireAll,64,6259231,0
baseline-trace,t08,1,8,reject,jdbc_executeQuery,RepositoryCoordinatorBinding.bindInitial,64,5792760,0
baseline-trace,t08,1,8,reject,jdbc_executeQuery,RepositoryExecutionClaimLedger.live,64,5992110,0
baseline-trace,t08,1,8,reject,jdbc_executeQuery,RepositoryExecutionClaimLedger.lockLive,2304,626889630,0
baseline-trace,t08,1,8,reject,jdbc_executeQuery,RepositoryExecutionClaimLedger.readLocked,384,33138259,0
baseline-trace,t08,1,8,reject,jdbc_executeQuery,RepositoryOperationLedger.fenceLiveOwner,1344,763088752,0
baseline-trace,t08,1,8,reject,jdbc_executeQuery,RepositoryOperationLedger.live,192,24591845,0
baseline-trace,t08,1,8,reject,jdbc_executeQuery,RepositoryOperationLedger.read,64,7078070,0
baseline-trace,t08,1,8,reject,jdbc_executeQuery,RepositoryOperationLedger.readOwner,256,23381963,0
baseline-trace,t08,1,8,reject,jdbc_executeQuery,RepositoryOperationLedger.requireCommand,1344,152242355,0
baseline-trace,t08,1,8,reject,jdbc_executeQuery,RepositorySchemaArtifacts.lambda$stage$3,256,210648041,0
baseline-trace,t08,1,8,reject,jdbc_executeQuery,SqlTimeouts.apply,384,48556728,0
baseline-trace,t08,1,8,reject,jdbc_executeUpdate,DocumentAssessmentCreationWrites.insertOwner,64,52550283,0
baseline-trace,t08,1,8,reject,jdbc_executeUpdate,DocumentAssessmentCreationWrites.lambda$writeRows$1,64,58994310,0
baseline-trace,t08,1,8,reject,jdbc_executeUpdate,DocumentAssessmentCreationWrites.writeRows,448,633839495,0
baseline-trace,t08,1,8,reject,jdbc_executeUpdate,DocumentAssessmentReconciliation.verifyRetained,64,41142521,0
baseline-trace,t08,1,8,reject,jdbc_executeUpdate,DocumentAssessmentRejections.lambda$decide$0,64,43194581,0
baseline-trace,t08,1,8,reject,jdbc_executeUpdate,DocumentAssessmentStartJournal.insertStartedOutcome,64,57096394,0
baseline-trace,t08,1,8,reject,jdbc_executeUpdate,DocumentOperationSelection.insert,64,60917477,0
baseline-trace,t08,1,8,reject,jdbc_executeUpdate,DocumentOperationUploadAdmission.writeAdmissions,128,79509378,0
baseline-trace,t08,1,8,reject,jdbc_executeUpdate,DocumentPartAttemptLedger.insertEncodedRows,64,52888577,0
baseline-trace,t08,1,8,reject,jdbc_executeUpdate,DocumentPreparationCoverageCertificates.insert,64,22229321,0
baseline-trace,t08,1,8,reject,jdbc_executeUpdate,DocumentPreparationHistoryRoots.insert,128,37636825,0
baseline-trace,t08,1,8,reject,jdbc_executeUpdate,DocumentPublicationModesJournal.insert,64,38069560,0
baseline-trace,t08,1,8,reject,jdbc_executeUpdate,DocumentPublicationPreparationJournal.insert,64,43963357,0
baseline-trace,t08,1,8,reject,jdbc_executeUpdate,DocumentSelectedAttemptLedger.renewSelections,192,111641402,0
baseline-trace,t08,1,8,reject,jdbc_executeUpdate,RepositoryCoordinatorBinding.bindInitial,64,19867949,0
baseline-trace,t08,1,8,reject,jdbc_executeUpdate,RepositoryExecutionClaimLedger.acquireInitialChecked,64,21135207,0
baseline-trace,t08,1,8,reject,jdbc_executeUpdate,RepositoryExecutionClaimLedger.renewLive,128,23746726,0
baseline-trace,t08,1,8,reject,jdbc_executeUpdate,RepositoryOperationLedger.admitInTransaction,128,66799673,0
baseline-trace,t08,1,8,reject,jdbc_executeUpdate,RepositoryOperationLedger.renewLive,128,78798489,0
baseline-trace,t08,1,8,reject,sql_acquire,DocumentAssessmentCreation.createInternal,64,299246530,0
baseline-trace,t08,1,8,reject,sql_acquire,DocumentAssessmentCreation.lambda$createInternal$0,64,257914327,0
baseline-trace,t08,1,8,reject,sql_acquire,DocumentAssessmentDeliveryAuthorization.check,256,1021130241,0
baseline-trace,t08,1,8,reject,sql_acquire,DocumentAssessmentDiscovery.discover,64,229062565,0
baseline-trace,t08,1,8,reject,sql_acquire,DocumentAssessmentReconciliation.observeRetained,64,256208634,0
baseline-trace,t08,1,8,reject,sql_acquire,DocumentAssessmentRejections.decide,64,223464523,0
baseline-trace,t08,1,8,reject,sql_acquire,DocumentAssessmentReplayInputs.load,64,229051854,0
baseline-trace,t08,1,8,reject,sql_acquire,DocumentAssessmentStartJournal.startRetained,64,182107846,0
baseline-trace,t08,1,8,reject,sql_acquire,DocumentOperationUploadAdmission.captureReads,128,488509781,0
baseline-trace,t08,1,8,reject,sql_acquire,DocumentOperationUploadAdmission.recheckInitialSelections,64,175957885,0
baseline-trace,t08,1,8,reject,sql_acquire,DocumentOperationUploadAdmission.stage,64,256333229,0
baseline-trace,t08,1,8,reject,sql_acquire,DocumentPublicationModesJournal.loadRetained,128,474774211,0
baseline-trace,t08,1,8,reject,sql_acquire,DocumentPublicationModesJournal.requireObservedModes,256,1069580498,0
baseline-trace,t08,1,8,reject,sql_acquire,DocumentPublicationPreparationJournal.load,128,521027317,0
baseline-trace,t08,1,8,reject,sql_acquire,DocumentPublicationRegistration.admitInitialAccepted,64,271211281,0
baseline-trace,t08,1,8,reject,sql_acquire,DocumentPublicationRegistration.preflight,128,384632193,0
baseline-trace,t08,1,8,reject,sql_acquire,DocumentPublicationReplay.observe,256,1091029623,0
baseline-trace,t08,1,8,reject,sql_acquire,DocumentSchemaPolicies.read,64,227654851,0
baseline-trace,t08,1,8,reject,sql_acquire,DocumentSelectedAttemptLedger.renew,64,167389584,0
baseline-trace,t08,1,8,reject,sql_acquire,DocumentSelectedAttemptLedger.renewOwnerAndSelections,128,370786500,0
baseline-trace,t08,1,8,reject,sql_acquire,RepositorySchemaArtifacts.stage,64,242000191,0
baseline-trace,t08,1,8,reject,sql_usage,DocumentAssessmentCreation.createInternal,64,1477000000,0
baseline-trace,t08,1,8,reject,sql_usage,DocumentAssessmentCreation.lambda$createInternal$0,64,334000000,0
baseline-trace,t08,1,8,reject,sql_usage,DocumentAssessmentDeliveryAuthorization.check,256,1235000000,0
baseline-trace,t08,1,8,reject,sql_usage,DocumentAssessmentDiscovery.discover,64,396000000,0
baseline-trace,t08,1,8,reject,sql_usage,DocumentAssessmentReconciliation.observeRetained,64,1373000000,0
baseline-trace,t08,1,8,reject,sql_usage,DocumentAssessmentRejections.decide,64,552000000,0
baseline-trace,t08,1,8,reject,sql_usage,DocumentAssessmentReplayInputs.load,64,223000000,0
baseline-trace,t08,1,8,reject,sql_usage,DocumentAssessmentStartJournal.startRetained,64,345000000,0
baseline-trace,t08,1,8,reject,sql_usage,DocumentOperationUploadAdmission.captureReads,128,742000000,0
baseline-trace,t08,1,8,reject,sql_usage,DocumentOperationUploadAdmission.recheckInitialSelections,64,307000000,0
baseline-trace,t08,1,8,reject,sql_usage,DocumentOperationUploadAdmission.stage,64,721000000,0
baseline-trace,t08,1,8,reject,sql_usage,DocumentPublicationModesJournal.loadRetained,128,468000000,0
baseline-trace,t08,1,8,reject,sql_usage,DocumentPublicationModesJournal.requireObservedModes,256,1185000000,0
baseline-trace,t08,1,8,reject,sql_usage,DocumentPublicationPreparationJournal.load,128,442000000,0
baseline-trace,t08,1,8,reject,sql_usage,DocumentPublicationRegistration.admitInitialAccepted,64,750000000,0
baseline-trace,t08,1,8,reject,sql_usage,DocumentPublicationRegistration.preflight,128,27000000,0
baseline-trace,t08,1,8,reject,sql_usage,DocumentPublicationReplay.observe,256,524000000,0
baseline-trace,t08,1,8,reject,sql_usage,DocumentSchemaPolicies.read,64,4000000,0
baseline-trace,t08,1,8,reject,sql_usage,DocumentSelectedAttemptLedger.renew,64,395000000,0
baseline-trace,t08,1,8,reject,sql_usage,DocumentSelectedAttemptLedger.renewOwnerAndSelections,128,948000000,0
baseline-trace,t08,1,8,reject,sql_usage,RepositorySchemaArtifacts.stage,64,550000000,0
baseline-trace,t08,1,8,replay,jdbc_commit,DocumentPublicationReplay.observe,256,1114139477,0
baseline-trace,t08,1,8,replay,jdbc_executeQuery,DocumentPublicationReplay.observe,768,98219416,0
baseline-trace,t08,1,8,replay,jdbc_executeQuery,DocumentPublicationReplay.requireRevisions,192,40056619,0
baseline-trace,t08,1,8,replay,jdbc_executeQuery,DocumentRevisionLocks.lock,512,106439645,0
baseline-trace,t08,1,8,replay,jdbc_executeQuery,RepositoryOperationLedger.requireCommand,256,28862029,0
baseline-trace,t08,1,8,replay,sql_acquire,DocumentPublicationReplay.observe,256,1310947659,0
baseline-trace,t08,1,8,replay,sql_usage,DocumentPublicationReplay.observe,256,1399000000,0
baseline-trace,t08,1,8,unscoped,jdbc_commit,DocumentAssessmentReadProtection.finish,66,269323570,0
baseline-trace,t08,1,8,unscoped,jdbc_commit,DocumentReadPins.finish,256,1277300603,0
baseline-trace,t08,1,8,unscoped,jdbc_commit,DocumentSelectedAttemptLedger.verifyBatch,256,1141802844,0
baseline-trace,t08,1,8,unscoped,jdbc_executeQuery,DocumentAssessmentReadProtection.lambda$finish$0,66,34992750,0
baseline-trace,t08,1,8,unscoped,jdbc_executeQuery,DocumentPartAttemptLedger.read,512,54675889,0
baseline-trace,t08,1,8,unscoped,jdbc_executeQuery,DocumentReadPins.lambda$finish$0,256,279967688,0
baseline-trace,t08,1,8,unscoped,jdbc_executeQuery,DocumentSelectedAttemptLedger.lockSelected,512,68908275,0
baseline-trace,t08,1,8,unscoped,jdbc_executeQuery,DocumentSelectedAttemptLedger.requireOwner,256,56049530,0
baseline-trace,t08,1,8,unscoped,jdbc_executeQuery,RepositoryExecutionClaimLedger.lockLive,256,67604184,0
baseline-trace,t08,1,8,unscoped,jdbc_executeQuery,RepositoryOperationLedger.fenceLiveOwner,256,150225044,0
baseline-trace,t08,1,8,unscoped,jdbc_executeQuery,SqlTimeouts.apply,256,32383528,0
baseline-trace,t08,1,8,unscoped,jdbc_executeUpdate,DocumentSelectedAttemptLedger.verifyBatch,512,326064732,0
baseline-trace,t08,1,8,unscoped,provider_getBounded,DocumentPartTransfer.upload,256,464040424,0
baseline-trace,t08,1,8,unscoped,provider_getBounded,outside_ledger,320,679877043,0
baseline-trace,t08,1,8,unscoped,provider_put,DocumentPartTransfer.upload,256,19019163747,0
baseline-trace,t08,1,8,unscoped,sql_acquire,DocumentAssessmentReadProtection.finish,66,258442689,0
baseline-trace,t08,1,8,unscoped,sql_acquire,DocumentReadPins.finish,256,741823809,0
baseline-trace,t08,1,8,unscoped,sql_acquire,DocumentSelectedAttemptLedger.verifyBatch,256,752347052,0
baseline-trace,t08,1,8,unscoped,sql_usage,DocumentAssessmentReadProtection.finish,66,278000000,0
baseline-trace,t08,1,8,unscoped,sql_usage,DocumentReadPins.finish,256,1449000000,0
baseline-trace,t08,1,8,unscoped,sql_usage,DocumentSelectedAttemptLedger.verifyBatch,256,1866000000,0
baseline-trace,t09,2,4,publish,jdbc_commit,DocumentOperationUploadAdmission.captureReads,384,1847920334,0
baseline-trace,t09,2,4,publish,jdbc_commit,DocumentOperationUploadAdmission.recheckInitialSelections,192,920552398,0
baseline-trace,t09,2,4,publish,jdbc_commit,DocumentOperationUploadAdmission.stage,192,1022643444,0
baseline-trace,t09,2,4,publish,jdbc_commit,DocumentPublicationCommit.commitInternal,192,884659792,0
baseline-trace,t09,2,4,publish,jdbc_commit,DocumentPublicationModesJournal.requireObservedModes,384,1862658854,0
baseline-trace,t09,2,4,publish,jdbc_commit,DocumentPublicationRegistration.admitInitialAccepted,192,1042434793,0
baseline-trace,t09,2,4,publish,jdbc_commit,DocumentPublicationRegistration.preflight,192,20617779,0
baseline-trace,t09,2,4,publish,jdbc_commit,DocumentPublicationReplay.observe,384,32834951,0
baseline-trace,t09,2,4,publish,jdbc_commit,DocumentSchemaPolicies.read,192,20529371,0
baseline-trace,t09,2,4,publish,jdbc_commit,DocumentSelectedAttemptLedger.renew,192,835938120,0
baseline-trace,t09,2,4,publish,jdbc_commit,DocumentSelectedAttemptLedger.renewOwnerAndSelections,384,1659505837,0
baseline-trace,t09,2,4,publish,jdbc_commit,RepositorySchemaArtifacts.stage,192,871729990,0
baseline-trace,t09,2,4,publish,jdbc_executeBatch,DocumentSchemaRetention.flush,576,433097709,0
baseline-trace,t09,2,4,publish,jdbc_executeQuery,DocumentAdmissionSnapshot.prepare,192,52142112,0
baseline-trace,t09,2,4,publish,jdbc_executeQuery,DocumentCommitParts.bind,192,37126324,0
baseline-trace,t09,2,4,publish,jdbc_executeQuery,DocumentCommitParts.read,192,246222822,0
baseline-trace,t09,2,4,publish,jdbc_executeQuery,DocumentCommitParts.selections,192,46247127,0
baseline-trace,t09,2,4,publish,jdbc_executeQuery,DocumentCommitWriter.write,384,42960661,0
baseline-trace,t09,2,4,publish,jdbc_executeQuery,DocumentDriveSnapshot.lock,384,47240331,0
baseline-trace,t09,2,4,publish,jdbc_executeQuery,DocumentKeyReservations.reserveEncoded,192,50161656,0
baseline-trace,t09,2,4,publish,jdbc_executeQuery,DocumentOperationUploadAdmission.lambda$captureReads$0,576,141530391,0
baseline-trace,t09,2,4,publish,jdbc_executeQuery,DocumentOperationUploadAdmission.requireInitialSelections,192,41740391,0
baseline-trace,t09,2,4,publish,jdbc_executeQuery,DocumentOperationUploadAdmission.writeAdmissions,384,60102638,0
baseline-trace,t09,2,4,publish,jdbc_executeQuery,DocumentPartAttemptLedger.lockAll,1152,118360753,0
baseline-trace,t09,2,4,publish,jdbc_executeQuery,DocumentPartAttemptLedger.read,384,36246941,0
baseline-trace,t09,2,4,publish,jdbc_executeQuery,DocumentPreparationHistoryRoots.coverage,192,24482230,0
baseline-trace,t09,2,4,publish,jdbc_executeQuery,DocumentPublicationLocks$IndependentOrigins.requireScope,384,36395134,0
baseline-trace,t09,2,4,publish,jdbc_executeQuery,DocumentPublicationLocks.lockIndependentOrigins,960,112913694,0
baseline-trace,t09,2,4,publish,jdbc_executeQuery,DocumentPublicationLocks.lockIndependentRetention,192,31925515,0
baseline-trace,t09,2,4,publish,jdbc_executeQuery,DocumentPublicationModeBinding.require,192,36250980,0
baseline-trace,t09,2,4,publish,jdbc_executeQuery,DocumentPublicationModesJournal.readModes,192,18428449,0
baseline-trace,t09,2,4,publish,jdbc_executeQuery,DocumentPublicationPreparationJournal.capture,384,36704229,0
baseline-trace,t09,2,4,publish,jdbc_executeQuery,DocumentPublicationReplay.observe,768,107737702,0
baseline-trace,t09,2,4,publish,jdbc_executeQuery,DocumentRevisionLocks.lock,2304,468436705,0
baseline-trace,t09,2,4,publish,jdbc_executeQuery,DocumentSchemaBatch.lockArtifacts,960,140781896,0
baseline-trace,t09,2,4,publish,jdbc_executeQuery,DocumentSchemaPolicies.lambda$read$0,192,24826107,0
baseline-trace,t09,2,4,publish,jdbc_executeQuery,DocumentSchemaPolicies.lockCurrent,576,53708783,0
baseline-trace,t09,2,4,publish,jdbc_executeQuery,DocumentSchemaPolicies.select,384,45941321,0
baseline-trace,t09,2,4,publish,jdbc_executeQuery,DocumentSchemaRetention.requireFragments,192,43864219,0
baseline-trace,t09,2,4,publish,jdbc_executeQuery,DocumentSchemaRetention.requireRevision,192,24640013,0
baseline-trace,t09,2,4,publish,jdbc_executeQuery,DocumentSchemaRetention.write,192,44863587,0
baseline-trace,t09,2,4,publish,jdbc_executeQuery,DocumentSelectedAttemptLedger.lockSelected,192,28617512,0
baseline-trace,t09,2,4,publish,jdbc_executeQuery,DocumentSelectedAttemptLedger.requireOwner,576,134661547,0
baseline-trace,t09,2,4,publish,jdbc_executeQuery,DocumentSelectedAttemptLedger.requireSelections,1152,205304906,0
baseline-trace,t09,2,4,publish,jdbc_executeQuery,DocumentUploadAdmissionReplay.hasSelections,192,20754931,0
baseline-trace,t09,2,4,publish,jdbc_executeQuery,ManagedBackendLedger.find,384,39022409,0
baseline-trace,t09,2,4,publish,jdbc_executeQuery,RepositoryCoordinatorBinding.bindInitial,192,18654324,0
baseline-trace,t09,2,4,publish,jdbc_executeQuery,RepositoryExecutionClaimLedger.live,192,20028559,0
baseline-trace,t09,2,4,publish,jdbc_executeQuery,RepositoryExecutionClaimLedger.lockLive,3456,955484754,0
baseline-trace,t09,2,4,publish,jdbc_executeQuery,RepositoryExecutionClaimLedger.readLocked,1152,102896662,0
baseline-trace,t09,2,4,publish,jdbc_executeQuery,RepositoryOperationLedger.fenceLiveOwner,1920,1142004022,0
baseline-trace,t09,2,4,publish,jdbc_executeQuery,RepositoryOperationLedger.live,576,82771698,0
baseline-trace,t09,2,4,publish,jdbc_executeQuery,RepositoryOperationLedger.read,192,21415200,0
baseline-trace,t09,2,4,publish,jdbc_executeQuery,RepositoryOperationLedger.readOwner,768,76950027,0
baseline-trace,t09,2,4,publish,jdbc_executeQuery,RepositoryOperationLedger.requireCommand,1920,197095238,0
baseline-trace,t09,2,4,publish,jdbc_executeQuery,RepositorySchemaArtifacts.lambda$stage$3,768,604321518,0
baseline-trace,t09,2,4,publish,jdbc_executeQuery,SqlTimeouts.apply,1152,146269085,0
baseline-trace,t09,2,4,publish,jdbc_executeUpdate,DocumentCommitWriter.write,1344,897984259,0
baseline-trace,t09,2,4,publish,jdbc_executeUpdate,DocumentOperationSelection.insert,192,180341813,0
baseline-trace,t09,2,4,publish,jdbc_executeUpdate,DocumentOperationUploadAdmission.writeAdmissions,384,209220292,0
baseline-trace,t09,2,4,publish,jdbc_executeUpdate,DocumentPartAttemptLedger.insertEncodedRows,192,151165327,0
baseline-trace,t09,2,4,publish,jdbc_executeUpdate,DocumentPreparationCoverageCertificates.insert,192,70288711,0
baseline-trace,t09,2,4,publish,jdbc_executeUpdate,DocumentPreparationHistoryRoots.insert,384,119393142,0
baseline-trace,t09,2,4,publish,jdbc_executeUpdate,DocumentPublicationCommit.lambda$commitInternal$6,576,460650857,0
baseline-trace,t09,2,4,publish,jdbc_executeUpdate,DocumentPublicationModesJournal.insert,192,116408408,0
baseline-trace,t09,2,4,publish,jdbc_executeUpdate,DocumentPublicationPreparationJournal.insert,192,139410381,0
baseline-trace,t09,2,4,publish,jdbc_executeUpdate,DocumentSchemaAdmissionBinding.insert,192,153344541,0
baseline-trace,t09,2,4,publish,jdbc_executeUpdate,DocumentSelectedAttemptLedger.renewSelections,576,344931236,0
baseline-trace,t09,2,4,publish,jdbc_executeUpdate,RepositoryCoordinatorBinding.bindInitial,192,66708156,0
baseline-trace,t09,2,4,publish,jdbc_executeUpdate,RepositoryExecutionClaimLedger.acquireInitialChecked,192,67775434,0
baseline-trace,t09,2,4,publish,jdbc_executeUpdate,RepositoryExecutionClaimLedger.renewLive,384,75372476,0
baseline-trace,t09,2,4,publish,jdbc_executeUpdate,RepositoryOperationLedger.admitInTransaction,384,188399388,0
baseline-trace,t09,2,4,publish,jdbc_executeUpdate,RepositoryOperationLedger.renewLive,384,215056285,0
baseline-trace,t09,2,4,publish,sql_acquire,DocumentOperationUploadAdmission.captureReads,384,1650429553,0
baseline-trace,t09,2,4,publish,sql_acquire,DocumentOperationUploadAdmission.recheckInitialSelections,192,684493594,0
baseline-trace,t09,2,4,publish,sql_acquire,DocumentOperationUploadAdmission.stage,192,854190797,0
baseline-trace,t09,2,4,publish,sql_acquire,DocumentPublicationCommit.commitInternal,192,1006686355,0
baseline-trace,t09,2,4,publish,sql_acquire,DocumentPublicationModesJournal.requireObservedModes,384,1735303029,0
baseline-trace,t09,2,4,publish,sql_acquire,DocumentPublicationRegistration.admitInitialAccepted,192,834342715,0
baseline-trace,t09,2,4,publish,sql_acquire,DocumentPublicationRegistration.preflight,192,835815036,0
baseline-trace,t09,2,4,publish,sql_acquire,DocumentPublicationReplay.observe,384,1834752495,0
baseline-trace,t09,2,4,publish,sql_acquire,DocumentSchemaPolicies.read,192,753597988,0
baseline-trace,t09,2,4,publish,sql_acquire,DocumentSelectedAttemptLedger.renew,192,676914465,0
baseline-trace,t09,2,4,publish,sql_acquire,DocumentSelectedAttemptLedger.renewOwnerAndSelections,384,1527109240,0
baseline-trace,t09,2,4,publish,sql_acquire,RepositorySchemaArtifacts.stage,192,961796971,0
baseline-trace,t09,2,4,publish,sql_usage,DocumentOperationUploadAdmission.captureReads,384,2575000000,0
baseline-trace,t09,2,4,publish,sql_usage,DocumentOperationUploadAdmission.recheckInitialSelections,192,1136000000,0
baseline-trace,t09,2,4,publish,sql_usage,DocumentOperationUploadAdmission.stage,192,2218000000,0
baseline-trace,t09,2,4,publish,sql_usage,DocumentPublicationCommit.commitInternal,192,5279000000,0
baseline-trace,t09,2,4,publish,sql_usage,DocumentPublicationModesJournal.requireObservedModes,384,2296000000,0
baseline-trace,t09,2,4,publish,sql_usage,DocumentPublicationRegistration.admitInitialAccepted,192,2297000000,0
baseline-trace,t09,2,4,publish,sql_usage,DocumentPublicationRegistration.preflight,192,56000000,0
baseline-trace,t09,2,4,publish,sql_usage,DocumentPublicationReplay.observe,384,9000000,0
baseline-trace,t09,2,4,publish,sql_usage,DocumentSchemaPolicies.read,192,17000000,0
baseline-trace,t09,2,4,publish,sql_usage,DocumentSelectedAttemptLedger.renew,192,1313000000,0
baseline-trace,t09,2,4,publish,sql_usage,DocumentSelectedAttemptLedger.renewOwnerAndSelections,384,3027000000,0
baseline-trace,t09,2,4,publish,sql_usage,RepositorySchemaArtifacts.stage,192,1834000000,0
baseline-trace,t09,2,4,read,jdbc_commit,DocumentHistoricalSchemas.authorize,256,1242183970,0
baseline-trace,t09,2,4,read,jdbc_commit,DocumentHistoricalSchemas.check,256,1098433605,0
baseline-trace,t09,2,4,read,jdbc_commit,DocumentReadLedger$PinnedHistory.authorizeDelivery,768,3674297956,0
baseline-trace,t09,2,4,read,jdbc_commit,DocumentReadLedger.captureHistorical,256,1045513778,0
baseline-trace,t09,2,4,read,jdbc_executeQuery,DocumentHistoricalReadRows.capture,512,155728756,0
baseline-trace,t09,2,4,read,jdbc_executeQuery,DocumentHistoricalSchemaRows.artifacts,512,110144193,0
baseline-trace,t09,2,4,read,jdbc_executeQuery,DocumentHistoricalSchemaRows.capture,512,231124157,0
baseline-trace,t09,2,4,read,jdbc_executeQuery,DocumentHistoricalSchemaRows.references,256,31945043,0
baseline-trace,t09,2,4,read,jdbc_executeQuery,DocumentHistoricalSchemaRows.roots,512,51730758,0
baseline-trace,t09,2,4,read,jdbc_executeQuery,DocumentReadLedger.lambda$captureHistorical$0,256,46942799,0
baseline-trace,t09,2,4,read,jdbc_executeQuery,DocumentReadPins.acquireHistorical,512,258442090,0
baseline-trace,t09,2,4,read,jdbc_executeQuery,DocumentRevisionLocks.lock,3072,728298812,0
baseline-trace,t09,2,4,read,jdbc_executeQuery,ManagedBackendLedger.requireAll,256,34271007,0
baseline-trace,t09,2,4,read,jdbc_executeUpdate,DocumentReadPins.acquireHistorical,256,235050716,0
baseline-trace,t09,2,4,read,sql_acquire,DocumentHistoricalSchemas.authorize,256,1388726901,0
baseline-trace,t09,2,4,read,sql_acquire,DocumentHistoricalSchemas.check,256,1344782719,0
baseline-trace,t09,2,4,read,sql_acquire,DocumentReadLedger$PinnedHistory.authorizeDelivery,768,3530358440,0
baseline-trace,t09,2,4,read,sql_acquire,DocumentReadLedger.captureHistorical,256,1462097185,0
baseline-trace,t09,2,4,read,sql_usage,DocumentHistoricalSchemas.authorize,256,1309000000,0
baseline-trace,t09,2,4,read,sql_usage,DocumentHistoricalSchemas.check,256,1670000000,0
baseline-trace,t09,2,4,read,sql_usage,DocumentReadLedger$PinnedHistory.authorizeDelivery,768,3843000000,0
baseline-trace,t09,2,4,read,sql_usage,DocumentReadLedger.captureHistorical,256,2106000000,0
baseline-trace,t09,2,4,reject,jdbc_commit,DocumentAssessmentCreation.createInternal,64,251453458,0
baseline-trace,t09,2,4,reject,jdbc_commit,DocumentAssessmentCreation.lambda$createInternal$0,64,234016514,0
baseline-trace,t09,2,4,reject,jdbc_commit,DocumentAssessmentDeliveryAuthorization.check,256,1013056127,0
baseline-trace,t09,2,4,reject,jdbc_commit,DocumentAssessmentDiscovery.discover,64,195228560,0
baseline-trace,t09,2,4,reject,jdbc_commit,DocumentAssessmentReconciliation.observeRetained,64,262463678,0
baseline-trace,t09,2,4,reject,jdbc_commit,DocumentAssessmentRejections.decide,64,263641924,0
baseline-trace,t09,2,4,reject,jdbc_commit,DocumentAssessmentReplayInputs.load,64,7156409,0
baseline-trace,t09,2,4,reject,jdbc_commit,DocumentAssessmentStartJournal.startRetained,64,223536598,0
baseline-trace,t09,2,4,reject,jdbc_commit,DocumentOperationUploadAdmission.captureReads,128,635433754,0
baseline-trace,t09,2,4,reject,jdbc_commit,DocumentOperationUploadAdmission.recheckInitialSelections,64,311891042,0
baseline-trace,t09,2,4,reject,jdbc_commit,DocumentOperationUploadAdmission.stage,64,381814575,0
baseline-trace,t09,2,4,reject,jdbc_commit,DocumentPublicationModesJournal.loadRetained,128,484332277,0
baseline-trace,t09,2,4,reject,jdbc_commit,DocumentPublicationModesJournal.requireObservedModes,256,1011569137,0
baseline-trace,t09,2,4,reject,jdbc_commit,DocumentPublicationPreparationJournal.load,128,533840897,0
baseline-trace,t09,2,4,reject,jdbc_commit,DocumentPublicationRegistration.admitInitialAccepted,64,353204987,0
baseline-trace,t09,2,4,reject,jdbc_commit,DocumentPublicationRegistration.preflight,128,12056604,0
baseline-trace,t09,2,4,reject,jdbc_commit,DocumentPublicationReplay.observe,256,514838389,0
baseline-trace,t09,2,4,reject,jdbc_commit,DocumentSchemaPolicies.read,64,6377595,0
baseline-trace,t09,2,4,reject,jdbc_commit,DocumentSelectedAttemptLedger.renew,64,285028339,0
baseline-trace,t09,2,4,reject,jdbc_commit,DocumentSelectedAttemptLedger.renewOwnerAndSelections,128,569225626,0
baseline-trace,t09,2,4,reject,jdbc_commit,RepositorySchemaArtifacts.stage,64,249266760,0
baseline-trace,t09,2,4,reject,jdbc_executeBatch,DocumentAssessmentCreationWrites.lambda$writeRows$0,64,45327050,0
baseline-trace,t09,2,4,reject,jdbc_executeQuery,DocumentAssessmentDeliveryAuthorization.lambda$check$0,1280,165312691,0
baseline-trace,t09,2,4,reject,jdbc_executeQuery,DocumentAssessmentDeliveryAuthorization.requireLiveReadOwner,512,67621643,0
baseline-trace,t09,2,4,reject,jdbc_executeQuery,DocumentAssessmentDiscovery.lambda$discover$0,128,22460776,0
baseline-trace,t09,2,4,reject,jdbc_executeQuery,DocumentAssessmentReadRows.capture,192,680642599,0
baseline-trace,t09,2,4,reject,jdbc_executeQuery,DocumentAssessmentReconciliation.verifyRetained,256,50656107,0
baseline-trace,t09,2,4,reject,jdbc_executeQuery,DocumentAssessmentRejections.lambda$decide$0,256,42731539,0
baseline-trace,t09,2,4,reject,jdbc_executeQuery,DocumentAssessmentReplayInputs.artifacts,128,50017983,0
baseline-trace,t09,2,4,reject,jdbc_executeQuery,DocumentAssessmentReplayInputs.policy,128,19275313,0
baseline-trace,t09,2,4,reject,jdbc_executeQuery,DocumentAssessmentReplayInputs.read,128,28551925,0
baseline-trace,t09,2,4,reject,jdbc_executeQuery,DocumentAssessmentReplayInputs.roots,128,24442349,0
baseline-trace,t09,2,4,reject,jdbc_executeQuery,DocumentAssessmentRetainedEvidence.verify,64,10601205,0
baseline-trace,t09,2,4,reject,jdbc_executeQuery,DocumentAssessmentRetainedEvidence.verifyArtifacts,64,29113674,0
baseline-trace,t09,2,4,reject,jdbc_executeQuery,DocumentAssessmentRetainedSlots.retainedSelections,64,18037644,0
baseline-trace,t09,2,4,reject,jdbc_executeQuery,DocumentAssessmentRetainedSlots.verify,256,250958398,0
baseline-trace,t09,2,4,reject,jdbc_executeQuery,DocumentAssessmentStartJournal.insertStartedOutcome,64,9619166,0
baseline-trace,t09,2,4,reject,jdbc_executeQuery,DocumentAssessmentStartJournal.lambda$startRetained$2,64,11960490,0
baseline-trace,t09,2,4,reject,jdbc_executeQuery,DocumentAssessmentStartJournal.requireCreation,64,26050347,0
baseline-trace,t09,2,4,reject,jdbc_executeQuery,DocumentCommitParts.bind,128,37912897,0
baseline-trace,t09,2,4,reject,jdbc_executeQuery,DocumentCommitParts.read,64,77893354,0
baseline-trace,t09,2,4,reject,jdbc_executeQuery,DocumentCommitParts.selections,64,13298741,0
baseline-trace,t09,2,4,reject,jdbc_executeQuery,DocumentDriveSnapshot.lock,128,14797159,0
baseline-trace,t09,2,4,reject,jdbc_executeQuery,DocumentKeyReservations.reserveEncoded,64,16398412,0
baseline-trace,t09,2,4,reject,jdbc_executeQuery,DocumentOperationUploadAdmission.lambda$captureReads$0,192,44216554,0
baseline-trace,t09,2,4,reject,jdbc_executeQuery,DocumentOperationUploadAdmission.requireInitialSelections,64,13017935,0
baseline-trace,t09,2,4,reject,jdbc_executeQuery,DocumentOperationUploadAdmission.writeAdmissions,128,19478829,0
baseline-trace,t09,2,4,reject,jdbc_executeQuery,DocumentPartAttemptLedger.lockAll,384,45415686,0
baseline-trace,t09,2,4,reject,jdbc_executeQuery,DocumentPartAttemptLedger.read,128,12299408,0
baseline-trace,t09,2,4,reject,jdbc_executeQuery,DocumentPreparationHistoryRoots.coverage,64,7682504,0
baseline-trace,t09,2,4,reject,jdbc_executeQuery,DocumentPublicationModesJournal.readModes,192,19265718,0
baseline-trace,t09,2,4,reject,jdbc_executeQuery,DocumentPublicationPreparationJournal.capture,384,37179638,0
baseline-trace,t09,2,4,reject,jdbc_executeQuery,DocumentPublicationReplay.observe,832,101385685,0
baseline-trace,t09,2,4,reject,jdbc_executeQuery,DocumentRevisionLocks.lock,2304,443647298,0
baseline-trace,t09,2,4,reject,jdbc_executeQuery,DocumentSchemaPolicies.lambda$read$0,64,8200815,0
baseline-trace,t09,2,4,reject,jdbc_executeQuery,DocumentSchemaPolicies.lockCurrent,384,30541626,0
baseline-trace,t09,2,4,reject,jdbc_executeQuery,DocumentSchemaPolicies.select,192,19865434,0
baseline-trace,t09,2,4,reject,jdbc_executeQuery,DocumentSelectedAttemptLedger.lockSelected,64,9208675,0
baseline-trace,t09,2,4,reject,jdbc_executeQuery,DocumentSelectedAttemptLedger.requireOwner,192,44020465,0
baseline-trace,t09,2,4,reject,jdbc_executeQuery,DocumentSelectedAttemptLedger.requireSelections,384,67952846,0
baseline-trace,t09,2,4,reject,jdbc_executeQuery,DocumentUploadAdmissionReplay.hasSelections,64,6664730,0
baseline-trace,t09,2,4,reject,jdbc_executeQuery,ManagedBackendLedger.find,128,12854132,0
baseline-trace,t09,2,4,reject,jdbc_executeQuery,ManagedBackendLedger.requireAll,64,6410844,0
baseline-trace,t09,2,4,reject,jdbc_executeQuery,RepositoryCoordinatorBinding.bindInitial,64,6104603,0
baseline-trace,t09,2,4,reject,jdbc_executeQuery,RepositoryExecutionClaimLedger.live,64,6701754,0
baseline-trace,t09,2,4,reject,jdbc_executeQuery,RepositoryExecutionClaimLedger.lockLive,2304,630634236,0
baseline-trace,t09,2,4,reject,jdbc_executeQuery,RepositoryExecutionClaimLedger.readLocked,384,37156347,0
baseline-trace,t09,2,4,reject,jdbc_executeQuery,RepositoryOperationLedger.fenceLiveOwner,1344,779220236,0
baseline-trace,t09,2,4,reject,jdbc_executeQuery,RepositoryOperationLedger.live,192,26280758,0
baseline-trace,t09,2,4,reject,jdbc_executeQuery,RepositoryOperationLedger.read,64,6994664,0
baseline-trace,t09,2,4,reject,jdbc_executeQuery,RepositoryOperationLedger.readOwner,256,25282210,0
baseline-trace,t09,2,4,reject,jdbc_executeQuery,RepositoryOperationLedger.requireCommand,1344,146186570,0
baseline-trace,t09,2,4,reject,jdbc_executeQuery,RepositorySchemaArtifacts.lambda$stage$3,256,208503742,0
baseline-trace,t09,2,4,reject,jdbc_executeQuery,SqlTimeouts.apply,384,49298895,0
baseline-trace,t09,2,4,reject,jdbc_executeUpdate,DocumentAssessmentCreationWrites.insertOwner,64,53937329,0
baseline-trace,t09,2,4,reject,jdbc_executeUpdate,DocumentAssessmentCreationWrites.lambda$writeRows$1,64,49204091,0
baseline-trace,t09,2,4,reject,jdbc_executeUpdate,DocumentAssessmentCreationWrites.writeRows,448,620846266,0
baseline-trace,t09,2,4,reject,jdbc_executeUpdate,DocumentAssessmentReconciliation.verifyRetained,64,43836610,0
baseline-trace,t09,2,4,reject,jdbc_executeUpdate,DocumentAssessmentRejections.lambda$decide$0,64,46290648,0
baseline-trace,t09,2,4,reject,jdbc_executeUpdate,DocumentAssessmentStartJournal.insertStartedOutcome,64,53203222,0
baseline-trace,t09,2,4,reject,jdbc_executeUpdate,DocumentOperationSelection.insert,64,63776220,0
baseline-trace,t09,2,4,reject,jdbc_executeUpdate,DocumentOperationUploadAdmission.writeAdmissions,128,68904681,0
baseline-trace,t09,2,4,reject,jdbc_executeUpdate,DocumentPartAttemptLedger.insertEncodedRows,64,51106562,0
baseline-trace,t09,2,4,reject,jdbc_executeUpdate,DocumentPreparationCoverageCertificates.insert,64,23265363,0
baseline-trace,t09,2,4,reject,jdbc_executeUpdate,DocumentPreparationHistoryRoots.insert,128,38364812,0
baseline-trace,t09,2,4,reject,jdbc_executeUpdate,DocumentPublicationModesJournal.insert,64,39092353,0
baseline-trace,t09,2,4,reject,jdbc_executeUpdate,DocumentPublicationPreparationJournal.insert,64,46306349,0
baseline-trace,t09,2,4,reject,jdbc_executeUpdate,DocumentSelectedAttemptLedger.renewSelections,192,113935923,0
baseline-trace,t09,2,4,reject,jdbc_executeUpdate,RepositoryCoordinatorBinding.bindInitial,64,22598310,0
baseline-trace,t09,2,4,reject,jdbc_executeUpdate,RepositoryExecutionClaimLedger.acquireInitialChecked,64,22492029,0
baseline-trace,t09,2,4,reject,jdbc_executeUpdate,RepositoryExecutionClaimLedger.renewLive,128,23542173,0
baseline-trace,t09,2,4,reject,jdbc_executeUpdate,RepositoryOperationLedger.admitInTransaction,128,64536402,0
baseline-trace,t09,2,4,reject,jdbc_executeUpdate,RepositoryOperationLedger.renewLive,128,74843931,0
baseline-trace,t09,2,4,reject,sql_acquire,DocumentAssessmentCreation.createInternal,64,306176283,0
baseline-trace,t09,2,4,reject,sql_acquire,DocumentAssessmentCreation.lambda$createInternal$0,64,349632620,0
baseline-trace,t09,2,4,reject,sql_acquire,DocumentAssessmentDeliveryAuthorization.check,256,1332685579,0
baseline-trace,t09,2,4,reject,sql_acquire,DocumentAssessmentDiscovery.discover,64,346303080,0
baseline-trace,t09,2,4,reject,sql_acquire,DocumentAssessmentReconciliation.observeRetained,64,318478349,0
baseline-trace,t09,2,4,reject,sql_acquire,DocumentAssessmentRejections.decide,64,332147607,0
baseline-trace,t09,2,4,reject,sql_acquire,DocumentAssessmentReplayInputs.load,64,309216658,0
baseline-trace,t09,2,4,reject,sql_acquire,DocumentAssessmentStartJournal.startRetained,64,296219226,0
baseline-trace,t09,2,4,reject,sql_acquire,DocumentOperationUploadAdmission.captureReads,128,435993930,0
baseline-trace,t09,2,4,reject,sql_acquire,DocumentOperationUploadAdmission.recheckInitialSelections,64,168586329,0
baseline-trace,t09,2,4,reject,sql_acquire,DocumentOperationUploadAdmission.stage,64,296003206,0
baseline-trace,t09,2,4,reject,sql_acquire,DocumentPublicationModesJournal.loadRetained,128,572895226,0
baseline-trace,t09,2,4,reject,sql_acquire,DocumentPublicationModesJournal.requireObservedModes,256,1187963360,0
baseline-trace,t09,2,4,reject,sql_acquire,DocumentPublicationPreparationJournal.load,128,632907536,0
baseline-trace,t09,2,4,reject,sql_acquire,DocumentPublicationRegistration.admitInitialAccepted,64,291471816,0
baseline-trace,t09,2,4,reject,sql_acquire,DocumentPublicationRegistration.preflight,128,489977368,0
baseline-trace,t09,2,4,reject,sql_acquire,DocumentPublicationReplay.observe,256,1418857378,0
baseline-trace,t09,2,4,reject,sql_acquire,DocumentSchemaPolicies.read,64,263747590,0
baseline-trace,t09,2,4,reject,sql_acquire,DocumentSelectedAttemptLedger.renew,64,258872110,0
baseline-trace,t09,2,4,reject,sql_acquire,DocumentSelectedAttemptLedger.renewOwnerAndSelections,128,476053506,0
baseline-trace,t09,2,4,reject,sql_acquire,RepositorySchemaArtifacts.stage,64,246189760,0
baseline-trace,t09,2,4,reject,sql_usage,DocumentAssessmentCreation.createInternal,64,1508000000,0
baseline-trace,t09,2,4,reject,sql_usage,DocumentAssessmentCreation.lambda$createInternal$0,64,327000000,0
baseline-trace,t09,2,4,reject,sql_usage,DocumentAssessmentDeliveryAuthorization.check,256,1392000000,0
baseline-trace,t09,2,4,reject,sql_usage,DocumentAssessmentDiscovery.discover,64,382000000,0
baseline-trace,t09,2,4,reject,sql_usage,DocumentAssessmentReconciliation.observeRetained,64,1594000000,0
baseline-trace,t09,2,4,reject,sql_usage,DocumentAssessmentRejections.decide,64,594000000,0
baseline-trace,t09,2,4,reject,sql_usage,DocumentAssessmentReplayInputs.load,64,222000000,0
baseline-trace,t09,2,4,reject,sql_usage,DocumentAssessmentStartJournal.startRetained,64,368000000,0
baseline-trace,t09,2,4,reject,sql_usage,DocumentOperationUploadAdmission.captureReads,128,884000000,0
baseline-trace,t09,2,4,reject,sql_usage,DocumentOperationUploadAdmission.recheckInitialSelections,64,390000000,0
baseline-trace,t09,2,4,reject,sql_usage,DocumentOperationUploadAdmission.stage,64,788000000,0
baseline-trace,t09,2,4,reject,sql_usage,DocumentPublicationModesJournal.loadRetained,128,489000000,0
baseline-trace,t09,2,4,reject,sql_usage,DocumentPublicationModesJournal.requireObservedModes,256,1310000000,0
baseline-trace,t09,2,4,reject,sql_usage,DocumentPublicationPreparationJournal.load,128,546000000,0
baseline-trace,t09,2,4,reject,sql_usage,DocumentPublicationRegistration.admitInitialAccepted,64,769000000,0
baseline-trace,t09,2,4,reject,sql_usage,DocumentPublicationRegistration.preflight,128,29000000,0
baseline-trace,t09,2,4,reject,sql_usage,DocumentPublicationReplay.observe,256,614000000,0
baseline-trace,t09,2,4,reject,sql_usage,DocumentSchemaPolicies.read,64,4000000,0
baseline-trace,t09,2,4,reject,sql_usage,DocumentSelectedAttemptLedger.renew,64,442000000,0
baseline-trace,t09,2,4,reject,sql_usage,DocumentSelectedAttemptLedger.renewOwnerAndSelections,128,1034000000,0
baseline-trace,t09,2,4,reject,sql_usage,RepositorySchemaArtifacts.stage,64,570000000,0
baseline-trace,t09,2,4,replay,jdbc_commit,DocumentPublicationReplay.observe,256,1139184277,0
baseline-trace,t09,2,4,replay,jdbc_executeQuery,DocumentPublicationReplay.observe,768,95422172,0
baseline-trace,t09,2,4,replay,jdbc_executeQuery,DocumentPublicationReplay.requireRevisions,192,37478771,0
baseline-trace,t09,2,4,replay,jdbc_executeQuery,DocumentRevisionLocks.lock,512,103855670,0
baseline-trace,t09,2,4,replay,jdbc_executeQuery,RepositoryOperationLedger.requireCommand,256,29368539,0
baseline-trace,t09,2,4,replay,sql_acquire,DocumentPublicationReplay.observe,256,1489115993,0
baseline-trace,t09,2,4,replay,sql_usage,DocumentPublicationReplay.observe,256,1469000000,0
baseline-trace,t09,2,4,unscoped,jdbc_commit,DocumentAssessmentReadProtection.finish,62,269254423,0
baseline-trace,t09,2,4,unscoped,jdbc_commit,DocumentReadPins.finish,256,1424686650,0
baseline-trace,t09,2,4,unscoped,jdbc_commit,DocumentSelectedAttemptLedger.verifyBatch,256,1235685495,0
baseline-trace,t09,2,4,unscoped,jdbc_executeQuery,DocumentAssessmentReadProtection.lambda$finish$0,62,34232841,0
baseline-trace,t09,2,4,unscoped,jdbc_executeQuery,DocumentPartAttemptLedger.read,512,54294954,0
baseline-trace,t09,2,4,unscoped,jdbc_executeQuery,DocumentReadPins.lambda$finish$0,256,298211622,0
baseline-trace,t09,2,4,unscoped,jdbc_executeQuery,DocumentSelectedAttemptLedger.lockSelected,512,69476858,0
baseline-trace,t09,2,4,unscoped,jdbc_executeQuery,DocumentSelectedAttemptLedger.requireOwner,256,53820296,0
baseline-trace,t09,2,4,unscoped,jdbc_executeQuery,RepositoryExecutionClaimLedger.lockLive,256,70492280,0
baseline-trace,t09,2,4,unscoped,jdbc_executeQuery,RepositoryOperationLedger.fenceLiveOwner,256,154620501,0
baseline-trace,t09,2,4,unscoped,jdbc_executeQuery,SqlTimeouts.apply,256,34347317,0
baseline-trace,t09,2,4,unscoped,jdbc_executeUpdate,DocumentSelectedAttemptLedger.verifyBatch,512,328548940,0
baseline-trace,t09,2,4,unscoped,provider_getBounded,DocumentPartTransfer.upload,256,612942047,0
baseline-trace,t09,2,4,unscoped,provider_getBounded,outside_ledger,320,882275048,0
baseline-trace,t09,2,4,unscoped,provider_put,DocumentPartTransfer.upload,256,17942363712,0
baseline-trace,t09,2,4,unscoped,sql_acquire,DocumentAssessmentReadProtection.finish,62,336424878,0
baseline-trace,t09,2,4,unscoped,sql_acquire,DocumentReadPins.finish,256,1242513190,0
baseline-trace,t09,2,4,unscoped,sql_acquire,DocumentSelectedAttemptLedger.verifyBatch,256,732566178,0
baseline-trace,t09,2,4,unscoped,sql_usage,DocumentAssessmentReadProtection.finish,62,279000000,0
baseline-trace,t09,2,4,unscoped,sql_usage,DocumentReadPins.finish,256,1631000000,0
baseline-trace,t09,2,4,unscoped,sql_usage,DocumentSelectedAttemptLedger.verifyBatch,256,2003000000,0
baseline-trace,t10,4,8,publish,jdbc_commit,DocumentOperationUploadAdmission.captureReads,384,1677364703,0
baseline-trace,t10,4,8,publish,jdbc_commit,DocumentOperationUploadAdmission.recheckInitialSelections,192,880374260,0
baseline-trace,t10,4,8,publish,jdbc_commit,DocumentOperationUploadAdmission.stage,192,1018117681,0
baseline-trace,t10,4,8,publish,jdbc_commit,DocumentPublicationCommit.commitInternal,192,889789467,0
baseline-trace,t10,4,8,publish,jdbc_commit,DocumentPublicationModesJournal.requireObservedModes,384,1611117888,0
baseline-trace,t10,4,8,publish,jdbc_commit,DocumentPublicationRegistration.admitInitialAccepted,192,1007697130,0
baseline-trace,t10,4,8,publish,jdbc_commit,DocumentPublicationRegistration.preflight,192,32627269,0
baseline-trace,t10,4,8,publish,jdbc_commit,DocumentPublicationReplay.observe,384,53755289,0
baseline-trace,t10,4,8,publish,jdbc_commit,DocumentSchemaPolicies.read,192,28235623,0
baseline-trace,t10,4,8,publish,jdbc_commit,DocumentSelectedAttemptLedger.renew,192,798478408,0
baseline-trace,t10,4,8,publish,jdbc_commit,DocumentSelectedAttemptLedger.renewOwnerAndSelections,384,1777888059,0
baseline-trace,t10,4,8,publish,jdbc_commit,RepositorySchemaArtifacts.stage,192,903189838,0
baseline-trace,t10,4,8,publish,jdbc_executeBatch,DocumentSchemaRetention.flush,576,674255767,0
baseline-trace,t10,4,8,publish,jdbc_executeQuery,DocumentAdmissionSnapshot.prepare,192,100593906,0
baseline-trace,t10,4,8,publish,jdbc_executeQuery,DocumentCommitParts.bind,192,61490167,0
baseline-trace,t10,4,8,publish,jdbc_executeQuery,DocumentCommitParts.read,192,329648218,0
baseline-trace,t10,4,8,publish,jdbc_executeQuery,DocumentCommitParts.selections,192,106371673,0
baseline-trace,t10,4,8,publish,jdbc_executeQuery,DocumentCommitWriter.write,384,81936990,0
baseline-trace,t10,4,8,publish,jdbc_executeQuery,DocumentDriveSnapshot.lock,384,80268626,0
baseline-trace,t10,4,8,publish,jdbc_executeQuery,DocumentKeyReservations.reserveEncoded,192,69771248,0
baseline-trace,t10,4,8,publish,jdbc_executeQuery,DocumentOperationUploadAdmission.lambda$captureReads$0,576,182526080,0
baseline-trace,t10,4,8,publish,jdbc_executeQuery,DocumentOperationUploadAdmission.requireInitialSelections,192,78744929,0
baseline-trace,t10,4,8,publish,jdbc_executeQuery,DocumentOperationUploadAdmission.writeAdmissions,384,90679392,0
baseline-trace,t10,4,8,publish,jdbc_executeQuery,DocumentPartAttemptLedger.lockAll,1152,164379572,0
baseline-trace,t10,4,8,publish,jdbc_executeQuery,DocumentPartAttemptLedger.read,384,67743933,0
baseline-trace,t10,4,8,publish,jdbc_executeQuery,DocumentPreparationHistoryRoots.coverage,192,55841723,0
baseline-trace,t10,4,8,publish,jdbc_executeQuery,DocumentPublicationLocks$IndependentOrigins.requireScope,384,69637606,0
baseline-trace,t10,4,8,publish,jdbc_executeQuery,DocumentPublicationLocks.lockIndependentOrigins,960,218865545,0
baseline-trace,t10,4,8,publish,jdbc_executeQuery,DocumentPublicationLocks.lockIndependentRetention,192,53454791,0
baseline-trace,t10,4,8,publish,jdbc_executeQuery,DocumentPublicationModeBinding.require,192,85594182,0
baseline-trace,t10,4,8,publish,jdbc_executeQuery,DocumentPublicationModesJournal.readModes,192,28580477,0
baseline-trace,t10,4,8,publish,jdbc_executeQuery,DocumentPublicationPreparationJournal.capture,384,57325531,0
baseline-trace,t10,4,8,publish,jdbc_executeQuery,DocumentPublicationReplay.observe,768,174198625,0
baseline-trace,t10,4,8,publish,jdbc_executeQuery,DocumentRevisionLocks.lock,2304,649680445,0
baseline-trace,t10,4,8,publish,jdbc_executeQuery,DocumentSchemaBatch.lockArtifacts,960,234651969,0
baseline-trace,t10,4,8,publish,jdbc_executeQuery,DocumentSchemaPolicies.lambda$read$0,192,32529950,0
baseline-trace,t10,4,8,publish,jdbc_executeQuery,DocumentSchemaPolicies.lockCurrent,576,95118661,0
baseline-trace,t10,4,8,publish,jdbc_executeQuery,DocumentSchemaPolicies.select,384,71367218,0
baseline-trace,t10,4,8,publish,jdbc_executeQuery,DocumentSchemaRetention.requireFragments,192,121797015,0
baseline-trace,t10,4,8,publish,jdbc_executeQuery,DocumentSchemaRetention.requireRevision,192,62685850,0
baseline-trace,t10,4,8,publish,jdbc_executeQuery,DocumentSchemaRetention.write,192,70573903,0
baseline-trace,t10,4,8,publish,jdbc_executeQuery,DocumentSelectedAttemptLedger.lockSelected,192,52488982,0
baseline-trace,t10,4,8,publish,jdbc_executeQuery,DocumentSelectedAttemptLedger.requireOwner,576,187196295,0
baseline-trace,t10,4,8,publish,jdbc_executeQuery,DocumentSelectedAttemptLedger.requireSelections,1152,285724454,0
baseline-trace,t10,4,8,publish,jdbc_executeQuery,DocumentUploadAdmissionReplay.hasSelections,192,35717115,0
baseline-trace,t10,4,8,publish,jdbc_executeQuery,ManagedBackendLedger.find,384,76336026,0
baseline-trace,t10,4,8,publish,jdbc_executeQuery,RepositoryCoordinatorBinding.bindInitial,192,37522920,0
baseline-trace,t10,4,8,publish,jdbc_executeQuery,RepositoryExecutionClaimLedger.live,192,39090968,0
baseline-trace,t10,4,8,publish,jdbc_executeQuery,RepositoryExecutionClaimLedger.lockLive,3456,1295555213,0
baseline-trace,t10,4,8,publish,jdbc_executeQuery,RepositoryExecutionClaimLedger.readLocked,1152,151773486,0
baseline-trace,t10,4,8,publish,jdbc_executeQuery,RepositoryOperationLedger.fenceLiveOwner,1920,1467267525,0
baseline-trace,t10,4,8,publish,jdbc_executeQuery,RepositoryOperationLedger.live,576,120216107,0
baseline-trace,t10,4,8,publish,jdbc_executeQuery,RepositoryOperationLedger.read,192,46676331,0
baseline-trace,t10,4,8,publish,jdbc_executeQuery,RepositoryOperationLedger.readOwner,768,108026992,0
baseline-trace,t10,4,8,publish,jdbc_executeQuery,RepositoryOperationLedger.requireCommand,1920,308221680,0
baseline-trace,t10,4,8,publish,jdbc_executeQuery,RepositorySchemaArtifacts.lambda$stage$3,768,829427322,0
baseline-trace,t10,4,8,publish,jdbc_executeQuery,SqlTimeouts.apply,1152,192621700,0
baseline-trace,t10,4,8,publish,jdbc_executeUpdate,DocumentCommitWriter.write,1344,1310308946,0
baseline-trace,t10,4,8,publish,jdbc_executeUpdate,DocumentOperationSelection.insert,192,258489387,0
baseline-trace,t10,4,8,publish,jdbc_executeUpdate,DocumentOperationUploadAdmission.writeAdmissions,384,314325573,0
baseline-trace,t10,4,8,publish,jdbc_executeUpdate,DocumentPartAttemptLedger.insertEncodedRows,192,214460511,0
baseline-trace,t10,4,8,publish,jdbc_executeUpdate,DocumentPreparationCoverageCertificates.insert,192,116805163,0
baseline-trace,t10,4,8,publish,jdbc_executeUpdate,DocumentPreparationHistoryRoots.insert,384,185767906,0
baseline-trace,t10,4,8,publish,jdbc_executeUpdate,DocumentPublicationCommit.lambda$commitInternal$6,576,768374335,0
baseline-trace,t10,4,8,publish,jdbc_executeUpdate,DocumentPublicationModesJournal.insert,192,172494321,0
baseline-trace,t10,4,8,publish,jdbc_executeUpdate,DocumentPublicationPreparationJournal.insert,192,204566612,0
baseline-trace,t10,4,8,publish,jdbc_executeUpdate,DocumentSchemaAdmissionBinding.insert,192,230206622,0
baseline-trace,t10,4,8,publish,jdbc_executeUpdate,DocumentSelectedAttemptLedger.renewSelections,576,432582350,0
baseline-trace,t10,4,8,publish,jdbc_executeUpdate,RepositoryCoordinatorBinding.bindInitial,192,105960497,0
baseline-trace,t10,4,8,publish,jdbc_executeUpdate,RepositoryExecutionClaimLedger.acquireInitialChecked,192,94919001,0
baseline-trace,t10,4,8,publish,jdbc_executeUpdate,RepositoryExecutionClaimLedger.renewLive,384,98345814,0
baseline-trace,t10,4,8,publish,jdbc_executeUpdate,RepositoryOperationLedger.admitInTransaction,384,282463957,0
baseline-trace,t10,4,8,publish,jdbc_executeUpdate,RepositoryOperationLedger.renewLive,384,288923519,0
baseline-trace,t10,4,8,publish,sql_acquire,DocumentOperationUploadAdmission.captureReads,384,1184347,0
baseline-trace,t10,4,8,publish,sql_acquire,DocumentOperationUploadAdmission.recheckInitialSelections,192,560113,0
baseline-trace,t10,4,8,publish,sql_acquire,DocumentOperationUploadAdmission.stage,192,531733,0
baseline-trace,t10,4,8,publish,sql_acquire,DocumentPublicationCommit.commitInternal,192,649264,0
baseline-trace,t10,4,8,publish,sql_acquire,DocumentPublicationModesJournal.requireObservedModes,384,1153662,0
baseline-trace,t10,4,8,publish,sql_acquire,DocumentPublicationRegistration.admitInitialAccepted,192,407200,0
baseline-trace,t10,4,8,publish,sql_acquire,DocumentPublicationRegistration.preflight,192,395378,0
baseline-trace,t10,4,8,publish,sql_acquire,DocumentPublicationReplay.observe,384,1011771,0
baseline-trace,t10,4,8,publish,sql_acquire,DocumentSchemaPolicies.read,192,546064,0
baseline-trace,t10,4,8,publish,sql_acquire,DocumentSelectedAttemptLedger.renew,192,828633,0
baseline-trace,t10,4,8,publish,sql_acquire,DocumentSelectedAttemptLedger.renewOwnerAndSelections,384,1062626,0
baseline-trace,t10,4,8,publish,sql_acquire,RepositorySchemaArtifacts.stage,192,765369,0
baseline-trace,t10,4,8,publish,sql_usage,DocumentOperationUploadAdmission.captureReads,384,2752000000,0
baseline-trace,t10,4,8,publish,sql_usage,DocumentOperationUploadAdmission.recheckInitialSelections,192,1244000000,0
baseline-trace,t10,4,8,publish,sql_usage,DocumentOperationUploadAdmission.stage,192,2847000000,0
baseline-trace,t10,4,8,publish,sql_usage,DocumentPublicationCommit.commitInternal,192,8040000000,0
baseline-trace,t10,4,8,publish,sql_usage,DocumentPublicationModesJournal.requireObservedModes,384,2248000000,0
baseline-trace,t10,4,8,publish,sql_usage,DocumentPublicationRegistration.admitInitialAccepted,192,3083000000,0
baseline-trace,t10,4,8,publish,sql_usage,DocumentPublicationRegistration.preflight,192,165000000,0
baseline-trace,t10,4,8,publish,sql_usage,DocumentPublicationReplay.observe,384,110000000,0
baseline-trace,t10,4,8,publish,sql_usage,DocumentSchemaPolicies.read,192,87000000,0
baseline-trace,t10,4,8,publish,sql_usage,DocumentSelectedAttemptLedger.renew,192,1480000000,0
baseline-trace,t10,4,8,publish,sql_usage,DocumentSelectedAttemptLedger.renewOwnerAndSelections,384,3756000000,0
baseline-trace,t10,4,8,publish,sql_usage,RepositorySchemaArtifacts.stage,192,2332000000,0
baseline-trace,t10,4,8,read,jdbc_commit,DocumentHistoricalSchemas.authorize,256,1162650477,0
baseline-trace,t10,4,8,read,jdbc_commit,DocumentHistoricalSchemas.check,256,1032239712,0
baseline-trace,t10,4,8,read,jdbc_commit,DocumentReadLedger$PinnedHistory.authorizeDelivery,768,3544192280,0
baseline-trace,t10,4,8,read,jdbc_commit,DocumentReadLedger.captureHistorical,256,1071032756,0
baseline-trace,t10,4,8,read,jdbc_executeQuery,DocumentHistoricalReadRows.capture,512,362219702,0
baseline-trace,t10,4,8,read,jdbc_executeQuery,DocumentHistoricalSchemaRows.artifacts,512,179469365,0
baseline-trace,t10,4,8,read,jdbc_executeQuery,DocumentHistoricalSchemaRows.capture,512,390333899,0
baseline-trace,t10,4,8,read,jdbc_executeQuery,DocumentHistoricalSchemaRows.references,256,57153170,0
baseline-trace,t10,4,8,read,jdbc_executeQuery,DocumentHistoricalSchemaRows.roots,512,104186659,0
baseline-trace,t10,4,8,read,jdbc_executeQuery,DocumentReadLedger.lambda$captureHistorical$0,256,73937588,0
baseline-trace,t10,4,8,read,jdbc_executeQuery,DocumentReadPins.acquireHistorical,512,402770755,0
baseline-trace,t10,4,8,read,jdbc_executeQuery,DocumentRevisionLocks.lock,3072,1015163973,0
baseline-trace,t10,4,8,read,jdbc_executeQuery,ManagedBackendLedger.requireAll,256,54616498,0
baseline-trace,t10,4,8,read,jdbc_executeUpdate,DocumentReadPins.acquireHistorical,256,366612081,0
baseline-trace,t10,4,8,read,sql_acquire,DocumentHistoricalSchemas.authorize,256,922984,0
baseline-trace,t10,4,8,read,sql_acquire,DocumentHistoricalSchemas.check,256,706759,0
baseline-trace,t10,4,8,read,sql_acquire,DocumentReadLedger$PinnedHistory.authorizeDelivery,768,2366162,0
baseline-trace,t10,4,8,read,sql_acquire,DocumentReadLedger.captureHistorical,256,1768728,0
baseline-trace,t10,4,8,read,sql_usage,DocumentHistoricalSchemas.authorize,256,1342000000,0
baseline-trace,t10,4,8,read,sql_usage,DocumentHistoricalSchemas.check,256,2029000000,0
baseline-trace,t10,4,8,read,sql_usage,DocumentReadLedger$PinnedHistory.authorizeDelivery,768,3951000000,0
baseline-trace,t10,4,8,read,sql_usage,DocumentReadLedger.captureHistorical,256,2913000000,0
baseline-trace,t10,4,8,reject,jdbc_commit,DocumentAssessmentCreation.createInternal,64,217027052,0
baseline-trace,t10,4,8,reject,jdbc_commit,DocumentAssessmentCreation.lambda$createInternal$0,64,206887648,0
baseline-trace,t10,4,8,reject,jdbc_commit,DocumentAssessmentDeliveryAuthorization.check,256,880205480,0
baseline-trace,t10,4,8,reject,jdbc_commit,DocumentAssessmentDiscovery.discover,64,219744828,0
baseline-trace,t10,4,8,reject,jdbc_commit,DocumentAssessmentReconciliation.observeRetained,64,231096517,0
baseline-trace,t10,4,8,reject,jdbc_commit,DocumentAssessmentRejections.decide,64,227717490,0
baseline-trace,t10,4,8,reject,jdbc_commit,DocumentAssessmentReplayInputs.load,64,11463845,0
baseline-trace,t10,4,8,reject,jdbc_commit,DocumentAssessmentStartJournal.startRetained,64,172714674,0
baseline-trace,t10,4,8,reject,jdbc_commit,DocumentOperationUploadAdmission.captureReads,128,548224081,0
baseline-trace,t10,4,8,reject,jdbc_commit,DocumentOperationUploadAdmission.recheckInitialSelections,64,265095807,0
baseline-trace,t10,4,8,reject,jdbc_commit,DocumentOperationUploadAdmission.stage,64,350188833,0
baseline-trace,t10,4,8,reject,jdbc_commit,DocumentPublicationModesJournal.loadRetained,128,436964041,0
baseline-trace,t10,4,8,reject,jdbc_commit,DocumentPublicationModesJournal.requireObservedModes,256,882866640,0
baseline-trace,t10,4,8,reject,jdbc_commit,DocumentPublicationPreparationJournal.load,128,453031506,0
baseline-trace,t10,4,8,reject,jdbc_commit,DocumentPublicationRegistration.admitInitialAccepted,64,351489886,0
baseline-trace,t10,4,8,reject,jdbc_commit,DocumentPublicationRegistration.preflight,128,19218252,0
baseline-trace,t10,4,8,reject,jdbc_commit,DocumentPublicationReplay.observe,256,454555767,0
baseline-trace,t10,4,8,reject,jdbc_commit,DocumentSchemaPolicies.read,64,8396080,0
baseline-trace,t10,4,8,reject,jdbc_commit,DocumentSelectedAttemptLedger.renew,64,288960371,0
baseline-trace,t10,4,8,reject,jdbc_commit,DocumentSelectedAttemptLedger.renewOwnerAndSelections,128,592981911,0
baseline-trace,t10,4,8,reject,jdbc_commit,RepositorySchemaArtifacts.stage,64,213021965,0
baseline-trace,t10,4,8,reject,jdbc_executeBatch,DocumentAssessmentCreationWrites.lambda$writeRows$0,64,57333650,0
baseline-trace,t10,4,8,reject,jdbc_executeQuery,DocumentAssessmentDeliveryAuthorization.lambda$check$0,1280,256826688,0
baseline-trace,t10,4,8,reject,jdbc_executeQuery,DocumentAssessmentDeliveryAuthorization.requireLiveReadOwner,512,105939720,0
baseline-trace,t10,4,8,reject,jdbc_executeQuery,DocumentAssessmentDiscovery.lambda$discover$0,128,36302362,0
baseline-trace,t10,4,8,reject,jdbc_executeQuery,DocumentAssessmentReadRows.capture,192,841334801,0
baseline-trace,t10,4,8,reject,jdbc_executeQuery,DocumentAssessmentReconciliation.verifyRetained,256,70984693,0
baseline-trace,t10,4,8,reject,jdbc_executeQuery,DocumentAssessmentRejections.lambda$decide$0,256,69759262,0
baseline-trace,t10,4,8,reject,jdbc_executeQuery,DocumentAssessmentReplayInputs.artifacts,128,94602291,0
baseline-trace,t10,4,8,reject,jdbc_executeQuery,DocumentAssessmentReplayInputs.policy,128,33290465,0
baseline-trace,t10,4,8,reject,jdbc_executeQuery,DocumentAssessmentReplayInputs.read,128,39802942,0
baseline-trace,t10,4,8,reject,jdbc_executeQuery,DocumentAssessmentReplayInputs.roots,128,39859253,0
baseline-trace,t10,4,8,reject,jdbc_executeQuery,DocumentAssessmentRetainedEvidence.verify,64,16652119,0
baseline-trace,t10,4,8,reject,jdbc_executeQuery,DocumentAssessmentRetainedEvidence.verifyArtifacts,64,40388405,0
baseline-trace,t10,4,8,reject,jdbc_executeQuery,DocumentAssessmentRetainedSlots.retainedSelections,64,27886756,0
baseline-trace,t10,4,8,reject,jdbc_executeQuery,DocumentAssessmentRetainedSlots.verify,256,356439153,0
baseline-trace,t10,4,8,reject,jdbc_executeQuery,DocumentAssessmentStartJournal.insertStartedOutcome,64,15602317,0
baseline-trace,t10,4,8,reject,jdbc_executeQuery,DocumentAssessmentStartJournal.lambda$startRetained$2,64,19766359,0
baseline-trace,t10,4,8,reject,jdbc_executeQuery,DocumentAssessmentStartJournal.requireCreation,64,39449371,0
baseline-trace,t10,4,8,reject,jdbc_executeQuery,DocumentCommitParts.bind,128,55490776,0
baseline-trace,t10,4,8,reject,jdbc_executeQuery,DocumentCommitParts.read,64,106374705,0
baseline-trace,t10,4,8,reject,jdbc_executeQuery,DocumentCommitParts.selections,64,26267212,0
baseline-trace,t10,4,8,reject,jdbc_executeQuery,DocumentDriveSnapshot.lock,128,22349631,0
baseline-trace,t10,4,8,reject,jdbc_executeQuery,DocumentKeyReservations.reserveEncoded,64,20888888,0
baseline-trace,t10,4,8,reject,jdbc_executeQuery,DocumentOperationUploadAdmission.lambda$captureReads$0,192,59099494,0
baseline-trace,t10,4,8,reject,jdbc_executeQuery,DocumentOperationUploadAdmission.requireInitialSelections,64,20931157,0
baseline-trace,t10,4,8,reject,jdbc_executeQuery,DocumentOperationUploadAdmission.writeAdmissions,128,31344849,0
baseline-trace,t10,4,8,reject,jdbc_executeQuery,DocumentPartAttemptLedger.lockAll,384,54370951,0
baseline-trace,t10,4,8,reject,jdbc_executeQuery,DocumentPartAttemptLedger.read,128,17789056,0
baseline-trace,t10,4,8,reject,jdbc_executeQuery,DocumentPreparationHistoryRoots.coverage,64,16524051,0
baseline-trace,t10,4,8,reject,jdbc_executeQuery,DocumentPublicationModesJournal.readModes,192,28080878,0
baseline-trace,t10,4,8,reject,jdbc_executeQuery,DocumentPublicationPreparationJournal.capture,384,56051856,0
baseline-trace,t10,4,8,reject,jdbc_executeQuery,DocumentPublicationReplay.observe,832,140704973,0
baseline-trace,t10,4,8,reject,jdbc_executeQuery,DocumentRevisionLocks.lock,2304,607535180,0
baseline-trace,t10,4,8,reject,jdbc_executeQuery,DocumentSchemaPolicies.lambda$read$0,64,9649222,0
baseline-trace,t10,4,8,reject,jdbc_executeQuery,DocumentSchemaPolicies.lockCurrent,384,48774967,0
baseline-trace,t10,4,8,reject,jdbc_executeQuery,DocumentSchemaPolicies.select,192,29475752,0
baseline-trace,t10,4,8,reject,jdbc_executeQuery,DocumentSelectedAttemptLedger.lockSelected,64,13013563,0
baseline-trace,t10,4,8,reject,jdbc_executeQuery,DocumentSelectedAttemptLedger.requireOwner,192,62483031,0
baseline-trace,t10,4,8,reject,jdbc_executeQuery,DocumentSelectedAttemptLedger.requireSelections,384,103361010,0
baseline-trace,t10,4,8,reject,jdbc_executeQuery,DocumentUploadAdmissionReplay.hasSelections,64,11350217,0
baseline-trace,t10,4,8,reject,jdbc_executeQuery,ManagedBackendLedger.find,128,19832343,0
baseline-trace,t10,4,8,reject,jdbc_executeQuery,ManagedBackendLedger.requireAll,64,12835100,0
baseline-trace,t10,4,8,reject,jdbc_executeQuery,RepositoryCoordinatorBinding.bindInitial,64,12410263,0
baseline-trace,t10,4,8,reject,jdbc_executeQuery,RepositoryExecutionClaimLedger.live,64,9679987,0
baseline-trace,t10,4,8,reject,jdbc_executeQuery,RepositoryExecutionClaimLedger.lockLive,2304,855015976,0
baseline-trace,t10,4,8,reject,jdbc_executeQuery,RepositoryExecutionClaimLedger.readLocked,384,46529128,0
baseline-trace,t10,4,8,reject,jdbc_executeQuery,RepositoryOperationLedger.fenceLiveOwner,1344,1007824878,0
baseline-trace,t10,4,8,reject,jdbc_executeQuery,RepositoryOperationLedger.live,192,36296233,0
baseline-trace,t10,4,8,reject,jdbc_executeQuery,RepositoryOperationLedger.read,64,12161922,0
baseline-trace,t10,4,8,reject,jdbc_executeQuery,RepositoryOperationLedger.readOwner,256,34613983,0
baseline-trace,t10,4,8,reject,jdbc_executeQuery,RepositoryOperationLedger.requireCommand,1344,205115798,0
baseline-trace,t10,4,8,reject,jdbc_executeQuery,RepositorySchemaArtifacts.lambda$stage$3,256,295956251,0
baseline-trace,t10,4,8,reject,jdbc_executeQuery,SqlTimeouts.apply,384,69963176,0
baseline-trace,t10,4,8,reject,jdbc_executeUpdate,DocumentAssessmentCreationWrites.insertOwner,64,99310381,0
baseline-trace,t10,4,8,reject,jdbc_executeUpdate,DocumentAssessmentCreationWrites.lambda$writeRows$1,64,88652462,0
baseline-trace,t10,4,8,reject,jdbc_executeUpdate,DocumentAssessmentCreationWrites.writeRows,448,1243920525,0
baseline-trace,t10,4,8,reject,jdbc_executeUpdate,DocumentAssessmentReconciliation.verifyRetained,64,65747341,0
baseline-trace,t10,4,8,reject,jdbc_executeUpdate,DocumentAssessmentRejections.lambda$decide$0,64,70392804,0
baseline-trace,t10,4,8,reject,jdbc_executeUpdate,DocumentAssessmentStartJournal.insertStartedOutcome,64,83554926,0
baseline-trace,t10,4,8,reject,jdbc_executeUpdate,DocumentOperationSelection.insert,64,80312799,0
baseline-trace,t10,4,8,reject,jdbc_executeUpdate,DocumentOperationUploadAdmission.writeAdmissions,128,88958319,0
baseline-trace,t10,4,8,reject,jdbc_executeUpdate,DocumentPartAttemptLedger.insertEncodedRows,64,65695638,0
baseline-trace,t10,4,8,reject,jdbc_executeUpdate,DocumentPreparationCoverageCertificates.insert,64,32310424,0
baseline-trace,t10,4,8,reject,jdbc_executeUpdate,DocumentPreparationHistoryRoots.insert,128,54455284,0
baseline-trace,t10,4,8,reject,jdbc_executeUpdate,DocumentPublicationModesJournal.insert,64,51031939,0
baseline-trace,t10,4,8,reject,jdbc_executeUpdate,DocumentPublicationPreparationJournal.insert,64,59648702,0
baseline-trace,t10,4,8,reject,jdbc_executeUpdate,DocumentSelectedAttemptLedger.renewSelections,192,145787504,0
baseline-trace,t10,4,8,reject,jdbc_executeUpdate,RepositoryCoordinatorBinding.bindInitial,64,28456592,0
baseline-trace,t10,4,8,reject,jdbc_executeUpdate,RepositoryExecutionClaimLedger.acquireInitialChecked,64,31293728,0
baseline-trace,t10,4,8,reject,jdbc_executeUpdate,RepositoryExecutionClaimLedger.renewLive,128,34971621,0
baseline-trace,t10,4,8,reject,jdbc_executeUpdate,RepositoryOperationLedger.admitInTransaction,128,90952198,0
baseline-trace,t10,4,8,reject,jdbc_executeUpdate,RepositoryOperationLedger.renewLive,128,89908798,0
baseline-trace,t10,4,8,reject,sql_acquire,DocumentAssessmentCreation.createInternal,64,195758,0
baseline-trace,t10,4,8,reject,sql_acquire,DocumentAssessmentCreation.lambda$createInternal$0,64,172333,0
baseline-trace,t10,4,8,reject,sql_acquire,DocumentAssessmentDeliveryAuthorization.check,256,1000030,0
baseline-trace,t10,4,8,reject,sql_acquire,DocumentAssessmentDiscovery.discover,64,164362,0
baseline-trace,t10,4,8,reject,sql_acquire,DocumentAssessmentReconciliation.observeRetained,64,177058,0
baseline-trace,t10,4,8,reject,sql_acquire,DocumentAssessmentRejections.decide,64,170904,0
baseline-trace,t10,4,8,reject,sql_acquire,DocumentAssessmentReplayInputs.load,64,182938,0
baseline-trace,t10,4,8,reject,sql_acquire,DocumentAssessmentStartJournal.startRetained,64,174967,0
baseline-trace,t10,4,8,reject,sql_acquire,DocumentOperationUploadAdmission.captureReads,128,374926,0
baseline-trace,t10,4,8,reject,sql_acquire,DocumentOperationUploadAdmission.recheckInitialSelections,64,199442,0
baseline-trace,t10,4,8,reject,sql_acquire,DocumentOperationUploadAdmission.stage,64,159669,0
baseline-trace,t10,4,8,reject,sql_acquire,DocumentPublicationModesJournal.loadRetained,128,316457,0
baseline-trace,t10,4,8,reject,sql_acquire,DocumentPublicationModesJournal.requireObservedModes,256,759508,0
baseline-trace,t10,4,8,reject,sql_acquire,DocumentPublicationPreparationJournal.load,128,333136,0
baseline-trace,t10,4,8,reject,sql_acquire,DocumentPublicationRegistration.admitInitialAccepted,64,126489,0
baseline-trace,t10,4,8,reject,sql_acquire,DocumentPublicationRegistration.preflight,128,326242,0
baseline-trace,t10,4,8,reject,sql_acquire,DocumentPublicationReplay.observe,256,715264,0
baseline-trace,t10,4,8,reject,sql_acquire,DocumentSchemaPolicies.read,64,178142,0
baseline-trace,t10,4,8,reject,sql_acquire,DocumentSelectedAttemptLedger.renew,64,270764,0
baseline-trace,t10,4,8,reject,sql_acquire,DocumentSelectedAttemptLedger.renewOwnerAndSelections,128,409097,0
baseline-trace,t10,4,8,reject,sql_acquire,RepositorySchemaArtifacts.stage,64,228123,0
baseline-trace,t10,4,8,reject,sql_usage,DocumentAssessmentCreation.createInternal,64,2496000000,0
baseline-trace,t10,4,8,reject,sql_usage,DocumentAssessmentCreation.lambda$createInternal$0,64,352000000,0
baseline-trace,t10,4,8,reject,sql_usage,DocumentAssessmentDeliveryAuthorization.check,256,1530000000,0
baseline-trace,t10,4,8,reject,sql_usage,DocumentAssessmentDiscovery.discover,64,482000000,0
baseline-trace,t10,4,8,reject,sql_usage,DocumentAssessmentReconciliation.observeRetained,64,2020000000,0
baseline-trace,t10,4,8,reject,sql_usage,DocumentAssessmentRejections.decide,64,775000000,0
baseline-trace,t10,4,8,reject,sql_usage,DocumentAssessmentReplayInputs.load,64,383000000,0
baseline-trace,t10,4,8,reject,sql_usage,DocumentAssessmentStartJournal.startRetained,64,421000000,0
baseline-trace,t10,4,8,reject,sql_usage,DocumentOperationUploadAdmission.captureReads,128,900000000,0
baseline-trace,t10,4,8,reject,sql_usage,DocumentOperationUploadAdmission.recheckInitialSelections,64,377000000,0
baseline-trace,t10,4,8,reject,sql_usage,DocumentOperationUploadAdmission.stage,64,928000000,0
baseline-trace,t10,4,8,reject,sql_usage,DocumentPublicationModesJournal.loadRetained,128,464000000,0
baseline-trace,t10,4,8,reject,sql_usage,DocumentPublicationModesJournal.requireObservedModes,256,1333000000,0
baseline-trace,t10,4,8,reject,sql_usage,DocumentPublicationPreparationJournal.load,128,484000000,0
baseline-trace,t10,4,8,reject,sql_usage,DocumentPublicationRegistration.admitInitialAccepted,64,965000000,0
baseline-trace,t10,4,8,reject,sql_usage,DocumentPublicationRegistration.preflight,128,107000000,0
baseline-trace,t10,4,8,reject,sql_usage,DocumentPublicationReplay.observe,256,629000000,0
baseline-trace,t10,4,8,reject,sql_usage,DocumentSchemaPolicies.read,64,20000000,0
baseline-trace,t10,4,8,reject,sql_usage,DocumentSelectedAttemptLedger.renew,64,512000000,0
baseline-trace,t10,4,8,reject,sql_usage,DocumentSelectedAttemptLedger.renewOwnerAndSelections,128,1297000000,0
baseline-trace,t10,4,8,reject,sql_usage,RepositorySchemaArtifacts.stage,64,701000000,0
baseline-trace,t10,4,8,replay,jdbc_commit,DocumentPublicationReplay.observe,256,1050743422,0
baseline-trace,t10,4,8,replay,jdbc_executeQuery,DocumentPublicationReplay.observe,768,167640747,0
baseline-trace,t10,4,8,replay,jdbc_executeQuery,DocumentPublicationReplay.requireRevisions,192,79078537,0
baseline-trace,t10,4,8,replay,jdbc_executeQuery,DocumentRevisionLocks.lock,512,159692386,0
baseline-trace,t10,4,8,replay,jdbc_executeQuery,RepositoryOperationLedger.requireCommand,256,53155397,0
baseline-trace,t10,4,8,replay,sql_acquire,DocumentPublicationReplay.observe,256,811965,0
baseline-trace,t10,4,8,replay,sql_usage,DocumentPublicationReplay.observe,256,1700000000,0
baseline-trace,t10,4,8,unscoped,jdbc_commit,DocumentAssessmentReadProtection.finish,62,239951771,0
baseline-trace,t10,4,8,unscoped,jdbc_commit,DocumentReadPins.finish,256,1283789684,0
baseline-trace,t10,4,8,unscoped,jdbc_commit,DocumentSelectedAttemptLedger.verifyBatch,256,1309649373,0
baseline-trace,t10,4,8,unscoped,jdbc_executeQuery,DocumentAssessmentReadProtection.lambda$finish$0,62,43722073,0
baseline-trace,t10,4,8,unscoped,jdbc_executeQuery,DocumentPartAttemptLedger.read,512,71830554,0
baseline-trace,t10,4,8,unscoped,jdbc_executeQuery,DocumentReadPins.lambda$finish$0,256,386844252,0
baseline-trace,t10,4,8,unscoped,jdbc_executeQuery,DocumentSelectedAttemptLedger.lockSelected,512,100842184,0
baseline-trace,t10,4,8,unscoped,jdbc_executeQuery,DocumentSelectedAttemptLedger.requireOwner,256,72790589,0
baseline-trace,t10,4,8,unscoped,jdbc_executeQuery,RepositoryExecutionClaimLedger.lockLive,256,94126133,0
baseline-trace,t10,4,8,unscoped,jdbc_executeQuery,RepositoryOperationLedger.fenceLiveOwner,256,197124270,0
baseline-trace,t10,4,8,unscoped,jdbc_executeQuery,SqlTimeouts.apply,256,45802001,0
baseline-trace,t10,4,8,unscoped,jdbc_executeUpdate,DocumentSelectedAttemptLedger.verifyBatch,512,410518220,0
baseline-trace,t10,4,8,unscoped,provider_getBounded,DocumentPartTransfer.upload,256,813887317,0
baseline-trace,t10,4,8,unscoped,provider_getBounded,outside_ledger,320,1407065019,0
baseline-trace,t10,4,8,unscoped,provider_put,DocumentPartTransfer.upload,256,18072597555,0
baseline-trace,t10,4,8,unscoped,sql_acquire,DocumentAssessmentReadProtection.finish,61,239171,0
baseline-trace,t10,4,8,unscoped,sql_acquire,DocumentReadPins.finish,256,765467,0
baseline-trace,t10,4,8,unscoped,sql_acquire,DocumentSelectedAttemptLedger.verifyBatch,256,6927282,0
baseline-trace,t10,4,8,unscoped,sql_usage,DocumentAssessmentReadProtection.finish,62,272000000,0
baseline-trace,t10,4,8,unscoped,sql_usage,DocumentReadPins.finish,256,1588000000,0
baseline-trace,t10,4,8,unscoped,sql_usage,DocumentSelectedAttemptLedger.verifyBatch,256,2406000000,0
baseline-trace,t11,1,8,publish,jdbc_commit,DocumentOperationUploadAdmission.captureReads,384,1699173190,0
baseline-trace,t11,1,8,publish,jdbc_commit,DocumentOperationUploadAdmission.recheckInitialSelections,192,874191074,0
baseline-trace,t11,1,8,publish,jdbc_commit,DocumentOperationUploadAdmission.stage,192,934249993,0
baseline-trace,t11,1,8,publish,jdbc_commit,DocumentPublicationCommit.commitInternal,192,756783355,0
baseline-trace,t11,1,8,publish,jdbc_commit,DocumentPublicationModesJournal.requireObservedModes,384,1585706068,0
baseline-trace,t11,1,8,publish,jdbc_commit,DocumentPublicationRegistration.admitInitialAccepted,192,874712783,0
baseline-trace,t11,1,8,publish,jdbc_commit,DocumentPublicationRegistration.preflight,192,22337479,0
baseline-trace,t11,1,8,publish,jdbc_commit,DocumentPublicationReplay.observe,384,32132009,0
baseline-trace,t11,1,8,publish,jdbc_commit,DocumentSchemaPolicies.read,192,18984150,0
baseline-trace,t11,1,8,publish,jdbc_commit,DocumentSelectedAttemptLedger.renew,192,873427647,0
baseline-trace,t11,1,8,publish,jdbc_commit,DocumentSelectedAttemptLedger.renewOwnerAndSelections,384,1652878827,0
baseline-trace,t11,1,8,publish,jdbc_commit,RepositorySchemaArtifacts.stage,192,754818691,0
baseline-trace,t11,1,8,publish,jdbc_executeBatch,DocumentSchemaRetention.flush,576,450276174,0
baseline-trace,t11,1,8,publish,jdbc_executeQuery,DocumentAdmissionSnapshot.prepare,192,51051406,0
baseline-trace,t11,1,8,publish,jdbc_executeQuery,DocumentCommitParts.bind,192,38034455,0
baseline-trace,t11,1,8,publish,jdbc_executeQuery,DocumentCommitParts.read,192,244327411,0
baseline-trace,t11,1,8,publish,jdbc_executeQuery,DocumentCommitParts.selections,192,47771293,0
baseline-trace,t11,1,8,publish,jdbc_executeQuery,DocumentCommitWriter.write,384,41473754,0
baseline-trace,t11,1,8,publish,jdbc_executeQuery,DocumentDriveSnapshot.lock,384,47067561,0
baseline-trace,t11,1,8,publish,jdbc_executeQuery,DocumentKeyReservations.reserveEncoded,192,48712948,0
baseline-trace,t11,1,8,publish,jdbc_executeQuery,DocumentOperationUploadAdmission.lambda$captureReads$0,576,132104053,0
baseline-trace,t11,1,8,publish,jdbc_executeQuery,DocumentOperationUploadAdmission.requireInitialSelections,192,42570088,0
baseline-trace,t11,1,8,publish,jdbc_executeQuery,DocumentOperationUploadAdmission.writeAdmissions,384,59959601,0
baseline-trace,t11,1,8,publish,jdbc_executeQuery,DocumentPartAttemptLedger.lockAll,1152,114365749,0
baseline-trace,t11,1,8,publish,jdbc_executeQuery,DocumentPartAttemptLedger.read,384,37577524,0
baseline-trace,t11,1,8,publish,jdbc_executeQuery,DocumentPreparationHistoryRoots.coverage,192,25407755,0
baseline-trace,t11,1,8,publish,jdbc_executeQuery,DocumentPublicationLocks$IndependentOrigins.requireScope,384,36704540,0
baseline-trace,t11,1,8,publish,jdbc_executeQuery,DocumentPublicationLocks.lockIndependentOrigins,960,123253387,0
baseline-trace,t11,1,8,publish,jdbc_executeQuery,DocumentPublicationLocks.lockIndependentRetention,192,42350173,0
baseline-trace,t11,1,8,publish,jdbc_executeQuery,DocumentPublicationModeBinding.require,192,35495985,0
baseline-trace,t11,1,8,publish,jdbc_executeQuery,DocumentPublicationModesJournal.readModes,192,19265015,0
baseline-trace,t11,1,8,publish,jdbc_executeQuery,DocumentPublicationPreparationJournal.capture,384,39980561,0
baseline-trace,t11,1,8,publish,jdbc_executeQuery,DocumentPublicationReplay.observe,768,99832019,0
baseline-trace,t11,1,8,publish,jdbc_executeQuery,DocumentRevisionLocks.lock,2304,446178494,0
baseline-trace,t11,1,8,publish,jdbc_executeQuery,DocumentSchemaBatch.lockArtifacts,960,139834960,0
baseline-trace,t11,1,8,publish,jdbc_executeQuery,DocumentSchemaPolicies.lambda$read$0,192,22424260,0
baseline-trace,t11,1,8,publish,jdbc_executeQuery,DocumentSchemaPolicies.lockCurrent,576,51970002,0
baseline-trace,t11,1,8,publish,jdbc_executeQuery,DocumentSchemaPolicies.select,384,42504850,0
baseline-trace,t11,1,8,publish,jdbc_executeQuery,DocumentSchemaRetention.requireFragments,192,45427131,0
baseline-trace,t11,1,8,publish,jdbc_executeQuery,DocumentSchemaRetention.requireRevision,192,25031149,0
baseline-trace,t11,1,8,publish,jdbc_executeQuery,DocumentSchemaRetention.write,192,45008322,0
baseline-trace,t11,1,8,publish,jdbc_executeQuery,DocumentSelectedAttemptLedger.lockSelected,192,28762449,0
baseline-trace,t11,1,8,publish,jdbc_executeQuery,DocumentSelectedAttemptLedger.requireOwner,576,132571839,0
baseline-trace,t11,1,8,publish,jdbc_executeQuery,DocumentSelectedAttemptLedger.requireSelections,1152,202801949,0
baseline-trace,t11,1,8,publish,jdbc_executeQuery,DocumentUploadAdmissionReplay.hasSelections,192,20416292,0
baseline-trace,t11,1,8,publish,jdbc_executeQuery,ManagedBackendLedger.find,384,38700092,0
baseline-trace,t11,1,8,publish,jdbc_executeQuery,RepositoryCoordinatorBinding.bindInitial,192,18286305,0
baseline-trace,t11,1,8,publish,jdbc_executeQuery,RepositoryExecutionClaimLedger.live,192,23513887,0
baseline-trace,t11,1,8,publish,jdbc_executeQuery,RepositoryExecutionClaimLedger.lockLive,3456,922279503,0
baseline-trace,t11,1,8,publish,jdbc_executeQuery,RepositoryExecutionClaimLedger.readLocked,1152,95601503,0
baseline-trace,t11,1,8,publish,jdbc_executeQuery,RepositoryOperationLedger.fenceLiveOwner,1920,1118120369,0
baseline-trace,t11,1,8,publish,jdbc_executeQuery,RepositoryOperationLedger.live,576,79165108,0
baseline-trace,t11,1,8,publish,jdbc_executeQuery,RepositoryOperationLedger.read,192,26645298,0
baseline-trace,t11,1,8,publish,jdbc_executeQuery,RepositoryOperationLedger.readOwner,768,75897152,0
baseline-trace,t11,1,8,publish,jdbc_executeQuery,RepositoryOperationLedger.requireCommand,1920,198486576,0
baseline-trace,t11,1,8,publish,jdbc_executeQuery,RepositorySchemaArtifacts.lambda$stage$3,768,608633094,0
baseline-trace,t11,1,8,publish,jdbc_executeQuery,SqlTimeouts.apply,1152,144685458,0
baseline-trace,t11,1,8,publish,jdbc_executeUpdate,DocumentCommitWriter.write,1344,907508273,0
baseline-trace,t11,1,8,publish,jdbc_executeUpdate,DocumentOperationSelection.insert,192,182124142,0
baseline-trace,t11,1,8,publish,jdbc_executeUpdate,DocumentOperationUploadAdmission.writeAdmissions,384,211422676,0
baseline-trace,t11,1,8,publish,jdbc_executeUpdate,DocumentPartAttemptLedger.insertEncodedRows,192,152126990,0
baseline-trace,t11,1,8,publish,jdbc_executeUpdate,DocumentPreparationCoverageCertificates.insert,192,67844854,0
baseline-trace,t11,1,8,publish,jdbc_executeUpdate,DocumentPreparationHistoryRoots.insert,384,118507530,0
baseline-trace,t11,1,8,publish,jdbc_executeUpdate,DocumentPublicationCommit.lambda$commitInternal$6,576,457801261,0
baseline-trace,t11,1,8,publish,jdbc_executeUpdate,DocumentPublicationModesJournal.insert,192,120380702,0
baseline-trace,t11,1,8,publish,jdbc_executeUpdate,DocumentPublicationPreparationJournal.insert,192,132624289,0
baseline-trace,t11,1,8,publish,jdbc_executeUpdate,DocumentSchemaAdmissionBinding.insert,192,158759280,0
baseline-trace,t11,1,8,publish,jdbc_executeUpdate,DocumentSelectedAttemptLedger.renewSelections,576,339929959,0
baseline-trace,t11,1,8,publish,jdbc_executeUpdate,RepositoryCoordinatorBinding.bindInitial,192,61929686,0
baseline-trace,t11,1,8,publish,jdbc_executeUpdate,RepositoryExecutionClaimLedger.acquireInitialChecked,192,62977895,0
baseline-trace,t11,1,8,publish,jdbc_executeUpdate,RepositoryExecutionClaimLedger.renewLive,384,75452125,0
baseline-trace,t11,1,8,publish,jdbc_executeUpdate,RepositoryOperationLedger.admitInTransaction,384,200174884,0
baseline-trace,t11,1,8,publish,jdbc_executeUpdate,RepositoryOperationLedger.renewLive,384,212232559,0
baseline-trace,t11,1,8,publish,sql_acquire,DocumentOperationUploadAdmission.captureReads,384,1363005217,0
baseline-trace,t11,1,8,publish,sql_acquire,DocumentOperationUploadAdmission.recheckInitialSelections,192,601818063,0
baseline-trace,t11,1,8,publish,sql_acquire,DocumentOperationUploadAdmission.stage,192,640165055,0
baseline-trace,t11,1,8,publish,sql_acquire,DocumentPublicationCommit.commitInternal,192,1003967169,0
baseline-trace,t11,1,8,publish,sql_acquire,DocumentPublicationModesJournal.requireObservedModes,384,1882032087,0
baseline-trace,t11,1,8,publish,sql_acquire,DocumentPublicationRegistration.admitInitialAccepted,192,719478369,0
baseline-trace,t11,1,8,publish,sql_acquire,DocumentPublicationRegistration.preflight,192,664915178,0
baseline-trace,t11,1,8,publish,sql_acquire,DocumentPublicationReplay.observe,384,1373430090,0
baseline-trace,t11,1,8,publish,sql_acquire,DocumentSchemaPolicies.read,192,585146739,0
baseline-trace,t11,1,8,publish,sql_acquire,DocumentSelectedAttemptLedger.renew,192,558003321,0
baseline-trace,t11,1,8,publish,sql_acquire,DocumentSelectedAttemptLedger.renewOwnerAndSelections,384,1071658761,0
baseline-trace,t11,1,8,publish,sql_acquire,RepositorySchemaArtifacts.stage,192,915910014,0
baseline-trace,t11,1,8,publish,sql_usage,DocumentOperationUploadAdmission.captureReads,384,2335000000,0
baseline-trace,t11,1,8,publish,sql_usage,DocumentOperationUploadAdmission.recheckInitialSelections,192,1078000000,0
baseline-trace,t11,1,8,publish,sql_usage,DocumentOperationUploadAdmission.stage,192,2032000000,0
baseline-trace,t11,1,8,publish,sql_usage,DocumentPublicationCommit.commitInternal,192,4827000000,0
baseline-trace,t11,1,8,publish,sql_usage,DocumentPublicationModesJournal.requireObservedModes,384,2001000000,0
baseline-trace,t11,1,8,publish,sql_usage,DocumentPublicationRegistration.admitInitialAccepted,192,2083000000,0
baseline-trace,t11,1,8,publish,sql_usage,DocumentPublicationRegistration.preflight,192,20000000,0
baseline-trace,t11,1,8,publish,sql_usage,DocumentPublicationReplay.observe,384,12000000,0
baseline-trace,t11,1,8,publish,sql_usage,DocumentSchemaPolicies.read,192,6000000,0
baseline-trace,t11,1,8,publish,sql_usage,DocumentSelectedAttemptLedger.renew,192,1319000000,0
baseline-trace,t11,1,8,publish,sql_usage,DocumentSelectedAttemptLedger.renewOwnerAndSelections,384,2933000000,0
baseline-trace,t11,1,8,publish,sql_usage,RepositorySchemaArtifacts.stage,192,1675000000,0
baseline-trace,t11,1,8,read,jdbc_commit,DocumentHistoricalSchemas.authorize,256,959889829,0
baseline-trace,t11,1,8,read,jdbc_commit,DocumentHistoricalSchemas.check,256,885455779,0
baseline-trace,t11,1,8,read,jdbc_commit,DocumentReadLedger$PinnedHistory.authorizeDelivery,768,2866836127,0
baseline-trace,t11,1,8,read,jdbc_commit,DocumentReadLedger.captureHistorical,256,743021177,0
baseline-trace,t11,1,8,read,jdbc_executeQuery,DocumentHistoricalReadRows.capture,512,140141196,0
baseline-trace,t11,1,8,read,jdbc_executeQuery,DocumentHistoricalSchemaRows.artifacts,512,105971810,0
baseline-trace,t11,1,8,read,jdbc_executeQuery,DocumentHistoricalSchemaRows.capture,512,225424962,0
baseline-trace,t11,1,8,read,jdbc_executeQuery,DocumentHistoricalSchemaRows.references,256,39443531,0
baseline-trace,t11,1,8,read,jdbc_executeQuery,DocumentHistoricalSchemaRows.roots,512,53387036,0
baseline-trace,t11,1,8,read,jdbc_executeQuery,DocumentReadLedger.lambda$captureHistorical$0,256,52433244,0
baseline-trace,t11,1,8,read,jdbc_executeQuery,DocumentReadPins.acquireHistorical,512,283999040,0
baseline-trace,t11,1,8,read,jdbc_executeQuery,DocumentRevisionLocks.lock,3072,704580899,0
baseline-trace,t11,1,8,read,jdbc_executeQuery,ManagedBackendLedger.requireAll,256,33536291,0
baseline-trace,t11,1,8,read,jdbc_executeUpdate,DocumentReadPins.acquireHistorical,256,226973659,0
baseline-trace,t11,1,8,read,sql_acquire,DocumentHistoricalSchemas.authorize,256,1156319191,0
baseline-trace,t11,1,8,read,sql_acquire,DocumentHistoricalSchemas.check,256,1128930115,0
baseline-trace,t11,1,8,read,sql_acquire,DocumentReadLedger$PinnedHistory.authorizeDelivery,768,2725847036,0
baseline-trace,t11,1,8,read,sql_acquire,DocumentReadLedger.captureHistorical,256,1161932769,0
baseline-trace,t11,1,8,read,sql_usage,DocumentHistoricalSchemas.authorize,256,1033000000,0
baseline-trace,t11,1,8,read,sql_usage,DocumentHistoricalSchemas.check,256,1420000000,0
baseline-trace,t11,1,8,read,sql_usage,DocumentReadLedger$PinnedHistory.authorizeDelivery,768,2974000000,0
baseline-trace,t11,1,8,read,sql_usage,DocumentReadLedger.captureHistorical,256,1698000000,0
baseline-trace,t11,1,8,reject,jdbc_commit,DocumentAssessmentCreation.createInternal,64,153557940,0
baseline-trace,t11,1,8,reject,jdbc_commit,DocumentAssessmentCreation.lambda$createInternal$0,64,210697307,0
baseline-trace,t11,1,8,reject,jdbc_commit,DocumentAssessmentDeliveryAuthorization.check,256,647362893,0
baseline-trace,t11,1,8,reject,jdbc_commit,DocumentAssessmentDiscovery.discover,64,145744383,0
baseline-trace,t11,1,8,reject,jdbc_commit,DocumentAssessmentReconciliation.observeRetained,64,165298162,0
baseline-trace,t11,1,8,reject,jdbc_commit,DocumentAssessmentRejections.decide,64,176337870,0
baseline-trace,t11,1,8,reject,jdbc_commit,DocumentAssessmentReplayInputs.load,64,7820033,0
baseline-trace,t11,1,8,reject,jdbc_commit,DocumentAssessmentStartJournal.startRetained,64,199395198,0
baseline-trace,t11,1,8,reject,jdbc_commit,DocumentOperationUploadAdmission.captureReads,128,547047362,0
baseline-trace,t11,1,8,reject,jdbc_commit,DocumentOperationUploadAdmission.recheckInitialSelections,64,268256128,0
baseline-trace,t11,1,8,reject,jdbc_commit,DocumentOperationUploadAdmission.stage,64,333292118,0
baseline-trace,t11,1,8,reject,jdbc_commit,DocumentPublicationModesJournal.loadRetained,128,415938878,0
baseline-trace,t11,1,8,reject,jdbc_commit,DocumentPublicationModesJournal.requireObservedModes,256,905055302,0
baseline-trace,t11,1,8,reject,jdbc_commit,DocumentPublicationPreparationJournal.load,128,418003821,0
baseline-trace,t11,1,8,reject,jdbc_commit,DocumentPublicationRegistration.admitInitialAccepted,64,292640548,0
baseline-trace,t11,1,8,reject,jdbc_commit,DocumentPublicationRegistration.preflight,128,12934972,0
baseline-trace,t11,1,8,reject,jdbc_commit,DocumentPublicationReplay.observe,256,331295355,0
baseline-trace,t11,1,8,reject,jdbc_commit,DocumentSchemaPolicies.read,64,9724862,0
baseline-trace,t11,1,8,reject,jdbc_commit,DocumentSelectedAttemptLedger.renew,64,246493506,0
baseline-trace,t11,1,8,reject,jdbc_commit,DocumentSelectedAttemptLedger.renewOwnerAndSelections,128,486943686,0
baseline-trace,t11,1,8,reject,jdbc_commit,RepositorySchemaArtifacts.stage,64,211320108,0
baseline-trace,t11,1,8,reject,jdbc_executeBatch,DocumentAssessmentCreationWrites.lambda$writeRows$0,64,39408586,0
baseline-trace,t11,1,8,reject,jdbc_executeQuery,DocumentAssessmentDeliveryAuthorization.lambda$check$0,1280,179972327,0
baseline-trace,t11,1,8,reject,jdbc_executeQuery,DocumentAssessmentDeliveryAuthorization.requireLiveReadOwner,512,80621526,0
baseline-trace,t11,1,8,reject,jdbc_executeQuery,DocumentAssessmentDiscovery.lambda$discover$0,128,22606901,0
baseline-trace,t11,1,8,reject,jdbc_executeQuery,DocumentAssessmentReadRows.capture,192,645539374,0
baseline-trace,t11,1,8,reject,jdbc_executeQuery,DocumentAssessmentReconciliation.verifyRetained,256,50396844,0
baseline-trace,t11,1,8,reject,jdbc_executeQuery,DocumentAssessmentRejections.lambda$decide$0,256,44584666,0
baseline-trace,t11,1,8,reject,jdbc_executeQuery,DocumentAssessmentReplayInputs.artifacts,128,53244796,0
baseline-trace,t11,1,8,reject,jdbc_executeQuery,DocumentAssessmentReplayInputs.policy,128,20434744,0
baseline-trace,t11,1,8,reject,jdbc_executeQuery,DocumentAssessmentReplayInputs.read,128,27431674,0
baseline-trace,t11,1,8,reject,jdbc_executeQuery,DocumentAssessmentReplayInputs.roots,128,26069361,0
baseline-trace,t11,1,8,reject,jdbc_executeQuery,DocumentAssessmentRetainedEvidence.verify,64,12665959,0
baseline-trace,t11,1,8,reject,jdbc_executeQuery,DocumentAssessmentRetainedEvidence.verifyArtifacts,64,32090835,0
baseline-trace,t11,1,8,reject,jdbc_executeQuery,DocumentAssessmentRetainedSlots.retainedSelections,64,19147084,0
baseline-trace,t11,1,8,reject,jdbc_executeQuery,DocumentAssessmentRetainedSlots.verify,256,253841753,0
baseline-trace,t11,1,8,reject,jdbc_executeQuery,DocumentAssessmentStartJournal.insertStartedOutcome,64,10487426,0
baseline-trace,t11,1,8,reject,jdbc_executeQuery,DocumentAssessmentStartJournal.lambda$startRetained$2,64,11213159,0
baseline-trace,t11,1,8,reject,jdbc_executeQuery,DocumentAssessmentStartJournal.requireCreation,64,23318923,0
baseline-trace,t11,1,8,reject,jdbc_executeQuery,DocumentCommitParts.bind,128,42350157,0
baseline-trace,t11,1,8,reject,jdbc_executeQuery,DocumentCommitParts.read,64,93855869,0
baseline-trace,t11,1,8,reject,jdbc_executeQuery,DocumentCommitParts.selections,64,13531855,0
baseline-trace,t11,1,8,reject,jdbc_executeQuery,DocumentDriveSnapshot.lock,128,20231201,0
baseline-trace,t11,1,8,reject,jdbc_executeQuery,DocumentKeyReservations.reserveEncoded,64,18067726,0
baseline-trace,t11,1,8,reject,jdbc_executeQuery,DocumentOperationUploadAdmission.lambda$captureReads$0,192,45814094,0
baseline-trace,t11,1,8,reject,jdbc_executeQuery,DocumentOperationUploadAdmission.requireInitialSelections,64,11181754,0
baseline-trace,t11,1,8,reject,jdbc_executeQuery,DocumentOperationUploadAdmission.writeAdmissions,128,19889881,0
baseline-trace,t11,1,8,reject,jdbc_executeQuery,DocumentPartAttemptLedger.lockAll,384,38973909,0
baseline-trace,t11,1,8,reject,jdbc_executeQuery,DocumentPartAttemptLedger.read,128,11789872,0
baseline-trace,t11,1,8,reject,jdbc_executeQuery,DocumentPreparationHistoryRoots.coverage,64,7588160,0
baseline-trace,t11,1,8,reject,jdbc_executeQuery,DocumentPublicationModesJournal.readModes,192,19669592,0
baseline-trace,t11,1,8,reject,jdbc_executeQuery,DocumentPublicationPreparationJournal.capture,384,47847055,0
baseline-trace,t11,1,8,reject,jdbc_executeQuery,DocumentPublicationReplay.observe,832,105927068,0
baseline-trace,t11,1,8,reject,jdbc_executeQuery,DocumentRevisionLocks.lock,2304,473053483,0
baseline-trace,t11,1,8,reject,jdbc_executeQuery,DocumentSchemaPolicies.lambda$read$0,64,8121517,0
baseline-trace,t11,1,8,reject,jdbc_executeQuery,DocumentSchemaPolicies.lockCurrent,384,40233087,0
baseline-trace,t11,1,8,reject,jdbc_executeQuery,DocumentSchemaPolicies.select,192,21067422,0
baseline-trace,t11,1,8,reject,jdbc_executeQuery,DocumentSelectedAttemptLedger.lockSelected,64,13498455,0
baseline-trace,t11,1,8,reject,jdbc_executeQuery,DocumentSelectedAttemptLedger.requireOwner,192,43080884,0
baseline-trace,t11,1,8,reject,jdbc_executeQuery,DocumentSelectedAttemptLedger.requireSelections,384,67441415,0
baseline-trace,t11,1,8,reject,jdbc_executeQuery,DocumentUploadAdmissionReplay.hasSelections,64,7584137,0
baseline-trace,t11,1,8,reject,jdbc_executeQuery,ManagedBackendLedger.find,128,14119829,0
baseline-trace,t11,1,8,reject,jdbc_executeQuery,ManagedBackendLedger.requireAll,64,7337971,0
baseline-trace,t11,1,8,reject,jdbc_executeQuery,RepositoryCoordinatorBinding.bindInitial,64,6695801,0
baseline-trace,t11,1,8,reject,jdbc_executeQuery,RepositoryExecutionClaimLedger.live,64,6287686,0
baseline-trace,t11,1,8,reject,jdbc_executeQuery,RepositoryExecutionClaimLedger.lockLive,2304,633972574,0
baseline-trace,t11,1,8,reject,jdbc_executeQuery,RepositoryExecutionClaimLedger.readLocked,384,32894844,0
baseline-trace,t11,1,8,reject,jdbc_executeQuery,RepositoryOperationLedger.fenceLiveOwner,1344,795230831,0
baseline-trace,t11,1,8,reject,jdbc_executeQuery,RepositoryOperationLedger.live,192,25283034,0
baseline-trace,t11,1,8,reject,jdbc_executeQuery,RepositoryOperationLedger.read,64,7382657,0
baseline-trace,t11,1,8,reject,jdbc_executeQuery,RepositoryOperationLedger.readOwner,256,34592375,0
baseline-trace,t11,1,8,reject,jdbc_executeQuery,RepositoryOperationLedger.requireCommand,1344,146733598,0
baseline-trace,t11,1,8,reject,jdbc_executeQuery,RepositorySchemaArtifacts.lambda$stage$3,256,214961267,0
baseline-trace,t11,1,8,reject,jdbc_executeQuery,SqlTimeouts.apply,384,45846719,0
baseline-trace,t11,1,8,reject,jdbc_executeUpdate,DocumentAssessmentCreationWrites.insertOwner,64,54031592,0
baseline-trace,t11,1,8,reject,jdbc_executeUpdate,DocumentAssessmentCreationWrites.lambda$writeRows$1,64,53683536,0
baseline-trace,t11,1,8,reject,jdbc_executeUpdate,DocumentAssessmentCreationWrites.writeRows,448,653769771,0
baseline-trace,t11,1,8,reject,jdbc_executeUpdate,DocumentAssessmentReconciliation.verifyRetained,64,45123517,0
baseline-trace,t11,1,8,reject,jdbc_executeUpdate,DocumentAssessmentRejections.lambda$decide$0,64,51589026,0
baseline-trace,t11,1,8,reject,jdbc_executeUpdate,DocumentAssessmentStartJournal.insertStartedOutcome,64,62073012,0
baseline-trace,t11,1,8,reject,jdbc_executeUpdate,DocumentOperationSelection.insert,64,62307127,0
baseline-trace,t11,1,8,reject,jdbc_executeUpdate,DocumentOperationUploadAdmission.writeAdmissions,128,70575038,0
baseline-trace,t11,1,8,reject,jdbc_executeUpdate,DocumentPartAttemptLedger.insertEncodedRows,64,51421292,0
baseline-trace,t11,1,8,reject,jdbc_executeUpdate,DocumentPreparationCoverageCertificates.insert,64,23268576,0
baseline-trace,t11,1,8,reject,jdbc_executeUpdate,DocumentPreparationHistoryRoots.insert,128,40630511,0
baseline-trace,t11,1,8,reject,jdbc_executeUpdate,DocumentPublicationModesJournal.insert,64,42726708,0
baseline-trace,t11,1,8,reject,jdbc_executeUpdate,DocumentPublicationPreparationJournal.insert,64,47811569,0
baseline-trace,t11,1,8,reject,jdbc_executeUpdate,DocumentSelectedAttemptLedger.renewSelections,192,112054024,0
baseline-trace,t11,1,8,reject,jdbc_executeUpdate,RepositoryCoordinatorBinding.bindInitial,64,24886443,0
baseline-trace,t11,1,8,reject,jdbc_executeUpdate,RepositoryExecutionClaimLedger.acquireInitialChecked,64,21331150,0
baseline-trace,t11,1,8,reject,jdbc_executeUpdate,RepositoryExecutionClaimLedger.renewLive,128,24960885,0
baseline-trace,t11,1,8,reject,jdbc_executeUpdate,RepositoryOperationLedger.admitInTransaction,128,69389047,0
baseline-trace,t11,1,8,reject,jdbc_executeUpdate,RepositoryOperationLedger.renewLive,128,77458444,0
baseline-trace,t11,1,8,reject,sql_acquire,DocumentAssessmentCreation.createInternal,64,337638768,0
baseline-trace,t11,1,8,reject,sql_acquire,DocumentAssessmentCreation.lambda$createInternal$0,64,309742217,0
baseline-trace,t11,1,8,reject,sql_acquire,DocumentAssessmentDeliveryAuthorization.check,256,1041261666,0
baseline-trace,t11,1,8,reject,sql_acquire,DocumentAssessmentDiscovery.discover,64,331000301,0
baseline-trace,t11,1,8,reject,sql_acquire,DocumentAssessmentReconciliation.observeRetained,64,335565607,0
baseline-trace,t11,1,8,reject,sql_acquire,DocumentAssessmentRejections.decide,64,237414276,0
baseline-trace,t11,1,8,reject,sql_acquire,DocumentAssessmentReplayInputs.load,64,247550284,0
baseline-trace,t11,1,8,reject,sql_acquire,DocumentAssessmentStartJournal.startRetained,64,226002940,0
baseline-trace,t11,1,8,reject,sql_acquire,DocumentOperationUploadAdmission.captureReads,128,424841191,0
baseline-trace,t11,1,8,reject,sql_acquire,DocumentOperationUploadAdmission.recheckInitialSelections,64,106450516,0
baseline-trace,t11,1,8,reject,sql_acquire,DocumentOperationUploadAdmission.stage,64,205571665,0
baseline-trace,t11,1,8,reject,sql_acquire,DocumentPublicationModesJournal.loadRetained,128,415236029,0
baseline-trace,t11,1,8,reject,sql_acquire,DocumentPublicationModesJournal.requireObservedModes,256,1102399822,0
baseline-trace,t11,1,8,reject,sql_acquire,DocumentPublicationPreparationJournal.load,128,527046995,0
baseline-trace,t11,1,8,reject,sql_acquire,DocumentPublicationRegistration.admitInitialAccepted,64,274415935,0
baseline-trace,t11,1,8,reject,sql_acquire,DocumentPublicationRegistration.preflight,128,416534300,0
baseline-trace,t11,1,8,reject,sql_acquire,DocumentPublicationReplay.observe,256,1265944325,0
baseline-trace,t11,1,8,reject,sql_acquire,DocumentSchemaPolicies.read,64,216259568,0
baseline-trace,t11,1,8,reject,sql_acquire,DocumentSelectedAttemptLedger.renew,64,128723995,0
baseline-trace,t11,1,8,reject,sql_acquire,DocumentSelectedAttemptLedger.renewOwnerAndSelections,128,320066458,0
baseline-trace,t11,1,8,reject,sql_acquire,RepositorySchemaArtifacts.stage,64,252231494,0
baseline-trace,t11,1,8,reject,sql_usage,DocumentAssessmentCreation.createInternal,64,1434000000,0
baseline-trace,t11,1,8,reject,sql_usage,DocumentAssessmentCreation.lambda$createInternal$0,64,295000000,0
baseline-trace,t11,1,8,reject,sql_usage,DocumentAssessmentDeliveryAuthorization.check,256,1050000000,0
baseline-trace,t11,1,8,reject,sql_usage,DocumentAssessmentDiscovery.discover,64,328000000,0
baseline-trace,t11,1,8,reject,sql_usage,DocumentAssessmentReconciliation.observeRetained,64,1448000000,0
baseline-trace,t11,1,8,reject,sql_usage,DocumentAssessmentRejections.decide,64,545000000,0
baseline-trace,t11,1,8,reject,sql_usage,DocumentAssessmentReplayInputs.load,64,210000000,0
baseline-trace,t11,1,8,reject,sql_usage,DocumentAssessmentStartJournal.startRetained,64,361000000,0
baseline-trace,t11,1,8,reject,sql_usage,DocumentOperationUploadAdmission.captureReads,128,768000000,0
baseline-trace,t11,1,8,reject,sql_usage,DocumentOperationUploadAdmission.recheckInitialSelections,64,330000000,0
baseline-trace,t11,1,8,reject,sql_usage,DocumentOperationUploadAdmission.stage,64,723000000,0
baseline-trace,t11,1,8,reject,sql_usage,DocumentPublicationModesJournal.loadRetained,128,412000000,0
baseline-trace,t11,1,8,reject,sql_usage,DocumentPublicationModesJournal.requireObservedModes,256,1182000000,0
baseline-trace,t11,1,8,reject,sql_usage,DocumentPublicationPreparationJournal.load,128,433000000,0
baseline-trace,t11,1,8,reject,sql_usage,DocumentPublicationRegistration.admitInitialAccepted,64,718000000,0
baseline-trace,t11,1,8,reject,sql_usage,DocumentPublicationRegistration.preflight,128,25000000,0
baseline-trace,t11,1,8,reject,sql_usage,DocumentPublicationReplay.observe,256,424000000,0
baseline-trace,t11,1,8,reject,sql_usage,DocumentSchemaPolicies.read,64,8000000,0
baseline-trace,t11,1,8,reject,sql_usage,DocumentSelectedAttemptLedger.renew,64,386000000,0
baseline-trace,t11,1,8,reject,sql_usage,DocumentSelectedAttemptLedger.renewOwnerAndSelections,128,927000000,0
baseline-trace,t11,1,8,reject,sql_usage,RepositorySchemaArtifacts.stage,64,532000000,0
baseline-trace,t11,1,8,replay,jdbc_commit,DocumentPublicationReplay.observe,256,859380538,0
baseline-trace,t11,1,8,replay,jdbc_executeQuery,DocumentPublicationReplay.observe,768,101430950,0
baseline-trace,t11,1,8,replay,jdbc_executeQuery,DocumentPublicationReplay.requireRevisions,192,36390885,0
baseline-trace,t11,1,8,replay,jdbc_executeQuery,DocumentRevisionLocks.lock,512,109333449,0
baseline-trace,t11,1,8,replay,jdbc_executeQuery,RepositoryOperationLedger.requireCommand,256,28945901,0
baseline-trace,t11,1,8,replay,sql_acquire,DocumentPublicationReplay.observe,256,1446970861,0
baseline-trace,t11,1,8,replay,sql_usage,DocumentPublicationReplay.observe,256,1151000000,0
baseline-trace,t11,1,8,unscoped,jdbc_commit,DocumentAssessmentReadProtection.finish,59,225619633,0
baseline-trace,t11,1,8,unscoped,jdbc_commit,DocumentReadPins.finish,256,1291099633,0
baseline-trace,t11,1,8,unscoped,jdbc_commit,DocumentSelectedAttemptLedger.verifyBatch,256,1145338240,0
baseline-trace,t11,1,8,unscoped,jdbc_executeQuery,DocumentAssessmentReadProtection.lambda$finish$0,59,31170686,0
baseline-trace,t11,1,8,unscoped,jdbc_executeQuery,DocumentPartAttemptLedger.read,512,53279794,0
baseline-trace,t11,1,8,unscoped,jdbc_executeQuery,DocumentReadPins.lambda$finish$0,256,262424214,0
baseline-trace,t11,1,8,unscoped,jdbc_executeQuery,DocumentSelectedAttemptLedger.lockSelected,512,67898576,0
baseline-trace,t11,1,8,unscoped,jdbc_executeQuery,DocumentSelectedAttemptLedger.requireOwner,256,68193975,0
baseline-trace,t11,1,8,unscoped,jdbc_executeQuery,RepositoryExecutionClaimLedger.lockLive,256,73299957,0
baseline-trace,t11,1,8,unscoped,jdbc_executeQuery,RepositoryOperationLedger.fenceLiveOwner,256,148253291,0
baseline-trace,t11,1,8,unscoped,jdbc_executeQuery,SqlTimeouts.apply,256,33910001,0
baseline-trace,t11,1,8,unscoped,jdbc_executeUpdate,DocumentSelectedAttemptLedger.verifyBatch,512,322693383,0
baseline-trace,t11,1,8,unscoped,provider_getBounded,DocumentPartTransfer.upload,256,442580790,0
baseline-trace,t11,1,8,unscoped,provider_getBounded,outside_ledger,320,720983458,0
baseline-trace,t11,1,8,unscoped,provider_put,DocumentPartTransfer.upload,256,18824265080,0
baseline-trace,t11,1,8,unscoped,sql_acquire,DocumentAssessmentReadProtection.finish,59,174374318,0
baseline-trace,t11,1,8,unscoped,sql_acquire,DocumentReadPins.finish,256,646793293,0
baseline-trace,t11,1,8,unscoped,sql_acquire,DocumentSelectedAttemptLedger.verifyBatch,256,703345529,0
baseline-trace,t11,1,8,unscoped,sql_usage,DocumentAssessmentReadProtection.finish,59,236000000,0
baseline-trace,t11,1,8,unscoped,sql_usage,DocumentReadPins.finish,256,1454000000,0
baseline-trace,t11,1,8,unscoped,sql_usage,DocumentSelectedAttemptLedger.verifyBatch,256,1883000000,0
