run,window,replicas,pool_per_replica,operation,metric,completion_site,count,nanos,failures
candidate-trace,t00,1,8,publish,jdbc_commit,DocumentOperationUploadAdmission.captureReads,384,1715408267,0
candidate-trace,t00,1,8,publish,jdbc_commit,DocumentOperationUploadAdmission.recheckInitialSelections,192,889453045,0
candidate-trace,t00,1,8,publish,jdbc_commit,DocumentOperationUploadAdmission.stage,192,906484877,0
candidate-trace,t00,1,8,publish,jdbc_commit,DocumentPublicationCommit.commitInternal,192,789099340,0
candidate-trace,t00,1,8,publish,jdbc_commit,DocumentPublicationModesJournal.requireObservedModes,192,752654959,0
candidate-trace,t00,1,8,publish,jdbc_commit,DocumentPublicationRegistration.admitInitialAccepted,192,971990994,0
candidate-trace,t00,1,8,publish,jdbc_commit,DocumentPublicationRegistration.preflight,192,18036134,0
candidate-trace,t00,1,8,publish,jdbc_commit,DocumentPublicationReplay.observe,384,32495412,0
candidate-trace,t00,1,8,publish,jdbc_commit,DocumentSchemaPolicies.read,192,17024268,0
candidate-trace,t00,1,8,publish,jdbc_commit,DocumentSelectedAttemptLedger.renew,192,806052599,0
candidate-trace,t00,1,8,publish,jdbc_commit,DocumentSelectedAttemptLedger.renewOwnerAndSelections,384,1575244485,0
candidate-trace,t00,1,8,publish,jdbc_commit,RepositorySchemaArtifacts.stage,192,771790275,0
candidate-trace,t00,1,8,publish,jdbc_executeBatch,DocumentSchemaRetention.flush,576,468833303,0
candidate-trace,t00,1,8,publish,jdbc_executeQuery,DocumentAdmissionSnapshot.prepare,192,48409116,0
candidate-trace,t00,1,8,publish,jdbc_executeQuery,DocumentCommitParts.bind,192,38121166,0
candidate-trace,t00,1,8,publish,jdbc_executeQuery,DocumentCommitParts.read,192,70287474,0
candidate-trace,t00,1,8,publish,jdbc_executeQuery,DocumentCommitParts.selections,192,47153855,0
candidate-trace,t00,1,8,publish,jdbc_executeQuery,DocumentCommitWriter.write,384,39474968,0
candidate-trace,t00,1,8,publish,jdbc_executeQuery,DocumentDriveSnapshot.lock,384,45672038,0
candidate-trace,t00,1,8,publish,jdbc_executeQuery,DocumentKeyReservations.reserveEncoded,192,48021830,0
candidate-trace,t00,1,8,publish,jdbc_executeQuery,DocumentOperationUploadAdmission.lambda$captureReads$0,576,138197460,0
candidate-trace,t00,1,8,publish,jdbc_executeQuery,DocumentOperationUploadAdmission.requireInitialSelections,192,40384632,0
candidate-trace,t00,1,8,publish,jdbc_executeQuery,DocumentOperationUploadAdmission.writeAdmissions,384,66100132,0
candidate-trace,t00,1,8,publish,jdbc_executeQuery,DocumentPartAttemptLedger.lockAll,1152,116917673,0
candidate-trace,t00,1,8,publish,jdbc_executeQuery,DocumentPartAttemptLedger.read,384,47521173,0
candidate-trace,t00,1,8,publish,jdbc_executeQuery,DocumentPreparationHistoryRoots.coverage,192,24890821,0
candidate-trace,t00,1,8,publish,jdbc_executeQuery,DocumentPublicationLocks$IndependentOrigins.requireScope,384,32231738,0
candidate-trace,t00,1,8,publish,jdbc_executeQuery,DocumentPublicationLocks.lockIndependentOrigins,960,122777147,0
candidate-trace,t00,1,8,publish,jdbc_executeQuery,DocumentPublicationLocks.lockIndependentRetention,192,21681342,0
candidate-trace,t00,1,8,publish,jdbc_executeQuery,DocumentPublicationModeBinding.require,192,33966514,0
candidate-trace,t00,1,8,publish,jdbc_executeQuery,DocumentPublicationModeValidation.capture,384,51433205,0
candidate-trace,t00,1,8,publish,jdbc_executeQuery,DocumentPublicationReplay.observe,768,100073145,0
candidate-trace,t00,1,8,publish,jdbc_executeQuery,DocumentRevisionLocks.lock,2304,341594774,0
candidate-trace,t00,1,8,publish,jdbc_executeQuery,DocumentSchemaBatch.lockArtifacts,960,131936516,0
candidate-trace,t00,1,8,publish,jdbc_executeQuery,DocumentSchemaPolicies.lambda$read$0,192,22787488,0
candidate-trace,t00,1,8,publish,jdbc_executeQuery,DocumentSchemaPolicies.lockCurrent,576,50041859,0
candidate-trace,t00,1,8,publish,jdbc_executeQuery,DocumentSchemaPolicies.select,384,42262684,0
candidate-trace,t00,1,8,publish,jdbc_executeQuery,DocumentSchemaRetention.requireFragments,192,137159549,0
candidate-trace,t00,1,8,publish,jdbc_executeQuery,DocumentSchemaRetention.requireRevision,192,23625979,0
candidate-trace,t00,1,8,publish,jdbc_executeQuery,DocumentSchemaRetention.write,192,42087025,0
candidate-trace,t00,1,8,publish,jdbc_executeQuery,DocumentSelectedAttemptLedger.lockSelected,192,27496816,0
candidate-trace,t00,1,8,publish,jdbc_executeQuery,DocumentSelectedAttemptLedger.requireOwner,576,150637891,0
candidate-trace,t00,1,8,publish,jdbc_executeQuery,DocumentSelectedAttemptLedger.requireSelections,1152,212368412,0
candidate-trace,t00,1,8,publish,jdbc_executeQuery,DocumentUploadAdmissionReplay.hasSelections,192,19436786,0
candidate-trace,t00,1,8,publish,jdbc_executeQuery,ManagedBackendLedger.find,384,36813615,0
candidate-trace,t00,1,8,publish,jdbc_executeQuery,RepositoryCoordinatorBinding.bindInitial,192,19683891,0
candidate-trace,t00,1,8,publish,jdbc_executeQuery,RepositoryExecutionClaimLedger.live,192,20539068,0
candidate-trace,t00,1,8,publish,jdbc_executeQuery,RepositoryExecutionClaimLedger.lockLive,3072,791843471,0
candidate-trace,t00,1,8,publish,jdbc_executeQuery,RepositoryExecutionClaimLedger.readLocked,1152,94671894,0
candidate-trace,t00,1,8,publish,jdbc_executeQuery,RepositoryOperationLedger.fenceLiveOwner,1728,1015112668,0
candidate-trace,t00,1,8,publish,jdbc_executeQuery,RepositoryOperationLedger.live,576,77994483,0
candidate-trace,t00,1,8,publish,jdbc_executeQuery,RepositoryOperationLedger.read,192,23505117,0
candidate-trace,t00,1,8,publish,jdbc_executeQuery,RepositoryOperationLedger.readOwner,768,74495974,0
candidate-trace,t00,1,8,publish,jdbc_executeQuery,RepositoryOperationLedger.requireCommand,1728,170967008,0
candidate-trace,t00,1,8,publish,jdbc_executeQuery,RepositorySchemaArtifacts.lambda$stage$3,768,773100129,0
candidate-trace,t00,1,8,publish,jdbc_executeQuery,SqlTimeouts.apply,1152,140343050,0
candidate-trace,t00,1,8,publish,jdbc_executeUpdate,DocumentCommitWriter.write,1344,1032804963,0
candidate-trace,t00,1,8,publish,jdbc_executeUpdate,DocumentOperationSelection.insert,192,187616476,0
candidate-trace,t00,1,8,publish,jdbc_executeUpdate,DocumentOperationUploadAdmission.writeAdmissions,384,221080622,0
candidate-trace,t00,1,8,publish,jdbc_executeUpdate,DocumentPartAttemptLedger.insertEncodedRows,192,151256169,0
candidate-trace,t00,1,8,publish,jdbc_executeUpdate,DocumentPreparationCoverageCertificates.insert,192,66844668,0
candidate-trace,t00,1,8,publish,jdbc_executeUpdate,DocumentPreparationHistoryRoots.insert,384,112885586,0
candidate-trace,t00,1,8,publish,jdbc_executeUpdate,DocumentPublicationCommit.lambda$commitInternal$6,576,610846779,0
candidate-trace,t00,1,8,publish,jdbc_executeUpdate,DocumentPublicationModesJournal.insert,192,117386593,0
candidate-trace,t00,1,8,publish,jdbc_executeUpdate,DocumentPublicationPreparationJournal.insert,192,135096168,0
candidate-trace,t00,1,8,publish,jdbc_executeUpdate,DocumentSchemaAdmissionBinding.insert,192,152080512,0
candidate-trace,t00,1,8,publish,jdbc_executeUpdate,DocumentSelectedAttemptLedger.renewSelections,576,349871956,0
candidate-trace,t00,1,8,publish,jdbc_executeUpdate,RepositoryCoordinatorBinding.bindInitial,192,59627075,0
candidate-trace,t00,1,8,publish,jdbc_executeUpdate,RepositoryExecutionClaimLedger.acquireInitialChecked,192,68978971,0
candidate-trace,t00,1,8,publish,jdbc_executeUpdate,RepositoryExecutionClaimLedger.renewLive,384,70888499,0
candidate-trace,t00,1,8,publish,jdbc_executeUpdate,RepositoryOperationLedger.admitInTransaction,384,189512566,0
candidate-trace,t00,1,8,publish,jdbc_executeUpdate,RepositoryOperationLedger.renewLive,384,213899392,0
candidate-trace,t00,1,8,publish,sql_acquire,DocumentOperationUploadAdmission.captureReads,384,1571510139,0
candidate-trace,t00,1,8,publish,sql_acquire,DocumentOperationUploadAdmission.recheckInitialSelections,192,575298392,0
candidate-trace,t00,1,8,publish,sql_acquire,DocumentOperationUploadAdmission.stage,192,717666007,0
candidate-trace,t00,1,8,publish,sql_acquire,DocumentPublicationCommit.commitInternal,192,974490561,0
candidate-trace,t00,1,8,publish,sql_acquire,DocumentPublicationModesJournal.requireObservedModes,192,855909920,0
candidate-trace,t00,1,8,publish,sql_acquire,DocumentPublicationRegistration.admitInitialAccepted,192,830545505,0
candidate-trace,t00,1,8,publish,sql_acquire,DocumentPublicationRegistration.preflight,192,784625339,0
candidate-trace,t00,1,8,publish,sql_acquire,DocumentPublicationReplay.observe,384,1524628187,0
candidate-trace,t00,1,8,publish,sql_acquire,DocumentSchemaPolicies.read,192,658496744,0
candidate-trace,t00,1,8,publish,sql_acquire,DocumentSelectedAttemptLedger.renew,192,561771817,0
candidate-trace,t00,1,8,publish,sql_acquire,DocumentSelectedAttemptLedger.renewOwnerAndSelections,384,1342759398,0
candidate-trace,t00,1,8,publish,sql_acquire,RepositorySchemaArtifacts.stage,192,1022729798,0
candidate-trace,t00,1,8,publish,sql_usage,DocumentOperationUploadAdmission.captureReads,384,2307000000,0
candidate-trace,t00,1,8,publish,sql_usage,DocumentOperationUploadAdmission.recheckInitialSelections,192,1093000000,0
candidate-trace,t00,1,8,publish,sql_usage,DocumentOperationUploadAdmission.stage,192,2014000000,0
candidate-trace,t00,1,8,publish,sql_usage,DocumentPublicationCommit.commitInternal,192,4971000000,0
candidate-trace,t00,1,8,publish,sql_usage,DocumentPublicationModesJournal.requireObservedModes,192,1078000000,0
candidate-trace,t00,1,8,publish,sql_usage,DocumentPublicationRegistration.admitInitialAccepted,192,2132000000,0
candidate-trace,t00,1,8,publish,sql_usage,DocumentPublicationRegistration.preflight,192,3000000,0
candidate-trace,t00,1,8,publish,sql_usage,DocumentPublicationReplay.observe,384,3000000,0
candidate-trace,t00,1,8,publish,sql_usage,DocumentSchemaPolicies.read,192,1000000,0
candidate-trace,t00,1,8,publish,sql_usage,DocumentSelectedAttemptLedger.renew,192,1257000000,0
candidate-trace,t00,1,8,publish,sql_usage,DocumentSelectedAttemptLedger.renewOwnerAndSelections,384,2864000000,0
candidate-trace,t00,1,8,publish,sql_usage,RepositorySchemaArtifacts.stage,192,1867000000,0
candidate-trace,t00,1,8,read,jdbc_commit,DocumentHistoricalSchemas.authorize,256,1070725443,0
candidate-trace,t00,1,8,read,jdbc_commit,DocumentHistoricalSchemas.check,256,951333216,0
candidate-trace,t00,1,8,read,jdbc_commit,DocumentReadLedger$PinnedHistory.authorizeDelivery,768,3105085613,0
candidate-trace,t00,1,8,read,jdbc_commit,DocumentReadLedger.captureHistorical,256,923481124,0
candidate-trace,t00,1,8,read,jdbc_executeQuery,DocumentHistoricalReadRows.capture,512,266252303,0
candidate-trace,t00,1,8,read,jdbc_executeQuery,DocumentHistoricalSchemaRows.artifacts,512,114059090,0
candidate-trace,t00,1,8,read,jdbc_executeQuery,DocumentHistoricalSchemaRows.capture,512,321701669,0
candidate-trace,t00,1,8,read,jdbc_executeQuery,DocumentHistoricalSchemaRows.references,256,28257572,0
candidate-trace,t00,1,8,read,jdbc_executeQuery,DocumentHistoricalSchemaRows.roots,512,49486409,0
candidate-trace,t00,1,8,read,jdbc_executeQuery,DocumentReadLedger.lambda$captureHistorical$0,256,52276854,0
candidate-trace,t00,1,8,read,jdbc_executeQuery,DocumentReadPins.acquireHistorical,512,98910882,0
candidate-trace,t00,1,8,read,jdbc_executeQuery,DocumentRevisionLocks.lock,3072,566304383,0
candidate-trace,t00,1,8,read,jdbc_executeQuery,ManagedBackendLedger.requireAll,256,34824626,0
candidate-trace,t00,1,8,read,jdbc_executeUpdate,DocumentReadPins.acquireHistorical,256,248160380,0
candidate-trace,t00,1,8,read,sql_acquire,DocumentHistoricalSchemas.authorize,256,1183773357,0
candidate-trace,t00,1,8,read,sql_acquire,DocumentHistoricalSchemas.check,256,1004587187,0
candidate-trace,t00,1,8,read,sql_acquire,DocumentReadLedger$PinnedHistory.authorizeDelivery,768,2942178482,0
candidate-trace,t00,1,8,read,sql_acquire,DocumentReadLedger.captureHistorical,256,1253497776,0
candidate-trace,t00,1,8,read,sql_usage,DocumentHistoricalSchemas.authorize,256,1086000000,0
candidate-trace,t00,1,8,read,sql_usage,DocumentHistoricalSchemas.check,256,1549000000,0
candidate-trace,t00,1,8,read,sql_usage,DocumentReadLedger$PinnedHistory.authorizeDelivery,768,3137000000,0
candidate-trace,t00,1,8,read,sql_usage,DocumentReadLedger.captureHistorical,256,1819000000,0
candidate-trace,t00,1,8,reject,jdbc_commit,DocumentAssessmentCreation.createInternal,64,184299874,0
candidate-trace,t00,1,8,reject,jdbc_commit,DocumentAssessmentCreation.lambda$createInternal$0,64,195936826,0
candidate-trace,t00,1,8,reject,jdbc_commit,DocumentAssessmentDeliveryAuthorization.check,256,949982311,0
candidate-trace,t00,1,8,reject,jdbc_commit,DocumentAssessmentDiscovery.discover,64,185395601,0
candidate-trace,t00,1,8,reject,jdbc_commit,DocumentAssessmentReconciliation.observeRetained,64,245748290,0
candidate-trace,t00,1,8,reject,jdbc_commit,DocumentAssessmentRejections.decide,64,239940742,0
candidate-trace,t00,1,8,reject,jdbc_commit,DocumentAssessmentReplayInputs.load,64,7003717,0
candidate-trace,t00,1,8,reject,jdbc_commit,DocumentAssessmentStartJournal.startRetained,64,194796888,0
candidate-trace,t00,1,8,reject,jdbc_commit,DocumentOperationUploadAdmission.captureReads,128,548353066,0
candidate-trace,t00,1,8,reject,jdbc_commit,DocumentOperationUploadAdmission.recheckInitialSelections,64,263796647,0
candidate-trace,t00,1,8,reject,jdbc_commit,DocumentOperationUploadAdmission.stage,64,343926884,0
candidate-trace,t00,1,8,reject,jdbc_commit,DocumentPublicationModesJournal.loadRetained,128,420192154,0
candidate-trace,t00,1,8,reject,jdbc_commit,DocumentPublicationModesJournal.requireObservedModes,128,444160570,0
candidate-trace,t00,1,8,reject,jdbc_commit,DocumentPublicationPreparationJournal.load,128,404793728,0
candidate-trace,t00,1,8,reject,jdbc_commit,DocumentPublicationRegistration.admitInitialAccepted,64,300871727,0
candidate-trace,t00,1,8,reject,jdbc_commit,DocumentPublicationRegistration.preflight,128,17127223,0
candidate-trace,t00,1,8,reject,jdbc_commit,DocumentPublicationReplay.observe,256,453256930,0
candidate-trace,t00,1,8,reject,jdbc_commit,DocumentSchemaPolicies.read,64,6306588,0
candidate-trace,t00,1,8,reject,jdbc_commit,DocumentSelectedAttemptLedger.renew,64,266067174,0
candidate-trace,t00,1,8,reject,jdbc_commit,DocumentSelectedAttemptLedger.renewOwnerAndSelections,128,538819975,0
candidate-trace,t00,1,8,reject,jdbc_commit,RepositorySchemaArtifacts.stage,64,215340978,0
candidate-trace,t00,1,8,reject,jdbc_executeBatch,DocumentAssessmentCreationWrites.lambda$writeRows$0,64,34164705,0
candidate-trace,t00,1,8,reject,jdbc_executeQuery,DocumentAssessmentDeliveryAuthorization.lambda$check$0,1280,160497734,0
candidate-trace,t00,1,8,reject,jdbc_executeQuery,DocumentAssessmentDeliveryAuthorization.requireLiveReadOwner,512,75663798,0
candidate-trace,t00,1,8,reject,jdbc_executeQuery,DocumentAssessmentDiscovery.lambda$discover$0,128,22019006,0
candidate-trace,t00,1,8,reject,jdbc_executeQuery,DocumentAssessmentReadRows.capture,192,701919830,0
candidate-trace,t00,1,8,reject,jdbc_executeQuery,DocumentAssessmentReconciliation.verifyRetained,256,47945028,0
candidate-trace,t00,1,8,reject,jdbc_executeQuery,DocumentAssessmentRejections.lambda$decide$0,256,43658719,0
candidate-trace,t00,1,8,reject,jdbc_executeQuery,DocumentAssessmentReplayInputs.artifacts,128,51994975,0
candidate-trace,t00,1,8,reject,jdbc_executeQuery,DocumentAssessmentReplayInputs.policy,128,19713528,0
candidate-trace,t00,1,8,reject,jdbc_executeQuery,DocumentAssessmentReplayInputs.read,128,27561157,0
candidate-trace,t00,1,8,reject,jdbc_executeQuery,DocumentAssessmentReplayInputs.roots,128,25788546,0
candidate-trace,t00,1,8,reject,jdbc_executeQuery,DocumentAssessmentRetainedEvidence.verify,64,11436606,0
candidate-trace,t00,1,8,reject,jdbc_executeQuery,DocumentAssessmentRetainedEvidence.verifyArtifacts,64,34479006,0
candidate-trace,t00,1,8,reject,jdbc_executeQuery,DocumentAssessmentRetainedSlots.retainedSelections,64,16208994,0
candidate-trace,t00,1,8,reject,jdbc_executeQuery,DocumentAssessmentRetainedSlots.verify,256,273856074,0
candidate-trace,t00,1,8,reject,jdbc_executeQuery,DocumentAssessmentStartJournal.insertStartedOutcome,64,9975425,0
candidate-trace,t00,1,8,reject,jdbc_executeQuery,DocumentAssessmentStartJournal.lambda$startRetained$2,64,10185048,0
candidate-trace,t00,1,8,reject,jdbc_executeQuery,DocumentAssessmentStartJournal.requireCreation,64,25873627,0
candidate-trace,t00,1,8,reject,jdbc_executeQuery,DocumentCommitParts.bind,128,38273054,0
candidate-trace,t00,1,8,reject,jdbc_executeQuery,DocumentCommitParts.read,64,19619547,0
candidate-trace,t00,1,8,reject,jdbc_executeQuery,DocumentCommitParts.selections,64,13432372,0
candidate-trace,t00,1,8,reject,jdbc_executeQuery,DocumentDriveSnapshot.lock,128,14616522,0
candidate-trace,t00,1,8,reject,jdbc_executeQuery,DocumentKeyReservations.reserveEncoded,64,15320250,0
candidate-trace,t00,1,8,reject,jdbc_executeQuery,DocumentOperationUploadAdmission.lambda$captureReads$0,192,53881662,0
candidate-trace,t00,1,8,reject,jdbc_executeQuery,DocumentOperationUploadAdmission.requireInitialSelections,64,13596454,0
candidate-trace,t00,1,8,reject,jdbc_executeQuery,DocumentOperationUploadAdmission.writeAdmissions,128,24856304,0
candidate-trace,t00,1,8,reject,jdbc_executeQuery,DocumentPartAttemptLedger.lockAll,384,40957635,0
candidate-trace,t00,1,8,reject,jdbc_executeQuery,DocumentPartAttemptLedger.read,128,11145707,0
candidate-trace,t00,1,8,reject,jdbc_executeQuery,DocumentPreparationHistoryRoots.coverage,64,8936188,0
candidate-trace,t00,1,8,reject,jdbc_executeQuery,DocumentPublicationModeValidation.capture,256,30442414,0
candidate-trace,t00,1,8,reject,jdbc_executeQuery,DocumentPublicationModesJournal.readModes,64,11801375,0
candidate-trace,t00,1,8,reject,jdbc_executeQuery,DocumentPublicationPreparationJournal.capture,128,21805040,0
candidate-trace,t00,1,8,reject,jdbc_executeQuery,DocumentPublicationReplay.observe,832,98536083,0
candidate-trace,t00,1,8,reject,jdbc_executeQuery,DocumentRevisionLocks.lock,2304,348059811,0
candidate-trace,t00,1,8,reject,jdbc_executeQuery,DocumentSchemaPolicies.lambda$read$0,64,7274201,0
candidate-trace,t00,1,8,reject,jdbc_executeQuery,DocumentSchemaPolicies.lockCurrent,384,31910600,0
candidate-trace,t00,1,8,reject,jdbc_executeQuery,DocumentSchemaPolicies.select,192,20460328,0
candidate-trace,t00,1,8,reject,jdbc_executeQuery,DocumentSelectedAttemptLedger.lockSelected,64,9346942,0
candidate-trace,t00,1,8,reject,jdbc_executeQuery,DocumentSelectedAttemptLedger.requireOwner,192,49024404,0
candidate-trace,t00,1,8,reject,jdbc_executeQuery,DocumentSelectedAttemptLedger.requireSelections,384,74932839,0
candidate-trace,t00,1,8,reject,jdbc_executeQuery,DocumentUploadAdmissionReplay.hasSelections,64,6198118,0
candidate-trace,t00,1,8,reject,jdbc_executeQuery,ManagedBackendLedger.find,128,12469697,0
candidate-trace,t00,1,8,reject,jdbc_executeQuery,ManagedBackendLedger.requireAll,64,6814061,0
candidate-trace,t00,1,8,reject,jdbc_executeQuery,RepositoryCoordinatorBinding.bindInitial,64,6091986,0
candidate-trace,t00,1,8,reject,jdbc_executeQuery,RepositoryExecutionClaimLedger.live,64,6138299,0
candidate-trace,t00,1,8,reject,jdbc_executeQuery,RepositoryExecutionClaimLedger.lockLive,2048,557563316,0
candidate-trace,t00,1,8,reject,jdbc_executeQuery,RepositoryExecutionClaimLedger.readLocked,384,31460745,0
candidate-trace,t00,1,8,reject,jdbc_executeQuery,RepositoryOperationLedger.fenceLiveOwner,1216,706428469,0
candidate-trace,t00,1,8,reject,jdbc_executeQuery,RepositoryOperationLedger.live,192,31420868,0
candidate-trace,t00,1,8,reject,jdbc_executeQuery,RepositoryOperationLedger.read,64,6874449,0
candidate-trace,t00,1,8,reject,jdbc_executeQuery,RepositoryOperationLedger.readOwner,256,24237303,0
candidate-trace,t00,1,8,reject,jdbc_executeQuery,RepositoryOperationLedger.requireCommand,1216,128826538,0
candidate-trace,t00,1,8,reject,jdbc_executeQuery,RepositorySchemaArtifacts.lambda$stage$3,256,293952755,0
candidate-trace,t00,1,8,reject,jdbc_executeQuery,SqlTimeouts.apply,384,47695342,0
candidate-trace,t00,1,8,reject,jdbc_executeUpdate,DocumentAssessmentCreationWrites.insertOwner,64,53691323,0
candidate-trace,t00,1,8,reject,jdbc_executeUpdate,DocumentAssessmentCreationWrites.lambda$writeRows$1,64,51047201,0
candidate-trace,t00,1,8,reject,jdbc_executeUpdate,DocumentAssessmentCreationWrites.writeRows,448,648956584,0
candidate-trace,t00,1,8,reject,jdbc_executeUpdate,DocumentAssessmentReconciliation.verifyRetained,64,46052593,0
candidate-trace,t00,1,8,reject,jdbc_executeUpdate,DocumentAssessmentRejections.lambda$decide$0,64,43909131,0
candidate-trace,t00,1,8,reject,jdbc_executeUpdate,DocumentAssessmentStartJournal.insertStartedOutcome,64,53771062,0
candidate-trace,t00,1,8,reject,jdbc_executeUpdate,DocumentOperationSelection.insert,64,70155838,0
candidate-trace,t00,1,8,reject,jdbc_executeUpdate,DocumentOperationUploadAdmission.writeAdmissions,128,70804757,0
candidate-trace,t00,1,8,reject,jdbc_executeUpdate,DocumentPartAttemptLedger.insertEncodedRows,64,57609591,0
candidate-trace,t00,1,8,reject,jdbc_executeUpdate,DocumentPreparationCoverageCertificates.insert,64,22507271,0
candidate-trace,t00,1,8,reject,jdbc_executeUpdate,DocumentPreparationHistoryRoots.insert,128,37294144,0
candidate-trace,t00,1,8,reject,jdbc_executeUpdate,DocumentPublicationModesJournal.insert,64,36855639,0
candidate-trace,t00,1,8,reject,jdbc_executeUpdate,DocumentPublicationPreparationJournal.insert,64,44173425,0
candidate-trace,t00,1,8,reject,jdbc_executeUpdate,DocumentSelectedAttemptLedger.renewSelections,192,122161542,0
candidate-trace,t00,1,8,reject,jdbc_executeUpdate,RepositoryCoordinatorBinding.bindInitial,64,19391230,0
candidate-trace,t00,1,8,reject,jdbc_executeUpdate,RepositoryExecutionClaimLedger.acquireInitialChecked,64,22045866,0
candidate-trace,t00,1,8,reject,jdbc_executeUpdate,RepositoryExecutionClaimLedger.renewLive,128,34723749,0
candidate-trace,t00,1,8,reject,jdbc_executeUpdate,RepositoryOperationLedger.admitInTransaction,128,61915420,0
candidate-trace,t00,1,8,reject,jdbc_executeUpdate,RepositoryOperationLedger.renewLive,128,70869552,0
candidate-trace,t00,1,8,reject,sql_acquire,DocumentAssessmentCreation.createInternal,64,282655849,0
candidate-trace,t00,1,8,reject,sql_acquire,DocumentAssessmentCreation.lambda$createInternal$0,64,289430597,0
candidate-trace,t00,1,8,reject,sql_acquire,DocumentAssessmentDeliveryAuthorization.check,256,1015803248,0
candidate-trace,t00,1,8,reject,sql_acquire,DocumentAssessmentDiscovery.discover,64,254256567,0
candidate-trace,t00,1,8,reject,sql_acquire,DocumentAssessmentReconciliation.observeRetained,64,273749377,0
candidate-trace,t00,1,8,reject,sql_acquire,DocumentAssessmentRejections.decide,64,277286561,0
candidate-trace,t00,1,8,reject,sql_acquire,DocumentAssessmentReplayInputs.load,64,246808928,0
candidate-trace,t00,1,8,reject,sql_acquire,DocumentAssessmentStartJournal.startRetained,64,222440688,0
candidate-trace,t00,1,8,reject,sql_acquire,DocumentOperationUploadAdmission.captureReads,128,437477619,0
candidate-trace,t00,1,8,reject,sql_acquire,DocumentOperationUploadAdmission.recheckInitialSelections,64,168090529,0
candidate-trace,t00,1,8,reject,sql_acquire,DocumentOperationUploadAdmission.stage,64,236167358,0
candidate-trace,t00,1,8,reject,sql_acquire,DocumentPublicationModesJournal.loadRetained,128,460934618,0
candidate-trace,t00,1,8,reject,sql_acquire,DocumentPublicationModesJournal.requireObservedModes,128,490005432,0
candidate-trace,t00,1,8,reject,sql_acquire,DocumentPublicationPreparationJournal.load,128,539562620,0
candidate-trace,t00,1,8,reject,sql_acquire,DocumentPublicationRegistration.admitInitialAccepted,64,283716657,0
candidate-trace,t00,1,8,reject,sql_acquire,DocumentPublicationRegistration.preflight,128,556674682,0
candidate-trace,t00,1,8,reject,sql_acquire,DocumentPublicationReplay.observe,256,1299374943,0
candidate-trace,t00,1,8,reject,sql_acquire,DocumentSchemaPolicies.read,64,191782280,0
candidate-trace,t00,1,8,reject,sql_acquire,DocumentSelectedAttemptLedger.renew,64,199564389,0
candidate-trace,t00,1,8,reject,sql_acquire,DocumentSelectedAttemptLedger.renewOwnerAndSelections,128,434189080,0
candidate-trace,t00,1,8,reject,sql_acquire,RepositorySchemaArtifacts.stage,64,249890975,0
candidate-trace,t00,1,8,reject,sql_usage,DocumentAssessmentCreation.createInternal,64,1356000000,0
candidate-trace,t00,1,8,reject,sql_usage,DocumentAssessmentCreation.lambda$createInternal$0,64,272000000,0
candidate-trace,t00,1,8,reject,sql_usage,DocumentAssessmentDeliveryAuthorization.check,256,1283000000,0
candidate-trace,t00,1,8,reject,sql_usage,DocumentAssessmentDiscovery.discover,64,358000000,0
candidate-trace,t00,1,8,reject,sql_usage,DocumentAssessmentReconciliation.observeRetained,64,1592000000,0
candidate-trace,t00,1,8,reject,sql_usage,DocumentAssessmentRejections.decide,64,576000000,0
candidate-trace,t00,1,8,reject,sql_usage,DocumentAssessmentReplayInputs.load,64,207000000,0
candidate-trace,t00,1,8,reject,sql_usage,DocumentAssessmentStartJournal.startRetained,64,344000000,0
candidate-trace,t00,1,8,reject,sql_usage,DocumentOperationUploadAdmission.captureReads,128,780000000,0
candidate-trace,t00,1,8,reject,sql_usage,DocumentOperationUploadAdmission.recheckInitialSelections,64,339000000,0
candidate-trace,t00,1,8,reject,sql_usage,DocumentOperationUploadAdmission.stage,64,733000000,0
candidate-trace,t00,1,8,reject,sql_usage,DocumentPublicationModesJournal.loadRetained,128,431000000,0
candidate-trace,t00,1,8,reject,sql_usage,DocumentPublicationModesJournal.requireObservedModes,128,662000000,0
candidate-trace,t00,1,8,reject,sql_usage,DocumentPublicationPreparationJournal.load,128,421000000,0
candidate-trace,t00,1,8,reject,sql_usage,DocumentPublicationRegistration.admitInitialAccepted,64,683000000,0
candidate-trace,t00,1,8,reject,sql_usage,DocumentPublicationRegistration.preflight,128,8000000,0
candidate-trace,t00,1,8,reject,sql_usage,DocumentPublicationReplay.observe,256,519000000,0
candidate-trace,t00,1,8,reject,sql_usage,DocumentSchemaPolicies.read,64,2000000,0
candidate-trace,t00,1,8,reject,sql_usage,DocumentSelectedAttemptLedger.renew,64,429000000,0
candidate-trace,t00,1,8,reject,sql_usage,DocumentSelectedAttemptLedger.renewOwnerAndSelections,128,988000000,0
candidate-trace,t00,1,8,reject,sql_usage,RepositorySchemaArtifacts.stage,64,619000000,0
candidate-trace,t00,1,8,replay,jdbc_commit,DocumentPublicationReplay.observe,256,1135526054,0
candidate-trace,t00,1,8,replay,jdbc_executeQuery,DocumentPublicationReplay.observe,768,93059152,0
candidate-trace,t00,1,8,replay,jdbc_executeQuery,DocumentPublicationReplay.requireRevisions,192,34359512,0
candidate-trace,t00,1,8,replay,jdbc_executeQuery,DocumentRevisionLocks.lock,512,83409760,0
candidate-trace,t00,1,8,replay,jdbc_executeQuery,RepositoryOperationLedger.requireCommand,256,28558187,0
candidate-trace,t00,1,8,replay,sql_acquire,DocumentPublicationReplay.observe,256,1420074612,0
candidate-trace,t00,1,8,replay,sql_usage,DocumentPublicationReplay.observe,256,1379000000,0
candidate-trace,t00,1,8,unscoped,jdbc_commit,DocumentAssessmentReadProtection.finish,64,252149596,0
candidate-trace,t00,1,8,unscoped,jdbc_commit,DocumentReadPins.finish,256,1292096752,0
candidate-trace,t00,1,8,unscoped,jdbc_commit,DocumentSelectedAttemptLedger.verifyBatch,256,1116108399,0
candidate-trace,t00,1,8,unscoped,jdbc_executeQuery,DocumentAssessmentReadProtection.lambda$finish$0,64,41999636,0
candidate-trace,t00,1,8,unscoped,jdbc_executeQuery,DocumentPartAttemptLedger.read,512,52699844,0
candidate-trace,t00,1,8,unscoped,jdbc_executeQuery,DocumentReadPins.lambda$finish$0,256,254091675,0
candidate-trace,t00,1,8,unscoped,jdbc_executeQuery,DocumentSelectedAttemptLedger.lockSelected,512,70909486,0
candidate-trace,t00,1,8,unscoped,jdbc_executeQuery,DocumentSelectedAttemptLedger.requireOwner,256,55224221,0
candidate-trace,t00,1,8,unscoped,jdbc_executeQuery,RepositoryExecutionClaimLedger.lockLive,256,68355468,0
candidate-trace,t00,1,8,unscoped,jdbc_executeQuery,RepositoryOperationLedger.fenceLiveOwner,256,157845071,0
candidate-trace,t00,1,8,unscoped,jdbc_executeQuery,SqlTimeouts.apply,256,32600338,0
candidate-trace,t00,1,8,unscoped,jdbc_executeUpdate,DocumentSelectedAttemptLedger.verifyBatch,512,357505392,0
candidate-trace,t00,1,8,unscoped,provider_getBounded,DocumentPartTransfer.upload,256,435858826,0
candidate-trace,t00,1,8,unscoped,provider_getBounded,outside_ledger,320,651020654,0
candidate-trace,t00,1,8,unscoped,provider_put,DocumentPartTransfer.upload,256,18553063479,0
candidate-trace,t00,1,8,unscoped,sql_acquire,DocumentAssessmentReadProtection.finish,64,237147665,0
candidate-trace,t00,1,8,unscoped,sql_acquire,DocumentReadPins.finish,256,771709998,0
candidate-trace,t00,1,8,unscoped,sql_acquire,DocumentSelectedAttemptLedger.verifyBatch,256,676299915,0
candidate-trace,t00,1,8,unscoped,sql_usage,DocumentAssessmentReadProtection.finish,64,272000000,0
candidate-trace,t00,1,8,unscoped,sql_usage,DocumentReadPins.finish,256,1437000000,0
candidate-trace,t00,1,8,unscoped,sql_usage,DocumentSelectedAttemptLedger.verifyBatch,256,1873000000,0
candidate-trace,t01,4,8,publish,jdbc_commit,DocumentOperationUploadAdmission.captureReads,384,1833942439,0
candidate-trace,t01,4,8,publish,jdbc_commit,DocumentOperationUploadAdmission.recheckInitialSelections,192,901629681,0
candidate-trace,t01,4,8,publish,jdbc_commit,DocumentOperationUploadAdmission.stage,192,952423623,0
candidate-trace,t01,4,8,publish,jdbc_commit,DocumentPublicationCommit.commitInternal,192,834077281,0
candidate-trace,t01,4,8,publish,jdbc_commit,DocumentPublicationModesJournal.requireObservedModes,192,772735934,0
candidate-trace,t01,4,8,publish,jdbc_commit,DocumentPublicationRegistration.admitInitialAccepted,192,956619398,0
candidate-trace,t01,4,8,publish,jdbc_commit,DocumentPublicationRegistration.preflight,192,42476654,0
candidate-trace,t01,4,8,publish,jdbc_commit,DocumentPublicationReplay.observe,384,69903950,0
candidate-trace,t01,4,8,publish,jdbc_commit,DocumentSchemaPolicies.read,192,34484100,0
candidate-trace,t01,4,8,publish,jdbc_commit,DocumentSelectedAttemptLedger.renew,192,831112850,0
candidate-trace,t01,4,8,publish,jdbc_commit,DocumentSelectedAttemptLedger.renewOwnerAndSelections,384,1763622046,0
candidate-trace,t01,4,8,publish,jdbc_commit,RepositorySchemaArtifacts.stage,192,809173447,0
candidate-trace,t01,4,8,publish,jdbc_executeBatch,DocumentSchemaRetention.flush,576,694051473,0
candidate-trace,t01,4,8,publish,jdbc_executeQuery,DocumentAdmissionSnapshot.prepare,192,102829257,0
candidate-trace,t01,4,8,publish,jdbc_executeQuery,DocumentCommitParts.bind,192,55520162,0
candidate-trace,t01,4,8,publish,jdbc_executeQuery,DocumentCommitParts.read,192,191479184,0
candidate-trace,t01,4,8,publish,jdbc_executeQuery,DocumentCommitParts.selections,192,98043732,0
candidate-trace,t01,4,8,publish,jdbc_executeQuery,DocumentCommitWriter.write,384,74946925,0
candidate-trace,t01,4,8,publish,jdbc_executeQuery,DocumentDriveSnapshot.lock,384,80757317,0
candidate-trace,t01,4,8,publish,jdbc_executeQuery,DocumentKeyReservations.reserveEncoded,192,83360173,0
candidate-trace,t01,4,8,publish,jdbc_executeQuery,DocumentOperationUploadAdmission.lambda$captureReads$0,576,191477038,0
candidate-trace,t01,4,8,publish,jdbc_executeQuery,DocumentOperationUploadAdmission.requireInitialSelections,192,79857911,0
candidate-trace,t01,4,8,publish,jdbc_executeQuery,DocumentOperationUploadAdmission.writeAdmissions,384,101192376,0
candidate-trace,t01,4,8,publish,jdbc_executeQuery,DocumentPartAttemptLedger.lockAll,1152,177670801,0
candidate-trace,t01,4,8,publish,jdbc_executeQuery,DocumentPartAttemptLedger.read,384,70434879,0
candidate-trace,t01,4,8,publish,jdbc_executeQuery,DocumentPreparationHistoryRoots.coverage,192,70067654,0
candidate-trace,t01,4,8,publish,jdbc_executeQuery,DocumentPublicationLocks$IndependentOrigins.requireScope,384,54928916,0
candidate-trace,t01,4,8,publish,jdbc_executeQuery,DocumentPublicationLocks.lockIndependentOrigins,960,202371394,0
candidate-trace,t01,4,8,publish,jdbc_executeQuery,DocumentPublicationLocks.lockIndependentRetention,192,49004307,0
candidate-trace,t01,4,8,publish,jdbc_executeQuery,DocumentPublicationModeBinding.require,192,71395121,0
candidate-trace,t01,4,8,publish,jdbc_executeQuery,DocumentPublicationModeValidation.capture,384,90735413,0
candidate-trace,t01,4,8,publish,jdbc_executeQuery,DocumentPublicationReplay.observe,768,194053797,0
candidate-trace,t01,4,8,publish,jdbc_executeQuery,DocumentRevisionLocks.lock,2304,697076083,0
candidate-trace,t01,4,8,publish,jdbc_executeQuery,DocumentSchemaBatch.lockArtifacts,960,206739807,0
candidate-trace,t01,4,8,publish,jdbc_executeQuery,DocumentSchemaPolicies.lambda$read$0,192,39740492,0
candidate-trace,t01,4,8,publish,jdbc_executeQuery,DocumentSchemaPolicies.lockCurrent,576,87688011,0
candidate-trace,t01,4,8,publish,jdbc_executeQuery,DocumentSchemaPolicies.select,384,79843939,0
candidate-trace,t01,4,8,publish,jdbc_executeQuery,DocumentSchemaRetention.requireFragments,192,413836775,0
candidate-trace,t01,4,8,publish,jdbc_executeQuery,DocumentSchemaRetention.requireRevision,192,52564394,0
candidate-trace,t01,4,8,publish,jdbc_executeQuery,DocumentSchemaRetention.write,192,66751824,0
candidate-trace,t01,4,8,publish,jdbc_executeQuery,DocumentSelectedAttemptLedger.lockSelected,192,49277617,0
candidate-trace,t01,4,8,publish,jdbc_executeQuery,DocumentSelectedAttemptLedger.requireOwner,576,179340794,0
candidate-trace,t01,4,8,publish,jdbc_executeQuery,DocumentSelectedAttemptLedger.requireSelections,1152,284803508,0
candidate-trace,t01,4,8,publish,jdbc_executeQuery,DocumentUploadAdmissionReplay.hasSelections,192,42785748,0
candidate-trace,t01,4,8,publish,jdbc_executeQuery,ManagedBackendLedger.find,384,69171275,0
candidate-trace,t01,4,8,publish,jdbc_executeQuery,RepositoryCoordinatorBinding.bindInitial,192,50075530,0
candidate-trace,t01,4,8,publish,jdbc_executeQuery,RepositoryExecutionClaimLedger.live,192,62507828,0
candidate-trace,t01,4,8,publish,jdbc_executeQuery,RepositoryExecutionClaimLedger.lockLive,3072,1167418055,0
candidate-trace,t01,4,8,publish,jdbc_executeQuery,RepositoryExecutionClaimLedger.readLocked,1152,172162275,0
candidate-trace,t01,4,8,publish,jdbc_executeQuery,RepositoryOperationLedger.fenceLiveOwner,1728,1333371444,0
candidate-trace,t01,4,8,publish,jdbc_executeQuery,RepositoryOperationLedger.live,576,118295272,0
candidate-trace,t01,4,8,publish,jdbc_executeQuery,RepositoryOperationLedger.read,192,51413359,0
candidate-trace,t01,4,8,publish,jdbc_executeQuery,RepositoryOperationLedger.readOwner,768,117383014,0
candidate-trace,t01,4,8,publish,jdbc_executeQuery,RepositoryOperationLedger.requireCommand,1728,280156875,0
candidate-trace,t01,4,8,publish,jdbc_executeQuery,RepositorySchemaArtifacts.lambda$stage$3,768,790712093,0
candidate-trace,t01,4,8,publish,jdbc_executeQuery,SqlTimeouts.apply,1152,196109573,0
candidate-trace,t01,4,8,publish,jdbc_executeUpdate,DocumentCommitWriter.write,1344,1754942141,0
candidate-trace,t01,4,8,publish,jdbc_executeUpdate,DocumentOperationSelection.insert,192,269499331,0
candidate-trace,t01,4,8,publish,jdbc_executeUpdate,DocumentOperationUploadAdmission.writeAdmissions,384,341405223,0
candidate-trace,t01,4,8,publish,jdbc_executeUpdate,DocumentPartAttemptLedger.insertEncodedRows,192,240629702,0
candidate-trace,t01,4,8,publish,jdbc_executeUpdate,DocumentPreparationCoverageCertificates.insert,192,130413163,0
candidate-trace,t01,4,8,publish,jdbc_executeUpdate,DocumentPreparationHistoryRoots.insert,384,209369786,0
candidate-trace,t01,4,8,publish,jdbc_executeUpdate,DocumentPublicationCommit.lambda$commitInternal$6,576,1266160858,0
candidate-trace,t01,4,8,publish,jdbc_executeUpdate,DocumentPublicationModesJournal.insert,192,187898371,0
candidate-trace,t01,4,8,publish,jdbc_executeUpdate,DocumentPublicationPreparationJournal.insert,192,216761313,0
candidate-trace,t01,4,8,publish,jdbc_executeUpdate,DocumentSchemaAdmissionBinding.insert,192,221578964,0
candidate-trace,t01,4,8,publish,jdbc_executeUpdate,DocumentSelectedAttemptLedger.renewSelections,576,440761031,0
candidate-trace,t01,4,8,publish,jdbc_executeUpdate,RepositoryCoordinatorBinding.bindInitial,192,124056976,0
candidate-trace,t01,4,8,publish,jdbc_executeUpdate,RepositoryExecutionClaimLedger.acquireInitialChecked,192,114066226,0
candidate-trace,t01,4,8,publish,jdbc_executeUpdate,RepositoryExecutionClaimLedger.renewLive,384,104730208,0
candidate-trace,t01,4,8,publish,jdbc_executeUpdate,RepositoryOperationLedger.admitInTransaction,384,295915875,0
candidate-trace,t01,4,8,publish,jdbc_executeUpdate,RepositoryOperationLedger.renewLive,384,277878891,0
candidate-trace,t01,4,8,publish,sql_acquire,DocumentOperationUploadAdmission.captureReads,384,1248966,0
candidate-trace,t01,4,8,publish,sql_acquire,DocumentOperationUploadAdmission.recheckInitialSelections,192,557102,0
candidate-trace,t01,4,8,publish,sql_acquire,DocumentOperationUploadAdmission.stage,192,475295,0
candidate-trace,t01,4,8,publish,sql_acquire,DocumentPublicationCommit.commitInternal,192,573081,0
candidate-trace,t01,4,8,publish,sql_acquire,DocumentPublicationModesJournal.requireObservedModes,192,557885,0
candidate-trace,t01,4,8,publish,sql_acquire,DocumentPublicationRegistration.admitInitialAccepted,192,440439,0
candidate-trace,t01,4,8,publish,sql_acquire,DocumentPublicationRegistration.preflight,192,2550181,0
candidate-trace,t01,4,8,publish,sql_acquire,DocumentPublicationReplay.observe,384,1034142,0
candidate-trace,t01,4,8,publish,sql_acquire,DocumentSchemaPolicies.read,192,532943,0
candidate-trace,t01,4,8,publish,sql_acquire,DocumentSelectedAttemptLedger.renew,192,956400,0
candidate-trace,t01,4,8,publish,sql_acquire,DocumentSelectedAttemptLedger.renewOwnerAndSelections,384,1108061,0
candidate-trace,t01,4,8,publish,sql_acquire,RepositorySchemaArtifacts.stage,192,768306,0
candidate-trace,t01,4,8,publish,sql_usage,DocumentOperationUploadAdmission.captureReads,384,2905000000,0
candidate-trace,t01,4,8,publish,sql_usage,DocumentOperationUploadAdmission.recheckInitialSelections,192,1263000000,0
candidate-trace,t01,4,8,publish,sql_usage,DocumentOperationUploadAdmission.stage,192,2949000000,0
candidate-trace,t01,4,8,publish,sql_usage,DocumentPublicationCommit.commitInternal,192,8836000000,0
candidate-trace,t01,4,8,publish,sql_usage,DocumentPublicationModesJournal.requireObservedModes,192,1406000000,0
candidate-trace,t01,4,8,publish,sql_usage,DocumentPublicationRegistration.admitInitialAccepted,192,3301000000,0
candidate-trace,t01,4,8,publish,sql_usage,DocumentPublicationRegistration.preflight,192,187000000,0
candidate-trace,t01,4,8,publish,sql_usage,DocumentPublicationReplay.observe,384,147000000,0
candidate-trace,t01,4,8,publish,sql_usage,DocumentSchemaPolicies.read,192,122000000,0
candidate-trace,t01,4,8,publish,sql_usage,DocumentSelectedAttemptLedger.renew,192,1498000000,0
candidate-trace,t01,4,8,publish,sql_usage,DocumentSelectedAttemptLedger.renewOwnerAndSelections,384,3830000000,0
candidate-trace,t01,4,8,publish,sql_usage,RepositorySchemaArtifacts.stage,192,2176000000,0
candidate-trace,t01,4,8,read,jdbc_commit,DocumentHistoricalSchemas.authorize,256,1122594623,0
candidate-trace,t01,4,8,read,jdbc_commit,DocumentHistoricalSchemas.check,256,989708282,0
candidate-trace,t01,4,8,read,jdbc_commit,DocumentReadLedger$PinnedHistory.authorizeDelivery,768,3391459330,0
candidate-trace,t01,4,8,read,jdbc_commit,DocumentReadLedger.captureHistorical,256,1165278141,0
candidate-trace,t01,4,8,read,jdbc_executeQuery,DocumentHistoricalReadRows.capture,512,740928503,0
candidate-trace,t01,4,8,read,jdbc_executeQuery,DocumentHistoricalSchemaRows.artifacts,512,183161851,0
candidate-trace,t01,4,8,read,jdbc_executeQuery,DocumentHistoricalSchemaRows.capture,512,640386017,0
candidate-trace,t01,4,8,read,jdbc_executeQuery,DocumentHistoricalSchemaRows.references,256,51782548,0
candidate-trace,t01,4,8,read,jdbc_executeQuery,DocumentHistoricalSchemaRows.roots,512,109951232,0
candidate-trace,t01,4,8,read,jdbc_executeQuery,DocumentReadLedger.lambda$captureHistorical$0,256,78434648,0
candidate-trace,t01,4,8,read,jdbc_executeQuery,DocumentReadPins.acquireHistorical,512,227501195,0
candidate-trace,t01,4,8,read,jdbc_executeQuery,DocumentRevisionLocks.lock,3072,1031636417,0
candidate-trace,t01,4,8,read,jdbc_executeQuery,ManagedBackendLedger.requireAll,256,65154218,0
candidate-trace,t01,4,8,read,jdbc_executeUpdate,DocumentReadPins.acquireHistorical,256,380490006,0
candidate-trace,t01,4,8,read,sql_acquire,DocumentHistoricalSchemas.authorize,256,1014863,0
candidate-trace,t01,4,8,read,sql_acquire,DocumentHistoricalSchemas.check,256,735875,0
candidate-trace,t01,4,8,read,sql_acquire,DocumentReadLedger$PinnedHistory.authorizeDelivery,768,2291569,0
candidate-trace,t01,4,8,read,sql_acquire,DocumentReadLedger.captureHistorical,256,5276036,0
candidate-trace,t01,4,8,read,sql_usage,DocumentHistoricalSchemas.authorize,256,1308000000,0
candidate-trace,t01,4,8,read,sql_usage,DocumentHistoricalSchemas.check,256,2248000000,0
candidate-trace,t01,4,8,read,sql_usage,DocumentReadLedger$PinnedHistory.authorizeDelivery,768,3815000000,0
candidate-trace,t01,4,8,read,sql_usage,DocumentReadLedger.captureHistorical,256,3205000000,0
candidate-trace,t01,4,8,reject,jdbc_commit,DocumentAssessmentCreation.createInternal,64,211516956,0
candidate-trace,t01,4,8,reject,jdbc_commit,DocumentAssessmentCreation.lambda$createInternal$0,64,206364308,0
candidate-trace,t01,4,8,reject,jdbc_commit,DocumentAssessmentDeliveryAuthorization.check,256,958235756,0
candidate-trace,t01,4,8,reject,jdbc_commit,DocumentAssessmentDiscovery.discover,64,168691685,0
candidate-trace,t01,4,8,reject,jdbc_commit,DocumentAssessmentReconciliation.observeRetained,64,217074548,0
candidate-trace,t01,4,8,reject,jdbc_commit,DocumentAssessmentRejections.decide,64,240015954,0
candidate-trace,t01,4,8,reject,jdbc_commit,DocumentAssessmentReplayInputs.load,64,10874960,0
candidate-trace,t01,4,8,reject,jdbc_commit,DocumentAssessmentStartJournal.startRetained,64,216956045,0
candidate-trace,t01,4,8,reject,jdbc_commit,DocumentOperationUploadAdmission.captureReads,128,525959569,0
candidate-trace,t01,4,8,reject,jdbc_commit,DocumentOperationUploadAdmission.recheckInitialSelections,64,306211594,0
candidate-trace,t01,4,8,reject,jdbc_commit,DocumentOperationUploadAdmission.stage,64,305612371,0
candidate-trace,t01,4,8,reject,jdbc_commit,DocumentPublicationModesJournal.loadRetained,128,453843988,0
candidate-trace,t01,4,8,reject,jdbc_commit,DocumentPublicationModesJournal.requireObservedModes,128,434673609,0
candidate-trace,t01,4,8,reject,jdbc_commit,DocumentPublicationPreparationJournal.load,128,424128961,0
candidate-trace,t01,4,8,reject,jdbc_commit,DocumentPublicationRegistration.admitInitialAccepted,64,347809489,0
candidate-trace,t01,4,8,reject,jdbc_commit,DocumentPublicationRegistration.preflight,128,18814329,0
candidate-trace,t01,4,8,reject,jdbc_commit,DocumentPublicationReplay.observe,256,475375751,0
candidate-trace,t01,4,8,reject,jdbc_commit,DocumentSchemaPolicies.read,64,8578347,0
candidate-trace,t01,4,8,reject,jdbc_commit,DocumentSelectedAttemptLedger.renew,64,273333256,0
candidate-trace,t01,4,8,reject,jdbc_commit,DocumentSelectedAttemptLedger.renewOwnerAndSelections,128,604263886,0
candidate-trace,t01,4,8,reject,jdbc_commit,RepositorySchemaArtifacts.stage,64,249897922,0
candidate-trace,t01,4,8,reject,jdbc_executeBatch,DocumentAssessmentCreationWrites.lambda$writeRows$0,64,58360983,0
candidate-trace,t01,4,8,reject,jdbc_executeQuery,DocumentAssessmentDeliveryAuthorization.lambda$check$0,1280,258156476,0
candidate-trace,t01,4,8,reject,jdbc_executeQuery,DocumentAssessmentDeliveryAuthorization.requireLiveReadOwner,512,101657185,0
candidate-trace,t01,4,8,reject,jdbc_executeQuery,DocumentAssessmentDiscovery.lambda$discover$0,128,34854587,0
candidate-trace,t01,4,8,reject,jdbc_executeQuery,DocumentAssessmentReadRows.capture,192,873593654,0
candidate-trace,t01,4,8,reject,jdbc_executeQuery,DocumentAssessmentReconciliation.verifyRetained,256,74420916,0
candidate-trace,t01,4,8,reject,jdbc_executeQuery,DocumentAssessmentRejections.lambda$decide$0,256,69618510,0
candidate-trace,t01,4,8,reject,jdbc_executeQuery,DocumentAssessmentReplayInputs.artifacts,128,89283481,0
candidate-trace,t01,4,8,reject,jdbc_executeQuery,DocumentAssessmentReplayInputs.policy,128,32013593,0
candidate-trace,t01,4,8,reject,jdbc_executeQuery,DocumentAssessmentReplayInputs.read,128,42570705,0
candidate-trace,t01,4,8,reject,jdbc_executeQuery,DocumentAssessmentReplayInputs.roots,128,41079568,0
candidate-trace,t01,4,8,reject,jdbc_executeQuery,DocumentAssessmentRetainedEvidence.verify,64,16597305,0
candidate-trace,t01,4,8,reject,jdbc_executeQuery,DocumentAssessmentRetainedEvidence.verifyArtifacts,64,39380841,0
candidate-trace,t01,4,8,reject,jdbc_executeQuery,DocumentAssessmentRetainedSlots.retainedSelections,64,26653611,0
candidate-trace,t01,4,8,reject,jdbc_executeQuery,DocumentAssessmentRetainedSlots.verify,256,318504378,0
candidate-trace,t01,4,8,reject,jdbc_executeQuery,DocumentAssessmentStartJournal.insertStartedOutcome,64,15921189,0
candidate-trace,t01,4,8,reject,jdbc_executeQuery,DocumentAssessmentStartJournal.lambda$startRetained$2,64,17055938,0
candidate-trace,t01,4,8,reject,jdbc_executeQuery,DocumentAssessmentStartJournal.requireCreation,64,43930765,0
candidate-trace,t01,4,8,reject,jdbc_executeQuery,DocumentCommitParts.bind,128,58012623,0
candidate-trace,t01,4,8,reject,jdbc_executeQuery,DocumentCommitParts.read,64,59940454,0
candidate-trace,t01,4,8,reject,jdbc_executeQuery,DocumentCommitParts.selections,64,26747591,0
candidate-trace,t01,4,8,reject,jdbc_executeQuery,DocumentDriveSnapshot.lock,128,23701626,0
candidate-trace,t01,4,8,reject,jdbc_executeQuery,DocumentKeyReservations.reserveEncoded,64,20801012,0
candidate-trace,t01,4,8,reject,jdbc_executeQuery,DocumentOperationUploadAdmission.lambda$captureReads$0,192,57637199,0
candidate-trace,t01,4,8,reject,jdbc_executeQuery,DocumentOperationUploadAdmission.requireInitialSelections,64,39254419,0
candidate-trace,t01,4,8,reject,jdbc_executeQuery,DocumentOperationUploadAdmission.writeAdmissions,128,25829128,0
candidate-trace,t01,4,8,reject,jdbc_executeQuery,DocumentPartAttemptLedger.lockAll,384,59984653,0
candidate-trace,t01,4,8,reject,jdbc_executeQuery,DocumentPartAttemptLedger.read,128,17285246,0
candidate-trace,t01,4,8,reject,jdbc_executeQuery,DocumentPreparationHistoryRoots.coverage,64,13812199,0
candidate-trace,t01,4,8,reject,jdbc_executeQuery,DocumentPublicationModeValidation.capture,256,53599414,0
candidate-trace,t01,4,8,reject,jdbc_executeQuery,DocumentPublicationModesJournal.readModes,64,18558389,0
candidate-trace,t01,4,8,reject,jdbc_executeQuery,DocumentPublicationPreparationJournal.capture,128,35953444,0
candidate-trace,t01,4,8,reject,jdbc_executeQuery,DocumentPublicationReplay.observe,832,144493554,0
candidate-trace,t01,4,8,reject,jdbc_executeQuery,DocumentRevisionLocks.lock,2304,592083725,0
candidate-trace,t01,4,8,reject,jdbc_executeQuery,DocumentSchemaPolicies.lambda$read$0,64,9601156,0
candidate-trace,t01,4,8,reject,jdbc_executeQuery,DocumentSchemaPolicies.lockCurrent,384,52949685,0
candidate-trace,t01,4,8,reject,jdbc_executeQuery,DocumentSchemaPolicies.select,192,30679840,0
candidate-trace,t01,4,8,reject,jdbc_executeQuery,DocumentSelectedAttemptLedger.lockSelected,64,13370079,0
candidate-trace,t01,4,8,reject,jdbc_executeQuery,DocumentSelectedAttemptLedger.requireOwner,192,58426273,0
candidate-trace,t01,4,8,reject,jdbc_executeQuery,DocumentSelectedAttemptLedger.requireSelections,384,111168895,0
candidate-trace,t01,4,8,reject,jdbc_executeQuery,DocumentUploadAdmissionReplay.hasSelections,64,9611451,0
candidate-trace,t01,4,8,reject,jdbc_executeQuery,ManagedBackendLedger.find,128,21040419,0
candidate-trace,t01,4,8,reject,jdbc_executeQuery,ManagedBackendLedger.requireAll,64,11774339,0
candidate-trace,t01,4,8,reject,jdbc_executeQuery,RepositoryCoordinatorBinding.bindInitial,64,9635129,0
candidate-trace,t01,4,8,reject,jdbc_executeQuery,RepositoryExecutionClaimLedger.live,64,10639734,0
candidate-trace,t01,4,8,reject,jdbc_executeQuery,RepositoryExecutionClaimLedger.lockLive,2048,741368945,0
candidate-trace,t01,4,8,reject,jdbc_executeQuery,RepositoryExecutionClaimLedger.readLocked,384,54727248,0
candidate-trace,t01,4,8,reject,jdbc_executeQuery,RepositoryOperationLedger.fenceLiveOwner,1216,917700533,0
candidate-trace,t01,4,8,reject,jdbc_executeQuery,RepositoryOperationLedger.live,192,38384867,0
candidate-trace,t01,4,8,reject,jdbc_executeQuery,RepositoryOperationLedger.read,64,12257152,0
candidate-trace,t01,4,8,reject,jdbc_executeQuery,RepositoryOperationLedger.readOwner,256,39356891,0
candidate-trace,t01,4,8,reject,jdbc_executeQuery,RepositoryOperationLedger.requireCommand,1216,183806572,0
candidate-trace,t01,4,8,reject,jdbc_executeQuery,RepositorySchemaArtifacts.lambda$stage$3,256,292055181,0
candidate-trace,t01,4,8,reject,jdbc_executeQuery,SqlTimeouts.apply,384,63330348,0
candidate-trace,t01,4,8,reject,jdbc_executeUpdate,DocumentAssessmentCreationWrites.insertOwner,64,81935013,0
candidate-trace,t01,4,8,reject,jdbc_executeUpdate,DocumentAssessmentCreationWrites.lambda$writeRows$1,64,90219364,0
candidate-trace,t01,4,8,reject,jdbc_executeUpdate,DocumentAssessmentCreationWrites.writeRows,448,1226883683,0
candidate-trace,t01,4,8,reject,jdbc_executeUpdate,DocumentAssessmentReconciliation.verifyRetained,64,69718353,0
candidate-trace,t01,4,8,reject,jdbc_executeUpdate,DocumentAssessmentRejections.lambda$decide$0,64,71526971,0
candidate-trace,t01,4,8,reject,jdbc_executeUpdate,DocumentAssessmentStartJournal.insertStartedOutcome,64,84007786,0
candidate-trace,t01,4,8,reject,jdbc_executeUpdate,DocumentOperationSelection.insert,64,76291261,0
candidate-trace,t01,4,8,reject,jdbc_executeUpdate,DocumentOperationUploadAdmission.writeAdmissions,128,96073284,0
candidate-trace,t01,4,8,reject,jdbc_executeUpdate,DocumentPartAttemptLedger.insertEncodedRows,64,65209997,0
candidate-trace,t01,4,8,reject,jdbc_executeUpdate,DocumentPreparationCoverageCertificates.insert,64,34013651,0
candidate-trace,t01,4,8,reject,jdbc_executeUpdate,DocumentPreparationHistoryRoots.insert,128,52586415,0
candidate-trace,t01,4,8,reject,jdbc_executeUpdate,DocumentPublicationModesJournal.insert,64,53419428,0
candidate-trace,t01,4,8,reject,jdbc_executeUpdate,DocumentPublicationPreparationJournal.insert,64,58040337,0
candidate-trace,t01,4,8,reject,jdbc_executeUpdate,DocumentSelectedAttemptLedger.renewSelections,192,166981082,0
candidate-trace,t01,4,8,reject,jdbc_executeUpdate,RepositoryCoordinatorBinding.bindInitial,64,28623473,0
candidate-trace,t01,4,8,reject,jdbc_executeUpdate,RepositoryExecutionClaimLedger.acquireInitialChecked,64,27336135,0
candidate-trace,t01,4,8,reject,jdbc_executeUpdate,RepositoryExecutionClaimLedger.renewLive,128,35839014,0
candidate-trace,t01,4,8,reject,jdbc_executeUpdate,RepositoryOperationLedger.admitInTransaction,128,85254819,0
candidate-trace,t01,4,8,reject,jdbc_executeUpdate,RepositoryOperationLedger.renewLive,128,105013645,0
candidate-trace,t01,4,8,reject,sql_acquire,DocumentAssessmentCreation.createInternal,64,171135,0
candidate-trace,t01,4,8,reject,sql_acquire,DocumentAssessmentCreation.lambda$createInternal$0,64,148576,0
candidate-trace,t01,4,8,reject,sql_acquire,DocumentAssessmentDeliveryAuthorization.check,256,857690,0
candidate-trace,t01,4,8,reject,sql_acquire,DocumentAssessmentDiscovery.discover,64,179542,0
candidate-trace,t01,4,8,reject,sql_acquire,DocumentAssessmentReconciliation.observeRetained,64,199864,0
candidate-trace,t01,4,8,reject,sql_acquire,DocumentAssessmentRejections.decide,64,179298,0
candidate-trace,t01,4,8,reject,sql_acquire,DocumentAssessmentReplayInputs.load,64,190101,0
candidate-trace,t01,4,8,reject,sql_acquire,DocumentAssessmentStartJournal.startRetained,64,151276,0
candidate-trace,t01,4,8,reject,sql_acquire,DocumentOperationUploadAdmission.captureReads,128,440248,0
candidate-trace,t01,4,8,reject,sql_acquire,DocumentOperationUploadAdmission.recheckInitialSelections,64,217632,0
candidate-trace,t01,4,8,reject,sql_acquire,DocumentOperationUploadAdmission.stage,64,137639,0
candidate-trace,t01,4,8,reject,sql_acquire,DocumentPublicationModesJournal.loadRetained,128,318943,0
candidate-trace,t01,4,8,reject,sql_acquire,DocumentPublicationModesJournal.requireObservedModes,128,327969,0
candidate-trace,t01,4,8,reject,sql_acquire,DocumentPublicationPreparationJournal.load,128,362227,0
candidate-trace,t01,4,8,reject,sql_acquire,DocumentPublicationRegistration.admitInitialAccepted,64,120967,0
candidate-trace,t01,4,8,reject,sql_acquire,DocumentPublicationRegistration.preflight,128,389198,0
candidate-trace,t01,4,8,reject,sql_acquire,DocumentPublicationReplay.observe,256,741744,0
candidate-trace,t01,4,8,reject,sql_acquire,DocumentSchemaPolicies.read,64,152226,0
candidate-trace,t01,4,8,reject,sql_acquire,DocumentSelectedAttemptLedger.renew,64,350598,0
candidate-trace,t01,4,8,reject,sql_acquire,DocumentSelectedAttemptLedger.renewOwnerAndSelections,128,344325,0
candidate-trace,t01,4,8,reject,sql_acquire,RepositorySchemaArtifacts.stage,64,275511,0
candidate-trace,t01,4,8,reject,sql_usage,DocumentAssessmentCreation.createInternal,64,2411000000,0
candidate-trace,t01,4,8,reject,sql_usage,DocumentAssessmentCreation.lambda$createInternal$0,64,339000000,0
candidate-trace,t01,4,8,reject,sql_usage,DocumentAssessmentDeliveryAuthorization.check,256,1574000000,0
candidate-trace,t01,4,8,reject,sql_usage,DocumentAssessmentDiscovery.discover,64,436000000,0
candidate-trace,t01,4,8,reject,sql_usage,DocumentAssessmentReconciliation.observeRetained,64,2016000000,0
candidate-trace,t01,4,8,reject,sql_usage,DocumentAssessmentRejections.decide,64,780000000,0
candidate-trace,t01,4,8,reject,sql_usage,DocumentAssessmentReplayInputs.load,64,372000000,0
candidate-trace,t01,4,8,reject,sql_usage,DocumentAssessmentStartJournal.startRetained,64,456000000,0
candidate-trace,t01,4,8,reject,sql_usage,DocumentOperationUploadAdmission.captureReads,128,885000000,0
candidate-trace,t01,4,8,reject,sql_usage,DocumentOperationUploadAdmission.recheckInitialSelections,64,427000000,0
candidate-trace,t01,4,8,reject,sql_usage,DocumentOperationUploadAdmission.stage,64,857000000,0
candidate-trace,t01,4,8,reject,sql_usage,DocumentPublicationModesJournal.loadRetained,128,488000000,0
candidate-trace,t01,4,8,reject,sql_usage,DocumentPublicationModesJournal.requireObservedModes,128,833000000,0
candidate-trace,t01,4,8,reject,sql_usage,DocumentPublicationPreparationJournal.load,128,483000000,0
candidate-trace,t01,4,8,reject,sql_usage,DocumentPublicationRegistration.admitInitialAccepted,64,930000000,0
candidate-trace,t01,4,8,reject,sql_usage,DocumentPublicationRegistration.preflight,128,100000000,0
candidate-trace,t01,4,8,reject,sql_usage,DocumentPublicationReplay.observe,256,650000000,0
candidate-trace,t01,4,8,reject,sql_usage,DocumentSchemaPolicies.read,64,21000000,0
candidate-trace,t01,4,8,reject,sql_usage,DocumentSelectedAttemptLedger.renew,64,536000000,0
candidate-trace,t01,4,8,reject,sql_usage,DocumentSelectedAttemptLedger.renewOwnerAndSelections,128,1300000000,0
candidate-trace,t01,4,8,reject,sql_usage,RepositorySchemaArtifacts.stage,64,748000000,0
candidate-trace,t01,4,8,replay,jdbc_commit,DocumentPublicationReplay.observe,256,1071700443,0
candidate-trace,t01,4,8,replay,jdbc_executeQuery,DocumentPublicationReplay.observe,768,147062207,0
candidate-trace,t01,4,8,replay,jdbc_executeQuery,DocumentPublicationReplay.requireRevisions,192,69863234,0
candidate-trace,t01,4,8,replay,jdbc_executeQuery,DocumentRevisionLocks.lock,512,142834138,0
candidate-trace,t01,4,8,replay,jdbc_executeQuery,RepositoryOperationLedger.requireCommand,256,40939633,0
candidate-trace,t01,4,8,replay,sql_acquire,DocumentPublicationReplay.observe,256,789529,0
candidate-trace,t01,4,8,replay,sql_usage,DocumentPublicationReplay.observe,256,1642000000,0
candidate-trace,t01,4,8,unscoped,jdbc_commit,DocumentAssessmentReadProtection.finish,62,286935750,0
candidate-trace,t01,4,8,unscoped,jdbc_commit,DocumentReadPins.finish,256,1219591678,0
candidate-trace,t01,4,8,unscoped,jdbc_commit,DocumentSelectedAttemptLedger.verifyBatch,256,1218542706,0
candidate-trace,t01,4,8,unscoped,jdbc_executeQuery,DocumentAssessmentReadProtection.lambda$finish$0,62,40896996,0
candidate-trace,t01,4,8,unscoped,jdbc_executeQuery,DocumentPartAttemptLedger.read,512,71663123,0
candidate-trace,t01,4,8,unscoped,jdbc_executeQuery,DocumentReadPins.lambda$finish$0,256,425407474,0
candidate-trace,t01,4,8,unscoped,jdbc_executeQuery,DocumentSelectedAttemptLedger.lockSelected,512,93526363,0
candidate-trace,t01,4,8,unscoped,jdbc_executeQuery,DocumentSelectedAttemptLedger.requireOwner,256,73587913,0
candidate-trace,t01,4,8,unscoped,jdbc_executeQuery,RepositoryExecutionClaimLedger.lockLive,256,95307122,0
candidate-trace,t01,4,8,unscoped,jdbc_executeQuery,RepositoryOperationLedger.fenceLiveOwner,256,211531665,0
candidate-trace,t01,4,8,unscoped,jdbc_executeQuery,SqlTimeouts.apply,256,46778570,0
candidate-trace,t01,4,8,unscoped,jdbc_executeUpdate,DocumentSelectedAttemptLedger.verifyBatch,512,415276123,0
candidate-trace,t01,4,8,unscoped,provider_getBounded,DocumentPartTransfer.upload,256,804042677,0
candidate-trace,t01,4,8,unscoped,provider_getBounded,outside_ledger,320,1265543977,0
candidate-trace,t01,4,8,unscoped,provider_put,DocumentPartTransfer.upload,256,18578466315,0
candidate-trace,t01,4,8,unscoped,sql_acquire,DocumentAssessmentReadProtection.finish,62,224527,0
candidate-trace,t01,4,8,unscoped,sql_acquire,DocumentReadPins.finish,256,4109193,0
candidate-trace,t01,4,8,unscoped,sql_acquire,DocumentSelectedAttemptLedger.verifyBatch,256,6530756,0
candidate-trace,t01,4,8,unscoped,sql_usage,DocumentAssessmentReadProtection.finish,62,305000000,0
candidate-trace,t01,4,8,unscoped,sql_usage,DocumentReadPins.finish,256,1558000000,0
candidate-trace,t01,4,8,unscoped,sql_usage,DocumentSelectedAttemptLedger.verifyBatch,256,2324000000,0
candidate-trace,t02,2,4,publish,jdbc_commit,DocumentOperationUploadAdmission.captureReads,384,1683131290,0
candidate-trace,t02,2,4,publish,jdbc_commit,DocumentOperationUploadAdmission.recheckInitialSelections,192,861742276,0
candidate-trace,t02,2,4,publish,jdbc_commit,DocumentOperationUploadAdmission.stage,192,1060215616,0
candidate-trace,t02,2,4,publish,jdbc_commit,DocumentPublicationCommit.commitInternal,192,834908447,0
candidate-trace,t02,2,4,publish,jdbc_commit,DocumentPublicationModesJournal.requireObservedModes,192,852318001,0
candidate-trace,t02,2,4,publish,jdbc_commit,DocumentPublicationRegistration.admitInitialAccepted,192,988765987,0
candidate-trace,t02,2,4,publish,jdbc_commit,DocumentPublicationRegistration.preflight,192,28600868,0
candidate-trace,t02,2,4,publish,jdbc_commit,DocumentPublicationReplay.observe,384,31455616,0
candidate-trace,t02,2,4,publish,jdbc_commit,DocumentSchemaPolicies.read,192,20075340,0
candidate-trace,t02,2,4,publish,jdbc_commit,DocumentSelectedAttemptLedger.renew,192,771993235,0
candidate-trace,t02,2,4,publish,jdbc_commit,DocumentSelectedAttemptLedger.renewOwnerAndSelections,384,1741473607,0
candidate-trace,t02,2,4,publish,jdbc_commit,RepositorySchemaArtifacts.stage,192,878075399,0
candidate-trace,t02,2,4,publish,jdbc_executeBatch,DocumentSchemaRetention.flush,576,500917089,0
candidate-trace,t02,2,4,publish,jdbc_executeQuery,DocumentAdmissionSnapshot.prepare,192,52454453,0
candidate-trace,t02,2,4,publish,jdbc_executeQuery,DocumentCommitParts.bind,192,36901886,0
candidate-trace,t02,2,4,publish,jdbc_executeQuery,DocumentCommitParts.read,192,132330390,0
candidate-trace,t02,2,4,publish,jdbc_executeQuery,DocumentCommitParts.selections,192,45961798,0
candidate-trace,t02,2,4,publish,jdbc_executeQuery,DocumentCommitWriter.write,384,40877489,0
candidate-trace,t02,2,4,publish,jdbc_executeQuery,DocumentDriveSnapshot.lock,384,48411122,0
candidate-trace,t02,2,4,publish,jdbc_executeQuery,DocumentKeyReservations.reserveEncoded,192,50390773,0
candidate-trace,t02,2,4,publish,jdbc_executeQuery,DocumentOperationUploadAdmission.lambda$captureReads$0,576,140432059,0
candidate-trace,t02,2,4,publish,jdbc_executeQuery,DocumentOperationUploadAdmission.requireInitialSelections,192,38511193,0
candidate-trace,t02,2,4,publish,jdbc_executeQuery,DocumentOperationUploadAdmission.writeAdmissions,384,64267929,0
candidate-trace,t02,2,4,publish,jdbc_executeQuery,DocumentPartAttemptLedger.lockAll,1152,117836808,0
candidate-trace,t02,2,4,publish,jdbc_executeQuery,DocumentPartAttemptLedger.read,384,38102351,0
candidate-trace,t02,2,4,publish,jdbc_executeQuery,DocumentPreparationHistoryRoots.coverage,192,25952365,0
candidate-trace,t02,2,4,publish,jdbc_executeQuery,DocumentPublicationLocks$IndependentOrigins.requireScope,384,35281902,0
candidate-trace,t02,2,4,publish,jdbc_executeQuery,DocumentPublicationLocks.lockIndependentOrigins,960,120000120,0
candidate-trace,t02,2,4,publish,jdbc_executeQuery,DocumentPublicationLocks.lockIndependentRetention,192,31127646,0
candidate-trace,t02,2,4,publish,jdbc_executeQuery,DocumentPublicationModeBinding.require,192,33726241,0
candidate-trace,t02,2,4,publish,jdbc_executeQuery,DocumentPublicationModeValidation.capture,384,50374518,0
candidate-trace,t02,2,4,publish,jdbc_executeQuery,DocumentPublicationReplay.observe,768,105709201,0
candidate-trace,t02,2,4,publish,jdbc_executeQuery,DocumentRevisionLocks.lock,2304,477213738,0
candidate-trace,t02,2,4,publish,jdbc_executeQuery,DocumentSchemaBatch.lockArtifacts,960,129055994,0
candidate-trace,t02,2,4,publish,jdbc_executeQuery,DocumentSchemaPolicies.lambda$read$0,192,32383799,0
candidate-trace,t02,2,4,publish,jdbc_executeQuery,DocumentSchemaPolicies.lockCurrent,576,53846717,0
candidate-trace,t02,2,4,publish,jdbc_executeQuery,DocumentSchemaPolicies.select,384,43226037,0
candidate-trace,t02,2,4,publish,jdbc_executeQuery,DocumentSchemaRetention.requireFragments,192,466518927,0
candidate-trace,t02,2,4,publish,jdbc_executeQuery,DocumentSchemaRetention.requireRevision,192,25002861,0
candidate-trace,t02,2,4,publish,jdbc_executeQuery,DocumentSchemaRetention.write,192,46360006,0
candidate-trace,t02,2,4,publish,jdbc_executeQuery,DocumentSelectedAttemptLedger.lockSelected,192,33453454,0
candidate-trace,t02,2,4,publish,jdbc_executeQuery,DocumentSelectedAttemptLedger.requireOwner,576,132935380,0
candidate-trace,t02,2,4,publish,jdbc_executeQuery,DocumentSelectedAttemptLedger.requireSelections,1152,203328548,0
candidate-trace,t02,2,4,publish,jdbc_executeQuery,DocumentUploadAdmissionReplay.hasSelections,192,21223335,0
candidate-trace,t02,2,4,publish,jdbc_executeQuery,ManagedBackendLedger.find,384,41432671,0
candidate-trace,t02,2,4,publish,jdbc_executeQuery,RepositoryCoordinatorBinding.bindInitial,192,18636466,0
candidate-trace,t02,2,4,publish,jdbc_executeQuery,RepositoryExecutionClaimLedger.live,192,20877708,0
candidate-trace,t02,2,4,publish,jdbc_executeQuery,RepositoryExecutionClaimLedger.lockLive,3072,840931122,0
candidate-trace,t02,2,4,publish,jdbc_executeQuery,RepositoryExecutionClaimLedger.readLocked,1152,98268071,0
candidate-trace,t02,2,4,publish,jdbc_executeQuery,RepositoryOperationLedger.fenceLiveOwner,1728,1031149227,0
candidate-trace,t02,2,4,publish,jdbc_executeQuery,RepositoryOperationLedger.live,576,83676226,0
candidate-trace,t02,2,4,publish,jdbc_executeQuery,RepositoryOperationLedger.read,192,24971960,0
candidate-trace,t02,2,4,publish,jdbc_executeQuery,RepositoryOperationLedger.readOwner,768,78761081,0
candidate-trace,t02,2,4,publish,jdbc_executeQuery,RepositoryOperationLedger.requireCommand,1728,176492602,0
candidate-trace,t02,2,4,publish,jdbc_executeQuery,RepositorySchemaArtifacts.lambda$stage$3,768,601964864,0
candidate-trace,t02,2,4,publish,jdbc_executeQuery,SqlTimeouts.apply,1152,143751477,0
candidate-trace,t02,2,4,publish,jdbc_executeUpdate,DocumentCommitWriter.write,1344,2051951112,0
candidate-trace,t02,2,4,publish,jdbc_executeUpdate,DocumentOperationSelection.insert,192,184014561,0
candidate-trace,t02,2,4,publish,jdbc_executeUpdate,DocumentOperationUploadAdmission.writeAdmissions,384,227424654,0
candidate-trace,t02,2,4,publish,jdbc_executeUpdate,DocumentPartAttemptLedger.insertEncodedRows,192,159024364,0
candidate-trace,t02,2,4,publish,jdbc_executeUpdate,DocumentPreparationCoverageCertificates.insert,192,75924523,0
candidate-trace,t02,2,4,publish,jdbc_executeUpdate,DocumentPreparationHistoryRoots.insert,384,122787802,0
candidate-trace,t02,2,4,publish,jdbc_executeUpdate,DocumentPublicationCommit.lambda$commitInternal$6,576,1558772485,0
candidate-trace,t02,2,4,publish,jdbc_executeUpdate,DocumentPublicationModesJournal.insert,192,125309818,0
candidate-trace,t02,2,4,publish,jdbc_executeUpdate,DocumentPublicationPreparationJournal.insert,192,144112251,0
candidate-trace,t02,2,4,publish,jdbc_executeUpdate,DocumentSchemaAdmissionBinding.insert,192,149333740,0
candidate-trace,t02,2,4,publish,jdbc_executeUpdate,DocumentSelectedAttemptLedger.renewSelections,576,343190734,0
candidate-trace,t02,2,4,publish,jdbc_executeUpdate,RepositoryCoordinatorBinding.bindInitial,192,64885259,0
candidate-trace,t02,2,4,publish,jdbc_executeUpdate,RepositoryExecutionClaimLedger.acquireInitialChecked,192,69111179,0
candidate-trace,t02,2,4,publish,jdbc_executeUpdate,RepositoryExecutionClaimLedger.renewLive,384,74833330,0
candidate-trace,t02,2,4,publish,jdbc_executeUpdate,RepositoryOperationLedger.admitInTransaction,384,208446720,0
candidate-trace,t02,2,4,publish,jdbc_executeUpdate,RepositoryOperationLedger.renewLive,384,217121392,0
candidate-trace,t02,2,4,publish,sql_acquire,DocumentOperationUploadAdmission.captureReads,384,1746370597,0
candidate-trace,t02,2,4,publish,sql_acquire,DocumentOperationUploadAdmission.recheckInitialSelections,192,784712612,0
candidate-trace,t02,2,4,publish,sql_acquire,DocumentOperationUploadAdmission.stage,192,857453005,0
candidate-trace,t02,2,4,publish,sql_acquire,DocumentPublicationCommit.commitInternal,192,1376166670,0
candidate-trace,t02,2,4,publish,sql_acquire,DocumentPublicationModesJournal.requireObservedModes,192,1104206252,0
candidate-trace,t02,2,4,publish,sql_acquire,DocumentPublicationRegistration.admitInitialAccepted,192,878209774,0
candidate-trace,t02,2,4,publish,sql_acquire,DocumentPublicationRegistration.preflight,192,874066721,0
candidate-trace,t02,2,4,publish,sql_acquire,DocumentPublicationReplay.observe,384,1921239361,0
candidate-trace,t02,2,4,publish,sql_acquire,DocumentSchemaPolicies.read,192,858951805,0
candidate-trace,t02,2,4,publish,sql_acquire,DocumentSelectedAttemptLedger.renew,192,694640619,0
candidate-trace,t02,2,4,publish,sql_acquire,DocumentSelectedAttemptLedger.renewOwnerAndSelections,384,1774535248,0
candidate-trace,t02,2,4,publish,sql_acquire,RepositorySchemaArtifacts.stage,192,1143137512,0
candidate-trace,t02,2,4,publish,sql_usage,DocumentOperationUploadAdmission.captureReads,384,2396000000,0
candidate-trace,t02,2,4,publish,sql_usage,DocumentOperationUploadAdmission.recheckInitialSelections,192,1063000000,0
candidate-trace,t02,2,4,publish,sql_usage,DocumentOperationUploadAdmission.stage,192,2328000000,0
candidate-trace,t02,2,4,publish,sql_usage,DocumentPublicationCommit.commitInternal,192,7791000000,0
candidate-trace,t02,2,4,publish,sql_usage,DocumentPublicationModesJournal.requireObservedModes,192,1242000000,0
candidate-trace,t02,2,4,publish,sql_usage,DocumentPublicationRegistration.admitInitialAccepted,192,2316000000,0
candidate-trace,t02,2,4,publish,sql_usage,DocumentPublicationRegistration.preflight,192,67000000,0
candidate-trace,t02,2,4,publish,sql_usage,DocumentPublicationReplay.observe,384,2000000,0
candidate-trace,t02,2,4,publish,sql_usage,DocumentSchemaPolicies.read,192,22000000,0
candidate-trace,t02,2,4,publish,sql_usage,DocumentSelectedAttemptLedger.renew,192,1243000000,0
candidate-trace,t02,2,4,publish,sql_usage,DocumentSelectedAttemptLedger.renewOwnerAndSelections,384,3125000000,0
candidate-trace,t02,2,4,publish,sql_usage,RepositorySchemaArtifacts.stage,192,1823000000,0
candidate-trace,t02,2,4,read,jdbc_commit,DocumentHistoricalSchemas.authorize,256,1061978146,0
candidate-trace,t02,2,4,read,jdbc_commit,DocumentHistoricalSchemas.check,256,919147992,0
candidate-trace,t02,2,4,read,jdbc_commit,DocumentReadLedger$PinnedHistory.authorizeDelivery,768,3335554670,0
candidate-trace,t02,2,4,read,jdbc_commit,DocumentReadLedger.captureHistorical,256,1024612121,0
candidate-trace,t02,2,4,read,jdbc_executeQuery,DocumentHistoricalReadRows.capture,512,717547667,0
candidate-trace,t02,2,4,read,jdbc_executeQuery,DocumentHistoricalSchemaRows.artifacts,512,107714832,0
candidate-trace,t02,2,4,read,jdbc_executeQuery,DocumentHistoricalSchemaRows.capture,512,638866883,0
candidate-trace,t02,2,4,read,jdbc_executeQuery,DocumentHistoricalSchemaRows.references,256,30697554,0
candidate-trace,t02,2,4,read,jdbc_executeQuery,DocumentHistoricalSchemaRows.roots,512,55698606,0
candidate-trace,t02,2,4,read,jdbc_executeQuery,DocumentReadLedger.lambda$captureHistorical$0,256,52807588,0
candidate-trace,t02,2,4,read,jdbc_executeQuery,DocumentReadPins.acquireHistorical,512,153137004,0
candidate-trace,t02,2,4,read,jdbc_executeQuery,DocumentRevisionLocks.lock,3072,730509345,0
candidate-trace,t02,2,4,read,jdbc_executeQuery,ManagedBackendLedger.requireAll,256,40201185,0
candidate-trace,t02,2,4,read,jdbc_executeUpdate,DocumentReadPins.acquireHistorical,256,241771141,0
candidate-trace,t02,2,4,read,sql_acquire,DocumentHistoricalSchemas.authorize,256,1504829661,0
candidate-trace,t02,2,4,read,sql_acquire,DocumentHistoricalSchemas.check,256,1535241292,0
candidate-trace,t02,2,4,read,sql_acquire,DocumentReadLedger$PinnedHistory.authorizeDelivery,768,4224294122,0
candidate-trace,t02,2,4,read,sql_acquire,DocumentReadLedger.captureHistorical,256,1752243950,0
candidate-trace,t02,2,4,read,sql_usage,DocumentHistoricalSchemas.authorize,256,1114000000,0
candidate-trace,t02,2,4,read,sql_usage,DocumentHistoricalSchemas.check,256,1907000000,0
candidate-trace,t02,2,4,read,sql_usage,DocumentReadLedger$PinnedHistory.authorizeDelivery,768,3500000000,0
candidate-trace,t02,2,4,read,sql_usage,DocumentReadLedger.captureHistorical,256,2543000000,0
candidate-trace,t02,2,4,reject,jdbc_commit,DocumentAssessmentCreation.createInternal,64,185092711,0
candidate-trace,t02,2,4,reject,jdbc_commit,DocumentAssessmentCreation.lambda$createInternal$0,64,177558645,0
candidate-trace,t02,2,4,reject,jdbc_commit,DocumentAssessmentDeliveryAuthorization.check,256,761151083,0
candidate-trace,t02,2,4,reject,jdbc_commit,DocumentAssessmentDiscovery.discover,64,164026616,0
candidate-trace,t02,2,4,reject,jdbc_commit,DocumentAssessmentReconciliation.observeRetained,64,182287195,0
candidate-trace,t02,2,4,reject,jdbc_commit,DocumentAssessmentRejections.decide,64,228272545,0
candidate-trace,t02,2,4,reject,jdbc_commit,DocumentAssessmentReplayInputs.load,64,8829604,0
candidate-trace,t02,2,4,reject,jdbc_commit,DocumentAssessmentStartJournal.startRetained,64,186374684,0
candidate-trace,t02,2,4,reject,jdbc_commit,DocumentOperationUploadAdmission.captureReads,128,555341978,0
candidate-trace,t02,2,4,reject,jdbc_commit,DocumentOperationUploadAdmission.recheckInitialSelections,64,278288175,0
candidate-trace,t02,2,4,reject,jdbc_commit,DocumentOperationUploadAdmission.stage,64,309675991,0
candidate-trace,t02,2,4,reject,jdbc_commit,DocumentPublicationModesJournal.loadRetained,128,410525927,0
candidate-trace,t02,2,4,reject,jdbc_commit,DocumentPublicationModesJournal.requireObservedModes,128,439729957,0
candidate-trace,t02,2,4,reject,jdbc_commit,DocumentPublicationPreparationJournal.load,128,436391698,0
candidate-trace,t02,2,4,reject,jdbc_commit,DocumentPublicationRegistration.admitInitialAccepted,64,313487809,0
candidate-trace,t02,2,4,reject,jdbc_commit,DocumentPublicationRegistration.preflight,128,12530120,0
candidate-trace,t02,2,4,reject,jdbc_commit,DocumentPublicationReplay.observe,256,371212715,0
candidate-trace,t02,2,4,reject,jdbc_commit,DocumentSchemaPolicies.read,64,6463083,0
candidate-trace,t02,2,4,reject,jdbc_commit,DocumentSelectedAttemptLedger.renew,64,280956524,0
candidate-trace,t02,2,4,reject,jdbc_commit,DocumentSelectedAttemptLedger.renewOwnerAndSelections,128,505538044,0
candidate-trace,t02,2,4,reject,jdbc_commit,RepositorySchemaArtifacts.stage,64,229070769,0
candidate-trace,t02,2,4,reject,jdbc_executeBatch,DocumentAssessmentCreationWrites.lambda$writeRows$0,64,39336539,0
candidate-trace,t02,2,4,reject,jdbc_executeQuery,DocumentAssessmentDeliveryAuthorization.lambda$check$0,1280,185050158,0
candidate-trace,t02,2,4,reject,jdbc_executeQuery,DocumentAssessmentDeliveryAuthorization.requireLiveReadOwner,512,73775447,0
candidate-trace,t02,2,4,reject,jdbc_executeQuery,DocumentAssessmentDiscovery.lambda$discover$0,128,23621517,0
candidate-trace,t02,2,4,reject,jdbc_executeQuery,DocumentAssessmentReadRows.capture,192,657363131,0
candidate-trace,t02,2,4,reject,jdbc_executeQuery,DocumentAssessmentReconciliation.verifyRetained,256,52462282,0
candidate-trace,t02,2,4,reject,jdbc_executeQuery,DocumentAssessmentRejections.lambda$decide$0,256,44054554,0
candidate-trace,t02,2,4,reject,jdbc_executeQuery,DocumentAssessmentReplayInputs.artifacts,128,61769488,0
candidate-trace,t02,2,4,reject,jdbc_executeQuery,DocumentAssessmentReplayInputs.policy,128,21824217,0
candidate-trace,t02,2,4,reject,jdbc_executeQuery,DocumentAssessmentReplayInputs.read,128,29503792,0
candidate-trace,t02,2,4,reject,jdbc_executeQuery,DocumentAssessmentReplayInputs.roots,128,28042804,0
candidate-trace,t02,2,4,reject,jdbc_executeQuery,DocumentAssessmentRetainedEvidence.verify,64,11681100,0
candidate-trace,t02,2,4,reject,jdbc_executeQuery,DocumentAssessmentRetainedEvidence.verifyArtifacts,64,42156690,0
candidate-trace,t02,2,4,reject,jdbc_executeQuery,DocumentAssessmentRetainedSlots.retainedSelections,64,18894632,0
candidate-trace,t02,2,4,reject,jdbc_executeQuery,DocumentAssessmentRetainedSlots.verify,256,225408983,0
candidate-trace,t02,2,4,reject,jdbc_executeQuery,DocumentAssessmentStartJournal.insertStartedOutcome,64,10776832,0
candidate-trace,t02,2,4,reject,jdbc_executeQuery,DocumentAssessmentStartJournal.lambda$startRetained$2,64,10905068,0
candidate-trace,t02,2,4,reject,jdbc_executeQuery,DocumentAssessmentStartJournal.requireCreation,64,26012358,0
candidate-trace,t02,2,4,reject,jdbc_executeQuery,DocumentCommitParts.bind,128,45959652,0
candidate-trace,t02,2,4,reject,jdbc_executeQuery,DocumentCommitParts.read,64,36856883,0
candidate-trace,t02,2,4,reject,jdbc_executeQuery,DocumentCommitParts.selections,64,15382500,0
candidate-trace,t02,2,4,reject,jdbc_executeQuery,DocumentDriveSnapshot.lock,128,16330652,0
candidate-trace,t02,2,4,reject,jdbc_executeQuery,DocumentKeyReservations.reserveEncoded,64,20006571,0
candidate-trace,t02,2,4,reject,jdbc_executeQuery,DocumentOperationUploadAdmission.lambda$captureReads$0,192,46988592,0
candidate-trace,t02,2,4,reject,jdbc_executeQuery,DocumentOperationUploadAdmission.requireInitialSelections,64,12239660,0
candidate-trace,t02,2,4,reject,jdbc_executeQuery,DocumentOperationUploadAdmission.writeAdmissions,128,20639634,0
candidate-trace,t02,2,4,reject,jdbc_executeQuery,DocumentPartAttemptLedger.lockAll,384,39320872,0
candidate-trace,t02,2,4,reject,jdbc_executeQuery,DocumentPartAttemptLedger.read,128,12019320,0
candidate-trace,t02,2,4,reject,jdbc_executeQuery,DocumentPreparationHistoryRoots.coverage,64,11379725,0
candidate-trace,t02,2,4,reject,jdbc_executeQuery,DocumentPublicationModeValidation.capture,256,30368827,0
candidate-trace,t02,2,4,reject,jdbc_executeQuery,DocumentPublicationModesJournal.readModes,64,12725291,0
candidate-trace,t02,2,4,reject,jdbc_executeQuery,DocumentPublicationPreparationJournal.capture,128,23300118,0
candidate-trace,t02,2,4,reject,jdbc_executeQuery,DocumentPublicationReplay.observe,832,104553649,0
candidate-trace,t02,2,4,reject,jdbc_executeQuery,DocumentRevisionLocks.lock,2304,466872396,0
candidate-trace,t02,2,4,reject,jdbc_executeQuery,DocumentSchemaPolicies.lambda$read$0,64,7652539,0
candidate-trace,t02,2,4,reject,jdbc_executeQuery,DocumentSchemaPolicies.lockCurrent,384,34667541,0
candidate-trace,t02,2,4,reject,jdbc_executeQuery,DocumentSchemaPolicies.select,192,21001759,0
candidate-trace,t02,2,4,reject,jdbc_executeQuery,DocumentSelectedAttemptLedger.lockSelected,64,9630361,0
candidate-trace,t02,2,4,reject,jdbc_executeQuery,DocumentSelectedAttemptLedger.requireOwner,192,46878301,0
candidate-trace,t02,2,4,reject,jdbc_executeQuery,DocumentSelectedAttemptLedger.requireSelections,384,71094553,0
candidate-trace,t02,2,4,reject,jdbc_executeQuery,DocumentUploadAdmissionReplay.hasSelections,64,6778908,0
candidate-trace,t02,2,4,reject,jdbc_executeQuery,ManagedBackendLedger.find,128,13917590,0
candidate-trace,t02,2,4,reject,jdbc_executeQuery,ManagedBackendLedger.requireAll,64,6779009,0
candidate-trace,t02,2,4,reject,jdbc_executeQuery,RepositoryCoordinatorBinding.bindInitial,64,5475590,0
candidate-trace,t02,2,4,reject,jdbc_executeQuery,RepositoryExecutionClaimLedger.live,64,6405262,0
candidate-trace,t02,2,4,reject,jdbc_executeQuery,RepositoryExecutionClaimLedger.lockLive,2048,596680271,0
candidate-trace,t02,2,4,reject,jdbc_executeQuery,RepositoryExecutionClaimLedger.readLocked,384,32888577,0
candidate-trace,t02,2,4,reject,jdbc_executeQuery,RepositoryOperationLedger.fenceLiveOwner,1216,704392118,0
candidate-trace,t02,2,4,reject,jdbc_executeQuery,RepositoryOperationLedger.live,192,25874328,0
candidate-trace,t02,2,4,reject,jdbc_executeQuery,RepositoryOperationLedger.read,64,7229954,0
candidate-trace,t02,2,4,reject,jdbc_executeQuery,RepositoryOperationLedger.readOwner,256,26419454,0
candidate-trace,t02,2,4,reject,jdbc_executeQuery,RepositoryOperationLedger.requireCommand,1216,130259331,0
candidate-trace,t02,2,4,reject,jdbc_executeQuery,RepositorySchemaArtifacts.lambda$stage$3,256,221187175,0
candidate-trace,t02,2,4,reject,jdbc_executeQuery,SqlTimeouts.apply,384,48636187,0
candidate-trace,t02,2,4,reject,jdbc_executeUpdate,DocumentAssessmentCreationWrites.insertOwner,64,63989054,0
candidate-trace,t02,2,4,reject,jdbc_executeUpdate,DocumentAssessmentCreationWrites.lambda$writeRows$1,64,54228407,0
candidate-trace,t02,2,4,reject,jdbc_executeUpdate,DocumentAssessmentCreationWrites.writeRows,448,657174498,0
candidate-trace,t02,2,4,reject,jdbc_executeUpdate,DocumentAssessmentReconciliation.verifyRetained,64,47229861,0
candidate-trace,t02,2,4,reject,jdbc_executeUpdate,DocumentAssessmentRejections.lambda$decide$0,64,46728658,0
candidate-trace,t02,2,4,reject,jdbc_executeUpdate,DocumentAssessmentStartJournal.insertStartedOutcome,64,60190191,0
candidate-trace,t02,2,4,reject,jdbc_executeUpdate,DocumentOperationSelection.insert,64,60665566,0
candidate-trace,t02,2,4,reject,jdbc_executeUpdate,DocumentOperationUploadAdmission.writeAdmissions,128,68763437,0
candidate-trace,t02,2,4,reject,jdbc_executeUpdate,DocumentPartAttemptLedger.insertEncodedRows,64,54400297,0
candidate-trace,t02,2,4,reject,jdbc_executeUpdate,DocumentPreparationCoverageCertificates.insert,64,23102770,0
candidate-trace,t02,2,4,reject,jdbc_executeUpdate,DocumentPreparationHistoryRoots.insert,128,39208696,0
candidate-trace,t02,2,4,reject,jdbc_executeUpdate,DocumentPublicationModesJournal.insert,64,41795053,0
candidate-trace,t02,2,4,reject,jdbc_executeUpdate,DocumentPublicationPreparationJournal.insert,64,44801235,0
candidate-trace,t02,2,4,reject,jdbc_executeUpdate,DocumentSelectedAttemptLedger.renewSelections,192,118879208,0
candidate-trace,t02,2,4,reject,jdbc_executeUpdate,RepositoryCoordinatorBinding.bindInitial,64,19078640,0
candidate-trace,t02,2,4,reject,jdbc_executeUpdate,RepositoryExecutionClaimLedger.acquireInitialChecked,64,21075494,0
candidate-trace,t02,2,4,reject,jdbc_executeUpdate,RepositoryExecutionClaimLedger.renewLive,128,29029191,0
candidate-trace,t02,2,4,reject,jdbc_executeUpdate,RepositoryOperationLedger.admitInTransaction,128,68659771,0
candidate-trace,t02,2,4,reject,jdbc_executeUpdate,RepositoryOperationLedger.renewLive,128,76364963,0
candidate-trace,t02,2,4,reject,sql_acquire,DocumentAssessmentCreation.createInternal,64,395895129,0
candidate-trace,t02,2,4,reject,sql_acquire,DocumentAssessmentCreation.lambda$createInternal$0,64,381481521,0
candidate-trace,t02,2,4,reject,sql_acquire,DocumentAssessmentDeliveryAuthorization.check,256,1406760019,0
candidate-trace,t02,2,4,reject,sql_acquire,DocumentAssessmentDiscovery.discover,64,355923571,0
candidate-trace,t02,2,4,reject,sql_acquire,DocumentAssessmentReconciliation.observeRetained,64,418812196,0
candidate-trace,t02,2,4,reject,sql_acquire,DocumentAssessmentRejections.decide,64,350896951,0
candidate-trace,t02,2,4,reject,sql_acquire,DocumentAssessmentReplayInputs.load,64,301416737,0
candidate-trace,t02,2,4,reject,sql_acquire,DocumentAssessmentStartJournal.startRetained,64,342840452,0
candidate-trace,t02,2,4,reject,sql_acquire,DocumentOperationUploadAdmission.captureReads,128,386326820,0
candidate-trace,t02,2,4,reject,sql_acquire,DocumentOperationUploadAdmission.recheckInitialSelections,64,177112477,0
candidate-trace,t02,2,4,reject,sql_acquire,DocumentOperationUploadAdmission.stage,64,268036071,0
candidate-trace,t02,2,4,reject,sql_acquire,DocumentPublicationModesJournal.loadRetained,128,687455828,0
candidate-trace,t02,2,4,reject,sql_acquire,DocumentPublicationModesJournal.requireObservedModes,128,618470064,0
candidate-trace,t02,2,4,reject,sql_acquire,DocumentPublicationPreparationJournal.load,128,631582837,0
candidate-trace,t02,2,4,reject,sql_acquire,DocumentPublicationRegistration.admitInitialAccepted,64,246931484,0
candidate-trace,t02,2,4,reject,sql_acquire,DocumentPublicationRegistration.preflight,128,625879525,0
candidate-trace,t02,2,4,reject,sql_acquire,DocumentPublicationReplay.observe,256,1539195952,0
candidate-trace,t02,2,4,reject,sql_acquire,DocumentSchemaPolicies.read,64,201242138,0
candidate-trace,t02,2,4,reject,sql_acquire,DocumentSelectedAttemptLedger.renew,64,106445790,0
candidate-trace,t02,2,4,reject,sql_acquire,DocumentSelectedAttemptLedger.renewOwnerAndSelections,128,319092720,0
candidate-trace,t02,2,4,reject,sql_acquire,RepositorySchemaArtifacts.stage,64,268842318,0
candidate-trace,t02,2,4,reject,sql_usage,DocumentAssessmentCreation.createInternal,64,1491000000,0
candidate-trace,t02,2,4,reject,sql_usage,DocumentAssessmentCreation.lambda$createInternal$0,64,292000000,0
candidate-trace,t02,2,4,reject,sql_usage,DocumentAssessmentDeliveryAuthorization.check,256,1166000000,0
candidate-trace,t02,2,4,reject,sql_usage,DocumentAssessmentDiscovery.discover,64,355000000,0
candidate-trace,t02,2,4,reject,sql_usage,DocumentAssessmentReconciliation.observeRetained,64,1487000000,0
candidate-trace,t02,2,4,reject,sql_usage,DocumentAssessmentRejections.decide,64,585000000,0
candidate-trace,t02,2,4,reject,sql_usage,DocumentAssessmentReplayInputs.load,64,243000000,0
candidate-trace,t02,2,4,reject,sql_usage,DocumentAssessmentStartJournal.startRetained,64,352000000,0
candidate-trace,t02,2,4,reject,sql_usage,DocumentOperationUploadAdmission.captureReads,128,787000000,0
candidate-trace,t02,2,4,reject,sql_usage,DocumentOperationUploadAdmission.recheckInitialSelections,64,351000000,0
candidate-trace,t02,2,4,reject,sql_usage,DocumentOperationUploadAdmission.stage,64,722000000,0
candidate-trace,t02,2,4,reject,sql_usage,DocumentPublicationModesJournal.loadRetained,128,423000000,0
candidate-trace,t02,2,4,reject,sql_usage,DocumentPublicationModesJournal.requireObservedModes,128,707000000,0
candidate-trace,t02,2,4,reject,sql_usage,DocumentPublicationPreparationJournal.load,128,468000000,0
candidate-trace,t02,2,4,reject,sql_usage,DocumentPublicationRegistration.admitInitialAccepted,64,731000000,0
candidate-trace,t02,2,4,reject,sql_usage,DocumentPublicationRegistration.preflight,128,32000000,0
candidate-trace,t02,2,4,reject,sql_usage,DocumentPublicationReplay.observe,256,470000000,0
candidate-trace,t02,2,4,reject,sql_usage,DocumentSchemaPolicies.read,64,9000000,0
candidate-trace,t02,2,4,reject,sql_usage,DocumentSelectedAttemptLedger.renew,64,440000000,0
candidate-trace,t02,2,4,reject,sql_usage,DocumentSelectedAttemptLedger.renewOwnerAndSelections,128,997000000,0
candidate-trace,t02,2,4,reject,sql_usage,RepositorySchemaArtifacts.stage,64,589000000,0
candidate-trace,t02,2,4,replay,jdbc_commit,DocumentPublicationReplay.observe,256,1053717992,0
candidate-trace,t02,2,4,replay,jdbc_executeQuery,DocumentPublicationReplay.observe,768,93209724,0
candidate-trace,t02,2,4,replay,jdbc_executeQuery,DocumentPublicationReplay.requireRevisions,192,35387887,0
candidate-trace,t02,2,4,replay,jdbc_executeQuery,DocumentRevisionLocks.lock,512,102789928,0
candidate-trace,t02,2,4,replay,jdbc_executeQuery,RepositoryOperationLedger.requireCommand,256,28152151,0
candidate-trace,t02,2,4,replay,sql_acquire,DocumentPublicationReplay.observe,256,1887939026,0
candidate-trace,t02,2,4,replay,sql_usage,DocumentPublicationReplay.observe,256,1374000000,0
candidate-trace,t02,2,4,unscoped,jdbc_commit,DocumentAssessmentReadProtection.finish,59,221168809,0
candidate-trace,t02,2,4,unscoped,jdbc_commit,DocumentReadPins.finish,256,1366305864,0
candidate-trace,t02,2,4,unscoped,jdbc_commit,DocumentSelectedAttemptLedger.verifyBatch,256,1179446639,0
candidate-trace,t02,2,4,unscoped,jdbc_executeQuery,DocumentAssessmentReadProtection.lambda$finish$0,59,34043069,0
candidate-trace,t02,2,4,unscoped,jdbc_executeQuery,DocumentPartAttemptLedger.read,512,53815154,0
candidate-trace,t02,2,4,unscoped,jdbc_executeQuery,DocumentReadPins.lambda$finish$0,256,305123535,0
candidate-trace,t02,2,4,unscoped,jdbc_executeQuery,DocumentSelectedAttemptLedger.lockSelected,512,79033647,0
candidate-trace,t02,2,4,unscoped,jdbc_executeQuery,DocumentSelectedAttemptLedger.requireOwner,256,57733588,0
candidate-trace,t02,2,4,unscoped,jdbc_executeQuery,RepositoryExecutionClaimLedger.lockLive,256,72746649,0
candidate-trace,t02,2,4,unscoped,jdbc_executeQuery,RepositoryOperationLedger.fenceLiveOwner,256,148435079,0
candidate-trace,t02,2,4,unscoped,jdbc_executeQuery,SqlTimeouts.apply,256,32979110,0
candidate-trace,t02,2,4,unscoped,jdbc_executeUpdate,DocumentSelectedAttemptLedger.verifyBatch,512,352086313,0
candidate-trace,t02,2,4,unscoped,provider_getBounded,DocumentPartTransfer.upload,256,559178509,0
candidate-trace,t02,2,4,unscoped,provider_getBounded,outside_ledger,320,875694413,0
candidate-trace,t02,2,4,unscoped,provider_put,DocumentPartTransfer.upload,256,18553519063,0
candidate-trace,t02,2,4,unscoped,sql_acquire,DocumentAssessmentReadProtection.finish,59,291931460,0
candidate-trace,t02,2,4,unscoped,sql_acquire,DocumentReadPins.finish,256,1253588383,0
candidate-trace,t02,2,4,unscoped,sql_acquire,DocumentSelectedAttemptLedger.verifyBatch,256,594604771,0
candidate-trace,t02,2,4,unscoped,sql_usage,DocumentAssessmentReadProtection.finish,59,242000000,0
candidate-trace,t02,2,4,unscoped,sql_usage,DocumentReadPins.finish,256,1575000000,0
candidate-trace,t02,2,4,unscoped,sql_usage,DocumentSelectedAttemptLedger.verifyBatch,256,1973000000,0
candidate-trace,t03,1,8,publish,jdbc_commit,DocumentOperationUploadAdmission.captureReads,384,1746893710,0
candidate-trace,t03,1,8,publish,jdbc_commit,DocumentOperationUploadAdmission.recheckInitialSelections,192,877234326,0
candidate-trace,t03,1,8,publish,jdbc_commit,DocumentOperationUploadAdmission.stage,192,999352408,0
candidate-trace,t03,1,8,publish,jdbc_commit,DocumentPublicationCommit.commitInternal,192,810745206,0
candidate-trace,t03,1,8,publish,jdbc_commit,DocumentPublicationModesJournal.requireObservedModes,192,853578010,0
candidate-trace,t03,1,8,publish,jdbc_commit,DocumentPublicationRegistration.admitInitialAccepted,192,907933986,0
candidate-trace,t03,1,8,publish,jdbc_commit,DocumentPublicationRegistration.preflight,192,18818825,0
candidate-trace,t03,1,8,publish,jdbc_commit,DocumentPublicationReplay.observe,384,33700771,0
candidate-trace,t03,1,8,publish,jdbc_commit,DocumentSchemaPolicies.read,192,17822223,0
candidate-trace,t03,1,8,publish,jdbc_commit,DocumentSelectedAttemptLedger.renew,192,838875790,0
candidate-trace,t03,1,8,publish,jdbc_commit,DocumentSelectedAttemptLedger.renewOwnerAndSelections,384,1622611606,0
candidate-trace,t03,1,8,publish,jdbc_commit,RepositorySchemaArtifacts.stage,192,821090159,0
candidate-trace,t03,1,8,publish,jdbc_executeBatch,DocumentSchemaRetention.flush,576,492371990,0
candidate-trace,t03,1,8,publish,jdbc_executeQuery,DocumentAdmissionSnapshot.prepare,192,50023330,0
candidate-trace,t03,1,8,publish,jdbc_executeQuery,DocumentCommitParts.bind,192,35340394,0
candidate-trace,t03,1,8,publish,jdbc_executeQuery,DocumentCommitParts.read,192,254862114,0
candidate-trace,t03,1,8,publish,jdbc_executeQuery,DocumentCommitParts.selections,192,48399189,0
candidate-trace,t03,1,8,publish,jdbc_executeQuery,DocumentCommitWriter.write,384,40182439,0
candidate-trace,t03,1,8,publish,jdbc_executeQuery,DocumentDriveSnapshot.lock,384,47050923,0
candidate-trace,t03,1,8,publish,jdbc_executeQuery,DocumentKeyReservations.reserveEncoded,192,52108119,0
candidate-trace,t03,1,8,publish,jdbc_executeQuery,DocumentOperationUploadAdmission.lambda$captureReads$0,576,136668020,0
candidate-trace,t03,1,8,publish,jdbc_executeQuery,DocumentOperationUploadAdmission.requireInitialSelections,192,44526184,0
candidate-trace,t03,1,8,publish,jdbc_executeQuery,DocumentOperationUploadAdmission.writeAdmissions,384,59308682,0
candidate-trace,t03,1,8,publish,jdbc_executeQuery,DocumentPartAttemptLedger.lockAll,1152,115679289,0
candidate-trace,t03,1,8,publish,jdbc_executeQuery,DocumentPartAttemptLedger.read,384,37904566,0
candidate-trace,t03,1,8,publish,jdbc_executeQuery,DocumentPreparationHistoryRoots.coverage,192,28198732,0
candidate-trace,t03,1,8,publish,jdbc_executeQuery,DocumentPublicationLocks$IndependentOrigins.requireScope,384,37721778,0
candidate-trace,t03,1,8,publish,jdbc_executeQuery,DocumentPublicationLocks.lockIndependentOrigins,960,117842174,0
candidate-trace,t03,1,8,publish,jdbc_executeQuery,DocumentPublicationLocks.lockIndependentRetention,192,31062912,0
candidate-trace,t03,1,8,publish,jdbc_executeQuery,DocumentPublicationModeBinding.require,192,35433322,0
candidate-trace,t03,1,8,publish,jdbc_executeQuery,DocumentPublicationModeValidation.capture,384,52309212,0
candidate-trace,t03,1,8,publish,jdbc_executeQuery,DocumentPublicationReplay.observe,768,106686857,0
candidate-trace,t03,1,8,publish,jdbc_executeQuery,DocumentRevisionLocks.lock,2304,459056161,0
candidate-trace,t03,1,8,publish,jdbc_executeQuery,DocumentSchemaBatch.lockArtifacts,960,135110084,0
candidate-trace,t03,1,8,publish,jdbc_executeQuery,DocumentSchemaPolicies.lambda$read$0,192,26031713,0
candidate-trace,t03,1,8,publish,jdbc_executeQuery,DocumentSchemaPolicies.lockCurrent,576,51391944,0
candidate-trace,t03,1,8,publish,jdbc_executeQuery,DocumentSchemaPolicies.select,384,43954125,0
candidate-trace,t03,1,8,publish,jdbc_executeQuery,DocumentSchemaRetention.requireFragments,192,56562419,0
candidate-trace,t03,1,8,publish,jdbc_executeQuery,DocumentSchemaRetention.requireRevision,192,24889167,0
candidate-trace,t03,1,8,publish,jdbc_executeQuery,DocumentSchemaRetention.write,192,42395432,0
candidate-trace,t03,1,8,publish,jdbc_executeQuery,DocumentSelectedAttemptLedger.lockSelected,192,27916429,0
candidate-trace,t03,1,8,publish,jdbc_executeQuery,DocumentSelectedAttemptLedger.requireOwner,576,142537056,0
candidate-trace,t03,1,8,publish,jdbc_executeQuery,DocumentSelectedAttemptLedger.requireSelections,1152,219474357,0
candidate-trace,t03,1,8,publish,jdbc_executeQuery,DocumentUploadAdmissionReplay.hasSelections,192,21816172,0
candidate-trace,t03,1,8,publish,jdbc_executeQuery,ManagedBackendLedger.find,384,37665062,0
candidate-trace,t03,1,8,publish,jdbc_executeQuery,RepositoryCoordinatorBinding.bindInitial,192,19964992,0
candidate-trace,t03,1,8,publish,jdbc_executeQuery,RepositoryExecutionClaimLedger.live,192,22912378,0
candidate-trace,t03,1,8,publish,jdbc_executeQuery,RepositoryExecutionClaimLedger.lockLive,3072,817497004,0
candidate-trace,t03,1,8,publish,jdbc_executeQuery,RepositoryExecutionClaimLedger.readLocked,1152,98848213,0
candidate-trace,t03,1,8,publish,jdbc_executeQuery,RepositoryOperationLedger.fenceLiveOwner,1728,1026711542,0
candidate-trace,t03,1,8,publish,jdbc_executeQuery,RepositoryOperationLedger.live,576,77939633,0
candidate-trace,t03,1,8,publish,jdbc_executeQuery,RepositoryOperationLedger.read,192,26761985,0
candidate-trace,t03,1,8,publish,jdbc_executeQuery,RepositoryOperationLedger.readOwner,768,77050517,0
candidate-trace,t03,1,8,publish,jdbc_executeQuery,RepositoryOperationLedger.requireCommand,1728,173206911,0
candidate-trace,t03,1,8,publish,jdbc_executeQuery,RepositorySchemaArtifacts.lambda$stage$3,768,603894577,0
candidate-trace,t03,1,8,publish,jdbc_executeQuery,SqlTimeouts.apply,1152,151304868,0
candidate-trace,t03,1,8,publish,jdbc_executeUpdate,DocumentCommitWriter.write,1344,994691288,0
candidate-trace,t03,1,8,publish,jdbc_executeUpdate,DocumentOperationSelection.insert,192,189199541,0
candidate-trace,t03,1,8,publish,jdbc_executeUpdate,DocumentOperationUploadAdmission.writeAdmissions,384,230767429,0
candidate-trace,t03,1,8,publish,jdbc_executeUpdate,DocumentPartAttemptLedger.insertEncodedRows,192,160645281,0
candidate-trace,t03,1,8,publish,jdbc_executeUpdate,DocumentPreparationCoverageCertificates.insert,192,79848664,0
candidate-trace,t03,1,8,publish,jdbc_executeUpdate,DocumentPreparationHistoryRoots.insert,384,122874925,0
candidate-trace,t03,1,8,publish,jdbc_executeUpdate,DocumentPublicationCommit.lambda$commitInternal$6,576,541366600,0
candidate-trace,t03,1,8,publish,jdbc_executeUpdate,DocumentPublicationModesJournal.insert,192,123244480,0
candidate-trace,t03,1,8,publish,jdbc_executeUpdate,DocumentPublicationPreparationJournal.insert,192,148916850,0
candidate-trace,t03,1,8,publish,jdbc_executeUpdate,DocumentSchemaAdmissionBinding.insert,192,157572184,0
candidate-trace,t03,1,8,publish,jdbc_executeUpdate,DocumentSelectedAttemptLedger.renewSelections,576,341469247,0
candidate-trace,t03,1,8,publish,jdbc_executeUpdate,RepositoryCoordinatorBinding.bindInitial,192,74428307,0
candidate-trace,t03,1,8,publish,jdbc_executeUpdate,RepositoryExecutionClaimLedger.acquireInitialChecked,192,71781274,0
candidate-trace,t03,1,8,publish,jdbc_executeUpdate,RepositoryExecutionClaimLedger.renewLive,384,73330284,0
candidate-trace,t03,1,8,publish,jdbc_executeUpdate,RepositoryOperationLedger.admitInTransaction,384,209106292,0
candidate-trace,t03,1,8,publish,jdbc_executeUpdate,RepositoryOperationLedger.renewLive,384,211977147,0
candidate-trace,t03,1,8,publish,sql_acquire,DocumentOperationUploadAdmission.captureReads,384,1595917911,0
candidate-trace,t03,1,8,publish,sql_acquire,DocumentOperationUploadAdmission.recheckInitialSelections,192,520007715,0
candidate-trace,t03,1,8,publish,sql_acquire,DocumentOperationUploadAdmission.stage,192,886455875,0
candidate-trace,t03,1,8,publish,sql_acquire,DocumentPublicationCommit.commitInternal,192,1015764715,0
candidate-trace,t03,1,8,publish,sql_acquire,DocumentPublicationModesJournal.requireObservedModes,192,834078760,0
candidate-trace,t03,1,8,publish,sql_acquire,DocumentPublicationRegistration.admitInitialAccepted,192,845217968,0
candidate-trace,t03,1,8,publish,sql_acquire,DocumentPublicationRegistration.preflight,192,792332800,0
candidate-trace,t03,1,8,publish,sql_acquire,DocumentPublicationReplay.observe,384,1615582198,0
candidate-trace,t03,1,8,publish,sql_acquire,DocumentSchemaPolicies.read,192,707738186,0
candidate-trace,t03,1,8,publish,sql_acquire,DocumentSelectedAttemptLedger.renew,192,557153794,0
candidate-trace,t03,1,8,publish,sql_acquire,DocumentSelectedAttemptLedger.renewOwnerAndSelections,384,1439969621,0
candidate-trace,t03,1,8,publish,sql_acquire,RepositorySchemaArtifacts.stage,192,903387483,0
candidate-trace,t03,1,8,publish,sql_usage,DocumentOperationUploadAdmission.captureReads,384,2399000000,0
candidate-trace,t03,1,8,publish,sql_usage,DocumentOperationUploadAdmission.recheckInitialSelections,192,1079000000,0
candidate-trace,t03,1,8,publish,sql_usage,DocumentOperationUploadAdmission.stage,192,2165000000,0
candidate-trace,t03,1,8,publish,sql_usage,DocumentPublicationCommit.commitInternal,192,5035000000,0
candidate-trace,t03,1,8,publish,sql_usage,DocumentPublicationModesJournal.requireObservedModes,192,1190000000,0
candidate-trace,t03,1,8,publish,sql_usage,DocumentPublicationRegistration.admitInitialAccepted,192,2194000000,0
candidate-trace,t03,1,8,publish,sql_usage,DocumentPublicationRegistration.preflight,192,23000000,0
candidate-trace,t03,1,8,publish,sql_usage,DocumentPublicationReplay.observe,384,9000000,0
candidate-trace,t03,1,8,publish,sql_usage,DocumentSchemaPolicies.read,192,7000000,0
candidate-trace,t03,1,8,publish,sql_usage,DocumentSelectedAttemptLedger.renew,192,1304000000,0
candidate-trace,t03,1,8,publish,sql_usage,DocumentSelectedAttemptLedger.renewOwnerAndSelections,384,2941000000,0
candidate-trace,t03,1,8,publish,sql_usage,RepositorySchemaArtifacts.stage,192,1727000000,0
candidate-trace,t03,1,8,read,jdbc_commit,DocumentHistoricalSchemas.authorize,256,1244583429,0
candidate-trace,t03,1,8,read,jdbc_commit,DocumentHistoricalSchemas.check,256,1062690554,0
candidate-trace,t03,1,8,read,jdbc_commit,DocumentReadLedger$PinnedHistory.authorizeDelivery,768,3771437782,0
candidate-trace,t03,1,8,read,jdbc_commit,DocumentReadLedger.captureHistorical,256,973884796,0
candidate-trace,t03,1,8,read,jdbc_executeQuery,DocumentHistoricalReadRows.capture,512,204537541,0
candidate-trace,t03,1,8,read,jdbc_executeQuery,DocumentHistoricalSchemaRows.artifacts,512,104412275,0
candidate-trace,t03,1,8,read,jdbc_executeQuery,DocumentHistoricalSchemaRows.capture,512,304814988,0
candidate-trace,t03,1,8,read,jdbc_executeQuery,DocumentHistoricalSchemaRows.references,256,34779976,0
candidate-trace,t03,1,8,read,jdbc_executeQuery,DocumentHistoricalSchemaRows.roots,512,51091673,0
candidate-trace,t03,1,8,read,jdbc_executeQuery,DocumentReadLedger.lambda$captureHistorical$0,256,50270266,0
candidate-trace,t03,1,8,read,jdbc_executeQuery,DocumentReadPins.acquireHistorical,512,205674648,0
candidate-trace,t03,1,8,read,jdbc_executeQuery,DocumentRevisionLocks.lock,3072,711557745,0
candidate-trace,t03,1,8,read,jdbc_executeQuery,ManagedBackendLedger.requireAll,256,34146573,0
candidate-trace,t03,1,8,read,jdbc_executeUpdate,DocumentReadPins.acquireHistorical,256,240184516,0
candidate-trace,t03,1,8,read,sql_acquire,DocumentHistoricalSchemas.authorize,256,1217123804,0
candidate-trace,t03,1,8,read,sql_acquire,DocumentHistoricalSchemas.check,256,965730712,0
candidate-trace,t03,1,8,read,sql_acquire,DocumentReadLedger$PinnedHistory.authorizeDelivery,768,2786840952,0
candidate-trace,t03,1,8,read,sql_acquire,DocumentReadLedger.captureHistorical,256,1189303913,0
candidate-trace,t03,1,8,read,sql_usage,DocumentHistoricalSchemas.authorize,256,1297000000,0
candidate-trace,t03,1,8,read,sql_usage,DocumentHistoricalSchemas.check,256,1676000000,0
candidate-trace,t03,1,8,read,sql_usage,DocumentReadLedger$PinnedHistory.authorizeDelivery,768,3879000000,0
candidate-trace,t03,1,8,read,sql_usage,DocumentReadLedger.captureHistorical,256,1934000000,0
candidate-trace,t03,1,8,reject,jdbc_commit,DocumentAssessmentCreation.createInternal,64,202358454,0
candidate-trace,t03,1,8,reject,jdbc_commit,DocumentAssessmentCreation.lambda$createInternal$0,64,237660047,0
candidate-trace,t03,1,8,reject,jdbc_commit,DocumentAssessmentDeliveryAuthorization.check,256,982733645,0
candidate-trace,t03,1,8,reject,jdbc_commit,DocumentAssessmentDiscovery.discover,64,217917206,0
candidate-trace,t03,1,8,reject,jdbc_commit,DocumentAssessmentReconciliation.observeRetained,64,205305986,0
candidate-trace,t03,1,8,reject,jdbc_commit,DocumentAssessmentRejections.decide,64,204097043,0
candidate-trace,t03,1,8,reject,jdbc_commit,DocumentAssessmentReplayInputs.load,64,6981643,0
candidate-trace,t03,1,8,reject,jdbc_commit,DocumentAssessmentStartJournal.startRetained,64,202039962,0
candidate-trace,t03,1,8,reject,jdbc_commit,DocumentOperationUploadAdmission.captureReads,128,632872169,0
candidate-trace,t03,1,8,reject,jdbc_commit,DocumentOperationUploadAdmission.recheckInitialSelections,64,277820221,0
candidate-trace,t03,1,8,reject,jdbc_commit,DocumentOperationUploadAdmission.stage,64,336666473,0
candidate-trace,t03,1,8,reject,jdbc_commit,DocumentPublicationModesJournal.loadRetained,128,506466977,0
candidate-trace,t03,1,8,reject,jdbc_commit,DocumentPublicationModesJournal.requireObservedModes,128,481738117,0
candidate-trace,t03,1,8,reject,jdbc_commit,DocumentPublicationPreparationJournal.load,128,461439709,0
candidate-trace,t03,1,8,reject,jdbc_commit,DocumentPublicationRegistration.admitInitialAccepted,64,334742446,0
candidate-trace,t03,1,8,reject,jdbc_commit,DocumentPublicationRegistration.preflight,128,12475492,0
candidate-trace,t03,1,8,reject,jdbc_commit,DocumentPublicationReplay.observe,256,447132683,0
candidate-trace,t03,1,8,reject,jdbc_commit,DocumentSchemaPolicies.read,64,6206320,0
candidate-trace,t03,1,8,reject,jdbc_commit,DocumentSelectedAttemptLedger.renew,64,249840948,0
candidate-trace,t03,1,8,reject,jdbc_commit,DocumentSelectedAttemptLedger.renewOwnerAndSelections,128,501546861,0
candidate-trace,t03,1,8,reject,jdbc_commit,RepositorySchemaArtifacts.stage,64,234725638,0
candidate-trace,t03,1,8,reject,jdbc_executeBatch,DocumentAssessmentCreationWrites.lambda$writeRows$0,64,39364081,0
candidate-trace,t03,1,8,reject,jdbc_executeQuery,DocumentAssessmentDeliveryAuthorization.lambda$check$0,1280,162120476,0
candidate-trace,t03,1,8,reject,jdbc_executeQuery,DocumentAssessmentDeliveryAuthorization.requireLiveReadOwner,512,66245165,0
candidate-trace,t03,1,8,reject,jdbc_executeQuery,DocumentAssessmentDiscovery.lambda$discover$0,128,23102699,0
candidate-trace,t03,1,8,reject,jdbc_executeQuery,DocumentAssessmentReadRows.capture,192,636029183,0
candidate-trace,t03,1,8,reject,jdbc_executeQuery,DocumentAssessmentReconciliation.verifyRetained,256,46777363,0
candidate-trace,t03,1,8,reject,jdbc_executeQuery,DocumentAssessmentRejections.lambda$decide$0,256,43142474,0
candidate-trace,t03,1,8,reject,jdbc_executeQuery,DocumentAssessmentReplayInputs.artifacts,128,53813500,0
candidate-trace,t03,1,8,reject,jdbc_executeQuery,DocumentAssessmentReplayInputs.policy,128,19310427,0
candidate-trace,t03,1,8,reject,jdbc_executeQuery,DocumentAssessmentReplayInputs.read,128,26794818,0
candidate-trace,t03,1,8,reject,jdbc_executeQuery,DocumentAssessmentReplayInputs.roots,128,26442145,0
candidate-trace,t03,1,8,reject,jdbc_executeQuery,DocumentAssessmentRetainedEvidence.verify,64,11035433,0
candidate-trace,t03,1,8,reject,jdbc_executeQuery,DocumentAssessmentRetainedEvidence.verifyArtifacts,64,28141102,0
candidate-trace,t03,1,8,reject,jdbc_executeQuery,DocumentAssessmentRetainedSlots.retainedSelections,64,19820553,0
candidate-trace,t03,1,8,reject,jdbc_executeQuery,DocumentAssessmentRetainedSlots.verify,256,241993854,0
candidate-trace,t03,1,8,reject,jdbc_executeQuery,DocumentAssessmentStartJournal.insertStartedOutcome,64,10550297,0
candidate-trace,t03,1,8,reject,jdbc_executeQuery,DocumentAssessmentStartJournal.lambda$startRetained$2,64,10126476,0
candidate-trace,t03,1,8,reject,jdbc_executeQuery,DocumentAssessmentStartJournal.requireCreation,64,23957670,0
candidate-trace,t03,1,8,reject,jdbc_executeQuery,DocumentCommitParts.bind,128,36298979,0
candidate-trace,t03,1,8,reject,jdbc_executeQuery,DocumentCommitParts.read,64,79691322,0
candidate-trace,t03,1,8,reject,jdbc_executeQuery,DocumentCommitParts.selections,64,12905684,0
candidate-trace,t03,1,8,reject,jdbc_executeQuery,DocumentDriveSnapshot.lock,128,13855315,0
candidate-trace,t03,1,8,reject,jdbc_executeQuery,DocumentKeyReservations.reserveEncoded,64,15647326,0
candidate-trace,t03,1,8,reject,jdbc_executeQuery,DocumentOperationUploadAdmission.lambda$captureReads$0,192,44621789,0
candidate-trace,t03,1,8,reject,jdbc_executeQuery,DocumentOperationUploadAdmission.requireInitialSelections,64,12262774,0
candidate-trace,t03,1,8,reject,jdbc_executeQuery,DocumentOperationUploadAdmission.writeAdmissions,128,18295861,0
candidate-trace,t03,1,8,reject,jdbc_executeQuery,DocumentPartAttemptLedger.lockAll,384,36448050,0
candidate-trace,t03,1,8,reject,jdbc_executeQuery,DocumentPartAttemptLedger.read,128,11119456,0
candidate-trace,t03,1,8,reject,jdbc_executeQuery,DocumentPreparationHistoryRoots.coverage,64,7809557,0
candidate-trace,t03,1,8,reject,jdbc_executeQuery,DocumentPublicationModeValidation.capture,256,29472794,0
candidate-trace,t03,1,8,reject,jdbc_executeQuery,DocumentPublicationModesJournal.readModes,64,11230698,0
candidate-trace,t03,1,8,reject,jdbc_executeQuery,DocumentPublicationPreparationJournal.capture,128,20335320,0
candidate-trace,t03,1,8,reject,jdbc_executeQuery,DocumentPublicationReplay.observe,832,98679033,0
candidate-trace,t03,1,8,reject,jdbc_executeQuery,DocumentRevisionLocks.lock,2304,434641393,0
candidate-trace,t03,1,8,reject,jdbc_executeQuery,DocumentSchemaPolicies.lambda$read$0,64,7652818,0
candidate-trace,t03,1,8,reject,jdbc_executeQuery,DocumentSchemaPolicies.lockCurrent,384,30532275,0
candidate-trace,t03,1,8,reject,jdbc_executeQuery,DocumentSchemaPolicies.select,192,19067050,0
candidate-trace,t03,1,8,reject,jdbc_executeQuery,DocumentSelectedAttemptLedger.lockSelected,64,8302215,0
candidate-trace,t03,1,8,reject,jdbc_executeQuery,DocumentSelectedAttemptLedger.requireOwner,192,43088383,0
candidate-trace,t03,1,8,reject,jdbc_executeQuery,DocumentSelectedAttemptLedger.requireSelections,384,70117234,0
candidate-trace,t03,1,8,reject,jdbc_executeQuery,DocumentUploadAdmissionReplay.hasSelections,64,6225936,0
candidate-trace,t03,1,8,reject,jdbc_executeQuery,ManagedBackendLedger.find,128,11729378,0
candidate-trace,t03,1,8,reject,jdbc_executeQuery,ManagedBackendLedger.requireAll,64,5913629,0
candidate-trace,t03,1,8,reject,jdbc_executeQuery,RepositoryCoordinatorBinding.bindInitial,64,5689770,0
candidate-trace,t03,1,8,reject,jdbc_executeQuery,RepositoryExecutionClaimLedger.live,64,5895680,0
candidate-trace,t03,1,8,reject,jdbc_executeQuery,RepositoryExecutionClaimLedger.lockLive,2048,535348165,0
candidate-trace,t03,1,8,reject,jdbc_executeQuery,RepositoryExecutionClaimLedger.readLocked,384,30186278,0
candidate-trace,t03,1,8,reject,jdbc_executeQuery,RepositoryOperationLedger.fenceLiveOwner,1216,664456015,0
candidate-trace,t03,1,8,reject,jdbc_executeQuery,RepositoryOperationLedger.live,192,24988916,0
candidate-trace,t03,1,8,reject,jdbc_executeQuery,RepositoryOperationLedger.read,64,7083016,0
candidate-trace,t03,1,8,reject,jdbc_executeQuery,RepositoryOperationLedger.readOwner,256,24818881,0
candidate-trace,t03,1,8,reject,jdbc_executeQuery,RepositoryOperationLedger.requireCommand,1216,120975693,0
candidate-trace,t03,1,8,reject,jdbc_executeQuery,RepositorySchemaArtifacts.lambda$stage$3,256,214071758,0
candidate-trace,t03,1,8,reject,jdbc_executeQuery,SqlTimeouts.apply,384,46101589,0
candidate-trace,t03,1,8,reject,jdbc_executeUpdate,DocumentAssessmentCreationWrites.insertOwner,64,52218863,0
candidate-trace,t03,1,8,reject,jdbc_executeUpdate,DocumentAssessmentCreationWrites.lambda$writeRows$1,64,52383114,0
candidate-trace,t03,1,8,reject,jdbc_executeUpdate,DocumentAssessmentCreationWrites.writeRows,448,647633883,0
candidate-trace,t03,1,8,reject,jdbc_executeUpdate,DocumentAssessmentReconciliation.verifyRetained,64,44359659,0
candidate-trace,t03,1,8,reject,jdbc_executeUpdate,DocumentAssessmentRejections.lambda$decide$0,64,51801785,0
candidate-trace,t03,1,8,reject,jdbc_executeUpdate,DocumentAssessmentStartJournal.insertStartedOutcome,64,59078409,0
candidate-trace,t03,1,8,reject,jdbc_executeUpdate,DocumentOperationSelection.insert,64,60100113,0
candidate-trace,t03,1,8,reject,jdbc_executeUpdate,DocumentOperationUploadAdmission.writeAdmissions,128,68817156,0
candidate-trace,t03,1,8,reject,jdbc_executeUpdate,DocumentPartAttemptLedger.insertEncodedRows,64,48227904,0
candidate-trace,t03,1,8,reject,jdbc_executeUpdate,DocumentPreparationCoverageCertificates.insert,64,22673488,0
candidate-trace,t03,1,8,reject,jdbc_executeUpdate,DocumentPreparationHistoryRoots.insert,128,35769659,0
candidate-trace,t03,1,8,reject,jdbc_executeUpdate,DocumentPublicationModesJournal.insert,64,37251530,0
candidate-trace,t03,1,8,reject,jdbc_executeUpdate,DocumentPublicationPreparationJournal.insert,64,44474431,0
candidate-trace,t03,1,8,reject,jdbc_executeUpdate,DocumentSelectedAttemptLedger.renewSelections,192,121184501,0
candidate-trace,t03,1,8,reject,jdbc_executeUpdate,RepositoryCoordinatorBinding.bindInitial,64,20038454,0
candidate-trace,t03,1,8,reject,jdbc_executeUpdate,RepositoryExecutionClaimLedger.acquireInitialChecked,64,21046398,0
candidate-trace,t03,1,8,reject,jdbc_executeUpdate,RepositoryExecutionClaimLedger.renewLive,128,23559282,0
candidate-trace,t03,1,8,reject,jdbc_executeUpdate,RepositoryOperationLedger.admitInTransaction,128,59908807,0
candidate-trace,t03,1,8,reject,jdbc_executeUpdate,RepositoryOperationLedger.renewLive,128,65745657,0
candidate-trace,t03,1,8,reject,sql_acquire,DocumentAssessmentCreation.createInternal,64,289323999,0
candidate-trace,t03,1,8,reject,sql_acquire,DocumentAssessmentCreation.lambda$createInternal$0,64,242580226,0
candidate-trace,t03,1,8,reject,sql_acquire,DocumentAssessmentDeliveryAuthorization.check,256,1005406227,0
candidate-trace,t03,1,8,reject,sql_acquire,DocumentAssessmentDiscovery.discover,64,285060902,0
candidate-trace,t03,1,8,reject,sql_acquire,DocumentAssessmentReconciliation.observeRetained,64,281264485,0
candidate-trace,t03,1,8,reject,sql_acquire,DocumentAssessmentRejections.decide,64,319628113,0
candidate-trace,t03,1,8,reject,sql_acquire,DocumentAssessmentReplayInputs.load,64,193215902,0
candidate-trace,t03,1,8,reject,sql_acquire,DocumentAssessmentStartJournal.startRetained,64,185787672,0
candidate-trace,t03,1,8,reject,sql_acquire,DocumentOperationUploadAdmission.captureReads,128,494683089,0
candidate-trace,t03,1,8,reject,sql_acquire,DocumentOperationUploadAdmission.recheckInitialSelections,64,175993501,0
candidate-trace,t03,1,8,reject,sql_acquire,DocumentOperationUploadAdmission.stage,64,219709065,0
candidate-trace,t03,1,8,reject,sql_acquire,DocumentPublicationModesJournal.loadRetained,128,453262465,0
candidate-trace,t03,1,8,reject,sql_acquire,DocumentPublicationModesJournal.requireObservedModes,128,502593401,0
candidate-trace,t03,1,8,reject,sql_acquire,DocumentPublicationPreparationJournal.load,128,558127374,0
candidate-trace,t03,1,8,reject,sql_acquire,DocumentPublicationRegistration.admitInitialAccepted,64,262233527,0
candidate-trace,t03,1,8,reject,sql_acquire,DocumentPublicationRegistration.preflight,128,478158411,0
candidate-trace,t03,1,8,reject,sql_acquire,DocumentPublicationReplay.observe,256,1178359400,0
candidate-trace,t03,1,8,reject,sql_acquire,DocumentSchemaPolicies.read,64,183863838,0
candidate-trace,t03,1,8,reject,sql_acquire,DocumentSelectedAttemptLedger.renew,64,232707723,0
candidate-trace,t03,1,8,reject,sql_acquire,DocumentSelectedAttemptLedger.renewOwnerAndSelections,128,424891237,0
candidate-trace,t03,1,8,reject,sql_acquire,RepositorySchemaArtifacts.stage,64,209498957,0
candidate-trace,t03,1,8,reject,sql_usage,DocumentAssessmentCreation.createInternal,64,1427000000,0
candidate-trace,t03,1,8,reject,sql_usage,DocumentAssessmentCreation.lambda$createInternal$0,64,311000000,0
candidate-trace,t03,1,8,reject,sql_usage,DocumentAssessmentDeliveryAuthorization.check,256,1321000000,0
candidate-trace,t03,1,8,reject,sql_usage,DocumentAssessmentDiscovery.discover,64,391000000,0
candidate-trace,t03,1,8,reject,sql_usage,DocumentAssessmentReconciliation.observeRetained,64,1445000000,0
candidate-trace,t03,1,8,reject,sql_usage,DocumentAssessmentRejections.decide,64,527000000,0
candidate-trace,t03,1,8,reject,sql_usage,DocumentAssessmentReplayInputs.load,64,213000000,0
candidate-trace,t03,1,8,reject,sql_usage,DocumentAssessmentStartJournal.startRetained,64,360000000,0
candidate-trace,t03,1,8,reject,sql_usage,DocumentOperationUploadAdmission.captureReads,128,835000000,0
candidate-trace,t03,1,8,reject,sql_usage,DocumentOperationUploadAdmission.recheckInitialSelections,64,353000000,0
candidate-trace,t03,1,8,reject,sql_usage,DocumentOperationUploadAdmission.stage,64,693000000,0
candidate-trace,t03,1,8,reject,sql_usage,DocumentPublicationModesJournal.loadRetained,128,509000000,0
candidate-trace,t03,1,8,reject,sql_usage,DocumentPublicationModesJournal.requireObservedModes,128,678000000,0
candidate-trace,t03,1,8,reject,sql_usage,DocumentPublicationPreparationJournal.load,128,483000000,0
candidate-trace,t03,1,8,reject,sql_usage,DocumentPublicationRegistration.admitInitialAccepted,64,703000000,0
candidate-trace,t03,1,8,reject,sql_usage,DocumentPublicationRegistration.preflight,128,19000000,0
candidate-trace,t03,1,8,reject,sql_usage,DocumentPublicationReplay.observe,256,538000000,0
candidate-trace,t03,1,8,reject,sql_usage,DocumentSchemaPolicies.read,64,5000000,0
candidate-trace,t03,1,8,reject,sql_usage,DocumentSelectedAttemptLedger.renew,64,393000000,0
candidate-trace,t03,1,8,reject,sql_usage,DocumentSelectedAttemptLedger.renewOwnerAndSelections,128,910000000,0
candidate-trace,t03,1,8,reject,sql_usage,RepositorySchemaArtifacts.stage,64,547000000,0
candidate-trace,t03,1,8,replay,jdbc_commit,DocumentPublicationReplay.observe,256,1013860520,0
candidate-trace,t03,1,8,replay,jdbc_executeQuery,DocumentPublicationReplay.observe,768,104246505,0
candidate-trace,t03,1,8,replay,jdbc_executeQuery,DocumentPublicationReplay.requireRevisions,192,36923460,0
candidate-trace,t03,1,8,replay,jdbc_executeQuery,DocumentRevisionLocks.lock,512,98071690,0
candidate-trace,t03,1,8,replay,jdbc_executeQuery,RepositoryOperationLedger.requireCommand,256,27407407,0
candidate-trace,t03,1,8,replay,sql_acquire,DocumentPublicationReplay.observe,256,1299605579,0
candidate-trace,t03,1,8,replay,sql_usage,DocumentPublicationReplay.observe,256,1288000000,0
candidate-trace,t03,1,8,unscoped,jdbc_commit,DocumentAssessmentReadProtection.finish,64,248391614,0
candidate-trace,t03,1,8,unscoped,jdbc_commit,DocumentReadPins.finish,256,1363959798,0
candidate-trace,t03,1,8,unscoped,jdbc_commit,DocumentSelectedAttemptLedger.verifyBatch,256,1110221877,0
candidate-trace,t03,1,8,unscoped,jdbc_executeQuery,DocumentAssessmentReadProtection.lambda$finish$0,64,41164724,0
candidate-trace,t03,1,8,unscoped,jdbc_executeQuery,DocumentPartAttemptLedger.read,512,57981307,0
candidate-trace,t03,1,8,unscoped,jdbc_executeQuery,DocumentReadPins.lambda$finish$0,256,268908209,0
candidate-trace,t03,1,8,unscoped,jdbc_executeQuery,DocumentSelectedAttemptLedger.lockSelected,512,74744659,0
candidate-trace,t03,1,8,unscoped,jdbc_executeQuery,DocumentSelectedAttemptLedger.requireOwner,256,57357917,0
candidate-trace,t03,1,8,unscoped,jdbc_executeQuery,RepositoryExecutionClaimLedger.lockLive,256,77032167,0
candidate-trace,t03,1,8,unscoped,jdbc_executeQuery,RepositoryOperationLedger.fenceLiveOwner,256,157147076,0
candidate-trace,t03,1,8,unscoped,jdbc_executeQuery,SqlTimeouts.apply,256,37735850,0
candidate-trace,t03,1,8,unscoped,jdbc_executeUpdate,DocumentSelectedAttemptLedger.verifyBatch,512,359762349,0
candidate-trace,t03,1,8,unscoped,provider_getBounded,DocumentPartTransfer.upload,256,448187067,0
candidate-trace,t03,1,8,unscoped,provider_getBounded,outside_ledger,320,640095343,0
candidate-trace,t03,1,8,unscoped,provider_put,DocumentPartTransfer.upload,256,18661919124,0
candidate-trace,t03,1,8,unscoped,sql_acquire,DocumentAssessmentReadProtection.finish,64,211298807,0
candidate-trace,t03,1,8,unscoped,sql_acquire,DocumentReadPins.finish,256,758193344,0
candidate-trace,t03,1,8,unscoped,sql_acquire,DocumentSelectedAttemptLedger.verifyBatch,256,869525712,0
candidate-trace,t03,1,8,unscoped,sql_usage,DocumentAssessmentReadProtection.finish,64,267000000,0
candidate-trace,t03,1,8,unscoped,sql_usage,DocumentReadPins.finish,256,1524000000,0
candidate-trace,t03,1,8,unscoped,sql_usage,DocumentSelectedAttemptLedger.verifyBatch,256,1897000000,0
candidate-trace,t04,4,2,publish,jdbc_commit,DocumentOperationUploadAdmission.captureReads,384,1798301421,0
candidate-trace,t04,4,2,publish,jdbc_commit,DocumentOperationUploadAdmission.recheckInitialSelections,192,921767862,0
candidate-trace,t04,4,2,publish,jdbc_commit,DocumentOperationUploadAdmission.stage,192,967821482,0
candidate-trace,t04,4,2,publish,jdbc_commit,DocumentPublicationCommit.commitInternal,192,878816785,0
candidate-trace,t04,4,2,publish,jdbc_commit,DocumentPublicationModesJournal.requireObservedModes,192,835017555,0
candidate-trace,t04,4,2,publish,jdbc_commit,DocumentPublicationRegistration.admitInitialAccepted,192,979567442,0
candidate-trace,t04,4,2,publish,jdbc_commit,DocumentPublicationRegistration.preflight,192,22421328,0
candidate-trace,t04,4,2,publish,jdbc_commit,DocumentPublicationReplay.observe,384,37845289,0
candidate-trace,t04,4,2,publish,jdbc_commit,DocumentSchemaPolicies.read,192,22493198,0
candidate-trace,t04,4,2,publish,jdbc_commit,DocumentSelectedAttemptLedger.renew,192,873642827,0
candidate-trace,t04,4,2,publish,jdbc_commit,DocumentSelectedAttemptLedger.renewOwnerAndSelections,384,1726574789,0
candidate-trace,t04,4,2,publish,jdbc_commit,RepositorySchemaArtifacts.stage,192,842401229,0
candidate-trace,t04,4,2,publish,jdbc_executeBatch,DocumentSchemaRetention.flush,576,517888252,0
candidate-trace,t04,4,2,publish,jdbc_executeQuery,DocumentAdmissionSnapshot.prepare,192,57391031,0
candidate-trace,t04,4,2,publish,jdbc_executeQuery,DocumentCommitParts.bind,192,42322903,0
candidate-trace,t04,4,2,publish,jdbc_executeQuery,DocumentCommitParts.read,192,271119693,0
candidate-trace,t04,4,2,publish,jdbc_executeQuery,DocumentCommitParts.selections,192,56472518,0
candidate-trace,t04,4,2,publish,jdbc_executeQuery,DocumentCommitWriter.write,384,50767134,0
candidate-trace,t04,4,2,publish,jdbc_executeQuery,DocumentDriveSnapshot.lock,384,56656332,0
candidate-trace,t04,4,2,publish,jdbc_executeQuery,DocumentKeyReservations.reserveEncoded,192,56953651,0
candidate-trace,t04,4,2,publish,jdbc_executeQuery,DocumentOperationUploadAdmission.lambda$captureReads$0,576,152704672,0
candidate-trace,t04,4,2,publish,jdbc_executeQuery,DocumentOperationUploadAdmission.requireInitialSelections,192,45669686,0
candidate-trace,t04,4,2,publish,jdbc_executeQuery,DocumentOperationUploadAdmission.writeAdmissions,384,70316502,0
candidate-trace,t04,4,2,publish,jdbc_executeQuery,DocumentPartAttemptLedger.lockAll,1152,134085756,0
candidate-trace,t04,4,2,publish,jdbc_executeQuery,DocumentPartAttemptLedger.read,384,44757569,0
candidate-trace,t04,4,2,publish,jdbc_executeQuery,DocumentPreparationHistoryRoots.coverage,192,27894829,0
candidate-trace,t04,4,2,publish,jdbc_executeQuery,DocumentPublicationLocks$IndependentOrigins.requireScope,384,43200231,0
candidate-trace,t04,4,2,publish,jdbc_executeQuery,DocumentPublicationLocks.lockIndependentOrigins,960,141988859,0
candidate-trace,t04,4,2,publish,jdbc_executeQuery,DocumentPublicationLocks.lockIndependentRetention,192,37630066,0
candidate-trace,t04,4,2,publish,jdbc_executeQuery,DocumentPublicationModeBinding.require,192,40678542,0
candidate-trace,t04,4,2,publish,jdbc_executeQuery,DocumentPublicationModeValidation.capture,384,54829412,0
candidate-trace,t04,4,2,publish,jdbc_executeQuery,DocumentPublicationReplay.observe,768,124036869,0
candidate-trace,t04,4,2,publish,jdbc_executeQuery,DocumentRevisionLocks.lock,2304,532349223,0
candidate-trace,t04,4,2,publish,jdbc_executeQuery,DocumentSchemaBatch.lockArtifacts,960,156158674,0
candidate-trace,t04,4,2,publish,jdbc_executeQuery,DocumentSchemaPolicies.lambda$read$0,192,26359834,0
candidate-trace,t04,4,2,publish,jdbc_executeQuery,DocumentSchemaPolicies.lockCurrent,576,58953918,0
candidate-trace,t04,4,2,publish,jdbc_executeQuery,DocumentSchemaPolicies.select,384,50575559,0
candidate-trace,t04,4,2,publish,jdbc_executeQuery,DocumentSchemaRetention.requireFragments,192,46895712,0
candidate-trace,t04,4,2,publish,jdbc_executeQuery,DocumentSchemaRetention.requireRevision,192,28179802,0
candidate-trace,t04,4,2,publish,jdbc_executeQuery,DocumentSchemaRetention.write,192,46837962,0
candidate-trace,t04,4,2,publish,jdbc_executeQuery,DocumentSelectedAttemptLedger.lockSelected,192,32840609,0
candidate-trace,t04,4,2,publish,jdbc_executeQuery,DocumentSelectedAttemptLedger.requireOwner,576,150060874,0
candidate-trace,t04,4,2,publish,jdbc_executeQuery,DocumentSelectedAttemptLedger.requireSelections,1152,233277997,0
candidate-trace,t04,4,2,publish,jdbc_executeQuery,DocumentUploadAdmissionReplay.hasSelections,192,24368737,0
candidate-trace,t04,4,2,publish,jdbc_executeQuery,ManagedBackendLedger.find,384,47472767,0
candidate-trace,t04,4,2,publish,jdbc_executeQuery,RepositoryCoordinatorBinding.bindInitial,192,20152073,0
candidate-trace,t04,4,2,publish,jdbc_executeQuery,RepositoryExecutionClaimLedger.live,192,23364070,0
candidate-trace,t04,4,2,publish,jdbc_executeQuery,RepositoryExecutionClaimLedger.lockLive,3072,925088001,0
candidate-trace,t04,4,2,publish,jdbc_executeQuery,RepositoryExecutionClaimLedger.readLocked,1152,113098589,0
candidate-trace,t04,4,2,publish,jdbc_executeQuery,RepositoryOperationLedger.fenceLiveOwner,1728,1119547703,0
candidate-trace,t04,4,2,publish,jdbc_executeQuery,RepositoryOperationLedger.live,576,91202498,0
candidate-trace,t04,4,2,publish,jdbc_executeQuery,RepositoryOperationLedger.read,192,27070100,0
candidate-trace,t04,4,2,publish,jdbc_executeQuery,RepositoryOperationLedger.readOwner,768,88966436,0
candidate-trace,t04,4,2,publish,jdbc_executeQuery,RepositoryOperationLedger.requireCommand,1728,202668996,0
candidate-trace,t04,4,2,publish,jdbc_executeQuery,RepositorySchemaArtifacts.lambda$stage$3,768,675398077,0
candidate-trace,t04,4,2,publish,jdbc_executeQuery,SqlTimeouts.apply,1152,165835268,0
candidate-trace,t04,4,2,publish,jdbc_executeUpdate,DocumentCommitWriter.write,1344,978906716,0
candidate-trace,t04,4,2,publish,jdbc_executeUpdate,DocumentOperationSelection.insert,192,218158721,0
candidate-trace,t04,4,2,publish,jdbc_executeUpdate,DocumentOperationUploadAdmission.writeAdmissions,384,239386882,0
candidate-trace,t04,4,2,publish,jdbc_executeUpdate,DocumentPartAttemptLedger.insertEncodedRows,192,169825459,0
candidate-trace,t04,4,2,publish,jdbc_executeUpdate,DocumentPreparationCoverageCertificates.insert,192,76613657,0
candidate-trace,t04,4,2,publish,jdbc_executeUpdate,DocumentPreparationHistoryRoots.insert,384,131922868,0
candidate-trace,t04,4,2,publish,jdbc_executeUpdate,DocumentPublicationCommit.lambda$commitInternal$6,576,505105615,0
candidate-trace,t04,4,2,publish,jdbc_executeUpdate,DocumentPublicationModesJournal.insert,192,133977046,0
candidate-trace,t04,4,2,publish,jdbc_executeUpdate,DocumentPublicationPreparationJournal.insert,192,149459639,0
candidate-trace,t04,4,2,publish,jdbc_executeUpdate,DocumentSchemaAdmissionBinding.insert,192,171656942,0
candidate-trace,t04,4,2,publish,jdbc_executeUpdate,DocumentSelectedAttemptLedger.renewSelections,576,378842829,0
candidate-trace,t04,4,2,publish,jdbc_executeUpdate,RepositoryCoordinatorBinding.bindInitial,192,74765919,0
candidate-trace,t04,4,2,publish,jdbc_executeUpdate,RepositoryExecutionClaimLedger.acquireInitialChecked,192,73111466,0
candidate-trace,t04,4,2,publish,jdbc_executeUpdate,RepositoryExecutionClaimLedger.renewLive,384,82113408,0
candidate-trace,t04,4,2,publish,jdbc_executeUpdate,RepositoryOperationLedger.admitInTransaction,384,223766566,0
candidate-trace,t04,4,2,publish,jdbc_executeUpdate,RepositoryOperationLedger.renewLive,384,247177561,0
candidate-trace,t04,4,2,publish,sql_acquire,DocumentOperationUploadAdmission.captureReads,384,1761858416,0
candidate-trace,t04,4,2,publish,sql_acquire,DocumentOperationUploadAdmission.recheckInitialSelections,192,774152234,0
candidate-trace,t04,4,2,publish,sql_acquire,DocumentOperationUploadAdmission.stage,192,853006478,0
candidate-trace,t04,4,2,publish,sql_acquire,DocumentPublicationCommit.commitInternal,192,1249301744,0
candidate-trace,t04,4,2,publish,sql_acquire,DocumentPublicationModesJournal.requireObservedModes,192,1122531114,0
candidate-trace,t04,4,2,publish,sql_acquire,DocumentPublicationRegistration.admitInitialAccepted,192,819818933,0
candidate-trace,t04,4,2,publish,sql_acquire,DocumentPublicationRegistration.preflight,192,878954034,0
candidate-trace,t04,4,2,publish,sql_acquire,DocumentPublicationReplay.observe,384,2053828812,0
candidate-trace,t04,4,2,publish,sql_acquire,DocumentSchemaPolicies.read,192,999467665,0
candidate-trace,t04,4,2,publish,sql_acquire,DocumentSelectedAttemptLedger.renew,192,827950668,0
candidate-trace,t04,4,2,publish,sql_acquire,DocumentSelectedAttemptLedger.renewOwnerAndSelections,384,1668648602,0
candidate-trace,t04,4,2,publish,sql_acquire,RepositorySchemaArtifacts.stage,192,996718261,0
candidate-trace,t04,4,2,publish,sql_usage,DocumentOperationUploadAdmission.captureReads,384,2748000000,0
candidate-trace,t04,4,2,publish,sql_usage,DocumentOperationUploadAdmission.recheckInitialSelections,192,1190000000,0
candidate-trace,t04,4,2,publish,sql_usage,DocumentOperationUploadAdmission.stage,192,2480000000,0
candidate-trace,t04,4,2,publish,sql_usage,DocumentPublicationCommit.commitInternal,192,6143000000,0
candidate-trace,t04,4,2,publish,sql_usage,DocumentPublicationModesJournal.requireObservedModes,192,1342000000,0
candidate-trace,t04,4,2,publish,sql_usage,DocumentPublicationRegistration.admitInitialAccepted,192,2509000000,0
candidate-trace,t04,4,2,publish,sql_usage,DocumentPublicationRegistration.preflight,192,125000000,0
candidate-trace,t04,4,2,publish,sql_usage,DocumentPublicationReplay.observe,384,40000000,0
candidate-trace,t04,4,2,publish,sql_usage,DocumentSchemaPolicies.read,192,65000000,0
candidate-trace,t04,4,2,publish,sql_usage,DocumentSelectedAttemptLedger.renew,192,1439000000,0
candidate-trace,t04,4,2,publish,sql_usage,DocumentSelectedAttemptLedger.renewOwnerAndSelections,384,3439000000,0
candidate-trace,t04,4,2,publish,sql_usage,RepositorySchemaArtifacts.stage,192,1981000000,0
candidate-trace,t04,4,2,read,jdbc_commit,DocumentHistoricalSchemas.authorize,256,1134897176,0
candidate-trace,t04,4,2,read,jdbc_commit,DocumentHistoricalSchemas.check,256,1112000998,0
candidate-trace,t04,4,2,read,jdbc_commit,DocumentReadLedger$PinnedHistory.authorizeDelivery,768,3615892714,0
candidate-trace,t04,4,2,read,jdbc_commit,DocumentReadLedger.captureHistorical,256,1046104383,0
candidate-trace,t04,4,2,read,jdbc_executeQuery,DocumentHistoricalReadRows.capture,512,161484625,0
candidate-trace,t04,4,2,read,jdbc_executeQuery,DocumentHistoricalSchemaRows.artifacts,512,126155201,0
candidate-trace,t04,4,2,read,jdbc_executeQuery,DocumentHistoricalSchemaRows.capture,512,269117695,0
candidate-trace,t04,4,2,read,jdbc_executeQuery,DocumentHistoricalSchemaRows.references,256,38690246,0
candidate-trace,t04,4,2,read,jdbc_executeQuery,DocumentHistoricalSchemaRows.roots,512,63420527,0
candidate-trace,t04,4,2,read,jdbc_executeQuery,DocumentReadLedger.lambda$captureHistorical$0,256,55332407,0
candidate-trace,t04,4,2,read,jdbc_executeQuery,DocumentReadPins.acquireHistorical,512,196640060,0
candidate-trace,t04,4,2,read,jdbc_executeQuery,DocumentRevisionLocks.lock,3072,839778155,0
candidate-trace,t04,4,2,read,jdbc_executeQuery,ManagedBackendLedger.requireAll,256,37588571,0
candidate-trace,t04,4,2,read,jdbc_executeUpdate,DocumentReadPins.acquireHistorical,256,258893733,0
candidate-trace,t04,4,2,read,sql_acquire,DocumentHistoricalSchemas.authorize,256,1350214277,0
candidate-trace,t04,4,2,read,sql_acquire,DocumentHistoricalSchemas.check,256,1565203034,0
candidate-trace,t04,4,2,read,sql_acquire,DocumentReadLedger$PinnedHistory.authorizeDelivery,768,4526248911,0
candidate-trace,t04,4,2,read,sql_acquire,DocumentReadLedger.captureHistorical,256,1560860213,0
candidate-trace,t04,4,2,read,sql_usage,DocumentHistoricalSchemas.authorize,256,1259000000,0
candidate-trace,t04,4,2,read,sql_usage,DocumentHistoricalSchemas.check,256,1849000000,0
candidate-trace,t04,4,2,read,sql_usage,DocumentReadLedger$PinnedHistory.authorizeDelivery,768,3945000000,0
candidate-trace,t04,4,2,read,sql_usage,DocumentReadLedger.captureHistorical,256,2241000000,0
candidate-trace,t04,4,2,reject,jdbc_commit,DocumentAssessmentCreation.createInternal,64,208295899,0
candidate-trace,t04,4,2,reject,jdbc_commit,DocumentAssessmentCreation.lambda$createInternal$0,64,206745915,0
candidate-trace,t04,4,2,reject,jdbc_commit,DocumentAssessmentDeliveryAuthorization.check,256,905323272,0
candidate-trace,t04,4,2,reject,jdbc_commit,DocumentAssessmentDiscovery.discover,64,203186545,0
candidate-trace,t04,4,2,reject,jdbc_commit,DocumentAssessmentReconciliation.observeRetained,64,230671222,0
candidate-trace,t04,4,2,reject,jdbc_commit,DocumentAssessmentRejections.decide,64,217527171,0
candidate-trace,t04,4,2,reject,jdbc_commit,DocumentAssessmentReplayInputs.load,64,8910218,0
candidate-trace,t04,4,2,reject,jdbc_commit,DocumentAssessmentStartJournal.startRetained,64,226172952,0
candidate-trace,t04,4,2,reject,jdbc_commit,DocumentOperationUploadAdmission.captureReads,128,621592813,0
candidate-trace,t04,4,2,reject,jdbc_commit,DocumentOperationUploadAdmission.recheckInitialSelections,64,280109464,0
candidate-trace,t04,4,2,reject,jdbc_commit,DocumentOperationUploadAdmission.stage,64,347011466,0
candidate-trace,t04,4,2,reject,jdbc_commit,DocumentPublicationModesJournal.loadRetained,128,444017214,0
candidate-trace,t04,4,2,reject,jdbc_commit,DocumentPublicationModesJournal.requireObservedModes,128,427230090,0
candidate-trace,t04,4,2,reject,jdbc_commit,DocumentPublicationPreparationJournal.load,128,471011695,0
candidate-trace,t04,4,2,reject,jdbc_commit,DocumentPublicationRegistration.admitInitialAccepted,64,320826783,0
candidate-trace,t04,4,2,reject,jdbc_commit,DocumentPublicationRegistration.preflight,128,16047813,0
candidate-trace,t04,4,2,reject,jdbc_commit,DocumentPublicationReplay.observe,256,463572391,0
candidate-trace,t04,4,2,reject,jdbc_commit,DocumentSchemaPolicies.read,64,7880217,0
candidate-trace,t04,4,2,reject,jdbc_commit,DocumentSelectedAttemptLedger.renew,64,252421908,0
candidate-trace,t04,4,2,reject,jdbc_commit,DocumentSelectedAttemptLedger.renewOwnerAndSelections,128,571841182,0
candidate-trace,t04,4,2,reject,jdbc_commit,RepositorySchemaArtifacts.stage,64,256003452,0
candidate-trace,t04,4,2,reject,jdbc_executeBatch,DocumentAssessmentCreationWrites.lambda$writeRows$0,64,41346664,0
candidate-trace,t04,4,2,reject,jdbc_executeQuery,DocumentAssessmentDeliveryAuthorization.lambda$check$0,1280,169726493,0
candidate-trace,t04,4,2,reject,jdbc_executeQuery,DocumentAssessmentDeliveryAuthorization.requireLiveReadOwner,512,73062174,0
candidate-trace,t04,4,2,reject,jdbc_executeQuery,DocumentAssessmentDiscovery.lambda$discover$0,128,26771850,0
candidate-trace,t04,4,2,reject,jdbc_executeQuery,DocumentAssessmentReadRows.capture,192,690169254,0
candidate-trace,t04,4,2,reject,jdbc_executeQuery,DocumentAssessmentReconciliation.verifyRetained,256,54590221,0
candidate-trace,t04,4,2,reject,jdbc_executeQuery,DocumentAssessmentRejections.lambda$decide$0,256,49682493,0
candidate-trace,t04,4,2,reject,jdbc_executeQuery,DocumentAssessmentReplayInputs.artifacts,128,56017229,0
candidate-trace,t04,4,2,reject,jdbc_executeQuery,DocumentAssessmentReplayInputs.policy,128,23814510,0
candidate-trace,t04,4,2,reject,jdbc_executeQuery,DocumentAssessmentReplayInputs.read,128,32586778,0
candidate-trace,t04,4,2,reject,jdbc_executeQuery,DocumentAssessmentReplayInputs.roots,128,29595816,0
candidate-trace,t04,4,2,reject,jdbc_executeQuery,DocumentAssessmentRetainedEvidence.verify,64,13051994,0
candidate-trace,t04,4,2,reject,jdbc_executeQuery,DocumentAssessmentRetainedEvidence.verifyArtifacts,64,30889192,0
candidate-trace,t04,4,2,reject,jdbc_executeQuery,DocumentAssessmentRetainedSlots.retainedSelections,64,21457676,0
candidate-trace,t04,4,2,reject,jdbc_executeQuery,DocumentAssessmentRetainedSlots.verify,256,270748647,0
candidate-trace,t04,4,2,reject,jdbc_executeQuery,DocumentAssessmentStartJournal.insertStartedOutcome,64,13014392,0
candidate-trace,t04,4,2,reject,jdbc_executeQuery,DocumentAssessmentStartJournal.lambda$startRetained$2,64,13696451,0
candidate-trace,t04,4,2,reject,jdbc_executeQuery,DocumentAssessmentStartJournal.requireCreation,64,26594411,0
candidate-trace,t04,4,2,reject,jdbc_executeQuery,DocumentCommitParts.bind,128,43046243,0
candidate-trace,t04,4,2,reject,jdbc_executeQuery,DocumentCommitParts.read,64,86899752,0
candidate-trace,t04,4,2,reject,jdbc_executeQuery,DocumentCommitParts.selections,64,16225451,0
candidate-trace,t04,4,2,reject,jdbc_executeQuery,DocumentDriveSnapshot.lock,128,18213262,0
candidate-trace,t04,4,2,reject,jdbc_executeQuery,DocumentKeyReservations.reserveEncoded,64,18571439,0
candidate-trace,t04,4,2,reject,jdbc_executeQuery,DocumentOperationUploadAdmission.lambda$captureReads$0,192,49260551,0
candidate-trace,t04,4,2,reject,jdbc_executeQuery,DocumentOperationUploadAdmission.requireInitialSelections,64,15127238,0
candidate-trace,t04,4,2,reject,jdbc_executeQuery,DocumentOperationUploadAdmission.writeAdmissions,128,22985957,0
candidate-trace,t04,4,2,reject,jdbc_executeQuery,DocumentPartAttemptLedger.lockAll,384,43113850,0
candidate-trace,t04,4,2,reject,jdbc_executeQuery,DocumentPartAttemptLedger.read,128,14893621,0
candidate-trace,t04,4,2,reject,jdbc_executeQuery,DocumentPreparationHistoryRoots.coverage,64,8527191,0
candidate-trace,t04,4,2,reject,jdbc_executeQuery,DocumentPublicationModeValidation.capture,256,33988916,0
candidate-trace,t04,4,2,reject,jdbc_executeQuery,DocumentPublicationModesJournal.readModes,64,14356445,0
candidate-trace,t04,4,2,reject,jdbc_executeQuery,DocumentPublicationPreparationJournal.capture,128,26356796,0
candidate-trace,t04,4,2,reject,jdbc_executeQuery,DocumentPublicationReplay.observe,832,113793964,0
candidate-trace,t04,4,2,reject,jdbc_executeQuery,DocumentRevisionLocks.lock,2304,498835622,0
candidate-trace,t04,4,2,reject,jdbc_executeQuery,DocumentSchemaPolicies.lambda$read$0,64,8937632,0
candidate-trace,t04,4,2,reject,jdbc_executeQuery,DocumentSchemaPolicies.lockCurrent,384,36132048,0
candidate-trace,t04,4,2,reject,jdbc_executeQuery,DocumentSchemaPolicies.select,192,23427953,0
candidate-trace,t04,4,2,reject,jdbc_executeQuery,DocumentSelectedAttemptLedger.lockSelected,64,10538547,0
candidate-trace,t04,4,2,reject,jdbc_executeQuery,DocumentSelectedAttemptLedger.requireOwner,192,46475008,0
candidate-trace,t04,4,2,reject,jdbc_executeQuery,DocumentSelectedAttemptLedger.requireSelections,384,78774765,0
candidate-trace,t04,4,2,reject,jdbc_executeQuery,DocumentUploadAdmissionReplay.hasSelections,64,15833402,0
candidate-trace,t04,4,2,reject,jdbc_executeQuery,ManagedBackendLedger.find,128,14794773,0
candidate-trace,t04,4,2,reject,jdbc_executeQuery,ManagedBackendLedger.requireAll,64,6959061,0
candidate-trace,t04,4,2,reject,jdbc_executeQuery,RepositoryCoordinatorBinding.bindInitial,64,6493590,0
candidate-trace,t04,4,2,reject,jdbc_executeQuery,RepositoryExecutionClaimLedger.live,64,6680061,0
candidate-trace,t04,4,2,reject,jdbc_executeQuery,RepositoryExecutionClaimLedger.lockLive,2048,614052275,0
candidate-trace,t04,4,2,reject,jdbc_executeQuery,RepositoryExecutionClaimLedger.readLocked,384,35918366,0
candidate-trace,t04,4,2,reject,jdbc_executeQuery,RepositoryOperationLedger.fenceLiveOwner,1216,755712419,0
candidate-trace,t04,4,2,reject,jdbc_executeQuery,RepositoryOperationLedger.live,192,28116453,0
candidate-trace,t04,4,2,reject,jdbc_executeQuery,RepositoryOperationLedger.read,64,7916596,0
candidate-trace,t04,4,2,reject,jdbc_executeQuery,RepositoryOperationLedger.readOwner,256,28204099,0
candidate-trace,t04,4,2,reject,jdbc_executeQuery,RepositoryOperationLedger.requireCommand,1216,141575131,0
candidate-trace,t04,4,2,reject,jdbc_executeQuery,RepositorySchemaArtifacts.lambda$stage$3,256,253974239,0
candidate-trace,t04,4,2,reject,jdbc_executeQuery,SqlTimeouts.apply,384,56655192,0
candidate-trace,t04,4,2,reject,jdbc_executeUpdate,DocumentAssessmentCreationWrites.insertOwner,64,58583332,0
candidate-trace,t04,4,2,reject,jdbc_executeUpdate,DocumentAssessmentCreationWrites.lambda$writeRows$1,64,56274169,0
candidate-trace,t04,4,2,reject,jdbc_executeUpdate,DocumentAssessmentCreationWrites.writeRows,448,684750041,0
candidate-trace,t04,4,2,reject,jdbc_executeUpdate,DocumentAssessmentReconciliation.verifyRetained,64,47350795,0
candidate-trace,t04,4,2,reject,jdbc_executeUpdate,DocumentAssessmentRejections.lambda$decide$0,64,52143816,0
candidate-trace,t04,4,2,reject,jdbc_executeUpdate,DocumentAssessmentStartJournal.insertStartedOutcome,64,59625788,0
candidate-trace,t04,4,2,reject,jdbc_executeUpdate,DocumentOperationSelection.insert,64,64871596,0
candidate-trace,t04,4,2,reject,jdbc_executeUpdate,DocumentOperationUploadAdmission.writeAdmissions,128,80380033,0
candidate-trace,t04,4,2,reject,jdbc_executeUpdate,DocumentPartAttemptLedger.insertEncodedRows,64,60121332,0
candidate-trace,t04,4,2,reject,jdbc_executeUpdate,DocumentPreparationCoverageCertificates.insert,64,27097800,0
candidate-trace,t04,4,2,reject,jdbc_executeUpdate,DocumentPreparationHistoryRoots.insert,128,41280198,0
candidate-trace,t04,4,2,reject,jdbc_executeUpdate,DocumentPublicationModesJournal.insert,64,40950117,0
candidate-trace,t04,4,2,reject,jdbc_executeUpdate,DocumentPublicationPreparationJournal.insert,64,50302802,0
candidate-trace,t04,4,2,reject,jdbc_executeUpdate,DocumentSelectedAttemptLedger.renewSelections,192,124923857,0
candidate-trace,t04,4,2,reject,jdbc_executeUpdate,RepositoryCoordinatorBinding.bindInitial,64,23645254,0
candidate-trace,t04,4,2,reject,jdbc_executeUpdate,RepositoryExecutionClaimLedger.acquireInitialChecked,64,26763128,0
candidate-trace,t04,4,2,reject,jdbc_executeUpdate,RepositoryExecutionClaimLedger.renewLive,128,26857807,0
candidate-trace,t04,4,2,reject,jdbc_executeUpdate,RepositoryOperationLedger.admitInTransaction,128,66270246,0
candidate-trace,t04,4,2,reject,jdbc_executeUpdate,RepositoryOperationLedger.renewLive,128,75627449,0
candidate-trace,t04,4,2,reject,sql_acquire,DocumentAssessmentCreation.createInternal,64,418453529,0
candidate-trace,t04,4,2,reject,sql_acquire,DocumentAssessmentCreation.lambda$createInternal$0,64,421368906,0
candidate-trace,t04,4,2,reject,sql_acquire,DocumentAssessmentDeliveryAuthorization.check,256,1460124984,0
candidate-trace,t04,4,2,reject,sql_acquire,DocumentAssessmentDiscovery.discover,64,416316288,0
candidate-trace,t04,4,2,reject,sql_acquire,DocumentAssessmentReconciliation.observeRetained,64,318045022,0
candidate-trace,t04,4,2,reject,sql_acquire,DocumentAssessmentRejections.decide,64,326508717,0
candidate-trace,t04,4,2,reject,sql_acquire,DocumentAssessmentReplayInputs.load,64,348872814,0
candidate-trace,t04,4,2,reject,sql_acquire,DocumentAssessmentStartJournal.startRetained,64,329063012,0
candidate-trace,t04,4,2,reject,sql_acquire,DocumentOperationUploadAdmission.captureReads,128,480535844,0
candidate-trace,t04,4,2,reject,sql_acquire,DocumentOperationUploadAdmission.recheckInitialSelections,64,228351503,0
candidate-trace,t04,4,2,reject,sql_acquire,DocumentOperationUploadAdmission.stage,64,276327921,0
candidate-trace,t04,4,2,reject,sql_acquire,DocumentPublicationModesJournal.loadRetained,128,652834073,0
candidate-trace,t04,4,2,reject,sql_acquire,DocumentPublicationModesJournal.requireObservedModes,128,648481672,0
candidate-trace,t04,4,2,reject,sql_acquire,DocumentPublicationPreparationJournal.load,128,729826575,0
candidate-trace,t04,4,2,reject,sql_acquire,DocumentPublicationRegistration.admitInitialAccepted,64,318693588,0
candidate-trace,t04,4,2,reject,sql_acquire,DocumentPublicationRegistration.preflight,128,652435792,0
candidate-trace,t04,4,2,reject,sql_acquire,DocumentPublicationReplay.observe,256,1566202972,0
candidate-trace,t04,4,2,reject,sql_acquire,DocumentSchemaPolicies.read,64,325284959,0
candidate-trace,t04,4,2,reject,sql_acquire,DocumentSelectedAttemptLedger.renew,64,198326734,0
candidate-trace,t04,4,2,reject,sql_acquire,DocumentSelectedAttemptLedger.renewOwnerAndSelections,128,516381352,0
candidate-trace,t04,4,2,reject,sql_acquire,RepositorySchemaArtifacts.stage,64,259834048,0
candidate-trace,t04,4,2,reject,sql_usage,DocumentAssessmentCreation.createInternal,64,1668000000,0
candidate-trace,t04,4,2,reject,sql_usage,DocumentAssessmentCreation.lambda$createInternal$0,64,331000000,0
candidate-trace,t04,4,2,reject,sql_usage,DocumentAssessmentDeliveryAuthorization.check,256,1342000000,0
candidate-trace,t04,4,2,reject,sql_usage,DocumentAssessmentDiscovery.discover,64,420000000,0
candidate-trace,t04,4,2,reject,sql_usage,DocumentAssessmentReconciliation.observeRetained,64,1666000000,0
candidate-trace,t04,4,2,reject,sql_usage,DocumentAssessmentRejections.decide,64,639000000,0
candidate-trace,t04,4,2,reject,sql_usage,DocumentAssessmentReplayInputs.load,64,299000000,0
candidate-trace,t04,4,2,reject,sql_usage,DocumentAssessmentStartJournal.startRetained,64,409000000,0
candidate-trace,t04,4,2,reject,sql_usage,DocumentOperationUploadAdmission.captureReads,128,954000000,0
candidate-trace,t04,4,2,reject,sql_usage,DocumentOperationUploadAdmission.recheckInitialSelections,64,375000000,0
candidate-trace,t04,4,2,reject,sql_usage,DocumentOperationUploadAdmission.stage,64,855000000,0
candidate-trace,t04,4,2,reject,sql_usage,DocumentPublicationModesJournal.loadRetained,128,467000000,0
candidate-trace,t04,4,2,reject,sql_usage,DocumentPublicationModesJournal.requireObservedModes,128,751000000,0
candidate-trace,t04,4,2,reject,sql_usage,DocumentPublicationPreparationJournal.load,128,516000000,0
candidate-trace,t04,4,2,reject,sql_usage,DocumentPublicationRegistration.admitInitialAccepted,64,797000000,0
candidate-trace,t04,4,2,reject,sql_usage,DocumentPublicationRegistration.preflight,128,103000000,0
candidate-trace,t04,4,2,reject,sql_usage,DocumentPublicationReplay.observe,256,590000000,0
candidate-trace,t04,4,2,reject,sql_usage,DocumentSchemaPolicies.read,64,23000000,0
candidate-trace,t04,4,2,reject,sql_usage,DocumentSelectedAttemptLedger.renew,64,448000000,0
candidate-trace,t04,4,2,reject,sql_usage,DocumentSelectedAttemptLedger.renewOwnerAndSelections,128,1109000000,0
candidate-trace,t04,4,2,reject,sql_usage,RepositorySchemaArtifacts.stage,64,686000000,0
candidate-trace,t04,4,2,replay,jdbc_commit,DocumentPublicationReplay.observe,256,1088798122,0
candidate-trace,t04,4,2,replay,jdbc_executeQuery,DocumentPublicationReplay.observe,768,109301062,0
candidate-trace,t04,4,2,replay,jdbc_executeQuery,DocumentPublicationReplay.requireRevisions,192,42853771,0
candidate-trace,t04,4,2,replay,jdbc_executeQuery,DocumentRevisionLocks.lock,512,115584517,0
candidate-trace,t04,4,2,replay,jdbc_executeQuery,RepositoryOperationLedger.requireCommand,256,33494780,0
candidate-trace,t04,4,2,replay,sql_acquire,DocumentPublicationReplay.observe,256,1656966585,0
candidate-trace,t04,4,2,replay,sql_usage,DocumentPublicationReplay.observe,256,1533000000,0
candidate-trace,t04,4,2,unscoped,jdbc_commit,DocumentAssessmentReadProtection.finish,60,256357840,0
candidate-trace,t04,4,2,unscoped,jdbc_commit,DocumentReadPins.finish,256,1337055045,0
candidate-trace,t04,4,2,unscoped,jdbc_commit,DocumentSelectedAttemptLedger.verifyBatch,256,1197095644,0
candidate-trace,t04,4,2,unscoped,jdbc_executeQuery,DocumentAssessmentReadProtection.lambda$finish$0,59,32400977,0
candidate-trace,t04,4,2,unscoped,jdbc_executeQuery,DocumentPartAttemptLedger.read,512,64225000,0
candidate-trace,t04,4,2,unscoped,jdbc_executeQuery,DocumentReadPins.lambda$finish$0,256,308543646,0
candidate-trace,t04,4,2,unscoped,jdbc_executeQuery,DocumentSelectedAttemptLedger.lockSelected,512,85525798,0
candidate-trace,t04,4,2,unscoped,jdbc_executeQuery,DocumentSelectedAttemptLedger.requireOwner,256,64845368,0
candidate-trace,t04,4,2,unscoped,jdbc_executeQuery,RepositoryExecutionClaimLedger.lockLive,256,82958353,0
candidate-trace,t04,4,2,unscoped,jdbc_executeQuery,RepositoryOperationLedger.fenceLiveOwner,256,177154017,0
candidate-trace,t04,4,2,unscoped,jdbc_executeQuery,SqlTimeouts.apply,256,38954499,0
candidate-trace,t04,4,2,unscoped,jdbc_executeUpdate,DocumentSelectedAttemptLedger.verifyBatch,512,375647757,0
candidate-trace,t04,4,2,unscoped,provider_getBounded,DocumentPartTransfer.upload,256,753492802,0
candidate-trace,t04,4,2,unscoped,provider_getBounded,outside_ledger,320,1148599356,0
candidate-trace,t04,4,2,unscoped,provider_put,DocumentPartTransfer.upload,256,18621625052,0
candidate-trace,t04,4,2,unscoped,sql_acquire,DocumentAssessmentReadProtection.finish,59,449917176,0
candidate-trace,t04,4,2,unscoped,sql_acquire,DocumentReadPins.finish,256,1762531284,0
candidate-trace,t04,4,2,unscoped,sql_acquire,DocumentSelectedAttemptLedger.verifyBatch,256,671913265,0
candidate-trace,t04,4,2,unscoped,sql_usage,DocumentAssessmentReadProtection.finish,60,274000000,0
candidate-trace,t04,4,2,unscoped,sql_usage,DocumentReadPins.finish,256,1568000000,0
candidate-trace,t04,4,2,unscoped,sql_usage,DocumentSelectedAttemptLedger.verifyBatch,256,2169000000,0
candidate-trace,t05,2,8,publish,jdbc_commit,DocumentOperationUploadAdmission.captureReads,384,1745818813,0
candidate-trace,t05,2,8,publish,jdbc_commit,DocumentOperationUploadAdmission.recheckInitialSelections,192,975838376,0
candidate-trace,t05,2,8,publish,jdbc_commit,DocumentOperationUploadAdmission.stage,192,909725837,0
candidate-trace,t05,2,8,publish,jdbc_commit,DocumentPublicationCommit.commitInternal,192,943047293,0
candidate-trace,t05,2,8,publish,jdbc_commit,DocumentPublicationModesJournal.requireObservedModes,192,883954523,0
candidate-trace,t05,2,8,publish,jdbc_commit,DocumentPublicationRegistration.admitInitialAccepted,192,1043068729,0
candidate-trace,t05,2,8,publish,jdbc_commit,DocumentPublicationRegistration.preflight,192,24668981,0
candidate-trace,t05,2,8,publish,jdbc_commit,DocumentPublicationReplay.observe,384,40487937,0
candidate-trace,t05,2,8,publish,jdbc_commit,DocumentSchemaPolicies.read,192,22523645,0
candidate-trace,t05,2,8,publish,jdbc_commit,DocumentSelectedAttemptLedger.renew,192,893893535,0
candidate-trace,t05,2,8,publish,jdbc_commit,DocumentSelectedAttemptLedger.renewOwnerAndSelections,384,1880571065,0
candidate-trace,t05,2,8,publish,jdbc_commit,RepositorySchemaArtifacts.stage,192,942961231,0
candidate-trace,t05,2,8,publish,jdbc_executeBatch,DocumentSchemaRetention.flush,576,568035925,0
candidate-trace,t05,2,8,publish,jdbc_executeQuery,DocumentAdmissionSnapshot.prepare,192,83513591,0
candidate-trace,t05,2,8,publish,jdbc_executeQuery,DocumentCommitParts.bind,192,45132600,0
candidate-trace,t05,2,8,publish,jdbc_executeQuery,DocumentCommitParts.read,192,297296071,0
candidate-trace,t05,2,8,publish,jdbc_executeQuery,DocumentCommitParts.selections,192,80888120,0
candidate-trace,t05,2,8,publish,jdbc_executeQuery,DocumentCommitWriter.write,384,54906257,0
candidate-trace,t05,2,8,publish,jdbc_executeQuery,DocumentDriveSnapshot.lock,384,62030930,0
candidate-trace,t05,2,8,publish,jdbc_executeQuery,DocumentKeyReservations.reserveEncoded,192,65104407,0
candidate-trace,t05,2,8,publish,jdbc_executeQuery,DocumentOperationUploadAdmission.lambda$captureReads$0,576,150794918,0
candidate-trace,t05,2,8,publish,jdbc_executeQuery,DocumentOperationUploadAdmission.requireInitialSelections,192,67294690,0
candidate-trace,t05,2,8,publish,jdbc_executeQuery,DocumentOperationUploadAdmission.writeAdmissions,384,81861609,0
candidate-trace,t05,2,8,publish,jdbc_executeQuery,DocumentPartAttemptLedger.lockAll,1152,140519898,0
candidate-trace,t05,2,8,publish,jdbc_executeQuery,DocumentPartAttemptLedger.read,384,53791851,0
candidate-trace,t05,2,8,publish,jdbc_executeQuery,DocumentPreparationHistoryRoots.coverage,192,44730336,0
candidate-trace,t05,2,8,publish,jdbc_executeQuery,DocumentPublicationLocks$IndependentOrigins.requireScope,384,45708445,0
candidate-trace,t05,2,8,publish,jdbc_executeQuery,DocumentPublicationLocks.lockIndependentOrigins,960,156221280,0
candidate-trace,t05,2,8,publish,jdbc_executeQuery,DocumentPublicationLocks.lockIndependentRetention,192,41421935,0
candidate-trace,t05,2,8,publish,jdbc_executeQuery,DocumentPublicationModeBinding.require,192,56423777,0
candidate-trace,t05,2,8,publish,jdbc_executeQuery,DocumentPublicationModeValidation.capture,384,73928538,0
candidate-trace,t05,2,8,publish,jdbc_executeQuery,DocumentPublicationReplay.observe,768,131516481,0
candidate-trace,t05,2,8,publish,jdbc_executeQuery,DocumentRevisionLocks.lock,2304,544903195,0
candidate-trace,t05,2,8,publish,jdbc_executeQuery,DocumentSchemaBatch.lockArtifacts,960,177020123,0
candidate-trace,t05,2,8,publish,jdbc_executeQuery,DocumentSchemaPolicies.lambda$read$0,192,27118253,0
candidate-trace,t05,2,8,publish,jdbc_executeQuery,DocumentSchemaPolicies.lockCurrent,576,66744689,0
candidate-trace,t05,2,8,publish,jdbc_executeQuery,DocumentSchemaPolicies.select,384,56290341,0
candidate-trace,t05,2,8,publish,jdbc_executeQuery,DocumentSchemaRetention.requireFragments,192,99342565,0
candidate-trace,t05,2,8,publish,jdbc_executeQuery,DocumentSchemaRetention.requireRevision,192,44533312,0
candidate-trace,t05,2,8,publish,jdbc_executeQuery,DocumentSchemaRetention.write,192,53926998,0
candidate-trace,t05,2,8,publish,jdbc_executeQuery,DocumentSelectedAttemptLedger.lockSelected,192,36793113,0
candidate-trace,t05,2,8,publish,jdbc_executeQuery,DocumentSelectedAttemptLedger.requireOwner,576,163633659,0
candidate-trace,t05,2,8,publish,jdbc_executeQuery,DocumentSelectedAttemptLedger.requireSelections,1152,244130954,0
candidate-trace,t05,2,8,publish,jdbc_executeQuery,DocumentUploadAdmissionReplay.hasSelections,192,32590912,0
candidate-trace,t05,2,8,publish,jdbc_executeQuery,ManagedBackendLedger.find,384,52972146,0
candidate-trace,t05,2,8,publish,jdbc_executeQuery,RepositoryCoordinatorBinding.bindInitial,192,26096611,0
candidate-trace,t05,2,8,publish,jdbc_executeQuery,RepositoryExecutionClaimLedger.live,192,30608372,0
candidate-trace,t05,2,8,publish,jdbc_executeQuery,RepositoryExecutionClaimLedger.lockLive,3072,980898276,0
candidate-trace,t05,2,8,publish,jdbc_executeQuery,RepositoryExecutionClaimLedger.readLocked,1152,129624922,0
candidate-trace,t05,2,8,publish,jdbc_executeQuery,RepositoryOperationLedger.fenceLiveOwner,1728,1178555187,0
candidate-trace,t05,2,8,publish,jdbc_executeQuery,RepositoryOperationLedger.live,576,114209173,0
candidate-trace,t05,2,8,publish,jdbc_executeQuery,RepositoryOperationLedger.read,192,33906619,0
candidate-trace,t05,2,8,publish,jdbc_executeQuery,RepositoryOperationLedger.readOwner,768,96454441,0
candidate-trace,t05,2,8,publish,jdbc_executeQuery,RepositoryOperationLedger.requireCommand,1728,217678689,0
candidate-trace,t05,2,8,publish,jdbc_executeQuery,RepositorySchemaArtifacts.lambda$stage$3,768,708828531,0
candidate-trace,t05,2,8,publish,jdbc_executeQuery,SqlTimeouts.apply,1152,167223111,0
candidate-trace,t05,2,8,publish,jdbc_executeUpdate,DocumentCommitWriter.write,1344,1136730520,0
candidate-trace,t05,2,8,publish,jdbc_executeUpdate,DocumentOperationSelection.insert,192,245632076,0
candidate-trace,t05,2,8,publish,jdbc_executeUpdate,DocumentOperationUploadAdmission.writeAdmissions,384,279249633,0
candidate-trace,t05,2,8,publish,jdbc_executeUpdate,DocumentPartAttemptLedger.insertEncodedRows,192,200373776,0
candidate-trace,t05,2,8,publish,jdbc_executeUpdate,DocumentPreparationCoverageCertificates.insert,192,102919500,0
candidate-trace,t05,2,8,publish,jdbc_executeUpdate,DocumentPreparationHistoryRoots.insert,384,157409369,0
candidate-trace,t05,2,8,publish,jdbc_executeUpdate,DocumentPublicationCommit.lambda$commitInternal$6,576,671185113,0
candidate-trace,t05,2,8,publish,jdbc_executeUpdate,DocumentPublicationModesJournal.insert,192,158584543,0
candidate-trace,t05,2,8,publish,jdbc_executeUpdate,DocumentPublicationPreparationJournal.insert,192,171623287,0
candidate-trace,t05,2,8,publish,jdbc_executeUpdate,DocumentSchemaAdmissionBinding.insert,192,195374557,0
candidate-trace,t05,2,8,publish,jdbc_executeUpdate,DocumentSelectedAttemptLedger.renewSelections,576,391231280,0
candidate-trace,t05,2,8,publish,jdbc_executeUpdate,RepositoryCoordinatorBinding.bindInitial,192,82491535,0
candidate-trace,t05,2,8,publish,jdbc_executeUpdate,RepositoryExecutionClaimLedger.acquireInitialChecked,192,110227846,0
candidate-trace,t05,2,8,publish,jdbc_executeUpdate,RepositoryExecutionClaimLedger.renewLive,384,89560894,0
candidate-trace,t05,2,8,publish,jdbc_executeUpdate,RepositoryOperationLedger.admitInTransaction,384,252338202,0
candidate-trace,t05,2,8,publish,jdbc_executeUpdate,RepositoryOperationLedger.renewLive,384,262481359,0
candidate-trace,t05,2,8,publish,sql_acquire,DocumentOperationUploadAdmission.captureReads,384,27496953,0
candidate-trace,t05,2,8,publish,sql_acquire,DocumentOperationUploadAdmission.recheckInitialSelections,192,470557,0
candidate-trace,t05,2,8,publish,sql_acquire,DocumentOperationUploadAdmission.stage,192,41240593,0
candidate-trace,t05,2,8,publish,sql_acquire,DocumentPublicationCommit.commitInternal,192,5850492,0
candidate-trace,t05,2,8,publish,sql_acquire,DocumentPublicationModesJournal.requireObservedModes,192,5683628,0
candidate-trace,t05,2,8,publish,sql_acquire,DocumentPublicationRegistration.admitInitialAccepted,192,30420838,0
candidate-trace,t05,2,8,publish,sql_acquire,DocumentPublicationRegistration.preflight,192,25475965,0
candidate-trace,t05,2,8,publish,sql_acquire,DocumentPublicationReplay.observe,384,47333787,0
candidate-trace,t05,2,8,publish,sql_acquire,DocumentSchemaPolicies.read,192,19561687,0
candidate-trace,t05,2,8,publish,sql_acquire,DocumentSelectedAttemptLedger.renew,192,2036465,0
candidate-trace,t05,2,8,publish,sql_acquire,DocumentSelectedAttemptLedger.renewOwnerAndSelections,384,34047459,0
candidate-trace,t05,2,8,publish,sql_acquire,RepositorySchemaArtifacts.stage,192,3381376,0
candidate-trace,t05,2,8,publish,sql_usage,DocumentOperationUploadAdmission.captureReads,384,2535000000,0
candidate-trace,t05,2,8,publish,sql_usage,DocumentOperationUploadAdmission.recheckInitialSelections,192,1255000000,0
candidate-trace,t05,2,8,publish,sql_usage,DocumentOperationUploadAdmission.stage,192,2437000000,0
candidate-trace,t05,2,8,publish,sql_usage,DocumentPublicationCommit.commitInternal,192,6411000000,0
candidate-trace,t05,2,8,publish,sql_usage,DocumentPublicationModesJournal.requireObservedModes,192,1353000000,0
candidate-trace,t05,2,8,publish,sql_usage,DocumentPublicationRegistration.admitInitialAccepted,192,2731000000,0
candidate-trace,t05,2,8,publish,sql_usage,DocumentPublicationRegistration.preflight,192,79000000,0
candidate-trace,t05,2,8,publish,sql_usage,DocumentPublicationReplay.observe,384,14000000,0
candidate-trace,t05,2,8,publish,sql_usage,DocumentSchemaPolicies.read,192,26000000,0
candidate-trace,t05,2,8,publish,sql_usage,DocumentSelectedAttemptLedger.renew,192,1451000000,0
candidate-trace,t05,2,8,publish,sql_usage,DocumentSelectedAttemptLedger.renewOwnerAndSelections,384,3525000000,0
candidate-trace,t05,2,8,publish,sql_usage,RepositorySchemaArtifacts.stage,192,2081000000,0
candidate-trace,t05,2,8,read,jdbc_commit,DocumentHistoricalSchemas.authorize,256,1247845441,0
candidate-trace,t05,2,8,read,jdbc_commit,DocumentHistoricalSchemas.check,256,1128285196,0
candidate-trace,t05,2,8,read,jdbc_commit,DocumentReadLedger$PinnedHistory.authorizeDelivery,768,3821607443,0
candidate-trace,t05,2,8,read,jdbc_commit,DocumentReadLedger.captureHistorical,256,1190849012,0
candidate-trace,t05,2,8,read,jdbc_executeQuery,DocumentHistoricalReadRows.capture,512,299402453,0
candidate-trace,t05,2,8,read,jdbc_executeQuery,DocumentHistoricalSchemaRows.artifacts,512,161348703,0
candidate-trace,t05,2,8,read,jdbc_executeQuery,DocumentHistoricalSchemaRows.capture,512,341080723,0
candidate-trace,t05,2,8,read,jdbc_executeQuery,DocumentHistoricalSchemaRows.references,256,44568694,0
candidate-trace,t05,2,8,read,jdbc_executeQuery,DocumentHistoricalSchemaRows.roots,512,89200458,0
candidate-trace,t05,2,8,read,jdbc_executeQuery,DocumentReadLedger.lambda$captureHistorical$0,256,55585899,0
candidate-trace,t05,2,8,read,jdbc_executeQuery,DocumentReadPins.acquireHistorical,512,247969468,0
candidate-trace,t05,2,8,read,jdbc_executeQuery,DocumentRevisionLocks.lock,3072,867825454,0
candidate-trace,t05,2,8,read,jdbc_executeQuery,ManagedBackendLedger.requireAll,256,43700068,0
candidate-trace,t05,2,8,read,jdbc_executeUpdate,DocumentReadPins.acquireHistorical,256,309615126,0
candidate-trace,t05,2,8,read,sql_acquire,DocumentHistoricalSchemas.authorize,256,37833624,0
candidate-trace,t05,2,8,read,sql_acquire,DocumentHistoricalSchemas.check,256,9011307,0
candidate-trace,t05,2,8,read,sql_acquire,DocumentReadLedger$PinnedHistory.authorizeDelivery,768,77440937,0
candidate-trace,t05,2,8,read,sql_acquire,DocumentReadLedger.captureHistorical,256,14026447,0
candidate-trace,t05,2,8,read,sql_usage,DocumentHistoricalSchemas.authorize,256,1340000000,0
candidate-trace,t05,2,8,read,sql_usage,DocumentHistoricalSchemas.check,256,1923000000,0
candidate-trace,t05,2,8,read,sql_usage,DocumentReadLedger$PinnedHistory.authorizeDelivery,768,4056000000,0
candidate-trace,t05,2,8,read,sql_usage,DocumentReadLedger.captureHistorical,256,2530000000,0
candidate-trace,t05,2,8,reject,jdbc_commit,DocumentAssessmentCreation.createInternal,64,215963830,0
candidate-trace,t05,2,8,reject,jdbc_commit,DocumentAssessmentCreation.lambda$createInternal$0,64,236321575,0
candidate-trace,t05,2,8,reject,jdbc_commit,DocumentAssessmentDeliveryAuthorization.check,256,1046551893,0
candidate-trace,t05,2,8,reject,jdbc_commit,DocumentAssessmentDiscovery.discover,64,224976855,0
candidate-trace,t05,2,8,reject,jdbc_commit,DocumentAssessmentReconciliation.observeRetained,64,284403556,0
candidate-trace,t05,2,8,reject,jdbc_commit,DocumentAssessmentRejections.decide,64,296513413,0
candidate-trace,t05,2,8,reject,jdbc_commit,DocumentAssessmentReplayInputs.load,64,9421596,0
candidate-trace,t05,2,8,reject,jdbc_commit,DocumentAssessmentStartJournal.startRetained,64,216185902,0
candidate-trace,t05,2,8,reject,jdbc_commit,DocumentOperationUploadAdmission.captureReads,128,619180560,0
candidate-trace,t05,2,8,reject,jdbc_commit,DocumentOperationUploadAdmission.recheckInitialSelections,64,282146370,0
candidate-trace,t05,2,8,reject,jdbc_commit,DocumentOperationUploadAdmission.stage,64,340283404,0
candidate-trace,t05,2,8,reject,jdbc_commit,DocumentPublicationModesJournal.loadRetained,128,455784405,0
candidate-trace,t05,2,8,reject,jdbc_commit,DocumentPublicationModesJournal.requireObservedModes,128,449044325,0
candidate-trace,t05,2,8,reject,jdbc_commit,DocumentPublicationPreparationJournal.load,128,460056071,0
candidate-trace,t05,2,8,reject,jdbc_commit,DocumentPublicationRegistration.admitInitialAccepted,64,324733357,0
candidate-trace,t05,2,8,reject,jdbc_commit,DocumentPublicationRegistration.preflight,128,15883119,0
candidate-trace,t05,2,8,reject,jdbc_commit,DocumentPublicationReplay.observe,256,530075359,0
candidate-trace,t05,2,8,reject,jdbc_commit,DocumentSchemaPolicies.read,64,7377626,0
candidate-trace,t05,2,8,reject,jdbc_commit,DocumentSelectedAttemptLedger.renew,64,290009759,0
candidate-trace,t05,2,8,reject,jdbc_commit,DocumentSelectedAttemptLedger.renewOwnerAndSelections,128,594051331,0
candidate-trace,t05,2,8,reject,jdbc_commit,RepositorySchemaArtifacts.stage,64,245799251,0
candidate-trace,t05,2,8,reject,jdbc_executeBatch,DocumentAssessmentCreationWrites.lambda$writeRows$0,64,53348709,0
candidate-trace,t05,2,8,reject,jdbc_executeQuery,DocumentAssessmentDeliveryAuthorization.lambda$check$0,1280,227252384,0
candidate-trace,t05,2,8,reject,jdbc_executeQuery,DocumentAssessmentDeliveryAuthorization.requireLiveReadOwner,512,96056200,0
candidate-trace,t05,2,8,reject,jdbc_executeQuery,DocumentAssessmentDiscovery.lambda$discover$0,128,36632766,0
candidate-trace,t05,2,8,reject,jdbc_executeQuery,DocumentAssessmentReadRows.capture,192,829458124,0
candidate-trace,t05,2,8,reject,jdbc_executeQuery,DocumentAssessmentReconciliation.verifyRetained,256,63525454,0
candidate-trace,t05,2,8,reject,jdbc_executeQuery,DocumentAssessmentRejections.lambda$decide$0,256,59331588,0
candidate-trace,t05,2,8,reject,jdbc_executeQuery,DocumentAssessmentReplayInputs.artifacts,128,71917281,0
candidate-trace,t05,2,8,reject,jdbc_executeQuery,DocumentAssessmentReplayInputs.policy,128,29057370,0
candidate-trace,t05,2,8,reject,jdbc_executeQuery,DocumentAssessmentReplayInputs.read,128,38204412,0
candidate-trace,t05,2,8,reject,jdbc_executeQuery,DocumentAssessmentReplayInputs.roots,128,36476875,0
candidate-trace,t05,2,8,reject,jdbc_executeQuery,DocumentAssessmentRetainedEvidence.verify,64,15090381,0
candidate-trace,t05,2,8,reject,jdbc_executeQuery,DocumentAssessmentRetainedEvidence.verifyArtifacts,64,40077261,0
candidate-trace,t05,2,8,reject,jdbc_executeQuery,DocumentAssessmentRetainedSlots.retainedSelections,64,26566130,0
candidate-trace,t05,2,8,reject,jdbc_executeQuery,DocumentAssessmentRetainedSlots.verify,256,331248990,0
candidate-trace,t05,2,8,reject,jdbc_executeQuery,DocumentAssessmentStartJournal.insertStartedOutcome,64,12954975,0
candidate-trace,t05,2,8,reject,jdbc_executeQuery,DocumentAssessmentStartJournal.lambda$startRetained$2,64,14129786,0
candidate-trace,t05,2,8,reject,jdbc_executeQuery,DocumentAssessmentStartJournal.requireCreation,64,34671814,0
candidate-trace,t05,2,8,reject,jdbc_executeQuery,DocumentCommitParts.bind,128,49088589,0
candidate-trace,t05,2,8,reject,jdbc_executeQuery,DocumentCommitParts.read,64,101065743,0
candidate-trace,t05,2,8,reject,jdbc_executeQuery,DocumentCommitParts.selections,64,24329919,0
candidate-trace,t05,2,8,reject,jdbc_executeQuery,DocumentDriveSnapshot.lock,128,18527628,0
candidate-trace,t05,2,8,reject,jdbc_executeQuery,DocumentKeyReservations.reserveEncoded,64,19616568,0
candidate-trace,t05,2,8,reject,jdbc_executeQuery,DocumentOperationUploadAdmission.lambda$captureReads$0,192,52097786,0
candidate-trace,t05,2,8,reject,jdbc_executeQuery,DocumentOperationUploadAdmission.requireInitialSelections,64,22352811,0
candidate-trace,t05,2,8,reject,jdbc_executeQuery,DocumentOperationUploadAdmission.writeAdmissions,128,24544312,0
candidate-trace,t05,2,8,reject,jdbc_executeQuery,DocumentPartAttemptLedger.lockAll,384,46507115,0
candidate-trace,t05,2,8,reject,jdbc_executeQuery,DocumentPartAttemptLedger.read,128,16412512,0
candidate-trace,t05,2,8,reject,jdbc_executeQuery,DocumentPreparationHistoryRoots.coverage,64,12203599,0
candidate-trace,t05,2,8,reject,jdbc_executeQuery,DocumentPublicationModeValidation.capture,256,46615589,0
candidate-trace,t05,2,8,reject,jdbc_executeQuery,DocumentPublicationModesJournal.readModes,64,15880435,0
candidate-trace,t05,2,8,reject,jdbc_executeQuery,DocumentPublicationPreparationJournal.capture,128,29170248,0
candidate-trace,t05,2,8,reject,jdbc_executeQuery,DocumentPublicationReplay.observe,832,122668988,0
candidate-trace,t05,2,8,reject,jdbc_executeQuery,DocumentRevisionLocks.lock,2304,552981300,0
candidate-trace,t05,2,8,reject,jdbc_executeQuery,DocumentSchemaPolicies.lambda$read$0,64,10044855,0
candidate-trace,t05,2,8,reject,jdbc_executeQuery,DocumentSchemaPolicies.lockCurrent,384,45550680,0
candidate-trace,t05,2,8,reject,jdbc_executeQuery,DocumentSchemaPolicies.select,192,26150882,0
candidate-trace,t05,2,8,reject,jdbc_executeQuery,DocumentSelectedAttemptLedger.lockSelected,64,13344275,0
candidate-trace,t05,2,8,reject,jdbc_executeQuery,DocumentSelectedAttemptLedger.requireOwner,192,53154502,0
candidate-trace,t05,2,8,reject,jdbc_executeQuery,DocumentSelectedAttemptLedger.requireSelections,384,82954914,0
candidate-trace,t05,2,8,reject,jdbc_executeQuery,DocumentUploadAdmissionReplay.hasSelections,64,8537181,0
candidate-trace,t05,2,8,reject,jdbc_executeQuery,ManagedBackendLedger.find,128,15869623,0
candidate-trace,t05,2,8,reject,jdbc_executeQuery,ManagedBackendLedger.requireAll,64,9856857,0
candidate-trace,t05,2,8,reject,jdbc_executeQuery,RepositoryCoordinatorBinding.bindInitial,64,8174764,0
candidate-trace,t05,2,8,reject,jdbc_executeQuery,RepositoryExecutionClaimLedger.live,64,8032263,0
candidate-trace,t05,2,8,reject,jdbc_executeQuery,RepositoryExecutionClaimLedger.lockLive,2048,665827695,0
candidate-trace,t05,2,8,reject,jdbc_executeQuery,RepositoryExecutionClaimLedger.readLocked,384,39368512,0
candidate-trace,t05,2,8,reject,jdbc_executeQuery,RepositoryOperationLedger.fenceLiveOwner,1216,850468069,0
candidate-trace,t05,2,8,reject,jdbc_executeQuery,RepositoryOperationLedger.live,192,32512219,0
candidate-trace,t05,2,8,reject,jdbc_executeQuery,RepositoryOperationLedger.read,64,10481525,0
candidate-trace,t05,2,8,reject,jdbc_executeQuery,RepositoryOperationLedger.readOwner,256,30355104,0
candidate-trace,t05,2,8,reject,jdbc_executeQuery,RepositoryOperationLedger.requireCommand,1216,160716450,0
candidate-trace,t05,2,8,reject,jdbc_executeQuery,RepositorySchemaArtifacts.lambda$stage$3,256,270563547,0
candidate-trace,t05,2,8,reject,jdbc_executeQuery,SqlTimeouts.apply,384,58653336,0
candidate-trace,t05,2,8,reject,jdbc_executeUpdate,DocumentAssessmentCreationWrites.insertOwner,64,80911389,0
candidate-trace,t05,2,8,reject,jdbc_executeUpdate,DocumentAssessmentCreationWrites.lambda$writeRows$1,64,96476040,0
candidate-trace,t05,2,8,reject,jdbc_executeUpdate,DocumentAssessmentCreationWrites.writeRows,448,1224674149,0
candidate-trace,t05,2,8,reject,jdbc_executeUpdate,DocumentAssessmentReconciliation.verifyRetained,64,59771579,0
candidate-trace,t05,2,8,reject,jdbc_executeUpdate,DocumentAssessmentRejections.lambda$decide$0,64,65566411,0
candidate-trace,t05,2,8,reject,jdbc_executeUpdate,DocumentAssessmentStartJournal.insertStartedOutcome,64,75679089,0
candidate-trace,t05,2,8,reject,jdbc_executeUpdate,DocumentOperationSelection.insert,64,72937042,0
candidate-trace,t05,2,8,reject,jdbc_executeUpdate,DocumentOperationUploadAdmission.writeAdmissions,128,83257598,0
candidate-trace,t05,2,8,reject,jdbc_executeUpdate,DocumentPartAttemptLedger.insertEncodedRows,64,61128668,0
candidate-trace,t05,2,8,reject,jdbc_executeUpdate,DocumentPreparationCoverageCertificates.insert,64,28904565,0
candidate-trace,t05,2,8,reject,jdbc_executeUpdate,DocumentPreparationHistoryRoots.insert,128,49188456,0
candidate-trace,t05,2,8,reject,jdbc_executeUpdate,DocumentPublicationModesJournal.insert,64,45338550,0
candidate-trace,t05,2,8,reject,jdbc_executeUpdate,DocumentPublicationPreparationJournal.insert,64,56649100,0
candidate-trace,t05,2,8,reject,jdbc_executeUpdate,DocumentSelectedAttemptLedger.renewSelections,192,133913408,0
candidate-trace,t05,2,8,reject,jdbc_executeUpdate,RepositoryCoordinatorBinding.bindInitial,64,26129229,0
candidate-trace,t05,2,8,reject,jdbc_executeUpdate,RepositoryExecutionClaimLedger.acquireInitialChecked,64,23248261,0
candidate-trace,t05,2,8,reject,jdbc_executeUpdate,RepositoryExecutionClaimLedger.renewLive,128,37032005,0
candidate-trace,t05,2,8,reject,jdbc_executeUpdate,RepositoryOperationLedger.admitInTransaction,128,75815665,0
candidate-trace,t05,2,8,reject,jdbc_executeUpdate,RepositoryOperationLedger.renewLive,128,86980116,0
candidate-trace,t05,2,8,reject,sql_acquire,DocumentAssessmentCreation.createInternal,64,96690,0
candidate-trace,t05,2,8,reject,sql_acquire,DocumentAssessmentCreation.lambda$createInternal$0,64,99632,0
candidate-trace,t05,2,8,reject,sql_acquire,DocumentAssessmentDeliveryAuthorization.check,256,25559547,0
candidate-trace,t05,2,8,reject,sql_acquire,DocumentAssessmentDiscovery.discover,64,2243688,0
candidate-trace,t05,2,8,reject,sql_acquire,DocumentAssessmentReconciliation.observeRetained,64,109574,0
candidate-trace,t05,2,8,reject,sql_acquire,DocumentAssessmentRejections.decide,64,7027316,0
candidate-trace,t05,2,8,reject,sql_acquire,DocumentAssessmentReplayInputs.load,64,2161659,0
candidate-trace,t05,2,8,reject,sql_acquire,DocumentAssessmentStartJournal.startRetained,64,110689,0
candidate-trace,t05,2,8,reject,sql_acquire,DocumentOperationUploadAdmission.captureReads,128,10543744,0
candidate-trace,t05,2,8,reject,sql_acquire,DocumentOperationUploadAdmission.recheckInitialSelections,64,169048,0
candidate-trace,t05,2,8,reject,sql_acquire,DocumentOperationUploadAdmission.stage,64,7054970,0
candidate-trace,t05,2,8,reject,sql_acquire,DocumentPublicationModesJournal.loadRetained,128,213634,0
candidate-trace,t05,2,8,reject,sql_acquire,DocumentPublicationModesJournal.requireObservedModes,128,256296,0
candidate-trace,t05,2,8,reject,sql_acquire,DocumentPublicationPreparationJournal.load,128,182165,0
candidate-trace,t05,2,8,reject,sql_acquire,DocumentPublicationRegistration.admitInitialAccepted,64,891708,0
candidate-trace,t05,2,8,reject,sql_acquire,DocumentPublicationRegistration.preflight,128,6362573,0
candidate-trace,t05,2,8,reject,sql_acquire,DocumentPublicationReplay.observe,256,10699086,0
candidate-trace,t05,2,8,reject,sql_acquire,DocumentSchemaPolicies.read,64,8556163,0
candidate-trace,t05,2,8,reject,sql_acquire,DocumentSelectedAttemptLedger.renew,64,466672,0
candidate-trace,t05,2,8,reject,sql_acquire,DocumentSelectedAttemptLedger.renewOwnerAndSelections,128,4446798,0
candidate-trace,t05,2,8,reject,sql_acquire,RepositorySchemaArtifacts.stage,64,211256,0
candidate-trace,t05,2,8,reject,sql_usage,DocumentAssessmentCreation.createInternal,64,2295000000,0
candidate-trace,t05,2,8,reject,sql_usage,DocumentAssessmentCreation.lambda$createInternal$0,64,346000000,0
candidate-trace,t05,2,8,reject,sql_usage,DocumentAssessmentDeliveryAuthorization.check,256,1555000000,0
candidate-trace,t05,2,8,reject,sql_usage,DocumentAssessmentDiscovery.discover,64,469000000,0
candidate-trace,t05,2,8,reject,sql_usage,DocumentAssessmentReconciliation.observeRetained,64,1929000000,0
candidate-trace,t05,2,8,reject,sql_usage,DocumentAssessmentRejections.decide,64,749000000,0
candidate-trace,t05,2,8,reject,sql_usage,DocumentAssessmentReplayInputs.load,64,296000000,0
candidate-trace,t05,2,8,reject,sql_usage,DocumentAssessmentStartJournal.startRetained,64,436000000,0
candidate-trace,t05,2,8,reject,sql_usage,DocumentOperationUploadAdmission.captureReads,128,896000000,0
candidate-trace,t05,2,8,reject,sql_usage,DocumentOperationUploadAdmission.recheckInitialSelections,64,379000000,0
candidate-trace,t05,2,8,reject,sql_usage,DocumentOperationUploadAdmission.stage,64,801000000,0
candidate-trace,t05,2,8,reject,sql_usage,DocumentPublicationModesJournal.loadRetained,128,481000000,0
candidate-trace,t05,2,8,reject,sql_usage,DocumentPublicationModesJournal.requireObservedModes,128,766000000,0
candidate-trace,t05,2,8,reject,sql_usage,DocumentPublicationPreparationJournal.load,128,498000000,0
candidate-trace,t05,2,8,reject,sql_usage,DocumentPublicationRegistration.admitInitialAccepted,64,815000000,0
candidate-trace,t05,2,8,reject,sql_usage,DocumentPublicationRegistration.preflight,128,39000000,0
candidate-trace,t05,2,8,reject,sql_usage,DocumentPublicationReplay.observe,256,649000000,0
candidate-trace,t05,2,8,reject,sql_usage,DocumentSchemaPolicies.read,64,7000000,0
candidate-trace,t05,2,8,reject,sql_usage,DocumentSelectedAttemptLedger.renew,64,487000000,0
candidate-trace,t05,2,8,reject,sql_usage,DocumentSelectedAttemptLedger.renewOwnerAndSelections,128,1151000000,0
candidate-trace,t05,2,8,reject,sql_usage,RepositorySchemaArtifacts.stage,64,664000000,0
candidate-trace,t05,2,8,replay,jdbc_commit,DocumentPublicationReplay.observe,256,1222726478,0
candidate-trace,t05,2,8,replay,jdbc_executeQuery,DocumentPublicationReplay.observe,768,123855337,0
candidate-trace,t05,2,8,replay,jdbc_executeQuery,DocumentPublicationReplay.requireRevisions,192,63386149,0
candidate-trace,t05,2,8,replay,jdbc_executeQuery,DocumentRevisionLocks.lock,512,122026027,0
candidate-trace,t05,2,8,replay,jdbc_executeQuery,RepositoryOperationLedger.requireCommand,256,35062481,0
candidate-trace,t05,2,8,replay,sql_acquire,DocumentPublicationReplay.observe,256,12441527,0
candidate-trace,t05,2,8,replay,sql_usage,DocumentPublicationReplay.observe,256,1630000000,0
candidate-trace,t05,2,8,unscoped,jdbc_commit,DocumentAssessmentReadProtection.finish,64,311076492,0
candidate-trace,t05,2,8,unscoped,jdbc_commit,DocumentReadPins.finish,256,1325468004,0
candidate-trace,t05,2,8,unscoped,jdbc_commit,DocumentSelectedAttemptLedger.verifyBatch,256,1338182891,0
candidate-trace,t05,2,8,unscoped,jdbc_executeQuery,DocumentAssessmentReadProtection.lambda$finish$0,64,39873747,0
candidate-trace,t05,2,8,unscoped,jdbc_executeQuery,DocumentPartAttemptLedger.read,512,63134714,0
candidate-trace,t05,2,8,unscoped,jdbc_executeQuery,DocumentReadPins.lambda$finish$0,256,351182550,0
candidate-trace,t05,2,8,unscoped,jdbc_executeQuery,DocumentSelectedAttemptLedger.lockSelected,512,86727620,0
candidate-trace,t05,2,8,unscoped,jdbc_executeQuery,DocumentSelectedAttemptLedger.requireOwner,256,68077541,0
candidate-trace,t05,2,8,unscoped,jdbc_executeQuery,RepositoryExecutionClaimLedger.lockLive,256,88938167,0
candidate-trace,t05,2,8,unscoped,jdbc_executeQuery,RepositoryOperationLedger.fenceLiveOwner,256,183935179,0
candidate-trace,t05,2,8,unscoped,jdbc_executeQuery,SqlTimeouts.apply,256,39721634,0
candidate-trace,t05,2,8,unscoped,jdbc_executeUpdate,DocumentSelectedAttemptLedger.verifyBatch,512,405911818,0
candidate-trace,t05,2,8,unscoped,provider_getBounded,DocumentPartTransfer.upload,256,667576504,0
candidate-trace,t05,2,8,unscoped,provider_getBounded,outside_ledger,320,1039266507,0
candidate-trace,t05,2,8,unscoped,provider_put,DocumentPartTransfer.upload,256,18266037979,0
candidate-trace,t05,2,8,unscoped,sql_acquire,DocumentAssessmentReadProtection.finish,64,14986193,0
candidate-trace,t05,2,8,unscoped,sql_acquire,DocumentReadPins.finish,256,113596689,0
candidate-trace,t05,2,8,unscoped,sql_acquire,DocumentSelectedAttemptLedger.verifyBatch,256,4397555,0
candidate-trace,t05,2,8,unscoped,sql_usage,DocumentAssessmentReadProtection.finish,64,331000000,0
candidate-trace,t05,2,8,unscoped,sql_usage,DocumentReadPins.finish,256,1586000000,0
candidate-trace,t05,2,8,unscoped,sql_usage,DocumentSelectedAttemptLedger.verifyBatch,256,2291000000,0
candidate-trace,t06,2,8,publish,jdbc_commit,DocumentOperationUploadAdmission.captureReads,384,1684875895,0
candidate-trace,t06,2,8,publish,jdbc_commit,DocumentOperationUploadAdmission.recheckInitialSelections,192,895927294,0
candidate-trace,t06,2,8,publish,jdbc_commit,DocumentOperationUploadAdmission.stage,192,992043756,0
candidate-trace,t06,2,8,publish,jdbc_commit,DocumentPublicationCommit.commitInternal,192,1016142020,0
candidate-trace,t06,2,8,publish,jdbc_commit,DocumentPublicationModesJournal.requireObservedModes,192,795274728,0
candidate-trace,t06,2,8,publish,jdbc_commit,DocumentPublicationRegistration.admitInitialAccepted,192,936273464,0
candidate-trace,t06,2,8,publish,jdbc_commit,DocumentPublicationRegistration.preflight,192,24510700,0
candidate-trace,t06,2,8,publish,jdbc_commit,DocumentPublicationReplay.observe,384,46903323,0
candidate-trace,t06,2,8,publish,jdbc_commit,DocumentSchemaPolicies.read,192,23532990,0
candidate-trace,t06,2,8,publish,jdbc_commit,DocumentSelectedAttemptLedger.renew,192,879785328,0
candidate-trace,t06,2,8,publish,jdbc_commit,DocumentSelectedAttemptLedger.renewOwnerAndSelections,384,1700145528,0
candidate-trace,t06,2,8,publish,jdbc_commit,RepositorySchemaArtifacts.stage,192,761401577,0
candidate-trace,t06,2,8,publish,jdbc_executeBatch,DocumentSchemaRetention.flush,576,618844013,0
candidate-trace,t06,2,8,publish,jdbc_executeQuery,DocumentAdmissionSnapshot.prepare,192,80070711,0
candidate-trace,t06,2,8,publish,jdbc_executeQuery,DocumentCommitParts.bind,192,44680998,0
candidate-trace,t06,2,8,publish,jdbc_executeQuery,DocumentCommitParts.read,192,297756995,0
candidate-trace,t06,2,8,publish,jdbc_executeQuery,DocumentCommitParts.selections,192,79948839,0
candidate-trace,t06,2,8,publish,jdbc_executeQuery,DocumentCommitWriter.write,384,58704700,0
candidate-trace,t06,2,8,publish,jdbc_executeQuery,DocumentDriveSnapshot.lock,384,60374943,0
candidate-trace,t06,2,8,publish,jdbc_executeQuery,DocumentKeyReservations.reserveEncoded,192,71134528,0
candidate-trace,t06,2,8,publish,jdbc_executeQuery,DocumentOperationUploadAdmission.lambda$captureReads$0,576,158545634,0
candidate-trace,t06,2,8,publish,jdbc_executeQuery,DocumentOperationUploadAdmission.requireInitialSelections,192,71544056,0
candidate-trace,t06,2,8,publish,jdbc_executeQuery,DocumentOperationUploadAdmission.writeAdmissions,384,79041123,0
candidate-trace,t06,2,8,publish,jdbc_executeQuery,DocumentPartAttemptLedger.lockAll,1152,145275177,0
candidate-trace,t06,2,8,publish,jdbc_executeQuery,DocumentPartAttemptLedger.read,384,53580418,0
candidate-trace,t06,2,8,publish,jdbc_executeQuery,DocumentPreparationHistoryRoots.coverage,192,44395395,0
candidate-trace,t06,2,8,publish,jdbc_executeQuery,DocumentPublicationLocks$IndependentOrigins.requireScope,384,51755759,0
candidate-trace,t06,2,8,publish,jdbc_executeQuery,DocumentPublicationLocks.lockIndependentOrigins,960,172026360,0
candidate-trace,t06,2,8,publish,jdbc_executeQuery,DocumentPublicationLocks.lockIndependentRetention,192,42337198,0
candidate-trace,t06,2,8,publish,jdbc_executeQuery,DocumentPublicationModeBinding.require,192,55699503,0
candidate-trace,t06,2,8,publish,jdbc_executeQuery,DocumentPublicationModeValidation.capture,384,73427159,0
candidate-trace,t06,2,8,publish,jdbc_executeQuery,DocumentPublicationReplay.observe,768,133901245,0
candidate-trace,t06,2,8,publish,jdbc_executeQuery,DocumentRevisionLocks.lock,2304,597916540,0
candidate-trace,t06,2,8,publish,jdbc_executeQuery,DocumentSchemaBatch.lockArtifacts,960,179614582,0
candidate-trace,t06,2,8,publish,jdbc_executeQuery,DocumentSchemaPolicies.lambda$read$0,192,29581314,0
candidate-trace,t06,2,8,publish,jdbc_executeQuery,DocumentSchemaPolicies.lockCurrent,576,68914368,0
candidate-trace,t06,2,8,publish,jdbc_executeQuery,DocumentSchemaPolicies.select,384,55695213,0
candidate-trace,t06,2,8,publish,jdbc_executeQuery,DocumentSchemaRetention.requireFragments,192,102930008,0
candidate-trace,t06,2,8,publish,jdbc_executeQuery,DocumentSchemaRetention.requireRevision,192,44225747,0
candidate-trace,t06,2,8,publish,jdbc_executeQuery,DocumentSchemaRetention.write,192,55835912,0
candidate-trace,t06,2,8,publish,jdbc_executeQuery,DocumentSelectedAttemptLedger.lockSelected,192,39399186,0
candidate-trace,t06,2,8,publish,jdbc_executeQuery,DocumentSelectedAttemptLedger.requireOwner,576,176443915,0
candidate-trace,t06,2,8,publish,jdbc_executeQuery,DocumentSelectedAttemptLedger.requireSelections,1152,256945938,0
candidate-trace,t06,2,8,publish,jdbc_executeQuery,DocumentUploadAdmissionReplay.hasSelections,192,31114110,0
candidate-trace,t06,2,8,publish,jdbc_executeQuery,ManagedBackendLedger.find,384,55214784,0
candidate-trace,t06,2,8,publish,jdbc_executeQuery,RepositoryCoordinatorBinding.bindInitial,192,28138111,0
candidate-trace,t06,2,8,publish,jdbc_executeQuery,RepositoryExecutionClaimLedger.live,192,48855775,0
candidate-trace,t06,2,8,publish,jdbc_executeQuery,RepositoryExecutionClaimLedger.lockLive,3072,1034671865,0
candidate-trace,t06,2,8,publish,jdbc_executeQuery,RepositoryExecutionClaimLedger.readLocked,1152,136685140,0
candidate-trace,t06,2,8,publish,jdbc_executeQuery,RepositoryOperationLedger.fenceLiveOwner,1728,1244504509,0
candidate-trace,t06,2,8,publish,jdbc_executeQuery,RepositoryOperationLedger.live,576,96743997,0
candidate-trace,t06,2,8,publish,jdbc_executeQuery,RepositoryOperationLedger.read,192,35799119,0
candidate-trace,t06,2,8,publish,jdbc_executeQuery,RepositoryOperationLedger.readOwner,768,97558295,0
candidate-trace,t06,2,8,publish,jdbc_executeQuery,RepositoryOperationLedger.requireCommand,1728,237828579,0
candidate-trace,t06,2,8,publish,jdbc_executeQuery,RepositorySchemaArtifacts.lambda$stage$3,768,743366634,0
candidate-trace,t06,2,8,publish,jdbc_executeQuery,SqlTimeouts.apply,1152,168421106,0
candidate-trace,t06,2,8,publish,jdbc_executeUpdate,DocumentCommitWriter.write,1344,1113087980,0
candidate-trace,t06,2,8,publish,jdbc_executeUpdate,DocumentOperationSelection.insert,192,258428354,0
candidate-trace,t06,2,8,publish,jdbc_executeUpdate,DocumentOperationUploadAdmission.writeAdmissions,384,283925618,0
candidate-trace,t06,2,8,publish,jdbc_executeUpdate,DocumentPartAttemptLedger.insertEncodedRows,192,196817274,0
candidate-trace,t06,2,8,publish,jdbc_executeUpdate,DocumentPreparationCoverageCertificates.insert,192,104577721,0
candidate-trace,t06,2,8,publish,jdbc_executeUpdate,DocumentPreparationHistoryRoots.insert,384,161150839,0
candidate-trace,t06,2,8,publish,jdbc_executeUpdate,DocumentPublicationCommit.lambda$commitInternal$6,576,633881315,0
candidate-trace,t06,2,8,publish,jdbc_executeUpdate,DocumentPublicationModesJournal.insert,192,158844340,0
candidate-trace,t06,2,8,publish,jdbc_executeUpdate,DocumentPublicationPreparationJournal.insert,192,175643093,0
candidate-trace,t06,2,8,publish,jdbc_executeUpdate,DocumentSchemaAdmissionBinding.insert,192,199112539,0
candidate-trace,t06,2,8,publish,jdbc_executeUpdate,DocumentSelectedAttemptLedger.renewSelections,576,412211007,0
candidate-trace,t06,2,8,publish,jdbc_executeUpdate,RepositoryCoordinatorBinding.bindInitial,192,86759770,0
candidate-trace,t06,2,8,publish,jdbc_executeUpdate,RepositoryExecutionClaimLedger.acquireInitialChecked,192,89462196,0
candidate-trace,t06,2,8,publish,jdbc_executeUpdate,RepositoryExecutionClaimLedger.renewLive,384,95782444,0
candidate-trace,t06,2,8,publish,jdbc_executeUpdate,RepositoryOperationLedger.admitInTransaction,384,253982959,0
candidate-trace,t06,2,8,publish,jdbc_executeUpdate,RepositoryOperationLedger.renewLive,384,256104149,0
candidate-trace,t06,2,8,publish,sql_acquire,DocumentOperationUploadAdmission.captureReads,384,37614969,0
candidate-trace,t06,2,8,publish,sql_acquire,DocumentOperationUploadAdmission.recheckInitialSelections,192,1424772,0
candidate-trace,t06,2,8,publish,sql_acquire,DocumentOperationUploadAdmission.stage,192,45997509,0
candidate-trace,t06,2,8,publish,sql_acquire,DocumentPublicationCommit.commitInternal,192,2372282,0
candidate-trace,t06,2,8,publish,sql_acquire,DocumentPublicationModesJournal.requireObservedModes,192,7186211,0
candidate-trace,t06,2,8,publish,sql_acquire,DocumentPublicationRegistration.admitInitialAccepted,192,28590158,0
candidate-trace,t06,2,8,publish,sql_acquire,DocumentPublicationRegistration.preflight,192,19383096,0
candidate-trace,t06,2,8,publish,sql_acquire,DocumentPublicationReplay.observe,384,20824595,0
candidate-trace,t06,2,8,publish,sql_acquire,DocumentSchemaPolicies.read,192,19818490,0
candidate-trace,t06,2,8,publish,sql_acquire,DocumentSelectedAttemptLedger.renew,192,5028768,0
candidate-trace,t06,2,8,publish,sql_acquire,DocumentSelectedAttemptLedger.renewOwnerAndSelections,384,47463754,0
candidate-trace,t06,2,8,publish,sql_acquire,RepositorySchemaArtifacts.stage,192,4229615,0
candidate-trace,t06,2,8,publish,sql_usage,DocumentOperationUploadAdmission.captureReads,384,2511000000,0
candidate-trace,t06,2,8,publish,sql_usage,DocumentOperationUploadAdmission.recheckInitialSelections,192,1174000000,0
candidate-trace,t06,2,8,publish,sql_usage,DocumentOperationUploadAdmission.stage,192,2632000000,0
candidate-trace,t06,2,8,publish,sql_usage,DocumentPublicationCommit.commitInternal,192,6504000000,0
candidate-trace,t06,2,8,publish,sql_usage,DocumentPublicationModesJournal.requireObservedModes,192,1293000000,0
candidate-trace,t06,2,8,publish,sql_usage,DocumentPublicationRegistration.admitInitialAccepted,192,2673000000,0
candidate-trace,t06,2,8,publish,sql_usage,DocumentPublicationRegistration.preflight,192,102000000,0
candidate-trace,t06,2,8,publish,sql_usage,DocumentPublicationReplay.observe,384,27000000,0
candidate-trace,t06,2,8,publish,sql_usage,DocumentSchemaPolicies.read,192,29000000,0
candidate-trace,t06,2,8,publish,sql_usage,DocumentSelectedAttemptLedger.renew,192,1446000000,0
candidate-trace,t06,2,8,publish,sql_usage,DocumentSelectedAttemptLedger.renewOwnerAndSelections,384,3413000000,0
candidate-trace,t06,2,8,publish,sql_usage,RepositorySchemaArtifacts.stage,192,1971000000,0
candidate-trace,t06,2,8,read,jdbc_commit,DocumentHistoricalSchemas.authorize,256,1102037835,0
candidate-trace,t06,2,8,read,jdbc_commit,DocumentHistoricalSchemas.check,256,1131652956,0
candidate-trace,t06,2,8,read,jdbc_commit,DocumentReadLedger$PinnedHistory.authorizeDelivery,768,3466640968,0
candidate-trace,t06,2,8,read,jdbc_commit,DocumentReadLedger.captureHistorical,256,1090937957,0
candidate-trace,t06,2,8,read,jdbc_executeQuery,DocumentHistoricalReadRows.capture,512,326983132,0
candidate-trace,t06,2,8,read,jdbc_executeQuery,DocumentHistoricalSchemaRows.artifacts,512,184104587,0
candidate-trace,t06,2,8,read,jdbc_executeQuery,DocumentHistoricalSchemaRows.capture,512,328955940,0
candidate-trace,t06,2,8,read,jdbc_executeQuery,DocumentHistoricalSchemaRows.references,256,88499148,0
candidate-trace,t06,2,8,read,jdbc_executeQuery,DocumentHistoricalSchemaRows.roots,512,111099584,0
candidate-trace,t06,2,8,read,jdbc_executeQuery,DocumentReadLedger.lambda$captureHistorical$0,256,53825865,0
candidate-trace,t06,2,8,read,jdbc_executeQuery,DocumentReadPins.acquireHistorical,512,262125845,0
candidate-trace,t06,2,8,read,jdbc_executeQuery,DocumentRevisionLocks.lock,3072,876627945,0
candidate-trace,t06,2,8,read,jdbc_executeQuery,ManagedBackendLedger.requireAll,256,44163662,0
candidate-trace,t06,2,8,read,jdbc_executeUpdate,DocumentReadPins.acquireHistorical,256,297787968,0
candidate-trace,t06,2,8,read,sql_acquire,DocumentHistoricalSchemas.authorize,256,28713159,0
candidate-trace,t06,2,8,read,sql_acquire,DocumentHistoricalSchemas.check,256,1504660,0
candidate-trace,t06,2,8,read,sql_acquire,DocumentReadLedger$PinnedHistory.authorizeDelivery,768,57063535,0
candidate-trace,t06,2,8,read,sql_acquire,DocumentReadLedger.captureHistorical,256,20850203,0
candidate-trace,t06,2,8,read,sql_usage,DocumentHistoricalSchemas.authorize,256,1203000000,0
candidate-trace,t06,2,8,read,sql_usage,DocumentHistoricalSchemas.check,256,2066000000,0
candidate-trace,t06,2,8,read,sql_usage,DocumentReadLedger$PinnedHistory.authorizeDelivery,768,3769000000,0
candidate-trace,t06,2,8,read,sql_usage,DocumentReadLedger.captureHistorical,256,2447000000,0
candidate-trace,t06,2,8,reject,jdbc_commit,DocumentAssessmentCreation.createInternal,64,233524057,0
candidate-trace,t06,2,8,reject,jdbc_commit,DocumentAssessmentCreation.lambda$createInternal$0,64,222200626,0
candidate-trace,t06,2,8,reject,jdbc_commit,DocumentAssessmentDeliveryAuthorization.check,256,909385913,0
candidate-trace,t06,2,8,reject,jdbc_commit,DocumentAssessmentDiscovery.discover,64,206523355,0
candidate-trace,t06,2,8,reject,jdbc_commit,DocumentAssessmentReconciliation.observeRetained,64,224894975,0
candidate-trace,t06,2,8,reject,jdbc_commit,DocumentAssessmentRejections.decide,64,251720909,0
candidate-trace,t06,2,8,reject,jdbc_commit,DocumentAssessmentReplayInputs.load,64,9421874,0
candidate-trace,t06,2,8,reject,jdbc_commit,DocumentAssessmentStartJournal.startRetained,64,205567351,0
candidate-trace,t06,2,8,reject,jdbc_commit,DocumentOperationUploadAdmission.captureReads,128,588404093,0
candidate-trace,t06,2,8,reject,jdbc_commit,DocumentOperationUploadAdmission.recheckInitialSelections,64,255970982,0
candidate-trace,t06,2,8,reject,jdbc_commit,DocumentOperationUploadAdmission.stage,64,296796028,0
candidate-trace,t06,2,8,reject,jdbc_commit,DocumentPublicationModesJournal.loadRetained,128,501359750,0
candidate-trace,t06,2,8,reject,jdbc_commit,DocumentPublicationModesJournal.requireObservedModes,128,439664096,0
candidate-trace,t06,2,8,reject,jdbc_commit,DocumentPublicationPreparationJournal.load,128,483919486,0
candidate-trace,t06,2,8,reject,jdbc_commit,DocumentPublicationRegistration.admitInitialAccepted,64,382533320,0
candidate-trace,t06,2,8,reject,jdbc_commit,DocumentPublicationRegistration.preflight,128,14133900,0
candidate-trace,t06,2,8,reject,jdbc_commit,DocumentPublicationReplay.observe,256,458972928,0
candidate-trace,t06,2,8,reject,jdbc_commit,DocumentSchemaPolicies.read,64,8368241,0
candidate-trace,t06,2,8,reject,jdbc_commit,DocumentSelectedAttemptLedger.renew,64,227675593,0
candidate-trace,t06,2,8,reject,jdbc_commit,DocumentSelectedAttemptLedger.renewOwnerAndSelections,128,495639541,0
candidate-trace,t06,2,8,reject,jdbc_commit,RepositorySchemaArtifacts.stage,64,251914658,0
candidate-trace,t06,2,8,reject,jdbc_executeBatch,DocumentAssessmentCreationWrites.lambda$writeRows$0,64,46596677,0
candidate-trace,t06,2,8,reject,jdbc_executeQuery,DocumentAssessmentDeliveryAuthorization.lambda$check$0,1280,216690661,0
candidate-trace,t06,2,8,reject,jdbc_executeQuery,DocumentAssessmentDeliveryAuthorization.requireLiveReadOwner,512,92226404,0
candidate-trace,t06,2,8,reject,jdbc_executeQuery,DocumentAssessmentDiscovery.lambda$discover$0,128,32903725,0
candidate-trace,t06,2,8,reject,jdbc_executeQuery,DocumentAssessmentReadRows.capture,192,827517683,0
candidate-trace,t06,2,8,reject,jdbc_executeQuery,DocumentAssessmentReconciliation.verifyRetained,256,63081790,0
candidate-trace,t06,2,8,reject,jdbc_executeQuery,DocumentAssessmentRejections.lambda$decide$0,256,70409312,0
candidate-trace,t06,2,8,reject,jdbc_executeQuery,DocumentAssessmentReplayInputs.artifacts,128,74601098,0
candidate-trace,t06,2,8,reject,jdbc_executeQuery,DocumentAssessmentReplayInputs.policy,128,26268861,0
candidate-trace,t06,2,8,reject,jdbc_executeQuery,DocumentAssessmentReplayInputs.read,128,40469694,0
candidate-trace,t06,2,8,reject,jdbc_executeQuery,DocumentAssessmentReplayInputs.roots,128,34031857,0
candidate-trace,t06,2,8,reject,jdbc_executeQuery,DocumentAssessmentRetainedEvidence.verify,64,15458574,0
candidate-trace,t06,2,8,reject,jdbc_executeQuery,DocumentAssessmentRetainedEvidence.verifyArtifacts,64,37910907,0
candidate-trace,t06,2,8,reject,jdbc_executeQuery,DocumentAssessmentRetainedSlots.retainedSelections,64,26923249,0
candidate-trace,t06,2,8,reject,jdbc_executeQuery,DocumentAssessmentRetainedSlots.verify,256,331186307,0
candidate-trace,t06,2,8,reject,jdbc_executeQuery,DocumentAssessmentStartJournal.insertStartedOutcome,64,14004139,0
candidate-trace,t06,2,8,reject,jdbc_executeQuery,DocumentAssessmentStartJournal.lambda$startRetained$2,64,13644437,0
candidate-trace,t06,2,8,reject,jdbc_executeQuery,DocumentAssessmentStartJournal.requireCreation,64,33663960,0
candidate-trace,t06,2,8,reject,jdbc_executeQuery,DocumentCommitParts.bind,128,51371082,0
candidate-trace,t06,2,8,reject,jdbc_executeQuery,DocumentCommitParts.read,64,89395763,0
candidate-trace,t06,2,8,reject,jdbc_executeQuery,DocumentCommitParts.selections,64,23395803,0
candidate-trace,t06,2,8,reject,jdbc_executeQuery,DocumentDriveSnapshot.lock,128,31485737,0
candidate-trace,t06,2,8,reject,jdbc_executeQuery,DocumentKeyReservations.reserveEncoded,64,21843339,0
candidate-trace,t06,2,8,reject,jdbc_executeQuery,DocumentOperationUploadAdmission.lambda$captureReads$0,192,54121392,0
candidate-trace,t06,2,8,reject,jdbc_executeQuery,DocumentOperationUploadAdmission.requireInitialSelections,64,26009388,0
candidate-trace,t06,2,8,reject,jdbc_executeQuery,DocumentOperationUploadAdmission.writeAdmissions,128,29067425,0
candidate-trace,t06,2,8,reject,jdbc_executeQuery,DocumentPartAttemptLedger.lockAll,384,48633569,0
candidate-trace,t06,2,8,reject,jdbc_executeQuery,DocumentPartAttemptLedger.read,128,17442106,0
candidate-trace,t06,2,8,reject,jdbc_executeQuery,DocumentPreparationHistoryRoots.coverage,64,12806632,0
candidate-trace,t06,2,8,reject,jdbc_executeQuery,DocumentPublicationModeValidation.capture,256,50600712,0
candidate-trace,t06,2,8,reject,jdbc_executeQuery,DocumentPublicationModesJournal.readModes,64,15937781,0
candidate-trace,t06,2,8,reject,jdbc_executeQuery,DocumentPublicationPreparationJournal.capture,128,39844452,0
candidate-trace,t06,2,8,reject,jdbc_executeQuery,DocumentPublicationReplay.observe,832,117944811,0
candidate-trace,t06,2,8,reject,jdbc_executeQuery,DocumentRevisionLocks.lock,2304,566572777,0
candidate-trace,t06,2,8,reject,jdbc_executeQuery,DocumentSchemaPolicies.lambda$read$0,64,8844773,0
candidate-trace,t06,2,8,reject,jdbc_executeQuery,DocumentSchemaPolicies.lockCurrent,384,41573965,0
candidate-trace,t06,2,8,reject,jdbc_executeQuery,DocumentSchemaPolicies.select,192,26207850,0
candidate-trace,t06,2,8,reject,jdbc_executeQuery,DocumentSelectedAttemptLedger.lockSelected,64,12089284,0
candidate-trace,t06,2,8,reject,jdbc_executeQuery,DocumentSelectedAttemptLedger.requireOwner,192,62219093,0
candidate-trace,t06,2,8,reject,jdbc_executeQuery,DocumentSelectedAttemptLedger.requireSelections,384,84402052,0
candidate-trace,t06,2,8,reject,jdbc_executeQuery,DocumentUploadAdmissionReplay.hasSelections,64,9734481,0
candidate-trace,t06,2,8,reject,jdbc_executeQuery,ManagedBackendLedger.find,128,18938592,0
candidate-trace,t06,2,8,reject,jdbc_executeQuery,ManagedBackendLedger.requireAll,64,10694787,0
candidate-trace,t06,2,8,reject,jdbc_executeQuery,RepositoryCoordinatorBinding.bindInitial,64,7237892,0
candidate-trace,t06,2,8,reject,jdbc_executeQuery,RepositoryExecutionClaimLedger.live,64,7994823,0
candidate-trace,t06,2,8,reject,jdbc_executeQuery,RepositoryExecutionClaimLedger.lockLive,2048,693417636,0
candidate-trace,t06,2,8,reject,jdbc_executeQuery,RepositoryExecutionClaimLedger.readLocked,384,40268091,0
candidate-trace,t06,2,8,reject,jdbc_executeQuery,RepositoryOperationLedger.fenceLiveOwner,1216,840359442,0
candidate-trace,t06,2,8,reject,jdbc_executeQuery,RepositoryOperationLedger.live,192,34374290,0
candidate-trace,t06,2,8,reject,jdbc_executeQuery,RepositoryOperationLedger.read,64,10454664,0
candidate-trace,t06,2,8,reject,jdbc_executeQuery,RepositoryOperationLedger.readOwner,256,31140365,0
candidate-trace,t06,2,8,reject,jdbc_executeQuery,RepositoryOperationLedger.requireCommand,1216,167832762,0
candidate-trace,t06,2,8,reject,jdbc_executeQuery,RepositorySchemaArtifacts.lambda$stage$3,256,267243995,0
candidate-trace,t06,2,8,reject,jdbc_executeQuery,SqlTimeouts.apply,384,54349218,0
candidate-trace,t06,2,8,reject,jdbc_executeUpdate,DocumentAssessmentCreationWrites.insertOwner,64,99152154,0
candidate-trace,t06,2,8,reject,jdbc_executeUpdate,DocumentAssessmentCreationWrites.lambda$writeRows$1,64,88542585,0
candidate-trace,t06,2,8,reject,jdbc_executeUpdate,DocumentAssessmentCreationWrites.writeRows,448,1168761188,0
candidate-trace,t06,2,8,reject,jdbc_executeUpdate,DocumentAssessmentReconciliation.verifyRetained,64,65393836,0
candidate-trace,t06,2,8,reject,jdbc_executeUpdate,DocumentAssessmentRejections.lambda$decide$0,64,65400213,0
candidate-trace,t06,2,8,reject,jdbc_executeUpdate,DocumentAssessmentStartJournal.insertStartedOutcome,64,73549458,0
candidate-trace,t06,2,8,reject,jdbc_executeUpdate,DocumentOperationSelection.insert,64,81511407,0
candidate-trace,t06,2,8,reject,jdbc_executeUpdate,DocumentOperationUploadAdmission.writeAdmissions,128,86515551,0
candidate-trace,t06,2,8,reject,jdbc_executeUpdate,DocumentPartAttemptLedger.insertEncodedRows,64,64231667,0
candidate-trace,t06,2,8,reject,jdbc_executeUpdate,DocumentPreparationCoverageCertificates.insert,64,29948109,0
candidate-trace,t06,2,8,reject,jdbc_executeUpdate,DocumentPreparationHistoryRoots.insert,128,45075111,0
candidate-trace,t06,2,8,reject,jdbc_executeUpdate,DocumentPublicationModesJournal.insert,64,48416257,0
candidate-trace,t06,2,8,reject,jdbc_executeUpdate,DocumentPublicationPreparationJournal.insert,64,52438599,0
candidate-trace,t06,2,8,reject,jdbc_executeUpdate,DocumentSelectedAttemptLedger.renewSelections,192,137112134,0
candidate-trace,t06,2,8,reject,jdbc_executeUpdate,RepositoryCoordinatorBinding.bindInitial,64,24881530,0
candidate-trace,t06,2,8,reject,jdbc_executeUpdate,RepositoryExecutionClaimLedger.acquireInitialChecked,64,25245178,0
candidate-trace,t06,2,8,reject,jdbc_executeUpdate,RepositoryExecutionClaimLedger.renewLive,128,31237422,0
candidate-trace,t06,2,8,reject,jdbc_executeUpdate,RepositoryOperationLedger.admitInTransaction,128,73737377,0
candidate-trace,t06,2,8,reject,jdbc_executeUpdate,RepositoryOperationLedger.renewLive,128,84383976,0
candidate-trace,t06,2,8,reject,sql_acquire,DocumentAssessmentCreation.createInternal,64,125550,0
candidate-trace,t06,2,8,reject,sql_acquire,DocumentAssessmentCreation.lambda$createInternal$0,64,90246,0
candidate-trace,t06,2,8,reject,sql_acquire,DocumentAssessmentDeliveryAuthorization.check,256,10563383,0
candidate-trace,t06,2,8,reject,sql_acquire,DocumentAssessmentDiscovery.discover,64,153540,0
candidate-trace,t06,2,8,reject,sql_acquire,DocumentAssessmentReconciliation.observeRetained,64,776613,0
candidate-trace,t06,2,8,reject,sql_acquire,DocumentAssessmentRejections.decide,64,900006,0
candidate-trace,t06,2,8,reject,sql_acquire,DocumentAssessmentReplayInputs.load,64,1080449,0
candidate-trace,t06,2,8,reject,sql_acquire,DocumentAssessmentStartJournal.startRetained,64,99951,0
candidate-trace,t06,2,8,reject,sql_acquire,DocumentOperationUploadAdmission.captureReads,128,29882191,0
candidate-trace,t06,2,8,reject,sql_acquire,DocumentOperationUploadAdmission.recheckInitialSelections,64,4760881,0
candidate-trace,t06,2,8,reject,sql_acquire,DocumentOperationUploadAdmission.stage,64,6811913,0
candidate-trace,t06,2,8,reject,sql_acquire,DocumentPublicationModesJournal.loadRetained,128,900597,0
candidate-trace,t06,2,8,reject,sql_acquire,DocumentPublicationModesJournal.requireObservedModes,128,234668,0
candidate-trace,t06,2,8,reject,sql_acquire,DocumentPublicationPreparationJournal.load,128,1325326,0
candidate-trace,t06,2,8,reject,sql_acquire,DocumentPublicationRegistration.admitInitialAccepted,64,4614784,0
candidate-trace,t06,2,8,reject,sql_acquire,DocumentPublicationRegistration.preflight,128,5036340,0
candidate-trace,t06,2,8,reject,sql_acquire,DocumentPublicationReplay.observe,256,4820939,0
candidate-trace,t06,2,8,reject,sql_acquire,DocumentSchemaPolicies.read,64,6392142,0
candidate-trace,t06,2,8,reject,sql_acquire,DocumentSelectedAttemptLedger.renew,64,224548,0
candidate-trace,t06,2,8,reject,sql_acquire,DocumentSelectedAttemptLedger.renewOwnerAndSelections,128,11331954,0
candidate-trace,t06,2,8,reject,sql_acquire,RepositorySchemaArtifacts.stage,64,214642,0
candidate-trace,t06,2,8,reject,sql_usage,DocumentAssessmentCreation.createInternal,64,2339000000,0
candidate-trace,t06,2,8,reject,sql_usage,DocumentAssessmentCreation.lambda$createInternal$0,64,333000000,0
candidate-trace,t06,2,8,reject,sql_usage,DocumentAssessmentDeliveryAuthorization.check,256,1388000000,0
candidate-trace,t06,2,8,reject,sql_usage,DocumentAssessmentDiscovery.discover,64,464000000,0
candidate-trace,t06,2,8,reject,sql_usage,DocumentAssessmentReconciliation.observeRetained,64,1874000000,0
candidate-trace,t06,2,8,reject,sql_usage,DocumentAssessmentRejections.decide,64,696000000,0
candidate-trace,t06,2,8,reject,sql_usage,DocumentAssessmentReplayInputs.load,64,291000000,0
candidate-trace,t06,2,8,reject,sql_usage,DocumentAssessmentStartJournal.startRetained,64,404000000,0
candidate-trace,t06,2,8,reject,sql_usage,DocumentOperationUploadAdmission.captureReads,128,872000000,0
candidate-trace,t06,2,8,reject,sql_usage,DocumentOperationUploadAdmission.recheckInitialSelections,64,366000000,0
candidate-trace,t06,2,8,reject,sql_usage,DocumentOperationUploadAdmission.stage,64,801000000,0
candidate-trace,t06,2,8,reject,sql_usage,DocumentPublicationModesJournal.loadRetained,128,521000000,0
candidate-trace,t06,2,8,reject,sql_usage,DocumentPublicationModesJournal.requireObservedModes,128,777000000,0
candidate-trace,t06,2,8,reject,sql_usage,DocumentPublicationPreparationJournal.load,128,533000000,0
candidate-trace,t06,2,8,reject,sql_usage,DocumentPublicationRegistration.admitInitialAccepted,64,864000000,0
candidate-trace,t06,2,8,reject,sql_usage,DocumentPublicationRegistration.preflight,128,47000000,0
candidate-trace,t06,2,8,reject,sql_usage,DocumentPublicationReplay.observe,256,572000000,0
candidate-trace,t06,2,8,reject,sql_usage,DocumentSchemaPolicies.read,64,12000000,0
candidate-trace,t06,2,8,reject,sql_usage,DocumentSelectedAttemptLedger.renew,64,441000000,0
candidate-trace,t06,2,8,reject,sql_usage,DocumentSelectedAttemptLedger.renewOwnerAndSelections,128,1052000000,0
candidate-trace,t06,2,8,reject,sql_usage,RepositorySchemaArtifacts.stage,64,663000000,0
candidate-trace,t06,2,8,replay,jdbc_commit,DocumentPublicationReplay.observe,256,1200432033,0
candidate-trace,t06,2,8,replay,jdbc_executeQuery,DocumentPublicationReplay.observe,768,130126353,0
candidate-trace,t06,2,8,replay,jdbc_executeQuery,DocumentPublicationReplay.requireRevisions,192,63496568,0
candidate-trace,t06,2,8,replay,jdbc_executeQuery,DocumentRevisionLocks.lock,512,124549478,0
candidate-trace,t06,2,8,replay,jdbc_executeQuery,RepositoryOperationLedger.requireCommand,256,44264522,0
candidate-trace,t06,2,8,replay,sql_acquire,DocumentPublicationReplay.observe,256,7044287,0
candidate-trace,t06,2,8,replay,sql_usage,DocumentPublicationReplay.observe,256,1658000000,0
candidate-trace,t06,2,8,unscoped,jdbc_commit,DocumentAssessmentReadProtection.finish,64,253190709,0
candidate-trace,t06,2,8,unscoped,jdbc_commit,DocumentReadPins.finish,256,1277077183,0
candidate-trace,t06,2,8,unscoped,jdbc_commit,DocumentSelectedAttemptLedger.verifyBatch,256,1364132339,0
candidate-trace,t06,2,8,unscoped,jdbc_executeQuery,DocumentAssessmentReadProtection.lambda$finish$0,63,42645963,0
candidate-trace,t06,2,8,unscoped,jdbc_executeQuery,DocumentPartAttemptLedger.read,512,64186863,0
candidate-trace,t06,2,8,unscoped,jdbc_executeQuery,DocumentReadPins.lambda$finish$0,256,344867091,0
candidate-trace,t06,2,8,unscoped,jdbc_executeQuery,DocumentSelectedAttemptLedger.lockSelected,512,87617449,0
candidate-trace,t06,2,8,unscoped,jdbc_executeQuery,DocumentSelectedAttemptLedger.requireOwner,256,69119733,0
candidate-trace,t06,2,8,unscoped,jdbc_executeQuery,RepositoryExecutionClaimLedger.lockLive,256,88221730,0
candidate-trace,t06,2,8,unscoped,jdbc_executeQuery,RepositoryOperationLedger.fenceLiveOwner,256,192843496,0
candidate-trace,t06,2,8,unscoped,jdbc_executeQuery,SqlTimeouts.apply,256,39899149,0
candidate-trace,t06,2,8,unscoped,jdbc_executeUpdate,DocumentSelectedAttemptLedger.verifyBatch,512,400151110,0
candidate-trace,t06,2,8,unscoped,provider_getBounded,DocumentPartTransfer.upload,256,646618972,0
candidate-trace,t06,2,8,unscoped,provider_getBounded,outside_ledger,320,1035248678,0
candidate-trace,t06,2,8,unscoped,provider_put,DocumentPartTransfer.upload,256,18247557835,0
candidate-trace,t06,2,8,unscoped,sql_acquire,DocumentAssessmentReadProtection.finish,63,19841214,0
candidate-trace,t06,2,8,unscoped,sql_acquire,DocumentReadPins.finish,256,120578031,0
candidate-trace,t06,2,8,unscoped,sql_acquire,DocumentSelectedAttemptLedger.verifyBatch,256,4626307,0
candidate-trace,t06,2,8,unscoped,sql_usage,DocumentAssessmentReadProtection.finish,64,276000000,0
candidate-trace,t06,2,8,unscoped,sql_usage,DocumentReadPins.finish,256,1537000000,0
candidate-trace,t06,2,8,unscoped,sql_usage,DocumentSelectedAttemptLedger.verifyBatch,256,2315000000,0
candidate-trace,t07,4,2,publish,jdbc_commit,DocumentOperationUploadAdmission.captureReads,384,1754144528,0
candidate-trace,t07,4,2,publish,jdbc_commit,DocumentOperationUploadAdmission.recheckInitialSelections,192,833604179,0
candidate-trace,t07,4,2,publish,jdbc_commit,DocumentOperationUploadAdmission.stage,192,1058097889,0
candidate-trace,t07,4,2,publish,jdbc_commit,DocumentPublicationCommit.commitInternal,192,915326497,0
candidate-trace,t07,4,2,publish,jdbc_commit,DocumentPublicationModesJournal.requireObservedModes,192,729360289,0
candidate-trace,t07,4,2,publish,jdbc_commit,DocumentPublicationRegistration.admitInitialAccepted,192,883950701,0
candidate-trace,t07,4,2,publish,jdbc_commit,DocumentPublicationRegistration.preflight,192,22134496,0
candidate-trace,t07,4,2,publish,jdbc_commit,DocumentPublicationReplay.observe,384,38020377,0
candidate-trace,t07,4,2,publish,jdbc_commit,DocumentSchemaPolicies.read,192,22543897,0
candidate-trace,t07,4,2,publish,jdbc_commit,DocumentSelectedAttemptLedger.renew,192,834649068,0
candidate-trace,t07,4,2,publish,jdbc_commit,DocumentSelectedAttemptLedger.renewOwnerAndSelections,384,1919034395,0
candidate-trace,t07,4,2,publish,jdbc_commit,RepositorySchemaArtifacts.stage,192,847705659,0
candidate-trace,t07,4,2,publish,jdbc_executeBatch,DocumentSchemaRetention.flush,576,513835767,0
candidate-trace,t07,4,2,publish,jdbc_executeQuery,DocumentAdmissionSnapshot.prepare,192,56846963,0
candidate-trace,t07,4,2,publish,jdbc_executeQuery,DocumentCommitParts.bind,192,42901551,0
candidate-trace,t07,4,2,publish,jdbc_executeQuery,DocumentCommitParts.read,192,272130580,0
candidate-trace,t07,4,2,publish,jdbc_executeQuery,DocumentCommitParts.selections,192,52080397,0
candidate-trace,t07,4,2,publish,jdbc_executeQuery,DocumentCommitWriter.write,384,48138892,0
candidate-trace,t07,4,2,publish,jdbc_executeQuery,DocumentDriveSnapshot.lock,384,57028126,0
candidate-trace,t07,4,2,publish,jdbc_executeQuery,DocumentKeyReservations.reserveEncoded,192,56335653,0
candidate-trace,t07,4,2,publish,jdbc_executeQuery,DocumentOperationUploadAdmission.lambda$captureReads$0,576,153988925,0
candidate-trace,t07,4,2,publish,jdbc_executeQuery,DocumentOperationUploadAdmission.requireInitialSelections,192,43933113,0
candidate-trace,t07,4,2,publish,jdbc_executeQuery,DocumentOperationUploadAdmission.writeAdmissions,384,66181451,0
candidate-trace,t07,4,2,publish,jdbc_executeQuery,DocumentPartAttemptLedger.lockAll,1152,134868024,0
candidate-trace,t07,4,2,publish,jdbc_executeQuery,DocumentPartAttemptLedger.read,384,44733006,0
candidate-trace,t07,4,2,publish,jdbc_executeQuery,DocumentPreparationHistoryRoots.coverage,192,30172958,0
candidate-trace,t07,4,2,publish,jdbc_executeQuery,DocumentPublicationLocks$IndependentOrigins.requireScope,384,41853304,0
candidate-trace,t07,4,2,publish,jdbc_executeQuery,DocumentPublicationLocks.lockIndependentOrigins,960,151143087,0
candidate-trace,t07,4,2,publish,jdbc_executeQuery,DocumentPublicationLocks.lockIndependentRetention,192,37633076,0
candidate-trace,t07,4,2,publish,jdbc_executeQuery,DocumentPublicationModeBinding.require,192,39325747,0
candidate-trace,t07,4,2,publish,jdbc_executeQuery,DocumentPublicationModeValidation.capture,384,54922691,0
candidate-trace,t07,4,2,publish,jdbc_executeQuery,DocumentPublicationReplay.observe,768,126331159,0
candidate-trace,t07,4,2,publish,jdbc_executeQuery,DocumentRevisionLocks.lock,2304,530507684,0
candidate-trace,t07,4,2,publish,jdbc_executeQuery,DocumentSchemaBatch.lockArtifacts,960,159938989,0
candidate-trace,t07,4,2,publish,jdbc_executeQuery,DocumentSchemaPolicies.lambda$read$0,192,27325490,0
candidate-trace,t07,4,2,publish,jdbc_executeQuery,DocumentSchemaPolicies.lockCurrent,576,57813456,0
candidate-trace,t07,4,2,publish,jdbc_executeQuery,DocumentSchemaPolicies.select,384,49234537,0
candidate-trace,t07,4,2,publish,jdbc_executeQuery,DocumentSchemaRetention.requireFragments,192,48023474,0
candidate-trace,t07,4,2,publish,jdbc_executeQuery,DocumentSchemaRetention.requireRevision,192,27926939,0
candidate-trace,t07,4,2,publish,jdbc_executeQuery,DocumentSchemaRetention.write,192,51108789,0
candidate-trace,t07,4,2,publish,jdbc_executeQuery,DocumentSelectedAttemptLedger.lockSelected,192,33103548,0
candidate-trace,t07,4,2,publish,jdbc_executeQuery,DocumentSelectedAttemptLedger.requireOwner,576,147441066,0
candidate-trace,t07,4,2,publish,jdbc_executeQuery,DocumentSelectedAttemptLedger.requireSelections,1152,235573024,0
candidate-trace,t07,4,2,publish,jdbc_executeQuery,DocumentUploadAdmissionReplay.hasSelections,192,23186759,0
candidate-trace,t07,4,2,publish,jdbc_executeQuery,ManagedBackendLedger.find,384,46656575,0
candidate-trace,t07,4,2,publish,jdbc_executeQuery,RepositoryCoordinatorBinding.bindInitial,192,22710661,0
candidate-trace,t07,4,2,publish,jdbc_executeQuery,RepositoryExecutionClaimLedger.live,192,22644143,0
candidate-trace,t07,4,2,publish,jdbc_executeQuery,RepositoryExecutionClaimLedger.lockLive,3072,929644867,0
candidate-trace,t07,4,2,publish,jdbc_executeQuery,RepositoryExecutionClaimLedger.readLocked,1152,110969812,0
candidate-trace,t07,4,2,publish,jdbc_executeQuery,RepositoryOperationLedger.fenceLiveOwner,1728,1185641785,0
candidate-trace,t07,4,2,publish,jdbc_executeQuery,RepositoryOperationLedger.live,576,93646458,0
candidate-trace,t07,4,2,publish,jdbc_executeQuery,RepositoryOperationLedger.read,192,27071408,0
candidate-trace,t07,4,2,publish,jdbc_executeQuery,RepositoryOperationLedger.readOwner,768,88246770,0
candidate-trace,t07,4,2,publish,jdbc_executeQuery,RepositoryOperationLedger.requireCommand,1728,205451929,0
candidate-trace,t07,4,2,publish,jdbc_executeQuery,RepositorySchemaArtifacts.lambda$stage$3,768,682627542,0
candidate-trace,t07,4,2,publish,jdbc_executeQuery,SqlTimeouts.apply,1152,169188533,0
candidate-trace,t07,4,2,publish,jdbc_executeUpdate,DocumentCommitWriter.write,1344,1028156138,0
candidate-trace,t07,4,2,publish,jdbc_executeUpdate,DocumentOperationSelection.insert,192,206789312,0
candidate-trace,t07,4,2,publish,jdbc_executeUpdate,DocumentOperationUploadAdmission.writeAdmissions,384,236707910,0
candidate-trace,t07,4,2,publish,jdbc_executeUpdate,DocumentPartAttemptLedger.insertEncodedRows,192,171697284,0
candidate-trace,t07,4,2,publish,jdbc_executeUpdate,DocumentPreparationCoverageCertificates.insert,192,89176641,0
candidate-trace,t07,4,2,publish,jdbc_executeUpdate,DocumentPreparationHistoryRoots.insert,384,138279601,0
candidate-trace,t07,4,2,publish,jdbc_executeUpdate,DocumentPublicationCommit.lambda$commitInternal$6,576,541829311,0
candidate-trace,t07,4,2,publish,jdbc_executeUpdate,DocumentPublicationModesJournal.insert,192,137747453,0
candidate-trace,t07,4,2,publish,jdbc_executeUpdate,DocumentPublicationPreparationJournal.insert,192,155962739,0
candidate-trace,t07,4,2,publish,jdbc_executeUpdate,DocumentSchemaAdmissionBinding.insert,192,172001450,0
candidate-trace,t07,4,2,publish,jdbc_executeUpdate,DocumentSelectedAttemptLedger.renewSelections,576,375823680,0
candidate-trace,t07,4,2,publish,jdbc_executeUpdate,RepositoryCoordinatorBinding.bindInitial,192,83388243,0
candidate-trace,t07,4,2,publish,jdbc_executeUpdate,RepositoryExecutionClaimLedger.acquireInitialChecked,192,75530808,0
candidate-trace,t07,4,2,publish,jdbc_executeUpdate,RepositoryExecutionClaimLedger.renewLive,384,90463046,0
candidate-trace,t07,4,2,publish,jdbc_executeUpdate,RepositoryOperationLedger.admitInTransaction,384,222741591,0
candidate-trace,t07,4,2,publish,jdbc_executeUpdate,RepositoryOperationLedger.renewLive,384,247922121,0
candidate-trace,t07,4,2,publish,sql_acquire,DocumentOperationUploadAdmission.captureReads,384,1899493327,0
candidate-trace,t07,4,2,publish,sql_acquire,DocumentOperationUploadAdmission.recheckInitialSelections,192,881509491,0
candidate-trace,t07,4,2,publish,sql_acquire,DocumentOperationUploadAdmission.stage,192,914490981,0
candidate-trace,t07,4,2,publish,sql_acquire,DocumentPublicationCommit.commitInternal,192,1223356418,0
candidate-trace,t07,4,2,publish,sql_acquire,DocumentPublicationModesJournal.requireObservedModes,192,931980704,0
candidate-trace,t07,4,2,publish,sql_acquire,DocumentPublicationRegistration.admitInitialAccepted,192,670271963,0
candidate-trace,t07,4,2,publish,sql_acquire,DocumentPublicationRegistration.preflight,192,758635564,0
candidate-trace,t07,4,2,publish,sql_acquire,DocumentPublicationReplay.observe,384,1970635073,0
candidate-trace,t07,4,2,publish,sql_acquire,DocumentSchemaPolicies.read,192,1041047326,0
candidate-trace,t07,4,2,publish,sql_acquire,DocumentSelectedAttemptLedger.renew,192,879522818,0
candidate-trace,t07,4,2,publish,sql_acquire,DocumentSelectedAttemptLedger.renewOwnerAndSelections,384,1777730062,0
candidate-trace,t07,4,2,publish,sql_acquire,RepositorySchemaArtifacts.stage,192,990362051,0
candidate-trace,t07,4,2,publish,sql_usage,DocumentOperationUploadAdmission.captureReads,384,2708000000,0
candidate-trace,t07,4,2,publish,sql_usage,DocumentOperationUploadAdmission.recheckInitialSelections,192,1128000000,0
candidate-trace,t07,4,2,publish,sql_usage,DocumentOperationUploadAdmission.stage,192,2567000000,0
candidate-trace,t07,4,2,publish,sql_usage,DocumentPublicationCommit.commitInternal,192,6278000000,0
candidate-trace,t07,4,2,publish,sql_usage,DocumentPublicationModesJournal.requireObservedModes,192,1262000000,0
candidate-trace,t07,4,2,publish,sql_usage,DocumentPublicationRegistration.admitInitialAccepted,192,2470000000,0
candidate-trace,t07,4,2,publish,sql_usage,DocumentPublicationRegistration.preflight,192,132000000,0
candidate-trace,t07,4,2,publish,sql_usage,DocumentPublicationReplay.observe,384,41000000,0
candidate-trace,t07,4,2,publish,sql_usage,DocumentSchemaPolicies.read,192,73000000,0
candidate-trace,t07,4,2,publish,sql_usage,DocumentSelectedAttemptLedger.renew,192,1403000000,0
candidate-trace,t07,4,2,publish,sql_usage,DocumentSelectedAttemptLedger.renewOwnerAndSelections,384,3643000000,0
candidate-trace,t07,4,2,publish,sql_usage,RepositorySchemaArtifacts.stage,192,1999000000,0
candidate-trace,t07,4,2,read,jdbc_commit,DocumentHistoricalSchemas.authorize,256,1230409446,0
candidate-trace,t07,4,2,read,jdbc_commit,DocumentHistoricalSchemas.check,256,1054642482,0
candidate-trace,t07,4,2,read,jdbc_commit,DocumentReadLedger$PinnedHistory.authorizeDelivery,768,3560515187,0
candidate-trace,t07,4,2,read,jdbc_commit,DocumentReadLedger.captureHistorical,256,999551527,0
candidate-trace,t07,4,2,read,jdbc_executeQuery,DocumentHistoricalReadRows.capture,512,180903174,0
candidate-trace,t07,4,2,read,jdbc_executeQuery,DocumentHistoricalSchemaRows.artifacts,512,129398279,0
candidate-trace,t07,4,2,read,jdbc_executeQuery,DocumentHistoricalSchemaRows.capture,512,270813363,0
candidate-trace,t07,4,2,read,jdbc_executeQuery,DocumentHistoricalSchemaRows.references,256,37068197,0
candidate-trace,t07,4,2,read,jdbc_executeQuery,DocumentHistoricalSchemaRows.roots,512,63472036,0
candidate-trace,t07,4,2,read,jdbc_executeQuery,DocumentReadLedger.lambda$captureHistorical$0,256,53218185,0
candidate-trace,t07,4,2,read,jdbc_executeQuery,DocumentReadPins.acquireHistorical,512,261643601,0
candidate-trace,t07,4,2,read,jdbc_executeQuery,DocumentRevisionLocks.lock,3072,846199406,0
candidate-trace,t07,4,2,read,jdbc_executeQuery,ManagedBackendLedger.requireAll,256,38487506,0
candidate-trace,t07,4,2,read,jdbc_executeUpdate,DocumentReadPins.acquireHistorical,256,259727976,0
candidate-trace,t07,4,2,read,sql_acquire,DocumentHistoricalSchemas.authorize,256,1325180853,0
candidate-trace,t07,4,2,read,sql_acquire,DocumentHistoricalSchemas.check,256,1426678433,0
candidate-trace,t07,4,2,read,sql_acquire,DocumentReadLedger$PinnedHistory.authorizeDelivery,768,4263328885,0
candidate-trace,t07,4,2,read,sql_acquire,DocumentReadLedger.captureHistorical,256,1621220275,0
candidate-trace,t07,4,2,read,sql_usage,DocumentHistoricalSchemas.authorize,256,1367000000,0
candidate-trace,t07,4,2,read,sql_usage,DocumentHistoricalSchemas.check,256,1788000000,0
candidate-trace,t07,4,2,read,sql_usage,DocumentReadLedger$PinnedHistory.authorizeDelivery,768,3925000000,0
candidate-trace,t07,4,2,read,sql_usage,DocumentReadLedger.captureHistorical,256,2284000000,0
candidate-trace,t07,4,2,reject,jdbc_commit,DocumentAssessmentCreation.createInternal,64,230668812,0
candidate-trace,t07,4,2,reject,jdbc_commit,DocumentAssessmentCreation.lambda$createInternal$0,64,250702420,0
candidate-trace,t07,4,2,reject,jdbc_commit,DocumentAssessmentDeliveryAuthorization.check,256,920570616,0
candidate-trace,t07,4,2,reject,jdbc_commit,DocumentAssessmentDiscovery.discover,64,190294510,0
candidate-trace,t07,4,2,reject,jdbc_commit,DocumentAssessmentReconciliation.observeRetained,64,241497800,0
candidate-trace,t07,4,2,reject,jdbc_commit,DocumentAssessmentRejections.decide,64,244412873,0
candidate-trace,t07,4,2,reject,jdbc_commit,DocumentAssessmentReplayInputs.load,64,9497755,0
candidate-trace,t07,4,2,reject,jdbc_commit,DocumentAssessmentStartJournal.startRetained,64,230638939,0
candidate-trace,t07,4,2,reject,jdbc_commit,DocumentOperationUploadAdmission.captureReads,128,650163816,0
candidate-trace,t07,4,2,reject,jdbc_commit,DocumentOperationUploadAdmission.recheckInitialSelections,64,312189801,0
candidate-trace,t07,4,2,reject,jdbc_commit,DocumentOperationUploadAdmission.stage,64,392739852,0
candidate-trace,t07,4,2,reject,jdbc_commit,DocumentPublicationModesJournal.loadRetained,128,492507814,0
candidate-trace,t07,4,2,reject,jdbc_commit,DocumentPublicationModesJournal.requireObservedModes,128,513169065,0
candidate-trace,t07,4,2,reject,jdbc_commit,DocumentPublicationPreparationJournal.load,128,621181462,0
candidate-trace,t07,4,2,reject,jdbc_commit,DocumentPublicationRegistration.admitInitialAccepted,64,372506752,0
candidate-trace,t07,4,2,reject,jdbc_commit,DocumentPublicationRegistration.preflight,128,16308259,0
candidate-trace,t07,4,2,reject,jdbc_commit,DocumentPublicationReplay.observe,256,511142896,0
candidate-trace,t07,4,2,reject,jdbc_commit,DocumentSchemaPolicies.read,64,6691742,0
candidate-trace,t07,4,2,reject,jdbc_commit,DocumentSelectedAttemptLedger.renew,64,302639596,0
candidate-trace,t07,4,2,reject,jdbc_commit,DocumentSelectedAttemptLedger.renewOwnerAndSelections,128,688127518,0
candidate-trace,t07,4,2,reject,jdbc_commit,RepositorySchemaArtifacts.stage,64,284443031,0
candidate-trace,t07,4,2,reject,jdbc_executeBatch,DocumentAssessmentCreationWrites.lambda$writeRows$0,64,44994107,0
candidate-trace,t07,4,2,reject,jdbc_executeQuery,DocumentAssessmentDeliveryAuthorization.lambda$check$0,1280,174279097,0
candidate-trace,t07,4,2,reject,jdbc_executeQuery,DocumentAssessmentDeliveryAuthorization.requireLiveReadOwner,512,71826008,0
candidate-trace,t07,4,2,reject,jdbc_executeQuery,DocumentAssessmentDiscovery.lambda$discover$0,128,26299492,0
candidate-trace,t07,4,2,reject,jdbc_executeQuery,DocumentAssessmentReadRows.capture,192,683001639,0
candidate-trace,t07,4,2,reject,jdbc_executeQuery,DocumentAssessmentReconciliation.verifyRetained,256,55670529,0
candidate-trace,t07,4,2,reject,jdbc_executeQuery,DocumentAssessmentRejections.lambda$decide$0,256,48756445,0
candidate-trace,t07,4,2,reject,jdbc_executeQuery,DocumentAssessmentReplayInputs.artifacts,128,55285425,0
candidate-trace,t07,4,2,reject,jdbc_executeQuery,DocumentAssessmentReplayInputs.policy,128,22457995,0
candidate-trace,t07,4,2,reject,jdbc_executeQuery,DocumentAssessmentReplayInputs.read,128,37090014,0
candidate-trace,t07,4,2,reject,jdbc_executeQuery,DocumentAssessmentReplayInputs.roots,128,28378327,0
candidate-trace,t07,4,2,reject,jdbc_executeQuery,DocumentAssessmentRetainedEvidence.verify,64,12573108,0
candidate-trace,t07,4,2,reject,jdbc_executeQuery,DocumentAssessmentRetainedEvidence.verifyArtifacts,64,31183362,0
candidate-trace,t07,4,2,reject,jdbc_executeQuery,DocumentAssessmentRetainedSlots.retainedSelections,64,21811780,0
candidate-trace,t07,4,2,reject,jdbc_executeQuery,DocumentAssessmentRetainedSlots.verify,256,266270145,0
candidate-trace,t07,4,2,reject,jdbc_executeQuery,DocumentAssessmentStartJournal.insertStartedOutcome,64,11046795,0
candidate-trace,t07,4,2,reject,jdbc_executeQuery,DocumentAssessmentStartJournal.lambda$startRetained$2,64,13011592,0
candidate-trace,t07,4,2,reject,jdbc_executeQuery,DocumentAssessmentStartJournal.requireCreation,64,27403654,0
candidate-trace,t07,4,2,reject,jdbc_executeQuery,DocumentCommitParts.bind,128,41249547,0
candidate-trace,t07,4,2,reject,jdbc_executeQuery,DocumentCommitParts.read,64,89368247,0
candidate-trace,t07,4,2,reject,jdbc_executeQuery,DocumentCommitParts.selections,64,15511653,0
candidate-trace,t07,4,2,reject,jdbc_executeQuery,DocumentDriveSnapshot.lock,128,17260529,0
candidate-trace,t07,4,2,reject,jdbc_executeQuery,DocumentKeyReservations.reserveEncoded,64,18853935,0
candidate-trace,t07,4,2,reject,jdbc_executeQuery,DocumentOperationUploadAdmission.lambda$captureReads$0,192,50091101,0
candidate-trace,t07,4,2,reject,jdbc_executeQuery,DocumentOperationUploadAdmission.requireInitialSelections,64,13285407,0
candidate-trace,t07,4,2,reject,jdbc_executeQuery,DocumentOperationUploadAdmission.writeAdmissions,128,21637991,0
candidate-trace,t07,4,2,reject,jdbc_executeQuery,DocumentPartAttemptLedger.lockAll,384,43587100,0
candidate-trace,t07,4,2,reject,jdbc_executeQuery,DocumentPartAttemptLedger.read,128,14349606,0
candidate-trace,t07,4,2,reject,jdbc_executeQuery,DocumentPreparationHistoryRoots.coverage,64,8524815,0
candidate-trace,t07,4,2,reject,jdbc_executeQuery,DocumentPublicationModeValidation.capture,256,31087385,0
candidate-trace,t07,4,2,reject,jdbc_executeQuery,DocumentPublicationModesJournal.readModes,64,13280883,0
candidate-trace,t07,4,2,reject,jdbc_executeQuery,DocumentPublicationPreparationJournal.capture,128,24727404,0
candidate-trace,t07,4,2,reject,jdbc_executeQuery,DocumentPublicationReplay.observe,832,128707667,0
candidate-trace,t07,4,2,reject,jdbc_executeQuery,DocumentRevisionLocks.lock,2304,498268939,0
candidate-trace,t07,4,2,reject,jdbc_executeQuery,DocumentSchemaPolicies.lambda$read$0,64,8788650,0
candidate-trace,t07,4,2,reject,jdbc_executeQuery,DocumentSchemaPolicies.lockCurrent,384,36371466,0
candidate-trace,t07,4,2,reject,jdbc_executeQuery,DocumentSchemaPolicies.select,192,23421055,0
candidate-trace,t07,4,2,reject,jdbc_executeQuery,DocumentSelectedAttemptLedger.lockSelected,64,10903231,0
candidate-trace,t07,4,2,reject,jdbc_executeQuery,DocumentSelectedAttemptLedger.requireOwner,192,47402256,0
candidate-trace,t07,4,2,reject,jdbc_executeQuery,DocumentSelectedAttemptLedger.requireSelections,384,75869247,0
candidate-trace,t07,4,2,reject,jdbc_executeQuery,DocumentUploadAdmissionReplay.hasSelections,64,7219195,0
candidate-trace,t07,4,2,reject,jdbc_executeQuery,ManagedBackendLedger.find,128,14539365,0
candidate-trace,t07,4,2,reject,jdbc_executeQuery,ManagedBackendLedger.requireAll,64,6972588,0
candidate-trace,t07,4,2,reject,jdbc_executeQuery,RepositoryCoordinatorBinding.bindInitial,64,7175421,0
candidate-trace,t07,4,2,reject,jdbc_executeQuery,RepositoryExecutionClaimLedger.live,64,8053347,0
candidate-trace,t07,4,2,reject,jdbc_executeQuery,RepositoryExecutionClaimLedger.lockLive,2048,614738591,0
candidate-trace,t07,4,2,reject,jdbc_executeQuery,RepositoryExecutionClaimLedger.readLocked,384,34814956,0
candidate-trace,t07,4,2,reject,jdbc_executeQuery,RepositoryOperationLedger.fenceLiveOwner,1216,771283613,0
candidate-trace,t07,4,2,reject,jdbc_executeQuery,RepositoryOperationLedger.live,192,28745843,0
candidate-trace,t07,4,2,reject,jdbc_executeQuery,RepositoryOperationLedger.read,64,8159661,0
candidate-trace,t07,4,2,reject,jdbc_executeQuery,RepositoryOperationLedger.readOwner,256,29770950,0
candidate-trace,t07,4,2,reject,jdbc_executeQuery,RepositoryOperationLedger.requireCommand,1216,140583697,0
candidate-trace,t07,4,2,reject,jdbc_executeQuery,RepositorySchemaArtifacts.lambda$stage$3,256,221046368,0
candidate-trace,t07,4,2,reject,jdbc_executeQuery,SqlTimeouts.apply,384,53909059,0
candidate-trace,t07,4,2,reject,jdbc_executeUpdate,DocumentAssessmentCreationWrites.insertOwner,64,58049326,0
candidate-trace,t07,4,2,reject,jdbc_executeUpdate,DocumentAssessmentCreationWrites.lambda$writeRows$1,64,53019576,0
candidate-trace,t07,4,2,reject,jdbc_executeUpdate,DocumentAssessmentCreationWrites.writeRows,448,680611412,0
candidate-trace,t07,4,2,reject,jdbc_executeUpdate,DocumentAssessmentReconciliation.verifyRetained,64,57257187,0
candidate-trace,t07,4,2,reject,jdbc_executeUpdate,DocumentAssessmentRejections.lambda$decide$0,64,51155774,0
candidate-trace,t07,4,2,reject,jdbc_executeUpdate,DocumentAssessmentStartJournal.insertStartedOutcome,64,61745975,0
candidate-trace,t07,4,2,reject,jdbc_executeUpdate,DocumentOperationSelection.insert,64,66118371,0
candidate-trace,t07,4,2,reject,jdbc_executeUpdate,DocumentOperationUploadAdmission.writeAdmissions,128,83160796,0
candidate-trace,t07,4,2,reject,jdbc_executeUpdate,DocumentPartAttemptLedger.insertEncodedRows,64,56878188,0
candidate-trace,t07,4,2,reject,jdbc_executeUpdate,DocumentPreparationCoverageCertificates.insert,64,25618739,0
candidate-trace,t07,4,2,reject,jdbc_executeUpdate,DocumentPreparationHistoryRoots.insert,128,42103722,0
candidate-trace,t07,4,2,reject,jdbc_executeUpdate,DocumentPublicationModesJournal.insert,64,43440920,0
candidate-trace,t07,4,2,reject,jdbc_executeUpdate,DocumentPublicationPreparationJournal.insert,64,50531066,0
candidate-trace,t07,4,2,reject,jdbc_executeUpdate,DocumentSelectedAttemptLedger.renewSelections,192,125111227,0
candidate-trace,t07,4,2,reject,jdbc_executeUpdate,RepositoryCoordinatorBinding.bindInitial,64,23640747,0
candidate-trace,t07,4,2,reject,jdbc_executeUpdate,RepositoryExecutionClaimLedger.acquireInitialChecked,64,24877301,0
candidate-trace,t07,4,2,reject,jdbc_executeUpdate,RepositoryExecutionClaimLedger.renewLive,128,27293568,0
candidate-trace,t07,4,2,reject,jdbc_executeUpdate,RepositoryOperationLedger.admitInTransaction,128,69891143,0
candidate-trace,t07,4,2,reject,jdbc_executeUpdate,RepositoryOperationLedger.renewLive,128,83041588,0
candidate-trace,t07,4,2,reject,sql_acquire,DocumentAssessmentCreation.createInternal,64,386919808,0
candidate-trace,t07,4,2,reject,sql_acquire,DocumentAssessmentCreation.lambda$createInternal$0,64,400102232,0
candidate-trace,t07,4,2,reject,sql_acquire,DocumentAssessmentDeliveryAuthorization.check,256,1316193954,0
candidate-trace,t07,4,2,reject,sql_acquire,DocumentAssessmentDiscovery.discover,64,279903284,0
candidate-trace,t07,4,2,reject,sql_acquire,DocumentAssessmentReconciliation.observeRetained,64,314238451,0
candidate-trace,t07,4,2,reject,sql_acquire,DocumentAssessmentRejections.decide,64,272169225,0
candidate-trace,t07,4,2,reject,sql_acquire,DocumentAssessmentReplayInputs.load,64,233356434,0
candidate-trace,t07,4,2,reject,sql_acquire,DocumentAssessmentStartJournal.startRetained,64,387798195,0
candidate-trace,t07,4,2,reject,sql_acquire,DocumentOperationUploadAdmission.captureReads,128,519650057,0
candidate-trace,t07,4,2,reject,sql_acquire,DocumentOperationUploadAdmission.recheckInitialSelections,64,243553585,0
candidate-trace,t07,4,2,reject,sql_acquire,DocumentOperationUploadAdmission.stage,64,268642793,0
candidate-trace,t07,4,2,reject,sql_acquire,DocumentPublicationModesJournal.loadRetained,128,693604144,0
candidate-trace,t07,4,2,reject,sql_acquire,DocumentPublicationModesJournal.requireObservedModes,128,627168590,0
candidate-trace,t07,4,2,reject,sql_acquire,DocumentPublicationPreparationJournal.load,128,737602022,0
candidate-trace,t07,4,2,reject,sql_acquire,DocumentPublicationRegistration.admitInitialAccepted,64,278293321,0
candidate-trace,t07,4,2,reject,sql_acquire,DocumentPublicationRegistration.preflight,128,750741332,0
candidate-trace,t07,4,2,reject,sql_acquire,DocumentPublicationReplay.observe,256,1611375468,0
candidate-trace,t07,4,2,reject,sql_acquire,DocumentSchemaPolicies.read,64,371263764,0
candidate-trace,t07,4,2,reject,sql_acquire,DocumentSelectedAttemptLedger.renew,64,242901045,0
candidate-trace,t07,4,2,reject,sql_acquire,DocumentSelectedAttemptLedger.renewOwnerAndSelections,128,574987397,0
candidate-trace,t07,4,2,reject,sql_acquire,RepositorySchemaArtifacts.stage,64,300817462,0
candidate-trace,t07,4,2,reject,sql_usage,DocumentAssessmentCreation.createInternal,64,1695000000,0
candidate-trace,t07,4,2,reject,sql_usage,DocumentAssessmentCreation.lambda$createInternal$0,64,373000000,0
candidate-trace,t07,4,2,reject,sql_usage,DocumentAssessmentDeliveryAuthorization.check,256,1363000000,0
candidate-trace,t07,4,2,reject,sql_usage,DocumentAssessmentDiscovery.discover,64,407000000,0
candidate-trace,t07,4,2,reject,sql_usage,DocumentAssessmentReconciliation.observeRetained,64,1688000000,0
candidate-trace,t07,4,2,reject,sql_usage,DocumentAssessmentRejections.decide,64,659000000,0
candidate-trace,t07,4,2,reject,sql_usage,DocumentAssessmentReplayInputs.load,64,292000000,0
candidate-trace,t07,4,2,reject,sql_usage,DocumentAssessmentStartJournal.startRetained,64,435000000,0
candidate-trace,t07,4,2,reject,sql_usage,DocumentOperationUploadAdmission.captureReads,128,955000000,0
candidate-trace,t07,4,2,reject,sql_usage,DocumentOperationUploadAdmission.recheckInitialSelections,64,400000000,0
candidate-trace,t07,4,2,reject,sql_usage,DocumentOperationUploadAdmission.stage,64,885000000,0
candidate-trace,t07,4,2,reject,sql_usage,DocumentPublicationModesJournal.loadRetained,128,523000000,0
candidate-trace,t07,4,2,reject,sql_usage,DocumentPublicationModesJournal.requireObservedModes,128,840000000,0
candidate-trace,t07,4,2,reject,sql_usage,DocumentPublicationPreparationJournal.load,128,662000000,0
candidate-trace,t07,4,2,reject,sql_usage,DocumentPublicationRegistration.admitInitialAccepted,64,880000000,0
candidate-trace,t07,4,2,reject,sql_usage,DocumentPublicationRegistration.preflight,128,97000000,0
candidate-trace,t07,4,2,reject,sql_usage,DocumentPublicationReplay.observe,256,642000000,0
candidate-trace,t07,4,2,reject,sql_usage,DocumentSchemaPolicies.read,64,15000000,0
candidate-trace,t07,4,2,reject,sql_usage,DocumentSelectedAttemptLedger.renew,64,490000000,0
candidate-trace,t07,4,2,reject,sql_usage,DocumentSelectedAttemptLedger.renewOwnerAndSelections,128,1228000000,0
candidate-trace,t07,4,2,reject,sql_usage,RepositorySchemaArtifacts.stage,64,656000000,0
candidate-trace,t07,4,2,replay,jdbc_commit,DocumentPublicationReplay.observe,256,1107913249,0
candidate-trace,t07,4,2,replay,jdbc_executeQuery,DocumentPublicationReplay.observe,768,109485905,0
candidate-trace,t07,4,2,replay,jdbc_executeQuery,DocumentPublicationReplay.requireRevisions,192,44048380,0
candidate-trace,t07,4,2,replay,jdbc_executeQuery,DocumentRevisionLocks.lock,512,113839900,0
candidate-trace,t07,4,2,replay,jdbc_executeQuery,RepositoryOperationLedger.requireCommand,256,32966327,0
candidate-trace,t07,4,2,replay,sql_acquire,DocumentPublicationReplay.observe,256,1621791050,0
candidate-trace,t07,4,2,replay,sql_usage,DocumentPublicationReplay.observe,256,1551000000,0
candidate-trace,t07,4,2,unscoped,jdbc_commit,DocumentAssessmentReadProtection.finish,61,272403667,0
candidate-trace,t07,4,2,unscoped,jdbc_commit,DocumentReadPins.finish,256,1264604657,0
candidate-trace,t07,4,2,unscoped,jdbc_commit,DocumentSelectedAttemptLedger.verifyBatch,256,1208076612,0
candidate-trace,t07,4,2,unscoped,jdbc_executeQuery,DocumentAssessmentReadProtection.lambda$finish$0,61,34083388,0
candidate-trace,t07,4,2,unscoped,jdbc_executeQuery,DocumentPartAttemptLedger.read,512,65285454,0
candidate-trace,t07,4,2,unscoped,jdbc_executeQuery,DocumentReadPins.lambda$finish$0,256,310457847,0
candidate-trace,t07,4,2,unscoped,jdbc_executeQuery,DocumentSelectedAttemptLedger.lockSelected,512,82220193,0
candidate-trace,t07,4,2,unscoped,jdbc_executeQuery,DocumentSelectedAttemptLedger.requireOwner,256,60788725,0
candidate-trace,t07,4,2,unscoped,jdbc_executeQuery,RepositoryExecutionClaimLedger.lockLive,256,80215653,0
candidate-trace,t07,4,2,unscoped,jdbc_executeQuery,RepositoryOperationLedger.fenceLiveOwner,256,174843887,0
candidate-trace,t07,4,2,unscoped,jdbc_executeQuery,SqlTimeouts.apply,256,37354380,0
candidate-trace,t07,4,2,unscoped,jdbc_executeUpdate,DocumentSelectedAttemptLedger.verifyBatch,512,371166030,0
candidate-trace,t07,4,2,unscoped,provider_getBounded,DocumentPartTransfer.upload,256,766337003,0
candidate-trace,t07,4,2,unscoped,provider_getBounded,outside_ledger,320,1165360788,0
candidate-trace,t07,4,2,unscoped,provider_put,DocumentPartTransfer.upload,256,18270597354,0
candidate-trace,t07,4,2,unscoped,sql_acquire,DocumentAssessmentReadProtection.finish,61,481670196,0
candidate-trace,t07,4,2,unscoped,sql_acquire,DocumentReadPins.finish,256,1750017367,0
candidate-trace,t07,4,2,unscoped,sql_acquire,DocumentSelectedAttemptLedger.verifyBatch,256,825548186,0
candidate-trace,t07,4,2,unscoped,sql_usage,DocumentAssessmentReadProtection.finish,61,292000000,0
candidate-trace,t07,4,2,unscoped,sql_usage,DocumentReadPins.finish,256,1503000000,0
candidate-trace,t07,4,2,unscoped,sql_usage,DocumentSelectedAttemptLedger.verifyBatch,256,2159000000,0
candidate-trace,t08,1,8,publish,jdbc_commit,DocumentOperationUploadAdmission.captureReads,384,1790156365,0
candidate-trace,t08,1,8,publish,jdbc_commit,DocumentOperationUploadAdmission.recheckInitialSelections,192,896070997,0
candidate-trace,t08,1,8,publish,jdbc_commit,DocumentOperationUploadAdmission.stage,192,1168555678,0
candidate-trace,t08,1,8,publish,jdbc_commit,DocumentPublicationCommit.commitInternal,192,883058343,0
candidate-trace,t08,1,8,publish,jdbc_commit,DocumentPublicationModesJournal.requireObservedModes,192,891825521,0
candidate-trace,t08,1,8,publish,jdbc_commit,DocumentPublicationRegistration.admitInitialAccepted,192,1005888011,0
candidate-trace,t08,1,8,publish,jdbc_commit,DocumentPublicationRegistration.preflight,192,17715711,0
candidate-trace,t08,1,8,publish,jdbc_commit,DocumentPublicationReplay.observe,384,30697352,0
candidate-trace,t08,1,8,publish,jdbc_commit,DocumentSchemaPolicies.read,192,18360645,0
candidate-trace,t08,1,8,publish,jdbc_commit,DocumentSelectedAttemptLedger.renew,192,805741109,0
candidate-trace,t08,1,8,publish,jdbc_commit,DocumentSelectedAttemptLedger.renewOwnerAndSelections,384,1553095845,0
candidate-trace,t08,1,8,publish,jdbc_commit,RepositorySchemaArtifacts.stage,192,863521500,0
candidate-trace,t08,1,8,publish,jdbc_executeBatch,DocumentSchemaRetention.flush,576,428662950,0
candidate-trace,t08,1,8,publish,jdbc_executeQuery,DocumentAdmissionSnapshot.prepare,192,49632591,0
candidate-trace,t08,1,8,publish,jdbc_executeQuery,DocumentCommitParts.bind,192,34456082,0
candidate-trace,t08,1,8,publish,jdbc_executeQuery,DocumentCommitParts.read,192,244636429,0
candidate-trace,t08,1,8,publish,jdbc_executeQuery,DocumentCommitParts.selections,192,45997512,0
candidate-trace,t08,1,8,publish,jdbc_executeQuery,DocumentCommitWriter.write,384,40938749,0
candidate-trace,t08,1,8,publish,jdbc_executeQuery,DocumentDriveSnapshot.lock,384,43028267,0
candidate-trace,t08,1,8,publish,jdbc_executeQuery,DocumentKeyReservations.reserveEncoded,192,50749708,0
candidate-trace,t08,1,8,publish,jdbc_executeQuery,DocumentOperationUploadAdmission.lambda$captureReads$0,576,132619605,0
candidate-trace,t08,1,8,publish,jdbc_executeQuery,DocumentOperationUploadAdmission.requireInitialSelections,192,41134604,0
candidate-trace,t08,1,8,publish,jdbc_executeQuery,DocumentOperationUploadAdmission.writeAdmissions,384,58521569,0
candidate-trace,t08,1,8,publish,jdbc_executeQuery,DocumentPartAttemptLedger.lockAll,1152,116957177,0
candidate-trace,t08,1,8,publish,jdbc_executeQuery,DocumentPartAttemptLedger.read,384,35676384,0
candidate-trace,t08,1,8,publish,jdbc_executeQuery,DocumentPreparationHistoryRoots.coverage,192,24473607,0
candidate-trace,t08,1,8,publish,jdbc_executeQuery,DocumentPublicationLocks$IndependentOrigins.requireScope,384,38382500,0
candidate-trace,t08,1,8,publish,jdbc_executeQuery,DocumentPublicationLocks.lockIndependentOrigins,960,105324504,0
candidate-trace,t08,1,8,publish,jdbc_executeQuery,DocumentPublicationLocks.lockIndependentRetention,192,31053655,0
candidate-trace,t08,1,8,publish,jdbc_executeQuery,DocumentPublicationModeBinding.require,192,32977625,0
candidate-trace,t08,1,8,publish,jdbc_executeQuery,DocumentPublicationModeValidation.capture,384,47512523,0
candidate-trace,t08,1,8,publish,jdbc_executeQuery,DocumentPublicationReplay.observe,768,99013127,0
candidate-trace,t08,1,8,publish,jdbc_executeQuery,DocumentRevisionLocks.lock,2304,462872624,0
candidate-trace,t08,1,8,publish,jdbc_executeQuery,DocumentSchemaBatch.lockArtifacts,960,129051030,0
candidate-trace,t08,1,8,publish,jdbc_executeQuery,DocumentSchemaPolicies.lambda$read$0,192,22612772,0
candidate-trace,t08,1,8,publish,jdbc_executeQuery,DocumentSchemaPolicies.lockCurrent,576,49148826,0
candidate-trace,t08,1,8,publish,jdbc_executeQuery,DocumentSchemaPolicies.select,384,49666083,0
candidate-trace,t08,1,8,publish,jdbc_executeQuery,DocumentSchemaRetention.requireFragments,192,42438983,0
candidate-trace,t08,1,8,publish,jdbc_executeQuery,DocumentSchemaRetention.requireRevision,192,24356055,0
candidate-trace,t08,1,8,publish,jdbc_executeQuery,DocumentSchemaRetention.write,192,43338060,0
candidate-trace,t08,1,8,publish,jdbc_executeQuery,DocumentSelectedAttemptLedger.lockSelected,192,26948412,0
candidate-trace,t08,1,8,publish,jdbc_executeQuery,DocumentSelectedAttemptLedger.requireOwner,576,135935218,0
candidate-trace,t08,1,8,publish,jdbc_executeQuery,DocumentSelectedAttemptLedger.requireSelections,1152,201184179,0
candidate-trace,t08,1,8,publish,jdbc_executeQuery,DocumentUploadAdmissionReplay.hasSelections,192,20209373,0
candidate-trace,t08,1,8,publish,jdbc_executeQuery,ManagedBackendLedger.find,384,35287922,0
candidate-trace,t08,1,8,publish,jdbc_executeQuery,RepositoryCoordinatorBinding.bindInitial,192,18430669,0
candidate-trace,t08,1,8,publish,jdbc_executeQuery,RepositoryExecutionClaimLedger.live,192,18919935,0
candidate-trace,t08,1,8,publish,jdbc_executeQuery,RepositoryExecutionClaimLedger.lockLive,3072,798573040,0
candidate-trace,t08,1,8,publish,jdbc_executeQuery,RepositoryExecutionClaimLedger.readLocked,1152,93541310,0
candidate-trace,t08,1,8,publish,jdbc_executeQuery,RepositoryOperationLedger.fenceLiveOwner,1728,1003935130,0
candidate-trace,t08,1,8,publish,jdbc_executeQuery,RepositoryOperationLedger.live,576,81164762,0
candidate-trace,t08,1,8,publish,jdbc_executeQuery,RepositoryOperationLedger.read,192,23363980,0
candidate-trace,t08,1,8,publish,jdbc_executeQuery,RepositoryOperationLedger.readOwner,768,72627672,0
candidate-trace,t08,1,8,publish,jdbc_executeQuery,RepositoryOperationLedger.requireCommand,1728,174281024,0
candidate-trace,t08,1,8,publish,jdbc_executeQuery,RepositorySchemaArtifacts.lambda$stage$3,768,577675485,0
candidate-trace,t08,1,8,publish,jdbc_executeQuery,SqlTimeouts.apply,1152,140486204,0
candidate-trace,t08,1,8,publish,jdbc_executeUpdate,DocumentCommitWriter.write,1344,858099739,0
candidate-trace,t08,1,8,publish,jdbc_executeUpdate,DocumentOperationSelection.insert,192,176292665,0
candidate-trace,t08,1,8,publish,jdbc_executeUpdate,DocumentOperationUploadAdmission.writeAdmissions,384,204872290,0
candidate-trace,t08,1,8,publish,jdbc_executeUpdate,DocumentPartAttemptLedger.insertEncodedRows,192,144452041,0
candidate-trace,t08,1,8,publish,jdbc_executeUpdate,DocumentPreparationCoverageCertificates.insert,192,68076270,0
candidate-trace,t08,1,8,publish,jdbc_executeUpdate,DocumentPreparationHistoryRoots.insert,384,120674584,0
candidate-trace,t08,1,8,publish,jdbc_executeUpdate,DocumentPublicationCommit.lambda$commitInternal$6,576,429821660,0
candidate-trace,t08,1,8,publish,jdbc_executeUpdate,DocumentPublicationModesJournal.insert,192,111304021,0
candidate-trace,t08,1,8,publish,jdbc_executeUpdate,DocumentPublicationPreparationJournal.insert,192,128416465,0
candidate-trace,t08,1,8,publish,jdbc_executeUpdate,DocumentSchemaAdmissionBinding.insert,192,147774189,0
candidate-trace,t08,1,8,publish,jdbc_executeUpdate,DocumentSelectedAttemptLedger.renewSelections,576,344791629,0
candidate-trace,t08,1,8,publish,jdbc_executeUpdate,RepositoryCoordinatorBinding.bindInitial,192,58589854,0
candidate-trace,t08,1,8,publish,jdbc_executeUpdate,RepositoryExecutionClaimLedger.acquireInitialChecked,192,62253963,0
candidate-trace,t08,1,8,publish,jdbc_executeUpdate,RepositoryExecutionClaimLedger.renewLive,384,73109420,0
candidate-trace,t08,1,8,publish,jdbc_executeUpdate,RepositoryOperationLedger.admitInTransaction,384,196428915,0
candidate-trace,t08,1,8,publish,jdbc_executeUpdate,RepositoryOperationLedger.renewLive,384,208233124,0
candidate-trace,t08,1,8,publish,sql_acquire,DocumentOperationUploadAdmission.captureReads,384,1639969408,0
candidate-trace,t08,1,8,publish,sql_acquire,DocumentOperationUploadAdmission.recheckInitialSelections,192,529091305,0
candidate-trace,t08,1,8,publish,sql_acquire,DocumentOperationUploadAdmission.stage,192,902712669,0
candidate-trace,t08,1,8,publish,sql_acquire,DocumentPublicationCommit.commitInternal,192,856191921,0
candidate-trace,t08,1,8,publish,sql_acquire,DocumentPublicationModesJournal.requireObservedModes,192,805325576,0
candidate-trace,t08,1,8,publish,sql_acquire,DocumentPublicationRegistration.admitInitialAccepted,192,931847120,0
candidate-trace,t08,1,8,publish,sql_acquire,DocumentPublicationRegistration.preflight,192,829238568,0
candidate-trace,t08,1,8,publish,sql_acquire,DocumentPublicationReplay.observe,384,1754668933,0
candidate-trace,t08,1,8,publish,sql_acquire,DocumentSchemaPolicies.read,192,631828066,0
candidate-trace,t08,1,8,publish,sql_acquire,DocumentSelectedAttemptLedger.renew,192,671980295,0
candidate-trace,t08,1,8,publish,sql_acquire,DocumentSelectedAttemptLedger.renewOwnerAndSelections,384,1417654459,0
candidate-trace,t08,1,8,publish,sql_acquire,RepositorySchemaArtifacts.stage,192,825331682,0
candidate-trace,t08,1,8,publish,sql_usage,DocumentOperationUploadAdmission.captureReads,384,2416000000,0
candidate-trace,t08,1,8,publish,sql_usage,DocumentOperationUploadAdmission.recheckInitialSelections,192,1096000000,0
candidate-trace,t08,1,8,publish,sql_usage,DocumentOperationUploadAdmission.stage,192,2255000000,0
candidate-trace,t08,1,8,publish,sql_usage,DocumentPublicationCommit.commitInternal,192,4754000000,0
candidate-trace,t08,1,8,publish,sql_usage,DocumentPublicationModesJournal.requireObservedModes,192,1205000000,0
candidate-trace,t08,1,8,publish,sql_usage,DocumentPublicationRegistration.admitInitialAccepted,192,2174000000,0
candidate-trace,t08,1,8,publish,sql_usage,DocumentPublicationRegistration.preflight,192,20000000,0
candidate-trace,t08,1,8,publish,sql_usage,DocumentPublicationReplay.observe,384,0,0
candidate-trace,t08,1,8,publish,sql_usage,DocumentSchemaPolicies.read,192,8000000,0
candidate-trace,t08,1,8,publish,sql_usage,DocumentSelectedAttemptLedger.renew,192,1255000000,0
candidate-trace,t08,1,8,publish,sql_usage,DocumentSelectedAttemptLedger.renewOwnerAndSelections,384,2808000000,0
candidate-trace,t08,1,8,publish,sql_usage,RepositorySchemaArtifacts.stage,192,1753000000,0
candidate-trace,t08,1,8,read,jdbc_commit,DocumentHistoricalSchemas.authorize,256,1182540892,0
candidate-trace,t08,1,8,read,jdbc_commit,DocumentHistoricalSchemas.check,256,1060701279,0
candidate-trace,t08,1,8,read,jdbc_commit,DocumentReadLedger$PinnedHistory.authorizeDelivery,768,3626375693,0
candidate-trace,t08,1,8,read,jdbc_commit,DocumentReadLedger.captureHistorical,256,1005496760,0
candidate-trace,t08,1,8,read,jdbc_executeQuery,DocumentHistoricalReadRows.capture,512,137281724,0
candidate-trace,t08,1,8,read,jdbc_executeQuery,DocumentHistoricalSchemaRows.artifacts,512,100923086,0
candidate-trace,t08,1,8,read,jdbc_executeQuery,DocumentHistoricalSchemaRows.capture,512,217285501,0
candidate-trace,t08,1,8,read,jdbc_executeQuery,DocumentHistoricalSchemaRows.references,256,28850095,0
candidate-trace,t08,1,8,read,jdbc_executeQuery,DocumentHistoricalSchemaRows.roots,512,47191040,0
candidate-trace,t08,1,8,read,jdbc_executeQuery,DocumentReadLedger.lambda$captureHistorical$0,256,45871889,0
candidate-trace,t08,1,8,read,jdbc_executeQuery,DocumentReadPins.acquireHistorical,512,229051597,0
candidate-trace,t08,1,8,read,jdbc_executeQuery,DocumentRevisionLocks.lock,3072,690388552,0
candidate-trace,t08,1,8,read,jdbc_executeQuery,ManagedBackendLedger.requireAll,256,32119137,0
candidate-trace,t08,1,8,read,jdbc_executeUpdate,DocumentReadPins.acquireHistorical,256,221153340,0
candidate-trace,t08,1,8,read,sql_acquire,DocumentHistoricalSchemas.authorize,256,1156639766,0
candidate-trace,t08,1,8,read,sql_acquire,DocumentHistoricalSchemas.check,256,1087524311,0
candidate-trace,t08,1,8,read,sql_acquire,DocumentReadLedger$PinnedHistory.authorizeDelivery,768,2829695727,0
candidate-trace,t08,1,8,read,sql_acquire,DocumentReadLedger.captureHistorical,256,1221089340,0
candidate-trace,t08,1,8,read,sql_usage,DocumentHistoricalSchemas.authorize,256,1225000000,0
candidate-trace,t08,1,8,read,sql_usage,DocumentHistoricalSchemas.check,256,1555000000,0
candidate-trace,t08,1,8,read,sql_usage,DocumentReadLedger$PinnedHistory.authorizeDelivery,768,3711000000,0
candidate-trace,t08,1,8,read,sql_usage,DocumentReadLedger.captureHistorical,256,1897000000,0
candidate-trace,t08,1,8,reject,jdbc_commit,DocumentAssessmentCreation.createInternal,64,227453326,0
candidate-trace,t08,1,8,reject,jdbc_commit,DocumentAssessmentCreation.lambda$createInternal$0,64,246101846,0
candidate-trace,t08,1,8,reject,jdbc_commit,DocumentAssessmentDeliveryAuthorization.check,256,1049825481,0
candidate-trace,t08,1,8,reject,jdbc_commit,DocumentAssessmentDiscovery.discover,64,235379802,0
candidate-trace,t08,1,8,reject,jdbc_commit,DocumentAssessmentReconciliation.observeRetained,64,247303763,0
candidate-trace,t08,1,8,reject,jdbc_commit,DocumentAssessmentRejections.decide,64,245826356,0
candidate-trace,t08,1,8,reject,jdbc_commit,DocumentAssessmentReplayInputs.load,64,6658594,0
candidate-trace,t08,1,8,reject,jdbc_commit,DocumentAssessmentStartJournal.startRetained,64,194412623,0
candidate-trace,t08,1,8,reject,jdbc_commit,DocumentOperationUploadAdmission.captureReads,128,559543885,0
candidate-trace,t08,1,8,reject,jdbc_commit,DocumentOperationUploadAdmission.recheckInitialSelections,64,269255426,0
candidate-trace,t08,1,8,reject,jdbc_commit,DocumentOperationUploadAdmission.stage,64,314937216,0
candidate-trace,t08,1,8,reject,jdbc_commit,DocumentPublicationModesJournal.loadRetained,128,458329998,0
candidate-trace,t08,1,8,reject,jdbc_commit,DocumentPublicationModesJournal.requireObservedModes,128,507410374,0
candidate-trace,t08,1,8,reject,jdbc_commit,DocumentPublicationPreparationJournal.load,128,495452330,0
candidate-trace,t08,1,8,reject,jdbc_commit,DocumentPublicationRegistration.admitInitialAccepted,64,323664805,0
candidate-trace,t08,1,8,reject,jdbc_commit,DocumentPublicationRegistration.preflight,128,12345912,0
candidate-trace,t08,1,8,reject,jdbc_commit,DocumentPublicationReplay.observe,256,539118389,0
candidate-trace,t08,1,8,reject,jdbc_commit,DocumentSchemaPolicies.read,64,6148474,0
candidate-trace,t08,1,8,reject,jdbc_commit,DocumentSelectedAttemptLedger.renew,64,259389637,0
candidate-trace,t08,1,8,reject,jdbc_commit,DocumentSelectedAttemptLedger.renewOwnerAndSelections,128,504035526,0
candidate-trace,t08,1,8,reject,jdbc_commit,RepositorySchemaArtifacts.stage,64,215194215,0
candidate-trace,t08,1,8,reject,jdbc_executeBatch,DocumentAssessmentCreationWrites.lambda$writeRows$0,64,36923784,0
candidate-trace,t08,1,8,reject,jdbc_executeQuery,DocumentAssessmentDeliveryAuthorization.lambda$check$0,1280,150978183,0
candidate-trace,t08,1,8,reject,jdbc_executeQuery,DocumentAssessmentDeliveryAuthorization.requireLiveReadOwner,512,66087885,0
candidate-trace,t08,1,8,reject,jdbc_executeQuery,DocumentAssessmentDiscovery.lambda$discover$0,128,21988959,0
candidate-trace,t08,1,8,reject,jdbc_executeQuery,DocumentAssessmentReadRows.capture,192,590932680,0
candidate-trace,t08,1,8,reject,jdbc_executeQuery,DocumentAssessmentReconciliation.verifyRetained,256,47595724,0
candidate-trace,t08,1,8,reject,jdbc_executeQuery,DocumentAssessmentRejections.lambda$decide$0,256,40843974,0
candidate-trace,t08,1,8,reject,jdbc_executeQuery,DocumentAssessmentReplayInputs.artifacts,128,49160493,0
candidate-trace,t08,1,8,reject,jdbc_executeQuery,DocumentAssessmentReplayInputs.policy,128,18816601,0
candidate-trace,t08,1,8,reject,jdbc_executeQuery,DocumentAssessmentReplayInputs.read,128,28130194,0
candidate-trace,t08,1,8,reject,jdbc_executeQuery,DocumentAssessmentReplayInputs.roots,128,25471544,0
candidate-trace,t08,1,8,reject,jdbc_executeQuery,DocumentAssessmentRetainedEvidence.verify,64,11143125,0
candidate-trace,t08,1,8,reject,jdbc_executeQuery,DocumentAssessmentRetainedEvidence.verifyArtifacts,64,33587578,0
candidate-trace,t08,1,8,reject,jdbc_executeQuery,DocumentAssessmentRetainedSlots.retainedSelections,64,17173346,0
candidate-trace,t08,1,8,reject,jdbc_executeQuery,DocumentAssessmentRetainedSlots.verify,256,235505104,0
candidate-trace,t08,1,8,reject,jdbc_executeQuery,DocumentAssessmentStartJournal.insertStartedOutcome,64,9665992,0
candidate-trace,t08,1,8,reject,jdbc_executeQuery,DocumentAssessmentStartJournal.lambda$startRetained$2,64,11094898,0
candidate-trace,t08,1,8,reject,jdbc_executeQuery,DocumentAssessmentStartJournal.requireCreation,64,24766165,0
candidate-trace,t08,1,8,reject,jdbc_executeQuery,DocumentCommitParts.bind,128,35687513,0
candidate-trace,t08,1,8,reject,jdbc_executeQuery,DocumentCommitParts.read,64,78211457,0
candidate-trace,t08,1,8,reject,jdbc_executeQuery,DocumentCommitParts.selections,64,12762051,0
candidate-trace,t08,1,8,reject,jdbc_executeQuery,DocumentDriveSnapshot.lock,128,14341107,0
candidate-trace,t08,1,8,reject,jdbc_executeQuery,DocumentKeyReservations.reserveEncoded,64,16790664,0
candidate-trace,t08,1,8,reject,jdbc_executeQuery,DocumentOperationUploadAdmission.lambda$captureReads$0,192,46614589,0
candidate-trace,t08,1,8,reject,jdbc_executeQuery,DocumentOperationUploadAdmission.requireInitialSelections,64,12634540,0
candidate-trace,t08,1,8,reject,jdbc_executeQuery,DocumentOperationUploadAdmission.writeAdmissions,128,20186693,0
candidate-trace,t08,1,8,reject,jdbc_executeQuery,DocumentPartAttemptLedger.lockAll,384,36676519,0
candidate-trace,t08,1,8,reject,jdbc_executeQuery,DocumentPartAttemptLedger.read,128,11868825,0
candidate-trace,t08,1,8,reject,jdbc_executeQuery,DocumentPreparationHistoryRoots.coverage,64,7426130,0
candidate-trace,t08,1,8,reject,jdbc_executeQuery,DocumentPublicationModeValidation.capture,256,29424468,0
candidate-trace,t08,1,8,reject,jdbc_executeQuery,DocumentPublicationModesJournal.readModes,64,11648189,0
candidate-trace,t08,1,8,reject,jdbc_executeQuery,DocumentPublicationPreparationJournal.capture,128,20728912,0
candidate-trace,t08,1,8,reject,jdbc_executeQuery,DocumentPublicationReplay.observe,832,101182504,0
candidate-trace,t08,1,8,reject,jdbc_executeQuery,DocumentRevisionLocks.lock,2304,431022402,0
candidate-trace,t08,1,8,reject,jdbc_executeQuery,DocumentSchemaPolicies.lambda$read$0,64,7812255,0
candidate-trace,t08,1,8,reject,jdbc_executeQuery,DocumentSchemaPolicies.lockCurrent,384,30326182,0
candidate-trace,t08,1,8,reject,jdbc_executeQuery,DocumentSchemaPolicies.select,192,19458934,0
candidate-trace,t08,1,8,reject,jdbc_executeQuery,DocumentSelectedAttemptLedger.lockSelected,64,8681544,0
candidate-trace,t08,1,8,reject,jdbc_executeQuery,DocumentSelectedAttemptLedger.requireOwner,192,43784372,0
candidate-trace,t08,1,8,reject,jdbc_executeQuery,DocumentSelectedAttemptLedger.requireSelections,384,66464058,0
candidate-trace,t08,1,8,reject,jdbc_executeQuery,DocumentUploadAdmissionReplay.hasSelections,64,6457371,0
candidate-trace,t08,1,8,reject,jdbc_executeQuery,ManagedBackendLedger.find,128,12380182,0
candidate-trace,t08,1,8,reject,jdbc_executeQuery,ManagedBackendLedger.requireAll,64,6314648,0
candidate-trace,t08,1,8,reject,jdbc_executeQuery,RepositoryCoordinatorBinding.bindInitial,64,5574427,0
candidate-trace,t08,1,8,reject,jdbc_executeQuery,RepositoryExecutionClaimLedger.live,64,5656978,0
candidate-trace,t08,1,8,reject,jdbc_executeQuery,RepositoryExecutionClaimLedger.lockLive,2048,535985428,0
candidate-trace,t08,1,8,reject,jdbc_executeQuery,RepositoryExecutionClaimLedger.readLocked,384,30367264,0
candidate-trace,t08,1,8,reject,jdbc_executeQuery,RepositoryOperationLedger.fenceLiveOwner,1216,676113348,0
candidate-trace,t08,1,8,reject,jdbc_executeQuery,RepositoryOperationLedger.live,192,24526430,0
candidate-trace,t08,1,8,reject,jdbc_executeQuery,RepositoryOperationLedger.read,64,6559859,0
candidate-trace,t08,1,8,reject,jdbc_executeQuery,RepositoryOperationLedger.readOwner,256,23749694,0
candidate-trace,t08,1,8,reject,jdbc_executeQuery,RepositoryOperationLedger.requireCommand,1216,125959400,0
candidate-trace,t08,1,8,reject,jdbc_executeQuery,RepositorySchemaArtifacts.lambda$stage$3,256,202534557,0
candidate-trace,t08,1,8,reject,jdbc_executeQuery,SqlTimeouts.apply,384,46046389,0
candidate-trace,t08,1,8,reject,jdbc_executeUpdate,DocumentAssessmentCreationWrites.insertOwner,64,50858431,0
candidate-trace,t08,1,8,reject,jdbc_executeUpdate,DocumentAssessmentCreationWrites.lambda$writeRows$1,64,49460932,0
candidate-trace,t08,1,8,reject,jdbc_executeUpdate,DocumentAssessmentCreationWrites.writeRows,448,620362438,0
candidate-trace,t08,1,8,reject,jdbc_executeUpdate,DocumentAssessmentReconciliation.verifyRetained,64,47605125,0
candidate-trace,t08,1,8,reject,jdbc_executeUpdate,DocumentAssessmentRejections.lambda$decide$0,64,44008294,0
candidate-trace,t08,1,8,reject,jdbc_executeUpdate,DocumentAssessmentStartJournal.insertStartedOutcome,64,55503983,0
candidate-trace,t08,1,8,reject,jdbc_executeUpdate,DocumentOperationSelection.insert,64,58766645,0
candidate-trace,t08,1,8,reject,jdbc_executeUpdate,DocumentOperationUploadAdmission.writeAdmissions,128,71995002,0
candidate-trace,t08,1,8,reject,jdbc_executeUpdate,DocumentPartAttemptLedger.insertEncodedRows,64,48383035,0
candidate-trace,t08,1,8,reject,jdbc_executeUpdate,DocumentPreparationCoverageCertificates.insert,64,21439074,0
candidate-trace,t08,1,8,reject,jdbc_executeUpdate,DocumentPreparationHistoryRoots.insert,128,39247935,0
candidate-trace,t08,1,8,reject,jdbc_executeUpdate,DocumentPublicationModesJournal.insert,64,37004991,0
candidate-trace,t08,1,8,reject,jdbc_executeUpdate,DocumentPublicationPreparationJournal.insert,64,45243363,0
candidate-trace,t08,1,8,reject,jdbc_executeUpdate,DocumentSelectedAttemptLedger.renewSelections,192,114621126,0
candidate-trace,t08,1,8,reject,jdbc_executeUpdate,RepositoryCoordinatorBinding.bindInitial,64,20488523,0
candidate-trace,t08,1,8,reject,jdbc_executeUpdate,RepositoryExecutionClaimLedger.acquireInitialChecked,64,20261183,0
candidate-trace,t08,1,8,reject,jdbc_executeUpdate,RepositoryExecutionClaimLedger.renewLive,128,22599350,0
candidate-trace,t08,1,8,reject,jdbc_executeUpdate,RepositoryOperationLedger.admitInTransaction,128,59677908,0
candidate-trace,t08,1,8,reject,jdbc_executeUpdate,RepositoryOperationLedger.renewLive,128,74618070,0
candidate-trace,t08,1,8,reject,sql_acquire,DocumentAssessmentCreation.createInternal,64,313706154,0
candidate-trace,t08,1,8,reject,sql_acquire,DocumentAssessmentCreation.lambda$createInternal$0,64,300298873,0
candidate-trace,t08,1,8,reject,sql_acquire,DocumentAssessmentDeliveryAuthorization.check,256,1038523303,0
candidate-trace,t08,1,8,reject,sql_acquire,DocumentAssessmentDiscovery.discover,64,214119561,0
candidate-trace,t08,1,8,reject,sql_acquire,DocumentAssessmentReconciliation.observeRetained,64,257474070,0
candidate-trace,t08,1,8,reject,sql_acquire,DocumentAssessmentRejections.decide,64,259636322,0
candidate-trace,t08,1,8,reject,sql_acquire,DocumentAssessmentReplayInputs.load,64,228629971,0
candidate-trace,t08,1,8,reject,sql_acquire,DocumentAssessmentStartJournal.startRetained,64,210606938,0
candidate-trace,t08,1,8,reject,sql_acquire,DocumentOperationUploadAdmission.captureReads,128,477497359,0
candidate-trace,t08,1,8,reject,sql_acquire,DocumentOperationUploadAdmission.recheckInitialSelections,64,125048705,0
candidate-trace,t08,1,8,reject,sql_acquire,DocumentOperationUploadAdmission.stage,64,240895606,0
candidate-trace,t08,1,8,reject,sql_acquire,DocumentPublicationModesJournal.loadRetained,128,447848211,0
candidate-trace,t08,1,8,reject,sql_acquire,DocumentPublicationModesJournal.requireObservedModes,128,485257221,0
candidate-trace,t08,1,8,reject,sql_acquire,DocumentPublicationPreparationJournal.load,128,591981428,0
candidate-trace,t08,1,8,reject,sql_acquire,DocumentPublicationRegistration.admitInitialAccepted,64,293082939,0
candidate-trace,t08,1,8,reject,sql_acquire,DocumentPublicationRegistration.preflight,128,483836041,0
candidate-trace,t08,1,8,reject,sql_acquire,DocumentPublicationReplay.observe,256,1145318160,0
candidate-trace,t08,1,8,reject,sql_acquire,DocumentSchemaPolicies.read,64,173907942,0
candidate-trace,t08,1,8,reject,sql_acquire,DocumentSelectedAttemptLedger.renew,64,243917578,0
candidate-trace,t08,1,8,reject,sql_acquire,DocumentSelectedAttemptLedger.renewOwnerAndSelections,128,415004103,0
candidate-trace,t08,1,8,reject,sql_acquire,RepositorySchemaArtifacts.stage,64,253309070,0
candidate-trace,t08,1,8,reject,sql_usage,DocumentAssessmentCreation.createInternal,64,1417000000,0
candidate-trace,t08,1,8,reject,sql_usage,DocumentAssessmentCreation.lambda$createInternal$0,64,327000000,0
candidate-trace,t08,1,8,reject,sql_usage,DocumentAssessmentDeliveryAuthorization.check,256,1366000000,0
candidate-trace,t08,1,8,reject,sql_usage,DocumentAssessmentDiscovery.discover,64,398000000,0
candidate-trace,t08,1,8,reject,sql_usage,DocumentAssessmentReconciliation.observeRetained,64,1446000000,0
candidate-trace,t08,1,8,reject,sql_usage,DocumentAssessmentRejections.decide,64,556000000,0
candidate-trace,t08,1,8,reject,sql_usage,DocumentAssessmentReplayInputs.load,64,199000000,0
candidate-trace,t08,1,8,reject,sql_usage,DocumentAssessmentStartJournal.startRetained,64,344000000,0
candidate-trace,t08,1,8,reject,sql_usage,DocumentOperationUploadAdmission.captureReads,128,778000000,0
candidate-trace,t08,1,8,reject,sql_usage,DocumentOperationUploadAdmission.recheckInitialSelections,64,342000000,0
candidate-trace,t08,1,8,reject,sql_usage,DocumentOperationUploadAdmission.stage,64,686000000,0
candidate-trace,t08,1,8,reject,sql_usage,DocumentPublicationModesJournal.loadRetained,128,456000000,0
candidate-trace,t08,1,8,reject,sql_usage,DocumentPublicationModesJournal.requireObservedModes,128,704000000,0
candidate-trace,t08,1,8,reject,sql_usage,DocumentPublicationPreparationJournal.load,128,520000000,0
candidate-trace,t08,1,8,reject,sql_usage,DocumentPublicationRegistration.admitInitialAccepted,64,697000000,0
candidate-trace,t08,1,8,reject,sql_usage,DocumentPublicationRegistration.preflight,128,16000000,0
candidate-trace,t08,1,8,reject,sql_usage,DocumentPublicationReplay.observe,256,618000000,0
candidate-trace,t08,1,8,reject,sql_usage,DocumentSchemaPolicies.read,64,1000000,0
candidate-trace,t08,1,8,reject,sql_usage,DocumentSelectedAttemptLedger.renew,64,404000000,0
candidate-trace,t08,1,8,reject,sql_usage,DocumentSelectedAttemptLedger.renewOwnerAndSelections,128,926000000,0
candidate-trace,t08,1,8,reject,sql_usage,RepositorySchemaArtifacts.stage,64,517000000,0
candidate-trace,t08,1,8,replay,jdbc_commit,DocumentPublicationReplay.observe,256,1216390355,0
candidate-trace,t08,1,8,replay,jdbc_executeQuery,DocumentPublicationReplay.observe,768,90789642,0
candidate-trace,t08,1,8,replay,jdbc_executeQuery,DocumentPublicationReplay.requireRevisions,192,35206705,0
candidate-trace,t08,1,8,replay,jdbc_executeQuery,DocumentRevisionLocks.lock,512,99588993,0
candidate-trace,t08,1,8,replay,jdbc_executeQuery,RepositoryOperationLedger.requireCommand,256,27552752,0
candidate-trace,t08,1,8,replay,sql_acquire,DocumentPublicationReplay.observe,256,1198558092,0
candidate-trace,t08,1,8,replay,sql_usage,DocumentPublicationReplay.observe,256,1476000000,0
candidate-trace,t08,1,8,unscoped,jdbc_commit,DocumentAssessmentReadProtection.finish,66,360808767,0
candidate-trace,t08,1,8,unscoped,jdbc_commit,DocumentReadPins.finish,256,1375562844,0
candidate-trace,t08,1,8,unscoped,jdbc_commit,DocumentSelectedAttemptLedger.verifyBatch,256,1057452661,0
candidate-trace,t08,1,8,unscoped,jdbc_executeQuery,DocumentAssessmentReadProtection.lambda$finish$0,66,34585439,0
candidate-trace,t08,1,8,unscoped,jdbc_executeQuery,DocumentPartAttemptLedger.read,512,52410846,0
candidate-trace,t08,1,8,unscoped,jdbc_executeQuery,DocumentReadPins.lambda$finish$0,256,273871297,0
candidate-trace,t08,1,8,unscoped,jdbc_executeQuery,DocumentSelectedAttemptLedger.lockSelected,512,68032704,0
candidate-trace,t08,1,8,unscoped,jdbc_executeQuery,DocumentSelectedAttemptLedger.requireOwner,256,52574217,0
candidate-trace,t08,1,8,unscoped,jdbc_executeQuery,RepositoryExecutionClaimLedger.lockLive,256,71200681,0
candidate-trace,t08,1,8,unscoped,jdbc_executeQuery,RepositoryOperationLedger.fenceLiveOwner,256,156562721,0
candidate-trace,t08,1,8,unscoped,jdbc_executeQuery,SqlTimeouts.apply,256,29992557,0
candidate-trace,t08,1,8,unscoped,jdbc_executeUpdate,DocumentSelectedAttemptLedger.verifyBatch,512,320756625,0
candidate-trace,t08,1,8,unscoped,provider_getBounded,DocumentPartTransfer.upload,256,455250275,0
candidate-trace,t08,1,8,unscoped,provider_getBounded,outside_ledger,320,649485297,0
candidate-trace,t08,1,8,unscoped,provider_put,DocumentPartTransfer.upload,256,18161300050,0
candidate-trace,t08,1,8,unscoped,sql_acquire,DocumentAssessmentReadProtection.finish,66,238009689,0
candidate-trace,t08,1,8,unscoped,sql_acquire,DocumentReadPins.finish,256,743050637,0
candidate-trace,t08,1,8,unscoped,sql_acquire,DocumentSelectedAttemptLedger.verifyBatch,256,895188043,0
candidate-trace,t08,1,8,unscoped,sql_usage,DocumentAssessmentReadProtection.finish,66,368000000,0
candidate-trace,t08,1,8,unscoped,sql_usage,DocumentReadPins.finish,256,1547000000,0
candidate-trace,t08,1,8,unscoped,sql_usage,DocumentSelectedAttemptLedger.verifyBatch,256,1774000000,0
candidate-trace,t09,2,4,publish,jdbc_commit,DocumentOperationUploadAdmission.captureReads,384,1684711456,0
candidate-trace,t09,2,4,publish,jdbc_commit,DocumentOperationUploadAdmission.recheckInitialSelections,192,874242085,0
candidate-trace,t09,2,4,publish,jdbc_commit,DocumentOperationUploadAdmission.stage,192,941033919,0
candidate-trace,t09,2,4,publish,jdbc_commit,DocumentPublicationCommit.commitInternal,192,920040886,0
candidate-trace,t09,2,4,publish,jdbc_commit,DocumentPublicationModesJournal.requireObservedModes,192,776199047,0
candidate-trace,t09,2,4,publish,jdbc_commit,DocumentPublicationRegistration.admitInitialAccepted,192,937847474,0
candidate-trace,t09,2,4,publish,jdbc_commit,DocumentPublicationRegistration.preflight,192,19406115,0
candidate-trace,t09,2,4,publish,jdbc_commit,DocumentPublicationReplay.observe,384,33237443,0
candidate-trace,t09,2,4,publish,jdbc_commit,DocumentSchemaPolicies.read,192,19975394,0
candidate-trace,t09,2,4,publish,jdbc_commit,DocumentSelectedAttemptLedger.renew,192,888714666,0
candidate-trace,t09,2,4,publish,jdbc_commit,DocumentSelectedAttemptLedger.renewOwnerAndSelections,384,1737367124,0
candidate-trace,t09,2,4,publish,jdbc_commit,RepositorySchemaArtifacts.stage,192,769591225,0
candidate-trace,t09,2,4,publish,jdbc_executeBatch,DocumentSchemaRetention.flush,576,462098400,0
candidate-trace,t09,2,4,publish,jdbc_executeQuery,DocumentAdmissionSnapshot.prepare,192,52873185,0
candidate-trace,t09,2,4,publish,jdbc_executeQuery,DocumentCommitParts.bind,192,36707555,0
candidate-trace,t09,2,4,publish,jdbc_executeQuery,DocumentCommitParts.read,192,261272514,0
candidate-trace,t09,2,4,publish,jdbc_executeQuery,DocumentCommitParts.selections,192,47084132,0
candidate-trace,t09,2,4,publish,jdbc_executeQuery,DocumentCommitWriter.write,384,42613833,0
candidate-trace,t09,2,4,publish,jdbc_executeQuery,DocumentDriveSnapshot.lock,384,51186328,0
candidate-trace,t09,2,4,publish,jdbc_executeQuery,DocumentKeyReservations.reserveEncoded,192,51031014,0
candidate-trace,t09,2,4,publish,jdbc_executeQuery,DocumentOperationUploadAdmission.lambda$captureReads$0,576,146956515,0
candidate-trace,t09,2,4,publish,jdbc_executeQuery,DocumentOperationUploadAdmission.requireInitialSelections,192,43336470,0
candidate-trace,t09,2,4,publish,jdbc_executeQuery,DocumentOperationUploadAdmission.writeAdmissions,384,63711878,0
candidate-trace,t09,2,4,publish,jdbc_executeQuery,DocumentPartAttemptLedger.lockAll,1152,131462291,0
candidate-trace,t09,2,4,publish,jdbc_executeQuery,DocumentPartAttemptLedger.read,384,42769852,0
candidate-trace,t09,2,4,publish,jdbc_executeQuery,DocumentPreparationHistoryRoots.coverage,192,26501367,0
candidate-trace,t09,2,4,publish,jdbc_executeQuery,DocumentPublicationLocks$IndependentOrigins.requireScope,384,37935617,0
candidate-trace,t09,2,4,publish,jdbc_executeQuery,DocumentPublicationLocks.lockIndependentOrigins,960,118296354,0
candidate-trace,t09,2,4,publish,jdbc_executeQuery,DocumentPublicationLocks.lockIndependentRetention,192,33714419,0
candidate-trace,t09,2,4,publish,jdbc_executeQuery,DocumentPublicationModeBinding.require,192,35685447,0
candidate-trace,t09,2,4,publish,jdbc_executeQuery,DocumentPublicationModeValidation.capture,384,51878094,0
candidate-trace,t09,2,4,publish,jdbc_executeQuery,DocumentPublicationReplay.observe,768,106177452,0
candidate-trace,t09,2,4,publish,jdbc_executeQuery,DocumentRevisionLocks.lock,2304,495692245,0
candidate-trace,t09,2,4,publish,jdbc_executeQuery,DocumentSchemaBatch.lockArtifacts,960,137362184,0
candidate-trace,t09,2,4,publish,jdbc_executeQuery,DocumentSchemaPolicies.lambda$read$0,192,23899301,0
candidate-trace,t09,2,4,publish,jdbc_executeQuery,DocumentSchemaPolicies.lockCurrent,576,55126394,0
candidate-trace,t09,2,4,publish,jdbc_executeQuery,DocumentSchemaPolicies.select,384,46732263,0
candidate-trace,t09,2,4,publish,jdbc_executeQuery,DocumentSchemaRetention.requireFragments,192,45061409,0
candidate-trace,t09,2,4,publish,jdbc_executeQuery,DocumentSchemaRetention.requireRevision,192,25450382,0
candidate-trace,t09,2,4,publish,jdbc_executeQuery,DocumentSchemaRetention.write,192,43074260,0
candidate-trace,t09,2,4,publish,jdbc_executeQuery,DocumentSelectedAttemptLedger.lockSelected,192,30646927,0
candidate-trace,t09,2,4,publish,jdbc_executeQuery,DocumentSelectedAttemptLedger.requireOwner,576,145288460,0
candidate-trace,t09,2,4,publish,jdbc_executeQuery,DocumentSelectedAttemptLedger.requireSelections,1152,222099349,0
candidate-trace,t09,2,4,publish,jdbc_executeQuery,DocumentUploadAdmissionReplay.hasSelections,192,24489382,0
candidate-trace,t09,2,4,publish,jdbc_executeQuery,ManagedBackendLedger.find,384,40341157,0
candidate-trace,t09,2,4,publish,jdbc_executeQuery,RepositoryCoordinatorBinding.bindInitial,192,19619040,0
candidate-trace,t09,2,4,publish,jdbc_executeQuery,RepositoryExecutionClaimLedger.live,192,21351757,0
candidate-trace,t09,2,4,publish,jdbc_executeQuery,RepositoryExecutionClaimLedger.lockLive,3072,855409777,0
candidate-trace,t09,2,4,publish,jdbc_executeQuery,RepositoryExecutionClaimLedger.readLocked,1152,102996416,0
candidate-trace,t09,2,4,publish,jdbc_executeQuery,RepositoryOperationLedger.fenceLiveOwner,1728,1084985740,0
candidate-trace,t09,2,4,publish,jdbc_executeQuery,RepositoryOperationLedger.live,576,90802532,0
candidate-trace,t09,2,4,publish,jdbc_executeQuery,RepositoryOperationLedger.read,192,24399003,0
candidate-trace,t09,2,4,publish,jdbc_executeQuery,RepositoryOperationLedger.readOwner,768,81675673,0
candidate-trace,t09,2,4,publish,jdbc_executeQuery,RepositoryOperationLedger.requireCommand,1728,186124942,0
candidate-trace,t09,2,4,publish,jdbc_executeQuery,RepositorySchemaArtifacts.lambda$stage$3,768,631137414,0
candidate-trace,t09,2,4,publish,jdbc_executeQuery,SqlTimeouts.apply,1152,144846720,0
candidate-trace,t09,2,4,publish,jdbc_executeUpdate,DocumentCommitWriter.write,1344,944847340,0
candidate-trace,t09,2,4,publish,jdbc_executeUpdate,DocumentOperationSelection.insert,192,193875544,0
candidate-trace,t09,2,4,publish,jdbc_executeUpdate,DocumentOperationUploadAdmission.writeAdmissions,384,219508562,0
candidate-trace,t09,2,4,publish,jdbc_executeUpdate,DocumentPartAttemptLedger.insertEncodedRows,192,167880408,0
candidate-trace,t09,2,4,publish,jdbc_executeUpdate,DocumentPreparationCoverageCertificates.insert,192,74331090,0
candidate-trace,t09,2,4,publish,jdbc_executeUpdate,DocumentPreparationHistoryRoots.insert,384,117630910,0
candidate-trace,t09,2,4,publish,jdbc_executeUpdate,DocumentPublicationCommit.lambda$commitInternal$6,576,455577883,0
candidate-trace,t09,2,4,publish,jdbc_executeUpdate,DocumentPublicationModesJournal.insert,192,134171025,0
candidate-trace,t09,2,4,publish,jdbc_executeUpdate,DocumentPublicationPreparationJournal.insert,192,144668366,0
candidate-trace,t09,2,4,publish,jdbc_executeUpdate,DocumentSchemaAdmissionBinding.insert,192,155858790,0
candidate-trace,t09,2,4,publish,jdbc_executeUpdate,DocumentSelectedAttemptLedger.renewSelections,576,371975425,0
candidate-trace,t09,2,4,publish,jdbc_executeUpdate,RepositoryCoordinatorBinding.bindInitial,192,68732858,0
candidate-trace,t09,2,4,publish,jdbc_executeUpdate,RepositoryExecutionClaimLedger.acquireInitialChecked,192,67565565,0
candidate-trace,t09,2,4,publish,jdbc_executeUpdate,RepositoryExecutionClaimLedger.renewLive,384,77828266,0
candidate-trace,t09,2,4,publish,jdbc_executeUpdate,RepositoryOperationLedger.admitInTransaction,384,217702475,0
candidate-trace,t09,2,4,publish,jdbc_executeUpdate,RepositoryOperationLedger.renewLive,384,232414823,0
candidate-trace,t09,2,4,publish,sql_acquire,DocumentOperationUploadAdmission.captureReads,384,1601698013,0
candidate-trace,t09,2,4,publish,sql_acquire,DocumentOperationUploadAdmission.recheckInitialSelections,192,669246154,0
candidate-trace,t09,2,4,publish,sql_acquire,DocumentOperationUploadAdmission.stage,192,855671899,0
candidate-trace,t09,2,4,publish,sql_acquire,DocumentPublicationCommit.commitInternal,192,934742904,0
candidate-trace,t09,2,4,publish,sql_acquire,DocumentPublicationModesJournal.requireObservedModes,192,780219750,0
candidate-trace,t09,2,4,publish,sql_acquire,DocumentPublicationRegistration.admitInitialAccepted,192,680070082,0
candidate-trace,t09,2,4,publish,sql_acquire,DocumentPublicationRegistration.preflight,192,724040474,0
candidate-trace,t09,2,4,publish,sql_acquire,DocumentPublicationReplay.observe,384,1671502924,0
candidate-trace,t09,2,4,publish,sql_acquire,DocumentSchemaPolicies.read,192,780697205,0
candidate-trace,t09,2,4,publish,sql_acquire,DocumentSelectedAttemptLedger.renew,192,565593750,0
candidate-trace,t09,2,4,publish,sql_acquire,DocumentSelectedAttemptLedger.renewOwnerAndSelections,384,1590612664,0
candidate-trace,t09,2,4,publish,sql_acquire,RepositorySchemaArtifacts.stage,192,960252293,0
candidate-trace,t09,2,4,publish,sql_usage,DocumentOperationUploadAdmission.captureReads,384,2453000000,0
candidate-trace,t09,2,4,publish,sql_usage,DocumentOperationUploadAdmission.recheckInitialSelections,192,1113000000,0
candidate-trace,t09,2,4,publish,sql_usage,DocumentOperationUploadAdmission.stage,192,2224000000,0
candidate-trace,t09,2,4,publish,sql_usage,DocumentPublicationCommit.commitInternal,192,5366000000,0
candidate-trace,t09,2,4,publish,sql_usage,DocumentPublicationModesJournal.requireObservedModes,192,1200000000,0
candidate-trace,t09,2,4,publish,sql_usage,DocumentPublicationRegistration.admitInitialAccepted,192,2269000000,0
candidate-trace,t09,2,4,publish,sql_usage,DocumentPublicationRegistration.preflight,192,45000000,0
candidate-trace,t09,2,4,publish,sql_usage,DocumentPublicationReplay.observe,384,4000000,0
candidate-trace,t09,2,4,publish,sql_usage,DocumentSchemaPolicies.read,192,15000000,0
candidate-trace,t09,2,4,publish,sql_usage,DocumentSelectedAttemptLedger.renew,192,1390000000,0
candidate-trace,t09,2,4,publish,sql_usage,DocumentSelectedAttemptLedger.renewOwnerAndSelections,384,3223000000,0
candidate-trace,t09,2,4,publish,sql_usage,RepositorySchemaArtifacts.stage,192,1771000000,0
candidate-trace,t09,2,4,read,jdbc_commit,DocumentHistoricalSchemas.authorize,256,1214274842,0
candidate-trace,t09,2,4,read,jdbc_commit,DocumentHistoricalSchemas.check,256,1050237011,0
candidate-trace,t09,2,4,read,jdbc_commit,DocumentReadLedger$PinnedHistory.authorizeDelivery,768,3468478346,0
candidate-trace,t09,2,4,read,jdbc_commit,DocumentReadLedger.captureHistorical,256,994473204,0
candidate-trace,t09,2,4,read,jdbc_executeQuery,DocumentHistoricalReadRows.capture,512,148329743,0
candidate-trace,t09,2,4,read,jdbc_executeQuery,DocumentHistoricalSchemaRows.artifacts,512,117776158,0
candidate-trace,t09,2,4,read,jdbc_executeQuery,DocumentHistoricalSchemaRows.capture,512,231825634,0
candidate-trace,t09,2,4,read,jdbc_executeQuery,DocumentHistoricalSchemaRows.references,256,32781569,0
candidate-trace,t09,2,4,read,jdbc_executeQuery,DocumentHistoricalSchemaRows.roots,512,53988664,0
candidate-trace,t09,2,4,read,jdbc_executeQuery,DocumentReadLedger.lambda$captureHistorical$0,256,48112238,0
candidate-trace,t09,2,4,read,jdbc_executeQuery,DocumentReadPins.acquireHistorical,512,267889624,0
candidate-trace,t09,2,4,read,jdbc_executeQuery,DocumentRevisionLocks.lock,3072,750723389,0
candidate-trace,t09,2,4,read,jdbc_executeQuery,ManagedBackendLedger.requireAll,256,35442375,0
candidate-trace,t09,2,4,read,jdbc_executeUpdate,DocumentReadPins.acquireHistorical,256,241734739,0
candidate-trace,t09,2,4,read,sql_acquire,DocumentHistoricalSchemas.authorize,256,1315703697,0
candidate-trace,t09,2,4,read,sql_acquire,DocumentHistoricalSchemas.check,256,1329047215,0
candidate-trace,t09,2,4,read,sql_acquire,DocumentReadLedger$PinnedHistory.authorizeDelivery,768,3545833263,0
candidate-trace,t09,2,4,read,sql_acquire,DocumentReadLedger.captureHistorical,256,1331030166,0
candidate-trace,t09,2,4,read,sql_usage,DocumentHistoricalSchemas.authorize,256,1293000000,0
candidate-trace,t09,2,4,read,sql_usage,DocumentHistoricalSchemas.check,256,1638000000,0
candidate-trace,t09,2,4,read,sql_usage,DocumentReadLedger$PinnedHistory.authorizeDelivery,768,3669000000,0
candidate-trace,t09,2,4,read,sql_usage,DocumentReadLedger.captureHistorical,256,2063000000,0
candidate-trace,t09,2,4,reject,jdbc_commit,DocumentAssessmentCreation.createInternal,64,186219066,0
candidate-trace,t09,2,4,reject,jdbc_commit,DocumentAssessmentCreation.lambda$createInternal$0,64,203174307,0
candidate-trace,t09,2,4,reject,jdbc_commit,DocumentAssessmentDeliveryAuthorization.check,256,840404271,0
candidate-trace,t09,2,4,reject,jdbc_commit,DocumentAssessmentDiscovery.discover,64,196452332,0
candidate-trace,t09,2,4,reject,jdbc_commit,DocumentAssessmentReconciliation.observeRetained,64,224079029,0
candidate-trace,t09,2,4,reject,jdbc_commit,DocumentAssessmentRejections.decide,64,182485083,0
candidate-trace,t09,2,4,reject,jdbc_commit,DocumentAssessmentReplayInputs.load,64,7375685,0
candidate-trace,t09,2,4,reject,jdbc_commit,DocumentAssessmentStartJournal.startRetained,64,192675937,0
candidate-trace,t09,2,4,reject,jdbc_commit,DocumentOperationUploadAdmission.captureReads,128,631755792,0
candidate-trace,t09,2,4,reject,jdbc_commit,DocumentOperationUploadAdmission.recheckInitialSelections,64,327572633,0
candidate-trace,t09,2,4,reject,jdbc_commit,DocumentOperationUploadAdmission.stage,64,379546815,0
candidate-trace,t09,2,4,reject,jdbc_commit,DocumentPublicationModesJournal.loadRetained,128,436847970,0
candidate-trace,t09,2,4,reject,jdbc_commit,DocumentPublicationModesJournal.requireObservedModes,128,445958238,0
candidate-trace,t09,2,4,reject,jdbc_commit,DocumentPublicationPreparationJournal.load,128,447491914,0
candidate-trace,t09,2,4,reject,jdbc_commit,DocumentPublicationRegistration.admitInitialAccepted,64,385682399,0
candidate-trace,t09,2,4,reject,jdbc_commit,DocumentPublicationRegistration.preflight,128,12806609,0
candidate-trace,t09,2,4,reject,jdbc_commit,DocumentPublicationReplay.observe,256,402446971,0
candidate-trace,t09,2,4,reject,jdbc_commit,DocumentSchemaPolicies.read,64,6733392,0
candidate-trace,t09,2,4,reject,jdbc_commit,DocumentSelectedAttemptLedger.renew,64,316040490,0
candidate-trace,t09,2,4,reject,jdbc_commit,DocumentSelectedAttemptLedger.renewOwnerAndSelections,128,513192748,0
candidate-trace,t09,2,4,reject,jdbc_commit,RepositorySchemaArtifacts.stage,64,212779556,0
candidate-trace,t09,2,4,reject,jdbc_executeBatch,DocumentAssessmentCreationWrites.lambda$writeRows$0,64,39002068,0
candidate-trace,t09,2,4,reject,jdbc_executeQuery,DocumentAssessmentDeliveryAuthorization.lambda$check$0,1280,157711862,0
candidate-trace,t09,2,4,reject,jdbc_executeQuery,DocumentAssessmentDeliveryAuthorization.requireLiveReadOwner,512,86810636,0
candidate-trace,t09,2,4,reject,jdbc_executeQuery,DocumentAssessmentDiscovery.lambda$discover$0,128,22931045,0
candidate-trace,t09,2,4,reject,jdbc_executeQuery,DocumentAssessmentReadRows.capture,192,661776492,0
candidate-trace,t09,2,4,reject,jdbc_executeQuery,DocumentAssessmentReconciliation.verifyRetained,256,54648346,0
candidate-trace,t09,2,4,reject,jdbc_executeQuery,DocumentAssessmentRejections.lambda$decide$0,256,51113819,0
candidate-trace,t09,2,4,reject,jdbc_executeQuery,DocumentAssessmentReplayInputs.artifacts,128,54706698,0
candidate-trace,t09,2,4,reject,jdbc_executeQuery,DocumentAssessmentReplayInputs.policy,128,19885171,0
candidate-trace,t09,2,4,reject,jdbc_executeQuery,DocumentAssessmentReplayInputs.read,128,29182368,0
candidate-trace,t09,2,4,reject,jdbc_executeQuery,DocumentAssessmentReplayInputs.roots,128,25012572,0
candidate-trace,t09,2,4,reject,jdbc_executeQuery,DocumentAssessmentRetainedEvidence.verify,64,11279289,0
candidate-trace,t09,2,4,reject,jdbc_executeQuery,DocumentAssessmentRetainedEvidence.verifyArtifacts,64,29113487,0
candidate-trace,t09,2,4,reject,jdbc_executeQuery,DocumentAssessmentRetainedSlots.retainedSelections,64,19588177,0
candidate-trace,t09,2,4,reject,jdbc_executeQuery,DocumentAssessmentRetainedSlots.verify,256,256264315,0
candidate-trace,t09,2,4,reject,jdbc_executeQuery,DocumentAssessmentStartJournal.insertStartedOutcome,64,10566205,0
candidate-trace,t09,2,4,reject,jdbc_executeQuery,DocumentAssessmentStartJournal.lambda$startRetained$2,64,10737789,0
candidate-trace,t09,2,4,reject,jdbc_executeQuery,DocumentAssessmentStartJournal.requireCreation,64,24766556,0
candidate-trace,t09,2,4,reject,jdbc_executeQuery,DocumentCommitParts.bind,128,39173924,0
candidate-trace,t09,2,4,reject,jdbc_executeQuery,DocumentCommitParts.read,64,79915317,0
candidate-trace,t09,2,4,reject,jdbc_executeQuery,DocumentCommitParts.selections,64,14902283,0
candidate-trace,t09,2,4,reject,jdbc_executeQuery,DocumentDriveSnapshot.lock,128,15829534,0
candidate-trace,t09,2,4,reject,jdbc_executeQuery,DocumentKeyReservations.reserveEncoded,64,16166313,0
candidate-trace,t09,2,4,reject,jdbc_executeQuery,DocumentOperationUploadAdmission.lambda$captureReads$0,192,46532942,0
candidate-trace,t09,2,4,reject,jdbc_executeQuery,DocumentOperationUploadAdmission.requireInitialSelections,64,13616723,0
candidate-trace,t09,2,4,reject,jdbc_executeQuery,DocumentOperationUploadAdmission.writeAdmissions,128,21246377,0
candidate-trace,t09,2,4,reject,jdbc_executeQuery,DocumentPartAttemptLedger.lockAll,384,45031245,0
candidate-trace,t09,2,4,reject,jdbc_executeQuery,DocumentPartAttemptLedger.read,128,11997141,0
candidate-trace,t09,2,4,reject,jdbc_executeQuery,DocumentPreparationHistoryRoots.coverage,64,7479762,0
candidate-trace,t09,2,4,reject,jdbc_executeQuery,DocumentPublicationModeValidation.capture,256,32736507,0
candidate-trace,t09,2,4,reject,jdbc_executeQuery,DocumentPublicationModesJournal.readModes,64,11424322,0
candidate-trace,t09,2,4,reject,jdbc_executeQuery,DocumentPublicationPreparationJournal.capture,128,22240004,0
candidate-trace,t09,2,4,reject,jdbc_executeQuery,DocumentPublicationReplay.observe,832,99532196,0
candidate-trace,t09,2,4,reject,jdbc_executeQuery,DocumentRevisionLocks.lock,2304,465153347,0
candidate-trace,t09,2,4,reject,jdbc_executeQuery,DocumentSchemaPolicies.lambda$read$0,64,8530014,0
candidate-trace,t09,2,4,reject,jdbc_executeQuery,DocumentSchemaPolicies.lockCurrent,384,33793887,0
candidate-trace,t09,2,4,reject,jdbc_executeQuery,DocumentSchemaPolicies.select,192,20417746,0
candidate-trace,t09,2,4,reject,jdbc_executeQuery,DocumentSelectedAttemptLedger.lockSelected,64,9462076,0
candidate-trace,t09,2,4,reject,jdbc_executeQuery,DocumentSelectedAttemptLedger.requireOwner,192,53879070,0
candidate-trace,t09,2,4,reject,jdbc_executeQuery,DocumentSelectedAttemptLedger.requireSelections,384,73195758,0
candidate-trace,t09,2,4,reject,jdbc_executeQuery,DocumentUploadAdmissionReplay.hasSelections,64,6818652,0
candidate-trace,t09,2,4,reject,jdbc_executeQuery,ManagedBackendLedger.find,128,13602647,0
candidate-trace,t09,2,4,reject,jdbc_executeQuery,ManagedBackendLedger.requireAll,64,6506010,0
candidate-trace,t09,2,4,reject,jdbc_executeQuery,RepositoryCoordinatorBinding.bindInitial,64,6330922,0
candidate-trace,t09,2,4,reject,jdbc_executeQuery,RepositoryExecutionClaimLedger.live,64,6173566,0
candidate-trace,t09,2,4,reject,jdbc_executeQuery,RepositoryExecutionClaimLedger.lockLive,2048,580407902,0
candidate-trace,t09,2,4,reject,jdbc_executeQuery,RepositoryExecutionClaimLedger.readLocked,384,32311932,0
candidate-trace,t09,2,4,reject,jdbc_executeQuery,RepositoryOperationLedger.fenceLiveOwner,1216,718143902,0
candidate-trace,t09,2,4,reject,jdbc_executeQuery,RepositoryOperationLedger.live,192,25615166,0
candidate-trace,t09,2,4,reject,jdbc_executeQuery,RepositoryOperationLedger.read,64,11521243,0
candidate-trace,t09,2,4,reject,jdbc_executeQuery,RepositoryOperationLedger.readOwner,256,25816792,0
candidate-trace,t09,2,4,reject,jdbc_executeQuery,RepositoryOperationLedger.requireCommand,1216,138563127,0
candidate-trace,t09,2,4,reject,jdbc_executeQuery,RepositorySchemaArtifacts.lambda$stage$3,256,259903104,0
candidate-trace,t09,2,4,reject,jdbc_executeQuery,SqlTimeouts.apply,384,48764948,0
candidate-trace,t09,2,4,reject,jdbc_executeUpdate,DocumentAssessmentCreationWrites.insertOwner,64,55135320,0
candidate-trace,t09,2,4,reject,jdbc_executeUpdate,DocumentAssessmentCreationWrites.lambda$writeRows$1,64,52171463,0
candidate-trace,t09,2,4,reject,jdbc_executeUpdate,DocumentAssessmentCreationWrites.writeRows,448,655139951,0
candidate-trace,t09,2,4,reject,jdbc_executeUpdate,DocumentAssessmentReconciliation.verifyRetained,64,45600529,0
candidate-trace,t09,2,4,reject,jdbc_executeUpdate,DocumentAssessmentRejections.lambda$decide$0,64,45267212,0
candidate-trace,t09,2,4,reject,jdbc_executeUpdate,DocumentAssessmentStartJournal.insertStartedOutcome,64,58738079,0
candidate-trace,t09,2,4,reject,jdbc_executeUpdate,DocumentOperationSelection.insert,64,61758290,0
candidate-trace,t09,2,4,reject,jdbc_executeUpdate,DocumentOperationUploadAdmission.writeAdmissions,128,67206437,0
candidate-trace,t09,2,4,reject,jdbc_executeUpdate,DocumentPartAttemptLedger.insertEncodedRows,64,50001472,0
candidate-trace,t09,2,4,reject,jdbc_executeUpdate,DocumentPreparationCoverageCertificates.insert,64,23037174,0
candidate-trace,t09,2,4,reject,jdbc_executeUpdate,DocumentPreparationHistoryRoots.insert,128,37500436,0
candidate-trace,t09,2,4,reject,jdbc_executeUpdate,DocumentPublicationModesJournal.insert,64,38979812,0
candidate-trace,t09,2,4,reject,jdbc_executeUpdate,DocumentPublicationPreparationJournal.insert,64,46300183,0
candidate-trace,t09,2,4,reject,jdbc_executeUpdate,DocumentSelectedAttemptLedger.renewSelections,192,120129099,0
candidate-trace,t09,2,4,reject,jdbc_executeUpdate,RepositoryCoordinatorBinding.bindInitial,64,21598161,0
candidate-trace,t09,2,4,reject,jdbc_executeUpdate,RepositoryExecutionClaimLedger.acquireInitialChecked,64,23116761,0
candidate-trace,t09,2,4,reject,jdbc_executeUpdate,RepositoryExecutionClaimLedger.renewLive,128,26921924,0
candidate-trace,t09,2,4,reject,jdbc_executeUpdate,RepositoryOperationLedger.admitInTransaction,128,65966096,0
candidate-trace,t09,2,4,reject,jdbc_executeUpdate,RepositoryOperationLedger.renewLive,128,77597910,0
candidate-trace,t09,2,4,reject,sql_acquire,DocumentAssessmentCreation.createInternal,64,318325197,0
candidate-trace,t09,2,4,reject,sql_acquire,DocumentAssessmentCreation.lambda$createInternal$0,64,273531259,0
candidate-trace,t09,2,4,reject,sql_acquire,DocumentAssessmentDeliveryAuthorization.check,256,984265046,0
candidate-trace,t09,2,4,reject,sql_acquire,DocumentAssessmentDiscovery.discover,64,268074330,0
candidate-trace,t09,2,4,reject,sql_acquire,DocumentAssessmentReconciliation.observeRetained,64,241918017,0
candidate-trace,t09,2,4,reject,sql_acquire,DocumentAssessmentRejections.decide,64,286017747,0
candidate-trace,t09,2,4,reject,sql_acquire,DocumentAssessmentReplayInputs.load,64,248742347,0
candidate-trace,t09,2,4,reject,sql_acquire,DocumentAssessmentStartJournal.startRetained,64,248755845,0
candidate-trace,t09,2,4,reject,sql_acquire,DocumentOperationUploadAdmission.captureReads,128,489495318,0
candidate-trace,t09,2,4,reject,sql_acquire,DocumentOperationUploadAdmission.recheckInitialSelections,64,234351535,0
candidate-trace,t09,2,4,reject,sql_acquire,DocumentOperationUploadAdmission.stage,64,215716595,0
candidate-trace,t09,2,4,reject,sql_acquire,DocumentPublicationModesJournal.loadRetained,128,490578939,0
candidate-trace,t09,2,4,reject,sql_acquire,DocumentPublicationModesJournal.requireObservedModes,128,526571413,0
candidate-trace,t09,2,4,reject,sql_acquire,DocumentPublicationPreparationJournal.load,128,564156646,0
candidate-trace,t09,2,4,reject,sql_acquire,DocumentPublicationRegistration.admitInitialAccepted,64,285199025,0
candidate-trace,t09,2,4,reject,sql_acquire,DocumentPublicationRegistration.preflight,128,625330680,0
candidate-trace,t09,2,4,reject,sql_acquire,DocumentPublicationReplay.observe,256,1389570062,0
candidate-trace,t09,2,4,reject,sql_acquire,DocumentSchemaPolicies.read,64,209608739,0
candidate-trace,t09,2,4,reject,sql_acquire,DocumentSelectedAttemptLedger.renew,64,194238048,0
candidate-trace,t09,2,4,reject,sql_acquire,DocumentSelectedAttemptLedger.renewOwnerAndSelections,128,488474586,0
candidate-trace,t09,2,4,reject,sql_acquire,RepositorySchemaArtifacts.stage,64,222318538,0
candidate-trace,t09,2,4,reject,sql_usage,DocumentAssessmentCreation.createInternal,64,1497000000,0
candidate-trace,t09,2,4,reject,sql_usage,DocumentAssessmentCreation.lambda$createInternal$0,64,305000000,0
candidate-trace,t09,2,4,reject,sql_usage,DocumentAssessmentDeliveryAuthorization.check,256,1231000000,0
candidate-trace,t09,2,4,reject,sql_usage,DocumentAssessmentDiscovery.discover,64,374000000,0
candidate-trace,t09,2,4,reject,sql_usage,DocumentAssessmentReconciliation.observeRetained,64,1538000000,0
candidate-trace,t09,2,4,reject,sql_usage,DocumentAssessmentRejections.decide,64,548000000,0
candidate-trace,t09,2,4,reject,sql_usage,DocumentAssessmentReplayInputs.load,64,232000000,0
candidate-trace,t09,2,4,reject,sql_usage,DocumentAssessmentStartJournal.startRetained,64,350000000,0
candidate-trace,t09,2,4,reject,sql_usage,DocumentOperationUploadAdmission.captureReads,128,871000000,0
candidate-trace,t09,2,4,reject,sql_usage,DocumentOperationUploadAdmission.recheckInitialSelections,64,405000000,0
candidate-trace,t09,2,4,reject,sql_usage,DocumentOperationUploadAdmission.stage,64,791000000,0
candidate-trace,t09,2,4,reject,sql_usage,DocumentPublicationModesJournal.loadRetained,128,445000000,0
candidate-trace,t09,2,4,reject,sql_usage,DocumentPublicationModesJournal.requireObservedModes,128,709000000,0
candidate-trace,t09,2,4,reject,sql_usage,DocumentPublicationPreparationJournal.load,128,465000000,0
candidate-trace,t09,2,4,reject,sql_usage,DocumentPublicationRegistration.admitInitialAccepted,64,841000000,0
candidate-trace,t09,2,4,reject,sql_usage,DocumentPublicationRegistration.preflight,128,39000000,0
candidate-trace,t09,2,4,reject,sql_usage,DocumentPublicationReplay.observe,256,493000000,0
candidate-trace,t09,2,4,reject,sql_usage,DocumentSchemaPolicies.read,64,2000000,0
candidate-trace,t09,2,4,reject,sql_usage,DocumentSelectedAttemptLedger.renew,64,504000000,0
candidate-trace,t09,2,4,reject,sql_usage,DocumentSelectedAttemptLedger.renewOwnerAndSelections,128,983000000,0
candidate-trace,t09,2,4,reject,sql_usage,RepositorySchemaArtifacts.stage,64,599000000,0
candidate-trace,t09,2,4,replay,jdbc_commit,DocumentPublicationReplay.observe,256,1152940869,0
candidate-trace,t09,2,4,replay,jdbc_executeQuery,DocumentPublicationReplay.observe,768,101149259,0
candidate-trace,t09,2,4,replay,jdbc_executeQuery,DocumentPublicationReplay.requireRevisions,192,39932642,0
candidate-trace,t09,2,4,replay,jdbc_executeQuery,DocumentRevisionLocks.lock,512,105446026,0
candidate-trace,t09,2,4,replay,jdbc_executeQuery,RepositoryOperationLedger.requireCommand,256,30380288,0
candidate-trace,t09,2,4,replay,sql_acquire,DocumentPublicationReplay.observe,256,1396549921,0
candidate-trace,t09,2,4,replay,sql_usage,DocumentPublicationReplay.observe,256,1489000000,0
candidate-trace,t09,2,4,unscoped,jdbc_commit,DocumentAssessmentReadProtection.finish,61,215461103,0
candidate-trace,t09,2,4,unscoped,jdbc_commit,DocumentReadPins.finish,256,1348515669,0
candidate-trace,t09,2,4,unscoped,jdbc_commit,DocumentSelectedAttemptLedger.verifyBatch,256,1222195011,0
candidate-trace,t09,2,4,unscoped,jdbc_executeQuery,DocumentAssessmentReadProtection.lambda$finish$0,60,32067389,0
candidate-trace,t09,2,4,unscoped,jdbc_executeQuery,DocumentPartAttemptLedger.read,512,60261163,0
candidate-trace,t09,2,4,unscoped,jdbc_executeQuery,DocumentReadPins.lambda$finish$0,256,284375592,0
candidate-trace,t09,2,4,unscoped,jdbc_executeQuery,DocumentSelectedAttemptLedger.lockSelected,512,81835964,0
candidate-trace,t09,2,4,unscoped,jdbc_executeQuery,DocumentSelectedAttemptLedger.requireOwner,256,59872516,0
candidate-trace,t09,2,4,unscoped,jdbc_executeQuery,RepositoryExecutionClaimLedger.lockLive,256,73049948,0
candidate-trace,t09,2,4,unscoped,jdbc_executeQuery,RepositoryOperationLedger.fenceLiveOwner,256,180782270,0
candidate-trace,t09,2,4,unscoped,jdbc_executeQuery,SqlTimeouts.apply,256,33885729,0
candidate-trace,t09,2,4,unscoped,jdbc_executeUpdate,DocumentSelectedAttemptLedger.verifyBatch,512,368727769,0
candidate-trace,t09,2,4,unscoped,provider_getBounded,DocumentPartTransfer.upload,256,631898077,0
candidate-trace,t09,2,4,unscoped,provider_getBounded,outside_ledger,320,899320678,0
candidate-trace,t09,2,4,unscoped,provider_put,DocumentPartTransfer.upload,256,18481478380,0
candidate-trace,t09,2,4,unscoped,sql_acquire,DocumentAssessmentReadProtection.finish,60,276122635,0
candidate-trace,t09,2,4,unscoped,sql_acquire,DocumentReadPins.finish,256,1178737739,0
candidate-trace,t09,2,4,unscoped,sql_acquire,DocumentSelectedAttemptLedger.verifyBatch,256,817778718,0
candidate-trace,t09,2,4,unscoped,sql_usage,DocumentAssessmentReadProtection.finish,61,227000000,0
candidate-trace,t09,2,4,unscoped,sql_usage,DocumentReadPins.finish,256,1546000000,0
candidate-trace,t09,2,4,unscoped,sql_usage,DocumentSelectedAttemptLedger.verifyBatch,256,2087000000,0
candidate-trace,t10,4,8,publish,jdbc_commit,DocumentOperationUploadAdmission.captureReads,384,1757458936,0
candidate-trace,t10,4,8,publish,jdbc_commit,DocumentOperationUploadAdmission.recheckInitialSelections,192,916055475,0
candidate-trace,t10,4,8,publish,jdbc_commit,DocumentOperationUploadAdmission.stage,192,971911987,0
candidate-trace,t10,4,8,publish,jdbc_commit,DocumentPublicationCommit.commitInternal,192,938849405,0
candidate-trace,t10,4,8,publish,jdbc_commit,DocumentPublicationModesJournal.requireObservedModes,192,809863470,0
candidate-trace,t10,4,8,publish,jdbc_commit,DocumentPublicationRegistration.admitInitialAccepted,192,942063157,0
candidate-trace,t10,4,8,publish,jdbc_commit,DocumentPublicationRegistration.preflight,192,40822355,0
candidate-trace,t10,4,8,publish,jdbc_commit,DocumentPublicationReplay.observe,384,73084226,0
candidate-trace,t10,4,8,publish,jdbc_commit,DocumentSchemaPolicies.read,192,37736349,0
candidate-trace,t10,4,8,publish,jdbc_commit,DocumentSelectedAttemptLedger.renew,192,877819304,0
candidate-trace,t10,4,8,publish,jdbc_commit,DocumentSelectedAttemptLedger.renewOwnerAndSelections,384,1746820786,0
candidate-trace,t10,4,8,publish,jdbc_commit,RepositorySchemaArtifacts.stage,192,813995615,0
candidate-trace,t10,4,8,publish,jdbc_executeBatch,DocumentSchemaRetention.flush,576,653190381,0
candidate-trace,t10,4,8,publish,jdbc_executeQuery,DocumentAdmissionSnapshot.prepare,192,99979492,0
candidate-trace,t10,4,8,publish,jdbc_executeQuery,DocumentCommitParts.bind,192,57605889,0
candidate-trace,t10,4,8,publish,jdbc_executeQuery,DocumentCommitParts.read,192,326750637,0
candidate-trace,t10,4,8,publish,jdbc_executeQuery,DocumentCommitParts.selections,192,104841953,0
candidate-trace,t10,4,8,publish,jdbc_executeQuery,DocumentCommitWriter.write,384,74383281,0
candidate-trace,t10,4,8,publish,jdbc_executeQuery,DocumentDriveSnapshot.lock,384,88816256,0
candidate-trace,t10,4,8,publish,jdbc_executeQuery,DocumentKeyReservations.reserveEncoded,192,74191356,0
candidate-trace,t10,4,8,publish,jdbc_executeQuery,DocumentOperationUploadAdmission.lambda$captureReads$0,576,205899909,0
candidate-trace,t10,4,8,publish,jdbc_executeQuery,DocumentOperationUploadAdmission.requireInitialSelections,192,81303778,0
candidate-trace,t10,4,8,publish,jdbc_executeQuery,DocumentOperationUploadAdmission.writeAdmissions,384,91856601,0
candidate-trace,t10,4,8,publish,jdbc_executeQuery,DocumentPartAttemptLedger.lockAll,1152,185164670,0
candidate-trace,t10,4,8,publish,jdbc_executeQuery,DocumentPartAttemptLedger.read,384,64583982,0
candidate-trace,t10,4,8,publish,jdbc_executeQuery,DocumentPreparationHistoryRoots.coverage,192,59268499,0
candidate-trace,t10,4,8,publish,jdbc_executeQuery,DocumentPublicationLocks$IndependentOrigins.requireScope,384,62323799,0
candidate-trace,t10,4,8,publish,jdbc_executeQuery,DocumentPublicationLocks.lockIndependentOrigins,960,213620702,0
candidate-trace,t10,4,8,publish,jdbc_executeQuery,DocumentPublicationLocks.lockIndependentRetention,192,56267377,0
candidate-trace,t10,4,8,publish,jdbc_executeQuery,DocumentPublicationModeBinding.require,192,75527237,0
candidate-trace,t10,4,8,publish,jdbc_executeQuery,DocumentPublicationModeValidation.capture,384,92172294,0
candidate-trace,t10,4,8,publish,jdbc_executeQuery,DocumentPublicationReplay.observe,768,208096496,0
candidate-trace,t10,4,8,publish,jdbc_executeQuery,DocumentRevisionLocks.lock,2304,713449485,0
candidate-trace,t10,4,8,publish,jdbc_executeQuery,DocumentSchemaBatch.lockArtifacts,960,229352930,0
candidate-trace,t10,4,8,publish,jdbc_executeQuery,DocumentSchemaPolicies.lambda$read$0,192,37762274,0
candidate-trace,t10,4,8,publish,jdbc_executeQuery,DocumentSchemaPolicies.lockCurrent,576,99708376,0
candidate-trace,t10,4,8,publish,jdbc_executeQuery,DocumentSchemaPolicies.select,384,74574418,0
candidate-trace,t10,4,8,publish,jdbc_executeQuery,DocumentSchemaRetention.requireFragments,192,117186301,0
candidate-trace,t10,4,8,publish,jdbc_executeQuery,DocumentSchemaRetention.requireRevision,192,55409800,0
candidate-trace,t10,4,8,publish,jdbc_executeQuery,DocumentSchemaRetention.write,192,66024003,0
candidate-trace,t10,4,8,publish,jdbc_executeQuery,DocumentSelectedAttemptLedger.lockSelected,192,53741956,0
candidate-trace,t10,4,8,publish,jdbc_executeQuery,DocumentSelectedAttemptLedger.requireOwner,576,189506473,0
candidate-trace,t10,4,8,publish,jdbc_executeQuery,DocumentSelectedAttemptLedger.requireSelections,1152,302696855,0
candidate-trace,t10,4,8,publish,jdbc_executeQuery,DocumentUploadAdmissionReplay.hasSelections,192,42887571,0
candidate-trace,t10,4,8,publish,jdbc_executeQuery,ManagedBackendLedger.find,384,71368619,0
candidate-trace,t10,4,8,publish,jdbc_executeQuery,RepositoryCoordinatorBinding.bindInitial,192,47749157,0
candidate-trace,t10,4,8,publish,jdbc_executeQuery,RepositoryExecutionClaimLedger.live,192,45799314,0
candidate-trace,t10,4,8,publish,jdbc_executeQuery,RepositoryExecutionClaimLedger.lockLive,3072,1218734926,0
candidate-trace,t10,4,8,publish,jdbc_executeQuery,RepositoryExecutionClaimLedger.readLocked,1152,178415644,0
candidate-trace,t10,4,8,publish,jdbc_executeQuery,RepositoryOperationLedger.fenceLiveOwner,1728,1354753312,0
candidate-trace,t10,4,8,publish,jdbc_executeQuery,RepositoryOperationLedger.live,576,128754985,0
candidate-trace,t10,4,8,publish,jdbc_executeQuery,RepositoryOperationLedger.read,192,51390286,0
candidate-trace,t10,4,8,publish,jdbc_executeQuery,RepositoryOperationLedger.readOwner,768,125193856,0
candidate-trace,t10,4,8,publish,jdbc_executeQuery,RepositoryOperationLedger.requireCommand,1728,302005365,0
candidate-trace,t10,4,8,publish,jdbc_executeQuery,RepositorySchemaArtifacts.lambda$stage$3,768,871397810,0
candidate-trace,t10,4,8,publish,jdbc_executeQuery,SqlTimeouts.apply,1152,200856517,0
candidate-trace,t10,4,8,publish,jdbc_executeUpdate,DocumentCommitWriter.write,1344,1294126535,0
candidate-trace,t10,4,8,publish,jdbc_executeUpdate,DocumentOperationSelection.insert,192,268148579,0
candidate-trace,t10,4,8,publish,jdbc_executeUpdate,DocumentOperationUploadAdmission.writeAdmissions,384,317619019,0
candidate-trace,t10,4,8,publish,jdbc_executeUpdate,DocumentPartAttemptLedger.insertEncodedRows,192,212670791,0
candidate-trace,t10,4,8,publish,jdbc_executeUpdate,DocumentPreparationCoverageCertificates.insert,192,134209798,0
candidate-trace,t10,4,8,publish,jdbc_executeUpdate,DocumentPreparationHistoryRoots.insert,384,196447460,0
candidate-trace,t10,4,8,publish,jdbc_executeUpdate,DocumentPublicationCommit.lambda$commitInternal$6,576,760324504,0
candidate-trace,t10,4,8,publish,jdbc_executeUpdate,DocumentPublicationModesJournal.insert,192,194941227,0
candidate-trace,t10,4,8,publish,jdbc_executeUpdate,DocumentPublicationPreparationJournal.insert,192,228368310,0
candidate-trace,t10,4,8,publish,jdbc_executeUpdate,DocumentSchemaAdmissionBinding.insert,192,223182022,0
candidate-trace,t10,4,8,publish,jdbc_executeUpdate,DocumentSelectedAttemptLedger.renewSelections,576,436944930,0
candidate-trace,t10,4,8,publish,jdbc_executeUpdate,RepositoryCoordinatorBinding.bindInitial,192,114893433,0
candidate-trace,t10,4,8,publish,jdbc_executeUpdate,RepositoryExecutionClaimLedger.acquireInitialChecked,192,108615784,0
candidate-trace,t10,4,8,publish,jdbc_executeUpdate,RepositoryExecutionClaimLedger.renewLive,384,108250602,0
candidate-trace,t10,4,8,publish,jdbc_executeUpdate,RepositoryOperationLedger.admitInTransaction,384,301217688,0
candidate-trace,t10,4,8,publish,jdbc_executeUpdate,RepositoryOperationLedger.renewLive,384,294164077,0
candidate-trace,t10,4,8,publish,sql_acquire,DocumentOperationUploadAdmission.captureReads,384,1213623,0
candidate-trace,t10,4,8,publish,sql_acquire,DocumentOperationUploadAdmission.recheckInitialSelections,192,613498,0
candidate-trace,t10,4,8,publish,sql_acquire,DocumentOperationUploadAdmission.stage,192,511375,0
candidate-trace,t10,4,8,publish,sql_acquire,DocumentPublicationCommit.commitInternal,192,624650,0
candidate-trace,t10,4,8,publish,sql_acquire,DocumentPublicationModesJournal.requireObservedModes,192,676412,0
candidate-trace,t10,4,8,publish,sql_acquire,DocumentPublicationRegistration.admitInitialAccepted,192,399143,0
candidate-trace,t10,4,8,publish,sql_acquire,DocumentPublicationRegistration.preflight,192,380651,0
candidate-trace,t10,4,8,publish,sql_acquire,DocumentPublicationReplay.observe,384,1501113,0
candidate-trace,t10,4,8,publish,sql_acquire,DocumentSchemaPolicies.read,192,569029,0
candidate-trace,t10,4,8,publish,sql_acquire,DocumentSelectedAttemptLedger.renew,192,811582,0
candidate-trace,t10,4,8,publish,sql_acquire,DocumentSelectedAttemptLedger.renewOwnerAndSelections,384,1116354,0
candidate-trace,t10,4,8,publish,sql_acquire,RepositorySchemaArtifacts.stage,192,742967,0
candidate-trace,t10,4,8,publish,sql_usage,DocumentOperationUploadAdmission.captureReads,384,2911000000,0
candidate-trace,t10,4,8,publish,sql_usage,DocumentOperationUploadAdmission.recheckInitialSelections,192,1268000000,0
candidate-trace,t10,4,8,publish,sql_usage,DocumentOperationUploadAdmission.stage,192,2858000000,0
candidate-trace,t10,4,8,publish,sql_usage,DocumentPublicationCommit.commitInternal,192,7935000000,0
candidate-trace,t10,4,8,publish,sql_usage,DocumentPublicationModesJournal.requireObservedModes,192,1465000000,0
candidate-trace,t10,4,8,publish,sql_usage,DocumentPublicationRegistration.admitInitialAccepted,192,3236000000,0
candidate-trace,t10,4,8,publish,sql_usage,DocumentPublicationRegistration.preflight,192,203000000,0
candidate-trace,t10,4,8,publish,sql_usage,DocumentPublicationReplay.observe,384,167000000,0
candidate-trace,t10,4,8,publish,sql_usage,DocumentSchemaPolicies.read,192,125000000,0
candidate-trace,t10,4,8,publish,sql_usage,DocumentSelectedAttemptLedger.renew,192,1545000000,0
candidate-trace,t10,4,8,publish,sql_usage,DocumentSelectedAttemptLedger.renewOwnerAndSelections,384,3899000000,0
candidate-trace,t10,4,8,publish,sql_usage,RepositorySchemaArtifacts.stage,192,2297000000,0
candidate-trace,t10,4,8,read,jdbc_commit,DocumentHistoricalSchemas.authorize,256,1126632469,0
candidate-trace,t10,4,8,read,jdbc_commit,DocumentHistoricalSchemas.check,256,1073373990,0
candidate-trace,t10,4,8,read,jdbc_commit,DocumentReadLedger$PinnedHistory.authorizeDelivery,768,3375283800,0
candidate-trace,t10,4,8,read,jdbc_commit,DocumentReadLedger.captureHistorical,256,1103288899,0
candidate-trace,t10,4,8,read,jdbc_executeQuery,DocumentHistoricalReadRows.capture,512,368428991,0
candidate-trace,t10,4,8,read,jdbc_executeQuery,DocumentHistoricalSchemaRows.artifacts,512,193521343,0
candidate-trace,t10,4,8,read,jdbc_executeQuery,DocumentHistoricalSchemaRows.capture,512,404880447,0
candidate-trace,t10,4,8,read,jdbc_executeQuery,DocumentHistoricalSchemaRows.references,256,58372378,0
candidate-trace,t10,4,8,read,jdbc_executeQuery,DocumentHistoricalSchemaRows.roots,512,99564037,0
candidate-trace,t10,4,8,read,jdbc_executeQuery,DocumentReadLedger.lambda$captureHistorical$0,256,76102830,0
candidate-trace,t10,4,8,read,jdbc_executeQuery,DocumentReadPins.acquireHistorical,512,392882594,0
candidate-trace,t10,4,8,read,jdbc_executeQuery,DocumentRevisionLocks.lock,3072,1071370713,0
candidate-trace,t10,4,8,read,jdbc_executeQuery,ManagedBackendLedger.requireAll,256,60215201,0
candidate-trace,t10,4,8,read,jdbc_executeUpdate,DocumentReadPins.acquireHistorical,256,368095729,0
candidate-trace,t10,4,8,read,sql_acquire,DocumentHistoricalSchemas.authorize,256,990964,0
candidate-trace,t10,4,8,read,sql_acquire,DocumentHistoricalSchemas.check,256,775756,0
candidate-trace,t10,4,8,read,sql_acquire,DocumentReadLedger$PinnedHistory.authorizeDelivery,768,2387307,0
candidate-trace,t10,4,8,read,sql_acquire,DocumentReadLedger.captureHistorical,256,5994787,0
candidate-trace,t10,4,8,read,sql_usage,DocumentHistoricalSchemas.authorize,256,1311000000,0
candidate-trace,t10,4,8,read,sql_usage,DocumentHistoricalSchemas.check,256,2113000000,0
candidate-trace,t10,4,8,read,sql_usage,DocumentReadLedger$PinnedHistory.authorizeDelivery,768,3874000000,0
candidate-trace,t10,4,8,read,sql_usage,DocumentReadLedger.captureHistorical,256,2946000000,0
candidate-trace,t10,4,8,reject,jdbc_commit,DocumentAssessmentCreation.createInternal,64,193631023,0
candidate-trace,t10,4,8,reject,jdbc_commit,DocumentAssessmentCreation.lambda$createInternal$0,64,198669964,0
candidate-trace,t10,4,8,reject,jdbc_commit,DocumentAssessmentDeliveryAuthorization.check,256,915601630,0
candidate-trace,t10,4,8,reject,jdbc_commit,DocumentAssessmentDiscovery.discover,64,182564495,0
candidate-trace,t10,4,8,reject,jdbc_commit,DocumentAssessmentReconciliation.observeRetained,64,230013045,0
candidate-trace,t10,4,8,reject,jdbc_commit,DocumentAssessmentRejections.decide,64,232040283,0
candidate-trace,t10,4,8,reject,jdbc_commit,DocumentAssessmentReplayInputs.load,64,16537474,0
candidate-trace,t10,4,8,reject,jdbc_commit,DocumentAssessmentStartJournal.startRetained,64,180130112,0
candidate-trace,t10,4,8,reject,jdbc_commit,DocumentOperationUploadAdmission.captureReads,128,592619683,0
candidate-trace,t10,4,8,reject,jdbc_commit,DocumentOperationUploadAdmission.recheckInitialSelections,64,262291424,0
candidate-trace,t10,4,8,reject,jdbc_commit,DocumentOperationUploadAdmission.stage,64,309249370,0
candidate-trace,t10,4,8,reject,jdbc_commit,DocumentPublicationModesJournal.loadRetained,128,460008395,0
candidate-trace,t10,4,8,reject,jdbc_commit,DocumentPublicationModesJournal.requireObservedModes,128,443428165,0
candidate-trace,t10,4,8,reject,jdbc_commit,DocumentPublicationPreparationJournal.load,128,450031542,0
candidate-trace,t10,4,8,reject,jdbc_commit,DocumentPublicationRegistration.admitInitialAccepted,64,348946960,0
candidate-trace,t10,4,8,reject,jdbc_commit,DocumentPublicationRegistration.preflight,128,24007436,0
candidate-trace,t10,4,8,reject,jdbc_commit,DocumentPublicationReplay.observe,256,434051822,0
candidate-trace,t10,4,8,reject,jdbc_commit,DocumentSchemaPolicies.read,64,10107911,0
candidate-trace,t10,4,8,reject,jdbc_commit,DocumentSelectedAttemptLedger.renew,64,313425717,0
candidate-trace,t10,4,8,reject,jdbc_commit,DocumentSelectedAttemptLedger.renewOwnerAndSelections,128,570815748,0
candidate-trace,t10,4,8,reject,jdbc_commit,RepositorySchemaArtifacts.stage,64,236124764,0
candidate-trace,t10,4,8,reject,jdbc_executeBatch,DocumentAssessmentCreationWrites.lambda$writeRows$0,64,64885926,0
candidate-trace,t10,4,8,reject,jdbc_executeQuery,DocumentAssessmentDeliveryAuthorization.lambda$check$0,1280,305907510,0
candidate-trace,t10,4,8,reject,jdbc_executeQuery,DocumentAssessmentDeliveryAuthorization.requireLiveReadOwner,512,132580103,0
candidate-trace,t10,4,8,reject,jdbc_executeQuery,DocumentAssessmentDiscovery.lambda$discover$0,128,37929145,0
candidate-trace,t10,4,8,reject,jdbc_executeQuery,DocumentAssessmentReadRows.capture,192,909047406,0
candidate-trace,t10,4,8,reject,jdbc_executeQuery,DocumentAssessmentReconciliation.verifyRetained,256,102976517,0
candidate-trace,t10,4,8,reject,jdbc_executeQuery,DocumentAssessmentRejections.lambda$decide$0,256,76532422,0
candidate-trace,t10,4,8,reject,jdbc_executeQuery,DocumentAssessmentReplayInputs.artifacts,128,77281847,0
candidate-trace,t10,4,8,reject,jdbc_executeQuery,DocumentAssessmentReplayInputs.policy,128,35511293,0
candidate-trace,t10,4,8,reject,jdbc_executeQuery,DocumentAssessmentReplayInputs.read,128,42895365,0
candidate-trace,t10,4,8,reject,jdbc_executeQuery,DocumentAssessmentReplayInputs.roots,128,43573850,0
candidate-trace,t10,4,8,reject,jdbc_executeQuery,DocumentAssessmentRetainedEvidence.verify,64,17806969,0
candidate-trace,t10,4,8,reject,jdbc_executeQuery,DocumentAssessmentRetainedEvidence.verifyArtifacts,64,40364551,0
candidate-trace,t10,4,8,reject,jdbc_executeQuery,DocumentAssessmentRetainedSlots.retainedSelections,64,35102049,0
candidate-trace,t10,4,8,reject,jdbc_executeQuery,DocumentAssessmentRetainedSlots.verify,256,360936941,0
candidate-trace,t10,4,8,reject,jdbc_executeQuery,DocumentAssessmentStartJournal.insertStartedOutcome,64,16967147,0
candidate-trace,t10,4,8,reject,jdbc_executeQuery,DocumentAssessmentStartJournal.lambda$startRetained$2,64,15797845,0
candidate-trace,t10,4,8,reject,jdbc_executeQuery,DocumentAssessmentStartJournal.requireCreation,64,44600563,0
candidate-trace,t10,4,8,reject,jdbc_executeQuery,DocumentCommitParts.bind,128,59226524,0
candidate-trace,t10,4,8,reject,jdbc_executeQuery,DocumentCommitParts.read,64,100356962,0
candidate-trace,t10,4,8,reject,jdbc_executeQuery,DocumentCommitParts.selections,64,27713138,0
candidate-trace,t10,4,8,reject,jdbc_executeQuery,DocumentDriveSnapshot.lock,128,27559669,0
candidate-trace,t10,4,8,reject,jdbc_executeQuery,DocumentKeyReservations.reserveEncoded,64,24560812,0
candidate-trace,t10,4,8,reject,jdbc_executeQuery,DocumentOperationUploadAdmission.lambda$captureReads$0,192,62912830,0
candidate-trace,t10,4,8,reject,jdbc_executeQuery,DocumentOperationUploadAdmission.requireInitialSelections,64,21544426,0
candidate-trace,t10,4,8,reject,jdbc_executeQuery,DocumentOperationUploadAdmission.writeAdmissions,128,28062611,0
candidate-trace,t10,4,8,reject,jdbc_executeQuery,DocumentPartAttemptLedger.lockAll,384,52241216,0
candidate-trace,t10,4,8,reject,jdbc_executeQuery,DocumentPartAttemptLedger.read,128,21460578,0
candidate-trace,t10,4,8,reject,jdbc_executeQuery,DocumentPreparationHistoryRoots.coverage,64,16100159,0
candidate-trace,t10,4,8,reject,jdbc_executeQuery,DocumentPublicationModeValidation.capture,256,66420797,0
candidate-trace,t10,4,8,reject,jdbc_executeQuery,DocumentPublicationModesJournal.readModes,64,21794944,0
candidate-trace,t10,4,8,reject,jdbc_executeQuery,DocumentPublicationPreparationJournal.capture,128,33689525,0
candidate-trace,t10,4,8,reject,jdbc_executeQuery,DocumentPublicationReplay.observe,832,148201410,0
candidate-trace,t10,4,8,reject,jdbc_executeQuery,DocumentRevisionLocks.lock,2304,636617301,0
candidate-trace,t10,4,8,reject,jdbc_executeQuery,DocumentSchemaPolicies.lambda$read$0,64,11331305,0
candidate-trace,t10,4,8,reject,jdbc_executeQuery,DocumentSchemaPolicies.lockCurrent,384,56637301,0
candidate-trace,t10,4,8,reject,jdbc_executeQuery,DocumentSchemaPolicies.select,192,33809138,0
candidate-trace,t10,4,8,reject,jdbc_executeQuery,DocumentSelectedAttemptLedger.lockSelected,64,16454561,0
candidate-trace,t10,4,8,reject,jdbc_executeQuery,DocumentSelectedAttemptLedger.requireOwner,192,58177063,0
candidate-trace,t10,4,8,reject,jdbc_executeQuery,DocumentSelectedAttemptLedger.requireSelections,384,90076398,0
candidate-trace,t10,4,8,reject,jdbc_executeQuery,DocumentUploadAdmissionReplay.hasSelections,64,14444987,0
candidate-trace,t10,4,8,reject,jdbc_executeQuery,ManagedBackendLedger.find,128,24184216,0
candidate-trace,t10,4,8,reject,jdbc_executeQuery,ManagedBackendLedger.requireAll,64,12013392,0
candidate-trace,t10,4,8,reject,jdbc_executeQuery,RepositoryCoordinatorBinding.bindInitial,64,12527356,0
candidate-trace,t10,4,8,reject,jdbc_executeQuery,RepositoryExecutionClaimLedger.live,64,11647044,0
candidate-trace,t10,4,8,reject,jdbc_executeQuery,RepositoryExecutionClaimLedger.lockLive,2048,774429618,0
candidate-trace,t10,4,8,reject,jdbc_executeQuery,RepositoryExecutionClaimLedger.readLocked,384,47271487,0
candidate-trace,t10,4,8,reject,jdbc_executeQuery,RepositoryOperationLedger.fenceLiveOwner,1216,962464960,0
candidate-trace,t10,4,8,reject,jdbc_executeQuery,RepositoryOperationLedger.live,192,38563006,0
candidate-trace,t10,4,8,reject,jdbc_executeQuery,RepositoryOperationLedger.read,64,14897559,0
candidate-trace,t10,4,8,reject,jdbc_executeQuery,RepositoryOperationLedger.readOwner,256,35753329,0
candidate-trace,t10,4,8,reject,jdbc_executeQuery,RepositoryOperationLedger.requireCommand,1216,199860582,0
candidate-trace,t10,4,8,reject,jdbc_executeQuery,RepositorySchemaArtifacts.lambda$stage$3,256,328926998,0
candidate-trace,t10,4,8,reject,jdbc_executeQuery,SqlTimeouts.apply,384,68496481,0
candidate-trace,t10,4,8,reject,jdbc_executeUpdate,DocumentAssessmentCreationWrites.insertOwner,64,85397089,0
candidate-trace,t10,4,8,reject,jdbc_executeUpdate,DocumentAssessmentCreationWrites.lambda$writeRows$1,64,97508586,0
candidate-trace,t10,4,8,reject,jdbc_executeUpdate,DocumentAssessmentCreationWrites.writeRows,448,1306794761,0
candidate-trace,t10,4,8,reject,jdbc_executeUpdate,DocumentAssessmentReconciliation.verifyRetained,64,69564331,0
candidate-trace,t10,4,8,reject,jdbc_executeUpdate,DocumentAssessmentRejections.lambda$decide$0,64,76421613,0
candidate-trace,t10,4,8,reject,jdbc_executeUpdate,DocumentAssessmentStartJournal.insertStartedOutcome,64,86341545,0
candidate-trace,t10,4,8,reject,jdbc_executeUpdate,DocumentOperationSelection.insert,64,77419372,0
candidate-trace,t10,4,8,reject,jdbc_executeUpdate,DocumentOperationUploadAdmission.writeAdmissions,128,96087587,0
candidate-trace,t10,4,8,reject,jdbc_executeUpdate,DocumentPartAttemptLedger.insertEncodedRows,64,70120972,0
candidate-trace,t10,4,8,reject,jdbc_executeUpdate,DocumentPreparationCoverageCertificates.insert,64,34983482,0
candidate-trace,t10,4,8,reject,jdbc_executeUpdate,DocumentPreparationHistoryRoots.insert,128,54823131,0
candidate-trace,t10,4,8,reject,jdbc_executeUpdate,DocumentPublicationModesJournal.insert,64,56138932,0
candidate-trace,t10,4,8,reject,jdbc_executeUpdate,DocumentPublicationPreparationJournal.insert,64,66351693,0
candidate-trace,t10,4,8,reject,jdbc_executeUpdate,DocumentSelectedAttemptLedger.renewSelections,192,138878282,0
candidate-trace,t10,4,8,reject,jdbc_executeUpdate,RepositoryCoordinatorBinding.bindInitial,64,30946806,0
candidate-trace,t10,4,8,reject,jdbc_executeUpdate,RepositoryExecutionClaimLedger.acquireInitialChecked,64,31024039,0
candidate-trace,t10,4,8,reject,jdbc_executeUpdate,RepositoryExecutionClaimLedger.renewLive,128,30718277,0
candidate-trace,t10,4,8,reject,jdbc_executeUpdate,RepositoryOperationLedger.admitInTransaction,128,90570785,0
candidate-trace,t10,4,8,reject,jdbc_executeUpdate,RepositoryOperationLedger.renewLive,128,88725375,0
candidate-trace,t10,4,8,reject,sql_acquire,DocumentAssessmentCreation.createInternal,64,198612,0
candidate-trace,t10,4,8,reject,sql_acquire,DocumentAssessmentCreation.lambda$createInternal$0,64,159172,0
candidate-trace,t10,4,8,reject,sql_acquire,DocumentAssessmentDeliveryAuthorization.check,256,790034,0
candidate-trace,t10,4,8,reject,sql_acquire,DocumentAssessmentDiscovery.discover,64,201143,0
candidate-trace,t10,4,8,reject,sql_acquire,DocumentAssessmentReconciliation.observeRetained,64,186299,0
candidate-trace,t10,4,8,reject,sql_acquire,DocumentAssessmentRejections.decide,64,214840,0
candidate-trace,t10,4,8,reject,sql_acquire,DocumentAssessmentReplayInputs.load,64,190548,0
candidate-trace,t10,4,8,reject,sql_acquire,DocumentAssessmentStartJournal.startRetained,64,173354,0
candidate-trace,t10,4,8,reject,sql_acquire,DocumentOperationUploadAdmission.captureReads,128,415071,0
candidate-trace,t10,4,8,reject,sql_acquire,DocumentOperationUploadAdmission.recheckInitialSelections,64,187402,0
candidate-trace,t10,4,8,reject,sql_acquire,DocumentOperationUploadAdmission.stage,64,183693,0
candidate-trace,t10,4,8,reject,sql_acquire,DocumentPublicationModesJournal.loadRetained,128,327747,0
candidate-trace,t10,4,8,reject,sql_acquire,DocumentPublicationModesJournal.requireObservedModes,128,339024,0
candidate-trace,t10,4,8,reject,sql_acquire,DocumentPublicationPreparationJournal.load,128,416212,0
candidate-trace,t10,4,8,reject,sql_acquire,DocumentPublicationRegistration.admitInitialAccepted,64,86521,0
candidate-trace,t10,4,8,reject,sql_acquire,DocumentPublicationRegistration.preflight,128,329063,0
candidate-trace,t10,4,8,reject,sql_acquire,DocumentPublicationReplay.observe,256,723921,0
candidate-trace,t10,4,8,reject,sql_acquire,DocumentSchemaPolicies.read,64,170412,0
candidate-trace,t10,4,8,reject,sql_acquire,DocumentSelectedAttemptLedger.renew,64,241436,0
candidate-trace,t10,4,8,reject,sql_acquire,DocumentSelectedAttemptLedger.renewOwnerAndSelections,128,351319,0
candidate-trace,t10,4,8,reject,sql_acquire,RepositorySchemaArtifacts.stage,64,268053,0
candidate-trace,t10,4,8,reject,sql_usage,DocumentAssessmentCreation.createInternal,64,2572000000,0
candidate-trace,t10,4,8,reject,sql_usage,DocumentAssessmentCreation.lambda$createInternal$0,64,335000000,0
candidate-trace,t10,4,8,reject,sql_usage,DocumentAssessmentDeliveryAuthorization.check,256,1656000000,0
candidate-trace,t10,4,8,reject,sql_usage,DocumentAssessmentDiscovery.discover,64,465000000,0
candidate-trace,t10,4,8,reject,sql_usage,DocumentAssessmentReconciliation.observeRetained,64,2143000000,0
candidate-trace,t10,4,8,reject,sql_usage,DocumentAssessmentRejections.decide,64,873000000,0
candidate-trace,t10,4,8,reject,sql_usage,DocumentAssessmentReplayInputs.load,64,378000000,0
candidate-trace,t10,4,8,reject,sql_usage,DocumentAssessmentStartJournal.startRetained,64,420000000,0
candidate-trace,t10,4,8,reject,sql_usage,DocumentOperationUploadAdmission.captureReads,128,952000000,0
candidate-trace,t10,4,8,reject,sql_usage,DocumentOperationUploadAdmission.recheckInitialSelections,64,373000000,0
candidate-trace,t10,4,8,reject,sql_usage,DocumentOperationUploadAdmission.stage,64,894000000,0
candidate-trace,t10,4,8,reject,sql_usage,DocumentPublicationModesJournal.loadRetained,128,510000000,0
candidate-trace,t10,4,8,reject,sql_usage,DocumentPublicationModesJournal.requireObservedModes,128,862000000,0
candidate-trace,t10,4,8,reject,sql_usage,DocumentPublicationPreparationJournal.load,128,503000000,0
candidate-trace,t10,4,8,reject,sql_usage,DocumentPublicationRegistration.admitInitialAccepted,64,986000000,0
candidate-trace,t10,4,8,reject,sql_usage,DocumentPublicationRegistration.preflight,128,116000000,0
candidate-trace,t10,4,8,reject,sql_usage,DocumentPublicationReplay.observe,256,622000000,0
candidate-trace,t10,4,8,reject,sql_usage,DocumentSchemaPolicies.read,64,25000000,0
candidate-trace,t10,4,8,reject,sql_usage,DocumentSelectedAttemptLedger.renew,64,530000000,0
candidate-trace,t10,4,8,reject,sql_usage,DocumentSelectedAttemptLedger.renewOwnerAndSelections,128,1199000000,0
candidate-trace,t10,4,8,reject,sql_usage,RepositorySchemaArtifacts.stage,64,797000000,0
candidate-trace,t10,4,8,replay,jdbc_commit,DocumentPublicationReplay.observe,256,1031995682,0
candidate-trace,t10,4,8,replay,jdbc_executeQuery,DocumentPublicationReplay.observe,768,180584996,0
candidate-trace,t10,4,8,replay,jdbc_executeQuery,DocumentPublicationReplay.requireRevisions,192,80054220,0
candidate-trace,t10,4,8,replay,jdbc_executeQuery,DocumentRevisionLocks.lock,512,150971705,0
candidate-trace,t10,4,8,replay,jdbc_executeQuery,RepositoryOperationLedger.requireCommand,256,46755493,0
candidate-trace,t10,4,8,replay,sql_acquire,DocumentPublicationReplay.observe,256,933819,0
candidate-trace,t10,4,8,replay,sql_usage,DocumentPublicationReplay.observe,256,1695000000,0
candidate-trace,t10,4,8,unscoped,jdbc_commit,DocumentAssessmentReadProtection.finish,63,191838251,0
candidate-trace,t10,4,8,unscoped,jdbc_commit,DocumentReadPins.finish,256,1168307268,0
candidate-trace,t10,4,8,unscoped,jdbc_commit,DocumentSelectedAttemptLedger.verifyBatch,256,1312682614,0
candidate-trace,t10,4,8,unscoped,jdbc_executeQuery,DocumentAssessmentReadProtection.lambda$finish$0,63,40053947,0
candidate-trace,t10,4,8,unscoped,jdbc_executeQuery,DocumentPartAttemptLedger.read,512,68512124,0
candidate-trace,t10,4,8,unscoped,jdbc_executeQuery,DocumentReadPins.lambda$finish$0,256,375486926,0
candidate-trace,t10,4,8,unscoped,jdbc_executeQuery,DocumentSelectedAttemptLedger.lockSelected,512,107617071,0
candidate-trace,t10,4,8,unscoped,jdbc_executeQuery,DocumentSelectedAttemptLedger.requireOwner,256,70322514,0
candidate-trace,t10,4,8,unscoped,jdbc_executeQuery,RepositoryExecutionClaimLedger.lockLive,256,110087904,0
candidate-trace,t10,4,8,unscoped,jdbc_executeQuery,RepositoryOperationLedger.fenceLiveOwner,256,197845890,0
candidate-trace,t10,4,8,unscoped,jdbc_executeQuery,SqlTimeouts.apply,256,47156751,0
candidate-trace,t10,4,8,unscoped,jdbc_executeUpdate,DocumentSelectedAttemptLedger.verifyBatch,512,408062223,0
candidate-trace,t10,4,8,unscoped,provider_getBounded,DocumentPartTransfer.upload,256,735113372,0
candidate-trace,t10,4,8,unscoped,provider_getBounded,outside_ledger,320,1320773016,0
candidate-trace,t10,4,8,unscoped,provider_put,DocumentPartTransfer.upload,256,18470816743,0
candidate-trace,t10,4,8,unscoped,sql_acquire,DocumentAssessmentReadProtection.finish,62,171099,0
candidate-trace,t10,4,8,unscoped,sql_acquire,DocumentReadPins.finish,256,5495897,0
candidate-trace,t10,4,8,unscoped,sql_acquire,DocumentSelectedAttemptLedger.verifyBatch,256,6575559,0
candidate-trace,t10,4,8,unscoped,sql_usage,DocumentAssessmentReadProtection.finish,63,211000000,0
candidate-trace,t10,4,8,unscoped,sql_usage,DocumentReadPins.finish,256,1463000000,0
candidate-trace,t10,4,8,unscoped,sql_usage,DocumentSelectedAttemptLedger.verifyBatch,256,2414000000,0
candidate-trace,t11,1,8,publish,jdbc_commit,DocumentOperationUploadAdmission.captureReads,384,1764684174,0
candidate-trace,t11,1,8,publish,jdbc_commit,DocumentOperationUploadAdmission.recheckInitialSelections,192,937472845,0
candidate-trace,t11,1,8,publish,jdbc_commit,DocumentOperationUploadAdmission.stage,192,1045330916,0
candidate-trace,t11,1,8,publish,jdbc_commit,DocumentPublicationCommit.commitInternal,192,782891174,0
candidate-trace,t11,1,8,publish,jdbc_commit,DocumentPublicationModesJournal.requireObservedModes,192,831023828,0
candidate-trace,t11,1,8,publish,jdbc_commit,DocumentPublicationRegistration.admitInitialAccepted,192,906257280,0
candidate-trace,t11,1,8,publish,jdbc_commit,DocumentPublicationRegistration.preflight,192,19761626,0
candidate-trace,t11,1,8,publish,jdbc_commit,DocumentPublicationReplay.observe,384,31836992,0
candidate-trace,t11,1,8,publish,jdbc_commit,DocumentSchemaPolicies.read,192,18387791,0
candidate-trace,t11,1,8,publish,jdbc_commit,DocumentSelectedAttemptLedger.renew,192,860537028,0
candidate-trace,t11,1,8,publish,jdbc_commit,DocumentSelectedAttemptLedger.renewOwnerAndSelections,384,1595028714,0
candidate-trace,t11,1,8,publish,jdbc_commit,RepositorySchemaArtifacts.stage,192,789415653,0
candidate-trace,t11,1,8,publish,jdbc_executeBatch,DocumentSchemaRetention.flush,576,443654685,0
candidate-trace,t11,1,8,publish,jdbc_executeQuery,DocumentAdmissionSnapshot.prepare,192,52702612,0
candidate-trace,t11,1,8,publish,jdbc_executeQuery,DocumentCommitParts.bind,192,37056149,0
candidate-trace,t11,1,8,publish,jdbc_executeQuery,DocumentCommitParts.read,192,256594948,0
candidate-trace,t11,1,8,publish,jdbc_executeQuery,DocumentCommitParts.selections,192,46377420,0
candidate-trace,t11,1,8,publish,jdbc_executeQuery,DocumentCommitWriter.write,384,42184745,0
candidate-trace,t11,1,8,publish,jdbc_executeQuery,DocumentDriveSnapshot.lock,384,47351352,0
candidate-trace,t11,1,8,publish,jdbc_executeQuery,DocumentKeyReservations.reserveEncoded,192,54517937,0
candidate-trace,t11,1,8,publish,jdbc_executeQuery,DocumentOperationUploadAdmission.lambda$captureReads$0,576,141912809,0
candidate-trace,t11,1,8,publish,jdbc_executeQuery,DocumentOperationUploadAdmission.requireInitialSelections,192,42222535,0
candidate-trace,t11,1,8,publish,jdbc_executeQuery,DocumentOperationUploadAdmission.writeAdmissions,384,60559646,0
candidate-trace,t11,1,8,publish,jdbc_executeQuery,DocumentPartAttemptLedger.lockAll,1152,120294966,0
candidate-trace,t11,1,8,publish,jdbc_executeQuery,DocumentPartAttemptLedger.read,384,37745727,0
candidate-trace,t11,1,8,publish,jdbc_executeQuery,DocumentPreparationHistoryRoots.coverage,192,25321678,0
candidate-trace,t11,1,8,publish,jdbc_executeQuery,DocumentPublicationLocks$IndependentOrigins.requireScope,384,37087522,0
candidate-trace,t11,1,8,publish,jdbc_executeQuery,DocumentPublicationLocks.lockIndependentOrigins,960,117479986,0
candidate-trace,t11,1,8,publish,jdbc_executeQuery,DocumentPublicationLocks.lockIndependentRetention,192,32248810,0
candidate-trace,t11,1,8,publish,jdbc_executeQuery,DocumentPublicationModeBinding.require,192,36332254,0
candidate-trace,t11,1,8,publish,jdbc_executeQuery,DocumentPublicationModeValidation.capture,384,52593694,0
candidate-trace,t11,1,8,publish,jdbc_executeQuery,DocumentPublicationReplay.observe,768,102355848,0
candidate-trace,t11,1,8,publish,jdbc_executeQuery,DocumentRevisionLocks.lock,2304,463065588,0
candidate-trace,t11,1,8,publish,jdbc_executeQuery,DocumentSchemaBatch.lockArtifacts,960,139675965,0
candidate-trace,t11,1,8,publish,jdbc_executeQuery,DocumentSchemaPolicies.lambda$read$0,192,22653019,0
candidate-trace,t11,1,8,publish,jdbc_executeQuery,DocumentSchemaPolicies.lockCurrent,576,51714859,0
candidate-trace,t11,1,8,publish,jdbc_executeQuery,DocumentSchemaPolicies.select,384,44061128,0
candidate-trace,t11,1,8,publish,jdbc_executeQuery,DocumentSchemaRetention.requireFragments,192,42914487,0
candidate-trace,t11,1,8,publish,jdbc_executeQuery,DocumentSchemaRetention.requireRevision,192,24930863,0
candidate-trace,t11,1,8,publish,jdbc_executeQuery,DocumentSchemaRetention.write,192,42696489,0
candidate-trace,t11,1,8,publish,jdbc_executeQuery,DocumentSelectedAttemptLedger.lockSelected,192,27739534,0
candidate-trace,t11,1,8,publish,jdbc_executeQuery,DocumentSelectedAttemptLedger.requireOwner,576,136358050,0
candidate-trace,t11,1,8,publish,jdbc_executeQuery,DocumentSelectedAttemptLedger.requireSelections,1152,212338696,0
candidate-trace,t11,1,8,publish,jdbc_executeQuery,DocumentUploadAdmissionReplay.hasSelections,192,22309410,0
candidate-trace,t11,1,8,publish,jdbc_executeQuery,ManagedBackendLedger.find,384,38117328,0
candidate-trace,t11,1,8,publish,jdbc_executeQuery,RepositoryCoordinatorBinding.bindInitial,192,18993536,0
candidate-trace,t11,1,8,publish,jdbc_executeQuery,RepositoryExecutionClaimLedger.live,192,21484186,0
candidate-trace,t11,1,8,publish,jdbc_executeQuery,RepositoryExecutionClaimLedger.lockLive,3072,830404410,0
candidate-trace,t11,1,8,publish,jdbc_executeQuery,RepositoryExecutionClaimLedger.readLocked,1152,101115514,0
candidate-trace,t11,1,8,publish,jdbc_executeQuery,RepositoryOperationLedger.fenceLiveOwner,1728,1011192840,0
candidate-trace,t11,1,8,publish,jdbc_executeQuery,RepositoryOperationLedger.live,576,79369182,0
candidate-trace,t11,1,8,publish,jdbc_executeQuery,RepositoryOperationLedger.read,192,23749918,0
candidate-trace,t11,1,8,publish,jdbc_executeQuery,RepositoryOperationLedger.readOwner,768,78931105,0
candidate-trace,t11,1,8,publish,jdbc_executeQuery,RepositoryOperationLedger.requireCommand,1728,177889239,0
candidate-trace,t11,1,8,publish,jdbc_executeQuery,RepositorySchemaArtifacts.lambda$stage$3,768,612165693,0
candidate-trace,t11,1,8,publish,jdbc_executeQuery,SqlTimeouts.apply,1152,151998440,0
candidate-trace,t11,1,8,publish,jdbc_executeUpdate,DocumentCommitWriter.write,1344,893502725,0
candidate-trace,t11,1,8,publish,jdbc_executeUpdate,DocumentOperationSelection.insert,192,181020160,0
candidate-trace,t11,1,8,publish,jdbc_executeUpdate,DocumentOperationUploadAdmission.writeAdmissions,384,208660152,0
candidate-trace,t11,1,8,publish,jdbc_executeUpdate,DocumentPartAttemptLedger.insertEncodedRows,192,152956936,0
candidate-trace,t11,1,8,publish,jdbc_executeUpdate,DocumentPreparationCoverageCertificates.insert,192,70391718,0
candidate-trace,t11,1,8,publish,jdbc_executeUpdate,DocumentPreparationHistoryRoots.insert,384,116181227,0
candidate-trace,t11,1,8,publish,jdbc_executeUpdate,DocumentPublicationCommit.lambda$commitInternal$6,576,459784854,0
candidate-trace,t11,1,8,publish,jdbc_executeUpdate,DocumentPublicationModesJournal.insert,192,117964140,0
candidate-trace,t11,1,8,publish,jdbc_executeUpdate,DocumentPublicationPreparationJournal.insert,192,135007490,0
candidate-trace,t11,1,8,publish,jdbc_executeUpdate,DocumentSchemaAdmissionBinding.insert,192,154750514,0
candidate-trace,t11,1,8,publish,jdbc_executeUpdate,DocumentSelectedAttemptLedger.renewSelections,576,345174834,0
candidate-trace,t11,1,8,publish,jdbc_executeUpdate,RepositoryCoordinatorBinding.bindInitial,192,64732661,0
candidate-trace,t11,1,8,publish,jdbc_executeUpdate,RepositoryExecutionClaimLedger.acquireInitialChecked,192,63547369,0
candidate-trace,t11,1,8,publish,jdbc_executeUpdate,RepositoryExecutionClaimLedger.renewLive,384,74726560,0
candidate-trace,t11,1,8,publish,jdbc_executeUpdate,RepositoryOperationLedger.admitInTransaction,384,200696204,0
candidate-trace,t11,1,8,publish,jdbc_executeUpdate,RepositoryOperationLedger.renewLive,384,220558008,0
candidate-trace,t11,1,8,publish,sql_acquire,DocumentOperationUploadAdmission.captureReads,384,1561885197,0
candidate-trace,t11,1,8,publish,sql_acquire,DocumentOperationUploadAdmission.recheckInitialSelections,192,547767736,0
candidate-trace,t11,1,8,publish,sql_acquire,DocumentOperationUploadAdmission.stage,192,783380132,0
candidate-trace,t11,1,8,publish,sql_acquire,DocumentPublicationCommit.commitInternal,192,876958305,0
candidate-trace,t11,1,8,publish,sql_acquire,DocumentPublicationModesJournal.requireObservedModes,192,796813507,0
candidate-trace,t11,1,8,publish,sql_acquire,DocumentPublicationRegistration.admitInitialAccepted,192,796838836,0
candidate-trace,t11,1,8,publish,sql_acquire,DocumentPublicationRegistration.preflight,192,773764991,0
candidate-trace,t11,1,8,publish,sql_acquire,DocumentPublicationReplay.observe,384,1766976662,0
candidate-trace,t11,1,8,publish,sql_acquire,DocumentSchemaPolicies.read,192,641332026,0
candidate-trace,t11,1,8,publish,sql_acquire,DocumentSelectedAttemptLedger.renew,192,462857636,0
candidate-trace,t11,1,8,publish,sql_acquire,DocumentSelectedAttemptLedger.renewOwnerAndSelections,384,1302272527,0
candidate-trace,t11,1,8,publish,sql_acquire,RepositorySchemaArtifacts.stage,192,935968409,0
candidate-trace,t11,1,8,publish,sql_usage,DocumentOperationUploadAdmission.captureReads,384,2419000000,0
candidate-trace,t11,1,8,publish,sql_usage,DocumentOperationUploadAdmission.recheckInitialSelections,192,1140000000,0
candidate-trace,t11,1,8,publish,sql_usage,DocumentOperationUploadAdmission.stage,192,2179000000,0
candidate-trace,t11,1,8,publish,sql_usage,DocumentPublicationCommit.commitInternal,192,4836000000,0
candidate-trace,t11,1,8,publish,sql_usage,DocumentPublicationModesJournal.requireObservedModes,192,1143000000,0
candidate-trace,t11,1,8,publish,sql_usage,DocumentPublicationRegistration.admitInitialAccepted,192,2098000000,0
candidate-trace,t11,1,8,publish,sql_usage,DocumentPublicationRegistration.preflight,192,22000000,0
candidate-trace,t11,1,8,publish,sql_usage,DocumentPublicationReplay.observe,384,0,0
candidate-trace,t11,1,8,publish,sql_usage,DocumentSchemaPolicies.read,192,5000000,0
candidate-trace,t11,1,8,publish,sql_usage,DocumentSelectedAttemptLedger.renew,192,1326000000,0
candidate-trace,t11,1,8,publish,sql_usage,DocumentSelectedAttemptLedger.renewOwnerAndSelections,384,2913000000,0
candidate-trace,t11,1,8,publish,sql_usage,RepositorySchemaArtifacts.stage,192,1716000000,0
candidate-trace,t11,1,8,read,jdbc_commit,DocumentHistoricalSchemas.authorize,256,1111830270,0
candidate-trace,t11,1,8,read,jdbc_commit,DocumentHistoricalSchemas.check,256,991321694,0
candidate-trace,t11,1,8,read,jdbc_commit,DocumentReadLedger$PinnedHistory.authorizeDelivery,768,3306475689,0
candidate-trace,t11,1,8,read,jdbc_commit,DocumentReadLedger.captureHistorical,256,905197501,0
candidate-trace,t11,1,8,read,jdbc_executeQuery,DocumentHistoricalReadRows.capture,512,150751492,0
candidate-trace,t11,1,8,read,jdbc_executeQuery,DocumentHistoricalSchemaRows.artifacts,512,110466109,0
candidate-trace,t11,1,8,read,jdbc_executeQuery,DocumentHistoricalSchemaRows.capture,512,239500347,0
candidate-trace,t11,1,8,read,jdbc_executeQuery,DocumentHistoricalSchemaRows.references,256,30951957,0
candidate-trace,t11,1,8,read,jdbc_executeQuery,DocumentHistoricalSchemaRows.roots,512,53039054,0
candidate-trace,t11,1,8,read,jdbc_executeQuery,DocumentReadLedger.lambda$captureHistorical$0,256,45744790,0
candidate-trace,t11,1,8,read,jdbc_executeQuery,DocumentReadPins.acquireHistorical,512,281614176,0
candidate-trace,t11,1,8,read,jdbc_executeQuery,DocumentRevisionLocks.lock,3072,706456975,0
candidate-trace,t11,1,8,read,jdbc_executeQuery,ManagedBackendLedger.requireAll,256,34534963,0
candidate-trace,t11,1,8,read,jdbc_executeUpdate,DocumentReadPins.acquireHistorical,256,229263786,0
candidate-trace,t11,1,8,read,sql_acquire,DocumentHistoricalSchemas.authorize,256,1164895371,0
candidate-trace,t11,1,8,read,sql_acquire,DocumentHistoricalSchemas.check,256,1018130717,0
candidate-trace,t11,1,8,read,sql_acquire,DocumentReadLedger$PinnedHistory.authorizeDelivery,768,2966594119,0
candidate-trace,t11,1,8,read,sql_acquire,DocumentReadLedger.captureHistorical,256,1112913794,0
candidate-trace,t11,1,8,read,sql_usage,DocumentHistoricalSchemas.authorize,256,1153000000,0
candidate-trace,t11,1,8,read,sql_usage,DocumentHistoricalSchemas.check,256,1543000000,0
candidate-trace,t11,1,8,read,sql_usage,DocumentReadLedger$PinnedHistory.authorizeDelivery,768,3417000000,0
candidate-trace,t11,1,8,read,sql_usage,DocumentReadLedger.captureHistorical,256,1864000000,0
candidate-trace,t11,1,8,reject,jdbc_commit,DocumentAssessmentCreation.createInternal,64,198058178,0
candidate-trace,t11,1,8,reject,jdbc_commit,DocumentAssessmentCreation.lambda$createInternal$0,64,221325759,0
candidate-trace,t11,1,8,reject,jdbc_commit,DocumentAssessmentDeliveryAuthorization.check,256,793085114,0
candidate-trace,t11,1,8,reject,jdbc_commit,DocumentAssessmentDiscovery.discover,64,205017022,0
candidate-trace,t11,1,8,reject,jdbc_commit,DocumentAssessmentReconciliation.observeRetained,64,226949169,0
candidate-trace,t11,1,8,reject,jdbc_commit,DocumentAssessmentRejections.decide,64,191393413,0
candidate-trace,t11,1,8,reject,jdbc_commit,DocumentAssessmentReplayInputs.load,64,7107029,0
candidate-trace,t11,1,8,reject,jdbc_commit,DocumentAssessmentStartJournal.startRetained,64,190979038,0
candidate-trace,t11,1,8,reject,jdbc_commit,DocumentOperationUploadAdmission.captureReads,128,567463693,0
candidate-trace,t11,1,8,reject,jdbc_commit,DocumentOperationUploadAdmission.recheckInitialSelections,64,263770410,0
candidate-trace,t11,1,8,reject,jdbc_commit,DocumentOperationUploadAdmission.stage,64,334494407,0
candidate-trace,t11,1,8,reject,jdbc_commit,DocumentPublicationModesJournal.loadRetained,128,376674089,0
candidate-trace,t11,1,8,reject,jdbc_commit,DocumentPublicationModesJournal.requireObservedModes,128,433709950,0
candidate-trace,t11,1,8,reject,jdbc_commit,DocumentPublicationPreparationJournal.load,128,458249048,0
candidate-trace,t11,1,8,reject,jdbc_commit,DocumentPublicationRegistration.admitInitialAccepted,64,338323204,0
candidate-trace,t11,1,8,reject,jdbc_commit,DocumentPublicationRegistration.preflight,128,12737538,0
candidate-trace,t11,1,8,reject,jdbc_commit,DocumentPublicationReplay.observe,256,441154202,0
candidate-trace,t11,1,8,reject,jdbc_commit,DocumentSchemaPolicies.read,64,6181889,0
candidate-trace,t11,1,8,reject,jdbc_commit,DocumentSelectedAttemptLedger.renew,64,230733835,0
candidate-trace,t11,1,8,reject,jdbc_commit,DocumentSelectedAttemptLedger.renewOwnerAndSelections,128,494320678,0
candidate-trace,t11,1,8,reject,jdbc_commit,RepositorySchemaArtifacts.stage,64,222636836,0
candidate-trace,t11,1,8,reject,jdbc_executeBatch,DocumentAssessmentCreationWrites.lambda$writeRows$0,64,36489958,0
candidate-trace,t11,1,8,reject,jdbc_executeQuery,DocumentAssessmentDeliveryAuthorization.lambda$check$0,1280,149323822,0
candidate-trace,t11,1,8,reject,jdbc_executeQuery,DocumentAssessmentDeliveryAuthorization.requireLiveReadOwner,512,66533045,0
candidate-trace,t11,1,8,reject,jdbc_executeQuery,DocumentAssessmentDiscovery.lambda$discover$0,128,21531765,0
candidate-trace,t11,1,8,reject,jdbc_executeQuery,DocumentAssessmentReadRows.capture,192,691557101,0
candidate-trace,t11,1,8,reject,jdbc_executeQuery,DocumentAssessmentReconciliation.verifyRetained,256,52207103,0
candidate-trace,t11,1,8,reject,jdbc_executeQuery,DocumentAssessmentRejections.lambda$decide$0,256,43889397,0
candidate-trace,t11,1,8,reject,jdbc_executeQuery,DocumentAssessmentReplayInputs.artifacts,128,49599344,0
candidate-trace,t11,1,8,reject,jdbc_executeQuery,DocumentAssessmentReplayInputs.policy,128,19587853,0
candidate-trace,t11,1,8,reject,jdbc_executeQuery,DocumentAssessmentReplayInputs.read,128,28417620,0
candidate-trace,t11,1,8,reject,jdbc_executeQuery,DocumentAssessmentReplayInputs.roots,128,33928902,0
candidate-trace,t11,1,8,reject,jdbc_executeQuery,DocumentAssessmentRetainedEvidence.verify,64,11277642,0
candidate-trace,t11,1,8,reject,jdbc_executeQuery,DocumentAssessmentRetainedEvidence.verifyArtifacts,64,28761837,0
candidate-trace,t11,1,8,reject,jdbc_executeQuery,DocumentAssessmentRetainedSlots.retainedSelections,64,17788085,0
candidate-trace,t11,1,8,reject,jdbc_executeQuery,DocumentAssessmentRetainedSlots.verify,256,258360271,0
candidate-trace,t11,1,8,reject,jdbc_executeQuery,DocumentAssessmentStartJournal.insertStartedOutcome,64,9498314,0
candidate-trace,t11,1,8,reject,jdbc_executeQuery,DocumentAssessmentStartJournal.lambda$startRetained$2,64,14205722,0
candidate-trace,t11,1,8,reject,jdbc_executeQuery,DocumentAssessmentStartJournal.requireCreation,64,21155788,0
candidate-trace,t11,1,8,reject,jdbc_executeQuery,DocumentCommitParts.bind,128,39787719,0
candidate-trace,t11,1,8,reject,jdbc_executeQuery,DocumentCommitParts.read,64,79567790,0
candidate-trace,t11,1,8,reject,jdbc_executeQuery,DocumentCommitParts.selections,64,13989938,0
candidate-trace,t11,1,8,reject,jdbc_executeQuery,DocumentDriveSnapshot.lock,128,15907763,0
candidate-trace,t11,1,8,reject,jdbc_executeQuery,DocumentKeyReservations.reserveEncoded,64,16987268,0
candidate-trace,t11,1,8,reject,jdbc_executeQuery,DocumentOperationUploadAdmission.lambda$captureReads$0,192,48761182,0
candidate-trace,t11,1,8,reject,jdbc_executeQuery,DocumentOperationUploadAdmission.requireInitialSelections,64,13860080,0
candidate-trace,t11,1,8,reject,jdbc_executeQuery,DocumentOperationUploadAdmission.writeAdmissions,128,19383725,0
candidate-trace,t11,1,8,reject,jdbc_executeQuery,DocumentPartAttemptLedger.lockAll,384,39655209,0
candidate-trace,t11,1,8,reject,jdbc_executeQuery,DocumentPartAttemptLedger.read,128,11981194,0
candidate-trace,t11,1,8,reject,jdbc_executeQuery,DocumentPreparationHistoryRoots.coverage,64,8989291,0
candidate-trace,t11,1,8,reject,jdbc_executeQuery,DocumentPublicationModeValidation.capture,256,31448038,0
candidate-trace,t11,1,8,reject,jdbc_executeQuery,DocumentPublicationModesJournal.readModes,64,15008155,0
candidate-trace,t11,1,8,reject,jdbc_executeQuery,DocumentPublicationPreparationJournal.capture,128,21595582,0
candidate-trace,t11,1,8,reject,jdbc_executeQuery,DocumentPublicationReplay.observe,832,98005813,0
candidate-trace,t11,1,8,reject,jdbc_executeQuery,DocumentRevisionLocks.lock,2304,468199874,0
candidate-trace,t11,1,8,reject,jdbc_executeQuery,DocumentSchemaPolicies.lambda$read$0,64,9031085,0
candidate-trace,t11,1,8,reject,jdbc_executeQuery,DocumentSchemaPolicies.lockCurrent,384,31115660,0
candidate-trace,t11,1,8,reject,jdbc_executeQuery,DocumentSchemaPolicies.select,192,21568041,0
candidate-trace,t11,1,8,reject,jdbc_executeQuery,DocumentSelectedAttemptLedger.lockSelected,64,8974574,0
candidate-trace,t11,1,8,reject,jdbc_executeQuery,DocumentSelectedAttemptLedger.requireOwner,192,48334134,0
candidate-trace,t11,1,8,reject,jdbc_executeQuery,DocumentSelectedAttemptLedger.requireSelections,384,71152965,0
candidate-trace,t11,1,8,reject,jdbc_executeQuery,DocumentUploadAdmissionReplay.hasSelections,64,7101849,0
candidate-trace,t11,1,8,reject,jdbc_executeQuery,ManagedBackendLedger.find,128,14205593,0
candidate-trace,t11,1,8,reject,jdbc_executeQuery,ManagedBackendLedger.requireAll,64,6699873,0
candidate-trace,t11,1,8,reject,jdbc_executeQuery,RepositoryCoordinatorBinding.bindInitial,64,6681515,0
candidate-trace,t11,1,8,reject,jdbc_executeQuery,RepositoryExecutionClaimLedger.live,64,7068558,0
candidate-trace,t11,1,8,reject,jdbc_executeQuery,RepositoryExecutionClaimLedger.lockLive,2048,552921421,0
candidate-trace,t11,1,8,reject,jdbc_executeQuery,RepositoryExecutionClaimLedger.readLocked,384,32792281,0
candidate-trace,t11,1,8,reject,jdbc_executeQuery,RepositoryOperationLedger.fenceLiveOwner,1216,684932551,0
candidate-trace,t11,1,8,reject,jdbc_executeQuery,RepositoryOperationLedger.live,192,26790399,0
candidate-trace,t11,1,8,reject,jdbc_executeQuery,RepositoryOperationLedger.read,64,8600044,0
candidate-trace,t11,1,8,reject,jdbc_executeQuery,RepositoryOperationLedger.readOwner,256,25533892,0
candidate-trace,t11,1,8,reject,jdbc_executeQuery,RepositoryOperationLedger.requireCommand,1216,128578611,0
candidate-trace,t11,1,8,reject,jdbc_executeQuery,RepositorySchemaArtifacts.lambda$stage$3,256,215825817,0
candidate-trace,t11,1,8,reject,jdbc_executeQuery,SqlTimeouts.apply,384,59247958,0
candidate-trace,t11,1,8,reject,jdbc_executeUpdate,DocumentAssessmentCreationWrites.insertOwner,64,52715050,0
candidate-trace,t11,1,8,reject,jdbc_executeUpdate,DocumentAssessmentCreationWrites.lambda$writeRows$1,64,50327900,0
candidate-trace,t11,1,8,reject,jdbc_executeUpdate,DocumentAssessmentCreationWrites.writeRows,448,648000160,0
candidate-trace,t11,1,8,reject,jdbc_executeUpdate,DocumentAssessmentReconciliation.verifyRetained,64,40491206,0
candidate-trace,t11,1,8,reject,jdbc_executeUpdate,DocumentAssessmentRejections.lambda$decide$0,64,48222537,0
candidate-trace,t11,1,8,reject,jdbc_executeUpdate,DocumentAssessmentStartJournal.insertStartedOutcome,64,54797106,0
candidate-trace,t11,1,8,reject,jdbc_executeUpdate,DocumentOperationSelection.insert,64,62021769,0
candidate-trace,t11,1,8,reject,jdbc_executeUpdate,DocumentOperationUploadAdmission.writeAdmissions,128,74359047,0
candidate-trace,t11,1,8,reject,jdbc_executeUpdate,DocumentPartAttemptLedger.insertEncodedRows,64,56487210,0
candidate-trace,t11,1,8,reject,jdbc_executeUpdate,DocumentPreparationCoverageCertificates.insert,64,22615749,0
candidate-trace,t11,1,8,reject,jdbc_executeUpdate,DocumentPreparationHistoryRoots.insert,128,40278037,0
candidate-trace,t11,1,8,reject,jdbc_executeUpdate,DocumentPublicationModesJournal.insert,64,39645344,0
candidate-trace,t11,1,8,reject,jdbc_executeUpdate,DocumentPublicationPreparationJournal.insert,64,45862506,0
candidate-trace,t11,1,8,reject,jdbc_executeUpdate,DocumentSelectedAttemptLedger.renewSelections,192,121041937,0
candidate-trace,t11,1,8,reject,jdbc_executeUpdate,RepositoryCoordinatorBinding.bindInitial,64,22760678,0
candidate-trace,t11,1,8,reject,jdbc_executeUpdate,RepositoryExecutionClaimLedger.acquireInitialChecked,64,22074438,0
candidate-trace,t11,1,8,reject,jdbc_executeUpdate,RepositoryExecutionClaimLedger.renewLive,128,24020401,0
candidate-trace,t11,1,8,reject,jdbc_executeUpdate,RepositoryOperationLedger.admitInTransaction,128,73844665,0
candidate-trace,t11,1,8,reject,jdbc_executeUpdate,RepositoryOperationLedger.renewLive,128,74152878,0
candidate-trace,t11,1,8,reject,sql_acquire,DocumentAssessmentCreation.createInternal,64,323352267,0
candidate-trace,t11,1,8,reject,sql_acquire,DocumentAssessmentCreation.lambda$createInternal$0,64,280404287,0
candidate-trace,t11,1,8,reject,sql_acquire,DocumentAssessmentDeliveryAuthorization.check,256,1004692936,0
candidate-trace,t11,1,8,reject,sql_acquire,DocumentAssessmentDiscovery.discover,64,258297502,0
candidate-trace,t11,1,8,reject,sql_acquire,DocumentAssessmentReconciliation.observeRetained,64,272142894,0
candidate-trace,t11,1,8,reject,sql_acquire,DocumentAssessmentRejections.decide,64,254605325,0
candidate-trace,t11,1,8,reject,sql_acquire,DocumentAssessmentReplayInputs.load,64,219008530,0
candidate-trace,t11,1,8,reject,sql_acquire,DocumentAssessmentStartJournal.startRetained,64,224382941,0
candidate-trace,t11,1,8,reject,sql_acquire,DocumentOperationUploadAdmission.captureReads,128,418700743,0
candidate-trace,t11,1,8,reject,sql_acquire,DocumentOperationUploadAdmission.recheckInitialSelections,64,118240302,0
candidate-trace,t11,1,8,reject,sql_acquire,DocumentOperationUploadAdmission.stage,64,226929225,0
candidate-trace,t11,1,8,reject,sql_acquire,DocumentPublicationModesJournal.loadRetained,128,423547204,0
candidate-trace,t11,1,8,reject,sql_acquire,DocumentPublicationModesJournal.requireObservedModes,128,439911115,0
candidate-trace,t11,1,8,reject,sql_acquire,DocumentPublicationPreparationJournal.load,128,522405316,0
candidate-trace,t11,1,8,reject,sql_acquire,DocumentPublicationRegistration.admitInitialAccepted,64,257921464,0
candidate-trace,t11,1,8,reject,sql_acquire,DocumentPublicationRegistration.preflight,128,524618233,0
candidate-trace,t11,1,8,reject,sql_acquire,DocumentPublicationReplay.observe,256,1164801413,0
candidate-trace,t11,1,8,reject,sql_acquire,DocumentSchemaPolicies.read,64,164034094,0
candidate-trace,t11,1,8,reject,sql_acquire,DocumentSelectedAttemptLedger.renew,64,173720105,0
candidate-trace,t11,1,8,reject,sql_acquire,DocumentSelectedAttemptLedger.renewOwnerAndSelections,128,378250721,0
candidate-trace,t11,1,8,reject,sql_acquire,RepositorySchemaArtifacts.stage,64,207518944,0
candidate-trace,t11,1,8,reject,sql_usage,DocumentAssessmentCreation.createInternal,64,1417000000,0
candidate-trace,t11,1,8,reject,sql_usage,DocumentAssessmentCreation.lambda$createInternal$0,64,298000000,0
candidate-trace,t11,1,8,reject,sql_usage,DocumentAssessmentDeliveryAuthorization.check,256,1142000000,0
candidate-trace,t11,1,8,reject,sql_usage,DocumentAssessmentDiscovery.discover,64,366000000,0
candidate-trace,t11,1,8,reject,sql_usage,DocumentAssessmentReconciliation.observeRetained,64,1541000000,0
candidate-trace,t11,1,8,reject,sql_usage,DocumentAssessmentRejections.decide,64,519000000,0
candidate-trace,t11,1,8,reject,sql_usage,DocumentAssessmentReplayInputs.load,64,214000000,0
candidate-trace,t11,1,8,reject,sql_usage,DocumentAssessmentStartJournal.startRetained,64,340000000,0
candidate-trace,t11,1,8,reject,sql_usage,DocumentOperationUploadAdmission.captureReads,128,799000000,0
candidate-trace,t11,1,8,reject,sql_usage,DocumentOperationUploadAdmission.recheckInitialSelections,64,333000000,0
candidate-trace,t11,1,8,reject,sql_usage,DocumentOperationUploadAdmission.stage,64,733000000,0
candidate-trace,t11,1,8,reject,sql_usage,DocumentPublicationModesJournal.loadRetained,128,390000000,0
candidate-trace,t11,1,8,reject,sql_usage,DocumentPublicationModesJournal.requireObservedModes,128,646000000,0
candidate-trace,t11,1,8,reject,sql_usage,DocumentPublicationPreparationJournal.load,128,469000000,0
candidate-trace,t11,1,8,reject,sql_usage,DocumentPublicationRegistration.admitInitialAccepted,64,758000000,0
candidate-trace,t11,1,8,reject,sql_usage,DocumentPublicationRegistration.preflight,128,14000000,0
candidate-trace,t11,1,8,reject,sql_usage,DocumentPublicationReplay.observe,256,531000000,0
candidate-trace,t11,1,8,reject,sql_usage,DocumentSchemaPolicies.read,64,2000000,0
candidate-trace,t11,1,8,reject,sql_usage,DocumentSelectedAttemptLedger.renew,64,385000000,0
candidate-trace,t11,1,8,reject,sql_usage,DocumentSelectedAttemptLedger.renewOwnerAndSelections,128,946000000,0
candidate-trace,t11,1,8,reject,sql_usage,RepositorySchemaArtifacts.stage,64,548000000,0
candidate-trace,t11,1,8,replay,jdbc_commit,DocumentPublicationReplay.observe,256,1019904398,0
candidate-trace,t11,1,8,replay,jdbc_executeQuery,DocumentPublicationReplay.observe,768,105950523,0
candidate-trace,t11,1,8,replay,jdbc_executeQuery,DocumentPublicationReplay.requireRevisions,192,36540107,0
candidate-trace,t11,1,8,replay,jdbc_executeQuery,DocumentRevisionLocks.lock,512,103835011,0
candidate-trace,t11,1,8,replay,jdbc_executeQuery,RepositoryOperationLedger.requireCommand,256,28414435,0
candidate-trace,t11,1,8,replay,sql_acquire,DocumentPublicationReplay.observe,256,1366337179,0
candidate-trace,t11,1,8,replay,sql_usage,DocumentPublicationReplay.observe,256,1314000000,0
candidate-trace,t11,1,8,unscoped,jdbc_commit,DocumentAssessmentReadProtection.finish,64,228275926,0
candidate-trace,t11,1,8,unscoped,jdbc_commit,DocumentReadPins.finish,256,1307102720,0
candidate-trace,t11,1,8,unscoped,jdbc_commit,DocumentSelectedAttemptLedger.verifyBatch,256,1221555507,0
candidate-trace,t11,1,8,unscoped,jdbc_executeQuery,DocumentAssessmentReadProtection.lambda$finish$0,64,34586673,0
candidate-trace,t11,1,8,unscoped,jdbc_executeQuery,DocumentPartAttemptLedger.read,512,56125355,0
candidate-trace,t11,1,8,unscoped,jdbc_executeQuery,DocumentReadPins.lambda$finish$0,256,272988745,0
candidate-trace,t11,1,8,unscoped,jdbc_executeQuery,DocumentSelectedAttemptLedger.lockSelected,512,73098189,0
candidate-trace,t11,1,8,unscoped,jdbc_executeQuery,DocumentSelectedAttemptLedger.requireOwner,256,56173588,0
candidate-trace,t11,1,8,unscoped,jdbc_executeQuery,RepositoryExecutionClaimLedger.lockLive,256,71532521,0
candidate-trace,t11,1,8,unscoped,jdbc_executeQuery,RepositoryOperationLedger.fenceLiveOwner,256,155438423,0
candidate-trace,t11,1,8,unscoped,jdbc_executeQuery,SqlTimeouts.apply,256,35553516,0
candidate-trace,t11,1,8,unscoped,jdbc_executeUpdate,DocumentSelectedAttemptLedger.verifyBatch,512,340852534,0
candidate-trace,t11,1,8,unscoped,provider_getBounded,DocumentPartTransfer.upload,256,476087038,0
candidate-trace,t11,1,8,unscoped,provider_getBounded,outside_ledger,320,654714203,0
candidate-trace,t11,1,8,unscoped,provider_put,DocumentPartTransfer.upload,256,18508636189,0
candidate-trace,t11,1,8,unscoped,sql_acquire,DocumentAssessmentReadProtection.finish,64,196959188,0
candidate-trace,t11,1,8,unscoped,sql_acquire,DocumentReadPins.finish,256,736730809,0
candidate-trace,t11,1,8,unscoped,sql_acquire,DocumentSelectedAttemptLedger.verifyBatch,256,724206470,0
candidate-trace,t11,1,8,unscoped,sql_usage,DocumentAssessmentReadProtection.finish,64,239000000,0
candidate-trace,t11,1,8,unscoped,sql_usage,DocumentReadPins.finish,256,1478000000,0
candidate-trace,t11,1,8,unscoped,sql_usage,DocumentSelectedAttemptLedger.verifyBatch,256,1984000000,0
