run,window,replicas,pool_per_replica,operation,metric,completion_site,count,nanos,failures
trace-16,t00,1,8,publish,jdbc_commit,DocumentOperationUploadAdmission.captureReads,384,1769299730,0
trace-16,t00,1,8,publish,jdbc_commit,DocumentOperationUploadAdmission.recheckInitialSelections,192,877472065,0
trace-16,t00,1,8,publish,jdbc_commit,DocumentOperationUploadAdmission.stage,192,984137634,0
trace-16,t00,1,8,publish,jdbc_commit,DocumentPublicationCommit.commitInternal,192,787273015,0
trace-16,t00,1,8,publish,jdbc_commit,DocumentPublicationModesJournal.requireObservedModes,384,1507663458,0
trace-16,t00,1,8,publish,jdbc_commit,DocumentPublicationRegistration.admitInitialAccepted,192,892539937,0
trace-16,t00,1,8,publish,jdbc_commit,DocumentPublicationRegistration.preflight,192,19913394,0
trace-16,t00,1,8,publish,jdbc_commit,DocumentPublicationReplay.observe,384,37263112,0
trace-16,t00,1,8,publish,jdbc_commit,DocumentSchemaPolicies.read,192,19438305,0
trace-16,t00,1,8,publish,jdbc_commit,DocumentSelectedAttemptLedger.renew,192,904961769,0
trace-16,t00,1,8,publish,jdbc_commit,DocumentSelectedAttemptLedger.renewOwnerAndSelections,384,1573192332,0
trace-16,t00,1,8,publish,jdbc_commit,RepositorySchemaArtifacts.stage,192,738629762,0
trace-16,t00,1,8,publish,jdbc_executeBatch,DocumentSchemaRetention.flush,576,499950519,0
trace-16,t00,1,8,publish,jdbc_executeQuery,DocumentAdmissionSnapshot.prepare,192,55811964,0
trace-16,t00,1,8,publish,jdbc_executeQuery,DocumentCommitParts.bind,192,44012696,0
trace-16,t00,1,8,publish,jdbc_executeQuery,DocumentCommitParts.read,192,73128138,0
trace-16,t00,1,8,publish,jdbc_executeQuery,DocumentCommitParts.selections,192,45828801,0
trace-16,t00,1,8,publish,jdbc_executeQuery,DocumentCommitWriter.write,384,42364009,0
trace-16,t00,1,8,publish,jdbc_executeQuery,DocumentDriveSnapshot.lock,384,46592727,0
trace-16,t00,1,8,publish,jdbc_executeQuery,DocumentKeyReservations.reserveEncoded,192,47852112,0
trace-16,t00,1,8,publish,jdbc_executeQuery,DocumentOperationUploadAdmission.lambda$captureReads$0,576,143927447,0
trace-16,t00,1,8,publish,jdbc_executeQuery,DocumentOperationUploadAdmission.requireInitialSelections,192,42715570,0
trace-16,t00,1,8,publish,jdbc_executeQuery,DocumentOperationUploadAdmission.writeAdmissions,384,61687491,0
trace-16,t00,1,8,publish,jdbc_executeQuery,DocumentPartAttemptLedger.lockAll,1152,117718515,0
trace-16,t00,1,8,publish,jdbc_executeQuery,DocumentPartAttemptLedger.read,384,47151545,0
trace-16,t00,1,8,publish,jdbc_executeQuery,DocumentPreparationHistoryRoots.coverage,192,32692744,0
trace-16,t00,1,8,publish,jdbc_executeQuery,DocumentPublicationLocks$IndependentOrigins.requireScope,384,34725118,0
trace-16,t00,1,8,publish,jdbc_executeQuery,DocumentPublicationLocks.lockIndependentOrigins,960,134234254,0
trace-16,t00,1,8,publish,jdbc_executeQuery,DocumentPublicationLocks.lockIndependentRetention,192,23612428,0
trace-16,t00,1,8,publish,jdbc_executeQuery,DocumentPublicationModeBinding.require,192,36901368,0
trace-16,t00,1,8,publish,jdbc_executeQuery,DocumentPublicationModesJournal.readModes,192,20045981,0
trace-16,t00,1,8,publish,jdbc_executeQuery,DocumentPublicationPreparationJournal.capture,384,36846310,0
trace-16,t00,1,8,publish,jdbc_executeQuery,DocumentPublicationReplay.observe,768,103725507,0
trace-16,t00,1,8,publish,jdbc_executeQuery,DocumentRevisionLocks.lock,2304,351920586,0
trace-16,t00,1,8,publish,jdbc_executeQuery,DocumentSchemaBatch.lockArtifacts,960,142885061,0
trace-16,t00,1,8,publish,jdbc_executeQuery,DocumentSchemaPolicies.lambda$read$0,192,22713184,0
trace-16,t00,1,8,publish,jdbc_executeQuery,DocumentSchemaPolicies.lockCurrent,576,55364859,0
trace-16,t00,1,8,publish,jdbc_executeQuery,DocumentSchemaPolicies.select,384,46121134,0
trace-16,t00,1,8,publish,jdbc_executeQuery,DocumentSchemaRetention.requireFragments,192,137298243,0
trace-16,t00,1,8,publish,jdbc_executeQuery,DocumentSchemaRetention.requireRevision,192,24813681,0
trace-16,t00,1,8,publish,jdbc_executeQuery,DocumentSchemaRetention.write,192,47829883,0
trace-16,t00,1,8,publish,jdbc_executeQuery,DocumentSelectedAttemptLedger.lockSelected,192,28919396,0
trace-16,t00,1,8,publish,jdbc_executeQuery,DocumentSelectedAttemptLedger.requireOwner,576,140008960,0
trace-16,t00,1,8,publish,jdbc_executeQuery,DocumentSelectedAttemptLedger.requireSelections,1152,219866823,0
trace-16,t00,1,8,publish,jdbc_executeQuery,DocumentUploadAdmissionReplay.hasSelections,192,19857257,0
trace-16,t00,1,8,publish,jdbc_executeQuery,ManagedBackendLedger.find,384,39075236,0
trace-16,t00,1,8,publish,jdbc_executeQuery,RepositoryCoordinatorBinding.bindInitial,192,18790040,0
trace-16,t00,1,8,publish,jdbc_executeQuery,RepositoryExecutionClaimLedger.live,192,20211914,0
trace-16,t00,1,8,publish,jdbc_executeQuery,RepositoryExecutionClaimLedger.lockLive,3456,938569440,0
trace-16,t00,1,8,publish,jdbc_executeQuery,RepositoryExecutionClaimLedger.readLocked,1152,98469414,0
trace-16,t00,1,8,publish,jdbc_executeQuery,RepositoryOperationLedger.fenceLiveOwner,1920,1178221099,0
trace-16,t00,1,8,publish,jdbc_executeQuery,RepositoryOperationLedger.live,576,83268400,0
trace-16,t00,1,8,publish,jdbc_executeQuery,RepositoryOperationLedger.read,192,24534391,0
trace-16,t00,1,8,publish,jdbc_executeQuery,RepositoryOperationLedger.readOwner,768,87707397,0
trace-16,t00,1,8,publish,jdbc_executeQuery,RepositoryOperationLedger.requireCommand,1920,208643053,0
trace-16,t00,1,8,publish,jdbc_executeQuery,RepositorySchemaArtifacts.lambda$stage$3,768,810962142,0
trace-16,t00,1,8,publish,jdbc_executeQuery,SqlTimeouts.apply,1152,144049383,0
trace-16,t00,1,8,publish,jdbc_executeUpdate,DocumentCommitWriter.write,1344,1125173006,0
trace-16,t00,1,8,publish,jdbc_executeUpdate,DocumentOperationSelection.insert,192,185720108,0
trace-16,t00,1,8,publish,jdbc_executeUpdate,DocumentOperationUploadAdmission.writeAdmissions,384,212543342,0
trace-16,t00,1,8,publish,jdbc_executeUpdate,DocumentPartAttemptLedger.insertEncodedRows,192,153195287,0
trace-16,t00,1,8,publish,jdbc_executeUpdate,DocumentPreparationCoverageCertificates.insert,192,71001938,0
trace-16,t00,1,8,publish,jdbc_executeUpdate,DocumentPreparationHistoryRoots.insert,384,119909782,0
trace-16,t00,1,8,publish,jdbc_executeUpdate,DocumentPublicationCommit.lambda$commitInternal$6,576,665996411,0
trace-16,t00,1,8,publish,jdbc_executeUpdate,DocumentPublicationModesJournal.insert,192,121332577,0
trace-16,t00,1,8,publish,jdbc_executeUpdate,DocumentPublicationPreparationJournal.insert,192,136694416,0
trace-16,t00,1,8,publish,jdbc_executeUpdate,DocumentSchemaAdmissionBinding.insert,192,153647613,0
trace-16,t00,1,8,publish,jdbc_executeUpdate,DocumentSelectedAttemptLedger.renewSelections,576,364324702,0
trace-16,t00,1,8,publish,jdbc_executeUpdate,RepositoryCoordinatorBinding.bindInitial,192,62337467,0
trace-16,t00,1,8,publish,jdbc_executeUpdate,RepositoryExecutionClaimLedger.acquireInitialChecked,192,62672003,0
trace-16,t00,1,8,publish,jdbc_executeUpdate,RepositoryExecutionClaimLedger.renewLive,384,74576139,0
trace-16,t00,1,8,publish,jdbc_executeUpdate,RepositoryOperationLedger.admitInTransaction,384,193677980,0
trace-16,t00,1,8,publish,jdbc_executeUpdate,RepositoryOperationLedger.renewLive,384,228478369,0
trace-16,t00,1,8,publish,sql_acquire,DocumentOperationUploadAdmission.captureReads,384,1553873387,0
trace-16,t00,1,8,publish,sql_acquire,DocumentOperationUploadAdmission.recheckInitialSelections,192,533967255,0
trace-16,t00,1,8,publish,sql_acquire,DocumentOperationUploadAdmission.stage,192,728277771,0
trace-16,t00,1,8,publish,sql_acquire,DocumentPublicationCommit.commitInternal,192,1140729430,0
trace-16,t00,1,8,publish,sql_acquire,DocumentPublicationModesJournal.requireObservedModes,384,1822291645,0
trace-16,t00,1,8,publish,sql_acquire,DocumentPublicationRegistration.admitInitialAccepted,192,782763020,0
trace-16,t00,1,8,publish,sql_acquire,DocumentPublicationRegistration.preflight,192,771025595,0
trace-16,t00,1,8,publish,sql_acquire,DocumentPublicationReplay.observe,384,1645012768,0
trace-16,t00,1,8,publish,sql_acquire,DocumentSchemaPolicies.read,192,679525776,0
trace-16,t00,1,8,publish,sql_acquire,DocumentSelectedAttemptLedger.renew,192,548733287,0
trace-16,t00,1,8,publish,sql_acquire,DocumentSelectedAttemptLedger.renewOwnerAndSelections,384,1289410029,0
trace-16,t00,1,8,publish,sql_acquire,RepositorySchemaArtifacts.stage,192,1005520993,0
trace-16,t00,1,8,publish,sql_usage,DocumentOperationUploadAdmission.captureReads,384,2417000000,0
trace-16,t00,1,8,publish,sql_usage,DocumentOperationUploadAdmission.recheckInitialSelections,192,1101000000,0
trace-16,t00,1,8,publish,sql_usage,DocumentOperationUploadAdmission.stage,192,2102000000,0
trace-16,t00,1,8,publish,sql_usage,DocumentPublicationCommit.commitInternal,192,5381000000,0
trace-16,t00,1,8,publish,sql_usage,DocumentPublicationModesJournal.requireObservedModes,384,1954000000,0
trace-16,t00,1,8,publish,sql_usage,DocumentPublicationRegistration.admitInitialAccepted,192,2097000000,0
trace-16,t00,1,8,publish,sql_usage,DocumentPublicationRegistration.preflight,192,14000000,0
trace-16,t00,1,8,publish,sql_usage,DocumentPublicationReplay.observe,384,7000000,0
trace-16,t00,1,8,publish,sql_usage,DocumentSchemaPolicies.read,192,8000000,0
trace-16,t00,1,8,publish,sql_usage,DocumentSelectedAttemptLedger.renew,192,1368000000,0
trace-16,t00,1,8,publish,sql_usage,DocumentSelectedAttemptLedger.renewOwnerAndSelections,384,2967000000,0
trace-16,t00,1,8,publish,sql_usage,RepositorySchemaArtifacts.stage,192,1900000000,0
trace-16,t00,1,8,read,jdbc_commit,DocumentHistoricalSchemas.authorize,256,1058937242,0
trace-16,t00,1,8,read,jdbc_commit,DocumentHistoricalSchemas.check,256,893633423,0
trace-16,t00,1,8,read,jdbc_commit,DocumentReadLedger$PinnedHistory.authorizeDelivery,768,3130689418,0
trace-16,t00,1,8,read,jdbc_commit,DocumentReadLedger.captureHistorical,256,859622764,0
trace-16,t00,1,8,read,jdbc_executeQuery,DocumentHistoricalReadRows.capture,512,275803054,0
trace-16,t00,1,8,read,jdbc_executeQuery,DocumentHistoricalSchemaRows.artifacts,512,109041223,0
trace-16,t00,1,8,read,jdbc_executeQuery,DocumentHistoricalSchemaRows.capture,512,334388633,0
trace-16,t00,1,8,read,jdbc_executeQuery,DocumentHistoricalSchemaRows.references,256,29707576,0
trace-16,t00,1,8,read,jdbc_executeQuery,DocumentHistoricalSchemaRows.roots,512,53235011,0
trace-16,t00,1,8,read,jdbc_executeQuery,DocumentReadLedger.lambda$captureHistorical$0,256,55933797,0
trace-16,t00,1,8,read,jdbc_executeQuery,DocumentReadPins.acquireHistorical,512,105463177,0
trace-16,t00,1,8,read,jdbc_executeQuery,DocumentRevisionLocks.lock,3072,603197980,0
trace-16,t00,1,8,read,jdbc_executeQuery,ManagedBackendLedger.requireAll,256,37018730,0
trace-16,t00,1,8,read,jdbc_executeUpdate,DocumentReadPins.acquireHistorical,256,248771109,0
trace-16,t00,1,8,read,sql_acquire,DocumentHistoricalSchemas.authorize,256,1370332511,0
trace-16,t00,1,8,read,sql_acquire,DocumentHistoricalSchemas.check,256,1145434160,0
trace-16,t00,1,8,read,sql_acquire,DocumentReadLedger$PinnedHistory.authorizeDelivery,768,3007686869,0
trace-16,t00,1,8,read,sql_acquire,DocumentReadLedger.captureHistorical,256,1354178835,0
trace-16,t00,1,8,read,sql_usage,DocumentHistoricalSchemas.authorize,256,1095000000,0
trace-16,t00,1,8,read,sql_usage,DocumentHistoricalSchemas.check,256,1519000000,0
trace-16,t00,1,8,read,sql_usage,DocumentReadLedger$PinnedHistory.authorizeDelivery,768,3223000000,0
trace-16,t00,1,8,read,sql_usage,DocumentReadLedger.captureHistorical,256,1830000000,0
trace-16,t00,1,8,reject,jdbc_commit,DocumentAssessmentCreation.createInternal,64,174448098,0
trace-16,t00,1,8,reject,jdbc_commit,DocumentAssessmentCreation.lambda$createInternal$0,64,182666822,0
trace-16,t00,1,8,reject,jdbc_commit,DocumentAssessmentDeliveryAuthorization.check,256,813988054,0
trace-16,t00,1,8,reject,jdbc_commit,DocumentAssessmentDiscovery.discover,64,167150353,0
trace-16,t00,1,8,reject,jdbc_commit,DocumentAssessmentReconciliation.observeRetained,64,205506163,0
trace-16,t00,1,8,reject,jdbc_commit,DocumentAssessmentRejections.decide,64,184767218,0
trace-16,t00,1,8,reject,jdbc_commit,DocumentAssessmentReplayInputs.load,64,7483002,0
trace-16,t00,1,8,reject,jdbc_commit,DocumentAssessmentStartJournal.startRetained,64,187338136,0
trace-16,t00,1,8,reject,jdbc_commit,DocumentOperationUploadAdmission.captureReads,128,534178016,0
trace-16,t00,1,8,reject,jdbc_commit,DocumentOperationUploadAdmission.recheckInitialSelections,64,235792861,0
trace-16,t00,1,8,reject,jdbc_commit,DocumentOperationUploadAdmission.stage,64,293205056,0
trace-16,t00,1,8,reject,jdbc_commit,DocumentPublicationModesJournal.loadRetained,128,418873332,0
trace-16,t00,1,8,reject,jdbc_commit,DocumentPublicationModesJournal.requireObservedModes,256,799602943,0
trace-16,t00,1,8,reject,jdbc_commit,DocumentPublicationPreparationJournal.load,128,435676674,0
trace-16,t00,1,8,reject,jdbc_commit,DocumentPublicationRegistration.admitInitialAccepted,64,304729958,0
trace-16,t00,1,8,reject,jdbc_commit,DocumentPublicationRegistration.preflight,128,12934452,0
trace-16,t00,1,8,reject,jdbc_commit,DocumentPublicationReplay.observe,256,397248197,0
trace-16,t00,1,8,reject,jdbc_commit,DocumentSchemaPolicies.read,64,6890645,0
trace-16,t00,1,8,reject,jdbc_commit,DocumentSelectedAttemptLedger.renew,64,240338130,0
trace-16,t00,1,8,reject,jdbc_commit,DocumentSelectedAttemptLedger.renewOwnerAndSelections,128,441742033,0
trace-16,t00,1,8,reject,jdbc_commit,RepositorySchemaArtifacts.stage,64,197810117,0
trace-16,t00,1,8,reject,jdbc_executeBatch,DocumentAssessmentCreationWrites.lambda$writeRows$0,64,38915995,0
trace-16,t00,1,8,reject,jdbc_executeQuery,DocumentAssessmentDeliveryAuthorization.lambda$check$0,1280,172266442,0
trace-16,t00,1,8,reject,jdbc_executeQuery,DocumentAssessmentDeliveryAuthorization.requireLiveReadOwner,512,71740855,0
trace-16,t00,1,8,reject,jdbc_executeQuery,DocumentAssessmentDiscovery.lambda$discover$0,128,24494018,0
trace-16,t00,1,8,reject,jdbc_executeQuery,DocumentAssessmentReadRows.capture,192,707288408,0
trace-16,t00,1,8,reject,jdbc_executeQuery,DocumentAssessmentReconciliation.verifyRetained,256,55223699,0
trace-16,t00,1,8,reject,jdbc_executeQuery,DocumentAssessmentRejections.lambda$decide$0,256,44459011,0
trace-16,t00,1,8,reject,jdbc_executeQuery,DocumentAssessmentReplayInputs.artifacts,128,54123926,0
trace-16,t00,1,8,reject,jdbc_executeQuery,DocumentAssessmentReplayInputs.policy,128,20219746,0
trace-16,t00,1,8,reject,jdbc_executeQuery,DocumentAssessmentReplayInputs.read,128,28914418,0
trace-16,t00,1,8,reject,jdbc_executeQuery,DocumentAssessmentReplayInputs.roots,128,27349259,0
trace-16,t00,1,8,reject,jdbc_executeQuery,DocumentAssessmentRetainedEvidence.verify,64,11611553,0
trace-16,t00,1,8,reject,jdbc_executeQuery,DocumentAssessmentRetainedEvidence.verifyArtifacts,64,27769018,0
trace-16,t00,1,8,reject,jdbc_executeQuery,DocumentAssessmentRetainedSlots.retainedSelections,64,18785347,0
trace-16,t00,1,8,reject,jdbc_executeQuery,DocumentAssessmentRetainedSlots.verify,256,262043527,0
trace-16,t00,1,8,reject,jdbc_executeQuery,DocumentAssessmentStartJournal.insertStartedOutcome,64,10346346,0
trace-16,t00,1,8,reject,jdbc_executeQuery,DocumentAssessmentStartJournal.lambda$startRetained$2,64,10086589,0
trace-16,t00,1,8,reject,jdbc_executeQuery,DocumentAssessmentStartJournal.requireCreation,64,25767174,0
trace-16,t00,1,8,reject,jdbc_executeQuery,DocumentCommitParts.bind,128,38714313,0
trace-16,t00,1,8,reject,jdbc_executeQuery,DocumentCommitParts.read,64,20407299,0
trace-16,t00,1,8,reject,jdbc_executeQuery,DocumentCommitParts.selections,64,14130254,0
trace-16,t00,1,8,reject,jdbc_executeQuery,DocumentDriveSnapshot.lock,128,15026461,0
trace-16,t00,1,8,reject,jdbc_executeQuery,DocumentKeyReservations.reserveEncoded,64,15528522,0
trace-16,t00,1,8,reject,jdbc_executeQuery,DocumentOperationUploadAdmission.lambda$captureReads$0,192,49228829,0
trace-16,t00,1,8,reject,jdbc_executeQuery,DocumentOperationUploadAdmission.requireInitialSelections,64,11744205,0
trace-16,t00,1,8,reject,jdbc_executeQuery,DocumentOperationUploadAdmission.writeAdmissions,128,23533756,0
trace-16,t00,1,8,reject,jdbc_executeQuery,DocumentPartAttemptLedger.lockAll,384,37199828,0
trace-16,t00,1,8,reject,jdbc_executeQuery,DocumentPartAttemptLedger.read,128,11876818,0
trace-16,t00,1,8,reject,jdbc_executeQuery,DocumentPreparationHistoryRoots.coverage,64,7424854,0
trace-16,t00,1,8,reject,jdbc_executeQuery,DocumentPublicationModesJournal.readModes,192,20828871,0
trace-16,t00,1,8,reject,jdbc_executeQuery,DocumentPublicationPreparationJournal.capture,384,36181807,0
trace-16,t00,1,8,reject,jdbc_executeQuery,DocumentPublicationReplay.observe,832,97769240,0
trace-16,t00,1,8,reject,jdbc_executeQuery,DocumentRevisionLocks.lock,2304,372077431,0
trace-16,t00,1,8,reject,jdbc_executeQuery,DocumentSchemaPolicies.lambda$read$0,64,7674223,0
trace-16,t00,1,8,reject,jdbc_executeQuery,DocumentSchemaPolicies.lockCurrent,384,33876981,0
trace-16,t00,1,8,reject,jdbc_executeQuery,DocumentSchemaPolicies.select,192,20391609,0
trace-16,t00,1,8,reject,jdbc_executeQuery,DocumentSelectedAttemptLedger.lockSelected,64,9474222,0
trace-16,t00,1,8,reject,jdbc_executeQuery,DocumentSelectedAttemptLedger.requireOwner,192,47996673,0
trace-16,t00,1,8,reject,jdbc_executeQuery,DocumentSelectedAttemptLedger.requireSelections,384,72049685,0
trace-16,t00,1,8,reject,jdbc_executeQuery,DocumentUploadAdmissionReplay.hasSelections,64,5814914,0
trace-16,t00,1,8,reject,jdbc_executeQuery,ManagedBackendLedger.find,128,12202156,0
trace-16,t00,1,8,reject,jdbc_executeQuery,ManagedBackendLedger.requireAll,64,5871430,0
trace-16,t00,1,8,reject,jdbc_executeQuery,RepositoryCoordinatorBinding.bindInitial,64,6423304,0
trace-16,t00,1,8,reject,jdbc_executeQuery,RepositoryExecutionClaimLedger.live,64,7918086,0
trace-16,t00,1,8,reject,jdbc_executeQuery,RepositoryExecutionClaimLedger.lockLive,2304,626094336,0
trace-16,t00,1,8,reject,jdbc_executeQuery,RepositoryExecutionClaimLedger.readLocked,384,34465085,0
trace-16,t00,1,8,reject,jdbc_executeQuery,RepositoryOperationLedger.fenceLiveOwner,1344,789725399,0
trace-16,t00,1,8,reject,jdbc_executeQuery,RepositoryOperationLedger.live,192,33343437,0
trace-16,t00,1,8,reject,jdbc_executeQuery,RepositoryOperationLedger.read,64,7934314,0
trace-16,t00,1,8,reject,jdbc_executeQuery,RepositoryOperationLedger.readOwner,256,24170226,0
trace-16,t00,1,8,reject,jdbc_executeQuery,RepositoryOperationLedger.requireCommand,1344,142135931,0
trace-16,t00,1,8,reject,jdbc_executeQuery,RepositorySchemaArtifacts.lambda$stage$3,256,274983791,0
trace-16,t00,1,8,reject,jdbc_executeQuery,SqlTimeouts.apply,384,50569037,0
trace-16,t00,1,8,reject,jdbc_executeUpdate,DocumentAssessmentCreationWrites.insertOwner,64,54621620,0
trace-16,t00,1,8,reject,jdbc_executeUpdate,DocumentAssessmentCreationWrites.lambda$writeRows$1,64,51136351,0
trace-16,t00,1,8,reject,jdbc_executeUpdate,DocumentAssessmentCreationWrites.writeRows,448,681974564,0
trace-16,t00,1,8,reject,jdbc_executeUpdate,DocumentAssessmentReconciliation.verifyRetained,64,47734335,0
trace-16,t00,1,8,reject,jdbc_executeUpdate,DocumentAssessmentRejections.lambda$decide$0,64,53295825,0
trace-16,t00,1,8,reject,jdbc_executeUpdate,DocumentAssessmentStartJournal.insertStartedOutcome,64,61079106,0
trace-16,t00,1,8,reject,jdbc_executeUpdate,DocumentOperationSelection.insert,64,62926545,0
trace-16,t00,1,8,reject,jdbc_executeUpdate,DocumentOperationUploadAdmission.writeAdmissions,128,70185584,0
trace-16,t00,1,8,reject,jdbc_executeUpdate,DocumentPartAttemptLedger.insertEncodedRows,64,54175947,0
trace-16,t00,1,8,reject,jdbc_executeUpdate,DocumentPreparationCoverageCertificates.insert,64,24141126,0
trace-16,t00,1,8,reject,jdbc_executeUpdate,DocumentPreparationHistoryRoots.insert,128,38433039,0
trace-16,t00,1,8,reject,jdbc_executeUpdate,DocumentPublicationModesJournal.insert,64,49351858,0
trace-16,t00,1,8,reject,jdbc_executeUpdate,DocumentPublicationPreparationJournal.insert,64,47626373,0
trace-16,t00,1,8,reject,jdbc_executeUpdate,DocumentSelectedAttemptLedger.renewSelections,192,130160731,0
trace-16,t00,1,8,reject,jdbc_executeUpdate,RepositoryCoordinatorBinding.bindInitial,64,20681751,0
trace-16,t00,1,8,reject,jdbc_executeUpdate,RepositoryExecutionClaimLedger.acquireInitialChecked,64,22719769,0
trace-16,t00,1,8,reject,jdbc_executeUpdate,RepositoryExecutionClaimLedger.renewLive,128,23072903,0
trace-16,t00,1,8,reject,jdbc_executeUpdate,RepositoryOperationLedger.admitInTransaction,128,84695949,0
trace-16,t00,1,8,reject,jdbc_executeUpdate,RepositoryOperationLedger.renewLive,128,66677677,0
trace-16,t00,1,8,reject,sql_acquire,DocumentAssessmentCreation.createInternal,64,311381677,0
trace-16,t00,1,8,reject,sql_acquire,DocumentAssessmentCreation.lambda$createInternal$0,64,258288987,0
trace-16,t00,1,8,reject,sql_acquire,DocumentAssessmentDeliveryAuthorization.check,256,1184431814,0
trace-16,t00,1,8,reject,sql_acquire,DocumentAssessmentDiscovery.discover,64,223591842,0
trace-16,t00,1,8,reject,sql_acquire,DocumentAssessmentReconciliation.observeRetained,64,270441915,0
trace-16,t00,1,8,reject,sql_acquire,DocumentAssessmentRejections.decide,64,248363121,0
trace-16,t00,1,8,reject,sql_acquire,DocumentAssessmentReplayInputs.load,64,251181222,0
trace-16,t00,1,8,reject,sql_acquire,DocumentAssessmentStartJournal.startRetained,64,212190736,0
trace-16,t00,1,8,reject,sql_acquire,DocumentOperationUploadAdmission.captureReads,128,388720101,0
trace-16,t00,1,8,reject,sql_acquire,DocumentOperationUploadAdmission.recheckInitialSelections,64,140291480,0
trace-16,t00,1,8,reject,sql_acquire,DocumentOperationUploadAdmission.stage,64,238045746,0
trace-16,t00,1,8,reject,sql_acquire,DocumentPublicationModesJournal.loadRetained,128,442244854,0
trace-16,t00,1,8,reject,sql_acquire,DocumentPublicationModesJournal.requireObservedModes,256,1041525050,0
trace-16,t00,1,8,reject,sql_acquire,DocumentPublicationPreparationJournal.load,128,507907410,0
trace-16,t00,1,8,reject,sql_acquire,DocumentPublicationRegistration.admitInitialAccepted,64,243739858,0
trace-16,t00,1,8,reject,sql_acquire,DocumentPublicationRegistration.preflight,128,453152382,0
trace-16,t00,1,8,reject,sql_acquire,DocumentPublicationReplay.observe,256,1124955997,0
trace-16,t00,1,8,reject,sql_acquire,DocumentSchemaPolicies.read,64,175208860,0
trace-16,t00,1,8,reject,sql_acquire,DocumentSelectedAttemptLedger.renew,64,172064603,0
trace-16,t00,1,8,reject,sql_acquire,DocumentSelectedAttemptLedger.renewOwnerAndSelections,128,401023867,0
trace-16,t00,1,8,reject,sql_acquire,RepositorySchemaArtifacts.stage,64,219138266,0
trace-16,t00,1,8,reject,sql_usage,DocumentAssessmentCreation.createInternal,64,1395000000,0
trace-16,t00,1,8,reject,sql_usage,DocumentAssessmentCreation.lambda$createInternal$0,64,251000000,0
trace-16,t00,1,8,reject,sql_usage,DocumentAssessmentDeliveryAuthorization.check,256,1157000000,0
trace-16,t00,1,8,reject,sql_usage,DocumentAssessmentDiscovery.discover,64,337000000,0
trace-16,t00,1,8,reject,sql_usage,DocumentAssessmentReconciliation.observeRetained,64,1563000000,0
trace-16,t00,1,8,reject,sql_usage,DocumentAssessmentRejections.decide,64,528000000,0
trace-16,t00,1,8,reject,sql_usage,DocumentAssessmentReplayInputs.load,64,221000000,0
trace-16,t00,1,8,reject,sql_usage,DocumentAssessmentStartJournal.startRetained,64,342000000,0
trace-16,t00,1,8,reject,sql_usage,DocumentOperationUploadAdmission.captureReads,128,752000000,0
trace-16,t00,1,8,reject,sql_usage,DocumentOperationUploadAdmission.recheckInitialSelections,64,310000000,0
trace-16,t00,1,8,reject,sql_usage,DocumentOperationUploadAdmission.stage,64,664000000,0
trace-16,t00,1,8,reject,sql_usage,DocumentPublicationModesJournal.loadRetained,128,428000000,0
trace-16,t00,1,8,reject,sql_usage,DocumentPublicationModesJournal.requireObservedModes,256,1070000000,0
trace-16,t00,1,8,reject,sql_usage,DocumentPublicationPreparationJournal.load,128,455000000,0
trace-16,t00,1,8,reject,sql_usage,DocumentPublicationRegistration.admitInitialAccepted,64,748000000,0
trace-16,t00,1,8,reject,sql_usage,DocumentPublicationRegistration.preflight,128,15000000,0
trace-16,t00,1,8,reject,sql_usage,DocumentPublicationReplay.observe,256,466000000,0
trace-16,t00,1,8,reject,sql_usage,DocumentSchemaPolicies.read,64,3000000,0
trace-16,t00,1,8,reject,sql_usage,DocumentSelectedAttemptLedger.renew,64,406000000,0
trace-16,t00,1,8,reject,sql_usage,DocumentSelectedAttemptLedger.renewOwnerAndSelections,128,880000000,0
trace-16,t00,1,8,reject,sql_usage,RepositorySchemaArtifacts.stage,64,585000000,0
trace-16,t00,1,8,replay,jdbc_commit,DocumentPublicationReplay.observe,256,1003644500,0
trace-16,t00,1,8,replay,jdbc_executeQuery,DocumentPublicationReplay.observe,768,103883539,0
trace-16,t00,1,8,replay,jdbc_executeQuery,DocumentPublicationReplay.requireRevisions,192,37919065,0
trace-16,t00,1,8,replay,jdbc_executeQuery,DocumentRevisionLocks.lock,512,94262800,0
trace-16,t00,1,8,replay,jdbc_executeQuery,RepositoryOperationLedger.requireCommand,256,51470362,0
trace-16,t00,1,8,replay,sql_acquire,DocumentPublicationReplay.observe,256,1416263959,0
trace-16,t00,1,8,replay,sql_usage,DocumentPublicationReplay.observe,256,1321000000,0
trace-16,t00,1,8,unscoped,jdbc_commit,DocumentAssessmentReadProtection.finish,67,274076486,0
trace-16,t00,1,8,unscoped,jdbc_commit,DocumentReadPins.finish,256,1269097110,0
trace-16,t00,1,8,unscoped,jdbc_commit,DocumentSelectedAttemptLedger.verifyBatch,256,1138011252,0
trace-16,t00,1,8,unscoped,jdbc_executeQuery,DocumentAssessmentReadProtection.lambda$finish$0,67,40517722,0
trace-16,t00,1,8,unscoped,jdbc_executeQuery,DocumentPartAttemptLedger.read,512,53334314,0
trace-16,t00,1,8,unscoped,jdbc_executeQuery,DocumentReadPins.lambda$finish$0,256,269135917,0
trace-16,t00,1,8,unscoped,jdbc_executeQuery,DocumentSelectedAttemptLedger.lockSelected,512,70671897,0
trace-16,t00,1,8,unscoped,jdbc_executeQuery,DocumentSelectedAttemptLedger.requireOwner,256,57437944,0
trace-16,t00,1,8,unscoped,jdbc_executeQuery,RepositoryExecutionClaimLedger.lockLive,256,76712235,0
trace-16,t00,1,8,unscoped,jdbc_executeQuery,RepositoryOperationLedger.fenceLiveOwner,256,157963151,0
trace-16,t00,1,8,unscoped,jdbc_executeQuery,SqlTimeouts.apply,256,32974608,0
trace-16,t00,1,8,unscoped,jdbc_executeUpdate,DocumentSelectedAttemptLedger.verifyBatch,512,351664832,0
trace-16,t00,1,8,unscoped,provider_getBounded,DocumentPartTransfer.upload,256,471972254,0
trace-16,t00,1,8,unscoped,provider_getBounded,outside_ledger,320,745708122,0
trace-16,t00,1,8,unscoped,provider_put,DocumentPartTransfer.upload,256,18868033106,0
trace-16,t00,1,8,unscoped,sql_acquire,DocumentAssessmentReadProtection.finish,67,263611786,0
trace-16,t00,1,8,unscoped,sql_acquire,DocumentReadPins.finish,256,719902214,0
trace-16,t00,1,8,unscoped,sql_acquire,DocumentSelectedAttemptLedger.verifyBatch,256,654171155,0
trace-16,t00,1,8,unscoped,sql_usage,DocumentAssessmentReadProtection.finish,67,297000000,0
trace-16,t00,1,8,unscoped,sql_usage,DocumentReadPins.finish,256,1437000000,0
trace-16,t00,1,8,unscoped,sql_usage,DocumentSelectedAttemptLedger.verifyBatch,256,1915000000,0
trace-16,t01,4,8,publish,jdbc_commit,DocumentOperationUploadAdmission.captureReads,384,1885222739,0
trace-16,t01,4,8,publish,jdbc_commit,DocumentOperationUploadAdmission.recheckInitialSelections,192,907653347,0
trace-16,t01,4,8,publish,jdbc_commit,DocumentOperationUploadAdmission.stage,192,995709359,0
trace-16,t01,4,8,publish,jdbc_commit,DocumentPublicationCommit.commitInternal,192,1059586035,0
trace-16,t01,4,8,publish,jdbc_commit,DocumentPublicationModesJournal.requireObservedModes,384,1741873346,0
trace-16,t01,4,8,publish,jdbc_commit,DocumentPublicationRegistration.admitInitialAccepted,192,1013874732,0
trace-16,t01,4,8,publish,jdbc_commit,DocumentPublicationRegistration.preflight,192,32216319,0
trace-16,t01,4,8,publish,jdbc_commit,DocumentPublicationReplay.observe,384,55917848,0
trace-16,t01,4,8,publish,jdbc_commit,DocumentSchemaPolicies.read,192,28798733,0
trace-16,t01,4,8,publish,jdbc_commit,DocumentSelectedAttemptLedger.renew,192,882352322,0
trace-16,t01,4,8,publish,jdbc_commit,DocumentSelectedAttemptLedger.renewOwnerAndSelections,384,1905008566,0
trace-16,t01,4,8,publish,jdbc_commit,RepositorySchemaArtifacts.stage,192,918850648,0
trace-16,t01,4,8,publish,jdbc_executeBatch,DocumentSchemaRetention.flush,576,665685095,0
trace-16,t01,4,8,publish,jdbc_executeQuery,DocumentAdmissionSnapshot.prepare,192,103571699,0
trace-16,t01,4,8,publish,jdbc_executeQuery,DocumentCommitParts.bind,192,54138258,0
trace-16,t01,4,8,publish,jdbc_executeQuery,DocumentCommitParts.read,192,193351260,0
trace-16,t01,4,8,publish,jdbc_executeQuery,DocumentCommitParts.selections,192,101076423,0
trace-16,t01,4,8,publish,jdbc_executeQuery,DocumentCommitWriter.write,384,71642612,0
trace-16,t01,4,8,publish,jdbc_executeQuery,DocumentDriveSnapshot.lock,384,75684109,0
trace-16,t01,4,8,publish,jdbc_executeQuery,DocumentKeyReservations.reserveEncoded,192,72178479,0
trace-16,t01,4,8,publish,jdbc_executeQuery,DocumentOperationUploadAdmission.lambda$captureReads$0,576,189979465,0
trace-16,t01,4,8,publish,jdbc_executeQuery,DocumentOperationUploadAdmission.requireInitialSelections,192,82830123,0
trace-16,t01,4,8,publish,jdbc_executeQuery,DocumentOperationUploadAdmission.writeAdmissions,384,87121994,0
trace-16,t01,4,8,publish,jdbc_executeQuery,DocumentPartAttemptLedger.lockAll,1152,175852230,0
trace-16,t01,4,8,publish,jdbc_executeQuery,DocumentPartAttemptLedger.read,384,70479499,0
trace-16,t01,4,8,publish,jdbc_executeQuery,DocumentPreparationHistoryRoots.coverage,192,55591676,0
trace-16,t01,4,8,publish,jdbc_executeQuery,DocumentPublicationLocks$IndependentOrigins.requireScope,384,63228581,0
trace-16,t01,4,8,publish,jdbc_executeQuery,DocumentPublicationLocks.lockIndependentOrigins,960,190373090,0
trace-16,t01,4,8,publish,jdbc_executeQuery,DocumentPublicationLocks.lockIndependentRetention,192,50844968,0
trace-16,t01,4,8,publish,jdbc_executeQuery,DocumentPublicationModeBinding.require,192,70467615,0
trace-16,t01,4,8,publish,jdbc_executeQuery,DocumentPublicationModesJournal.readModes,192,31886911,0
trace-16,t01,4,8,publish,jdbc_executeQuery,DocumentPublicationPreparationJournal.capture,384,72781038,0
trace-16,t01,4,8,publish,jdbc_executeQuery,DocumentPublicationReplay.observe,768,162247783,0
trace-16,t01,4,8,publish,jdbc_executeQuery,DocumentRevisionLocks.lock,2304,611813493,0
trace-16,t01,4,8,publish,jdbc_executeQuery,DocumentSchemaBatch.lockArtifacts,960,226166833,0
trace-16,t01,4,8,publish,jdbc_executeQuery,DocumentSchemaPolicies.lambda$read$0,192,31812688,0
trace-16,t01,4,8,publish,jdbc_executeQuery,DocumentSchemaPolicies.lockCurrent,576,90035062,0
trace-16,t01,4,8,publish,jdbc_executeQuery,DocumentSchemaPolicies.select,384,67764110,0
trace-16,t01,4,8,publish,jdbc_executeQuery,DocumentSchemaRetention.requireFragments,192,420296936,0
trace-16,t01,4,8,publish,jdbc_executeQuery,DocumentSchemaRetention.requireRevision,192,56568649,0
trace-16,t01,4,8,publish,jdbc_executeQuery,DocumentSchemaRetention.write,192,65575854,0
trace-16,t01,4,8,publish,jdbc_executeQuery,DocumentSelectedAttemptLedger.lockSelected,192,55249764,0
trace-16,t01,4,8,publish,jdbc_executeQuery,DocumentSelectedAttemptLedger.requireOwner,576,178352977,0
trace-16,t01,4,8,publish,jdbc_executeQuery,DocumentSelectedAttemptLedger.requireSelections,1152,285996474,0
trace-16,t01,4,8,publish,jdbc_executeQuery,DocumentUploadAdmissionReplay.hasSelections,192,35505169,0
trace-16,t01,4,8,publish,jdbc_executeQuery,ManagedBackendLedger.find,384,67036049,0
trace-16,t01,4,8,publish,jdbc_executeQuery,RepositoryCoordinatorBinding.bindInitial,192,33362124,0
trace-16,t01,4,8,publish,jdbc_executeQuery,RepositoryExecutionClaimLedger.live,192,33985835,0
trace-16,t01,4,8,publish,jdbc_executeQuery,RepositoryExecutionClaimLedger.lockLive,3456,1248965973,0
trace-16,t01,4,8,publish,jdbc_executeQuery,RepositoryExecutionClaimLedger.readLocked,1152,135369837,0
trace-16,t01,4,8,publish,jdbc_executeQuery,RepositoryOperationLedger.fenceLiveOwner,1920,1466951521,0
trace-16,t01,4,8,publish,jdbc_executeQuery,RepositoryOperationLedger.live,576,112897997,0
trace-16,t01,4,8,publish,jdbc_executeQuery,RepositoryOperationLedger.read,192,41827494,0
trace-16,t01,4,8,publish,jdbc_executeQuery,RepositoryOperationLedger.readOwner,768,113916781,0
trace-16,t01,4,8,publish,jdbc_executeQuery,RepositoryOperationLedger.requireCommand,1920,302217467,0
trace-16,t01,4,8,publish,jdbc_executeQuery,RepositorySchemaArtifacts.lambda$stage$3,768,788097563,0
trace-16,t01,4,8,publish,jdbc_executeQuery,SqlTimeouts.apply,1152,199057191,0
trace-16,t01,4,8,publish,jdbc_executeUpdate,DocumentCommitWriter.write,1344,1823208980,0
trace-16,t01,4,8,publish,jdbc_executeUpdate,DocumentOperationSelection.insert,192,254912516,0
trace-16,t01,4,8,publish,jdbc_executeUpdate,DocumentOperationUploadAdmission.writeAdmissions,384,309591218,0
trace-16,t01,4,8,publish,jdbc_executeUpdate,DocumentPartAttemptLedger.insertEncodedRows,192,217331781,0
trace-16,t01,4,8,publish,jdbc_executeUpdate,DocumentPreparationCoverageCertificates.insert,192,120675189,0
trace-16,t01,4,8,publish,jdbc_executeUpdate,DocumentPreparationHistoryRoots.insert,384,182089639,0
trace-16,t01,4,8,publish,jdbc_executeUpdate,DocumentPublicationCommit.lambda$commitInternal$6,576,1333236222,0
trace-16,t01,4,8,publish,jdbc_executeUpdate,DocumentPublicationModesJournal.insert,192,180848579,0
trace-16,t01,4,8,publish,jdbc_executeUpdate,DocumentPublicationPreparationJournal.insert,192,197630523,0
trace-16,t01,4,8,publish,jdbc_executeUpdate,DocumentSchemaAdmissionBinding.insert,192,217430793,0
trace-16,t01,4,8,publish,jdbc_executeUpdate,DocumentSelectedAttemptLedger.renewSelections,576,430741226,0
trace-16,t01,4,8,publish,jdbc_executeUpdate,RepositoryCoordinatorBinding.bindInitial,192,91881493,0
trace-16,t01,4,8,publish,jdbc_executeUpdate,RepositoryExecutionClaimLedger.acquireInitialChecked,192,89454159,0
trace-16,t01,4,8,publish,jdbc_executeUpdate,RepositoryExecutionClaimLedger.renewLive,384,101061509,0
trace-16,t01,4,8,publish,jdbc_executeUpdate,RepositoryOperationLedger.admitInTransaction,384,276893337,0
trace-16,t01,4,8,publish,jdbc_executeUpdate,RepositoryOperationLedger.renewLive,384,278445668,0
trace-16,t01,4,8,publish,sql_acquire,DocumentOperationUploadAdmission.captureReads,384,1208073,0
trace-16,t01,4,8,publish,sql_acquire,DocumentOperationUploadAdmission.recheckInitialSelections,192,594895,0
trace-16,t01,4,8,publish,sql_acquire,DocumentOperationUploadAdmission.stage,192,521778,0
trace-16,t01,4,8,publish,sql_acquire,DocumentPublicationCommit.commitInternal,192,631220,0
trace-16,t01,4,8,publish,sql_acquire,DocumentPublicationModesJournal.requireObservedModes,384,1275621,0
trace-16,t01,4,8,publish,sql_acquire,DocumentPublicationRegistration.admitInitialAccepted,192,366627,0
trace-16,t01,4,8,publish,sql_acquire,DocumentPublicationRegistration.preflight,192,325333,0
trace-16,t01,4,8,publish,sql_acquire,DocumentPublicationReplay.observe,384,1071625,0
trace-16,t01,4,8,publish,sql_acquire,DocumentSchemaPolicies.read,192,491351,0
trace-16,t01,4,8,publish,sql_acquire,DocumentSelectedAttemptLedger.renew,192,984334,0
trace-16,t01,4,8,publish,sql_acquire,DocumentSelectedAttemptLedger.renewOwnerAndSelections,384,1201367,0
trace-16,t01,4,8,publish,sql_acquire,RepositorySchemaArtifacts.stage,192,832377,0
trace-16,t01,4,8,publish,sql_usage,DocumentOperationUploadAdmission.captureReads,384,2935000000,0
trace-16,t01,4,8,publish,sql_usage,DocumentOperationUploadAdmission.recheckInitialSelections,192,1278000000,0
trace-16,t01,4,8,publish,sql_usage,DocumentOperationUploadAdmission.stage,192,2827000000,0
trace-16,t01,4,8,publish,sql_usage,DocumentPublicationCommit.commitInternal,192,9266000000,0
trace-16,t01,4,8,publish,sql_usage,DocumentPublicationModesJournal.requireObservedModes,384,2432000000,0
trace-16,t01,4,8,publish,sql_usage,DocumentPublicationRegistration.admitInitialAccepted,192,3006000000,0
trace-16,t01,4,8,publish,sql_usage,DocumentPublicationRegistration.preflight,192,145000000,0
trace-16,t01,4,8,publish,sql_usage,DocumentPublicationReplay.observe,384,83000000,0
trace-16,t01,4,8,publish,sql_usage,DocumentSchemaPolicies.read,192,86000000,0
trace-16,t01,4,8,publish,sql_usage,DocumentSelectedAttemptLedger.renew,192,1569000000,0
trace-16,t01,4,8,publish,sql_usage,DocumentSelectedAttemptLedger.renewOwnerAndSelections,384,3888000000,0
trace-16,t01,4,8,publish,sql_usage,RepositorySchemaArtifacts.stage,192,2267000000,0
trace-16,t01,4,8,read,jdbc_commit,DocumentHistoricalSchemas.authorize,256,1282848601,0
trace-16,t01,4,8,read,jdbc_commit,DocumentHistoricalSchemas.check,256,1300149625,0
trace-16,t01,4,8,read,jdbc_commit,DocumentReadLedger$PinnedHistory.authorizeDelivery,768,3909288757,0
trace-16,t01,4,8,read,jdbc_commit,DocumentReadLedger.captureHistorical,256,1257708571,0
trace-16,t01,4,8,read,jdbc_executeQuery,DocumentHistoricalReadRows.capture,512,728698450,0
trace-16,t01,4,8,read,jdbc_executeQuery,DocumentHistoricalSchemaRows.artifacts,512,164230988,0
trace-16,t01,4,8,read,jdbc_executeQuery,DocumentHistoricalSchemaRows.capture,512,619020074,0
trace-16,t01,4,8,read,jdbc_executeQuery,DocumentHistoricalSchemaRows.references,256,48284048,0
trace-16,t01,4,8,read,jdbc_executeQuery,DocumentHistoricalSchemaRows.roots,512,90119037,0
trace-16,t01,4,8,read,jdbc_executeQuery,DocumentReadLedger.lambda$captureHistorical$0,256,70096932,0
trace-16,t01,4,8,read,jdbc_executeQuery,DocumentReadPins.acquireHistorical,512,222305905,0
trace-16,t01,4,8,read,jdbc_executeQuery,DocumentRevisionLocks.lock,3072,956292242,0
trace-16,t01,4,8,read,jdbc_executeQuery,ManagedBackendLedger.requireAll,256,67101017,0
trace-16,t01,4,8,read,jdbc_executeUpdate,DocumentReadPins.acquireHistorical,256,376768467,0
trace-16,t01,4,8,read,sql_acquire,DocumentHistoricalSchemas.authorize,256,1024901,0
trace-16,t01,4,8,read,sql_acquire,DocumentHistoricalSchemas.check,256,717730,0
trace-16,t01,4,8,read,sql_acquire,DocumentReadLedger$PinnedHistory.authorizeDelivery,768,2392055,0
trace-16,t01,4,8,read,sql_acquire,DocumentReadLedger.captureHistorical,256,2447857,0
trace-16,t01,4,8,read,sql_usage,DocumentHistoricalSchemas.authorize,256,1443000000,0
trace-16,t01,4,8,read,sql_usage,DocumentHistoricalSchemas.check,256,2485000000,0
trace-16,t01,4,8,read,sql_usage,DocumentReadLedger$PinnedHistory.authorizeDelivery,768,4280000000,0
trace-16,t01,4,8,read,sql_usage,DocumentReadLedger.captureHistorical,256,3276000000,0
trace-16,t01,4,8,reject,jdbc_commit,DocumentAssessmentCreation.createInternal,64,349170081,0
trace-16,t01,4,8,reject,jdbc_commit,DocumentAssessmentCreation.lambda$createInternal$0,64,312826757,0
trace-16,t01,4,8,reject,jdbc_commit,DocumentAssessmentDeliveryAuthorization.check,256,1117406577,0
trace-16,t01,4,8,reject,jdbc_commit,DocumentAssessmentDiscovery.discover,64,251716030,0
trace-16,t01,4,8,reject,jdbc_commit,DocumentAssessmentReconciliation.observeRetained,64,262796731,0
trace-16,t01,4,8,reject,jdbc_commit,DocumentAssessmentRejections.decide,64,245684568,0
trace-16,t01,4,8,reject,jdbc_commit,DocumentAssessmentReplayInputs.load,64,11204251,0
trace-16,t01,4,8,reject,jdbc_commit,DocumentAssessmentStartJournal.startRetained,64,285995444,0
trace-16,t01,4,8,reject,jdbc_commit,DocumentOperationUploadAdmission.captureReads,128,669976018,0
trace-16,t01,4,8,reject,jdbc_commit,DocumentOperationUploadAdmission.recheckInitialSelections,64,318137690,0
trace-16,t01,4,8,reject,jdbc_commit,DocumentOperationUploadAdmission.stage,64,362482896,0
trace-16,t01,4,8,reject,jdbc_commit,DocumentPublicationModesJournal.loadRetained,128,584217792,0
trace-16,t01,4,8,reject,jdbc_commit,DocumentPublicationModesJournal.requireObservedModes,256,1152470611,0
trace-16,t01,4,8,reject,jdbc_commit,DocumentPublicationPreparationJournal.load,128,624226869,0
trace-16,t01,4,8,reject,jdbc_commit,DocumentPublicationRegistration.admitInitialAccepted,64,351097937,0
trace-16,t01,4,8,reject,jdbc_commit,DocumentPublicationRegistration.preflight,128,16457370,0
trace-16,t01,4,8,reject,jdbc_commit,DocumentPublicationReplay.observe,256,590107874,0
trace-16,t01,4,8,reject,jdbc_commit,DocumentSchemaPolicies.read,64,8422654,0
trace-16,t01,4,8,reject,jdbc_commit,DocumentSelectedAttemptLedger.renew,64,309390267,0
trace-16,t01,4,8,reject,jdbc_commit,DocumentSelectedAttemptLedger.renewOwnerAndSelections,128,708731662,0
trace-16,t01,4,8,reject,jdbc_commit,RepositorySchemaArtifacts.stage,64,319646581,0
trace-16,t01,4,8,reject,jdbc_executeBatch,DocumentAssessmentCreationWrites.lambda$writeRows$0,64,73116013,0
trace-16,t01,4,8,reject,jdbc_executeQuery,DocumentAssessmentDeliveryAuthorization.lambda$check$0,1280,263141559,0
trace-16,t01,4,8,reject,jdbc_executeQuery,DocumentAssessmentDeliveryAuthorization.requireLiveReadOwner,512,101802107,0
trace-16,t01,4,8,reject,jdbc_executeQuery,DocumentAssessmentDiscovery.lambda$discover$0,128,34517795,0
trace-16,t01,4,8,reject,jdbc_executeQuery,DocumentAssessmentReadRows.capture,192,872779231,0
trace-16,t01,4,8,reject,jdbc_executeQuery,DocumentAssessmentReconciliation.verifyRetained,256,74986561,0
trace-16,t01,4,8,reject,jdbc_executeQuery,DocumentAssessmentRejections.lambda$decide$0,256,65752906,0
trace-16,t01,4,8,reject,jdbc_executeQuery,DocumentAssessmentReplayInputs.artifacts,128,80586817,0
trace-16,t01,4,8,reject,jdbc_executeQuery,DocumentAssessmentReplayInputs.policy,128,31207288,0
trace-16,t01,4,8,reject,jdbc_executeQuery,DocumentAssessmentReplayInputs.read,128,40851670,0
trace-16,t01,4,8,reject,jdbc_executeQuery,DocumentAssessmentReplayInputs.roots,128,38716426,0
trace-16,t01,4,8,reject,jdbc_executeQuery,DocumentAssessmentRetainedEvidence.verify,64,18289182,0
trace-16,t01,4,8,reject,jdbc_executeQuery,DocumentAssessmentRetainedEvidence.verifyArtifacts,64,38131577,0
trace-16,t01,4,8,reject,jdbc_executeQuery,DocumentAssessmentRetainedSlots.retainedSelections,64,27682262,0
trace-16,t01,4,8,reject,jdbc_executeQuery,DocumentAssessmentRetainedSlots.verify,256,305946256,0
trace-16,t01,4,8,reject,jdbc_executeQuery,DocumentAssessmentStartJournal.insertStartedOutcome,64,14497893,0
trace-16,t01,4,8,reject,jdbc_executeQuery,DocumentAssessmentStartJournal.lambda$startRetained$2,64,15285633,0
trace-16,t01,4,8,reject,jdbc_executeQuery,DocumentAssessmentStartJournal.requireCreation,64,39688304,0
trace-16,t01,4,8,reject,jdbc_executeQuery,DocumentCommitParts.bind,128,69516354,0
trace-16,t01,4,8,reject,jdbc_executeQuery,DocumentCommitParts.read,64,53154079,0
trace-16,t01,4,8,reject,jdbc_executeQuery,DocumentCommitParts.selections,64,25715769,0
trace-16,t01,4,8,reject,jdbc_executeQuery,DocumentDriveSnapshot.lock,128,21496596,0
trace-16,t01,4,8,reject,jdbc_executeQuery,DocumentKeyReservations.reserveEncoded,64,23808365,0
trace-16,t01,4,8,reject,jdbc_executeQuery,DocumentOperationUploadAdmission.lambda$captureReads$0,192,57311223,0
trace-16,t01,4,8,reject,jdbc_executeQuery,DocumentOperationUploadAdmission.requireInitialSelections,64,21361457,0
trace-16,t01,4,8,reject,jdbc_executeQuery,DocumentOperationUploadAdmission.writeAdmissions,128,28258515,0
trace-16,t01,4,8,reject,jdbc_executeQuery,DocumentPartAttemptLedger.lockAll,384,51529406,0
trace-16,t01,4,8,reject,jdbc_executeQuery,DocumentPartAttemptLedger.read,128,17452459,0
trace-16,t01,4,8,reject,jdbc_executeQuery,DocumentPreparationHistoryRoots.coverage,64,13791863,0
trace-16,t01,4,8,reject,jdbc_executeQuery,DocumentPublicationModesJournal.readModes,192,28044932,0
trace-16,t01,4,8,reject,jdbc_executeQuery,DocumentPublicationPreparationJournal.capture,384,53309384,0
trace-16,t01,4,8,reject,jdbc_executeQuery,DocumentPublicationReplay.observe,832,137618902,0
trace-16,t01,4,8,reject,jdbc_executeQuery,DocumentRevisionLocks.lock,2304,580789368,0
trace-16,t01,4,8,reject,jdbc_executeQuery,DocumentSchemaPolicies.lambda$read$0,64,10167647,0
trace-16,t01,4,8,reject,jdbc_executeQuery,DocumentSchemaPolicies.lockCurrent,384,45260219,0
trace-16,t01,4,8,reject,jdbc_executeQuery,DocumentSchemaPolicies.select,192,26891949,0
trace-16,t01,4,8,reject,jdbc_executeQuery,DocumentSelectedAttemptLedger.lockSelected,64,19405115,0
trace-16,t01,4,8,reject,jdbc_executeQuery,DocumentSelectedAttemptLedger.requireOwner,192,55802398,0
trace-16,t01,4,8,reject,jdbc_executeQuery,DocumentSelectedAttemptLedger.requireSelections,384,87887809,0
trace-16,t01,4,8,reject,jdbc_executeQuery,DocumentUploadAdmissionReplay.hasSelections,64,12082770,0
trace-16,t01,4,8,reject,jdbc_executeQuery,ManagedBackendLedger.find,128,18695171,0
trace-16,t01,4,8,reject,jdbc_executeQuery,ManagedBackendLedger.requireAll,64,10058722,0
trace-16,t01,4,8,reject,jdbc_executeQuery,RepositoryCoordinatorBinding.bindInitial,64,8637317,0
trace-16,t01,4,8,reject,jdbc_executeQuery,RepositoryExecutionClaimLedger.live,64,8068604,0
trace-16,t01,4,8,reject,jdbc_executeQuery,RepositoryExecutionClaimLedger.lockLive,2304,852175927,0
trace-16,t01,4,8,reject,jdbc_executeQuery,RepositoryExecutionClaimLedger.readLocked,384,42992265,0
trace-16,t01,4,8,reject,jdbc_executeQuery,RepositoryOperationLedger.fenceLiveOwner,1344,1032766457,0
trace-16,t01,4,8,reject,jdbc_executeQuery,RepositoryOperationLedger.live,192,36916239,0
trace-16,t01,4,8,reject,jdbc_executeQuery,RepositoryOperationLedger.read,64,11858310,0
trace-16,t01,4,8,reject,jdbc_executeQuery,RepositoryOperationLedger.readOwner,256,34454484,0
trace-16,t01,4,8,reject,jdbc_executeQuery,RepositoryOperationLedger.requireCommand,1344,220177154,0
trace-16,t01,4,8,reject,jdbc_executeQuery,RepositorySchemaArtifacts.lambda$stage$3,256,265428124,0
trace-16,t01,4,8,reject,jdbc_executeQuery,SqlTimeouts.apply,384,64140042,0
trace-16,t01,4,8,reject,jdbc_executeUpdate,DocumentAssessmentCreationWrites.insertOwner,64,79804296,0
trace-16,t01,4,8,reject,jdbc_executeUpdate,DocumentAssessmentCreationWrites.lambda$writeRows$1,64,88217075,0
trace-16,t01,4,8,reject,jdbc_executeUpdate,DocumentAssessmentCreationWrites.writeRows,448,1269088894,0
trace-16,t01,4,8,reject,jdbc_executeUpdate,DocumentAssessmentReconciliation.verifyRetained,64,68185373,0
trace-16,t01,4,8,reject,jdbc_executeUpdate,DocumentAssessmentRejections.lambda$decide$0,64,68342053,0
trace-16,t01,4,8,reject,jdbc_executeUpdate,DocumentAssessmentStartJournal.insertStartedOutcome,64,83340055,0
trace-16,t01,4,8,reject,jdbc_executeUpdate,DocumentOperationSelection.insert,64,80249206,0
trace-16,t01,4,8,reject,jdbc_executeUpdate,DocumentOperationUploadAdmission.writeAdmissions,128,96747752,0
trace-16,t01,4,8,reject,jdbc_executeUpdate,DocumentPartAttemptLedger.insertEncodedRows,64,70251406,0
trace-16,t01,4,8,reject,jdbc_executeUpdate,DocumentPreparationCoverageCertificates.insert,64,31574403,0
trace-16,t01,4,8,reject,jdbc_executeUpdate,DocumentPreparationHistoryRoots.insert,128,49553418,0
trace-16,t01,4,8,reject,jdbc_executeUpdate,DocumentPublicationModesJournal.insert,64,51218252,0
trace-16,t01,4,8,reject,jdbc_executeUpdate,DocumentPublicationPreparationJournal.insert,64,57107539,0
trace-16,t01,4,8,reject,jdbc_executeUpdate,DocumentSelectedAttemptLedger.renewSelections,192,141885900,0
trace-16,t01,4,8,reject,jdbc_executeUpdate,RepositoryCoordinatorBinding.bindInitial,64,25295268,0
trace-16,t01,4,8,reject,jdbc_executeUpdate,RepositoryExecutionClaimLedger.acquireInitialChecked,64,26422325,0
trace-16,t01,4,8,reject,jdbc_executeUpdate,RepositoryExecutionClaimLedger.renewLive,128,31911527,0
trace-16,t01,4,8,reject,jdbc_executeUpdate,RepositoryOperationLedger.admitInTransaction,128,85092824,0
trace-16,t01,4,8,reject,jdbc_executeUpdate,RepositoryOperationLedger.renewLive,128,89906657,0
trace-16,t01,4,8,reject,sql_acquire,DocumentAssessmentCreation.createInternal,64,178477,0
trace-16,t01,4,8,reject,sql_acquire,DocumentAssessmentCreation.lambda$createInternal$0,64,185659,0
trace-16,t01,4,8,reject,sql_acquire,DocumentAssessmentDeliveryAuthorization.check,256,951453,0
trace-16,t01,4,8,reject,sql_acquire,DocumentAssessmentDiscovery.discover,64,225844,0
trace-16,t01,4,8,reject,sql_acquire,DocumentAssessmentReconciliation.observeRetained,64,182832,0
trace-16,t01,4,8,reject,sql_acquire,DocumentAssessmentRejections.decide,64,205133,0
trace-16,t01,4,8,reject,sql_acquire,DocumentAssessmentReplayInputs.load,64,193466,0
trace-16,t01,4,8,reject,sql_acquire,DocumentAssessmentStartJournal.startRetained,64,176205,0
trace-16,t01,4,8,reject,sql_acquire,DocumentOperationUploadAdmission.captureReads,128,425650,0
trace-16,t01,4,8,reject,sql_acquire,DocumentOperationUploadAdmission.recheckInitialSelections,64,204188,0
trace-16,t01,4,8,reject,sql_acquire,DocumentOperationUploadAdmission.stage,64,192673,0
trace-16,t01,4,8,reject,sql_acquire,DocumentPublicationModesJournal.loadRetained,128,310237,0
trace-16,t01,4,8,reject,sql_acquire,DocumentPublicationModesJournal.requireObservedModes,256,801181,0
trace-16,t01,4,8,reject,sql_acquire,DocumentPublicationPreparationJournal.load,128,356378,0
trace-16,t01,4,8,reject,sql_acquire,DocumentPublicationRegistration.admitInitialAccepted,64,133081,0
trace-16,t01,4,8,reject,sql_acquire,DocumentPublicationRegistration.preflight,128,339641,0
trace-16,t01,4,8,reject,sql_acquire,DocumentPublicationReplay.observe,256,817305,0
trace-16,t01,4,8,reject,sql_acquire,DocumentSchemaPolicies.read,64,211663,0
trace-16,t01,4,8,reject,sql_acquire,DocumentSelectedAttemptLedger.renew,64,385266,0
trace-16,t01,4,8,reject,sql_acquire,DocumentSelectedAttemptLedger.renewOwnerAndSelections,128,336421,0
trace-16,t01,4,8,reject,sql_acquire,RepositorySchemaArtifacts.stage,64,356513,0
trace-16,t01,4,8,reject,sql_usage,DocumentAssessmentCreation.createInternal,64,2628000000,0
trace-16,t01,4,8,reject,sql_usage,DocumentAssessmentCreation.lambda$createInternal$0,64,465000000,0
trace-16,t01,4,8,reject,sql_usage,DocumentAssessmentDeliveryAuthorization.check,256,1764000000,0
trace-16,t01,4,8,reject,sql_usage,DocumentAssessmentDiscovery.discover,64,527000000,0
trace-16,t01,4,8,reject,sql_usage,DocumentAssessmentReconciliation.observeRetained,64,2051000000,0
trace-16,t01,4,8,reject,sql_usage,DocumentAssessmentRejections.decide,64,809000000,0
trace-16,t01,4,8,reject,sql_usage,DocumentAssessmentReplayInputs.load,64,361000000,0
trace-16,t01,4,8,reject,sql_usage,DocumentAssessmentStartJournal.startRetained,64,528000000,0
trace-16,t01,4,8,reject,sql_usage,DocumentOperationUploadAdmission.captureReads,128,1006000000,0
trace-16,t01,4,8,reject,sql_usage,DocumentOperationUploadAdmission.recheckInitialSelections,64,422000000,0
trace-16,t01,4,8,reject,sql_usage,DocumentOperationUploadAdmission.stage,64,934000000,0
trace-16,t01,4,8,reject,sql_usage,DocumentPublicationModesJournal.loadRetained,128,609000000,0
trace-16,t01,4,8,reject,sql_usage,DocumentPublicationModesJournal.requireObservedModes,256,1578000000,0
trace-16,t01,4,8,reject,sql_usage,DocumentPublicationPreparationJournal.load,128,662000000,0
trace-16,t01,4,8,reject,sql_usage,DocumentPublicationRegistration.admitInitialAccepted,64,918000000,0
trace-16,t01,4,8,reject,sql_usage,DocumentPublicationRegistration.preflight,128,86000000,0
trace-16,t01,4,8,reject,sql_usage,DocumentPublicationReplay.observe,256,766000000,0
trace-16,t01,4,8,reject,sql_usage,DocumentSchemaPolicies.read,64,30000000,0
trace-16,t01,4,8,reject,sql_usage,DocumentSelectedAttemptLedger.renew,64,533000000,0
trace-16,t01,4,8,reject,sql_usage,DocumentSelectedAttemptLedger.renewOwnerAndSelections,128,1342000000,0
trace-16,t01,4,8,reject,sql_usage,RepositorySchemaArtifacts.stage,64,776000000,0
trace-16,t01,4,8,replay,jdbc_commit,DocumentPublicationReplay.observe,256,1261475262,0
trace-16,t01,4,8,replay,jdbc_executeQuery,DocumentPublicationReplay.observe,768,144522112,0
trace-16,t01,4,8,replay,jdbc_executeQuery,DocumentPublicationReplay.requireRevisions,192,66869240,0
trace-16,t01,4,8,replay,jdbc_executeQuery,DocumentRevisionLocks.lock,512,140421168,0
trace-16,t01,4,8,replay,jdbc_executeQuery,RepositoryOperationLedger.requireCommand,256,41007123,0
trace-16,t01,4,8,replay,sql_acquire,DocumentPublicationReplay.observe,256,880501,0
trace-16,t01,4,8,replay,sql_usage,DocumentPublicationReplay.observe,256,1838000000,0
trace-16,t01,4,8,unscoped,jdbc_commit,DocumentAssessmentReadProtection.finish,61,274309450,0
trace-16,t01,4,8,unscoped,jdbc_commit,DocumentReadPins.finish,256,1365541618,0
trace-16,t01,4,8,unscoped,jdbc_commit,DocumentSelectedAttemptLedger.verifyBatch,256,1366260409,0
trace-16,t01,4,8,unscoped,jdbc_executeQuery,DocumentAssessmentReadProtection.lambda$finish$0,60,38852978,0
trace-16,t01,4,8,unscoped,jdbc_executeQuery,DocumentPartAttemptLedger.read,512,69919066,0
trace-16,t01,4,8,unscoped,jdbc_executeQuery,DocumentReadPins.lambda$finish$0,256,399713886,0
trace-16,t01,4,8,unscoped,jdbc_executeQuery,DocumentSelectedAttemptLedger.lockSelected,512,95937563,0
trace-16,t01,4,8,unscoped,jdbc_executeQuery,DocumentSelectedAttemptLedger.requireOwner,256,73245272,0
trace-16,t01,4,8,unscoped,jdbc_executeQuery,RepositoryExecutionClaimLedger.lockLive,256,99804307,0
trace-16,t01,4,8,unscoped,jdbc_executeQuery,RepositoryOperationLedger.fenceLiveOwner,256,198904825,0
trace-16,t01,4,8,unscoped,jdbc_executeQuery,SqlTimeouts.apply,256,45569139,0
trace-16,t01,4,8,unscoped,jdbc_executeUpdate,DocumentSelectedAttemptLedger.verifyBatch,512,421033785,0
trace-16,t01,4,8,unscoped,provider_getBounded,DocumentPartTransfer.upload,256,827286551,0
trace-16,t01,4,8,unscoped,provider_getBounded,outside_ledger,320,1281021323,0
trace-16,t01,4,8,unscoped,provider_put,DocumentPartTransfer.upload,256,18735439584,0
trace-16,t01,4,8,unscoped,sql_acquire,DocumentAssessmentReadProtection.finish,60,187249,0
trace-16,t01,4,8,unscoped,sql_acquire,DocumentReadPins.finish,256,868881,0
trace-16,t01,4,8,unscoped,sql_acquire,DocumentSelectedAttemptLedger.verifyBatch,256,7101102,0
trace-16,t01,4,8,unscoped,sql_usage,DocumentAssessmentReadProtection.finish,61,294000000,0
trace-16,t01,4,8,unscoped,sql_usage,DocumentReadPins.finish,256,1683000000,0
trace-16,t01,4,8,unscoped,sql_usage,DocumentSelectedAttemptLedger.verifyBatch,256,2482000000,0
trace-16,t02,2,4,publish,jdbc_commit,DocumentOperationUploadAdmission.captureReads,384,1642590988,0
trace-16,t02,2,4,publish,jdbc_commit,DocumentOperationUploadAdmission.recheckInitialSelections,192,863206436,0
trace-16,t02,2,4,publish,jdbc_commit,DocumentOperationUploadAdmission.stage,192,970197497,0
trace-16,t02,2,4,publish,jdbc_commit,DocumentPublicationCommit.commitInternal,192,886918349,0
trace-16,t02,2,4,publish,jdbc_commit,DocumentPublicationModesJournal.requireObservedModes,384,1705637123,0
trace-16,t02,2,4,publish,jdbc_commit,DocumentPublicationRegistration.admitInitialAccepted,192,939972602,0
trace-16,t02,2,4,publish,jdbc_commit,DocumentPublicationRegistration.preflight,192,19129824,0
trace-16,t02,2,4,publish,jdbc_commit,DocumentPublicationReplay.observe,384,32728146,0
trace-16,t02,2,4,publish,jdbc_commit,DocumentSchemaPolicies.read,192,19534097,0
trace-16,t02,2,4,publish,jdbc_commit,DocumentSelectedAttemptLedger.renew,192,855851862,0
trace-16,t02,2,4,publish,jdbc_commit,DocumentSelectedAttemptLedger.renewOwnerAndSelections,384,1697194019,0
trace-16,t02,2,4,publish,jdbc_commit,RepositorySchemaArtifacts.stage,192,791188916,0
trace-16,t02,2,4,publish,jdbc_executeBatch,DocumentSchemaRetention.flush,576,515099176,0
trace-16,t02,2,4,publish,jdbc_executeQuery,DocumentAdmissionSnapshot.prepare,192,55312422,0
trace-16,t02,2,4,publish,jdbc_executeQuery,DocumentCommitParts.bind,192,36698038,0
trace-16,t02,2,4,publish,jdbc_executeQuery,DocumentCommitParts.read,192,122992079,0
trace-16,t02,2,4,publish,jdbc_executeQuery,DocumentCommitParts.selections,192,49796579,0
trace-16,t02,2,4,publish,jdbc_executeQuery,DocumentCommitWriter.write,384,43084267,0
trace-16,t02,2,4,publish,jdbc_executeQuery,DocumentDriveSnapshot.lock,384,49698337,0
trace-16,t02,2,4,publish,jdbc_executeQuery,DocumentKeyReservations.reserveEncoded,192,51246675,0
trace-16,t02,2,4,publish,jdbc_executeQuery,DocumentOperationUploadAdmission.lambda$captureReads$0,576,143922382,0
trace-16,t02,2,4,publish,jdbc_executeQuery,DocumentOperationUploadAdmission.requireInitialSelections,192,41888296,0
trace-16,t02,2,4,publish,jdbc_executeQuery,DocumentOperationUploadAdmission.writeAdmissions,384,60709481,0
trace-16,t02,2,4,publish,jdbc_executeQuery,DocumentPartAttemptLedger.lockAll,1152,116501071,0
trace-16,t02,2,4,publish,jdbc_executeQuery,DocumentPartAttemptLedger.read,384,41161522,0
trace-16,t02,2,4,publish,jdbc_executeQuery,DocumentPreparationHistoryRoots.coverage,192,26462727,0
trace-16,t02,2,4,publish,jdbc_executeQuery,DocumentPublicationLocks$IndependentOrigins.requireScope,384,36854274,0
trace-16,t02,2,4,publish,jdbc_executeQuery,DocumentPublicationLocks.lockIndependentOrigins,960,117769859,0
trace-16,t02,2,4,publish,jdbc_executeQuery,DocumentPublicationLocks.lockIndependentRetention,192,31572653,0
trace-16,t02,2,4,publish,jdbc_executeQuery,DocumentPublicationModeBinding.require,192,37026634,0
trace-16,t02,2,4,publish,jdbc_executeQuery,DocumentPublicationModesJournal.readModes,192,18015193,0
trace-16,t02,2,4,publish,jdbc_executeQuery,DocumentPublicationPreparationJournal.capture,384,36734578,0
trace-16,t02,2,4,publish,jdbc_executeQuery,DocumentPublicationReplay.observe,768,105026196,0
trace-16,t02,2,4,publish,jdbc_executeQuery,DocumentRevisionLocks.lock,2304,472398368,0
trace-16,t02,2,4,publish,jdbc_executeQuery,DocumentSchemaBatch.lockArtifacts,960,147524913,0
trace-16,t02,2,4,publish,jdbc_executeQuery,DocumentSchemaPolicies.lambda$read$0,192,23638822,0
trace-16,t02,2,4,publish,jdbc_executeQuery,DocumentSchemaPolicies.lockCurrent,576,57627520,0
trace-16,t02,2,4,publish,jdbc_executeQuery,DocumentSchemaPolicies.select,384,46362364,0
trace-16,t02,2,4,publish,jdbc_executeQuery,DocumentSchemaRetention.requireFragments,192,497480515,0
trace-16,t02,2,4,publish,jdbc_executeQuery,DocumentSchemaRetention.requireRevision,192,26649169,0
trace-16,t02,2,4,publish,jdbc_executeQuery,DocumentSchemaRetention.write,192,47847072,0
trace-16,t02,2,4,publish,jdbc_executeQuery,DocumentSelectedAttemptLedger.lockSelected,192,27662761,0
trace-16,t02,2,4,publish,jdbc_executeQuery,DocumentSelectedAttemptLedger.requireOwner,576,140620100,0
trace-16,t02,2,4,publish,jdbc_executeQuery,DocumentSelectedAttemptLedger.requireSelections,1152,208896556,0
trace-16,t02,2,4,publish,jdbc_executeQuery,DocumentUploadAdmissionReplay.hasSelections,192,20802886,0
trace-16,t02,2,4,publish,jdbc_executeQuery,ManagedBackendLedger.find,384,41155580,0
trace-16,t02,2,4,publish,jdbc_executeQuery,RepositoryCoordinatorBinding.bindInitial,192,18575475,0
trace-16,t02,2,4,publish,jdbc_executeQuery,RepositoryExecutionClaimLedger.live,192,20671970,0
trace-16,t02,2,4,publish,jdbc_executeQuery,RepositoryExecutionClaimLedger.lockLive,3456,966241486,0
trace-16,t02,2,4,publish,jdbc_executeQuery,RepositoryExecutionClaimLedger.readLocked,1152,99000877,0
trace-16,t02,2,4,publish,jdbc_executeQuery,RepositoryOperationLedger.fenceLiveOwner,1920,1171681358,0
trace-16,t02,2,4,publish,jdbc_executeQuery,RepositoryOperationLedger.live,576,80991850,0
trace-16,t02,2,4,publish,jdbc_executeQuery,RepositoryOperationLedger.read,192,22567658,0
trace-16,t02,2,4,publish,jdbc_executeQuery,RepositoryOperationLedger.readOwner,768,80387033,0
trace-16,t02,2,4,publish,jdbc_executeQuery,RepositoryOperationLedger.requireCommand,1920,210868009,0
trace-16,t02,2,4,publish,jdbc_executeQuery,RepositorySchemaArtifacts.lambda$stage$3,768,598123431,0
trace-16,t02,2,4,publish,jdbc_executeQuery,SqlTimeouts.apply,1152,149929369,0
trace-16,t02,2,4,publish,jdbc_executeUpdate,DocumentCommitWriter.write,1344,2074808457,0
trace-16,t02,2,4,publish,jdbc_executeUpdate,DocumentOperationSelection.insert,192,184211813,0
trace-16,t02,2,4,publish,jdbc_executeUpdate,DocumentOperationUploadAdmission.writeAdmissions,384,217839123,0
trace-16,t02,2,4,publish,jdbc_executeUpdate,DocumentPartAttemptLedger.insertEncodedRows,192,160917133,0
trace-16,t02,2,4,publish,jdbc_executeUpdate,DocumentPreparationCoverageCertificates.insert,192,72701121,0
trace-16,t02,2,4,publish,jdbc_executeUpdate,DocumentPreparationHistoryRoots.insert,384,127479880,0
trace-16,t02,2,4,publish,jdbc_executeUpdate,DocumentPublicationCommit.lambda$commitInternal$6,576,1609016971,0
trace-16,t02,2,4,publish,jdbc_executeUpdate,DocumentPublicationModesJournal.insert,192,122448845,0
trace-16,t02,2,4,publish,jdbc_executeUpdate,DocumentPublicationPreparationJournal.insert,192,142535913,0
trace-16,t02,2,4,publish,jdbc_executeUpdate,DocumentSchemaAdmissionBinding.insert,192,159210580,0
trace-16,t02,2,4,publish,jdbc_executeUpdate,DocumentSelectedAttemptLedger.renewSelections,576,350373223,0
trace-16,t02,2,4,publish,jdbc_executeUpdate,RepositoryCoordinatorBinding.bindInitial,192,63720002,0
trace-16,t02,2,4,publish,jdbc_executeUpdate,RepositoryExecutionClaimLedger.acquireInitialChecked,192,65689306,0
trace-16,t02,2,4,publish,jdbc_executeUpdate,RepositoryExecutionClaimLedger.renewLive,384,74514787,0
trace-16,t02,2,4,publish,jdbc_executeUpdate,RepositoryOperationLedger.admitInTransaction,384,216034556,0
trace-16,t02,2,4,publish,jdbc_executeUpdate,RepositoryOperationLedger.renewLive,384,216005023,0
trace-16,t02,2,4,publish,sql_acquire,DocumentOperationUploadAdmission.captureReads,384,1615609365,0
trace-16,t02,2,4,publish,sql_acquire,DocumentOperationUploadAdmission.recheckInitialSelections,192,774247477,0
trace-16,t02,2,4,publish,sql_acquire,DocumentOperationUploadAdmission.stage,192,744985055,0
trace-16,t02,2,4,publish,sql_acquire,DocumentPublicationCommit.commitInternal,192,1262109090,0
trace-16,t02,2,4,publish,sql_acquire,DocumentPublicationModesJournal.requireObservedModes,384,2192030652,0
trace-16,t02,2,4,publish,sql_acquire,DocumentPublicationRegistration.admitInitialAccepted,192,732119887,0
trace-16,t02,2,4,publish,sql_acquire,DocumentPublicationRegistration.preflight,192,759087979,0
trace-16,t02,2,4,publish,sql_acquire,DocumentPublicationReplay.observe,384,1813518153,0
trace-16,t02,2,4,publish,sql_acquire,DocumentSchemaPolicies.read,192,674119297,0
trace-16,t02,2,4,publish,sql_acquire,DocumentSelectedAttemptLedger.renew,192,650044647,0
trace-16,t02,2,4,publish,sql_acquire,DocumentSelectedAttemptLedger.renewOwnerAndSelections,384,1604474708,0
trace-16,t02,2,4,publish,sql_acquire,RepositorySchemaArtifacts.stage,192,1164129547,0
trace-16,t02,2,4,publish,sql_usage,DocumentOperationUploadAdmission.captureReads,384,2387000000,0
trace-16,t02,2,4,publish,sql_usage,DocumentOperationUploadAdmission.recheckInitialSelections,192,1102000000,0
trace-16,t02,2,4,publish,sql_usage,DocumentOperationUploadAdmission.stage,192,2211000000,0
trace-16,t02,2,4,publish,sql_usage,DocumentPublicationCommit.commitInternal,192,8099000000,0
trace-16,t02,2,4,publish,sql_usage,DocumentPublicationModesJournal.requireObservedModes,384,2145000000,0
trace-16,t02,2,4,publish,sql_usage,DocumentPublicationRegistration.admitInitialAccepted,192,2245000000,0
trace-16,t02,2,4,publish,sql_usage,DocumentPublicationRegistration.preflight,192,52000000,0
trace-16,t02,2,4,publish,sql_usage,DocumentPublicationReplay.observe,384,5000000,0
trace-16,t02,2,4,publish,sql_usage,DocumentSchemaPolicies.read,192,13000000,0
trace-16,t02,2,4,publish,sql_usage,DocumentSelectedAttemptLedger.renew,192,1352000000,0
trace-16,t02,2,4,publish,sql_usage,DocumentSelectedAttemptLedger.renewOwnerAndSelections,384,3074000000,0
trace-16,t02,2,4,publish,sql_usage,RepositorySchemaArtifacts.stage,192,1756000000,0
trace-16,t02,2,4,read,jdbc_commit,DocumentHistoricalSchemas.authorize,256,1163931423,0
trace-16,t02,2,4,read,jdbc_commit,DocumentHistoricalSchemas.check,256,993185081,0
trace-16,t02,2,4,read,jdbc_commit,DocumentReadLedger$PinnedHistory.authorizeDelivery,768,3306572948,0
trace-16,t02,2,4,read,jdbc_commit,DocumentReadLedger.captureHistorical,256,1083483641,0
trace-16,t02,2,4,read,jdbc_executeQuery,DocumentHistoricalReadRows.capture,512,755920415,0
trace-16,t02,2,4,read,jdbc_executeQuery,DocumentHistoricalSchemaRows.artifacts,512,109729596,0
trace-16,t02,2,4,read,jdbc_executeQuery,DocumentHistoricalSchemaRows.capture,512,573162238,0
trace-16,t02,2,4,read,jdbc_executeQuery,DocumentHistoricalSchemaRows.references,256,32453611,0
trace-16,t02,2,4,read,jdbc_executeQuery,DocumentHistoricalSchemaRows.roots,512,52667931,0
trace-16,t02,2,4,read,jdbc_executeQuery,DocumentReadLedger.lambda$captureHistorical$0,256,53449843,0
trace-16,t02,2,4,read,jdbc_executeQuery,DocumentReadPins.acquireHistorical,512,154149347,0
trace-16,t02,2,4,read,jdbc_executeQuery,DocumentRevisionLocks.lock,3072,725463288,0
trace-16,t02,2,4,read,jdbc_executeQuery,ManagedBackendLedger.requireAll,256,43772110,0
trace-16,t02,2,4,read,jdbc_executeUpdate,DocumentReadPins.acquireHistorical,256,239682488,0
trace-16,t02,2,4,read,sql_acquire,DocumentHistoricalSchemas.authorize,256,1554156991,0
trace-16,t02,2,4,read,sql_acquire,DocumentHistoricalSchemas.check,256,1649046782,0
trace-16,t02,2,4,read,sql_acquire,DocumentReadLedger$PinnedHistory.authorizeDelivery,768,4269982836,0
trace-16,t02,2,4,read,sql_acquire,DocumentReadLedger.captureHistorical,256,1764238456,0
trace-16,t02,2,4,read,sql_usage,DocumentHistoricalSchemas.authorize,256,1229000000,0
trace-16,t02,2,4,read,sql_usage,DocumentHistoricalSchemas.check,256,1903000000,0
trace-16,t02,2,4,read,sql_usage,DocumentReadLedger$PinnedHistory.authorizeDelivery,768,3475000000,0
trace-16,t02,2,4,read,sql_usage,DocumentReadLedger.captureHistorical,256,2672000000,0
trace-16,t02,2,4,reject,jdbc_commit,DocumentAssessmentCreation.createInternal,64,173071361,0
trace-16,t02,2,4,reject,jdbc_commit,DocumentAssessmentCreation.lambda$createInternal$0,64,215341563,0
trace-16,t02,2,4,reject,jdbc_commit,DocumentAssessmentDeliveryAuthorization.check,256,804515526,0
trace-16,t02,2,4,reject,jdbc_commit,DocumentAssessmentDiscovery.discover,64,168867979,0
trace-16,t02,2,4,reject,jdbc_commit,DocumentAssessmentReconciliation.observeRetained,64,196488384,0
trace-16,t02,2,4,reject,jdbc_commit,DocumentAssessmentRejections.decide,64,193029937,0
trace-16,t02,2,4,reject,jdbc_commit,DocumentAssessmentReplayInputs.load,64,8315665,0
trace-16,t02,2,4,reject,jdbc_commit,DocumentAssessmentStartJournal.startRetained,64,217128345,0
trace-16,t02,2,4,reject,jdbc_commit,DocumentOperationUploadAdmission.captureReads,128,619082414,0
trace-16,t02,2,4,reject,jdbc_commit,DocumentOperationUploadAdmission.recheckInitialSelections,64,293340170,0
trace-16,t02,2,4,reject,jdbc_commit,DocumentOperationUploadAdmission.stage,64,337401525,0
trace-16,t02,2,4,reject,jdbc_commit,DocumentPublicationModesJournal.loadRetained,128,495602688,0
trace-16,t02,2,4,reject,jdbc_commit,DocumentPublicationModesJournal.requireObservedModes,256,910764703,0
trace-16,t02,2,4,reject,jdbc_commit,DocumentPublicationPreparationJournal.load,128,466950958,0
trace-16,t02,2,4,reject,jdbc_commit,DocumentPublicationRegistration.admitInitialAccepted,64,357092730,0
trace-16,t02,2,4,reject,jdbc_commit,DocumentPublicationRegistration.preflight,128,12324125,0
trace-16,t02,2,4,reject,jdbc_commit,DocumentPublicationReplay.observe,256,397918860,0
trace-16,t02,2,4,reject,jdbc_commit,DocumentSchemaPolicies.read,64,6060675,0
trace-16,t02,2,4,reject,jdbc_commit,DocumentSelectedAttemptLedger.renew,64,286924903,0
trace-16,t02,2,4,reject,jdbc_commit,DocumentSelectedAttemptLedger.renewOwnerAndSelections,128,563390687,0
trace-16,t02,2,4,reject,jdbc_commit,RepositorySchemaArtifacts.stage,64,228496308,0
trace-16,t02,2,4,reject,jdbc_executeBatch,DocumentAssessmentCreationWrites.lambda$writeRows$0,64,45101713,0
trace-16,t02,2,4,reject,jdbc_executeQuery,DocumentAssessmentDeliveryAuthorization.lambda$check$0,1280,167600383,0
trace-16,t02,2,4,reject,jdbc_executeQuery,DocumentAssessmentDeliveryAuthorization.requireLiveReadOwner,512,67113031,0
trace-16,t02,2,4,reject,jdbc_executeQuery,DocumentAssessmentDiscovery.lambda$discover$0,128,22926438,0
trace-16,t02,2,4,reject,jdbc_executeQuery,DocumentAssessmentReadRows.capture,192,658996761,0
trace-16,t02,2,4,reject,jdbc_executeQuery,DocumentAssessmentReconciliation.verifyRetained,256,54091519,0
trace-16,t02,2,4,reject,jdbc_executeQuery,DocumentAssessmentRejections.lambda$decide$0,256,45108697,0
trace-16,t02,2,4,reject,jdbc_executeQuery,DocumentAssessmentReplayInputs.artifacts,128,57809458,0
trace-16,t02,2,4,reject,jdbc_executeQuery,DocumentAssessmentReplayInputs.policy,128,20834951,0
trace-16,t02,2,4,reject,jdbc_executeQuery,DocumentAssessmentReplayInputs.read,128,28449089,0
trace-16,t02,2,4,reject,jdbc_executeQuery,DocumentAssessmentReplayInputs.roots,128,27401289,0
trace-16,t02,2,4,reject,jdbc_executeQuery,DocumentAssessmentRetainedEvidence.verify,64,12321314,0
trace-16,t02,2,4,reject,jdbc_executeQuery,DocumentAssessmentRetainedEvidence.verifyArtifacts,64,29780669,0
trace-16,t02,2,4,reject,jdbc_executeQuery,DocumentAssessmentRetainedSlots.retainedSelections,64,20204015,0
trace-16,t02,2,4,reject,jdbc_executeQuery,DocumentAssessmentRetainedSlots.verify,256,219648681,0
trace-16,t02,2,4,reject,jdbc_executeQuery,DocumentAssessmentStartJournal.insertStartedOutcome,64,9491505,0
trace-16,t02,2,4,reject,jdbc_executeQuery,DocumentAssessmentStartJournal.lambda$startRetained$2,64,11371790,0
trace-16,t02,2,4,reject,jdbc_executeQuery,DocumentAssessmentStartJournal.requireCreation,64,25628745,0
trace-16,t02,2,4,reject,jdbc_executeQuery,DocumentCommitParts.bind,128,52449112,0
trace-16,t02,2,4,reject,jdbc_executeQuery,DocumentCommitParts.read,64,35886716,0
trace-16,t02,2,4,reject,jdbc_executeQuery,DocumentCommitParts.selections,64,14720425,0
trace-16,t02,2,4,reject,jdbc_executeQuery,DocumentDriveSnapshot.lock,128,15762176,0
trace-16,t02,2,4,reject,jdbc_executeQuery,DocumentKeyReservations.reserveEncoded,64,15476617,0
trace-16,t02,2,4,reject,jdbc_executeQuery,DocumentOperationUploadAdmission.lambda$captureReads$0,192,51962931,0
trace-16,t02,2,4,reject,jdbc_executeQuery,DocumentOperationUploadAdmission.requireInitialSelections,64,12541320,0
trace-16,t02,2,4,reject,jdbc_executeQuery,DocumentOperationUploadAdmission.writeAdmissions,128,20849603,0
trace-16,t02,2,4,reject,jdbc_executeQuery,DocumentPartAttemptLedger.lockAll,384,38310118,0
trace-16,t02,2,4,reject,jdbc_executeQuery,DocumentPartAttemptLedger.read,128,12884059,0
trace-16,t02,2,4,reject,jdbc_executeQuery,DocumentPreparationHistoryRoots.coverage,64,7206581,0
trace-16,t02,2,4,reject,jdbc_executeQuery,DocumentPublicationModesJournal.readModes,192,20788338,0
trace-16,t02,2,4,reject,jdbc_executeQuery,DocumentPublicationPreparationJournal.capture,384,36422084,0
trace-16,t02,2,4,reject,jdbc_executeQuery,DocumentPublicationReplay.observe,832,102338042,0
trace-16,t02,2,4,reject,jdbc_executeQuery,DocumentRevisionLocks.lock,2304,449105994,0
trace-16,t02,2,4,reject,jdbc_executeQuery,DocumentSchemaPolicies.lambda$read$0,64,8304744,0
trace-16,t02,2,4,reject,jdbc_executeQuery,DocumentSchemaPolicies.lockCurrent,384,32141394,0
trace-16,t02,2,4,reject,jdbc_executeQuery,DocumentSchemaPolicies.select,192,20713471,0
trace-16,t02,2,4,reject,jdbc_executeQuery,DocumentSelectedAttemptLedger.lockSelected,64,9839213,0
trace-16,t02,2,4,reject,jdbc_executeQuery,DocumentSelectedAttemptLedger.requireOwner,192,44236170,0
trace-16,t02,2,4,reject,jdbc_executeQuery,DocumentSelectedAttemptLedger.requireSelections,384,68211452,0
trace-16,t02,2,4,reject,jdbc_executeQuery,DocumentUploadAdmissionReplay.hasSelections,64,6051588,0
trace-16,t02,2,4,reject,jdbc_executeQuery,ManagedBackendLedger.find,128,13837889,0
trace-16,t02,2,4,reject,jdbc_executeQuery,ManagedBackendLedger.requireAll,64,6780174,0
trace-16,t02,2,4,reject,jdbc_executeQuery,RepositoryCoordinatorBinding.bindInitial,64,5557816,0
trace-16,t02,2,4,reject,jdbc_executeQuery,RepositoryExecutionClaimLedger.live,64,5783950,0
trace-16,t02,2,4,reject,jdbc_executeQuery,RepositoryExecutionClaimLedger.lockLive,2304,642821736,0
trace-16,t02,2,4,reject,jdbc_executeQuery,RepositoryExecutionClaimLedger.readLocked,384,30840254,0
trace-16,t02,2,4,reject,jdbc_executeQuery,RepositoryOperationLedger.fenceLiveOwner,1344,771607712,0
trace-16,t02,2,4,reject,jdbc_executeQuery,RepositoryOperationLedger.live,192,26558729,0
trace-16,t02,2,4,reject,jdbc_executeQuery,RepositoryOperationLedger.read,64,6930041,0
trace-16,t02,2,4,reject,jdbc_executeQuery,RepositoryOperationLedger.readOwner,256,24753476,0
trace-16,t02,2,4,reject,jdbc_executeQuery,RepositoryOperationLedger.requireCommand,1344,137955964,0
trace-16,t02,2,4,reject,jdbc_executeQuery,RepositorySchemaArtifacts.lambda$stage$3,256,236319381,0
trace-16,t02,2,4,reject,jdbc_executeQuery,SqlTimeouts.apply,384,49630002,0
trace-16,t02,2,4,reject,jdbc_executeUpdate,DocumentAssessmentCreationWrites.insertOwner,64,57528759,0
trace-16,t02,2,4,reject,jdbc_executeUpdate,DocumentAssessmentCreationWrites.lambda$writeRows$1,64,50522766,0
trace-16,t02,2,4,reject,jdbc_executeUpdate,DocumentAssessmentCreationWrites.writeRows,448,662822213,0
trace-16,t02,2,4,reject,jdbc_executeUpdate,DocumentAssessmentReconciliation.verifyRetained,64,47878948,0
trace-16,t02,2,4,reject,jdbc_executeUpdate,DocumentAssessmentRejections.lambda$decide$0,64,47149682,0
trace-16,t02,2,4,reject,jdbc_executeUpdate,DocumentAssessmentStartJournal.insertStartedOutcome,64,53033622,0
trace-16,t02,2,4,reject,jdbc_executeUpdate,DocumentOperationSelection.insert,64,62444260,0
trace-16,t02,2,4,reject,jdbc_executeUpdate,DocumentOperationUploadAdmission.writeAdmissions,128,71974749,0
trace-16,t02,2,4,reject,jdbc_executeUpdate,DocumentPartAttemptLedger.insertEncodedRows,64,52376213,0
trace-16,t02,2,4,reject,jdbc_executeUpdate,DocumentPreparationCoverageCertificates.insert,64,21409642,0
trace-16,t02,2,4,reject,jdbc_executeUpdate,DocumentPreparationHistoryRoots.insert,128,37487604,0
trace-16,t02,2,4,reject,jdbc_executeUpdate,DocumentPublicationModesJournal.insert,64,38185545,0
trace-16,t02,2,4,reject,jdbc_executeUpdate,DocumentPublicationPreparationJournal.insert,64,42224186,0
trace-16,t02,2,4,reject,jdbc_executeUpdate,DocumentSelectedAttemptLedger.renewSelections,192,119364175,0
trace-16,t02,2,4,reject,jdbc_executeUpdate,RepositoryCoordinatorBinding.bindInitial,64,20239131,0
trace-16,t02,2,4,reject,jdbc_executeUpdate,RepositoryExecutionClaimLedger.acquireInitialChecked,64,21946414,0
trace-16,t02,2,4,reject,jdbc_executeUpdate,RepositoryExecutionClaimLedger.renewLive,128,24480272,0
trace-16,t02,2,4,reject,jdbc_executeUpdate,RepositoryOperationLedger.admitInTransaction,128,61428786,0
trace-16,t02,2,4,reject,jdbc_executeUpdate,RepositoryOperationLedger.renewLive,128,69735074,0
trace-16,t02,2,4,reject,sql_acquire,DocumentAssessmentCreation.createInternal,64,424289770,0
trace-16,t02,2,4,reject,sql_acquire,DocumentAssessmentCreation.lambda$createInternal$0,64,392467979,0
trace-16,t02,2,4,reject,sql_acquire,DocumentAssessmentDeliveryAuthorization.check,256,1438567542,0
trace-16,t02,2,4,reject,sql_acquire,DocumentAssessmentDiscovery.discover,64,373052711,0
trace-16,t02,2,4,reject,sql_acquire,DocumentAssessmentReconciliation.observeRetained,64,406818088,0
trace-16,t02,2,4,reject,sql_acquire,DocumentAssessmentRejections.decide,64,373329256,0
trace-16,t02,2,4,reject,sql_acquire,DocumentAssessmentReplayInputs.load,64,318147457,0
trace-16,t02,2,4,reject,sql_acquire,DocumentAssessmentStartJournal.startRetained,64,335827129,0
trace-16,t02,2,4,reject,sql_acquire,DocumentOperationUploadAdmission.captureReads,128,346537800,0
trace-16,t02,2,4,reject,sql_acquire,DocumentOperationUploadAdmission.recheckInitialSelections,64,143091158,0
trace-16,t02,2,4,reject,sql_acquire,DocumentOperationUploadAdmission.stage,64,229446100,0
trace-16,t02,2,4,reject,sql_acquire,DocumentPublicationModesJournal.loadRetained,128,673034124,0
trace-16,t02,2,4,reject,sql_acquire,DocumentPublicationModesJournal.requireObservedModes,256,1142028828,0
trace-16,t02,2,4,reject,sql_acquire,DocumentPublicationPreparationJournal.load,128,633059705,0
trace-16,t02,2,4,reject,sql_acquire,DocumentPublicationRegistration.admitInitialAccepted,64,290299292,0
trace-16,t02,2,4,reject,sql_acquire,DocumentPublicationRegistration.preflight,128,619267799,0
trace-16,t02,2,4,reject,sql_acquire,DocumentPublicationReplay.observe,256,1563081952,0
trace-16,t02,2,4,reject,sql_acquire,DocumentSchemaPolicies.read,64,244433502,0
trace-16,t02,2,4,reject,sql_acquire,DocumentSelectedAttemptLedger.renew,64,137224160,0
trace-16,t02,2,4,reject,sql_acquire,DocumentSelectedAttemptLedger.renewOwnerAndSelections,128,356284443,0
trace-16,t02,2,4,reject,sql_acquire,RepositorySchemaArtifacts.stage,64,216240743,0
trace-16,t02,2,4,reject,sql_usage,DocumentAssessmentCreation.createInternal,64,1478000000,0
trace-16,t02,2,4,reject,sql_usage,DocumentAssessmentCreation.lambda$createInternal$0,64,309000000,0
trace-16,t02,2,4,reject,sql_usage,DocumentAssessmentDeliveryAuthorization.check,256,1181000000,0
trace-16,t02,2,4,reject,sql_usage,DocumentAssessmentDiscovery.discover,64,353000000,0
trace-16,t02,2,4,reject,sql_usage,DocumentAssessmentReconciliation.observeRetained,64,1482000000,0
trace-16,t02,2,4,reject,sql_usage,DocumentAssessmentRejections.decide,64,542000000,0
trace-16,t02,2,4,reject,sql_usage,DocumentAssessmentReplayInputs.load,64,242000000,0
trace-16,t02,2,4,reject,sql_usage,DocumentAssessmentStartJournal.startRetained,64,368000000,0
trace-16,t02,2,4,reject,sql_usage,DocumentOperationUploadAdmission.captureReads,128,867000000,0
trace-16,t02,2,4,reject,sql_usage,DocumentOperationUploadAdmission.recheckInitialSelections,64,369000000,0
trace-16,t02,2,4,reject,sql_usage,DocumentOperationUploadAdmission.stage,64,748000000,0
trace-16,t02,2,4,reject,sql_usage,DocumentPublicationModesJournal.loadRetained,128,500000000,0
trace-16,t02,2,4,reject,sql_usage,DocumentPublicationModesJournal.requireObservedModes,256,1188000000,0
trace-16,t02,2,4,reject,sql_usage,DocumentPublicationPreparationJournal.load,128,490000000,0
trace-16,t02,2,4,reject,sql_usage,DocumentPublicationRegistration.admitInitialAccepted,64,748000000,0
trace-16,t02,2,4,reject,sql_usage,DocumentPublicationRegistration.preflight,128,26000000,0
trace-16,t02,2,4,reject,sql_usage,DocumentPublicationReplay.observe,256,495000000,0
trace-16,t02,2,4,reject,sql_usage,DocumentSchemaPolicies.read,64,7000000,0
trace-16,t02,2,4,reject,sql_usage,DocumentSelectedAttemptLedger.renew,64,468000000,0
trace-16,t02,2,4,reject,sql_usage,DocumentSelectedAttemptLedger.renewOwnerAndSelections,128,1008000000,0
trace-16,t02,2,4,reject,sql_usage,RepositorySchemaArtifacts.stage,64,570000000,0
trace-16,t02,2,4,replay,jdbc_commit,DocumentPublicationReplay.observe,256,1002743375,0
trace-16,t02,2,4,replay,jdbc_executeQuery,DocumentPublicationReplay.observe,768,104519655,0
trace-16,t02,2,4,replay,jdbc_executeQuery,DocumentPublicationReplay.requireRevisions,192,38670497,0
trace-16,t02,2,4,replay,jdbc_executeQuery,DocumentRevisionLocks.lock,512,115954620,0
trace-16,t02,2,4,replay,jdbc_executeQuery,RepositoryOperationLedger.requireCommand,256,30786195,0
trace-16,t02,2,4,replay,sql_acquire,DocumentPublicationReplay.observe,256,1727157492,0
trace-16,t02,2,4,replay,sql_usage,DocumentPublicationReplay.observe,256,1362000000,0
trace-16,t02,2,4,unscoped,jdbc_commit,DocumentAssessmentReadProtection.finish,63,228815922,0
trace-16,t02,2,4,unscoped,jdbc_commit,DocumentReadPins.finish,256,1296979372,0
trace-16,t02,2,4,unscoped,jdbc_commit,DocumentSelectedAttemptLedger.verifyBatch,256,1220033717,0
trace-16,t02,2,4,unscoped,jdbc_executeQuery,DocumentAssessmentReadProtection.lambda$finish$0,63,34636541,0
trace-16,t02,2,4,unscoped,jdbc_executeQuery,DocumentPartAttemptLedger.read,512,55330946,0
trace-16,t02,2,4,unscoped,jdbc_executeQuery,DocumentReadPins.lambda$finish$0,256,318717493,0
trace-16,t02,2,4,unscoped,jdbc_executeQuery,DocumentSelectedAttemptLedger.lockSelected,512,73730569,0
trace-16,t02,2,4,unscoped,jdbc_executeQuery,DocumentSelectedAttemptLedger.requireOwner,256,57978246,0
trace-16,t02,2,4,unscoped,jdbc_executeQuery,RepositoryExecutionClaimLedger.lockLive,256,77985905,0
trace-16,t02,2,4,unscoped,jdbc_executeQuery,RepositoryOperationLedger.fenceLiveOwner,256,174694551,0
trace-16,t02,2,4,unscoped,jdbc_executeQuery,SqlTimeouts.apply,256,36381225,0
trace-16,t02,2,4,unscoped,jdbc_executeUpdate,DocumentSelectedAttemptLedger.verifyBatch,512,348902294,0
trace-16,t02,2,4,unscoped,provider_getBounded,DocumentPartTransfer.upload,256,629568805,0
trace-16,t02,2,4,unscoped,provider_getBounded,outside_ledger,320,890785459,0
trace-16,t02,2,4,unscoped,provider_put,DocumentPartTransfer.upload,256,18321172276,0
trace-16,t02,2,4,unscoped,sql_acquire,DocumentAssessmentReadProtection.finish,63,332089909,0
trace-16,t02,2,4,unscoped,sql_acquire,DocumentReadPins.finish,256,1220988855,0
trace-16,t02,2,4,unscoped,sql_acquire,DocumentSelectedAttemptLedger.verifyBatch,256,616468435,0
trace-16,t02,2,4,unscoped,sql_usage,DocumentAssessmentReadProtection.finish,63,246000000,0
trace-16,t02,2,4,unscoped,sql_usage,DocumentReadPins.finish,256,1512000000,0
trace-16,t02,2,4,unscoped,sql_usage,DocumentSelectedAttemptLedger.verifyBatch,256,2056000000,0
trace-16,t03,1,8,publish,jdbc_commit,DocumentOperationUploadAdmission.captureReads,384,1727723546,0
trace-16,t03,1,8,publish,jdbc_commit,DocumentOperationUploadAdmission.recheckInitialSelections,192,912158931,0
trace-16,t03,1,8,publish,jdbc_commit,DocumentOperationUploadAdmission.stage,192,961847086,0
trace-16,t03,1,8,publish,jdbc_commit,DocumentPublicationCommit.commitInternal,192,722970158,0
trace-16,t03,1,8,publish,jdbc_commit,DocumentPublicationModesJournal.requireObservedModes,384,1598880254,0
trace-16,t03,1,8,publish,jdbc_commit,DocumentPublicationRegistration.admitInitialAccepted,192,857833606,0
trace-16,t03,1,8,publish,jdbc_commit,DocumentPublicationRegistration.preflight,192,18552794,0
trace-16,t03,1,8,publish,jdbc_commit,DocumentPublicationReplay.observe,384,30364147,0
trace-16,t03,1,8,publish,jdbc_commit,DocumentSchemaPolicies.read,192,18228432,0
trace-16,t03,1,8,publish,jdbc_commit,DocumentSelectedAttemptLedger.renew,192,915214919,0
trace-16,t03,1,8,publish,jdbc_commit,DocumentSelectedAttemptLedger.renewOwnerAndSelections,384,1658436207,0
trace-16,t03,1,8,publish,jdbc_commit,RepositorySchemaArtifacts.stage,192,701602859,0
trace-16,t03,1,8,publish,jdbc_executeBatch,DocumentSchemaRetention.flush,576,514644289,0
trace-16,t03,1,8,publish,jdbc_executeQuery,DocumentAdmissionSnapshot.prepare,192,51869526,0
trace-16,t03,1,8,publish,jdbc_executeQuery,DocumentCommitParts.bind,192,36745285,0
trace-16,t03,1,8,publish,jdbc_executeQuery,DocumentCommitParts.read,192,233881045,0
trace-16,t03,1,8,publish,jdbc_executeQuery,DocumentCommitParts.selections,192,48008174,0
trace-16,t03,1,8,publish,jdbc_executeQuery,DocumentCommitWriter.write,384,41202605,0
trace-16,t03,1,8,publish,jdbc_executeQuery,DocumentDriveSnapshot.lock,384,50896007,0
trace-16,t03,1,8,publish,jdbc_executeQuery,DocumentKeyReservations.reserveEncoded,192,51961868,0
trace-16,t03,1,8,publish,jdbc_executeQuery,DocumentOperationUploadAdmission.lambda$captureReads$0,576,138239935,0
trace-16,t03,1,8,publish,jdbc_executeQuery,DocumentOperationUploadAdmission.requireInitialSelections,192,42433942,0
trace-16,t03,1,8,publish,jdbc_executeQuery,DocumentOperationUploadAdmission.writeAdmissions,384,59895401,0
trace-16,t03,1,8,publish,jdbc_executeQuery,DocumentPartAttemptLedger.lockAll,1152,117824885,0
trace-16,t03,1,8,publish,jdbc_executeQuery,DocumentPartAttemptLedger.read,384,37551794,0
trace-16,t03,1,8,publish,jdbc_executeQuery,DocumentPreparationHistoryRoots.coverage,192,28484279,0
trace-16,t03,1,8,publish,jdbc_executeQuery,DocumentPublicationLocks$IndependentOrigins.requireScope,384,33723822,0
trace-16,t03,1,8,publish,jdbc_executeQuery,DocumentPublicationLocks.lockIndependentOrigins,960,110786383,0
trace-16,t03,1,8,publish,jdbc_executeQuery,DocumentPublicationLocks.lockIndependentRetention,192,29614530,0
trace-16,t03,1,8,publish,jdbc_executeQuery,DocumentPublicationModeBinding.require,192,37054778,0
trace-16,t03,1,8,publish,jdbc_executeQuery,DocumentPublicationModesJournal.readModes,192,18135273,0
trace-16,t03,1,8,publish,jdbc_executeQuery,DocumentPublicationPreparationJournal.capture,384,37182296,0
trace-16,t03,1,8,publish,jdbc_executeQuery,DocumentPublicationReplay.observe,768,110329107,0
trace-16,t03,1,8,publish,jdbc_executeQuery,DocumentRevisionLocks.lock,2304,451750482,0
trace-16,t03,1,8,publish,jdbc_executeQuery,DocumentSchemaBatch.lockArtifacts,960,131987492,0
trace-16,t03,1,8,publish,jdbc_executeQuery,DocumentSchemaPolicies.lambda$read$0,192,24759986,0
trace-16,t03,1,8,publish,jdbc_executeQuery,DocumentSchemaPolicies.lockCurrent,576,48150375,0
trace-16,t03,1,8,publish,jdbc_executeQuery,DocumentSchemaPolicies.select,384,49088942,0
trace-16,t03,1,8,publish,jdbc_executeQuery,DocumentSchemaRetention.requireFragments,192,237080905,0
trace-16,t03,1,8,publish,jdbc_executeQuery,DocumentSchemaRetention.requireRevision,192,25869535,0
trace-16,t03,1,8,publish,jdbc_executeQuery,DocumentSchemaRetention.write,192,43109221,0
trace-16,t03,1,8,publish,jdbc_executeQuery,DocumentSelectedAttemptLedger.lockSelected,192,30472234,0
trace-16,t03,1,8,publish,jdbc_executeQuery,DocumentSelectedAttemptLedger.requireOwner,576,133133238,0
trace-16,t03,1,8,publish,jdbc_executeQuery,DocumentSelectedAttemptLedger.requireSelections,1152,214378838,0
trace-16,t03,1,8,publish,jdbc_executeQuery,DocumentUploadAdmissionReplay.hasSelections,192,22555235,0
trace-16,t03,1,8,publish,jdbc_executeQuery,ManagedBackendLedger.find,384,38620508,0
trace-16,t03,1,8,publish,jdbc_executeQuery,RepositoryCoordinatorBinding.bindInitial,192,20551612,0
trace-16,t03,1,8,publish,jdbc_executeQuery,RepositoryExecutionClaimLedger.live,192,20331065,0
trace-16,t03,1,8,publish,jdbc_executeQuery,RepositoryExecutionClaimLedger.lockLive,3456,936107296,0
trace-16,t03,1,8,publish,jdbc_executeQuery,RepositoryExecutionClaimLedger.readLocked,1152,101187319,0
trace-16,t03,1,8,publish,jdbc_executeQuery,RepositoryOperationLedger.fenceLiveOwner,1920,1094474147,0
trace-16,t03,1,8,publish,jdbc_executeQuery,RepositoryOperationLedger.live,576,83027729,0
trace-16,t03,1,8,publish,jdbc_executeQuery,RepositoryOperationLedger.read,192,25779713,0
trace-16,t03,1,8,publish,jdbc_executeQuery,RepositoryOperationLedger.readOwner,768,75391747,0
trace-16,t03,1,8,publish,jdbc_executeQuery,RepositoryOperationLedger.requireCommand,1920,194583497,0
trace-16,t03,1,8,publish,jdbc_executeQuery,RepositorySchemaArtifacts.lambda$stage$3,768,605443708,0
trace-16,t03,1,8,publish,jdbc_executeQuery,SqlTimeouts.apply,1152,151056090,0
trace-16,t03,1,8,publish,jdbc_executeUpdate,DocumentCommitWriter.write,1344,1555748300,0
trace-16,t03,1,8,publish,jdbc_executeUpdate,DocumentOperationSelection.insert,192,198114921,0
trace-16,t03,1,8,publish,jdbc_executeUpdate,DocumentOperationUploadAdmission.writeAdmissions,384,230249577,0
trace-16,t03,1,8,publish,jdbc_executeUpdate,DocumentPartAttemptLedger.insertEncodedRows,192,165902646,0
trace-16,t03,1,8,publish,jdbc_executeUpdate,DocumentPreparationCoverageCertificates.insert,192,75038481,0
trace-16,t03,1,8,publish,jdbc_executeUpdate,DocumentPreparationHistoryRoots.insert,384,118834847,0
trace-16,t03,1,8,publish,jdbc_executeUpdate,DocumentPublicationCommit.lambda$commitInternal$6,576,1006613184,0
trace-16,t03,1,8,publish,jdbc_executeUpdate,DocumentPublicationModesJournal.insert,192,124119196,0
trace-16,t03,1,8,publish,jdbc_executeUpdate,DocumentPublicationPreparationJournal.insert,192,137474085,0
trace-16,t03,1,8,publish,jdbc_executeUpdate,DocumentSchemaAdmissionBinding.insert,192,170408734,0
trace-16,t03,1,8,publish,jdbc_executeUpdate,DocumentSelectedAttemptLedger.renewSelections,576,342626939,0
trace-16,t03,1,8,publish,jdbc_executeUpdate,RepositoryCoordinatorBinding.bindInitial,192,65864105,0
trace-16,t03,1,8,publish,jdbc_executeUpdate,RepositoryExecutionClaimLedger.acquireInitialChecked,192,64059733,0
trace-16,t03,1,8,publish,jdbc_executeUpdate,RepositoryExecutionClaimLedger.renewLive,384,74616435,0
trace-16,t03,1,8,publish,jdbc_executeUpdate,RepositoryOperationLedger.admitInTransaction,384,203161989,0
trace-16,t03,1,8,publish,jdbc_executeUpdate,RepositoryOperationLedger.renewLive,384,209425776,0
trace-16,t03,1,8,publish,sql_acquire,DocumentOperationUploadAdmission.captureReads,384,1615060984,0
trace-16,t03,1,8,publish,sql_acquire,DocumentOperationUploadAdmission.recheckInitialSelections,192,614275902,0
trace-16,t03,1,8,publish,sql_acquire,DocumentOperationUploadAdmission.stage,192,843171770,0
trace-16,t03,1,8,publish,sql_acquire,DocumentPublicationCommit.commitInternal,192,1224896324,0
trace-16,t03,1,8,publish,sql_acquire,DocumentPublicationModesJournal.requireObservedModes,384,2232519479,0
trace-16,t03,1,8,publish,sql_acquire,DocumentPublicationRegistration.admitInitialAccepted,192,822083173,0
trace-16,t03,1,8,publish,sql_acquire,DocumentPublicationRegistration.preflight,192,795824888,0
trace-16,t03,1,8,publish,sql_acquire,DocumentPublicationReplay.observe,384,1547546144,0
trace-16,t03,1,8,publish,sql_acquire,DocumentSchemaPolicies.read,192,641992630,0
trace-16,t03,1,8,publish,sql_acquire,DocumentSelectedAttemptLedger.renew,192,553044029,0
trace-16,t03,1,8,publish,sql_acquire,DocumentSelectedAttemptLedger.renewOwnerAndSelections,384,1508568558,0
trace-16,t03,1,8,publish,sql_acquire,RepositorySchemaArtifacts.stage,192,1192003124,0
trace-16,t03,1,8,publish,sql_usage,DocumentOperationUploadAdmission.captureReads,384,2349000000,0
trace-16,t03,1,8,publish,sql_usage,DocumentOperationUploadAdmission.recheckInitialSelections,192,1101000000,0
trace-16,t03,1,8,publish,sql_usage,DocumentOperationUploadAdmission.stage,192,2133000000,0
trace-16,t03,1,8,publish,sql_usage,DocumentPublicationCommit.commitInternal,192,6185000000,0
trace-16,t03,1,8,publish,sql_usage,DocumentPublicationModesJournal.requireObservedModes,384,2023000000,0
trace-16,t03,1,8,publish,sql_usage,DocumentPublicationRegistration.admitInitialAccepted,192,2078000000,0
trace-16,t03,1,8,publish,sql_usage,DocumentPublicationRegistration.preflight,192,23000000,0
trace-16,t03,1,8,publish,sql_usage,DocumentPublicationReplay.observe,384,28000000,0
trace-16,t03,1,8,publish,sql_usage,DocumentSchemaPolicies.read,192,12000000,0
trace-16,t03,1,8,publish,sql_usage,DocumentSelectedAttemptLedger.renew,192,1364000000,0
trace-16,t03,1,8,publish,sql_usage,DocumentSelectedAttemptLedger.renewOwnerAndSelections,384,2965000000,0
trace-16,t03,1,8,publish,sql_usage,RepositorySchemaArtifacts.stage,192,1605000000,0
trace-16,t03,1,8,read,jdbc_commit,DocumentHistoricalSchemas.authorize,256,1036612019,0
trace-16,t03,1,8,read,jdbc_commit,DocumentHistoricalSchemas.check,256,886112552,0
trace-16,t03,1,8,read,jdbc_commit,DocumentReadLedger$PinnedHistory.authorizeDelivery,768,2990565147,0
trace-16,t03,1,8,read,jdbc_commit,DocumentReadLedger.captureHistorical,256,879142984,0
trace-16,t03,1,8,read,jdbc_executeQuery,DocumentHistoricalReadRows.capture,512,496660074,0
trace-16,t03,1,8,read,jdbc_executeQuery,DocumentHistoricalSchemaRows.artifacts,512,107622809,0
trace-16,t03,1,8,read,jdbc_executeQuery,DocumentHistoricalSchemaRows.capture,512,474164960,0
trace-16,t03,1,8,read,jdbc_executeQuery,DocumentHistoricalSchemaRows.references,256,30295768,0
trace-16,t03,1,8,read,jdbc_executeQuery,DocumentHistoricalSchemaRows.roots,512,50754982,0
trace-16,t03,1,8,read,jdbc_executeQuery,DocumentReadLedger.lambda$captureHistorical$0,256,54277949,0
trace-16,t03,1,8,read,jdbc_executeQuery,DocumentReadPins.acquireHistorical,512,188193114,0
trace-16,t03,1,8,read,jdbc_executeQuery,DocumentRevisionLocks.lock,3072,686390846,0
trace-16,t03,1,8,read,jdbc_executeQuery,ManagedBackendLedger.requireAll,256,36815990,0
trace-16,t03,1,8,read,jdbc_executeUpdate,DocumentReadPins.acquireHistorical,256,246250108,0
trace-16,t03,1,8,read,sql_acquire,DocumentHistoricalSchemas.authorize,256,1175697296,0
trace-16,t03,1,8,read,sql_acquire,DocumentHistoricalSchemas.check,256,1287725372,0
trace-16,t03,1,8,read,sql_acquire,DocumentReadLedger$PinnedHistory.authorizeDelivery,768,3192900342,0
trace-16,t03,1,8,read,sql_acquire,DocumentReadLedger.captureHistorical,256,1424303633,0
trace-16,t03,1,8,read,sql_usage,DocumentHistoricalSchemas.authorize,256,1067000000,0
trace-16,t03,1,8,read,sql_usage,DocumentHistoricalSchemas.check,256,1643000000,0
trace-16,t03,1,8,read,sql_usage,DocumentReadLedger$PinnedHistory.authorizeDelivery,768,3103000000,0
trace-16,t03,1,8,read,sql_usage,DocumentReadLedger.captureHistorical,256,2124000000,0
trace-16,t03,1,8,reject,jdbc_commit,DocumentAssessmentCreation.createInternal,64,166035213,0
trace-16,t03,1,8,reject,jdbc_commit,DocumentAssessmentCreation.lambda$createInternal$0,64,198873963,0
trace-16,t03,1,8,reject,jdbc_commit,DocumentAssessmentDeliveryAuthorization.check,256,749847721,0
trace-16,t03,1,8,reject,jdbc_commit,DocumentAssessmentDiscovery.discover,64,179133913,0
trace-16,t03,1,8,reject,jdbc_commit,DocumentAssessmentReconciliation.observeRetained,64,186984206,0
trace-16,t03,1,8,reject,jdbc_commit,DocumentAssessmentRejections.decide,64,190722987,0
trace-16,t03,1,8,reject,jdbc_commit,DocumentAssessmentReplayInputs.load,64,8070300,0
trace-16,t03,1,8,reject,jdbc_commit,DocumentAssessmentStartJournal.startRetained,64,189363118,0
trace-16,t03,1,8,reject,jdbc_commit,DocumentOperationUploadAdmission.captureReads,128,535060765,0
trace-16,t03,1,8,reject,jdbc_commit,DocumentOperationUploadAdmission.recheckInitialSelections,64,220775315,0
trace-16,t03,1,8,reject,jdbc_commit,DocumentOperationUploadAdmission.stage,64,390493649,0
trace-16,t03,1,8,reject,jdbc_commit,DocumentPublicationModesJournal.loadRetained,128,438055198,0
trace-16,t03,1,8,reject,jdbc_commit,DocumentPublicationModesJournal.requireObservedModes,256,795836642,0
trace-16,t03,1,8,reject,jdbc_commit,DocumentPublicationPreparationJournal.load,128,489221016,0
trace-16,t03,1,8,reject,jdbc_commit,DocumentPublicationRegistration.admitInitialAccepted,64,291657598,0
trace-16,t03,1,8,reject,jdbc_commit,DocumentPublicationRegistration.preflight,128,11550905,0
trace-16,t03,1,8,reject,jdbc_commit,DocumentPublicationReplay.observe,256,405917116,0
trace-16,t03,1,8,reject,jdbc_commit,DocumentSchemaPolicies.read,64,5527619,0
trace-16,t03,1,8,reject,jdbc_commit,DocumentSelectedAttemptLedger.renew,64,231690822,0
trace-16,t03,1,8,reject,jdbc_commit,DocumentSelectedAttemptLedger.renewOwnerAndSelections,128,455255560,0
trace-16,t03,1,8,reject,jdbc_commit,RepositorySchemaArtifacts.stage,64,197711980,0
trace-16,t03,1,8,reject,jdbc_executeBatch,DocumentAssessmentCreationWrites.lambda$writeRows$0,64,39666432,0
trace-16,t03,1,8,reject,jdbc_executeQuery,DocumentAssessmentDeliveryAuthorization.lambda$check$0,1280,163547152,0
trace-16,t03,1,8,reject,jdbc_executeQuery,DocumentAssessmentDeliveryAuthorization.requireLiveReadOwner,512,68525800,0
trace-16,t03,1,8,reject,jdbc_executeQuery,DocumentAssessmentDiscovery.lambda$discover$0,128,23338079,0
trace-16,t03,1,8,reject,jdbc_executeQuery,DocumentAssessmentReadRows.capture,192,699811655,0
trace-16,t03,1,8,reject,jdbc_executeQuery,DocumentAssessmentReconciliation.verifyRetained,256,59971093,0
trace-16,t03,1,8,reject,jdbc_executeQuery,DocumentAssessmentRejections.lambda$decide$0,256,48987081,0
trace-16,t03,1,8,reject,jdbc_executeQuery,DocumentAssessmentReplayInputs.artifacts,128,53529301,0
trace-16,t03,1,8,reject,jdbc_executeQuery,DocumentAssessmentReplayInputs.policy,128,20539297,0
trace-16,t03,1,8,reject,jdbc_executeQuery,DocumentAssessmentReplayInputs.read,128,30055353,0
trace-16,t03,1,8,reject,jdbc_executeQuery,DocumentAssessmentReplayInputs.roots,128,26549810,0
trace-16,t03,1,8,reject,jdbc_executeQuery,DocumentAssessmentRetainedEvidence.verify,64,12567102,0
trace-16,t03,1,8,reject,jdbc_executeQuery,DocumentAssessmentRetainedEvidence.verifyArtifacts,64,30451015,0
trace-16,t03,1,8,reject,jdbc_executeQuery,DocumentAssessmentRetainedSlots.retainedSelections,64,19523478,0
trace-16,t03,1,8,reject,jdbc_executeQuery,DocumentAssessmentRetainedSlots.verify,256,251700643,0
trace-16,t03,1,8,reject,jdbc_executeQuery,DocumentAssessmentStartJournal.insertStartedOutcome,64,9685320,0
trace-16,t03,1,8,reject,jdbc_executeQuery,DocumentAssessmentStartJournal.lambda$startRetained$2,64,10581868,0
trace-16,t03,1,8,reject,jdbc_executeQuery,DocumentAssessmentStartJournal.requireCreation,64,26111611,0
trace-16,t03,1,8,reject,jdbc_executeQuery,DocumentCommitParts.bind,128,42225351,0
trace-16,t03,1,8,reject,jdbc_executeQuery,DocumentCommitParts.read,64,71472792,0
trace-16,t03,1,8,reject,jdbc_executeQuery,DocumentCommitParts.selections,64,13591300,0
trace-16,t03,1,8,reject,jdbc_executeQuery,DocumentDriveSnapshot.lock,128,22062726,0
trace-16,t03,1,8,reject,jdbc_executeQuery,DocumentKeyReservations.reserveEncoded,64,15357634,0
trace-16,t03,1,8,reject,jdbc_executeQuery,DocumentOperationUploadAdmission.lambda$captureReads$0,192,42245773,0
trace-16,t03,1,8,reject,jdbc_executeQuery,DocumentOperationUploadAdmission.requireInitialSelections,64,12529353,0
trace-16,t03,1,8,reject,jdbc_executeQuery,DocumentOperationUploadAdmission.writeAdmissions,128,19140117,0
trace-16,t03,1,8,reject,jdbc_executeQuery,DocumentPartAttemptLedger.lockAll,384,37171942,0
trace-16,t03,1,8,reject,jdbc_executeQuery,DocumentPartAttemptLedger.read,128,11208902,0
trace-16,t03,1,8,reject,jdbc_executeQuery,DocumentPreparationHistoryRoots.coverage,64,8116941,0
trace-16,t03,1,8,reject,jdbc_executeQuery,DocumentPublicationModesJournal.readModes,192,18642369,0
trace-16,t03,1,8,reject,jdbc_executeQuery,DocumentPublicationPreparationJournal.capture,384,36449097,0
trace-16,t03,1,8,reject,jdbc_executeQuery,DocumentPublicationReplay.observe,832,102803943,0
trace-16,t03,1,8,reject,jdbc_executeQuery,DocumentRevisionLocks.lock,2304,442842584,0
trace-16,t03,1,8,reject,jdbc_executeQuery,DocumentSchemaPolicies.lambda$read$0,64,6747897,0
trace-16,t03,1,8,reject,jdbc_executeQuery,DocumentSchemaPolicies.lockCurrent,384,31796681,0
trace-16,t03,1,8,reject,jdbc_executeQuery,DocumentSchemaPolicies.select,192,19767147,0
trace-16,t03,1,8,reject,jdbc_executeQuery,DocumentSelectedAttemptLedger.lockSelected,64,9291488,0
trace-16,t03,1,8,reject,jdbc_executeQuery,DocumentSelectedAttemptLedger.requireOwner,192,49095274,0
trace-16,t03,1,8,reject,jdbc_executeQuery,DocumentSelectedAttemptLedger.requireSelections,384,68017046,0
trace-16,t03,1,8,reject,jdbc_executeQuery,DocumentUploadAdmissionReplay.hasSelections,64,5247903,0
trace-16,t03,1,8,reject,jdbc_executeQuery,ManagedBackendLedger.find,128,12715882,0
trace-16,t03,1,8,reject,jdbc_executeQuery,ManagedBackendLedger.requireAll,64,7443501,0
trace-16,t03,1,8,reject,jdbc_executeQuery,RepositoryCoordinatorBinding.bindInitial,64,5639444,0
trace-16,t03,1,8,reject,jdbc_executeQuery,RepositoryExecutionClaimLedger.live,64,5838211,0
trace-16,t03,1,8,reject,jdbc_executeQuery,RepositoryExecutionClaimLedger.lockLive,2304,617299489,0
trace-16,t03,1,8,reject,jdbc_executeQuery,RepositoryExecutionClaimLedger.readLocked,384,29760277,0
trace-16,t03,1,8,reject,jdbc_executeQuery,RepositoryOperationLedger.fenceLiveOwner,1344,764669459,0
trace-16,t03,1,8,reject,jdbc_executeQuery,RepositoryOperationLedger.live,192,25540847,0
trace-16,t03,1,8,reject,jdbc_executeQuery,RepositoryOperationLedger.read,64,6791969,0
trace-16,t03,1,8,reject,jdbc_executeQuery,RepositoryOperationLedger.readOwner,256,25068848,0
trace-16,t03,1,8,reject,jdbc_executeQuery,RepositoryOperationLedger.requireCommand,1344,149764510,0
trace-16,t03,1,8,reject,jdbc_executeQuery,RepositorySchemaArtifacts.lambda$stage$3,256,222536545,0
trace-16,t03,1,8,reject,jdbc_executeQuery,SqlTimeouts.apply,384,45341964,0
trace-16,t03,1,8,reject,jdbc_executeUpdate,DocumentAssessmentCreationWrites.insertOwner,64,54279426,0
trace-16,t03,1,8,reject,jdbc_executeUpdate,DocumentAssessmentCreationWrites.lambda$writeRows$1,64,52074879,0
trace-16,t03,1,8,reject,jdbc_executeUpdate,DocumentAssessmentCreationWrites.writeRows,448,670990475,0
trace-16,t03,1,8,reject,jdbc_executeUpdate,DocumentAssessmentReconciliation.verifyRetained,64,56635428,0
trace-16,t03,1,8,reject,jdbc_executeUpdate,DocumentAssessmentRejections.lambda$decide$0,64,48234857,0
trace-16,t03,1,8,reject,jdbc_executeUpdate,DocumentAssessmentStartJournal.insertStartedOutcome,64,62706359,0
trace-16,t03,1,8,reject,jdbc_executeUpdate,DocumentOperationSelection.insert,64,72394206,0
trace-16,t03,1,8,reject,jdbc_executeUpdate,DocumentOperationUploadAdmission.writeAdmissions,128,65006298,0
trace-16,t03,1,8,reject,jdbc_executeUpdate,DocumentPartAttemptLedger.insertEncodedRows,64,49040540,0
trace-16,t03,1,8,reject,jdbc_executeUpdate,DocumentPreparationCoverageCertificates.insert,64,22803830,0
trace-16,t03,1,8,reject,jdbc_executeUpdate,DocumentPreparationHistoryRoots.insert,128,38903777,0
trace-16,t03,1,8,reject,jdbc_executeUpdate,DocumentPublicationModesJournal.insert,64,38367448,0
trace-16,t03,1,8,reject,jdbc_executeUpdate,DocumentPublicationPreparationJournal.insert,64,45917676,0
trace-16,t03,1,8,reject,jdbc_executeUpdate,DocumentSelectedAttemptLedger.renewSelections,192,116120694,0
trace-16,t03,1,8,reject,jdbc_executeUpdate,RepositoryCoordinatorBinding.bindInitial,64,24226316,0
trace-16,t03,1,8,reject,jdbc_executeUpdate,RepositoryExecutionClaimLedger.acquireInitialChecked,64,21588515,0
trace-16,t03,1,8,reject,jdbc_executeUpdate,RepositoryExecutionClaimLedger.renewLive,128,30989615,0
trace-16,t03,1,8,reject,jdbc_executeUpdate,RepositoryOperationLedger.admitInTransaction,128,61031286,0
trace-16,t03,1,8,reject,jdbc_executeUpdate,RepositoryOperationLedger.renewLive,128,67882917,0
trace-16,t03,1,8,reject,sql_acquire,DocumentAssessmentCreation.createInternal,64,334002248,0
trace-16,t03,1,8,reject,sql_acquire,DocumentAssessmentCreation.lambda$createInternal$0,64,299203354,0
trace-16,t03,1,8,reject,sql_acquire,DocumentAssessmentDeliveryAuthorization.check,256,1134292071,0
trace-16,t03,1,8,reject,sql_acquire,DocumentAssessmentDiscovery.discover,64,263652112,0
trace-16,t03,1,8,reject,sql_acquire,DocumentAssessmentReconciliation.observeRetained,64,306593043,0
trace-16,t03,1,8,reject,sql_acquire,DocumentAssessmentRejections.decide,64,273615742,0
trace-16,t03,1,8,reject,sql_acquire,DocumentAssessmentReplayInputs.load,64,236676875,0
trace-16,t03,1,8,reject,sql_acquire,DocumentAssessmentStartJournal.startRetained,64,216739242,0
trace-16,t03,1,8,reject,sql_acquire,DocumentOperationUploadAdmission.captureReads,128,442961159,0
trace-16,t03,1,8,reject,sql_acquire,DocumentOperationUploadAdmission.recheckInitialSelections,64,117061538,0
trace-16,t03,1,8,reject,sql_acquire,DocumentOperationUploadAdmission.stage,64,242791667,0
trace-16,t03,1,8,reject,sql_acquire,DocumentPublicationModesJournal.loadRetained,128,506483273,0
trace-16,t03,1,8,reject,sql_acquire,DocumentPublicationModesJournal.requireObservedModes,256,1036696722,0
trace-16,t03,1,8,reject,sql_acquire,DocumentPublicationPreparationJournal.load,128,519079992,0
trace-16,t03,1,8,reject,sql_acquire,DocumentPublicationRegistration.admitInitialAccepted,64,241049466,0
trace-16,t03,1,8,reject,sql_acquire,DocumentPublicationRegistration.preflight,128,460730761,0
trace-16,t03,1,8,reject,sql_acquire,DocumentPublicationReplay.observe,256,1206057400,0
trace-16,t03,1,8,reject,sql_acquire,DocumentSchemaPolicies.read,64,190746428,0
trace-16,t03,1,8,reject,sql_acquire,DocumentSelectedAttemptLedger.renew,64,125435823,0
trace-16,t03,1,8,reject,sql_acquire,DocumentSelectedAttemptLedger.renewOwnerAndSelections,128,314253440,0
trace-16,t03,1,8,reject,sql_acquire,RepositorySchemaArtifacts.stage,64,217329065,0
trace-16,t03,1,8,reject,sql_usage,DocumentAssessmentCreation.createInternal,64,1451000000,0
trace-16,t03,1,8,reject,sql_usage,DocumentAssessmentCreation.lambda$createInternal$0,64,284000000,0
trace-16,t03,1,8,reject,sql_usage,DocumentAssessmentDeliveryAuthorization.check,256,1102000000,0
trace-16,t03,1,8,reject,sql_usage,DocumentAssessmentDiscovery.discover,64,350000000,0
trace-16,t03,1,8,reject,sql_usage,DocumentAssessmentReconciliation.observeRetained,64,1541000000,0
trace-16,t03,1,8,reject,sql_usage,DocumentAssessmentRejections.decide,64,535000000,0
trace-16,t03,1,8,reject,sql_usage,DocumentAssessmentReplayInputs.load,64,222000000,0
trace-16,t03,1,8,reject,sql_usage,DocumentAssessmentStartJournal.startRetained,64,342000000,0
trace-16,t03,1,8,reject,sql_usage,DocumentOperationUploadAdmission.captureReads,128,738000000,0
trace-16,t03,1,8,reject,sql_usage,DocumentOperationUploadAdmission.recheckInitialSelections,64,286000000,0
trace-16,t03,1,8,reject,sql_usage,DocumentOperationUploadAdmission.stage,64,752000000,0
trace-16,t03,1,8,reject,sql_usage,DocumentPublicationModesJournal.loadRetained,128,441000000,0
trace-16,t03,1,8,reject,sql_usage,DocumentPublicationModesJournal.requireObservedModes,256,1071000000,0
trace-16,t03,1,8,reject,sql_usage,DocumentPublicationPreparationJournal.load,128,494000000,0
trace-16,t03,1,8,reject,sql_usage,DocumentPublicationRegistration.admitInitialAccepted,64,678000000,0
trace-16,t03,1,8,reject,sql_usage,DocumentPublicationRegistration.preflight,128,11000000,0
trace-16,t03,1,8,reject,sql_usage,DocumentPublicationReplay.observe,256,491000000,0
trace-16,t03,1,8,reject,sql_usage,DocumentSchemaPolicies.read,64,1000000,0
trace-16,t03,1,8,reject,sql_usage,DocumentSelectedAttemptLedger.renew,64,386000000,0
trace-16,t03,1,8,reject,sql_usage,DocumentSelectedAttemptLedger.renewOwnerAndSelections,128,880000000,0
trace-16,t03,1,8,reject,sql_usage,RepositorySchemaArtifacts.stage,64,526000000,0
trace-16,t03,1,8,replay,jdbc_commit,DocumentPublicationReplay.observe,256,1010888772,0
trace-16,t03,1,8,replay,jdbc_executeQuery,DocumentPublicationReplay.observe,768,98251895,0
trace-16,t03,1,8,replay,jdbc_executeQuery,DocumentPublicationReplay.requireRevisions,192,38753267,0
trace-16,t03,1,8,replay,jdbc_executeQuery,DocumentRevisionLocks.lock,512,99366984,0
trace-16,t03,1,8,replay,jdbc_executeQuery,RepositoryOperationLedger.requireCommand,256,33677133,0
trace-16,t03,1,8,replay,sql_acquire,DocumentPublicationReplay.observe,256,1553960545,0
trace-16,t03,1,8,replay,sql_usage,DocumentPublicationReplay.observe,256,1298000000,0
trace-16,t03,1,8,unscoped,jdbc_commit,DocumentAssessmentReadProtection.finish,66,243278643,0
trace-16,t03,1,8,unscoped,jdbc_commit,DocumentReadPins.finish,256,1267708770,0
trace-16,t03,1,8,unscoped,jdbc_commit,DocumentSelectedAttemptLedger.verifyBatch,256,1193926125,0
trace-16,t03,1,8,unscoped,jdbc_executeQuery,DocumentAssessmentReadProtection.lambda$finish$0,66,36996802,0
trace-16,t03,1,8,unscoped,jdbc_executeQuery,DocumentPartAttemptLedger.read,512,49734411,0
trace-16,t03,1,8,unscoped,jdbc_executeQuery,DocumentReadPins.lambda$finish$0,256,287683122,0
trace-16,t03,1,8,unscoped,jdbc_executeQuery,DocumentSelectedAttemptLedger.lockSelected,512,72270001,0
trace-16,t03,1,8,unscoped,jdbc_executeQuery,DocumentSelectedAttemptLedger.requireOwner,256,53849406,0
trace-16,t03,1,8,unscoped,jdbc_executeQuery,RepositoryExecutionClaimLedger.lockLive,256,70493494,0
trace-16,t03,1,8,unscoped,jdbc_executeQuery,RepositoryOperationLedger.fenceLiveOwner,256,155381672,0
trace-16,t03,1,8,unscoped,jdbc_executeQuery,SqlTimeouts.apply,256,37702485,0
trace-16,t03,1,8,unscoped,jdbc_executeUpdate,DocumentSelectedAttemptLedger.verifyBatch,512,331704598,0
trace-16,t03,1,8,unscoped,provider_getBounded,DocumentPartTransfer.upload,256,450391151,0
trace-16,t03,1,8,unscoped,provider_getBounded,outside_ledger,320,665593105,0
trace-16,t03,1,8,unscoped,provider_put,DocumentPartTransfer.upload,256,18792502856,0
trace-16,t03,1,8,unscoped,sql_acquire,DocumentAssessmentReadProtection.finish,66,204710492,0
trace-16,t03,1,8,unscoped,sql_acquire,DocumentReadPins.finish,256,677343091,0
trace-16,t03,1,8,unscoped,sql_acquire,DocumentSelectedAttemptLedger.verifyBatch,256,689605198,0
trace-16,t03,1,8,unscoped,sql_usage,DocumentAssessmentReadProtection.finish,66,257000000,0
trace-16,t03,1,8,unscoped,sql_usage,DocumentReadPins.finish,256,1458000000,0
trace-16,t03,1,8,unscoped,sql_usage,DocumentSelectedAttemptLedger.verifyBatch,256,1934000000,0
trace-16,t04,4,2,publish,jdbc_commit,DocumentOperationUploadAdmission.captureReads,384,1888082158,0
trace-16,t04,4,2,publish,jdbc_commit,DocumentOperationUploadAdmission.recheckInitialSelections,192,965586399,0
trace-16,t04,4,2,publish,jdbc_commit,DocumentOperationUploadAdmission.stage,192,1023980497,0
trace-16,t04,4,2,publish,jdbc_commit,DocumentPublicationCommit.commitInternal,192,880459484,0
trace-16,t04,4,2,publish,jdbc_commit,DocumentPublicationModesJournal.requireObservedModes,384,1854486862,0
trace-16,t04,4,2,publish,jdbc_commit,DocumentPublicationRegistration.admitInitialAccepted,192,1067740262,0
trace-16,t04,4,2,publish,jdbc_commit,DocumentPublicationRegistration.preflight,192,22697007,0
trace-16,t04,4,2,publish,jdbc_commit,DocumentPublicationReplay.observe,384,38365844,0
trace-16,t04,4,2,publish,jdbc_commit,DocumentSchemaPolicies.read,192,22534652,0
trace-16,t04,4,2,publish,jdbc_commit,DocumentSelectedAttemptLedger.renew,192,882398424,0
trace-16,t04,4,2,publish,jdbc_commit,DocumentSelectedAttemptLedger.renewOwnerAndSelections,384,1938971117,0
trace-16,t04,4,2,publish,jdbc_commit,RepositorySchemaArtifacts.stage,192,851503888,0
trace-16,t04,4,2,publish,jdbc_executeBatch,DocumentSchemaRetention.flush,576,502405832,0
trace-16,t04,4,2,publish,jdbc_executeQuery,DocumentAdmissionSnapshot.prepare,192,58944665,0
trace-16,t04,4,2,publish,jdbc_executeQuery,DocumentCommitParts.bind,192,40851405,0
trace-16,t04,4,2,publish,jdbc_executeQuery,DocumentCommitParts.read,192,267854027,0
trace-16,t04,4,2,publish,jdbc_executeQuery,DocumentCommitParts.selections,192,49622891,0
trace-16,t04,4,2,publish,jdbc_executeQuery,DocumentCommitWriter.write,384,48183614,0
trace-16,t04,4,2,publish,jdbc_executeQuery,DocumentDriveSnapshot.lock,384,54751063,0
trace-16,t04,4,2,publish,jdbc_executeQuery,DocumentKeyReservations.reserveEncoded,192,57425866,0
trace-16,t04,4,2,publish,jdbc_executeQuery,DocumentOperationUploadAdmission.lambda$captureReads$0,576,152773964,0
trace-16,t04,4,2,publish,jdbc_executeQuery,DocumentOperationUploadAdmission.requireInitialSelections,192,48389738,0
trace-16,t04,4,2,publish,jdbc_executeQuery,DocumentOperationUploadAdmission.writeAdmissions,384,66868680,0
trace-16,t04,4,2,publish,jdbc_executeQuery,DocumentPartAttemptLedger.lockAll,1152,138680450,0
trace-16,t04,4,2,publish,jdbc_executeQuery,DocumentPartAttemptLedger.read,384,44861245,0
trace-16,t04,4,2,publish,jdbc_executeQuery,DocumentPreparationHistoryRoots.coverage,192,28374884,0
trace-16,t04,4,2,publish,jdbc_executeQuery,DocumentPublicationLocks$IndependentOrigins.requireScope,384,40943953,0
trace-16,t04,4,2,publish,jdbc_executeQuery,DocumentPublicationLocks.lockIndependentOrigins,960,136042974,0
trace-16,t04,4,2,publish,jdbc_executeQuery,DocumentPublicationLocks.lockIndependentRetention,192,36933422,0
trace-16,t04,4,2,publish,jdbc_executeQuery,DocumentPublicationModeBinding.require,192,38976493,0
trace-16,t04,4,2,publish,jdbc_executeQuery,DocumentPublicationModesJournal.readModes,192,21650782,0
trace-16,t04,4,2,publish,jdbc_executeQuery,DocumentPublicationPreparationJournal.capture,384,48610823,0
trace-16,t04,4,2,publish,jdbc_executeQuery,DocumentPublicationReplay.observe,768,122627724,0
trace-16,t04,4,2,publish,jdbc_executeQuery,DocumentRevisionLocks.lock,2304,523464054,0
trace-16,t04,4,2,publish,jdbc_executeQuery,DocumentSchemaBatch.lockArtifacts,960,146412507,0
trace-16,t04,4,2,publish,jdbc_executeQuery,DocumentSchemaPolicies.lambda$read$0,192,26909053,0
trace-16,t04,4,2,publish,jdbc_executeQuery,DocumentSchemaPolicies.lockCurrent,576,60676231,0
trace-16,t04,4,2,publish,jdbc_executeQuery,DocumentSchemaPolicies.select,384,50892034,0
trace-16,t04,4,2,publish,jdbc_executeQuery,DocumentSchemaRetention.requireFragments,192,42759729,0
trace-16,t04,4,2,publish,jdbc_executeQuery,DocumentSchemaRetention.requireRevision,192,26582728,0
trace-16,t04,4,2,publish,jdbc_executeQuery,DocumentSchemaRetention.write,192,49452275,0
trace-16,t04,4,2,publish,jdbc_executeQuery,DocumentSelectedAttemptLedger.lockSelected,192,33944769,0
trace-16,t04,4,2,publish,jdbc_executeQuery,DocumentSelectedAttemptLedger.requireOwner,576,147221610,0
trace-16,t04,4,2,publish,jdbc_executeQuery,DocumentSelectedAttemptLedger.requireSelections,1152,230317287,0
trace-16,t04,4,2,publish,jdbc_executeQuery,DocumentUploadAdmissionReplay.hasSelections,192,24471292,0
trace-16,t04,4,2,publish,jdbc_executeQuery,ManagedBackendLedger.find,384,46259110,0
trace-16,t04,4,2,publish,jdbc_executeQuery,RepositoryCoordinatorBinding.bindInitial,192,23809357,0
trace-16,t04,4,2,publish,jdbc_executeQuery,RepositoryExecutionClaimLedger.live,192,22528357,0
trace-16,t04,4,2,publish,jdbc_executeQuery,RepositoryExecutionClaimLedger.lockLive,3456,1045084135,0
trace-16,t04,4,2,publish,jdbc_executeQuery,RepositoryExecutionClaimLedger.readLocked,1152,108588853,0
trace-16,t04,4,2,publish,jdbc_executeQuery,RepositoryOperationLedger.fenceLiveOwner,1920,1287965578,0
trace-16,t04,4,2,publish,jdbc_executeQuery,RepositoryOperationLedger.live,576,91722108,0
trace-16,t04,4,2,publish,jdbc_executeQuery,RepositoryOperationLedger.read,192,25615864,0
trace-16,t04,4,2,publish,jdbc_executeQuery,RepositoryOperationLedger.readOwner,768,90633521,0
trace-16,t04,4,2,publish,jdbc_executeQuery,RepositoryOperationLedger.requireCommand,1920,226405802,0
trace-16,t04,4,2,publish,jdbc_executeQuery,RepositorySchemaArtifacts.lambda$stage$3,768,650527363,0
trace-16,t04,4,2,publish,jdbc_executeQuery,SqlTimeouts.apply,1152,175046575,0
trace-16,t04,4,2,publish,jdbc_executeUpdate,DocumentCommitWriter.write,1344,974080086,0
trace-16,t04,4,2,publish,jdbc_executeUpdate,DocumentOperationSelection.insert,192,199213942,0
trace-16,t04,4,2,publish,jdbc_executeUpdate,DocumentOperationUploadAdmission.writeAdmissions,384,240007826,0
trace-16,t04,4,2,publish,jdbc_executeUpdate,DocumentPartAttemptLedger.insertEncodedRows,192,170403394,0
trace-16,t04,4,2,publish,jdbc_executeUpdate,DocumentPreparationCoverageCertificates.insert,192,78820237,0
trace-16,t04,4,2,publish,jdbc_executeUpdate,DocumentPreparationHistoryRoots.insert,384,132060007,0
trace-16,t04,4,2,publish,jdbc_executeUpdate,DocumentPublicationCommit.lambda$commitInternal$6,576,503952133,0
trace-16,t04,4,2,publish,jdbc_executeUpdate,DocumentPublicationModesJournal.insert,192,132392370,0
trace-16,t04,4,2,publish,jdbc_executeUpdate,DocumentPublicationPreparationJournal.insert,192,160392248,0
trace-16,t04,4,2,publish,jdbc_executeUpdate,DocumentSchemaAdmissionBinding.insert,192,166435819,0
trace-16,t04,4,2,publish,jdbc_executeUpdate,DocumentSelectedAttemptLedger.renewSelections,576,368174954,0
trace-16,t04,4,2,publish,jdbc_executeUpdate,RepositoryCoordinatorBinding.bindInitial,192,71531885,0
trace-16,t04,4,2,publish,jdbc_executeUpdate,RepositoryExecutionClaimLedger.acquireInitialChecked,192,78177816,0
trace-16,t04,4,2,publish,jdbc_executeUpdate,RepositoryExecutionClaimLedger.renewLive,384,85478120,0
trace-16,t04,4,2,publish,jdbc_executeUpdate,RepositoryOperationLedger.admitInTransaction,384,225887820,0
trace-16,t04,4,2,publish,jdbc_executeUpdate,RepositoryOperationLedger.renewLive,384,236656242,0
trace-16,t04,4,2,publish,sql_acquire,DocumentOperationUploadAdmission.captureReads,384,1821355872,0
trace-16,t04,4,2,publish,sql_acquire,DocumentOperationUploadAdmission.recheckInitialSelections,192,924091163,0
trace-16,t04,4,2,publish,sql_acquire,DocumentOperationUploadAdmission.stage,192,943098035,0
trace-16,t04,4,2,publish,sql_acquire,DocumentPublicationCommit.commitInternal,192,1195692191,0
trace-16,t04,4,2,publish,sql_acquire,DocumentPublicationModesJournal.requireObservedModes,384,2199058567,0
trace-16,t04,4,2,publish,sql_acquire,DocumentPublicationRegistration.admitInitialAccepted,192,820574275,0
trace-16,t04,4,2,publish,sql_acquire,DocumentPublicationRegistration.preflight,192,845914711,0
trace-16,t04,4,2,publish,sql_acquire,DocumentPublicationReplay.observe,384,1870474496,0
trace-16,t04,4,2,publish,sql_acquire,DocumentSchemaPolicies.read,192,1077010264,0
trace-16,t04,4,2,publish,sql_acquire,DocumentSelectedAttemptLedger.renew,192,855281499,0
trace-16,t04,4,2,publish,sql_acquire,DocumentSelectedAttemptLedger.renewOwnerAndSelections,384,1803258891,0
trace-16,t04,4,2,publish,sql_acquire,RepositorySchemaArtifacts.stage,192,892830123,0
trace-16,t04,4,2,publish,sql_usage,DocumentOperationUploadAdmission.captureReads,384,2813000000,0
trace-16,t04,4,2,publish,sql_usage,DocumentOperationUploadAdmission.recheckInitialSelections,192,1256000000,0
trace-16,t04,4,2,publish,sql_usage,DocumentOperationUploadAdmission.stage,192,2534000000,0
trace-16,t04,4,2,publish,sql_usage,DocumentPublicationCommit.commitInternal,192,6099000000,0
trace-16,t04,4,2,publish,sql_usage,DocumentPublicationModesJournal.requireObservedModes,384,2420000000,0
trace-16,t04,4,2,publish,sql_usage,DocumentPublicationRegistration.admitInitialAccepted,192,2638000000,0
trace-16,t04,4,2,publish,sql_usage,DocumentPublicationRegistration.preflight,192,114000000,0
trace-16,t04,4,2,publish,sql_usage,DocumentPublicationReplay.observe,384,51000000,0
trace-16,t04,4,2,publish,sql_usage,DocumentSchemaPolicies.read,192,68000000,0
trace-16,t04,4,2,publish,sql_usage,DocumentSelectedAttemptLedger.renew,192,1443000000,0
trace-16,t04,4,2,publish,sql_usage,DocumentSelectedAttemptLedger.renewOwnerAndSelections,384,3619000000,0
trace-16,t04,4,2,publish,sql_usage,RepositorySchemaArtifacts.stage,192,1964000000,0
trace-16,t04,4,2,read,jdbc_commit,DocumentHistoricalSchemas.authorize,256,1274459433,0
trace-16,t04,4,2,read,jdbc_commit,DocumentHistoricalSchemas.check,256,1122366472,0
trace-16,t04,4,2,read,jdbc_commit,DocumentReadLedger$PinnedHistory.authorizeDelivery,768,3859268229,0
trace-16,t04,4,2,read,jdbc_commit,DocumentReadLedger.captureHistorical,256,1056824064,0
trace-16,t04,4,2,read,jdbc_executeQuery,DocumentHistoricalReadRows.capture,512,161292223,0
trace-16,t04,4,2,read,jdbc_executeQuery,DocumentHistoricalSchemaRows.artifacts,512,123138285,0
trace-16,t04,4,2,read,jdbc_executeQuery,DocumentHistoricalSchemaRows.capture,512,249600247,0
trace-16,t04,4,2,read,jdbc_executeQuery,DocumentHistoricalSchemaRows.references,256,35111407,0
trace-16,t04,4,2,read,jdbc_executeQuery,DocumentHistoricalSchemaRows.roots,512,55665757,0
trace-16,t04,4,2,read,jdbc_executeQuery,DocumentReadLedger.lambda$captureHistorical$0,256,52652765,0
trace-16,t04,4,2,read,jdbc_executeQuery,DocumentReadPins.acquireHistorical,512,204984974,0
trace-16,t04,4,2,read,jdbc_executeQuery,DocumentRevisionLocks.lock,3072,840312992,0
trace-16,t04,4,2,read,jdbc_executeQuery,ManagedBackendLedger.requireAll,256,37381816,0
trace-16,t04,4,2,read,jdbc_executeUpdate,DocumentReadPins.acquireHistorical,256,251112456,0
trace-16,t04,4,2,read,sql_acquire,DocumentHistoricalSchemas.authorize,256,1179690235,0
trace-16,t04,4,2,read,sql_acquire,DocumentHistoricalSchemas.check,256,1705344047,0
trace-16,t04,4,2,read,sql_acquire,DocumentReadLedger$PinnedHistory.authorizeDelivery,768,4564188069,0
trace-16,t04,4,2,read,sql_acquire,DocumentReadLedger.captureHistorical,256,1740712423,0
trace-16,t04,4,2,read,sql_usage,DocumentHistoricalSchemas.authorize,256,1409000000,0
trace-16,t04,4,2,read,sql_usage,DocumentHistoricalSchemas.check,256,1817000000,0
trace-16,t04,4,2,read,sql_usage,DocumentReadLedger$PinnedHistory.authorizeDelivery,768,4209000000,0
trace-16,t04,4,2,read,sql_usage,DocumentReadLedger.captureHistorical,256,2243000000,0
trace-16,t04,4,2,reject,jdbc_commit,DocumentAssessmentCreation.createInternal,64,181800720,0
trace-16,t04,4,2,reject,jdbc_commit,DocumentAssessmentCreation.lambda$createInternal$0,64,255787778,0
trace-16,t04,4,2,reject,jdbc_commit,DocumentAssessmentDeliveryAuthorization.check,256,834894773,0
trace-16,t04,4,2,reject,jdbc_commit,DocumentAssessmentDiscovery.discover,64,194519859,0
trace-16,t04,4,2,reject,jdbc_commit,DocumentAssessmentReconciliation.observeRetained,64,195314258,0
trace-16,t04,4,2,reject,jdbc_commit,DocumentAssessmentRejections.decide,64,241802266,0
trace-16,t04,4,2,reject,jdbc_commit,DocumentAssessmentReplayInputs.load,64,8294156,0
trace-16,t04,4,2,reject,jdbc_commit,DocumentAssessmentStartJournal.startRetained,64,214785000,0
trace-16,t04,4,2,reject,jdbc_commit,DocumentOperationUploadAdmission.captureReads,128,630951735,0
trace-16,t04,4,2,reject,jdbc_commit,DocumentOperationUploadAdmission.recheckInitialSelections,64,306617047,0
trace-16,t04,4,2,reject,jdbc_commit,DocumentOperationUploadAdmission.stage,64,390060288,0
trace-16,t04,4,2,reject,jdbc_commit,DocumentPublicationModesJournal.loadRetained,128,513462055,0
trace-16,t04,4,2,reject,jdbc_commit,DocumentPublicationModesJournal.requireObservedModes,256,1017119369,0
trace-16,t04,4,2,reject,jdbc_commit,DocumentPublicationPreparationJournal.load,128,541764373,0
trace-16,t04,4,2,reject,jdbc_commit,DocumentPublicationRegistration.admitInitialAccepted,64,364964649,0
trace-16,t04,4,2,reject,jdbc_commit,DocumentPublicationRegistration.preflight,128,14606174,0
trace-16,t04,4,2,reject,jdbc_commit,DocumentPublicationReplay.observe,256,405381933,0
trace-16,t04,4,2,reject,jdbc_commit,DocumentSchemaPolicies.read,64,7146946,0
trace-16,t04,4,2,reject,jdbc_commit,DocumentSelectedAttemptLedger.renew,64,279301082,0
trace-16,t04,4,2,reject,jdbc_commit,DocumentSelectedAttemptLedger.renewOwnerAndSelections,128,583711101,0
trace-16,t04,4,2,reject,jdbc_commit,RepositorySchemaArtifacts.stage,64,274956753,0
trace-16,t04,4,2,reject,jdbc_executeBatch,DocumentAssessmentCreationWrites.lambda$writeRows$0,64,46219298,0
trace-16,t04,4,2,reject,jdbc_executeQuery,DocumentAssessmentDeliveryAuthorization.lambda$check$0,1280,173589044,0
trace-16,t04,4,2,reject,jdbc_executeQuery,DocumentAssessmentDeliveryAuthorization.requireLiveReadOwner,512,88194470,0
trace-16,t04,4,2,reject,jdbc_executeQuery,DocumentAssessmentDiscovery.lambda$discover$0,128,30404640,0
trace-16,t04,4,2,reject,jdbc_executeQuery,DocumentAssessmentReadRows.capture,192,684018495,0
trace-16,t04,4,2,reject,jdbc_executeQuery,DocumentAssessmentReconciliation.verifyRetained,256,53760644,0
trace-16,t04,4,2,reject,jdbc_executeQuery,DocumentAssessmentRejections.lambda$decide$0,256,58898730,0
trace-16,t04,4,2,reject,jdbc_executeQuery,DocumentAssessmentReplayInputs.artifacts,128,52013548,0
trace-16,t04,4,2,reject,jdbc_executeQuery,DocumentAssessmentReplayInputs.policy,128,22512184,0
trace-16,t04,4,2,reject,jdbc_executeQuery,DocumentAssessmentReplayInputs.read,128,33370405,0
trace-16,t04,4,2,reject,jdbc_executeQuery,DocumentAssessmentReplayInputs.roots,128,28497725,0
trace-16,t04,4,2,reject,jdbc_executeQuery,DocumentAssessmentRetainedEvidence.verify,64,11904833,0
trace-16,t04,4,2,reject,jdbc_executeQuery,DocumentAssessmentRetainedEvidence.verifyArtifacts,64,34885803,0
trace-16,t04,4,2,reject,jdbc_executeQuery,DocumentAssessmentRetainedSlots.retainedSelections,64,20602506,0
trace-16,t04,4,2,reject,jdbc_executeQuery,DocumentAssessmentRetainedSlots.verify,256,257225399,0
trace-16,t04,4,2,reject,jdbc_executeQuery,DocumentAssessmentStartJournal.insertStartedOutcome,64,11029619,0
trace-16,t04,4,2,reject,jdbc_executeQuery,DocumentAssessmentStartJournal.lambda$startRetained$2,64,12722651,0
trace-16,t04,4,2,reject,jdbc_executeQuery,DocumentAssessmentStartJournal.requireCreation,64,28126013,0
trace-16,t04,4,2,reject,jdbc_executeQuery,DocumentCommitParts.bind,128,42338409,0
trace-16,t04,4,2,reject,jdbc_executeQuery,DocumentCommitParts.read,64,83673696,0
trace-16,t04,4,2,reject,jdbc_executeQuery,DocumentCommitParts.selections,64,15463137,0
trace-16,t04,4,2,reject,jdbc_executeQuery,DocumentDriveSnapshot.lock,128,17435262,0
trace-16,t04,4,2,reject,jdbc_executeQuery,DocumentKeyReservations.reserveEncoded,64,18003652,0
trace-16,t04,4,2,reject,jdbc_executeQuery,DocumentOperationUploadAdmission.lambda$captureReads$0,192,56159053,0
trace-16,t04,4,2,reject,jdbc_executeQuery,DocumentOperationUploadAdmission.requireInitialSelections,64,13896814,0
trace-16,t04,4,2,reject,jdbc_executeQuery,DocumentOperationUploadAdmission.writeAdmissions,128,22791454,0
trace-16,t04,4,2,reject,jdbc_executeQuery,DocumentPartAttemptLedger.lockAll,384,41764281,0
trace-16,t04,4,2,reject,jdbc_executeQuery,DocumentPartAttemptLedger.read,128,13622628,0
trace-16,t04,4,2,reject,jdbc_executeQuery,DocumentPreparationHistoryRoots.coverage,64,8174349,0
trace-16,t04,4,2,reject,jdbc_executeQuery,DocumentPublicationModesJournal.readModes,192,21717309,0
trace-16,t04,4,2,reject,jdbc_executeQuery,DocumentPublicationPreparationJournal.capture,384,39569610,0
trace-16,t04,4,2,reject,jdbc_executeQuery,DocumentPublicationReplay.observe,832,108489314,0
trace-16,t04,4,2,reject,jdbc_executeQuery,DocumentRevisionLocks.lock,2304,503004814,0
trace-16,t04,4,2,reject,jdbc_executeQuery,DocumentSchemaPolicies.lambda$read$0,64,8713760,0
trace-16,t04,4,2,reject,jdbc_executeQuery,DocumentSchemaPolicies.lockCurrent,384,34908810,0
trace-16,t04,4,2,reject,jdbc_executeQuery,DocumentSchemaPolicies.select,192,21527347,0
trace-16,t04,4,2,reject,jdbc_executeQuery,DocumentSelectedAttemptLedger.lockSelected,64,9802544,0
trace-16,t04,4,2,reject,jdbc_executeQuery,DocumentSelectedAttemptLedger.requireOwner,192,47472243,0
trace-16,t04,4,2,reject,jdbc_executeQuery,DocumentSelectedAttemptLedger.requireSelections,384,75169487,0
trace-16,t04,4,2,reject,jdbc_executeQuery,DocumentUploadAdmissionReplay.hasSelections,64,7326948,0
trace-16,t04,4,2,reject,jdbc_executeQuery,ManagedBackendLedger.find,128,14855568,0
trace-16,t04,4,2,reject,jdbc_executeQuery,ManagedBackendLedger.requireAll,64,6940138,0
trace-16,t04,4,2,reject,jdbc_executeQuery,RepositoryCoordinatorBinding.bindInitial,64,6844163,0
trace-16,t04,4,2,reject,jdbc_executeQuery,RepositoryExecutionClaimLedger.live,64,6909377,0
trace-16,t04,4,2,reject,jdbc_executeQuery,RepositoryExecutionClaimLedger.lockLive,2304,684605134,0
trace-16,t04,4,2,reject,jdbc_executeQuery,RepositoryExecutionClaimLedger.readLocked,384,36876991,0
trace-16,t04,4,2,reject,jdbc_executeQuery,RepositoryOperationLedger.fenceLiveOwner,1344,830479939,0
trace-16,t04,4,2,reject,jdbc_executeQuery,RepositoryOperationLedger.live,192,29232952,0
trace-16,t04,4,2,reject,jdbc_executeQuery,RepositoryOperationLedger.read,64,8764811,0
trace-16,t04,4,2,reject,jdbc_executeQuery,RepositoryOperationLedger.readOwner,256,28257281,0
trace-16,t04,4,2,reject,jdbc_executeQuery,RepositoryOperationLedger.requireCommand,1344,149946436,0
trace-16,t04,4,2,reject,jdbc_executeQuery,RepositorySchemaArtifacts.lambda$stage$3,256,226127141,0
trace-16,t04,4,2,reject,jdbc_executeQuery,SqlTimeouts.apply,384,58451261,0
trace-16,t04,4,2,reject,jdbc_executeUpdate,DocumentAssessmentCreationWrites.insertOwner,64,57384503,0
trace-16,t04,4,2,reject,jdbc_executeUpdate,DocumentAssessmentCreationWrites.lambda$writeRows$1,64,55595502,0
trace-16,t04,4,2,reject,jdbc_executeUpdate,DocumentAssessmentCreationWrites.writeRows,448,680834814,0
trace-16,t04,4,2,reject,jdbc_executeUpdate,DocumentAssessmentReconciliation.verifyRetained,64,46273641,0
trace-16,t04,4,2,reject,jdbc_executeUpdate,DocumentAssessmentRejections.lambda$decide$0,64,49632229,0
trace-16,t04,4,2,reject,jdbc_executeUpdate,DocumentAssessmentStartJournal.insertStartedOutcome,64,60801759,0
trace-16,t04,4,2,reject,jdbc_executeUpdate,DocumentOperationSelection.insert,64,67279284,0
trace-16,t04,4,2,reject,jdbc_executeUpdate,DocumentOperationUploadAdmission.writeAdmissions,128,76969444,0
trace-16,t04,4,2,reject,jdbc_executeUpdate,DocumentPartAttemptLedger.insertEncodedRows,64,57953419,0
trace-16,t04,4,2,reject,jdbc_executeUpdate,DocumentPreparationCoverageCertificates.insert,64,24514877,0
trace-16,t04,4,2,reject,jdbc_executeUpdate,DocumentPreparationHistoryRoots.insert,128,43262061,0
trace-16,t04,4,2,reject,jdbc_executeUpdate,DocumentPublicationModesJournal.insert,64,41686472,0
trace-16,t04,4,2,reject,jdbc_executeUpdate,DocumentPublicationPreparationJournal.insert,64,51682559,0
trace-16,t04,4,2,reject,jdbc_executeUpdate,DocumentSelectedAttemptLedger.renewSelections,192,122781494,0
trace-16,t04,4,2,reject,jdbc_executeUpdate,RepositoryCoordinatorBinding.bindInitial,64,24073652,0
trace-16,t04,4,2,reject,jdbc_executeUpdate,RepositoryExecutionClaimLedger.acquireInitialChecked,64,24215811,0
trace-16,t04,4,2,reject,jdbc_executeUpdate,RepositoryExecutionClaimLedger.renewLive,128,27543691,0
trace-16,t04,4,2,reject,jdbc_executeUpdate,RepositoryOperationLedger.admitInTransaction,128,75908126,0
trace-16,t04,4,2,reject,jdbc_executeUpdate,RepositoryOperationLedger.renewLive,128,78828868,0
trace-16,t04,4,2,reject,sql_acquire,DocumentAssessmentCreation.createInternal,64,337983170,0
trace-16,t04,4,2,reject,sql_acquire,DocumentAssessmentCreation.lambda$createInternal$0,64,389518030,0
trace-16,t04,4,2,reject,sql_acquire,DocumentAssessmentDeliveryAuthorization.check,256,1312929675,0
trace-16,t04,4,2,reject,sql_acquire,DocumentAssessmentDiscovery.discover,64,293318089,0
trace-16,t04,4,2,reject,sql_acquire,DocumentAssessmentReconciliation.observeRetained,64,302528717,0
trace-16,t04,4,2,reject,sql_acquire,DocumentAssessmentRejections.decide,64,324746292,0
trace-16,t04,4,2,reject,sql_acquire,DocumentAssessmentReplayInputs.load,64,305741950,0
trace-16,t04,4,2,reject,sql_acquire,DocumentAssessmentStartJournal.startRetained,64,371153140,0
trace-16,t04,4,2,reject,sql_acquire,DocumentOperationUploadAdmission.captureReads,128,406700251,0
trace-16,t04,4,2,reject,sql_acquire,DocumentOperationUploadAdmission.recheckInitialSelections,64,235158327,0
trace-16,t04,4,2,reject,sql_acquire,DocumentOperationUploadAdmission.stage,64,299859877,0
trace-16,t04,4,2,reject,sql_acquire,DocumentPublicationModesJournal.loadRetained,128,715345917,0
trace-16,t04,4,2,reject,sql_acquire,DocumentPublicationModesJournal.requireObservedModes,256,1118968808,0
trace-16,t04,4,2,reject,sql_acquire,DocumentPublicationPreparationJournal.load,128,628640378,0
trace-16,t04,4,2,reject,sql_acquire,DocumentPublicationRegistration.admitInitialAccepted,64,287032941,0
trace-16,t04,4,2,reject,sql_acquire,DocumentPublicationRegistration.preflight,128,641418115,0
trace-16,t04,4,2,reject,sql_acquire,DocumentPublicationReplay.observe,256,1521132908,0
trace-16,t04,4,2,reject,sql_acquire,DocumentSchemaPolicies.read,64,320627411,0
trace-16,t04,4,2,reject,sql_acquire,DocumentSelectedAttemptLedger.renew,64,188692766,0
trace-16,t04,4,2,reject,sql_acquire,DocumentSelectedAttemptLedger.renewOwnerAndSelections,128,550333082,0
trace-16,t04,4,2,reject,sql_acquire,RepositorySchemaArtifacts.stage,64,240935427,0
trace-16,t04,4,2,reject,sql_usage,DocumentAssessmentCreation.createInternal,64,1643000000,0
trace-16,t04,4,2,reject,sql_usage,DocumentAssessmentCreation.lambda$createInternal$0,64,360000000,0
trace-16,t04,4,2,reject,sql_usage,DocumentAssessmentDeliveryAuthorization.check,256,1316000000,0
trace-16,t04,4,2,reject,sql_usage,DocumentAssessmentDiscovery.discover,64,405000000,0
trace-16,t04,4,2,reject,sql_usage,DocumentAssessmentReconciliation.observeRetained,64,1591000000,0
trace-16,t04,4,2,reject,sql_usage,DocumentAssessmentRejections.decide,64,663000000,0
trace-16,t04,4,2,reject,sql_usage,DocumentAssessmentReplayInputs.load,64,276000000,0
trace-16,t04,4,2,reject,sql_usage,DocumentAssessmentStartJournal.startRetained,64,401000000,0
trace-16,t04,4,2,reject,sql_usage,DocumentOperationUploadAdmission.captureReads,128,934000000,0
trace-16,t04,4,2,reject,sql_usage,DocumentOperationUploadAdmission.recheckInitialSelections,64,391000000,0
trace-16,t04,4,2,reject,sql_usage,DocumentOperationUploadAdmission.stage,64,910000000,0
trace-16,t04,4,2,reject,sql_usage,DocumentPublicationModesJournal.loadRetained,128,529000000,0
trace-16,t04,4,2,reject,sql_usage,DocumentPublicationModesJournal.requireObservedModes,256,1355000000,0
trace-16,t04,4,2,reject,sql_usage,DocumentPublicationPreparationJournal.load,128,571000000,0
trace-16,t04,4,2,reject,sql_usage,DocumentPublicationRegistration.admitInitialAccepted,64,862000000,0
trace-16,t04,4,2,reject,sql_usage,DocumentPublicationRegistration.preflight,128,79000000,0
trace-16,t04,4,2,reject,sql_usage,DocumentPublicationReplay.observe,256,526000000,0
trace-16,t04,4,2,reject,sql_usage,DocumentSchemaPolicies.read,64,16000000,0
trace-16,t04,4,2,reject,sql_usage,DocumentSelectedAttemptLedger.renew,64,447000000,0
trace-16,t04,4,2,reject,sql_usage,DocumentSelectedAttemptLedger.renewOwnerAndSelections,128,1128000000,0
trace-16,t04,4,2,reject,sql_usage,RepositorySchemaArtifacts.stage,64,649000000,0
trace-16,t04,4,2,replay,jdbc_commit,DocumentPublicationReplay.observe,256,1088282591,0
trace-16,t04,4,2,replay,jdbc_executeQuery,DocumentPublicationReplay.observe,768,112494040,0
trace-16,t04,4,2,replay,jdbc_executeQuery,DocumentPublicationReplay.requireRevisions,192,44347502,0
trace-16,t04,4,2,replay,jdbc_executeQuery,DocumentRevisionLocks.lock,512,116181203,0
trace-16,t04,4,2,replay,jdbc_executeQuery,RepositoryOperationLedger.requireCommand,256,32450821,0
trace-16,t04,4,2,replay,sql_acquire,DocumentPublicationReplay.observe,256,1591090524,0
trace-16,t04,4,2,replay,sql_usage,DocumentPublicationReplay.observe,256,1534000000,0
trace-16,t04,4,2,unscoped,jdbc_commit,DocumentAssessmentReadProtection.finish,62,266545599,0
trace-16,t04,4,2,unscoped,jdbc_commit,DocumentReadPins.finish,256,1431431146,0
trace-16,t04,4,2,unscoped,jdbc_commit,DocumentSelectedAttemptLedger.verifyBatch,256,1305519977,0
trace-16,t04,4,2,unscoped,jdbc_executeQuery,DocumentAssessmentReadProtection.lambda$finish$0,62,33319050,0
trace-16,t04,4,2,unscoped,jdbc_executeQuery,DocumentPartAttemptLedger.read,512,60909092,0
trace-16,t04,4,2,unscoped,jdbc_executeQuery,DocumentReadPins.lambda$finish$0,256,337502128,0
trace-16,t04,4,2,unscoped,jdbc_executeQuery,DocumentSelectedAttemptLedger.lockSelected,512,83881390,0
trace-16,t04,4,2,unscoped,jdbc_executeQuery,DocumentSelectedAttemptLedger.requireOwner,256,60715161,0
trace-16,t04,4,2,unscoped,jdbc_executeQuery,RepositoryExecutionClaimLedger.lockLive,256,81967031,0
trace-16,t04,4,2,unscoped,jdbc_executeQuery,RepositoryOperationLedger.fenceLiveOwner,256,173362930,0
trace-16,t04,4,2,unscoped,jdbc_executeQuery,SqlTimeouts.apply,256,39319659,0
trace-16,t04,4,2,unscoped,jdbc_executeUpdate,DocumentSelectedAttemptLedger.verifyBatch,512,354372397,0
trace-16,t04,4,2,unscoped,provider_getBounded,DocumentPartTransfer.upload,256,788511735,0
trace-16,t04,4,2,unscoped,provider_getBounded,outside_ledger,320,1175662858,0
trace-16,t04,4,2,unscoped,provider_put,DocumentPartTransfer.upload,256,18466003438,0
trace-16,t04,4,2,unscoped,sql_acquire,DocumentAssessmentReadProtection.finish,62,447784220,0
trace-16,t04,4,2,unscoped,sql_acquire,DocumentReadPins.finish,256,1786152097,0
trace-16,t04,4,2,unscoped,sql_acquire,DocumentSelectedAttemptLedger.verifyBatch,256,818313484,0
trace-16,t04,4,2,unscoped,sql_usage,DocumentAssessmentReadProtection.finish,62,285000000,0
trace-16,t04,4,2,unscoped,sql_usage,DocumentReadPins.finish,256,1676000000,0
trace-16,t04,4,2,unscoped,sql_usage,DocumentSelectedAttemptLedger.verifyBatch,256,2242000000,0
trace-16,t05,2,8,publish,jdbc_commit,DocumentOperationUploadAdmission.captureReads,384,1807696780,0
trace-16,t05,2,8,publish,jdbc_commit,DocumentOperationUploadAdmission.recheckInitialSelections,192,1036940727,0
trace-16,t05,2,8,publish,jdbc_commit,DocumentOperationUploadAdmission.stage,192,1004538681,0
trace-16,t05,2,8,publish,jdbc_commit,DocumentPublicationCommit.commitInternal,192,988733386,0
trace-16,t05,2,8,publish,jdbc_commit,DocumentPublicationModesJournal.requireObservedModes,384,1803525301,0
trace-16,t05,2,8,publish,jdbc_commit,DocumentPublicationRegistration.admitInitialAccepted,192,1009998804,0
trace-16,t05,2,8,publish,jdbc_commit,DocumentPublicationRegistration.preflight,192,24942624,0
trace-16,t05,2,8,publish,jdbc_commit,DocumentPublicationReplay.observe,384,42610426,0
trace-16,t05,2,8,publish,jdbc_commit,DocumentSchemaPolicies.read,192,25544186,0
trace-16,t05,2,8,publish,jdbc_commit,DocumentSelectedAttemptLedger.renew,192,896149238,0
trace-16,t05,2,8,publish,jdbc_commit,DocumentSelectedAttemptLedger.renewOwnerAndSelections,384,1791991198,0
trace-16,t05,2,8,publish,jdbc_commit,RepositorySchemaArtifacts.stage,192,877561096,0
trace-16,t05,2,8,publish,jdbc_executeBatch,DocumentSchemaRetention.flush,576,561118861,0
trace-16,t05,2,8,publish,jdbc_executeQuery,DocumentAdmissionSnapshot.prepare,192,80898098,0
trace-16,t05,2,8,publish,jdbc_executeQuery,DocumentCommitParts.bind,192,45225200,0
trace-16,t05,2,8,publish,jdbc_executeQuery,DocumentCommitParts.read,192,294485262,0
trace-16,t05,2,8,publish,jdbc_executeQuery,DocumentCommitParts.selections,192,86168883,0
trace-16,t05,2,8,publish,jdbc_executeQuery,DocumentCommitWriter.write,384,60677180,0
trace-16,t05,2,8,publish,jdbc_executeQuery,DocumentDriveSnapshot.lock,384,59535217,0
trace-16,t05,2,8,publish,jdbc_executeQuery,DocumentKeyReservations.reserveEncoded,192,67253760,0
trace-16,t05,2,8,publish,jdbc_executeQuery,DocumentOperationUploadAdmission.lambda$captureReads$0,576,169650463,0
trace-16,t05,2,8,publish,jdbc_executeQuery,DocumentOperationUploadAdmission.requireInitialSelections,192,69695228,0
trace-16,t05,2,8,publish,jdbc_executeQuery,DocumentOperationUploadAdmission.writeAdmissions,384,77132566,0
trace-16,t05,2,8,publish,jdbc_executeQuery,DocumentPartAttemptLedger.lockAll,1152,138601509,0
trace-16,t05,2,8,publish,jdbc_executeQuery,DocumentPartAttemptLedger.read,384,54160045,0
trace-16,t05,2,8,publish,jdbc_executeQuery,DocumentPreparationHistoryRoots.coverage,192,41578891,0
trace-16,t05,2,8,publish,jdbc_executeQuery,DocumentPublicationLocks$IndependentOrigins.requireScope,384,48121791,0
trace-16,t05,2,8,publish,jdbc_executeQuery,DocumentPublicationLocks.lockIndependentOrigins,960,151117080,0
trace-16,t05,2,8,publish,jdbc_executeQuery,DocumentPublicationLocks.lockIndependentRetention,192,39431407,0
trace-16,t05,2,8,publish,jdbc_executeQuery,DocumentPublicationModeBinding.require,192,56879895,0
trace-16,t05,2,8,publish,jdbc_executeQuery,DocumentPublicationModesJournal.readModes,192,30125612,0
trace-16,t05,2,8,publish,jdbc_executeQuery,DocumentPublicationPreparationJournal.capture,384,51246630,0
trace-16,t05,2,8,publish,jdbc_executeQuery,DocumentPublicationReplay.observe,768,132882374,0
trace-16,t05,2,8,publish,jdbc_executeQuery,DocumentRevisionLocks.lock,2304,557701900,0
trace-16,t05,2,8,publish,jdbc_executeQuery,DocumentSchemaBatch.lockArtifacts,960,168375196,0
trace-16,t05,2,8,publish,jdbc_executeQuery,DocumentSchemaPolicies.lambda$read$0,192,29200966,0
trace-16,t05,2,8,publish,jdbc_executeQuery,DocumentSchemaPolicies.lockCurrent,576,70486203,0
trace-16,t05,2,8,publish,jdbc_executeQuery,DocumentSchemaPolicies.select,384,56144359,0
trace-16,t05,2,8,publish,jdbc_executeQuery,DocumentSchemaRetention.requireFragments,192,97927189,0
trace-16,t05,2,8,publish,jdbc_executeQuery,DocumentSchemaRetention.requireRevision,192,41395332,0
trace-16,t05,2,8,publish,jdbc_executeQuery,DocumentSchemaRetention.write,192,51117114,0
trace-16,t05,2,8,publish,jdbc_executeQuery,DocumentSelectedAttemptLedger.lockSelected,192,40487575,0
trace-16,t05,2,8,publish,jdbc_executeQuery,DocumentSelectedAttemptLedger.requireOwner,576,159491159,0
trace-16,t05,2,8,publish,jdbc_executeQuery,DocumentSelectedAttemptLedger.requireSelections,1152,241539422,0
trace-16,t05,2,8,publish,jdbc_executeQuery,DocumentUploadAdmissionReplay.hasSelections,192,37425463,0
trace-16,t05,2,8,publish,jdbc_executeQuery,ManagedBackendLedger.find,384,50243364,0
trace-16,t05,2,8,publish,jdbc_executeQuery,RepositoryCoordinatorBinding.bindInitial,192,27055955,0
trace-16,t05,2,8,publish,jdbc_executeQuery,RepositoryExecutionClaimLedger.live,192,28294655,0
trace-16,t05,2,8,publish,jdbc_executeQuery,RepositoryExecutionClaimLedger.lockLive,3456,1084469677,0
trace-16,t05,2,8,publish,jdbc_executeQuery,RepositoryExecutionClaimLedger.readLocked,1152,119423906,0
trace-16,t05,2,8,publish,jdbc_executeQuery,RepositoryOperationLedger.fenceLiveOwner,1920,1298115845,0
trace-16,t05,2,8,publish,jdbc_executeQuery,RepositoryOperationLedger.live,576,98976399,0
trace-16,t05,2,8,publish,jdbc_executeQuery,RepositoryOperationLedger.read,192,50619777,0
trace-16,t05,2,8,publish,jdbc_executeQuery,RepositoryOperationLedger.readOwner,768,93144266,0
trace-16,t05,2,8,publish,jdbc_executeQuery,RepositoryOperationLedger.requireCommand,1920,237208056,0
trace-16,t05,2,8,publish,jdbc_executeQuery,RepositorySchemaArtifacts.lambda$stage$3,768,698540581,0
trace-16,t05,2,8,publish,jdbc_executeQuery,SqlTimeouts.apply,1152,179707157,0
trace-16,t05,2,8,publish,jdbc_executeUpdate,DocumentCommitWriter.write,1344,1113104743,0
trace-16,t05,2,8,publish,jdbc_executeUpdate,DocumentOperationSelection.insert,192,248668905,0
trace-16,t05,2,8,publish,jdbc_executeUpdate,DocumentOperationUploadAdmission.writeAdmissions,384,281868515,0
trace-16,t05,2,8,publish,jdbc_executeUpdate,DocumentPartAttemptLedger.insertEncodedRows,192,198568176,0
trace-16,t05,2,8,publish,jdbc_executeUpdate,DocumentPreparationCoverageCertificates.insert,192,101317804,0
trace-16,t05,2,8,publish,jdbc_executeUpdate,DocumentPreparationHistoryRoots.insert,384,154878166,0
trace-16,t05,2,8,publish,jdbc_executeUpdate,DocumentPublicationCommit.lambda$commitInternal$6,576,657315594,0
trace-16,t05,2,8,publish,jdbc_executeUpdate,DocumentPublicationModesJournal.insert,192,153804840,0
trace-16,t05,2,8,publish,jdbc_executeUpdate,DocumentPublicationPreparationJournal.insert,192,173327960,0
trace-16,t05,2,8,publish,jdbc_executeUpdate,DocumentSchemaAdmissionBinding.insert,192,187587161,0
trace-16,t05,2,8,publish,jdbc_executeUpdate,DocumentSelectedAttemptLedger.renewSelections,576,387256243,0
trace-16,t05,2,8,publish,jdbc_executeUpdate,RepositoryCoordinatorBinding.bindInitial,192,84201979,0
trace-16,t05,2,8,publish,jdbc_executeUpdate,RepositoryExecutionClaimLedger.acquireInitialChecked,192,76867922,0
trace-16,t05,2,8,publish,jdbc_executeUpdate,RepositoryExecutionClaimLedger.renewLive,384,87641711,0
trace-16,t05,2,8,publish,jdbc_executeUpdate,RepositoryOperationLedger.admitInTransaction,384,250868024,0
trace-16,t05,2,8,publish,jdbc_executeUpdate,RepositoryOperationLedger.renewLive,384,256047410,0
trace-16,t05,2,8,publish,sql_acquire,DocumentOperationUploadAdmission.captureReads,384,64514176,0
trace-16,t05,2,8,publish,sql_acquire,DocumentOperationUploadAdmission.recheckInitialSelections,192,428459,0
trace-16,t05,2,8,publish,sql_acquire,DocumentOperationUploadAdmission.stage,192,43018134,0
trace-16,t05,2,8,publish,sql_acquire,DocumentPublicationCommit.commitInternal,192,5511398,0
trace-16,t05,2,8,publish,sql_acquire,DocumentPublicationModesJournal.requireObservedModes,384,7065084,0
trace-16,t05,2,8,publish,sql_acquire,DocumentPublicationRegistration.admitInitialAccepted,192,21560082,0
trace-16,t05,2,8,publish,sql_acquire,DocumentPublicationRegistration.preflight,192,17167702,0
trace-16,t05,2,8,publish,sql_acquire,DocumentPublicationReplay.observe,384,33400114,0
trace-16,t05,2,8,publish,sql_acquire,DocumentSchemaPolicies.read,192,25656424,0
trace-16,t05,2,8,publish,sql_acquire,DocumentSelectedAttemptLedger.renew,192,1735853,0
trace-16,t05,2,8,publish,sql_acquire,DocumentSelectedAttemptLedger.renewOwnerAndSelections,384,43905639,0
trace-16,t05,2,8,publish,sql_acquire,RepositorySchemaArtifacts.stage,192,8830195,0
trace-16,t05,2,8,publish,sql_usage,DocumentOperationUploadAdmission.captureReads,384,2650000000,0
trace-16,t05,2,8,publish,sql_usage,DocumentOperationUploadAdmission.recheckInitialSelections,192,1322000000,0
trace-16,t05,2,8,publish,sql_usage,DocumentOperationUploadAdmission.stage,192,2575000000,0
trace-16,t05,2,8,publish,sql_usage,DocumentPublicationCommit.commitInternal,192,6394000000,0
trace-16,t05,2,8,publish,sql_usage,DocumentPublicationModesJournal.requireObservedModes,384,2322000000,0
trace-16,t05,2,8,publish,sql_usage,DocumentPublicationRegistration.admitInitialAccepted,192,2621000000,0
trace-16,t05,2,8,publish,sql_usage,DocumentPublicationRegistration.preflight,192,80000000,0
trace-16,t05,2,8,publish,sql_usage,DocumentPublicationReplay.observe,384,23000000,0
trace-16,t05,2,8,publish,sql_usage,DocumentSchemaPolicies.read,192,30000000,0
trace-16,t05,2,8,publish,sql_usage,DocumentSelectedAttemptLedger.renew,192,1438000000,0
trace-16,t05,2,8,publish,sql_usage,DocumentSelectedAttemptLedger.renewOwnerAndSelections,384,3385000000,0
trace-16,t05,2,8,publish,sql_usage,RepositorySchemaArtifacts.stage,192,1981000000,0
trace-16,t05,2,8,read,jdbc_commit,DocumentHistoricalSchemas.authorize,256,1161916491,0
trace-16,t05,2,8,read,jdbc_commit,DocumentHistoricalSchemas.check,256,1038044895,0
trace-16,t05,2,8,read,jdbc_commit,DocumentReadLedger$PinnedHistory.authorizeDelivery,768,3687438193,0
trace-16,t05,2,8,read,jdbc_commit,DocumentReadLedger.captureHistorical,256,1203815708,0
trace-16,t05,2,8,read,jdbc_executeQuery,DocumentHistoricalReadRows.capture,512,300696104,0
trace-16,t05,2,8,read,jdbc_executeQuery,DocumentHistoricalSchemaRows.artifacts,512,155970269,0
trace-16,t05,2,8,read,jdbc_executeQuery,DocumentHistoricalSchemaRows.capture,512,351316605,0
trace-16,t05,2,8,read,jdbc_executeQuery,DocumentHistoricalSchemaRows.references,256,45118435,0
trace-16,t05,2,8,read,jdbc_executeQuery,DocumentHistoricalSchemaRows.roots,512,78297732,0
trace-16,t05,2,8,read,jdbc_executeQuery,DocumentReadLedger.lambda$captureHistorical$0,256,55839162,0
trace-16,t05,2,8,read,jdbc_executeQuery,DocumentReadPins.acquireHistorical,512,244601426,0
trace-16,t05,2,8,read,jdbc_executeQuery,DocumentRevisionLocks.lock,3072,903745332,0
trace-16,t05,2,8,read,jdbc_executeQuery,ManagedBackendLedger.requireAll,256,44546291,0
trace-16,t05,2,8,read,jdbc_executeUpdate,DocumentReadPins.acquireHistorical,256,310048201,0
trace-16,t05,2,8,read,sql_acquire,DocumentHistoricalSchemas.authorize,256,11741018,0
trace-16,t05,2,8,read,sql_acquire,DocumentHistoricalSchemas.check,256,3625266,0
trace-16,t05,2,8,read,sql_acquire,DocumentReadLedger$PinnedHistory.authorizeDelivery,768,47419370,0
trace-16,t05,2,8,read,sql_acquire,DocumentReadLedger.captureHistorical,256,21966916,0
trace-16,t05,2,8,read,sql_usage,DocumentHistoricalSchemas.authorize,256,1289000000,0
trace-16,t05,2,8,read,sql_usage,DocumentHistoricalSchemas.check,256,1832000000,0
trace-16,t05,2,8,read,sql_usage,DocumentReadLedger$PinnedHistory.authorizeDelivery,768,3963000000,0
trace-16,t05,2,8,read,sql_usage,DocumentReadLedger.captureHistorical,256,2524000000,0
trace-16,t05,2,8,reject,jdbc_commit,DocumentAssessmentCreation.createInternal,64,217362999,0
trace-16,t05,2,8,reject,jdbc_commit,DocumentAssessmentCreation.lambda$createInternal$0,64,219288941,0
trace-16,t05,2,8,reject,jdbc_commit,DocumentAssessmentDeliveryAuthorization.check,256,1058643563,0
trace-16,t05,2,8,reject,jdbc_commit,DocumentAssessmentDiscovery.discover,64,197364985,0
trace-16,t05,2,8,reject,jdbc_commit,DocumentAssessmentReconciliation.observeRetained,64,260327648,0
trace-16,t05,2,8,reject,jdbc_commit,DocumentAssessmentRejections.decide,64,260626227,0
trace-16,t05,2,8,reject,jdbc_commit,DocumentAssessmentReplayInputs.load,64,16226235,0
trace-16,t05,2,8,reject,jdbc_commit,DocumentAssessmentStartJournal.startRetained,64,216168607,0
trace-16,t05,2,8,reject,jdbc_commit,DocumentOperationUploadAdmission.captureReads,128,656552784,0
trace-16,t05,2,8,reject,jdbc_commit,DocumentOperationUploadAdmission.recheckInitialSelections,64,348999239,0
trace-16,t05,2,8,reject,jdbc_commit,DocumentOperationUploadAdmission.stage,64,312780416,0
trace-16,t05,2,8,reject,jdbc_commit,DocumentPublicationModesJournal.loadRetained,128,467609724,0
trace-16,t05,2,8,reject,jdbc_commit,DocumentPublicationModesJournal.requireObservedModes,256,984470525,0
trace-16,t05,2,8,reject,jdbc_commit,DocumentPublicationPreparationJournal.load,128,470095978,0
trace-16,t05,2,8,reject,jdbc_commit,DocumentPublicationRegistration.admitInitialAccepted,64,327031142,0
trace-16,t05,2,8,reject,jdbc_commit,DocumentPublicationRegistration.preflight,128,15513304,0
trace-16,t05,2,8,reject,jdbc_commit,DocumentPublicationReplay.observe,256,491613671,0
trace-16,t05,2,8,reject,jdbc_commit,DocumentSchemaPolicies.read,64,8224804,0
trace-16,t05,2,8,reject,jdbc_commit,DocumentSelectedAttemptLedger.renew,64,298785032,0
trace-16,t05,2,8,reject,jdbc_commit,DocumentSelectedAttemptLedger.renewOwnerAndSelections,128,593110720,0
trace-16,t05,2,8,reject,jdbc_commit,RepositorySchemaArtifacts.stage,64,225565209,0
trace-16,t05,2,8,reject,jdbc_executeBatch,DocumentAssessmentCreationWrites.lambda$writeRows$0,64,47427528,0
trace-16,t05,2,8,reject,jdbc_executeQuery,DocumentAssessmentDeliveryAuthorization.lambda$check$0,1280,238486458,0
trace-16,t05,2,8,reject,jdbc_executeQuery,DocumentAssessmentDeliveryAuthorization.requireLiveReadOwner,512,105652262,0
trace-16,t05,2,8,reject,jdbc_executeQuery,DocumentAssessmentDiscovery.lambda$discover$0,128,31942506,0
trace-16,t05,2,8,reject,jdbc_executeQuery,DocumentAssessmentReadRows.capture,192,800601488,0
trace-16,t05,2,8,reject,jdbc_executeQuery,DocumentAssessmentReconciliation.verifyRetained,256,63699211,0
trace-16,t05,2,8,reject,jdbc_executeQuery,DocumentAssessmentRejections.lambda$decide$0,256,58717432,0
trace-16,t05,2,8,reject,jdbc_executeQuery,DocumentAssessmentReplayInputs.artifacts,128,87639376,0
trace-16,t05,2,8,reject,jdbc_executeQuery,DocumentAssessmentReplayInputs.policy,128,28805350,0
trace-16,t05,2,8,reject,jdbc_executeQuery,DocumentAssessmentReplayInputs.read,128,42183742,0
trace-16,t05,2,8,reject,jdbc_executeQuery,DocumentAssessmentReplayInputs.roots,128,44061409,0
trace-16,t05,2,8,reject,jdbc_executeQuery,DocumentAssessmentRetainedEvidence.verify,64,16211646,0
trace-16,t05,2,8,reject,jdbc_executeQuery,DocumentAssessmentRetainedEvidence.verifyArtifacts,64,36832234,0
trace-16,t05,2,8,reject,jdbc_executeQuery,DocumentAssessmentRetainedSlots.retainedSelections,64,24257424,0
trace-16,t05,2,8,reject,jdbc_executeQuery,DocumentAssessmentRetainedSlots.verify,256,337143204,0
trace-16,t05,2,8,reject,jdbc_executeQuery,DocumentAssessmentStartJournal.insertStartedOutcome,64,13203841,0
trace-16,t05,2,8,reject,jdbc_executeQuery,DocumentAssessmentStartJournal.lambda$startRetained$2,64,16065576,0
trace-16,t05,2,8,reject,jdbc_executeQuery,DocumentAssessmentStartJournal.requireCreation,64,35233518,0
trace-16,t05,2,8,reject,jdbc_executeQuery,DocumentCommitParts.bind,128,48439332,0
trace-16,t05,2,8,reject,jdbc_executeQuery,DocumentCommitParts.read,64,87659427,0
trace-16,t05,2,8,reject,jdbc_executeQuery,DocumentCommitParts.selections,64,22762421,0
trace-16,t05,2,8,reject,jdbc_executeQuery,DocumentDriveSnapshot.lock,128,18912656,0
trace-16,t05,2,8,reject,jdbc_executeQuery,DocumentKeyReservations.reserveEncoded,64,18725308,0
trace-16,t05,2,8,reject,jdbc_executeQuery,DocumentOperationUploadAdmission.lambda$captureReads$0,192,53309413,0
trace-16,t05,2,8,reject,jdbc_executeQuery,DocumentOperationUploadAdmission.requireInitialSelections,64,20843004,0
trace-16,t05,2,8,reject,jdbc_executeQuery,DocumentOperationUploadAdmission.writeAdmissions,128,24906663,0
trace-16,t05,2,8,reject,jdbc_executeQuery,DocumentPartAttemptLedger.lockAll,384,51845881,0
trace-16,t05,2,8,reject,jdbc_executeQuery,DocumentPartAttemptLedger.read,128,14827440,0
trace-16,t05,2,8,reject,jdbc_executeQuery,DocumentPreparationHistoryRoots.coverage,64,13044464,0
trace-16,t05,2,8,reject,jdbc_executeQuery,DocumentPublicationModesJournal.readModes,192,24516681,0
trace-16,t05,2,8,reject,jdbc_executeQuery,DocumentPublicationPreparationJournal.capture,384,47073831,0
trace-16,t05,2,8,reject,jdbc_executeQuery,DocumentPublicationReplay.observe,832,122214270,0
trace-16,t05,2,8,reject,jdbc_executeQuery,DocumentRevisionLocks.lock,2304,523956165,0
trace-16,t05,2,8,reject,jdbc_executeQuery,DocumentSchemaPolicies.lambda$read$0,64,9361462,0
trace-16,t05,2,8,reject,jdbc_executeQuery,DocumentSchemaPolicies.lockCurrent,384,43675207,0
trace-16,t05,2,8,reject,jdbc_executeQuery,DocumentSchemaPolicies.select,192,26697983,0
trace-16,t05,2,8,reject,jdbc_executeQuery,DocumentSelectedAttemptLedger.lockSelected,64,12260396,0
trace-16,t05,2,8,reject,jdbc_executeQuery,DocumentSelectedAttemptLedger.requireOwner,192,54527555,0
trace-16,t05,2,8,reject,jdbc_executeQuery,DocumentSelectedAttemptLedger.requireSelections,384,81455765,0
trace-16,t05,2,8,reject,jdbc_executeQuery,DocumentUploadAdmissionReplay.hasSelections,64,8921166,0
trace-16,t05,2,8,reject,jdbc_executeQuery,ManagedBackendLedger.find,128,16791387,0
trace-16,t05,2,8,reject,jdbc_executeQuery,ManagedBackendLedger.requireAll,64,9317726,0
trace-16,t05,2,8,reject,jdbc_executeQuery,RepositoryCoordinatorBinding.bindInitial,64,7660834,0
trace-16,t05,2,8,reject,jdbc_executeQuery,RepositoryExecutionClaimLedger.live,64,7718016,0
trace-16,t05,2,8,reject,jdbc_executeQuery,RepositoryExecutionClaimLedger.lockLive,2304,754760332,0
trace-16,t05,2,8,reject,jdbc_executeQuery,RepositoryExecutionClaimLedger.readLocked,384,39688511,0
trace-16,t05,2,8,reject,jdbc_executeQuery,RepositoryOperationLedger.fenceLiveOwner,1344,924310237,0
trace-16,t05,2,8,reject,jdbc_executeQuery,RepositoryOperationLedger.live,192,49921583,0
trace-16,t05,2,8,reject,jdbc_executeQuery,RepositoryOperationLedger.read,64,12091411,0
trace-16,t05,2,8,reject,jdbc_executeQuery,RepositoryOperationLedger.readOwner,256,32095730,0
trace-16,t05,2,8,reject,jdbc_executeQuery,RepositoryOperationLedger.requireCommand,1344,199424317,0
trace-16,t05,2,8,reject,jdbc_executeQuery,RepositorySchemaArtifacts.lambda$stage$3,256,253648358,0
trace-16,t05,2,8,reject,jdbc_executeQuery,SqlTimeouts.apply,384,56236946,0
trace-16,t05,2,8,reject,jdbc_executeUpdate,DocumentAssessmentCreationWrites.insertOwner,64,73764596,0
trace-16,t05,2,8,reject,jdbc_executeUpdate,DocumentAssessmentCreationWrites.lambda$writeRows$1,64,87735509,0
trace-16,t05,2,8,reject,jdbc_executeUpdate,DocumentAssessmentCreationWrites.writeRows,448,1183099564,0
trace-16,t05,2,8,reject,jdbc_executeUpdate,DocumentAssessmentReconciliation.verifyRetained,64,58754921,0
trace-16,t05,2,8,reject,jdbc_executeUpdate,DocumentAssessmentRejections.lambda$decide$0,64,62557677,0
trace-16,t05,2,8,reject,jdbc_executeUpdate,DocumentAssessmentStartJournal.insertStartedOutcome,64,75770634,0
trace-16,t05,2,8,reject,jdbc_executeUpdate,DocumentOperationSelection.insert,64,73944615,0
trace-16,t05,2,8,reject,jdbc_executeUpdate,DocumentOperationUploadAdmission.writeAdmissions,128,78656342,0
trace-16,t05,2,8,reject,jdbc_executeUpdate,DocumentPartAttemptLedger.insertEncodedRows,64,57904516,0
trace-16,t05,2,8,reject,jdbc_executeUpdate,DocumentPreparationCoverageCertificates.insert,64,29008569,0
trace-16,t05,2,8,reject,jdbc_executeUpdate,DocumentPreparationHistoryRoots.insert,128,47075285,0
trace-16,t05,2,8,reject,jdbc_executeUpdate,DocumentPublicationModesJournal.insert,64,49675494,0
trace-16,t05,2,8,reject,jdbc_executeUpdate,DocumentPublicationPreparationJournal.insert,64,57495921,0
trace-16,t05,2,8,reject,jdbc_executeUpdate,DocumentSelectedAttemptLedger.renewSelections,192,132320489,0
trace-16,t05,2,8,reject,jdbc_executeUpdate,RepositoryCoordinatorBinding.bindInitial,64,24387862,0
trace-16,t05,2,8,reject,jdbc_executeUpdate,RepositoryExecutionClaimLedger.acquireInitialChecked,64,22949160,0
trace-16,t05,2,8,reject,jdbc_executeUpdate,RepositoryExecutionClaimLedger.renewLive,128,29076020,0
trace-16,t05,2,8,reject,jdbc_executeUpdate,RepositoryOperationLedger.admitInTransaction,128,76782830,0
trace-16,t05,2,8,reject,jdbc_executeUpdate,RepositoryOperationLedger.renewLive,128,88492600,0
trace-16,t05,2,8,reject,sql_acquire,DocumentAssessmentCreation.createInternal,64,100083,0
trace-16,t05,2,8,reject,sql_acquire,DocumentAssessmentCreation.lambda$createInternal$0,64,97866,0
trace-16,t05,2,8,reject,sql_acquire,DocumentAssessmentDeliveryAuthorization.check,256,14660687,0
trace-16,t05,2,8,reject,sql_acquire,DocumentAssessmentDiscovery.discover,64,94614,0
trace-16,t05,2,8,reject,sql_acquire,DocumentAssessmentReconciliation.observeRetained,64,109026,0
trace-16,t05,2,8,reject,sql_acquire,DocumentAssessmentRejections.decide,64,4171922,0
trace-16,t05,2,8,reject,sql_acquire,DocumentAssessmentReplayInputs.load,64,144654,0
trace-16,t05,2,8,reject,sql_acquire,DocumentAssessmentStartJournal.startRetained,64,115903,0
trace-16,t05,2,8,reject,sql_acquire,DocumentOperationUploadAdmission.captureReads,128,1616404,0
trace-16,t05,2,8,reject,sql_acquire,DocumentOperationUploadAdmission.recheckInitialSelections,64,154836,0
trace-16,t05,2,8,reject,sql_acquire,DocumentOperationUploadAdmission.stage,64,15265344,0
trace-16,t05,2,8,reject,sql_acquire,DocumentPublicationModesJournal.loadRetained,128,221106,0
trace-16,t05,2,8,reject,sql_acquire,DocumentPublicationModesJournal.requireObservedModes,256,484000,0
trace-16,t05,2,8,reject,sql_acquire,DocumentPublicationPreparationJournal.load,128,262415,0
trace-16,t05,2,8,reject,sql_acquire,DocumentPublicationRegistration.admitInitialAccepted,64,9400738,0
trace-16,t05,2,8,reject,sql_acquire,DocumentPublicationRegistration.preflight,128,8250960,0
trace-16,t05,2,8,reject,sql_acquire,DocumentPublicationReplay.observe,256,8267286,0
trace-16,t05,2,8,reject,sql_acquire,DocumentSchemaPolicies.read,64,7356448,0
trace-16,t05,2,8,reject,sql_acquire,DocumentSelectedAttemptLedger.renew,64,924939,0
trace-16,t05,2,8,reject,sql_acquire,DocumentSelectedAttemptLedger.renewOwnerAndSelections,128,2063752,0
trace-16,t05,2,8,reject,sql_acquire,RepositorySchemaArtifacts.stage,64,205760,0
trace-16,t05,2,8,reject,sql_usage,DocumentAssessmentCreation.createInternal,64,2208000000,0
trace-16,t05,2,8,reject,sql_usage,DocumentAssessmentCreation.lambda$createInternal$0,64,326000000,0
trace-16,t05,2,8,reject,sql_usage,DocumentAssessmentDeliveryAuthorization.check,256,1599000000,0
trace-16,t05,2,8,reject,sql_usage,DocumentAssessmentDiscovery.discover,64,421000000,0
trace-16,t05,2,8,reject,sql_usage,DocumentAssessmentReconciliation.observeRetained,64,1884000000,0
trace-16,t05,2,8,reject,sql_usage,DocumentAssessmentRejections.decide,64,689000000,0
trace-16,t05,2,8,reject,sql_usage,DocumentAssessmentReplayInputs.load,64,354000000,0
trace-16,t05,2,8,reject,sql_usage,DocumentAssessmentStartJournal.startRetained,64,419000000,0
trace-16,t05,2,8,reject,sql_usage,DocumentOperationUploadAdmission.captureReads,128,938000000,0
trace-16,t05,2,8,reject,sql_usage,DocumentOperationUploadAdmission.recheckInitialSelections,64,454000000,0
trace-16,t05,2,8,reject,sql_usage,DocumentOperationUploadAdmission.stage,64,771000000,0
trace-16,t05,2,8,reject,sql_usage,DocumentPublicationModesJournal.loadRetained,128,483000000,0
trace-16,t05,2,8,reject,sql_usage,DocumentPublicationModesJournal.requireObservedModes,256,1342000000,0
trace-16,t05,2,8,reject,sql_usage,DocumentPublicationPreparationJournal.load,128,495000000,0
trace-16,t05,2,8,reject,sql_usage,DocumentPublicationRegistration.admitInitialAccepted,64,821000000,0
trace-16,t05,2,8,reject,sql_usage,DocumentPublicationRegistration.preflight,128,50000000,0
trace-16,t05,2,8,reject,sql_usage,DocumentPublicationReplay.observe,256,636000000,0
trace-16,t05,2,8,reject,sql_usage,DocumentSchemaPolicies.read,64,8000000,0
trace-16,t05,2,8,reject,sql_usage,DocumentSelectedAttemptLedger.renew,64,482000000,0
trace-16,t05,2,8,reject,sql_usage,DocumentSelectedAttemptLedger.renewOwnerAndSelections,128,1163000000,0
trace-16,t05,2,8,reject,sql_usage,RepositorySchemaArtifacts.stage,64,624000000,0
trace-16,t05,2,8,replay,jdbc_commit,DocumentPublicationReplay.observe,256,1139591477,0
trace-16,t05,2,8,replay,jdbc_executeQuery,DocumentPublicationReplay.observe,768,118903432,0
trace-16,t05,2,8,replay,jdbc_executeQuery,DocumentPublicationReplay.requireRevisions,192,63745778,0
trace-16,t05,2,8,replay,jdbc_executeQuery,DocumentRevisionLocks.lock,512,119203736,0
trace-16,t05,2,8,replay,jdbc_executeQuery,RepositoryOperationLedger.requireCommand,256,36487676,0
trace-16,t05,2,8,replay,sql_acquire,DocumentPublicationReplay.observe,256,13263955,0
trace-16,t05,2,8,replay,sql_usage,DocumentPublicationReplay.observe,256,1539000000,0
trace-16,t05,2,8,unscoped,jdbc_commit,DocumentAssessmentReadProtection.finish,63,244074989,0
trace-16,t05,2,8,unscoped,jdbc_commit,DocumentReadPins.finish,256,1298421493,0
trace-16,t05,2,8,unscoped,jdbc_commit,DocumentSelectedAttemptLedger.verifyBatch,256,1343448705,0
trace-16,t05,2,8,unscoped,jdbc_executeQuery,DocumentAssessmentReadProtection.lambda$finish$0,62,42428758,0
trace-16,t05,2,8,unscoped,jdbc_executeQuery,DocumentPartAttemptLedger.read,512,62683243,0
trace-16,t05,2,8,unscoped,jdbc_executeQuery,DocumentReadPins.lambda$finish$0,256,348183482,0
trace-16,t05,2,8,unscoped,jdbc_executeQuery,DocumentSelectedAttemptLedger.lockSelected,512,82941897,0
trace-16,t05,2,8,unscoped,jdbc_executeQuery,DocumentSelectedAttemptLedger.requireOwner,256,64849080,0
trace-16,t05,2,8,unscoped,jdbc_executeQuery,RepositoryExecutionClaimLedger.lockLive,256,84182560,0
trace-16,t05,2,8,unscoped,jdbc_executeQuery,RepositoryOperationLedger.fenceLiveOwner,256,175252548,0
trace-16,t05,2,8,unscoped,jdbc_executeQuery,SqlTimeouts.apply,256,40882041,0
trace-16,t05,2,8,unscoped,jdbc_executeUpdate,DocumentSelectedAttemptLedger.verifyBatch,512,388352953,0
trace-16,t05,2,8,unscoped,provider_getBounded,DocumentPartTransfer.upload,256,640550040,0
trace-16,t05,2,8,unscoped,provider_getBounded,outside_ledger,320,1007535535,0
trace-16,t05,2,8,unscoped,provider_put,DocumentPartTransfer.upload,256,18519419790,0
trace-16,t05,2,8,unscoped,sql_acquire,DocumentAssessmentReadProtection.finish,62,41537409,0
trace-16,t05,2,8,unscoped,sql_acquire,DocumentReadPins.finish,256,116186700,0
trace-16,t05,2,8,unscoped,sql_acquire,DocumentSelectedAttemptLedger.verifyBatch,256,3938611,0
trace-16,t05,2,8,unscoped,sql_usage,DocumentAssessmentReadProtection.finish,63,268000000,0
trace-16,t05,2,8,unscoped,sql_usage,DocumentReadPins.finish,256,1555000000,0
trace-16,t05,2,8,unscoped,sql_usage,DocumentSelectedAttemptLedger.verifyBatch,256,2259000000,0
trace-16,t06,2,8,publish,jdbc_commit,DocumentOperationUploadAdmission.captureReads,384,1944149175,0
trace-16,t06,2,8,publish,jdbc_commit,DocumentOperationUploadAdmission.recheckInitialSelections,192,1053331260,0
trace-16,t06,2,8,publish,jdbc_commit,DocumentOperationUploadAdmission.stage,192,1017381134,0
trace-16,t06,2,8,publish,jdbc_commit,DocumentPublicationCommit.commitInternal,192,1026593842,0
trace-16,t06,2,8,publish,jdbc_commit,DocumentPublicationModesJournal.requireObservedModes,384,2074718728,0
trace-16,t06,2,8,publish,jdbc_commit,DocumentPublicationRegistration.admitInitialAccepted,192,991157822,0
trace-16,t06,2,8,publish,jdbc_commit,DocumentPublicationRegistration.preflight,192,23036582,0
trace-16,t06,2,8,publish,jdbc_commit,DocumentPublicationReplay.observe,384,42149168,0
trace-16,t06,2,8,publish,jdbc_commit,DocumentSchemaPolicies.read,192,24869475,0
trace-16,t06,2,8,publish,jdbc_commit,DocumentSelectedAttemptLedger.renew,192,998628437,0
trace-16,t06,2,8,publish,jdbc_commit,DocumentSelectedAttemptLedger.renewOwnerAndSelections,384,1887335959,0
trace-16,t06,2,8,publish,jdbc_commit,RepositorySchemaArtifacts.stage,192,1073049964,0
trace-16,t06,2,8,publish,jdbc_executeBatch,DocumentSchemaRetention.flush,576,561456527,0
trace-16,t06,2,8,publish,jdbc_executeQuery,DocumentAdmissionSnapshot.prepare,192,81488001,0
trace-16,t06,2,8,publish,jdbc_executeQuery,DocumentCommitParts.bind,192,44805035,0
trace-16,t06,2,8,publish,jdbc_executeQuery,DocumentCommitParts.read,192,315644037,0
trace-16,t06,2,8,publish,jdbc_executeQuery,DocumentCommitParts.selections,192,81095358,0
trace-16,t06,2,8,publish,jdbc_executeQuery,DocumentCommitWriter.write,384,56356457,0
trace-16,t06,2,8,publish,jdbc_executeQuery,DocumentDriveSnapshot.lock,384,64534353,0
trace-16,t06,2,8,publish,jdbc_executeQuery,DocumentKeyReservations.reserveEncoded,192,67352187,0
trace-16,t06,2,8,publish,jdbc_executeQuery,DocumentOperationUploadAdmission.lambda$captureReads$0,576,164231068,0
trace-16,t06,2,8,publish,jdbc_executeQuery,DocumentOperationUploadAdmission.requireInitialSelections,192,71176267,0
trace-16,t06,2,8,publish,jdbc_executeQuery,DocumentOperationUploadAdmission.writeAdmissions,384,78901953,0
trace-16,t06,2,8,publish,jdbc_executeQuery,DocumentPartAttemptLedger.lockAll,1152,148405956,0
trace-16,t06,2,8,publish,jdbc_executeQuery,DocumentPartAttemptLedger.read,384,51562199,0
trace-16,t06,2,8,publish,jdbc_executeQuery,DocumentPreparationHistoryRoots.coverage,192,41993577,0
trace-16,t06,2,8,publish,jdbc_executeQuery,DocumentPublicationLocks$IndependentOrigins.requireScope,384,46863834,0
trace-16,t06,2,8,publish,jdbc_executeQuery,DocumentPublicationLocks.lockIndependentOrigins,960,165182656,0
trace-16,t06,2,8,publish,jdbc_executeQuery,DocumentPublicationLocks.lockIndependentRetention,192,41210825,0
trace-16,t06,2,8,publish,jdbc_executeQuery,DocumentPublicationModeBinding.require,192,57652354,0
trace-16,t06,2,8,publish,jdbc_executeQuery,DocumentPublicationModesJournal.readModes,192,25857819,0
trace-16,t06,2,8,publish,jdbc_executeQuery,DocumentPublicationPreparationJournal.capture,384,50104763,0
trace-16,t06,2,8,publish,jdbc_executeQuery,DocumentPublicationReplay.observe,768,139029185,0
trace-16,t06,2,8,publish,jdbc_executeQuery,DocumentRevisionLocks.lock,2304,571737132,0
trace-16,t06,2,8,publish,jdbc_executeQuery,DocumentSchemaBatch.lockArtifacts,960,172283845,0
trace-16,t06,2,8,publish,jdbc_executeQuery,DocumentSchemaPolicies.lambda$read$0,192,31534060,0
trace-16,t06,2,8,publish,jdbc_executeQuery,DocumentSchemaPolicies.lockCurrent,576,69913585,0
trace-16,t06,2,8,publish,jdbc_executeQuery,DocumentSchemaPolicies.select,384,64661863,0
trace-16,t06,2,8,publish,jdbc_executeQuery,DocumentSchemaRetention.requireFragments,192,93256603,0
trace-16,t06,2,8,publish,jdbc_executeQuery,DocumentSchemaRetention.requireRevision,192,41042097,0
trace-16,t06,2,8,publish,jdbc_executeQuery,DocumentSchemaRetention.write,192,51252248,0
trace-16,t06,2,8,publish,jdbc_executeQuery,DocumentSelectedAttemptLedger.lockSelected,192,36793456,0
trace-16,t06,2,8,publish,jdbc_executeQuery,DocumentSelectedAttemptLedger.requireOwner,576,170627181,0
trace-16,t06,2,8,publish,jdbc_executeQuery,DocumentSelectedAttemptLedger.requireSelections,1152,259434034,0
trace-16,t06,2,8,publish,jdbc_executeQuery,DocumentUploadAdmissionReplay.hasSelections,192,34165207,0
trace-16,t06,2,8,publish,jdbc_executeQuery,ManagedBackendLedger.find,384,52561030,0
trace-16,t06,2,8,publish,jdbc_executeQuery,RepositoryCoordinatorBinding.bindInitial,192,27090981,0
trace-16,t06,2,8,publish,jdbc_executeQuery,RepositoryExecutionClaimLedger.live,192,30152565,0
trace-16,t06,2,8,publish,jdbc_executeQuery,RepositoryExecutionClaimLedger.lockLive,3456,1168977793,0
trace-16,t06,2,8,publish,jdbc_executeQuery,RepositoryExecutionClaimLedger.readLocked,1152,128209038,0
trace-16,t06,2,8,publish,jdbc_executeQuery,RepositoryOperationLedger.fenceLiveOwner,1920,1356762463,0
trace-16,t06,2,8,publish,jdbc_executeQuery,RepositoryOperationLedger.live,576,101030870,0
trace-16,t06,2,8,publish,jdbc_executeQuery,RepositoryOperationLedger.read,192,37848116,0
trace-16,t06,2,8,publish,jdbc_executeQuery,RepositoryOperationLedger.readOwner,768,104613187,0
trace-16,t06,2,8,publish,jdbc_executeQuery,RepositoryOperationLedger.requireCommand,1920,250107862,0
trace-16,t06,2,8,publish,jdbc_executeQuery,RepositorySchemaArtifacts.lambda$stage$3,768,698086469,0
trace-16,t06,2,8,publish,jdbc_executeQuery,SqlTimeouts.apply,1152,190595120,0
trace-16,t06,2,8,publish,jdbc_executeUpdate,DocumentCommitWriter.write,1344,1127877738,0
trace-16,t06,2,8,publish,jdbc_executeUpdate,DocumentOperationSelection.insert,192,240292974,0
trace-16,t06,2,8,publish,jdbc_executeUpdate,DocumentOperationUploadAdmission.writeAdmissions,384,286501541,0
trace-16,t06,2,8,publish,jdbc_executeUpdate,DocumentPartAttemptLedger.insertEncodedRows,192,195098029,0
trace-16,t06,2,8,publish,jdbc_executeUpdate,DocumentPreparationCoverageCertificates.insert,192,100518920,0
trace-16,t06,2,8,publish,jdbc_executeUpdate,DocumentPreparationHistoryRoots.insert,384,155564811,0
trace-16,t06,2,8,publish,jdbc_executeUpdate,DocumentPublicationCommit.lambda$commitInternal$6,576,665881903,0
trace-16,t06,2,8,publish,jdbc_executeUpdate,DocumentPublicationModesJournal.insert,192,151155623,0
trace-16,t06,2,8,publish,jdbc_executeUpdate,DocumentPublicationPreparationJournal.insert,192,171434146,0
trace-16,t06,2,8,publish,jdbc_executeUpdate,DocumentSchemaAdmissionBinding.insert,192,187340675,0
trace-16,t06,2,8,publish,jdbc_executeUpdate,DocumentSelectedAttemptLedger.renewSelections,576,407854711,0
trace-16,t06,2,8,publish,jdbc_executeUpdate,RepositoryCoordinatorBinding.bindInitial,192,83421893,0
trace-16,t06,2,8,publish,jdbc_executeUpdate,RepositoryExecutionClaimLedger.acquireInitialChecked,192,84998977,0
trace-16,t06,2,8,publish,jdbc_executeUpdate,RepositoryExecutionClaimLedger.renewLive,384,90157608,0
trace-16,t06,2,8,publish,jdbc_executeUpdate,RepositoryOperationLedger.admitInTransaction,384,242482748,0
trace-16,t06,2,8,publish,jdbc_executeUpdate,RepositoryOperationLedger.renewLive,384,256395447,0
trace-16,t06,2,8,publish,sql_acquire,DocumentOperationUploadAdmission.captureReads,384,35444196,0
trace-16,t06,2,8,publish,sql_acquire,DocumentOperationUploadAdmission.recheckInitialSelections,192,506717,0
trace-16,t06,2,8,publish,sql_acquire,DocumentOperationUploadAdmission.stage,192,20555884,0
trace-16,t06,2,8,publish,sql_acquire,DocumentPublicationCommit.commitInternal,192,409434,0
trace-16,t06,2,8,publish,sql_acquire,DocumentPublicationModesJournal.requireObservedModes,384,5422245,0
trace-16,t06,2,8,publish,sql_acquire,DocumentPublicationRegistration.admitInitialAccepted,192,17538244,0
trace-16,t06,2,8,publish,sql_acquire,DocumentPublicationRegistration.preflight,192,6411721,0
trace-16,t06,2,8,publish,sql_acquire,DocumentPublicationReplay.observe,384,24041872,0
trace-16,t06,2,8,publish,sql_acquire,DocumentSchemaPolicies.read,192,8082401,0
trace-16,t06,2,8,publish,sql_acquire,DocumentSelectedAttemptLedger.renew,192,5381521,0
trace-16,t06,2,8,publish,sql_acquire,DocumentSelectedAttemptLedger.renewOwnerAndSelections,384,29530086,0
trace-16,t06,2,8,publish,sql_acquire,RepositorySchemaArtifacts.stage,192,18482747,0
trace-16,t06,2,8,publish,sql_usage,DocumentOperationUploadAdmission.captureReads,384,2797000000,0
trace-16,t06,2,8,publish,sql_usage,DocumentOperationUploadAdmission.recheckInitialSelections,192,1359000000,0
trace-16,t06,2,8,publish,sql_usage,DocumentOperationUploadAdmission.stage,192,2604000000,0
trace-16,t06,2,8,publish,sql_usage,DocumentPublicationCommit.commitInternal,192,6540000000,0
trace-16,t06,2,8,publish,sql_usage,DocumentPublicationModesJournal.requireObservedModes,384,2625000000,0
trace-16,t06,2,8,publish,sql_usage,DocumentPublicationRegistration.admitInitialAccepted,192,2631000000,0
trace-16,t06,2,8,publish,sql_usage,DocumentPublicationRegistration.preflight,192,80000000,0
trace-16,t06,2,8,publish,sql_usage,DocumentPublicationReplay.observe,384,29000000,0
trace-16,t06,2,8,publish,sql_usage,DocumentSchemaPolicies.read,192,45000000,0
trace-16,t06,2,8,publish,sql_usage,DocumentSelectedAttemptLedger.renew,192,1616000000,0
trace-16,t06,2,8,publish,sql_usage,DocumentSelectedAttemptLedger.renewOwnerAndSelections,384,3621000000,0
trace-16,t06,2,8,publish,sql_usage,RepositorySchemaArtifacts.stage,192,2193000000,0
trace-16,t06,2,8,read,jdbc_commit,DocumentHistoricalSchemas.authorize,256,1181125915,0
trace-16,t06,2,8,read,jdbc_commit,DocumentHistoricalSchemas.check,256,1218103191,0
trace-16,t06,2,8,read,jdbc_commit,DocumentReadLedger$PinnedHistory.authorizeDelivery,768,4047644789,0
trace-16,t06,2,8,read,jdbc_commit,DocumentReadLedger.captureHistorical,256,1247372938,0
trace-16,t06,2,8,read,jdbc_executeQuery,DocumentHistoricalReadRows.capture,512,327600713,0
trace-16,t06,2,8,read,jdbc_executeQuery,DocumentHistoricalSchemaRows.artifacts,512,149963984,0
trace-16,t06,2,8,read,jdbc_executeQuery,DocumentHistoricalSchemaRows.capture,512,332867696,0
trace-16,t06,2,8,read,jdbc_executeQuery,DocumentHistoricalSchemaRows.references,256,42948350,0
trace-16,t06,2,8,read,jdbc_executeQuery,DocumentHistoricalSchemaRows.roots,512,77694334,0
trace-16,t06,2,8,read,jdbc_executeQuery,DocumentReadLedger.lambda$captureHistorical$0,256,73522956,0
trace-16,t06,2,8,read,jdbc_executeQuery,DocumentReadPins.acquireHistorical,512,269066268,0
trace-16,t06,2,8,read,jdbc_executeQuery,DocumentRevisionLocks.lock,3072,859712105,0
trace-16,t06,2,8,read,jdbc_executeQuery,ManagedBackendLedger.requireAll,256,60093393,0
trace-16,t06,2,8,read,jdbc_executeUpdate,DocumentReadPins.acquireHistorical,256,290786882,0
trace-16,t06,2,8,read,sql_acquire,DocumentHistoricalSchemas.authorize,256,37179182,0
trace-16,t06,2,8,read,sql_acquire,DocumentHistoricalSchemas.check,256,10860803,0
trace-16,t06,2,8,read,sql_acquire,DocumentReadLedger$PinnedHistory.authorizeDelivery,768,45134765,0
trace-16,t06,2,8,read,sql_acquire,DocumentReadLedger.captureHistorical,256,23564438,0
trace-16,t06,2,8,read,sql_usage,DocumentHistoricalSchemas.authorize,256,1270000000,0
trace-16,t06,2,8,read,sql_usage,DocumentHistoricalSchemas.check,256,2000000000,0
trace-16,t06,2,8,read,sql_usage,DocumentReadLedger$PinnedHistory.authorizeDelivery,768,4274000000,0
trace-16,t06,2,8,read,sql_usage,DocumentReadLedger.captureHistorical,256,2690000000,0
trace-16,t06,2,8,reject,jdbc_commit,DocumentAssessmentCreation.createInternal,64,243737075,0
trace-16,t06,2,8,reject,jdbc_commit,DocumentAssessmentCreation.lambda$createInternal$0,64,297658739,0
trace-16,t06,2,8,reject,jdbc_commit,DocumentAssessmentDeliveryAuthorization.check,256,987933041,0
trace-16,t06,2,8,reject,jdbc_commit,DocumentAssessmentDiscovery.discover,64,223333735,0
trace-16,t06,2,8,reject,jdbc_commit,DocumentAssessmentReconciliation.observeRetained,64,258053655,0
trace-16,t06,2,8,reject,jdbc_commit,DocumentAssessmentRejections.decide,64,291046119,0
trace-16,t06,2,8,reject,jdbc_commit,DocumentAssessmentReplayInputs.load,64,10531710,0
trace-16,t06,2,8,reject,jdbc_commit,DocumentAssessmentStartJournal.startRetained,64,219973984,0
trace-16,t06,2,8,reject,jdbc_commit,DocumentOperationUploadAdmission.captureReads,128,765055151,0
trace-16,t06,2,8,reject,jdbc_commit,DocumentOperationUploadAdmission.recheckInitialSelections,64,370253097,0
trace-16,t06,2,8,reject,jdbc_commit,DocumentOperationUploadAdmission.stage,64,413752912,0
trace-16,t06,2,8,reject,jdbc_commit,DocumentPublicationModesJournal.loadRetained,128,599885042,0
trace-16,t06,2,8,reject,jdbc_commit,DocumentPublicationModesJournal.requireObservedModes,256,1247833797,0
trace-16,t06,2,8,reject,jdbc_commit,DocumentPublicationPreparationJournal.load,128,569960529,0
trace-16,t06,2,8,reject,jdbc_commit,DocumentPublicationRegistration.admitInitialAccepted,64,419626999,0
trace-16,t06,2,8,reject,jdbc_commit,DocumentPublicationRegistration.preflight,128,14903002,0
trace-16,t06,2,8,reject,jdbc_commit,DocumentPublicationReplay.observe,256,536092089,0
trace-16,t06,2,8,reject,jdbc_commit,DocumentSchemaPolicies.read,64,7994376,0
trace-16,t06,2,8,reject,jdbc_commit,DocumentSelectedAttemptLedger.renew,64,321760461,0
trace-16,t06,2,8,reject,jdbc_commit,DocumentSelectedAttemptLedger.renewOwnerAndSelections,128,659012130,0
trace-16,t06,2,8,reject,jdbc_commit,RepositorySchemaArtifacts.stage,64,316870123,0
trace-16,t06,2,8,reject,jdbc_executeBatch,DocumentAssessmentCreationWrites.lambda$writeRows$0,64,54141617,0
trace-16,t06,2,8,reject,jdbc_executeQuery,DocumentAssessmentDeliveryAuthorization.lambda$check$0,1280,228218670,0
trace-16,t06,2,8,reject,jdbc_executeQuery,DocumentAssessmentDeliveryAuthorization.requireLiveReadOwner,512,93130821,0
trace-16,t06,2,8,reject,jdbc_executeQuery,DocumentAssessmentDiscovery.lambda$discover$0,128,35351336,0
trace-16,t06,2,8,reject,jdbc_executeQuery,DocumentAssessmentReadRows.capture,192,834293267,0
trace-16,t06,2,8,reject,jdbc_executeQuery,DocumentAssessmentReconciliation.verifyRetained,256,69896973,0
trace-16,t06,2,8,reject,jdbc_executeQuery,DocumentAssessmentRejections.lambda$decide$0,256,60997653,0
trace-16,t06,2,8,reject,jdbc_executeQuery,DocumentAssessmentReplayInputs.artifacts,128,70716088,0
trace-16,t06,2,8,reject,jdbc_executeQuery,DocumentAssessmentReplayInputs.policy,128,33952154,0
trace-16,t06,2,8,reject,jdbc_executeQuery,DocumentAssessmentReplayInputs.read,128,46797250,0
trace-16,t06,2,8,reject,jdbc_executeQuery,DocumentAssessmentReplayInputs.roots,128,38228575,0
trace-16,t06,2,8,reject,jdbc_executeQuery,DocumentAssessmentRetainedEvidence.verify,64,16178684,0
trace-16,t06,2,8,reject,jdbc_executeQuery,DocumentAssessmentRetainedEvidence.verifyArtifacts,64,36918180,0
trace-16,t06,2,8,reject,jdbc_executeQuery,DocumentAssessmentRetainedSlots.retainedSelections,64,29213901,0
trace-16,t06,2,8,reject,jdbc_executeQuery,DocumentAssessmentRetainedSlots.verify,256,341652469,0
trace-16,t06,2,8,reject,jdbc_executeQuery,DocumentAssessmentStartJournal.insertStartedOutcome,64,14362076,0
trace-16,t06,2,8,reject,jdbc_executeQuery,DocumentAssessmentStartJournal.lambda$startRetained$2,64,16515077,0
trace-16,t06,2,8,reject,jdbc_executeQuery,DocumentAssessmentStartJournal.requireCreation,64,39426790,0
trace-16,t06,2,8,reject,jdbc_executeQuery,DocumentCommitParts.bind,128,53128363,0
trace-16,t06,2,8,reject,jdbc_executeQuery,DocumentCommitParts.read,64,99509184,0
trace-16,t06,2,8,reject,jdbc_executeQuery,DocumentCommitParts.selections,64,24606544,0
trace-16,t06,2,8,reject,jdbc_executeQuery,DocumentDriveSnapshot.lock,128,21180709,0
trace-16,t06,2,8,reject,jdbc_executeQuery,DocumentKeyReservations.reserveEncoded,64,18877224,0
trace-16,t06,2,8,reject,jdbc_executeQuery,DocumentOperationUploadAdmission.lambda$captureReads$0,192,52589528,0
trace-16,t06,2,8,reject,jdbc_executeQuery,DocumentOperationUploadAdmission.requireInitialSelections,64,19851645,0
trace-16,t06,2,8,reject,jdbc_executeQuery,DocumentOperationUploadAdmission.writeAdmissions,128,25082117,0
trace-16,t06,2,8,reject,jdbc_executeQuery,DocumentPartAttemptLedger.lockAll,384,48528760,0
trace-16,t06,2,8,reject,jdbc_executeQuery,DocumentPartAttemptLedger.read,128,16833825,0
trace-16,t06,2,8,reject,jdbc_executeQuery,DocumentPreparationHistoryRoots.coverage,64,12251580,0
trace-16,t06,2,8,reject,jdbc_executeQuery,DocumentPublicationModesJournal.readModes,192,25915642,0
trace-16,t06,2,8,reject,jdbc_executeQuery,DocumentPublicationPreparationJournal.capture,384,48826499,0
trace-16,t06,2,8,reject,jdbc_executeQuery,DocumentPublicationReplay.observe,832,129135853,0
trace-16,t06,2,8,reject,jdbc_executeQuery,DocumentRevisionLocks.lock,2304,562721061,0
trace-16,t06,2,8,reject,jdbc_executeQuery,DocumentSchemaPolicies.lambda$read$0,64,9346039,0
trace-16,t06,2,8,reject,jdbc_executeQuery,DocumentSchemaPolicies.lockCurrent,384,49760377,0
trace-16,t06,2,8,reject,jdbc_executeQuery,DocumentSchemaPolicies.select,192,25951605,0
trace-16,t06,2,8,reject,jdbc_executeQuery,DocumentSelectedAttemptLedger.lockSelected,64,14332598,0
trace-16,t06,2,8,reject,jdbc_executeQuery,DocumentSelectedAttemptLedger.requireOwner,192,54961327,0
trace-16,t06,2,8,reject,jdbc_executeQuery,DocumentSelectedAttemptLedger.requireSelections,384,87350227,0
trace-16,t06,2,8,reject,jdbc_executeQuery,DocumentUploadAdmissionReplay.hasSelections,64,8401221,0
trace-16,t06,2,8,reject,jdbc_executeQuery,ManagedBackendLedger.find,128,17411455,0
trace-16,t06,2,8,reject,jdbc_executeQuery,ManagedBackendLedger.requireAll,64,11543491,0
trace-16,t06,2,8,reject,jdbc_executeQuery,RepositoryCoordinatorBinding.bindInitial,64,7961097,0
trace-16,t06,2,8,reject,jdbc_executeQuery,RepositoryExecutionClaimLedger.live,64,7086034,0
trace-16,t06,2,8,reject,jdbc_executeQuery,RepositoryExecutionClaimLedger.lockLive,2304,818317371,0
trace-16,t06,2,8,reject,jdbc_executeQuery,RepositoryExecutionClaimLedger.readLocked,384,37279917,0
trace-16,t06,2,8,reject,jdbc_executeQuery,RepositoryOperationLedger.fenceLiveOwner,1344,1005896555,0
trace-16,t06,2,8,reject,jdbc_executeQuery,RepositoryOperationLedger.live,192,33154228,0
trace-16,t06,2,8,reject,jdbc_executeQuery,RepositoryOperationLedger.read,64,10549846,0
trace-16,t06,2,8,reject,jdbc_executeQuery,RepositoryOperationLedger.readOwner,256,30351594,0
trace-16,t06,2,8,reject,jdbc_executeQuery,RepositoryOperationLedger.requireCommand,1344,194340967,0
trace-16,t06,2,8,reject,jdbc_executeQuery,RepositorySchemaArtifacts.lambda$stage$3,256,304458937,0
trace-16,t06,2,8,reject,jdbc_executeQuery,SqlTimeouts.apply,384,74102796,0
trace-16,t06,2,8,reject,jdbc_executeUpdate,DocumentAssessmentCreationWrites.insertOwner,64,77044260,0
trace-16,t06,2,8,reject,jdbc_executeUpdate,DocumentAssessmentCreationWrites.lambda$writeRows$1,64,90365445,0
trace-16,t06,2,8,reject,jdbc_executeUpdate,DocumentAssessmentCreationWrites.writeRows,448,1231904924,0
trace-16,t06,2,8,reject,jdbc_executeUpdate,DocumentAssessmentReconciliation.verifyRetained,64,60910556,0
trace-16,t06,2,8,reject,jdbc_executeUpdate,DocumentAssessmentRejections.lambda$decide$0,64,64352956,0
trace-16,t06,2,8,reject,jdbc_executeUpdate,DocumentAssessmentStartJournal.insertStartedOutcome,64,81656761,0
trace-16,t06,2,8,reject,jdbc_executeUpdate,DocumentOperationSelection.insert,64,78884648,0
trace-16,t06,2,8,reject,jdbc_executeUpdate,DocumentOperationUploadAdmission.writeAdmissions,128,85595426,0
trace-16,t06,2,8,reject,jdbc_executeUpdate,DocumentPartAttemptLedger.insertEncodedRows,64,61911585,0
trace-16,t06,2,8,reject,jdbc_executeUpdate,DocumentPreparationCoverageCertificates.insert,64,33048774,0
trace-16,t06,2,8,reject,jdbc_executeUpdate,DocumentPreparationHistoryRoots.insert,128,45327239,0
trace-16,t06,2,8,reject,jdbc_executeUpdate,DocumentPublicationModesJournal.insert,64,44769593,0
trace-16,t06,2,8,reject,jdbc_executeUpdate,DocumentPublicationPreparationJournal.insert,64,51671310,0
trace-16,t06,2,8,reject,jdbc_executeUpdate,DocumentSelectedAttemptLedger.renewSelections,192,151183010,0
trace-16,t06,2,8,reject,jdbc_executeUpdate,RepositoryCoordinatorBinding.bindInitial,64,24172841,0
trace-16,t06,2,8,reject,jdbc_executeUpdate,RepositoryExecutionClaimLedger.acquireInitialChecked,64,22433718,0
trace-16,t06,2,8,reject,jdbc_executeUpdate,RepositoryExecutionClaimLedger.renewLive,128,29232380,0
trace-16,t06,2,8,reject,jdbc_executeUpdate,RepositoryOperationLedger.admitInTransaction,128,76215542,0
trace-16,t06,2,8,reject,jdbc_executeUpdate,RepositoryOperationLedger.renewLive,128,86120890,0
trace-16,t06,2,8,reject,sql_acquire,DocumentAssessmentCreation.createInternal,64,965227,0
trace-16,t06,2,8,reject,sql_acquire,DocumentAssessmentCreation.lambda$createInternal$0,64,98112,0
trace-16,t06,2,8,reject,sql_acquire,DocumentAssessmentDeliveryAuthorization.check,256,18818629,0
trace-16,t06,2,8,reject,sql_acquire,DocumentAssessmentDiscovery.discover,64,165638,0
trace-16,t06,2,8,reject,sql_acquire,DocumentAssessmentReconciliation.observeRetained,64,133375,0
trace-16,t06,2,8,reject,sql_acquire,DocumentAssessmentRejections.decide,64,9692742,0
trace-16,t06,2,8,reject,sql_acquire,DocumentAssessmentReplayInputs.load,64,127577,0
trace-16,t06,2,8,reject,sql_acquire,DocumentAssessmentStartJournal.startRetained,64,108587,0
trace-16,t06,2,8,reject,sql_acquire,DocumentOperationUploadAdmission.captureReads,128,8440045,0
trace-16,t06,2,8,reject,sql_acquire,DocumentOperationUploadAdmission.recheckInitialSelections,64,138305,0
trace-16,t06,2,8,reject,sql_acquire,DocumentOperationUploadAdmission.stage,64,134594,0
trace-16,t06,2,8,reject,sql_acquire,DocumentPublicationModesJournal.loadRetained,128,257655,0
trace-16,t06,2,8,reject,sql_acquire,DocumentPublicationModesJournal.requireObservedModes,256,590297,0
trace-16,t06,2,8,reject,sql_acquire,DocumentPublicationPreparationJournal.load,128,203991,0
trace-16,t06,2,8,reject,sql_acquire,DocumentPublicationRegistration.admitInitialAccepted,64,2871324,0
trace-16,t06,2,8,reject,sql_acquire,DocumentPublicationRegistration.preflight,128,514203,0
trace-16,t06,2,8,reject,sql_acquire,DocumentPublicationReplay.observe,256,13308403,0
trace-16,t06,2,8,reject,sql_acquire,DocumentSchemaPolicies.read,64,20788467,0
trace-16,t06,2,8,reject,sql_acquire,DocumentSelectedAttemptLedger.renew,64,215126,0
trace-16,t06,2,8,reject,sql_acquire,DocumentSelectedAttemptLedger.renewOwnerAndSelections,128,6860924,0
trace-16,t06,2,8,reject,sql_acquire,RepositorySchemaArtifacts.stage,64,246456,0
trace-16,t06,2,8,reject,sql_usage,DocumentAssessmentCreation.createInternal,64,2365000000,0
trace-16,t06,2,8,reject,sql_usage,DocumentAssessmentCreation.lambda$createInternal$0,64,429000000,0
trace-16,t06,2,8,reject,sql_usage,DocumentAssessmentDeliveryAuthorization.check,256,1513000000,0
trace-16,t06,2,8,reject,sql_usage,DocumentAssessmentDiscovery.discover,64,477000000,0
trace-16,t06,2,8,reject,sql_usage,DocumentAssessmentReconciliation.observeRetained,64,1948000000,0
trace-16,t06,2,8,reject,sql_usage,DocumentAssessmentRejections.decide,64,785000000,0
trace-16,t06,2,8,reject,sql_usage,DocumentAssessmentReplayInputs.load,64,328000000,0
trace-16,t06,2,8,reject,sql_usage,DocumentAssessmentStartJournal.startRetained,64,440000000,0
trace-16,t06,2,8,reject,sql_usage,DocumentOperationUploadAdmission.captureReads,128,1053000000,0
trace-16,t06,2,8,reject,sql_usage,DocumentOperationUploadAdmission.recheckInitialSelections,64,475000000,0
trace-16,t06,2,8,reject,sql_usage,DocumentOperationUploadAdmission.stage,64,908000000,0
trace-16,t06,2,8,reject,sql_usage,DocumentPublicationModesJournal.loadRetained,128,619000000,0
trace-16,t06,2,8,reject,sql_usage,DocumentPublicationModesJournal.requireObservedModes,256,1642000000,0
trace-16,t06,2,8,reject,sql_usage,DocumentPublicationPreparationJournal.load,128,595000000,0
trace-16,t06,2,8,reject,sql_usage,DocumentPublicationRegistration.admitInitialAccepted,64,901000000,0
trace-16,t06,2,8,reject,sql_usage,DocumentPublicationRegistration.preflight,128,49000000,0
trace-16,t06,2,8,reject,sql_usage,DocumentPublicationReplay.observe,256,677000000,0
trace-16,t06,2,8,reject,sql_usage,DocumentSchemaPolicies.read,64,14000000,0
trace-16,t06,2,8,reject,sql_usage,DocumentSelectedAttemptLedger.renew,64,567000000,0
trace-16,t06,2,8,reject,sql_usage,DocumentSelectedAttemptLedger.renewOwnerAndSelections,128,1226000000,0
trace-16,t06,2,8,reject,sql_usage,RepositorySchemaArtifacts.stage,64,778000000,0
trace-16,t06,2,8,replay,jdbc_commit,DocumentPublicationReplay.observe,256,1246933659,0
trace-16,t06,2,8,replay,jdbc_executeQuery,DocumentPublicationReplay.observe,768,145719668,0
trace-16,t06,2,8,replay,jdbc_executeQuery,DocumentPublicationReplay.requireRevisions,192,64572703,0
trace-16,t06,2,8,replay,jdbc_executeQuery,DocumentRevisionLocks.lock,512,125105539,0
trace-16,t06,2,8,replay,jdbc_executeQuery,RepositoryOperationLedger.requireCommand,256,36861778,0
trace-16,t06,2,8,replay,sql_acquire,DocumentPublicationReplay.observe,256,2312904,0
trace-16,t06,2,8,replay,sql_usage,DocumentPublicationReplay.observe,256,1729000000,0
trace-16,t06,2,8,unscoped,jdbc_commit,DocumentAssessmentReadProtection.finish,70,273990220,0
trace-16,t06,2,8,unscoped,jdbc_commit,DocumentReadPins.finish,256,1462385272,0
trace-16,t06,2,8,unscoped,jdbc_commit,DocumentSelectedAttemptLedger.verifyBatch,256,1558746152,0
trace-16,t06,2,8,unscoped,jdbc_executeQuery,DocumentAssessmentReadProtection.lambda$finish$0,70,52229458,0
trace-16,t06,2,8,unscoped,jdbc_executeQuery,DocumentPartAttemptLedger.read,512,69345924,0
trace-16,t06,2,8,unscoped,jdbc_executeQuery,DocumentReadPins.lambda$finish$0,256,356467920,0
trace-16,t06,2,8,unscoped,jdbc_executeQuery,DocumentSelectedAttemptLedger.lockSelected,512,90300141,0
trace-16,t06,2,8,unscoped,jdbc_executeQuery,DocumentSelectedAttemptLedger.requireOwner,256,75713085,0
trace-16,t06,2,8,unscoped,jdbc_executeQuery,RepositoryExecutionClaimLedger.lockLive,256,93047283,0
trace-16,t06,2,8,unscoped,jdbc_executeQuery,RepositoryOperationLedger.fenceLiveOwner,256,192116744,0
trace-16,t06,2,8,unscoped,jdbc_executeQuery,SqlTimeouts.apply,256,43686439,0
trace-16,t06,2,8,unscoped,jdbc_executeUpdate,DocumentSelectedAttemptLedger.verifyBatch,512,401015708,0
trace-16,t06,2,8,unscoped,provider_getBounded,DocumentPartTransfer.upload,256,750282120,0
trace-16,t06,2,8,unscoped,provider_getBounded,outside_ledger,320,1019372067,0
trace-16,t06,2,8,unscoped,provider_put,DocumentPartTransfer.upload,256,18446633901,0
trace-16,t06,2,8,unscoped,sql_acquire,DocumentAssessmentReadProtection.finish,69,24759762,0
trace-16,t06,2,8,unscoped,sql_acquire,DocumentReadPins.finish,256,57919166,0
trace-16,t06,2,8,unscoped,sql_acquire,DocumentSelectedAttemptLedger.verifyBatch,256,8984324,0
trace-16,t06,2,8,unscoped,sql_usage,DocumentAssessmentReadProtection.finish,70,306000000,0
trace-16,t06,2,8,unscoped,sql_usage,DocumentReadPins.finish,256,1723000000,0
trace-16,t06,2,8,unscoped,sql_usage,DocumentSelectedAttemptLedger.verifyBatch,256,2541000000,0
trace-16,t07,4,2,publish,jdbc_commit,DocumentOperationUploadAdmission.captureReads,384,1865703790,0
trace-16,t07,4,2,publish,jdbc_commit,DocumentOperationUploadAdmission.recheckInitialSelections,192,983887225,0
trace-16,t07,4,2,publish,jdbc_commit,DocumentOperationUploadAdmission.stage,192,1004532850,0
trace-16,t07,4,2,publish,jdbc_commit,DocumentPublicationCommit.commitInternal,192,983209839,0
trace-16,t07,4,2,publish,jdbc_commit,DocumentPublicationModesJournal.requireObservedModes,384,1806386162,0
trace-16,t07,4,2,publish,jdbc_commit,DocumentPublicationRegistration.admitInitialAccepted,192,1108078214,0
trace-16,t07,4,2,publish,jdbc_commit,DocumentPublicationRegistration.preflight,192,22700537,0
trace-16,t07,4,2,publish,jdbc_commit,DocumentPublicationReplay.observe,384,38609678,0
trace-16,t07,4,2,publish,jdbc_commit,DocumentSchemaPolicies.read,192,21141905,0
trace-16,t07,4,2,publish,jdbc_commit,DocumentSelectedAttemptLedger.renew,192,950389746,0
trace-16,t07,4,2,publish,jdbc_commit,DocumentSelectedAttemptLedger.renewOwnerAndSelections,384,1829819564,0
trace-16,t07,4,2,publish,jdbc_commit,RepositorySchemaArtifacts.stage,192,967180702,0
trace-16,t07,4,2,publish,jdbc_executeBatch,DocumentSchemaRetention.flush,576,498760726,0
trace-16,t07,4,2,publish,jdbc_executeQuery,DocumentAdmissionSnapshot.prepare,192,58735794,0
trace-16,t07,4,2,publish,jdbc_executeQuery,DocumentCommitParts.bind,192,40158777,0
trace-16,t07,4,2,publish,jdbc_executeQuery,DocumentCommitParts.read,192,271361806,0
trace-16,t07,4,2,publish,jdbc_executeQuery,DocumentCommitParts.selections,192,50918925,0
trace-16,t07,4,2,publish,jdbc_executeQuery,DocumentCommitWriter.write,384,46083010,0
trace-16,t07,4,2,publish,jdbc_executeQuery,DocumentDriveSnapshot.lock,384,52514863,0
trace-16,t07,4,2,publish,jdbc_executeQuery,DocumentKeyReservations.reserveEncoded,192,57453270,0
trace-16,t07,4,2,publish,jdbc_executeQuery,DocumentOperationUploadAdmission.lambda$captureReads$0,576,150255721,0
trace-16,t07,4,2,publish,jdbc_executeQuery,DocumentOperationUploadAdmission.requireInitialSelections,192,45058769,0
trace-16,t07,4,2,publish,jdbc_executeQuery,DocumentOperationUploadAdmission.writeAdmissions,384,63848850,0
trace-16,t07,4,2,publish,jdbc_executeQuery,DocumentPartAttemptLedger.lockAll,1152,132739291,0
trace-16,t07,4,2,publish,jdbc_executeQuery,DocumentPartAttemptLedger.read,384,41937040,0
trace-16,t07,4,2,publish,jdbc_executeQuery,DocumentPreparationHistoryRoots.coverage,192,28935304,0
trace-16,t07,4,2,publish,jdbc_executeQuery,DocumentPublicationLocks$IndependentOrigins.requireScope,384,40177156,0
trace-16,t07,4,2,publish,jdbc_executeQuery,DocumentPublicationLocks.lockIndependentOrigins,960,130918295,0
trace-16,t07,4,2,publish,jdbc_executeQuery,DocumentPublicationLocks.lockIndependentRetention,192,35242910,0
trace-16,t07,4,2,publish,jdbc_executeQuery,DocumentPublicationModeBinding.require,192,41348672,0
trace-16,t07,4,2,publish,jdbc_executeQuery,DocumentPublicationModesJournal.readModes,192,24158072,0
trace-16,t07,4,2,publish,jdbc_executeQuery,DocumentPublicationPreparationJournal.capture,384,48012904,0
trace-16,t07,4,2,publish,jdbc_executeQuery,DocumentPublicationReplay.observe,768,121003951,0
trace-16,t07,4,2,publish,jdbc_executeQuery,DocumentRevisionLocks.lock,2304,515311528,0
trace-16,t07,4,2,publish,jdbc_executeQuery,DocumentSchemaBatch.lockArtifacts,960,148695508,0
trace-16,t07,4,2,publish,jdbc_executeQuery,DocumentSchemaPolicies.lambda$read$0,192,26785391,0
trace-16,t07,4,2,publish,jdbc_executeQuery,DocumentSchemaPolicies.lockCurrent,576,52752371,0
trace-16,t07,4,2,publish,jdbc_executeQuery,DocumentSchemaPolicies.select,384,47205605,0
trace-16,t07,4,2,publish,jdbc_executeQuery,DocumentSchemaRetention.requireFragments,192,45835632,0
trace-16,t07,4,2,publish,jdbc_executeQuery,DocumentSchemaRetention.requireRevision,192,27393666,0
trace-16,t07,4,2,publish,jdbc_executeQuery,DocumentSchemaRetention.write,192,46995212,0
trace-16,t07,4,2,publish,jdbc_executeQuery,DocumentSelectedAttemptLedger.lockSelected,192,31418031,0
trace-16,t07,4,2,publish,jdbc_executeQuery,DocumentSelectedAttemptLedger.requireOwner,576,148244360,0
trace-16,t07,4,2,publish,jdbc_executeQuery,DocumentSelectedAttemptLedger.requireSelections,1152,229713680,0
trace-16,t07,4,2,publish,jdbc_executeQuery,DocumentUploadAdmissionReplay.hasSelections,192,23357115,0
trace-16,t07,4,2,publish,jdbc_executeQuery,ManagedBackendLedger.find,384,44491803,0
trace-16,t07,4,2,publish,jdbc_executeQuery,RepositoryCoordinatorBinding.bindInitial,192,20946598,0
trace-16,t07,4,2,publish,jdbc_executeQuery,RepositoryExecutionClaimLedger.live,192,21837901,0
trace-16,t07,4,2,publish,jdbc_executeQuery,RepositoryExecutionClaimLedger.lockLive,3456,1045872306,0
trace-16,t07,4,2,publish,jdbc_executeQuery,RepositoryExecutionClaimLedger.readLocked,1152,108725710,0
trace-16,t07,4,2,publish,jdbc_executeQuery,RepositoryOperationLedger.fenceLiveOwner,1920,1241450630,0
trace-16,t07,4,2,publish,jdbc_executeQuery,RepositoryOperationLedger.live,576,88989053,0
trace-16,t07,4,2,publish,jdbc_executeQuery,RepositoryOperationLedger.read,192,26451238,0
trace-16,t07,4,2,publish,jdbc_executeQuery,RepositoryOperationLedger.readOwner,768,86031296,0
trace-16,t07,4,2,publish,jdbc_executeQuery,RepositoryOperationLedger.requireCommand,1920,231848125,0
trace-16,t07,4,2,publish,jdbc_executeQuery,RepositorySchemaArtifacts.lambda$stage$3,768,656153509,0
trace-16,t07,4,2,publish,jdbc_executeQuery,SqlTimeouts.apply,1152,167755661,0
trace-16,t07,4,2,publish,jdbc_executeUpdate,DocumentCommitWriter.write,1344,999310791,0
trace-16,t07,4,2,publish,jdbc_executeUpdate,DocumentOperationSelection.insert,192,204556728,0
trace-16,t07,4,2,publish,jdbc_executeUpdate,DocumentOperationUploadAdmission.writeAdmissions,384,238245949,0
trace-16,t07,4,2,publish,jdbc_executeUpdate,DocumentPartAttemptLedger.insertEncodedRows,192,176771820,0
trace-16,t07,4,2,publish,jdbc_executeUpdate,DocumentPreparationCoverageCertificates.insert,192,82682144,0
trace-16,t07,4,2,publish,jdbc_executeUpdate,DocumentPreparationHistoryRoots.insert,384,139629968,0
trace-16,t07,4,2,publish,jdbc_executeUpdate,DocumentPublicationCommit.lambda$commitInternal$6,576,496949655,0
trace-16,t07,4,2,publish,jdbc_executeUpdate,DocumentPublicationModesJournal.insert,192,136181090,0
trace-16,t07,4,2,publish,jdbc_executeUpdate,DocumentPublicationPreparationJournal.insert,192,163917887,0
trace-16,t07,4,2,publish,jdbc_executeUpdate,DocumentSchemaAdmissionBinding.insert,192,170317445,0
trace-16,t07,4,2,publish,jdbc_executeUpdate,DocumentSelectedAttemptLedger.renewSelections,576,369454433,0
trace-16,t07,4,2,publish,jdbc_executeUpdate,RepositoryCoordinatorBinding.bindInitial,192,74674851,0
trace-16,t07,4,2,publish,jdbc_executeUpdate,RepositoryExecutionClaimLedger.acquireInitialChecked,192,74606350,0
trace-16,t07,4,2,publish,jdbc_executeUpdate,RepositoryExecutionClaimLedger.renewLive,384,83546015,0
trace-16,t07,4,2,publish,jdbc_executeUpdate,RepositoryOperationLedger.admitInTransaction,384,216286162,0
trace-16,t07,4,2,publish,jdbc_executeUpdate,RepositoryOperationLedger.renewLive,384,237961843,0
trace-16,t07,4,2,publish,sql_acquire,DocumentOperationUploadAdmission.captureReads,384,1794049035,0
trace-16,t07,4,2,publish,sql_acquire,DocumentOperationUploadAdmission.recheckInitialSelections,192,911644105,0
trace-16,t07,4,2,publish,sql_acquire,DocumentOperationUploadAdmission.stage,192,991983150,0
trace-16,t07,4,2,publish,sql_acquire,DocumentPublicationCommit.commitInternal,192,1444235150,0
trace-16,t07,4,2,publish,sql_acquire,DocumentPublicationModesJournal.requireObservedModes,384,2269653656,0
trace-16,t07,4,2,publish,sql_acquire,DocumentPublicationRegistration.admitInitialAccepted,192,784168126,0
trace-16,t07,4,2,publish,sql_acquire,DocumentPublicationRegistration.preflight,192,914615115,0
trace-16,t07,4,2,publish,sql_acquire,DocumentPublicationReplay.observe,384,2040581719,0
trace-16,t07,4,2,publish,sql_acquire,DocumentSchemaPolicies.read,192,1005769552,0
trace-16,t07,4,2,publish,sql_acquire,DocumentSelectedAttemptLedger.renew,192,883550463,0
trace-16,t07,4,2,publish,sql_acquire,DocumentSelectedAttemptLedger.renewOwnerAndSelections,384,1682347928,0
trace-16,t07,4,2,publish,sql_acquire,RepositorySchemaArtifacts.stage,192,1015978536,0
trace-16,t07,4,2,publish,sql_usage,DocumentOperationUploadAdmission.captureReads,384,2794000000,0
trace-16,t07,4,2,publish,sql_usage,DocumentOperationUploadAdmission.recheckInitialSelections,192,1260000000,0
trace-16,t07,4,2,publish,sql_usage,DocumentOperationUploadAdmission.stage,192,2479000000,0
trace-16,t07,4,2,publish,sql_usage,DocumentPublicationCommit.commitInternal,192,6134000000,0
trace-16,t07,4,2,publish,sql_usage,DocumentPublicationModesJournal.requireObservedModes,384,2352000000,0
trace-16,t07,4,2,publish,sql_usage,DocumentPublicationRegistration.admitInitialAccepted,192,2640000000,0
trace-16,t07,4,2,publish,sql_usage,DocumentPublicationRegistration.preflight,192,119000000,0
trace-16,t07,4,2,publish,sql_usage,DocumentPublicationReplay.observe,384,44000000,0
trace-16,t07,4,2,publish,sql_usage,DocumentSchemaPolicies.read,192,54000000,0
trace-16,t07,4,2,publish,sql_usage,DocumentSelectedAttemptLedger.renew,192,1524000000,0
trace-16,t07,4,2,publish,sql_usage,DocumentSelectedAttemptLedger.renewOwnerAndSelections,384,3481000000,0
trace-16,t07,4,2,publish,sql_usage,RepositorySchemaArtifacts.stage,192,2101000000,0
trace-16,t07,4,2,read,jdbc_commit,DocumentHistoricalSchemas.authorize,256,1322799427,0
trace-16,t07,4,2,read,jdbc_commit,DocumentHistoricalSchemas.check,256,1095170355,0
trace-16,t07,4,2,read,jdbc_commit,DocumentReadLedger$PinnedHistory.authorizeDelivery,768,3860544393,0
trace-16,t07,4,2,read,jdbc_commit,DocumentReadLedger.captureHistorical,256,1079608262,0
trace-16,t07,4,2,read,jdbc_executeQuery,DocumentHistoricalReadRows.capture,512,158605344,0
trace-16,t07,4,2,read,jdbc_executeQuery,DocumentHistoricalSchemaRows.artifacts,512,120457209,0
trace-16,t07,4,2,read,jdbc_executeQuery,DocumentHistoricalSchemaRows.capture,512,267546116,0
trace-16,t07,4,2,read,jdbc_executeQuery,DocumentHistoricalSchemaRows.references,256,35575763,0
trace-16,t07,4,2,read,jdbc_executeQuery,DocumentHistoricalSchemaRows.roots,512,56941315,0
trace-16,t07,4,2,read,jdbc_executeQuery,DocumentReadLedger.lambda$captureHistorical$0,256,59159307,0
trace-16,t07,4,2,read,jdbc_executeQuery,DocumentReadPins.acquireHistorical,512,248103996,0
trace-16,t07,4,2,read,jdbc_executeQuery,DocumentRevisionLocks.lock,3072,811357064,0
trace-16,t07,4,2,read,jdbc_executeQuery,ManagedBackendLedger.requireAll,256,35099713,0
trace-16,t07,4,2,read,jdbc_executeUpdate,DocumentReadPins.acquireHistorical,256,259684676,0
trace-16,t07,4,2,read,sql_acquire,DocumentHistoricalSchemas.authorize,256,1420263344,0
trace-16,t07,4,2,read,sql_acquire,DocumentHistoricalSchemas.check,256,1810389126,0
trace-16,t07,4,2,read,sql_acquire,DocumentReadLedger$PinnedHistory.authorizeDelivery,768,4650747558,0
trace-16,t07,4,2,read,sql_acquire,DocumentReadLedger.captureHistorical,256,2001357440,0
trace-16,t07,4,2,read,sql_usage,DocumentHistoricalSchemas.authorize,256,1435000000,0
trace-16,t07,4,2,read,sql_usage,DocumentHistoricalSchemas.check,256,1797000000,0
trace-16,t07,4,2,read,sql_usage,DocumentReadLedger$PinnedHistory.authorizeDelivery,768,4184000000,0
trace-16,t07,4,2,read,sql_usage,DocumentReadLedger.captureHistorical,256,2311000000,0
trace-16,t07,4,2,reject,jdbc_commit,DocumentAssessmentCreation.createInternal,64,218797118,0
trace-16,t07,4,2,reject,jdbc_commit,DocumentAssessmentCreation.lambda$createInternal$0,64,218680268,0
trace-16,t07,4,2,reject,jdbc_commit,DocumentAssessmentDeliveryAuthorization.check,256,876224158,0
trace-16,t07,4,2,reject,jdbc_commit,DocumentAssessmentDiscovery.discover,64,205533577,0
trace-16,t07,4,2,reject,jdbc_commit,DocumentAssessmentReconciliation.observeRetained,64,209176780,0
trace-16,t07,4,2,reject,jdbc_commit,DocumentAssessmentRejections.decide,64,225266881,0
trace-16,t07,4,2,reject,jdbc_commit,DocumentAssessmentReplayInputs.load,64,9147825,0
trace-16,t07,4,2,reject,jdbc_commit,DocumentAssessmentStartJournal.startRetained,64,212851465,0
trace-16,t07,4,2,reject,jdbc_commit,DocumentOperationUploadAdmission.captureReads,128,591446732,0
trace-16,t07,4,2,reject,jdbc_commit,DocumentOperationUploadAdmission.recheckInitialSelections,64,282659616,0
trace-16,t07,4,2,reject,jdbc_commit,DocumentOperationUploadAdmission.stage,64,345407679,0
trace-16,t07,4,2,reject,jdbc_commit,DocumentPublicationModesJournal.loadRetained,128,552923711,0
trace-16,t07,4,2,reject,jdbc_commit,DocumentPublicationModesJournal.requireObservedModes,256,990553336,0
trace-16,t07,4,2,reject,jdbc_commit,DocumentPublicationPreparationJournal.load,128,602545759,0
trace-16,t07,4,2,reject,jdbc_commit,DocumentPublicationRegistration.admitInitialAccepted,64,372664962,0
trace-16,t07,4,2,reject,jdbc_commit,DocumentPublicationRegistration.preflight,128,14913986,0
trace-16,t07,4,2,reject,jdbc_commit,DocumentPublicationReplay.observe,256,439385406,0
trace-16,t07,4,2,reject,jdbc_commit,DocumentSchemaPolicies.read,64,7550075,0
trace-16,t07,4,2,reject,jdbc_commit,DocumentSelectedAttemptLedger.renew,64,302319857,0
trace-16,t07,4,2,reject,jdbc_commit,DocumentSelectedAttemptLedger.renewOwnerAndSelections,128,636285565,0
trace-16,t07,4,2,reject,jdbc_commit,RepositorySchemaArtifacts.stage,64,296350679,0
trace-16,t07,4,2,reject,jdbc_executeBatch,DocumentAssessmentCreationWrites.lambda$writeRows$0,64,46402123,0
trace-16,t07,4,2,reject,jdbc_executeQuery,DocumentAssessmentDeliveryAuthorization.lambda$check$0,1280,170663065,0
trace-16,t07,4,2,reject,jdbc_executeQuery,DocumentAssessmentDeliveryAuthorization.requireLiveReadOwner,512,69163243,0
trace-16,t07,4,2,reject,jdbc_executeQuery,DocumentAssessmentDiscovery.lambda$discover$0,128,27619802,0
trace-16,t07,4,2,reject,jdbc_executeQuery,DocumentAssessmentReadRows.capture,192,699919996,0
trace-16,t07,4,2,reject,jdbc_executeQuery,DocumentAssessmentReconciliation.verifyRetained,256,56517165,0
trace-16,t07,4,2,reject,jdbc_executeQuery,DocumentAssessmentRejections.lambda$decide$0,256,47878312,0
trace-16,t07,4,2,reject,jdbc_executeQuery,DocumentAssessmentReplayInputs.artifacts,128,54536644,0
trace-16,t07,4,2,reject,jdbc_executeQuery,DocumentAssessmentReplayInputs.policy,128,22219018,0
trace-16,t07,4,2,reject,jdbc_executeQuery,DocumentAssessmentReplayInputs.read,128,33491019,0
trace-16,t07,4,2,reject,jdbc_executeQuery,DocumentAssessmentReplayInputs.roots,128,28484257,0
trace-16,t07,4,2,reject,jdbc_executeQuery,DocumentAssessmentRetainedEvidence.verify,64,12332417,0
trace-16,t07,4,2,reject,jdbc_executeQuery,DocumentAssessmentRetainedEvidence.verifyArtifacts,64,32139341,0
trace-16,t07,4,2,reject,jdbc_executeQuery,DocumentAssessmentRetainedSlots.retainedSelections,64,20616740,0
trace-16,t07,4,2,reject,jdbc_executeQuery,DocumentAssessmentRetainedSlots.verify,256,267166722,0
trace-16,t07,4,2,reject,jdbc_executeQuery,DocumentAssessmentStartJournal.insertStartedOutcome,64,11158457,0
trace-16,t07,4,2,reject,jdbc_executeQuery,DocumentAssessmentStartJournal.lambda$startRetained$2,64,12706180,0
trace-16,t07,4,2,reject,jdbc_executeQuery,DocumentAssessmentStartJournal.requireCreation,64,30686100,0
trace-16,t07,4,2,reject,jdbc_executeQuery,DocumentCommitParts.bind,128,41753300,0
trace-16,t07,4,2,reject,jdbc_executeQuery,DocumentCommitParts.read,64,87613691,0
trace-16,t07,4,2,reject,jdbc_executeQuery,DocumentCommitParts.selections,64,15456576,0
trace-16,t07,4,2,reject,jdbc_executeQuery,DocumentDriveSnapshot.lock,128,17753315,0
trace-16,t07,4,2,reject,jdbc_executeQuery,DocumentKeyReservations.reserveEncoded,64,18388105,0
trace-16,t07,4,2,reject,jdbc_executeQuery,DocumentOperationUploadAdmission.lambda$captureReads$0,192,50337465,0
trace-16,t07,4,2,reject,jdbc_executeQuery,DocumentOperationUploadAdmission.requireInitialSelections,64,14114969,0
trace-16,t07,4,2,reject,jdbc_executeQuery,DocumentOperationUploadAdmission.writeAdmissions,128,22131083,0
trace-16,t07,4,2,reject,jdbc_executeQuery,DocumentPartAttemptLedger.lockAll,384,42588546,0
trace-16,t07,4,2,reject,jdbc_executeQuery,DocumentPartAttemptLedger.read,128,13387049,0
trace-16,t07,4,2,reject,jdbc_executeQuery,DocumentPreparationHistoryRoots.coverage,64,9563258,0
trace-16,t07,4,2,reject,jdbc_executeQuery,DocumentPublicationModesJournal.readModes,192,21158590,0
trace-16,t07,4,2,reject,jdbc_executeQuery,DocumentPublicationPreparationJournal.capture,384,39936327,0
trace-16,t07,4,2,reject,jdbc_executeQuery,DocumentPublicationReplay.observe,832,109525944,0
trace-16,t07,4,2,reject,jdbc_executeQuery,DocumentRevisionLocks.lock,2304,500278789,0
trace-16,t07,4,2,reject,jdbc_executeQuery,DocumentSchemaPolicies.lambda$read$0,64,9003700,0
trace-16,t07,4,2,reject,jdbc_executeQuery,DocumentSchemaPolicies.lockCurrent,384,38888284,0
trace-16,t07,4,2,reject,jdbc_executeQuery,DocumentSchemaPolicies.select,192,23037628,0
trace-16,t07,4,2,reject,jdbc_executeQuery,DocumentSelectedAttemptLedger.lockSelected,64,10052700,0
trace-16,t07,4,2,reject,jdbc_executeQuery,DocumentSelectedAttemptLedger.requireOwner,192,48384779,0
trace-16,t07,4,2,reject,jdbc_executeQuery,DocumentSelectedAttemptLedger.requireSelections,384,77603874,0
trace-16,t07,4,2,reject,jdbc_executeQuery,DocumentUploadAdmissionReplay.hasSelections,64,7528703,0
trace-16,t07,4,2,reject,jdbc_executeQuery,ManagedBackendLedger.find,128,15333215,0
trace-16,t07,4,2,reject,jdbc_executeQuery,ManagedBackendLedger.requireAll,64,7642741,0
trace-16,t07,4,2,reject,jdbc_executeQuery,RepositoryCoordinatorBinding.bindInitial,64,6399271,0
trace-16,t07,4,2,reject,jdbc_executeQuery,RepositoryExecutionClaimLedger.live,64,7183138,0
trace-16,t07,4,2,reject,jdbc_executeQuery,RepositoryExecutionClaimLedger.lockLive,2304,709543957,0
trace-16,t07,4,2,reject,jdbc_executeQuery,RepositoryExecutionClaimLedger.readLocked,384,37146077,0
trace-16,t07,4,2,reject,jdbc_executeQuery,RepositoryOperationLedger.fenceLiveOwner,1344,851291323,0
trace-16,t07,4,2,reject,jdbc_executeQuery,RepositoryOperationLedger.live,192,30458173,0
trace-16,t07,4,2,reject,jdbc_executeQuery,RepositoryOperationLedger.read,64,8575739,0
trace-16,t07,4,2,reject,jdbc_executeQuery,RepositoryOperationLedger.readOwner,256,28457591,0
trace-16,t07,4,2,reject,jdbc_executeQuery,RepositoryOperationLedger.requireCommand,1344,154870488,0
trace-16,t07,4,2,reject,jdbc_executeQuery,RepositorySchemaArtifacts.lambda$stage$3,256,226032809,0
trace-16,t07,4,2,reject,jdbc_executeQuery,SqlTimeouts.apply,384,57415419,0
trace-16,t07,4,2,reject,jdbc_executeUpdate,DocumentAssessmentCreationWrites.insertOwner,64,58377791,0
trace-16,t07,4,2,reject,jdbc_executeUpdate,DocumentAssessmentCreationWrites.lambda$writeRows$1,64,61313116,0
trace-16,t07,4,2,reject,jdbc_executeUpdate,DocumentAssessmentCreationWrites.writeRows,448,688228502,0
trace-16,t07,4,2,reject,jdbc_executeUpdate,DocumentAssessmentReconciliation.verifyRetained,64,49226897,0
trace-16,t07,4,2,reject,jdbc_executeUpdate,DocumentAssessmentRejections.lambda$decide$0,64,49230629,0
trace-16,t07,4,2,reject,jdbc_executeUpdate,DocumentAssessmentStartJournal.insertStartedOutcome,64,63159327,0
trace-16,t07,4,2,reject,jdbc_executeUpdate,DocumentOperationSelection.insert,64,66152979,0
trace-16,t07,4,2,reject,jdbc_executeUpdate,DocumentOperationUploadAdmission.writeAdmissions,128,79726518,0
trace-16,t07,4,2,reject,jdbc_executeUpdate,DocumentPartAttemptLedger.insertEncodedRows,64,56380597,0
trace-16,t07,4,2,reject,jdbc_executeUpdate,DocumentPreparationCoverageCertificates.insert,64,27089483,0
trace-16,t07,4,2,reject,jdbc_executeUpdate,DocumentPreparationHistoryRoots.insert,128,46205209,0
trace-16,t07,4,2,reject,jdbc_executeUpdate,DocumentPublicationModesJournal.insert,64,49398512,0
trace-16,t07,4,2,reject,jdbc_executeUpdate,DocumentPublicationPreparationJournal.insert,64,51369214,0
trace-16,t07,4,2,reject,jdbc_executeUpdate,DocumentSelectedAttemptLedger.renewSelections,192,135113524,0
trace-16,t07,4,2,reject,jdbc_executeUpdate,RepositoryCoordinatorBinding.bindInitial,64,24549097,0
trace-16,t07,4,2,reject,jdbc_executeUpdate,RepositoryExecutionClaimLedger.acquireInitialChecked,64,25694968,0
trace-16,t07,4,2,reject,jdbc_executeUpdate,RepositoryExecutionClaimLedger.renewLive,128,27895240,0
trace-16,t07,4,2,reject,jdbc_executeUpdate,RepositoryOperationLedger.admitInTransaction,128,78715966,0
trace-16,t07,4,2,reject,jdbc_executeUpdate,RepositoryOperationLedger.renewLive,128,79188649,0
trace-16,t07,4,2,reject,sql_acquire,DocumentAssessmentCreation.createInternal,64,399014819,0
trace-16,t07,4,2,reject,sql_acquire,DocumentAssessmentCreation.lambda$createInternal$0,64,392223594,0
trace-16,t07,4,2,reject,sql_acquire,DocumentAssessmentDeliveryAuthorization.check,256,1467726279,0
trace-16,t07,4,2,reject,sql_acquire,DocumentAssessmentDiscovery.discover,64,438972493,0
trace-16,t07,4,2,reject,sql_acquire,DocumentAssessmentReconciliation.observeRetained,64,386033864,0
trace-16,t07,4,2,reject,sql_acquire,DocumentAssessmentRejections.decide,64,406492715,0
trace-16,t07,4,2,reject,sql_acquire,DocumentAssessmentReplayInputs.load,64,454990582,0
trace-16,t07,4,2,reject,sql_acquire,DocumentAssessmentStartJournal.startRetained,64,390406051,0
trace-16,t07,4,2,reject,sql_acquire,DocumentOperationUploadAdmission.captureReads,128,406170520,0
trace-16,t07,4,2,reject,sql_acquire,DocumentOperationUploadAdmission.recheckInitialSelections,64,178708480,0
trace-16,t07,4,2,reject,sql_acquire,DocumentOperationUploadAdmission.stage,64,241519101,0
trace-16,t07,4,2,reject,sql_acquire,DocumentPublicationModesJournal.loadRetained,128,977994681,0
trace-16,t07,4,2,reject,sql_acquire,DocumentPublicationModesJournal.requireObservedModes,256,1315440180,0
trace-16,t07,4,2,reject,sql_acquire,DocumentPublicationPreparationJournal.load,128,835694163,0
trace-16,t07,4,2,reject,sql_acquire,DocumentPublicationRegistration.admitInitialAccepted,64,347033172,0
trace-16,t07,4,2,reject,sql_acquire,DocumentPublicationRegistration.preflight,128,686667733,0
trace-16,t07,4,2,reject,sql_acquire,DocumentPublicationReplay.observe,256,1690092761,0
trace-16,t07,4,2,reject,sql_acquire,DocumentSchemaPolicies.read,64,297211297,0
trace-16,t07,4,2,reject,sql_acquire,DocumentSelectedAttemptLedger.renew,64,153327201,0
trace-16,t07,4,2,reject,sql_acquire,DocumentSelectedAttemptLedger.renewOwnerAndSelections,128,420917021,0
trace-16,t07,4,2,reject,sql_acquire,RepositorySchemaArtifacts.stage,64,330606858,0
trace-16,t07,4,2,reject,sql_usage,DocumentAssessmentCreation.createInternal,64,1702000000,0
trace-16,t07,4,2,reject,sql_usage,DocumentAssessmentCreation.lambda$createInternal$0,64,347000000,0
trace-16,t07,4,2,reject,sql_usage,DocumentAssessmentDeliveryAuthorization.check,256,1291000000,0
trace-16,t07,4,2,reject,sql_usage,DocumentAssessmentDiscovery.discover,64,422000000,0
trace-16,t07,4,2,reject,sql_usage,DocumentAssessmentReconciliation.observeRetained,64,1661000000,0
trace-16,t07,4,2,reject,sql_usage,DocumentAssessmentRejections.decide,64,623000000,0
trace-16,t07,4,2,reject,sql_usage,DocumentAssessmentReplayInputs.load,64,281000000,0
trace-16,t07,4,2,reject,sql_usage,DocumentAssessmentStartJournal.startRetained,64,401000000,0
trace-16,t07,4,2,reject,sql_usage,DocumentOperationUploadAdmission.captureReads,128,931000000,0
trace-16,t07,4,2,reject,sql_usage,DocumentOperationUploadAdmission.recheckInitialSelections,64,395000000,0
trace-16,t07,4,2,reject,sql_usage,DocumentOperationUploadAdmission.stage,64,839000000,0
trace-16,t07,4,2,reject,sql_usage,DocumentPublicationModesJournal.loadRetained,128,571000000,0
trace-16,t07,4,2,reject,sql_usage,DocumentPublicationModesJournal.requireObservedModes,256,1337000000,0
trace-16,t07,4,2,reject,sql_usage,DocumentPublicationPreparationJournal.load,128,641000000,0
trace-16,t07,4,2,reject,sql_usage,DocumentPublicationRegistration.admitInitialAccepted,64,891000000,0
trace-16,t07,4,2,reject,sql_usage,DocumentPublicationRegistration.preflight,128,82000000,0
trace-16,t07,4,2,reject,sql_usage,DocumentPublicationReplay.observe,256,560000000,0
trace-16,t07,4,2,reject,sql_usage,DocumentSchemaPolicies.read,64,20000000,0
trace-16,t07,4,2,reject,sql_usage,DocumentSelectedAttemptLedger.renew,64,494000000,0
trace-16,t07,4,2,reject,sql_usage,DocumentSelectedAttemptLedger.renewOwnerAndSelections,128,1189000000,0
trace-16,t07,4,2,reject,sql_usage,RepositorySchemaArtifacts.stage,64,673000000,0
trace-16,t07,4,2,replay,jdbc_commit,DocumentPublicationReplay.observe,256,1181759557,0
trace-16,t07,4,2,replay,jdbc_executeQuery,DocumentPublicationReplay.observe,768,106712980,0
trace-16,t07,4,2,replay,jdbc_executeQuery,DocumentPublicationReplay.requireRevisions,192,42228750,0
trace-16,t07,4,2,replay,jdbc_executeQuery,DocumentRevisionLocks.lock,512,113502232,0
trace-16,t07,4,2,replay,jdbc_executeQuery,RepositoryOperationLedger.requireCommand,256,31832977,0
trace-16,t07,4,2,replay,sql_acquire,DocumentPublicationReplay.observe,256,1996569713,0
trace-16,t07,4,2,replay,sql_usage,DocumentPublicationReplay.observe,256,1614000000,0
trace-16,t07,4,2,unscoped,jdbc_commit,DocumentAssessmentReadProtection.finish,61,274577108,0
trace-16,t07,4,2,unscoped,jdbc_commit,DocumentReadPins.finish,256,1463434570,0
trace-16,t07,4,2,unscoped,jdbc_commit,DocumentSelectedAttemptLedger.verifyBatch,256,1310859870,0
trace-16,t07,4,2,unscoped,jdbc_executeQuery,DocumentAssessmentReadProtection.lambda$finish$0,61,33397069,0
trace-16,t07,4,2,unscoped,jdbc_executeQuery,DocumentPartAttemptLedger.read,512,58585539,0
trace-16,t07,4,2,unscoped,jdbc_executeQuery,DocumentReadPins.lambda$finish$0,256,311422713,0
trace-16,t07,4,2,unscoped,jdbc_executeQuery,DocumentSelectedAttemptLedger.lockSelected,512,77089824,0
trace-16,t07,4,2,unscoped,jdbc_executeQuery,DocumentSelectedAttemptLedger.requireOwner,256,57848528,0
trace-16,t07,4,2,unscoped,jdbc_executeQuery,RepositoryExecutionClaimLedger.lockLive,256,80723057,0
trace-16,t07,4,2,unscoped,jdbc_executeQuery,RepositoryOperationLedger.fenceLiveOwner,256,179889704,0
trace-16,t07,4,2,unscoped,jdbc_executeQuery,SqlTimeouts.apply,256,41956724,0
trace-16,t07,4,2,unscoped,jdbc_executeUpdate,DocumentSelectedAttemptLedger.verifyBatch,512,350759774,0
trace-16,t07,4,2,unscoped,provider_getBounded,DocumentPartTransfer.upload,256,756292700,0
trace-16,t07,4,2,unscoped,provider_getBounded,outside_ledger,320,1100929778,0
trace-16,t07,4,2,unscoped,provider_put,DocumentPartTransfer.upload,256,18035695902,0
trace-16,t07,4,2,unscoped,sql_acquire,DocumentAssessmentReadProtection.finish,61,463118429,0
trace-16,t07,4,2,unscoped,sql_acquire,DocumentReadPins.finish,256,1755646303,0
trace-16,t07,4,2,unscoped,sql_acquire,DocumentSelectedAttemptLedger.verifyBatch,256,725502105,0
trace-16,t07,4,2,unscoped,sql_usage,DocumentAssessmentReadProtection.finish,61,293000000,0
trace-16,t07,4,2,unscoped,sql_usage,DocumentReadPins.finish,256,1697000000,0
trace-16,t07,4,2,unscoped,sql_usage,DocumentSelectedAttemptLedger.verifyBatch,256,2229000000,0
trace-16,t08,1,8,publish,jdbc_commit,DocumentOperationUploadAdmission.captureReads,384,1750526112,0
trace-16,t08,1,8,publish,jdbc_commit,DocumentOperationUploadAdmission.recheckInitialSelections,192,931321395,0
trace-16,t08,1,8,publish,jdbc_commit,DocumentOperationUploadAdmission.stage,192,998438054,0
trace-16,t08,1,8,publish,jdbc_commit,DocumentPublicationCommit.commitInternal,192,889608124,0
trace-16,t08,1,8,publish,jdbc_commit,DocumentPublicationModesJournal.requireObservedModes,384,1749617934,0
trace-16,t08,1,8,publish,jdbc_commit,DocumentPublicationRegistration.admitInitialAccepted,192,945635712,0
trace-16,t08,1,8,publish,jdbc_commit,DocumentPublicationRegistration.preflight,192,20647293,0
trace-16,t08,1,8,publish,jdbc_commit,DocumentPublicationReplay.observe,384,33000419,0
trace-16,t08,1,8,publish,jdbc_commit,DocumentSchemaPolicies.read,192,18538890,0
trace-16,t08,1,8,publish,jdbc_commit,DocumentSelectedAttemptLedger.renew,192,874214336,0
trace-16,t08,1,8,publish,jdbc_commit,DocumentSelectedAttemptLedger.renewOwnerAndSelections,384,1714996861,0
trace-16,t08,1,8,publish,jdbc_commit,RepositorySchemaArtifacts.stage,192,812645042,0
trace-16,t08,1,8,publish,jdbc_executeBatch,DocumentSchemaRetention.flush,576,429101824,0
trace-16,t08,1,8,publish,jdbc_executeQuery,DocumentAdmissionSnapshot.prepare,192,51280854,0
trace-16,t08,1,8,publish,jdbc_executeQuery,DocumentCommitParts.bind,192,34427579,0
trace-16,t08,1,8,publish,jdbc_executeQuery,DocumentCommitParts.read,192,256033637,0
trace-16,t08,1,8,publish,jdbc_executeQuery,DocumentCommitParts.selections,192,45614794,0
trace-16,t08,1,8,publish,jdbc_executeQuery,DocumentCommitWriter.write,384,46904755,0
trace-16,t08,1,8,publish,jdbc_executeQuery,DocumentDriveSnapshot.lock,384,45443252,0
trace-16,t08,1,8,publish,jdbc_executeQuery,DocumentKeyReservations.reserveEncoded,192,48779242,0
trace-16,t08,1,8,publish,jdbc_executeQuery,DocumentOperationUploadAdmission.lambda$captureReads$0,576,131385574,0
trace-16,t08,1,8,publish,jdbc_executeQuery,DocumentOperationUploadAdmission.requireInitialSelections,192,39046467,0
trace-16,t08,1,8,publish,jdbc_executeQuery,DocumentOperationUploadAdmission.writeAdmissions,384,58069283,0
trace-16,t08,1,8,publish,jdbc_executeQuery,DocumentPartAttemptLedger.lockAll,1152,112146351,0
trace-16,t08,1,8,publish,jdbc_executeQuery,DocumentPartAttemptLedger.read,384,34975325,0
trace-16,t08,1,8,publish,jdbc_executeQuery,DocumentPreparationHistoryRoots.coverage,192,24217483,0
trace-16,t08,1,8,publish,jdbc_executeQuery,DocumentPublicationLocks$IndependentOrigins.requireScope,384,35523949,0
trace-16,t08,1,8,publish,jdbc_executeQuery,DocumentPublicationLocks.lockIndependentOrigins,960,108471287,0
trace-16,t08,1,8,publish,jdbc_executeQuery,DocumentPublicationLocks.lockIndependentRetention,192,29828399,0
trace-16,t08,1,8,publish,jdbc_executeQuery,DocumentPublicationModeBinding.require,192,33516938,0
trace-16,t08,1,8,publish,jdbc_executeQuery,DocumentPublicationModesJournal.readModes,192,18198971,0
trace-16,t08,1,8,publish,jdbc_executeQuery,DocumentPublicationPreparationJournal.capture,384,33734010,0
trace-16,t08,1,8,publish,jdbc_executeQuery,DocumentPublicationReplay.observe,768,100706592,0
trace-16,t08,1,8,publish,jdbc_executeQuery,DocumentRevisionLocks.lock,2304,457618005,0
trace-16,t08,1,8,publish,jdbc_executeQuery,DocumentSchemaBatch.lockArtifacts,960,127951404,0
trace-16,t08,1,8,publish,jdbc_executeQuery,DocumentSchemaPolicies.lambda$read$0,192,22891301,0
trace-16,t08,1,8,publish,jdbc_executeQuery,DocumentSchemaPolicies.lockCurrent,576,51213499,0
trace-16,t08,1,8,publish,jdbc_executeQuery,DocumentSchemaPolicies.select,384,45542642,0
trace-16,t08,1,8,publish,jdbc_executeQuery,DocumentSchemaRetention.requireFragments,192,42680357,0
trace-16,t08,1,8,publish,jdbc_executeQuery,DocumentSchemaRetention.requireRevision,192,24528155,0
trace-16,t08,1,8,publish,jdbc_executeQuery,DocumentSchemaRetention.write,192,40745133,0
trace-16,t08,1,8,publish,jdbc_executeQuery,DocumentSelectedAttemptLedger.lockSelected,192,25508896,0
trace-16,t08,1,8,publish,jdbc_executeQuery,DocumentSelectedAttemptLedger.requireOwner,576,132712578,0
trace-16,t08,1,8,publish,jdbc_executeQuery,DocumentSelectedAttemptLedger.requireSelections,1152,197669742,0
trace-16,t08,1,8,publish,jdbc_executeQuery,DocumentUploadAdmissionReplay.hasSelections,192,19235900,0
trace-16,t08,1,8,publish,jdbc_executeQuery,ManagedBackendLedger.find,384,36505700,0
trace-16,t08,1,8,publish,jdbc_executeQuery,RepositoryCoordinatorBinding.bindInitial,192,19398136,0
trace-16,t08,1,8,publish,jdbc_executeQuery,RepositoryExecutionClaimLedger.live,192,20431500,0
trace-16,t08,1,8,publish,jdbc_executeQuery,RepositoryExecutionClaimLedger.lockLive,3456,915582329,0
trace-16,t08,1,8,publish,jdbc_executeQuery,RepositoryExecutionClaimLedger.readLocked,1152,97359714,0
trace-16,t08,1,8,publish,jdbc_executeQuery,RepositoryOperationLedger.fenceLiveOwner,1920,1107200435,0
trace-16,t08,1,8,publish,jdbc_executeQuery,RepositoryOperationLedger.live,576,79547859,0
trace-16,t08,1,8,publish,jdbc_executeQuery,RepositoryOperationLedger.read,192,24310419,0
trace-16,t08,1,8,publish,jdbc_executeQuery,RepositoryOperationLedger.readOwner,768,76743147,0
trace-16,t08,1,8,publish,jdbc_executeQuery,RepositoryOperationLedger.requireCommand,1920,191675360,0
trace-16,t08,1,8,publish,jdbc_executeQuery,RepositorySchemaArtifacts.lambda$stage$3,768,609174446,0
trace-16,t08,1,8,publish,jdbc_executeQuery,SqlTimeouts.apply,1152,138689699,0
trace-16,t08,1,8,publish,jdbc_executeUpdate,DocumentCommitWriter.write,1344,871175362,0
trace-16,t08,1,8,publish,jdbc_executeUpdate,DocumentOperationSelection.insert,192,179997205,0
trace-16,t08,1,8,publish,jdbc_executeUpdate,DocumentOperationUploadAdmission.writeAdmissions,384,209822309,0
trace-16,t08,1,8,publish,jdbc_executeUpdate,DocumentPartAttemptLedger.insertEncodedRows,192,150779188,0
trace-16,t08,1,8,publish,jdbc_executeUpdate,DocumentPreparationCoverageCertificates.insert,192,68634401,0
trace-16,t08,1,8,publish,jdbc_executeUpdate,DocumentPreparationHistoryRoots.insert,384,125445630,0
trace-16,t08,1,8,publish,jdbc_executeUpdate,DocumentPublicationCommit.lambda$commitInternal$6,576,440581321,0
trace-16,t08,1,8,publish,jdbc_executeUpdate,DocumentPublicationModesJournal.insert,192,117187999,0
trace-16,t08,1,8,publish,jdbc_executeUpdate,DocumentPublicationPreparationJournal.insert,192,131533772,0
trace-16,t08,1,8,publish,jdbc_executeUpdate,DocumentSchemaAdmissionBinding.insert,192,149721778,0
trace-16,t08,1,8,publish,jdbc_executeUpdate,DocumentSelectedAttemptLedger.renewSelections,576,328403554,0
trace-16,t08,1,8,publish,jdbc_executeUpdate,RepositoryCoordinatorBinding.bindInitial,192,62323395,0
trace-16,t08,1,8,publish,jdbc_executeUpdate,RepositoryExecutionClaimLedger.acquireInitialChecked,192,66045919,0
trace-16,t08,1,8,publish,jdbc_executeUpdate,RepositoryExecutionClaimLedger.renewLive,384,70106187,0
trace-16,t08,1,8,publish,jdbc_executeUpdate,RepositoryOperationLedger.admitInTransaction,384,202411003,0
trace-16,t08,1,8,publish,jdbc_executeUpdate,RepositoryOperationLedger.renewLive,384,212406247,0
trace-16,t08,1,8,publish,sql_acquire,DocumentOperationUploadAdmission.captureReads,384,1588697084,0
trace-16,t08,1,8,publish,sql_acquire,DocumentOperationUploadAdmission.recheckInitialSelections,192,480718855,0
trace-16,t08,1,8,publish,sql_acquire,DocumentOperationUploadAdmission.stage,192,857386862,0
trace-16,t08,1,8,publish,sql_acquire,DocumentPublicationCommit.commitInternal,192,842777752,0
trace-16,t08,1,8,publish,sql_acquire,DocumentPublicationModesJournal.requireObservedModes,384,1585395821,0
trace-16,t08,1,8,publish,sql_acquire,DocumentPublicationRegistration.admitInitialAccepted,192,843226854,0
trace-16,t08,1,8,publish,sql_acquire,DocumentPublicationRegistration.preflight,192,799787159,0
trace-16,t08,1,8,publish,sql_acquire,DocumentPublicationReplay.observe,384,1738517298,0
trace-16,t08,1,8,publish,sql_acquire,DocumentSchemaPolicies.read,192,645994237,0
trace-16,t08,1,8,publish,sql_acquire,DocumentSelectedAttemptLedger.renew,192,687569236,0
trace-16,t08,1,8,publish,sql_acquire,DocumentSelectedAttemptLedger.renewOwnerAndSelections,384,1350144482,0
trace-16,t08,1,8,publish,sql_acquire,RepositorySchemaArtifacts.stage,192,804839655,0
trace-16,t08,1,8,publish,sql_usage,DocumentOperationUploadAdmission.captureReads,384,2371000000,0
trace-16,t08,1,8,publish,sql_usage,DocumentOperationUploadAdmission.recheckInitialSelections,192,1121000000,0
trace-16,t08,1,8,publish,sql_usage,DocumentOperationUploadAdmission.stage,192,2117000000,0
trace-16,t08,1,8,publish,sql_usage,DocumentPublicationCommit.commitInternal,192,4826000000,0
trace-16,t08,1,8,publish,sql_usage,DocumentPublicationModesJournal.requireObservedModes,384,2121000000,0
trace-16,t08,1,8,publish,sql_usage,DocumentPublicationRegistration.admitInitialAccepted,192,2149000000,0
trace-16,t08,1,8,publish,sql_usage,DocumentPublicationRegistration.preflight,192,21000000,0
trace-16,t08,1,8,publish,sql_usage,DocumentPublicationReplay.observe,384,3000000,0
trace-16,t08,1,8,publish,sql_usage,DocumentSchemaPolicies.read,192,5000000,0
trace-16,t08,1,8,publish,sql_usage,DocumentSelectedAttemptLedger.renew,192,1310000000,0
trace-16,t08,1,8,publish,sql_usage,DocumentSelectedAttemptLedger.renewOwnerAndSelections,384,2974000000,0
trace-16,t08,1,8,publish,sql_usage,RepositorySchemaArtifacts.stage,192,1743000000,0
trace-16,t08,1,8,read,jdbc_commit,DocumentHistoricalSchemas.authorize,256,1206296314,0
trace-16,t08,1,8,read,jdbc_commit,DocumentHistoricalSchemas.check,256,1079718515,0
trace-16,t08,1,8,read,jdbc_commit,DocumentReadLedger$PinnedHistory.authorizeDelivery,768,3687217476,0
trace-16,t08,1,8,read,jdbc_commit,DocumentReadLedger.captureHistorical,256,1008101513,0
trace-16,t08,1,8,read,jdbc_executeQuery,DocumentHistoricalReadRows.capture,512,146091153,0
trace-16,t08,1,8,read,jdbc_executeQuery,DocumentHistoricalSchemaRows.artifacts,512,105360727,0
trace-16,t08,1,8,read,jdbc_executeQuery,DocumentHistoricalSchemaRows.capture,512,227552884,0
trace-16,t08,1,8,read,jdbc_executeQuery,DocumentHistoricalSchemaRows.references,256,31460262,0
trace-16,t08,1,8,read,jdbc_executeQuery,DocumentHistoricalSchemaRows.roots,512,53606628,0
trace-16,t08,1,8,read,jdbc_executeQuery,DocumentReadLedger.lambda$captureHistorical$0,256,45506558,0
trace-16,t08,1,8,read,jdbc_executeQuery,DocumentReadPins.acquireHistorical,512,238205737,0
trace-16,t08,1,8,read,jdbc_executeQuery,DocumentRevisionLocks.lock,3072,704656794,0
trace-16,t08,1,8,read,jdbc_executeQuery,ManagedBackendLedger.requireAll,256,31717647,0
trace-16,t08,1,8,read,jdbc_executeUpdate,DocumentReadPins.acquireHistorical,256,233634803,0
trace-16,t08,1,8,read,sql_acquire,DocumentHistoricalSchemas.authorize,256,1182214966,0
trace-16,t08,1,8,read,sql_acquire,DocumentHistoricalSchemas.check,256,977462805,0
trace-16,t08,1,8,read,sql_acquire,DocumentReadLedger$PinnedHistory.authorizeDelivery,768,2673848694,0
trace-16,t08,1,8,read,sql_acquire,DocumentReadLedger.captureHistorical,256,1125918165,0
trace-16,t08,1,8,read,sql_usage,DocumentHistoricalSchemas.authorize,256,1243000000,0
trace-16,t08,1,8,read,sql_usage,DocumentHistoricalSchemas.check,256,1613000000,0
trace-16,t08,1,8,read,sql_usage,DocumentReadLedger$PinnedHistory.authorizeDelivery,768,3785000000,0
trace-16,t08,1,8,read,sql_usage,DocumentReadLedger.captureHistorical,256,1942000000,0
trace-16,t08,1,8,reject,jdbc_commit,DocumentAssessmentCreation.createInternal,64,244968685,0
trace-16,t08,1,8,reject,jdbc_commit,DocumentAssessmentCreation.lambda$createInternal$0,64,246025190,0
trace-16,t08,1,8,reject,jdbc_commit,DocumentAssessmentDeliveryAuthorization.check,256,1013778063,0
trace-16,t08,1,8,reject,jdbc_commit,DocumentAssessmentDiscovery.discover,64,234526069,0
trace-16,t08,1,8,reject,jdbc_commit,DocumentAssessmentReconciliation.observeRetained,64,270690459,0
trace-16,t08,1,8,reject,jdbc_commit,DocumentAssessmentRejections.decide,64,237894200,0
trace-16,t08,1,8,reject,jdbc_commit,DocumentAssessmentReplayInputs.load,64,7455296,0
trace-16,t08,1,8,reject,jdbc_commit,DocumentAssessmentStartJournal.startRetained,64,241989431,0
trace-16,t08,1,8,reject,jdbc_commit,DocumentOperationUploadAdmission.captureReads,128,597454545,0
trace-16,t08,1,8,reject,jdbc_commit,DocumentOperationUploadAdmission.recheckInitialSelections,64,258720924,0
trace-16,t08,1,8,reject,jdbc_commit,DocumentOperationUploadAdmission.stage,64,310472426,0
trace-16,t08,1,8,reject,jdbc_commit,DocumentPublicationModesJournal.loadRetained,128,541565204,0
trace-16,t08,1,8,reject,jdbc_commit,DocumentPublicationModesJournal.requireObservedModes,256,1114921214,0
trace-16,t08,1,8,reject,jdbc_commit,DocumentPublicationPreparationJournal.load,128,533039845,0
trace-16,t08,1,8,reject,jdbc_commit,DocumentPublicationRegistration.admitInitialAccepted,64,355528492,0
trace-16,t08,1,8,reject,jdbc_commit,DocumentPublicationRegistration.preflight,128,12767545,0
trace-16,t08,1,8,reject,jdbc_commit,DocumentPublicationReplay.observe,256,567371179,0
trace-16,t08,1,8,reject,jdbc_commit,DocumentSchemaPolicies.read,64,6582550,0
trace-16,t08,1,8,reject,jdbc_commit,DocumentSelectedAttemptLedger.renew,64,296964130,0
trace-16,t08,1,8,reject,jdbc_commit,DocumentSelectedAttemptLedger.renewOwnerAndSelections,128,525362015,0
trace-16,t08,1,8,reject,jdbc_commit,RepositorySchemaArtifacts.stage,64,269874282,0
trace-16,t08,1,8,reject,jdbc_executeBatch,DocumentAssessmentCreationWrites.lambda$writeRows$0,64,37830923,0
trace-16,t08,1,8,reject,jdbc_executeQuery,DocumentAssessmentDeliveryAuthorization.lambda$check$0,1280,155244901,0
trace-16,t08,1,8,reject,jdbc_executeQuery,DocumentAssessmentDeliveryAuthorization.requireLiveReadOwner,512,68720395,0
trace-16,t08,1,8,reject,jdbc_executeQuery,DocumentAssessmentDiscovery.lambda$discover$0,128,28163333,0
trace-16,t08,1,8,reject,jdbc_executeQuery,DocumentAssessmentReadRows.capture,192,675037286,0
trace-16,t08,1,8,reject,jdbc_executeQuery,DocumentAssessmentReconciliation.verifyRetained,256,48939009,0
trace-16,t08,1,8,reject,jdbc_executeQuery,DocumentAssessmentRejections.lambda$decide$0,256,43121919,0
trace-16,t08,1,8,reject,jdbc_executeQuery,DocumentAssessmentReplayInputs.artifacts,128,50065663,0
trace-16,t08,1,8,reject,jdbc_executeQuery,DocumentAssessmentReplayInputs.policy,128,18581384,0
trace-16,t08,1,8,reject,jdbc_executeQuery,DocumentAssessmentReplayInputs.read,128,28306298,0
trace-16,t08,1,8,reject,jdbc_executeQuery,DocumentAssessmentReplayInputs.roots,128,25478848,0
trace-16,t08,1,8,reject,jdbc_executeQuery,DocumentAssessmentRetainedEvidence.verify,64,11356750,0
trace-16,t08,1,8,reject,jdbc_executeQuery,DocumentAssessmentRetainedEvidence.verifyArtifacts,64,29503314,0
trace-16,t08,1,8,reject,jdbc_executeQuery,DocumentAssessmentRetainedSlots.retainedSelections,64,19915767,0
trace-16,t08,1,8,reject,jdbc_executeQuery,DocumentAssessmentRetainedSlots.verify,256,269495868,0
trace-16,t08,1,8,reject,jdbc_executeQuery,DocumentAssessmentStartJournal.insertStartedOutcome,64,9687179,0
trace-16,t08,1,8,reject,jdbc_executeQuery,DocumentAssessmentStartJournal.lambda$startRetained$2,64,10917080,0
trace-16,t08,1,8,reject,jdbc_executeQuery,DocumentAssessmentStartJournal.requireCreation,64,26197095,0
trace-16,t08,1,8,reject,jdbc_executeQuery,DocumentCommitParts.bind,128,37915369,0
trace-16,t08,1,8,reject,jdbc_executeQuery,DocumentCommitParts.read,64,79792417,0
trace-16,t08,1,8,reject,jdbc_executeQuery,DocumentCommitParts.selections,64,13818717,0
trace-16,t08,1,8,reject,jdbc_executeQuery,DocumentDriveSnapshot.lock,128,14568672,0
trace-16,t08,1,8,reject,jdbc_executeQuery,DocumentKeyReservations.reserveEncoded,64,16133092,0
trace-16,t08,1,8,reject,jdbc_executeQuery,DocumentOperationUploadAdmission.lambda$captureReads$0,192,42871994,0
trace-16,t08,1,8,reject,jdbc_executeQuery,DocumentOperationUploadAdmission.requireInitialSelections,64,13292135,0
trace-16,t08,1,8,reject,jdbc_executeQuery,DocumentOperationUploadAdmission.writeAdmissions,128,19955611,0
trace-16,t08,1,8,reject,jdbc_executeQuery,DocumentPartAttemptLedger.lockAll,384,40158939,0
trace-16,t08,1,8,reject,jdbc_executeQuery,DocumentPartAttemptLedger.read,128,11861238,0
trace-16,t08,1,8,reject,jdbc_executeQuery,DocumentPreparationHistoryRoots.coverage,64,8485938,0
trace-16,t08,1,8,reject,jdbc_executeQuery,DocumentPublicationModesJournal.readModes,192,19006905,0
trace-16,t08,1,8,reject,jdbc_executeQuery,DocumentPublicationPreparationJournal.capture,384,37114887,0
trace-16,t08,1,8,reject,jdbc_executeQuery,DocumentPublicationReplay.observe,832,99856179,0
trace-16,t08,1,8,reject,jdbc_executeQuery,DocumentRevisionLocks.lock,2304,450004024,0
trace-16,t08,1,8,reject,jdbc_executeQuery,DocumentSchemaPolicies.lambda$read$0,64,7569144,0
trace-16,t08,1,8,reject,jdbc_executeQuery,DocumentSchemaPolicies.lockCurrent,384,32149846,0
trace-16,t08,1,8,reject,jdbc_executeQuery,DocumentSchemaPolicies.select,192,20372031,0
trace-16,t08,1,8,reject,jdbc_executeQuery,DocumentSelectedAttemptLedger.lockSelected,64,9232537,0
trace-16,t08,1,8,reject,jdbc_executeQuery,DocumentSelectedAttemptLedger.requireOwner,192,44710219,0
trace-16,t08,1,8,reject,jdbc_executeQuery,DocumentSelectedAttemptLedger.requireSelections,384,68914773,0
trace-16,t08,1,8,reject,jdbc_executeQuery,DocumentUploadAdmissionReplay.hasSelections,64,6571164,0
trace-16,t08,1,8,reject,jdbc_executeQuery,ManagedBackendLedger.find,128,12272271,0
trace-16,t08,1,8,reject,jdbc_executeQuery,ManagedBackendLedger.requireAll,64,6132672,0
trace-16,t08,1,8,reject,jdbc_executeQuery,RepositoryCoordinatorBinding.bindInitial,64,6135355,0
trace-16,t08,1,8,reject,jdbc_executeQuery,RepositoryExecutionClaimLedger.live,64,7160864,0
trace-16,t08,1,8,reject,jdbc_executeQuery,RepositoryExecutionClaimLedger.lockLive,2304,628665995,0
trace-16,t08,1,8,reject,jdbc_executeQuery,RepositoryExecutionClaimLedger.readLocked,384,34006542,0
trace-16,t08,1,8,reject,jdbc_executeQuery,RepositoryOperationLedger.fenceLiveOwner,1344,777957315,0
trace-16,t08,1,8,reject,jdbc_executeQuery,RepositoryOperationLedger.live,192,28599080,0
trace-16,t08,1,8,reject,jdbc_executeQuery,RepositoryOperationLedger.read,64,7741089,0
trace-16,t08,1,8,reject,jdbc_executeQuery,RepositoryOperationLedger.readOwner,256,25740769,0
trace-16,t08,1,8,reject,jdbc_executeQuery,RepositoryOperationLedger.requireCommand,1344,145783507,0
trace-16,t08,1,8,reject,jdbc_executeQuery,RepositorySchemaArtifacts.lambda$stage$3,256,205331854,0
trace-16,t08,1,8,reject,jdbc_executeQuery,SqlTimeouts.apply,384,46268460,0
trace-16,t08,1,8,reject,jdbc_executeUpdate,DocumentAssessmentCreationWrites.insertOwner,64,52872982,0
trace-16,t08,1,8,reject,jdbc_executeUpdate,DocumentAssessmentCreationWrites.lambda$writeRows$1,64,52004905,0
trace-16,t08,1,8,reject,jdbc_executeUpdate,DocumentAssessmentCreationWrites.writeRows,448,645000563,0
trace-16,t08,1,8,reject,jdbc_executeUpdate,DocumentAssessmentReconciliation.verifyRetained,64,44060870,0
trace-16,t08,1,8,reject,jdbc_executeUpdate,DocumentAssessmentRejections.lambda$decide$0,64,46453076,0
trace-16,t08,1,8,reject,jdbc_executeUpdate,DocumentAssessmentStartJournal.insertStartedOutcome,64,55644395,0
trace-16,t08,1,8,reject,jdbc_executeUpdate,DocumentOperationSelection.insert,64,58513252,0
trace-16,t08,1,8,reject,jdbc_executeUpdate,DocumentOperationUploadAdmission.writeAdmissions,128,69932176,0
trace-16,t08,1,8,reject,jdbc_executeUpdate,DocumentPartAttemptLedger.insertEncodedRows,64,49965894,0
trace-16,t08,1,8,reject,jdbc_executeUpdate,DocumentPreparationCoverageCertificates.insert,64,22720093,0
trace-16,t08,1,8,reject,jdbc_executeUpdate,DocumentPreparationHistoryRoots.insert,128,36961911,0
trace-16,t08,1,8,reject,jdbc_executeUpdate,DocumentPublicationModesJournal.insert,64,38581640,0
trace-16,t08,1,8,reject,jdbc_executeUpdate,DocumentPublicationPreparationJournal.insert,64,45876014,0
trace-16,t08,1,8,reject,jdbc_executeUpdate,DocumentSelectedAttemptLedger.renewSelections,192,116903048,0
trace-16,t08,1,8,reject,jdbc_executeUpdate,RepositoryCoordinatorBinding.bindInitial,64,23942768,0
trace-16,t08,1,8,reject,jdbc_executeUpdate,RepositoryExecutionClaimLedger.acquireInitialChecked,64,28080104,0
trace-16,t08,1,8,reject,jdbc_executeUpdate,RepositoryExecutionClaimLedger.renewLive,128,24143600,0
trace-16,t08,1,8,reject,jdbc_executeUpdate,RepositoryOperationLedger.admitInTransaction,128,72301635,0
trace-16,t08,1,8,reject,jdbc_executeUpdate,RepositoryOperationLedger.renewLive,128,74340594,0
trace-16,t08,1,8,reject,sql_acquire,DocumentAssessmentCreation.createInternal,64,329859001,0
trace-16,t08,1,8,reject,sql_acquire,DocumentAssessmentCreation.lambda$createInternal$0,64,277054223,0
trace-16,t08,1,8,reject,sql_acquire,DocumentAssessmentDeliveryAuthorization.check,256,985926790,0
trace-16,t08,1,8,reject,sql_acquire,DocumentAssessmentDiscovery.discover,64,196152325,0
trace-16,t08,1,8,reject,sql_acquire,DocumentAssessmentReconciliation.observeRetained,64,270928269,0
trace-16,t08,1,8,reject,sql_acquire,DocumentAssessmentRejections.decide,64,303365295,0
trace-16,t08,1,8,reject,sql_acquire,DocumentAssessmentReplayInputs.load,64,195712104,0
trace-16,t08,1,8,reject,sql_acquire,DocumentAssessmentStartJournal.startRetained,64,261641320,0
trace-16,t08,1,8,reject,sql_acquire,DocumentOperationUploadAdmission.captureReads,128,523087213,0
trace-16,t08,1,8,reject,sql_acquire,DocumentOperationUploadAdmission.recheckInitialSelections,64,234335137,0
trace-16,t08,1,8,reject,sql_acquire,DocumentOperationUploadAdmission.stage,64,285946153,0
trace-16,t08,1,8,reject,sql_acquire,DocumentPublicationModesJournal.loadRetained,128,449937098,0
trace-16,t08,1,8,reject,sql_acquire,DocumentPublicationModesJournal.requireObservedModes,256,1164478713,0
trace-16,t08,1,8,reject,sql_acquire,DocumentPublicationPreparationJournal.load,128,600112383,0
trace-16,t08,1,8,reject,sql_acquire,DocumentPublicationRegistration.admitInitialAccepted,64,275742312,0
trace-16,t08,1,8,reject,sql_acquire,DocumentPublicationRegistration.preflight,128,462399243,0
trace-16,t08,1,8,reject,sql_acquire,DocumentPublicationReplay.observe,256,1235410948,0
trace-16,t08,1,8,reject,sql_acquire,DocumentSchemaPolicies.read,64,254262721,0
trace-16,t08,1,8,reject,sql_acquire,DocumentSelectedAttemptLedger.renew,64,291247371,0
trace-16,t08,1,8,reject,sql_acquire,DocumentSelectedAttemptLedger.renewOwnerAndSelections,128,499047075,0
trace-16,t08,1,8,reject,sql_acquire,RepositorySchemaArtifacts.stage,64,295332331,0
trace-16,t08,1,8,reject,sql_usage,DocumentAssessmentCreation.createInternal,64,1503000000,0
trace-16,t08,1,8,reject,sql_usage,DocumentAssessmentCreation.lambda$createInternal$0,64,332000000,0
trace-16,t08,1,8,reject,sql_usage,DocumentAssessmentDeliveryAuthorization.check,256,1354000000,0
trace-16,t08,1,8,reject,sql_usage,DocumentAssessmentDiscovery.discover,64,413000000,0
trace-16,t08,1,8,reject,sql_usage,DocumentAssessmentReconciliation.observeRetained,64,1590000000,0
trace-16,t08,1,8,reject,sql_usage,DocumentAssessmentRejections.decide,64,548000000,0
trace-16,t08,1,8,reject,sql_usage,DocumentAssessmentReplayInputs.load,64,209000000,0
trace-16,t08,1,8,reject,sql_usage,DocumentAssessmentStartJournal.startRetained,64,387000000,0
trace-16,t08,1,8,reject,sql_usage,DocumentOperationUploadAdmission.captureReads,128,806000000,0
trace-16,t08,1,8,reject,sql_usage,DocumentOperationUploadAdmission.recheckInitialSelections,64,330000000,0
trace-16,t08,1,8,reject,sql_usage,DocumentOperationUploadAdmission.stage,64,679000000,0
trace-16,t08,1,8,reject,sql_usage,DocumentPublicationModesJournal.loadRetained,128,539000000,0
trace-16,t08,1,8,reject,sql_usage,DocumentPublicationModesJournal.requireObservedModes,256,1388000000,0
trace-16,t08,1,8,reject,sql_usage,DocumentPublicationPreparationJournal.load,128,543000000,0
trace-16,t08,1,8,reject,sql_usage,DocumentPublicationRegistration.admitInitialAccepted,64,796000000,0
trace-16,t08,1,8,reject,sql_usage,DocumentPublicationRegistration.preflight,128,23000000,0
trace-16,t08,1,8,reject,sql_usage,DocumentPublicationReplay.observe,256,643000000,0
trace-16,t08,1,8,reject,sql_usage,DocumentSchemaPolicies.read,64,0,0
trace-16,t08,1,8,reject,sql_usage,DocumentSelectedAttemptLedger.renew,64,459000000,0
trace-16,t08,1,8,reject,sql_usage,DocumentSelectedAttemptLedger.renewOwnerAndSelections,128,968000000,0
trace-16,t08,1,8,reject,sql_usage,RepositorySchemaArtifacts.stage,64,583000000,0
trace-16,t08,1,8,replay,jdbc_commit,DocumentPublicationReplay.observe,256,1142353534,0
trace-16,t08,1,8,replay,jdbc_executeQuery,DocumentPublicationReplay.observe,768,94011104,0
trace-16,t08,1,8,replay,jdbc_executeQuery,DocumentPublicationReplay.requireRevisions,192,34387922,0
trace-16,t08,1,8,replay,jdbc_executeQuery,DocumentRevisionLocks.lock,512,99553424,0
trace-16,t08,1,8,replay,jdbc_executeQuery,RepositoryOperationLedger.requireCommand,256,28330668,0
trace-16,t08,1,8,replay,sql_acquire,DocumentPublicationReplay.observe,256,1207610289,0
trace-16,t08,1,8,replay,sql_usage,DocumentPublicationReplay.observe,256,1401000000,0
trace-16,t08,1,8,unscoped,jdbc_commit,DocumentAssessmentReadProtection.finish,67,330697309,0
trace-16,t08,1,8,unscoped,jdbc_commit,DocumentReadPins.finish,256,1311418174,0
trace-16,t08,1,8,unscoped,jdbc_commit,DocumentSelectedAttemptLedger.verifyBatch,256,1132481072,0
trace-16,t08,1,8,unscoped,jdbc_executeQuery,DocumentAssessmentReadProtection.lambda$finish$0,67,37401811,0
trace-16,t08,1,8,unscoped,jdbc_executeQuery,DocumentPartAttemptLedger.read,512,51569505,0
trace-16,t08,1,8,unscoped,jdbc_executeQuery,DocumentReadPins.lambda$finish$0,256,284713660,0
trace-16,t08,1,8,unscoped,jdbc_executeQuery,DocumentSelectedAttemptLedger.lockSelected,512,66802334,0
trace-16,t08,1,8,unscoped,jdbc_executeQuery,DocumentSelectedAttemptLedger.requireOwner,256,54496014,0
trace-16,t08,1,8,unscoped,jdbc_executeQuery,RepositoryExecutionClaimLedger.lockLive,256,69913335,0
trace-16,t08,1,8,unscoped,jdbc_executeQuery,RepositoryOperationLedger.fenceLiveOwner,256,156172556,0
trace-16,t08,1,8,unscoped,jdbc_executeQuery,SqlTimeouts.apply,256,32064219,0
trace-16,t08,1,8,unscoped,jdbc_executeUpdate,DocumentSelectedAttemptLedger.verifyBatch,512,328669890,0
trace-16,t08,1,8,unscoped,provider_getBounded,DocumentPartTransfer.upload,256,476005795,0
trace-16,t08,1,8,unscoped,provider_getBounded,outside_ledger,320,676380221,0
trace-16,t08,1,8,unscoped,provider_put,DocumentPartTransfer.upload,256,18419563794,0
trace-16,t08,1,8,unscoped,sql_acquire,DocumentAssessmentReadProtection.finish,67,244858531,0
trace-16,t08,1,8,unscoped,sql_acquire,DocumentReadPins.finish,256,834409109,0
trace-16,t08,1,8,unscoped,sql_acquire,DocumentSelectedAttemptLedger.verifyBatch,256,947172005,0
trace-16,t08,1,8,unscoped,sql_usage,DocumentAssessmentReadProtection.finish,67,342000000,0
trace-16,t08,1,8,unscoped,sql_usage,DocumentReadPins.finish,256,1487000000,0
trace-16,t08,1,8,unscoped,sql_usage,DocumentSelectedAttemptLedger.verifyBatch,256,1850000000,0
trace-16,t09,2,4,publish,jdbc_commit,DocumentOperationUploadAdmission.captureReads,384,1869467786,0
trace-16,t09,2,4,publish,jdbc_commit,DocumentOperationUploadAdmission.recheckInitialSelections,192,917890601,0
trace-16,t09,2,4,publish,jdbc_commit,DocumentOperationUploadAdmission.stage,192,954537472,0
trace-16,t09,2,4,publish,jdbc_commit,DocumentPublicationCommit.commitInternal,192,827486486,0
trace-16,t09,2,4,publish,jdbc_commit,DocumentPublicationModesJournal.requireObservedModes,384,1704257816,0
trace-16,t09,2,4,publish,jdbc_commit,DocumentPublicationRegistration.admitInitialAccepted,192,872719321,0
trace-16,t09,2,4,publish,jdbc_commit,DocumentPublicationRegistration.preflight,192,20135558,0
trace-16,t09,2,4,publish,jdbc_commit,DocumentPublicationReplay.observe,384,46896718,0
trace-16,t09,2,4,publish,jdbc_commit,DocumentSchemaPolicies.read,192,19197228,0
trace-16,t09,2,4,publish,jdbc_commit,DocumentSelectedAttemptLedger.renew,192,842371347,0
trace-16,t09,2,4,publish,jdbc_commit,DocumentSelectedAttemptLedger.renewOwnerAndSelections,384,1665648916,0
trace-16,t09,2,4,publish,jdbc_commit,RepositorySchemaArtifacts.stage,192,835160908,0
trace-16,t09,2,4,publish,jdbc_executeBatch,DocumentSchemaRetention.flush,576,453260384,0
trace-16,t09,2,4,publish,jdbc_executeQuery,DocumentAdmissionSnapshot.prepare,192,53118347,0
trace-16,t09,2,4,publish,jdbc_executeQuery,DocumentCommitParts.bind,192,39687508,0
trace-16,t09,2,4,publish,jdbc_executeQuery,DocumentCommitParts.read,192,258376973,0
trace-16,t09,2,4,publish,jdbc_executeQuery,DocumentCommitParts.selections,192,50330799,0
trace-16,t09,2,4,publish,jdbc_executeQuery,DocumentCommitWriter.write,384,44547011,0
trace-16,t09,2,4,publish,jdbc_executeQuery,DocumentDriveSnapshot.lock,384,47951482,0
trace-16,t09,2,4,publish,jdbc_executeQuery,DocumentKeyReservations.reserveEncoded,192,52772979,0
trace-16,t09,2,4,publish,jdbc_executeQuery,DocumentOperationUploadAdmission.lambda$captureReads$0,576,145217110,0
trace-16,t09,2,4,publish,jdbc_executeQuery,DocumentOperationUploadAdmission.requireInitialSelections,192,46439428,0
trace-16,t09,2,4,publish,jdbc_executeQuery,DocumentOperationUploadAdmission.writeAdmissions,384,62714285,0
trace-16,t09,2,4,publish,jdbc_executeQuery,DocumentPartAttemptLedger.lockAll,1152,122706127,0
trace-16,t09,2,4,publish,jdbc_executeQuery,DocumentPartAttemptLedger.read,384,37986241,0
trace-16,t09,2,4,publish,jdbc_executeQuery,DocumentPreparationHistoryRoots.coverage,192,27146048,0
trace-16,t09,2,4,publish,jdbc_executeQuery,DocumentPublicationLocks$IndependentOrigins.requireScope,384,38070628,0
trace-16,t09,2,4,publish,jdbc_executeQuery,DocumentPublicationLocks.lockIndependentOrigins,960,122454713,0
trace-16,t09,2,4,publish,jdbc_executeQuery,DocumentPublicationLocks.lockIndependentRetention,192,33564496,0
trace-16,t09,2,4,publish,jdbc_executeQuery,DocumentPublicationModeBinding.require,192,38397612,0
trace-16,t09,2,4,publish,jdbc_executeQuery,DocumentPublicationModesJournal.readModes,192,20698307,0
trace-16,t09,2,4,publish,jdbc_executeQuery,DocumentPublicationPreparationJournal.capture,384,40941406,0
trace-16,t09,2,4,publish,jdbc_executeQuery,DocumentPublicationReplay.observe,768,115120136,0
trace-16,t09,2,4,publish,jdbc_executeQuery,DocumentRevisionLocks.lock,2304,489262560,0
trace-16,t09,2,4,publish,jdbc_executeQuery,DocumentSchemaBatch.lockArtifacts,960,144385437,0
trace-16,t09,2,4,publish,jdbc_executeQuery,DocumentSchemaPolicies.lambda$read$0,192,24139863,0
trace-16,t09,2,4,publish,jdbc_executeQuery,DocumentSchemaPolicies.lockCurrent,576,53959355,0
trace-16,t09,2,4,publish,jdbc_executeQuery,DocumentSchemaPolicies.select,384,45502290,0
trace-16,t09,2,4,publish,jdbc_executeQuery,DocumentSchemaRetention.requireFragments,192,44241716,0
trace-16,t09,2,4,publish,jdbc_executeQuery,DocumentSchemaRetention.requireRevision,192,24777365,0
trace-16,t09,2,4,publish,jdbc_executeQuery,DocumentSchemaRetention.write,192,44437408,0
trace-16,t09,2,4,publish,jdbc_executeQuery,DocumentSelectedAttemptLedger.lockSelected,192,33138453,0
trace-16,t09,2,4,publish,jdbc_executeQuery,DocumentSelectedAttemptLedger.requireOwner,576,140339449,0
trace-16,t09,2,4,publish,jdbc_executeQuery,DocumentSelectedAttemptLedger.requireSelections,1152,218589410,0
trace-16,t09,2,4,publish,jdbc_executeQuery,DocumentUploadAdmissionReplay.hasSelections,192,21304575,0
trace-16,t09,2,4,publish,jdbc_executeQuery,ManagedBackendLedger.find,384,41283266,0
trace-16,t09,2,4,publish,jdbc_executeQuery,RepositoryCoordinatorBinding.bindInitial,192,19550204,0
trace-16,t09,2,4,publish,jdbc_executeQuery,RepositoryExecutionClaimLedger.live,192,21815564,0
trace-16,t09,2,4,publish,jdbc_executeQuery,RepositoryExecutionClaimLedger.lockLive,3456,973231448,0
trace-16,t09,2,4,publish,jdbc_executeQuery,RepositoryExecutionClaimLedger.readLocked,1152,104939218,0
trace-16,t09,2,4,publish,jdbc_executeQuery,RepositoryOperationLedger.fenceLiveOwner,1920,1219742505,0
trace-16,t09,2,4,publish,jdbc_executeQuery,RepositoryOperationLedger.live,576,86255233,0
trace-16,t09,2,4,publish,jdbc_executeQuery,RepositoryOperationLedger.read,192,24626818,0
trace-16,t09,2,4,publish,jdbc_executeQuery,RepositoryOperationLedger.readOwner,768,83557186,0
trace-16,t09,2,4,publish,jdbc_executeQuery,RepositoryOperationLedger.requireCommand,1920,209900914,0
trace-16,t09,2,4,publish,jdbc_executeQuery,RepositorySchemaArtifacts.lambda$stage$3,768,690156930,0
trace-16,t09,2,4,publish,jdbc_executeQuery,SqlTimeouts.apply,1152,157158196,0
trace-16,t09,2,4,publish,jdbc_executeUpdate,DocumentCommitWriter.write,1344,941775900,0
trace-16,t09,2,4,publish,jdbc_executeUpdate,DocumentOperationSelection.insert,192,190413860,0
trace-16,t09,2,4,publish,jdbc_executeUpdate,DocumentOperationUploadAdmission.writeAdmissions,384,222422778,0
trace-16,t09,2,4,publish,jdbc_executeUpdate,DocumentPartAttemptLedger.insertEncodedRows,192,162238651,0
trace-16,t09,2,4,publish,jdbc_executeUpdate,DocumentPreparationCoverageCertificates.insert,192,75203456,0
trace-16,t09,2,4,publish,jdbc_executeUpdate,DocumentPreparationHistoryRoots.insert,384,122925512,0
trace-16,t09,2,4,publish,jdbc_executeUpdate,DocumentPublicationCommit.lambda$commitInternal$6,576,469761733,0
trace-16,t09,2,4,publish,jdbc_executeUpdate,DocumentPublicationModesJournal.insert,192,122793926,0
trace-16,t09,2,4,publish,jdbc_executeUpdate,DocumentPublicationPreparationJournal.insert,192,142139878,0
trace-16,t09,2,4,publish,jdbc_executeUpdate,DocumentSchemaAdmissionBinding.insert,192,157683756,0
trace-16,t09,2,4,publish,jdbc_executeUpdate,DocumentSelectedAttemptLedger.renewSelections,576,369129300,0
trace-16,t09,2,4,publish,jdbc_executeUpdate,RepositoryCoordinatorBinding.bindInitial,192,66396748,0
trace-16,t09,2,4,publish,jdbc_executeUpdate,RepositoryExecutionClaimLedger.acquireInitialChecked,192,68404575,0
trace-16,t09,2,4,publish,jdbc_executeUpdate,RepositoryExecutionClaimLedger.renewLive,384,77000302,0
trace-16,t09,2,4,publish,jdbc_executeUpdate,RepositoryOperationLedger.admitInTransaction,384,206541280,0
trace-16,t09,2,4,publish,jdbc_executeUpdate,RepositoryOperationLedger.renewLive,384,237643848,0
trace-16,t09,2,4,publish,sql_acquire,DocumentOperationUploadAdmission.captureReads,384,1446769890,0
trace-16,t09,2,4,publish,sql_acquire,DocumentOperationUploadAdmission.recheckInitialSelections,192,627586247,0
trace-16,t09,2,4,publish,sql_acquire,DocumentOperationUploadAdmission.stage,192,886562042,0
trace-16,t09,2,4,publish,sql_acquire,DocumentPublicationCommit.commitInternal,192,1035972946,0
trace-16,t09,2,4,publish,sql_acquire,DocumentPublicationModesJournal.requireObservedModes,384,2003090552,0
trace-16,t09,2,4,publish,sql_acquire,DocumentPublicationRegistration.admitInitialAccepted,192,850610852,0
trace-16,t09,2,4,publish,sql_acquire,DocumentPublicationRegistration.preflight,192,700816043,0
trace-16,t09,2,4,publish,sql_acquire,DocumentPublicationReplay.observe,384,1678334521,0
trace-16,t09,2,4,publish,sql_acquire,DocumentSchemaPolicies.read,192,804982527,0
trace-16,t09,2,4,publish,sql_acquire,DocumentSelectedAttemptLedger.renew,192,689734698,0
trace-16,t09,2,4,publish,sql_acquire,DocumentSelectedAttemptLedger.renewOwnerAndSelections,384,1612099247,0
trace-16,t09,2,4,publish,sql_acquire,RepositorySchemaArtifacts.stage,192,1030063845,0
trace-16,t09,2,4,publish,sql_usage,DocumentOperationUploadAdmission.captureReads,384,2631000000,0
trace-16,t09,2,4,publish,sql_usage,DocumentOperationUploadAdmission.recheckInitialSelections,192,1170000000,0
trace-16,t09,2,4,publish,sql_usage,DocumentOperationUploadAdmission.stage,192,2210000000,0
trace-16,t09,2,4,publish,sql_usage,DocumentPublicationCommit.commitInternal,192,5352000000,0
trace-16,t09,2,4,publish,sql_usage,DocumentPublicationModesJournal.requireObservedModes,384,2201000000,0
trace-16,t09,2,4,publish,sql_usage,DocumentPublicationRegistration.admitInitialAccepted,192,2194000000,0
trace-16,t09,2,4,publish,sql_usage,DocumentPublicationRegistration.preflight,192,56000000,0
trace-16,t09,2,4,publish,sql_usage,DocumentPublicationReplay.observe,384,30000000,0
trace-16,t09,2,4,publish,sql_usage,DocumentSchemaPolicies.read,192,22000000,0
trace-16,t09,2,4,publish,sql_usage,DocumentSelectedAttemptLedger.renew,192,1344000000,0
trace-16,t09,2,4,publish,sql_usage,DocumentSelectedAttemptLedger.renewOwnerAndSelections,384,3152000000,0
trace-16,t09,2,4,publish,sql_usage,RepositorySchemaArtifacts.stage,192,1908000000,0
trace-16,t09,2,4,read,jdbc_commit,DocumentHistoricalSchemas.authorize,256,1169765114,0
trace-16,t09,2,4,read,jdbc_commit,DocumentHistoricalSchemas.check,256,1057525581,0
trace-16,t09,2,4,read,jdbc_commit,DocumentReadLedger$PinnedHistory.authorizeDelivery,768,3639626553,0
trace-16,t09,2,4,read,jdbc_commit,DocumentReadLedger.captureHistorical,256,1046889855,0
trace-16,t09,2,4,read,jdbc_executeQuery,DocumentHistoricalReadRows.capture,512,151334967,0
trace-16,t09,2,4,read,jdbc_executeQuery,DocumentHistoricalSchemaRows.artifacts,512,120955910,0
trace-16,t09,2,4,read,jdbc_executeQuery,DocumentHistoricalSchemaRows.capture,512,236281668,0
trace-16,t09,2,4,read,jdbc_executeQuery,DocumentHistoricalSchemaRows.references,256,33108854,0
trace-16,t09,2,4,read,jdbc_executeQuery,DocumentHistoricalSchemaRows.roots,512,54878804,0
trace-16,t09,2,4,read,jdbc_executeQuery,DocumentReadLedger.lambda$captureHistorical$0,256,51206047,0
trace-16,t09,2,4,read,jdbc_executeQuery,DocumentReadPins.acquireHistorical,512,269799327,0
trace-16,t09,2,4,read,jdbc_executeQuery,DocumentRevisionLocks.lock,3072,760772645,0
trace-16,t09,2,4,read,jdbc_executeQuery,ManagedBackendLedger.requireAll,256,34375308,0
trace-16,t09,2,4,read,jdbc_executeUpdate,DocumentReadPins.acquireHistorical,256,240783478,0
trace-16,t09,2,4,read,sql_acquire,DocumentHistoricalSchemas.authorize,256,1300770089,0
trace-16,t09,2,4,read,sql_acquire,DocumentHistoricalSchemas.check,256,1355457323,0
trace-16,t09,2,4,read,sql_acquire,DocumentReadLedger$PinnedHistory.authorizeDelivery,768,3389395053,0
trace-16,t09,2,4,read,sql_acquire,DocumentReadLedger.captureHistorical,256,1299447426,0
trace-16,t09,2,4,read,sql_usage,DocumentHistoricalSchemas.authorize,256,1246000000,0
trace-16,t09,2,4,read,sql_usage,DocumentHistoricalSchemas.check,256,1678000000,0
trace-16,t09,2,4,read,sql_usage,DocumentReadLedger$PinnedHistory.authorizeDelivery,768,3827000000,0
trace-16,t09,2,4,read,sql_usage,DocumentReadLedger.captureHistorical,256,2141000000,0
trace-16,t09,2,4,reject,jdbc_commit,DocumentAssessmentCreation.createInternal,64,212113296,0
trace-16,t09,2,4,reject,jdbc_commit,DocumentAssessmentCreation.lambda$createInternal$0,64,173916887,0
trace-16,t09,2,4,reject,jdbc_commit,DocumentAssessmentDeliveryAuthorization.check,256,944157424,0
trace-16,t09,2,4,reject,jdbc_commit,DocumentAssessmentDiscovery.discover,64,206141535,0
trace-16,t09,2,4,reject,jdbc_commit,DocumentAssessmentReconciliation.observeRetained,64,224285461,0
trace-16,t09,2,4,reject,jdbc_commit,DocumentAssessmentRejections.decide,64,236827557,0
trace-16,t09,2,4,reject,jdbc_commit,DocumentAssessmentReplayInputs.load,64,7592179,0
trace-16,t09,2,4,reject,jdbc_commit,DocumentAssessmentStartJournal.startRetained,64,184896231,0
trace-16,t09,2,4,reject,jdbc_commit,DocumentOperationUploadAdmission.captureReads,128,574287611,0
trace-16,t09,2,4,reject,jdbc_commit,DocumentOperationUploadAdmission.recheckInitialSelections,64,297038483,0
trace-16,t09,2,4,reject,jdbc_commit,DocumentOperationUploadAdmission.stage,64,323317639,0
trace-16,t09,2,4,reject,jdbc_commit,DocumentPublicationModesJournal.loadRetained,128,404580743,0
trace-16,t09,2,4,reject,jdbc_commit,DocumentPublicationModesJournal.requireObservedModes,256,834443051,0
trace-16,t09,2,4,reject,jdbc_commit,DocumentPublicationPreparationJournal.load,128,414490100,0
trace-16,t09,2,4,reject,jdbc_commit,DocumentPublicationRegistration.admitInitialAccepted,64,319998291,0
trace-16,t09,2,4,reject,jdbc_commit,DocumentPublicationRegistration.preflight,128,12921932,0
trace-16,t09,2,4,reject,jdbc_commit,DocumentPublicationReplay.observe,256,428812590,0
trace-16,t09,2,4,reject,jdbc_commit,DocumentSchemaPolicies.read,64,7239622,0
trace-16,t09,2,4,reject,jdbc_commit,DocumentSelectedAttemptLedger.renew,64,285021683,0
trace-16,t09,2,4,reject,jdbc_commit,DocumentSelectedAttemptLedger.renewOwnerAndSelections,128,538899187,0
trace-16,t09,2,4,reject,jdbc_commit,RepositorySchemaArtifacts.stage,64,217379225,0
trace-16,t09,2,4,reject,jdbc_executeBatch,DocumentAssessmentCreationWrites.lambda$writeRows$0,64,40080119,0
trace-16,t09,2,4,reject,jdbc_executeQuery,DocumentAssessmentDeliveryAuthorization.lambda$check$0,1280,163686706,0
trace-16,t09,2,4,reject,jdbc_executeQuery,DocumentAssessmentDeliveryAuthorization.requireLiveReadOwner,512,74623070,0
trace-16,t09,2,4,reject,jdbc_executeQuery,DocumentAssessmentDiscovery.lambda$discover$0,128,23521500,0
trace-16,t09,2,4,reject,jdbc_executeQuery,DocumentAssessmentReadRows.capture,192,694231028,0
trace-16,t09,2,4,reject,jdbc_executeQuery,DocumentAssessmentReconciliation.verifyRetained,256,52806279,0
trace-16,t09,2,4,reject,jdbc_executeQuery,DocumentAssessmentRejections.lambda$decide$0,256,57778502,0
trace-16,t09,2,4,reject,jdbc_executeQuery,DocumentAssessmentReplayInputs.artifacts,128,52343145,0
trace-16,t09,2,4,reject,jdbc_executeQuery,DocumentAssessmentReplayInputs.policy,128,20369721,0
trace-16,t09,2,4,reject,jdbc_executeQuery,DocumentAssessmentReplayInputs.read,128,28456317,0
trace-16,t09,2,4,reject,jdbc_executeQuery,DocumentAssessmentReplayInputs.roots,128,30474563,0
trace-16,t09,2,4,reject,jdbc_executeQuery,DocumentAssessmentRetainedEvidence.verify,64,11172748,0
trace-16,t09,2,4,reject,jdbc_executeQuery,DocumentAssessmentRetainedEvidence.verifyArtifacts,64,30295046,0
trace-16,t09,2,4,reject,jdbc_executeQuery,DocumentAssessmentRetainedSlots.retainedSelections,64,19434006,0
trace-16,t09,2,4,reject,jdbc_executeQuery,DocumentAssessmentRetainedSlots.verify,256,255650457,0
trace-16,t09,2,4,reject,jdbc_executeQuery,DocumentAssessmentStartJournal.insertStartedOutcome,64,10000465,0
trace-16,t09,2,4,reject,jdbc_executeQuery,DocumentAssessmentStartJournal.lambda$startRetained$2,64,10835965,0
trace-16,t09,2,4,reject,jdbc_executeQuery,DocumentAssessmentStartJournal.requireCreation,64,24319733,0
trace-16,t09,2,4,reject,jdbc_executeQuery,DocumentCommitParts.bind,128,49404995,0
trace-16,t09,2,4,reject,jdbc_executeQuery,DocumentCommitParts.read,64,79028005,0
trace-16,t09,2,4,reject,jdbc_executeQuery,DocumentCommitParts.selections,64,21367764,0
trace-16,t09,2,4,reject,jdbc_executeQuery,DocumentDriveSnapshot.lock,128,28741975,0
trace-16,t09,2,4,reject,jdbc_executeQuery,DocumentKeyReservations.reserveEncoded,64,16409977,0
trace-16,t09,2,4,reject,jdbc_executeQuery,DocumentOperationUploadAdmission.lambda$captureReads$0,192,46915117,0
trace-16,t09,2,4,reject,jdbc_executeQuery,DocumentOperationUploadAdmission.requireInitialSelections,64,13111154,0
trace-16,t09,2,4,reject,jdbc_executeQuery,DocumentOperationUploadAdmission.writeAdmissions,128,20924456,0
trace-16,t09,2,4,reject,jdbc_executeQuery,DocumentPartAttemptLedger.lockAll,384,40249934,0
trace-16,t09,2,4,reject,jdbc_executeQuery,DocumentPartAttemptLedger.read,128,11662803,0
trace-16,t09,2,4,reject,jdbc_executeQuery,DocumentPreparationHistoryRoots.coverage,64,9134248,0
trace-16,t09,2,4,reject,jdbc_executeQuery,DocumentPublicationModesJournal.readModes,192,19525365,0
trace-16,t09,2,4,reject,jdbc_executeQuery,DocumentPublicationPreparationJournal.capture,384,37557527,0
trace-16,t09,2,4,reject,jdbc_executeQuery,DocumentPublicationReplay.observe,832,112336820,0
trace-16,t09,2,4,reject,jdbc_executeQuery,DocumentRevisionLocks.lock,2304,467240468,0
trace-16,t09,2,4,reject,jdbc_executeQuery,DocumentSchemaPolicies.lambda$read$0,64,8244443,0
trace-16,t09,2,4,reject,jdbc_executeQuery,DocumentSchemaPolicies.lockCurrent,384,36294956,0
trace-16,t09,2,4,reject,jdbc_executeQuery,DocumentSchemaPolicies.select,192,20568804,0
trace-16,t09,2,4,reject,jdbc_executeQuery,DocumentSelectedAttemptLedger.lockSelected,64,9378704,0
trace-16,t09,2,4,reject,jdbc_executeQuery,DocumentSelectedAttemptLedger.requireOwner,192,46199242,0
trace-16,t09,2,4,reject,jdbc_executeQuery,DocumentSelectedAttemptLedger.requireSelections,384,72111591,0
trace-16,t09,2,4,reject,jdbc_executeQuery,DocumentUploadAdmissionReplay.hasSelections,64,18897385,0
trace-16,t09,2,4,reject,jdbc_executeQuery,ManagedBackendLedger.find,128,13500687,0
trace-16,t09,2,4,reject,jdbc_executeQuery,ManagedBackendLedger.requireAll,64,6655566,0
trace-16,t09,2,4,reject,jdbc_executeQuery,RepositoryCoordinatorBinding.bindInitial,64,7170012,0
trace-16,t09,2,4,reject,jdbc_executeQuery,RepositoryExecutionClaimLedger.live,64,6732983,0
trace-16,t09,2,4,reject,jdbc_executeQuery,RepositoryExecutionClaimLedger.lockLive,2304,644252527,0
trace-16,t09,2,4,reject,jdbc_executeQuery,RepositoryExecutionClaimLedger.readLocked,384,35007706,0
trace-16,t09,2,4,reject,jdbc_executeQuery,RepositoryOperationLedger.fenceLiveOwner,1344,798504616,0
trace-16,t09,2,4,reject,jdbc_executeQuery,RepositoryOperationLedger.live,192,27402083,0
trace-16,t09,2,4,reject,jdbc_executeQuery,RepositoryOperationLedger.read,64,7634743,0
trace-16,t09,2,4,reject,jdbc_executeQuery,RepositoryOperationLedger.readOwner,256,27591895,0
trace-16,t09,2,4,reject,jdbc_executeQuery,RepositoryOperationLedger.requireCommand,1344,145355585,0
trace-16,t09,2,4,reject,jdbc_executeQuery,RepositorySchemaArtifacts.lambda$stage$3,256,220847639,0
trace-16,t09,2,4,reject,jdbc_executeQuery,SqlTimeouts.apply,384,48976751,0
trace-16,t09,2,4,reject,jdbc_executeUpdate,DocumentAssessmentCreationWrites.insertOwner,64,56090636,0
trace-16,t09,2,4,reject,jdbc_executeUpdate,DocumentAssessmentCreationWrites.lambda$writeRows$1,64,52355198,0
trace-16,t09,2,4,reject,jdbc_executeUpdate,DocumentAssessmentCreationWrites.writeRows,448,647283829,0
trace-16,t09,2,4,reject,jdbc_executeUpdate,DocumentAssessmentReconciliation.verifyRetained,64,46142720,0
trace-16,t09,2,4,reject,jdbc_executeUpdate,DocumentAssessmentRejections.lambda$decide$0,64,47610398,0
trace-16,t09,2,4,reject,jdbc_executeUpdate,DocumentAssessmentStartJournal.insertStartedOutcome,64,63774027,0
trace-16,t09,2,4,reject,jdbc_executeUpdate,DocumentOperationSelection.insert,64,62688587,0
trace-16,t09,2,4,reject,jdbc_executeUpdate,DocumentOperationUploadAdmission.writeAdmissions,128,72087396,0
trace-16,t09,2,4,reject,jdbc_executeUpdate,DocumentPartAttemptLedger.insertEncodedRows,64,53819918,0
trace-16,t09,2,4,reject,jdbc_executeUpdate,DocumentPreparationCoverageCertificates.insert,64,24542534,0
trace-16,t09,2,4,reject,jdbc_executeUpdate,DocumentPreparationHistoryRoots.insert,128,41206844,0
trace-16,t09,2,4,reject,jdbc_executeUpdate,DocumentPublicationModesJournal.insert,64,40666459,0
trace-16,t09,2,4,reject,jdbc_executeUpdate,DocumentPublicationPreparationJournal.insert,64,49632484,0
trace-16,t09,2,4,reject,jdbc_executeUpdate,DocumentSelectedAttemptLedger.renewSelections,192,116810234,0
trace-16,t09,2,4,reject,jdbc_executeUpdate,RepositoryCoordinatorBinding.bindInitial,64,21894864,0
trace-16,t09,2,4,reject,jdbc_executeUpdate,RepositoryExecutionClaimLedger.acquireInitialChecked,64,22321910,0
trace-16,t09,2,4,reject,jdbc_executeUpdate,RepositoryExecutionClaimLedger.renewLive,128,26794393,0
trace-16,t09,2,4,reject,jdbc_executeUpdate,RepositoryOperationLedger.admitInTransaction,128,68102136,0
trace-16,t09,2,4,reject,jdbc_executeUpdate,RepositoryOperationLedger.renewLive,128,88767882,0
trace-16,t09,2,4,reject,sql_acquire,DocumentAssessmentCreation.createInternal,64,289231641,0
trace-16,t09,2,4,reject,sql_acquire,DocumentAssessmentCreation.lambda$createInternal$0,64,307297368,0
trace-16,t09,2,4,reject,sql_acquire,DocumentAssessmentDeliveryAuthorization.check,256,1182030124,0
trace-16,t09,2,4,reject,sql_acquire,DocumentAssessmentDiscovery.discover,64,259194572,0
trace-16,t09,2,4,reject,sql_acquire,DocumentAssessmentReconciliation.observeRetained,64,313419472,0
trace-16,t09,2,4,reject,sql_acquire,DocumentAssessmentRejections.decide,64,351466338,0
trace-16,t09,2,4,reject,sql_acquire,DocumentAssessmentReplayInputs.load,64,274209468,0
trace-16,t09,2,4,reject,sql_acquire,DocumentAssessmentStartJournal.startRetained,64,302579100,0
trace-16,t09,2,4,reject,sql_acquire,DocumentOperationUploadAdmission.captureReads,128,428586821,0
trace-16,t09,2,4,reject,sql_acquire,DocumentOperationUploadAdmission.recheckInitialSelections,64,165717292,0
trace-16,t09,2,4,reject,sql_acquire,DocumentOperationUploadAdmission.stage,64,244440840,0
trace-16,t09,2,4,reject,sql_acquire,DocumentPublicationModesJournal.loadRetained,128,540238323,0
trace-16,t09,2,4,reject,sql_acquire,DocumentPublicationModesJournal.requireObservedModes,256,972266097,0
trace-16,t09,2,4,reject,sql_acquire,DocumentPublicationPreparationJournal.load,128,558371378,0
trace-16,t09,2,4,reject,sql_acquire,DocumentPublicationRegistration.admitInitialAccepted,64,269866722,0
trace-16,t09,2,4,reject,sql_acquire,DocumentPublicationRegistration.preflight,128,556232756,0
trace-16,t09,2,4,reject,sql_acquire,DocumentPublicationReplay.observe,256,1367505421,0
trace-16,t09,2,4,reject,sql_acquire,DocumentSchemaPolicies.read,64,227433845,0
trace-16,t09,2,4,reject,sql_acquire,DocumentSelectedAttemptLedger.renew,64,174404445,0
trace-16,t09,2,4,reject,sql_acquire,DocumentSelectedAttemptLedger.renewOwnerAndSelections,128,405508230,0
trace-16,t09,2,4,reject,sql_acquire,RepositorySchemaArtifacts.stage,64,249687194,0
trace-16,t09,2,4,reject,sql_usage,DocumentAssessmentCreation.createInternal,64,1526000000,0
trace-16,t09,2,4,reject,sql_usage,DocumentAssessmentCreation.lambda$createInternal$0,64,270000000,0
trace-16,t09,2,4,reject,sql_usage,DocumentAssessmentDeliveryAuthorization.check,256,1336000000,0
trace-16,t09,2,4,reject,sql_usage,DocumentAssessmentDiscovery.discover,64,391000000,0
trace-16,t09,2,4,reject,sql_usage,DocumentAssessmentReconciliation.observeRetained,64,1586000000,0
trace-16,t09,2,4,reject,sql_usage,DocumentAssessmentRejections.decide,64,617000000,0
trace-16,t09,2,4,reject,sql_usage,DocumentAssessmentReplayInputs.load,64,252000000,0
trace-16,t09,2,4,reject,sql_usage,DocumentAssessmentStartJournal.startRetained,64,348000000,0
trace-16,t09,2,4,reject,sql_usage,DocumentOperationUploadAdmission.captureReads,128,838000000,0
trace-16,t09,2,4,reject,sql_usage,DocumentOperationUploadAdmission.recheckInitialSelections,64,382000000,0
trace-16,t09,2,4,reject,sql_usage,DocumentOperationUploadAdmission.stage,64,769000000,0
trace-16,t09,2,4,reject,sql_usage,DocumentPublicationModesJournal.loadRetained,128,406000000,0
trace-16,t09,2,4,reject,sql_usage,DocumentPublicationModesJournal.requireObservedModes,256,1139000000,0
trace-16,t09,2,4,reject,sql_usage,DocumentPublicationPreparationJournal.load,128,434000000,0
trace-16,t09,2,4,reject,sql_usage,DocumentPublicationRegistration.admitInitialAccepted,64,764000000,0
trace-16,t09,2,4,reject,sql_usage,DocumentPublicationRegistration.preflight,128,36000000,0
trace-16,t09,2,4,reject,sql_usage,DocumentPublicationReplay.observe,256,527000000,0
trace-16,t09,2,4,reject,sql_usage,DocumentSchemaPolicies.read,64,7000000,0
trace-16,t09,2,4,reject,sql_usage,DocumentSelectedAttemptLedger.renew,64,445000000,0
trace-16,t09,2,4,reject,sql_usage,DocumentSelectedAttemptLedger.renewOwnerAndSelections,128,1038000000,0
trace-16,t09,2,4,reject,sql_usage,RepositorySchemaArtifacts.stage,64,561000000,0
trace-16,t09,2,4,replay,jdbc_commit,DocumentPublicationReplay.observe,256,1133004191,0
trace-16,t09,2,4,replay,jdbc_executeQuery,DocumentPublicationReplay.observe,768,103546038,0
trace-16,t09,2,4,replay,jdbc_executeQuery,DocumentPublicationReplay.requireRevisions,192,40780643,0
trace-16,t09,2,4,replay,jdbc_executeQuery,DocumentRevisionLocks.lock,512,107181527,0
trace-16,t09,2,4,replay,jdbc_executeQuery,RepositoryOperationLedger.requireCommand,256,29978414,0
trace-16,t09,2,4,replay,sql_acquire,DocumentPublicationReplay.observe,256,1487703402,0
trace-16,t09,2,4,replay,sql_usage,DocumentPublicationReplay.observe,256,1472000000,0
trace-16,t09,2,4,unscoped,jdbc_commit,DocumentAssessmentReadProtection.finish,61,270541546,0
trace-16,t09,2,4,unscoped,jdbc_commit,DocumentReadPins.finish,256,1280075363,0
trace-16,t09,2,4,unscoped,jdbc_commit,DocumentSelectedAttemptLedger.verifyBatch,256,1235902732,0
trace-16,t09,2,4,unscoped,jdbc_executeQuery,DocumentAssessmentReadProtection.lambda$finish$0,61,33639993,0
trace-16,t09,2,4,unscoped,jdbc_executeQuery,DocumentPartAttemptLedger.read,512,57374418,0
trace-16,t09,2,4,unscoped,jdbc_executeQuery,DocumentReadPins.lambda$finish$0,256,313635211,0
trace-16,t09,2,4,unscoped,jdbc_executeQuery,DocumentSelectedAttemptLedger.lockSelected,512,78780472,0
trace-16,t09,2,4,unscoped,jdbc_executeQuery,DocumentSelectedAttemptLedger.requireOwner,256,57072362,0
trace-16,t09,2,4,unscoped,jdbc_executeQuery,RepositoryExecutionClaimLedger.lockLive,256,76283267,0
trace-16,t09,2,4,unscoped,jdbc_executeQuery,RepositoryOperationLedger.fenceLiveOwner,256,161641728,0
trace-16,t09,2,4,unscoped,jdbc_executeQuery,SqlTimeouts.apply,256,35741828,0
trace-16,t09,2,4,unscoped,jdbc_executeUpdate,DocumentSelectedAttemptLedger.verifyBatch,512,348878682,0
trace-16,t09,2,4,unscoped,provider_getBounded,DocumentPartTransfer.upload,256,621822287,0
trace-16,t09,2,4,unscoped,provider_getBounded,outside_ledger,320,908681808,0
trace-16,t09,2,4,unscoped,provider_put,DocumentPartTransfer.upload,256,18372397276,0
trace-16,t09,2,4,unscoped,sql_acquire,DocumentAssessmentReadProtection.finish,61,272404319,0
trace-16,t09,2,4,unscoped,sql_acquire,DocumentReadPins.finish,256,1219849959,0
trace-16,t09,2,4,unscoped,sql_acquire,DocumentSelectedAttemptLedger.verifyBatch,256,737251024,0
trace-16,t09,2,4,unscoped,sql_usage,DocumentAssessmentReadProtection.finish,61,283000000,0
trace-16,t09,2,4,unscoped,sql_usage,DocumentReadPins.finish,256,1493000000,0
trace-16,t09,2,4,unscoped,sql_usage,DocumentSelectedAttemptLedger.verifyBatch,256,2066000000,0
trace-16,t10,4,8,publish,jdbc_commit,DocumentOperationUploadAdmission.captureReads,384,1624540573,0
trace-16,t10,4,8,publish,jdbc_commit,DocumentOperationUploadAdmission.recheckInitialSelections,192,845949069,0
trace-16,t10,4,8,publish,jdbc_commit,DocumentOperationUploadAdmission.stage,192,834142103,0
trace-16,t10,4,8,publish,jdbc_commit,DocumentPublicationCommit.commitInternal,192,836976813,0
trace-16,t10,4,8,publish,jdbc_commit,DocumentPublicationModesJournal.requireObservedModes,384,1481914513,0
trace-16,t10,4,8,publish,jdbc_commit,DocumentPublicationRegistration.admitInitialAccepted,192,835828061,0
trace-16,t10,4,8,publish,jdbc_commit,DocumentPublicationRegistration.preflight,192,31965537,0
trace-16,t10,4,8,publish,jdbc_commit,DocumentPublicationReplay.observe,384,54066528,0
trace-16,t10,4,8,publish,jdbc_commit,DocumentSchemaPolicies.read,192,30373268,0
trace-16,t10,4,8,publish,jdbc_commit,DocumentSelectedAttemptLedger.renew,192,866092339,0
trace-16,t10,4,8,publish,jdbc_commit,DocumentSelectedAttemptLedger.renewOwnerAndSelections,384,1698373833,0
trace-16,t10,4,8,publish,jdbc_commit,RepositorySchemaArtifacts.stage,192,768856897,0
trace-16,t10,4,8,publish,jdbc_executeBatch,DocumentSchemaRetention.flush,576,696325426,0
trace-16,t10,4,8,publish,jdbc_executeQuery,DocumentAdmissionSnapshot.prepare,192,101715548,0
trace-16,t10,4,8,publish,jdbc_executeQuery,DocumentCommitParts.bind,192,59248149,0
trace-16,t10,4,8,publish,jdbc_executeQuery,DocumentCommitParts.read,192,324661200,0
trace-16,t10,4,8,publish,jdbc_executeQuery,DocumentCommitParts.selections,192,104016212,0
trace-16,t10,4,8,publish,jdbc_executeQuery,DocumentCommitWriter.write,384,79806114,0
trace-16,t10,4,8,publish,jdbc_executeQuery,DocumentDriveSnapshot.lock,384,74999223,0
trace-16,t10,4,8,publish,jdbc_executeQuery,DocumentKeyReservations.reserveEncoded,192,72814219,0
trace-16,t10,4,8,publish,jdbc_executeQuery,DocumentOperationUploadAdmission.lambda$captureReads$0,576,189074921,0
trace-16,t10,4,8,publish,jdbc_executeQuery,DocumentOperationUploadAdmission.requireInitialSelections,192,85957825,0
trace-16,t10,4,8,publish,jdbc_executeQuery,DocumentOperationUploadAdmission.writeAdmissions,384,94439313,0
trace-16,t10,4,8,publish,jdbc_executeQuery,DocumentPartAttemptLedger.lockAll,1152,166782027,0
trace-16,t10,4,8,publish,jdbc_executeQuery,DocumentPartAttemptLedger.read,384,68094947,0
trace-16,t10,4,8,publish,jdbc_executeQuery,DocumentPreparationHistoryRoots.coverage,192,55309302,0
trace-16,t10,4,8,publish,jdbc_executeQuery,DocumentPublicationLocks$IndependentOrigins.requireScope,384,59004032,0
trace-16,t10,4,8,publish,jdbc_executeQuery,DocumentPublicationLocks.lockIndependentOrigins,960,209026474,0
trace-16,t10,4,8,publish,jdbc_executeQuery,DocumentPublicationLocks.lockIndependentRetention,192,51568468,0
trace-16,t10,4,8,publish,jdbc_executeQuery,DocumentPublicationModeBinding.require,192,73292351,0
trace-16,t10,4,8,publish,jdbc_executeQuery,DocumentPublicationModesJournal.readModes,192,57584792,0
trace-16,t10,4,8,publish,jdbc_executeQuery,DocumentPublicationPreparationJournal.capture,384,63325297,0
trace-16,t10,4,8,publish,jdbc_executeQuery,DocumentPublicationReplay.observe,768,183250487,0
trace-16,t10,4,8,publish,jdbc_executeQuery,DocumentRevisionLocks.lock,2304,655181560,0
trace-16,t10,4,8,publish,jdbc_executeQuery,DocumentSchemaBatch.lockArtifacts,960,226974917,0
trace-16,t10,4,8,publish,jdbc_executeQuery,DocumentSchemaPolicies.lambda$read$0,192,34871146,0
trace-16,t10,4,8,publish,jdbc_executeQuery,DocumentSchemaPolicies.lockCurrent,576,97161248,0
trace-16,t10,4,8,publish,jdbc_executeQuery,DocumentSchemaPolicies.select,384,70896675,0
trace-16,t10,4,8,publish,jdbc_executeQuery,DocumentSchemaRetention.requireFragments,192,123204809,0
trace-16,t10,4,8,publish,jdbc_executeQuery,DocumentSchemaRetention.requireRevision,192,56843460,0
trace-16,t10,4,8,publish,jdbc_executeQuery,DocumentSchemaRetention.write,192,67062404,0
trace-16,t10,4,8,publish,jdbc_executeQuery,DocumentSelectedAttemptLedger.lockSelected,192,60241835,0
trace-16,t10,4,8,publish,jdbc_executeQuery,DocumentSelectedAttemptLedger.requireOwner,576,177098572,0
trace-16,t10,4,8,publish,jdbc_executeQuery,DocumentSelectedAttemptLedger.requireSelections,1152,285380794,0
trace-16,t10,4,8,publish,jdbc_executeQuery,DocumentUploadAdmissionReplay.hasSelections,192,37291524,0
trace-16,t10,4,8,publish,jdbc_executeQuery,ManagedBackendLedger.find,384,67663152,0
trace-16,t10,4,8,publish,jdbc_executeQuery,RepositoryCoordinatorBinding.bindInitial,192,32797946,0
trace-16,t10,4,8,publish,jdbc_executeQuery,RepositoryExecutionClaimLedger.live,192,40275668,0
trace-16,t10,4,8,publish,jdbc_executeQuery,RepositoryExecutionClaimLedger.lockLive,3456,1290694381,0
trace-16,t10,4,8,publish,jdbc_executeQuery,RepositoryExecutionClaimLedger.readLocked,1152,159211212,0
trace-16,t10,4,8,publish,jdbc_executeQuery,RepositoryOperationLedger.fenceLiveOwner,1920,1515697767,0
trace-16,t10,4,8,publish,jdbc_executeQuery,RepositoryOperationLedger.live,576,117584943,0
trace-16,t10,4,8,publish,jdbc_executeQuery,RepositoryOperationLedger.read,192,48056289,0
trace-16,t10,4,8,publish,jdbc_executeQuery,RepositoryOperationLedger.readOwner,768,114472731,0
trace-16,t10,4,8,publish,jdbc_executeQuery,RepositoryOperationLedger.requireCommand,1920,326852668,0
trace-16,t10,4,8,publish,jdbc_executeQuery,RepositorySchemaArtifacts.lambda$stage$3,768,880518854,0
trace-16,t10,4,8,publish,jdbc_executeQuery,SqlTimeouts.apply,1152,191453787,0
trace-16,t10,4,8,publish,jdbc_executeUpdate,DocumentCommitWriter.write,1344,1333733066,0
trace-16,t10,4,8,publish,jdbc_executeUpdate,DocumentOperationSelection.insert,192,268749027,0
trace-16,t10,4,8,publish,jdbc_executeUpdate,DocumentOperationUploadAdmission.writeAdmissions,384,315400448,0
trace-16,t10,4,8,publish,jdbc_executeUpdate,DocumentPartAttemptLedger.insertEncodedRows,192,217452648,0
trace-16,t10,4,8,publish,jdbc_executeUpdate,DocumentPreparationCoverageCertificates.insert,192,118136847,0
trace-16,t10,4,8,publish,jdbc_executeUpdate,DocumentPreparationHistoryRoots.insert,384,197542120,0
trace-16,t10,4,8,publish,jdbc_executeUpdate,DocumentPublicationCommit.lambda$commitInternal$6,576,805558957,0
trace-16,t10,4,8,publish,jdbc_executeUpdate,DocumentPublicationModesJournal.insert,192,182396886,0
trace-16,t10,4,8,publish,jdbc_executeUpdate,DocumentPublicationPreparationJournal.insert,192,205505310,0
trace-16,t10,4,8,publish,jdbc_executeUpdate,DocumentSchemaAdmissionBinding.insert,192,229632387,0
trace-16,t10,4,8,publish,jdbc_executeUpdate,DocumentSelectedAttemptLedger.renewSelections,576,461016328,0
trace-16,t10,4,8,publish,jdbc_executeUpdate,RepositoryCoordinatorBinding.bindInitial,192,104012506,0
trace-16,t10,4,8,publish,jdbc_executeUpdate,RepositoryExecutionClaimLedger.acquireInitialChecked,192,101058131,0
trace-16,t10,4,8,publish,jdbc_executeUpdate,RepositoryExecutionClaimLedger.renewLive,384,106392685,0
trace-16,t10,4,8,publish,jdbc_executeUpdate,RepositoryOperationLedger.admitInTransaction,384,292568328,0
trace-16,t10,4,8,publish,jdbc_executeUpdate,RepositoryOperationLedger.renewLive,384,283400900,0
trace-16,t10,4,8,publish,sql_acquire,DocumentOperationUploadAdmission.captureReads,384,1213306,0
trace-16,t10,4,8,publish,sql_acquire,DocumentOperationUploadAdmission.recheckInitialSelections,192,556977,0
trace-16,t10,4,8,publish,sql_acquire,DocumentOperationUploadAdmission.stage,192,608725,0
trace-16,t10,4,8,publish,sql_acquire,DocumentPublicationCommit.commitInternal,192,645299,0
trace-16,t10,4,8,publish,sql_acquire,DocumentPublicationModesJournal.requireObservedModes,384,1331446,0
trace-16,t10,4,8,publish,sql_acquire,DocumentPublicationRegistration.admitInitialAccepted,192,964524,0
trace-16,t10,4,8,publish,sql_acquire,DocumentPublicationRegistration.preflight,192,374804,0
trace-16,t10,4,8,publish,sql_acquire,DocumentPublicationReplay.observe,384,1024638,0
trace-16,t10,4,8,publish,sql_acquire,DocumentSchemaPolicies.read,192,500071,0
trace-16,t10,4,8,publish,sql_acquire,DocumentSelectedAttemptLedger.renew,192,981582,0
trace-16,t10,4,8,publish,sql_acquire,DocumentSelectedAttemptLedger.renewOwnerAndSelections,384,1059850,0
trace-16,t10,4,8,publish,sql_acquire,RepositorySchemaArtifacts.stage,192,747115,0
trace-16,t10,4,8,publish,sql_usage,DocumentOperationUploadAdmission.captureReads,384,2699000000,0
trace-16,t10,4,8,publish,sql_usage,DocumentOperationUploadAdmission.recheckInitialSelections,192,1223000000,0
trace-16,t10,4,8,publish,sql_usage,DocumentOperationUploadAdmission.stage,192,2726000000,0
trace-16,t10,4,8,publish,sql_usage,DocumentPublicationCommit.commitInternal,192,7974000000,0
trace-16,t10,4,8,publish,sql_usage,DocumentPublicationModesJournal.requireObservedModes,384,2214000000,0
trace-16,t10,4,8,publish,sql_usage,DocumentPublicationRegistration.admitInitialAccepted,192,2958000000,0
trace-16,t10,4,8,publish,sql_usage,DocumentPublicationRegistration.preflight,192,164000000,0
trace-16,t10,4,8,publish,sql_usage,DocumentPublicationReplay.observe,384,120000000,0
trace-16,t10,4,8,publish,sql_usage,DocumentSchemaPolicies.read,192,90000000,0
trace-16,t10,4,8,publish,sql_usage,DocumentSelectedAttemptLedger.renew,192,1519000000,0
trace-16,t10,4,8,publish,sql_usage,DocumentSelectedAttemptLedger.renewOwnerAndSelections,384,3754000000,0
trace-16,t10,4,8,publish,sql_usage,RepositorySchemaArtifacts.stage,192,2269000000,0
trace-16,t10,4,8,read,jdbc_commit,DocumentHistoricalSchemas.authorize,256,931363196,0
trace-16,t10,4,8,read,jdbc_commit,DocumentHistoricalSchemas.check,256,868870784,0
trace-16,t10,4,8,read,jdbc_commit,DocumentReadLedger$PinnedHistory.authorizeDelivery,768,3027554126,0
trace-16,t10,4,8,read,jdbc_commit,DocumentReadLedger.captureHistorical,256,1068346049,0
trace-16,t10,4,8,read,jdbc_executeQuery,DocumentHistoricalReadRows.capture,512,394455623,0
trace-16,t10,4,8,read,jdbc_executeQuery,DocumentHistoricalSchemaRows.artifacts,512,191020112,0
trace-16,t10,4,8,read,jdbc_executeQuery,DocumentHistoricalSchemaRows.capture,512,421883748,0
trace-16,t10,4,8,read,jdbc_executeQuery,DocumentHistoricalSchemaRows.references,256,58422131,0
trace-16,t10,4,8,read,jdbc_executeQuery,DocumentHistoricalSchemaRows.roots,512,104598100,0
trace-16,t10,4,8,read,jdbc_executeQuery,DocumentReadLedger.lambda$captureHistorical$0,256,71579048,0
trace-16,t10,4,8,read,jdbc_executeQuery,DocumentReadPins.acquireHistorical,512,406377901,0
trace-16,t10,4,8,read,jdbc_executeQuery,DocumentRevisionLocks.lock,3072,1019156330,0
trace-16,t10,4,8,read,jdbc_executeQuery,ManagedBackendLedger.requireAll,256,60177123,0
trace-16,t10,4,8,read,jdbc_executeUpdate,DocumentReadPins.acquireHistorical,256,378019593,0
trace-16,t10,4,8,read,sql_acquire,DocumentHistoricalSchemas.authorize,256,889471,0
trace-16,t10,4,8,read,sql_acquire,DocumentHistoricalSchemas.check,256,718784,0
trace-16,t10,4,8,read,sql_acquire,DocumentReadLedger$PinnedHistory.authorizeDelivery,768,2506213,0
trace-16,t10,4,8,read,sql_acquire,DocumentReadLedger.captureHistorical,256,6071667,0
trace-16,t10,4,8,read,sql_usage,DocumentHistoricalSchemas.authorize,256,1074000000,0
trace-16,t10,4,8,read,sql_usage,DocumentHistoricalSchemas.check,256,1943000000,0
trace-16,t10,4,8,read,sql_usage,DocumentReadLedger$PinnedHistory.authorizeDelivery,768,3467000000,0
trace-16,t10,4,8,read,sql_usage,DocumentReadLedger.captureHistorical,256,2961000000,0
trace-16,t10,4,8,reject,jdbc_commit,DocumentAssessmentCreation.createInternal,64,208784686,0
trace-16,t10,4,8,reject,jdbc_commit,DocumentAssessmentCreation.lambda$createInternal$0,64,191303957,0
trace-16,t10,4,8,reject,jdbc_commit,DocumentAssessmentDeliveryAuthorization.check,256,830262913,0
trace-16,t10,4,8,reject,jdbc_commit,DocumentAssessmentDiscovery.discover,64,216154758,0
trace-16,t10,4,8,reject,jdbc_commit,DocumentAssessmentReconciliation.observeRetained,64,224815868,0
trace-16,t10,4,8,reject,jdbc_commit,DocumentAssessmentRejections.decide,64,194295268,0
trace-16,t10,4,8,reject,jdbc_commit,DocumentAssessmentReplayInputs.load,64,11719045,0
trace-16,t10,4,8,reject,jdbc_commit,DocumentAssessmentStartJournal.startRetained,64,182827886,0
trace-16,t10,4,8,reject,jdbc_commit,DocumentOperationUploadAdmission.captureReads,128,559203444,0
trace-16,t10,4,8,reject,jdbc_commit,DocumentOperationUploadAdmission.recheckInitialSelections,64,295576116,0
trace-16,t10,4,8,reject,jdbc_commit,DocumentOperationUploadAdmission.stage,64,308978540,0
trace-16,t10,4,8,reject,jdbc_commit,DocumentPublicationModesJournal.loadRetained,128,451395701,0
trace-16,t10,4,8,reject,jdbc_commit,DocumentPublicationModesJournal.requireObservedModes,256,842345116,0
trace-16,t10,4,8,reject,jdbc_commit,DocumentPublicationPreparationJournal.load,128,398717914,0
trace-16,t10,4,8,reject,jdbc_commit,DocumentPublicationRegistration.admitInitialAccepted,64,290283198,0
trace-16,t10,4,8,reject,jdbc_commit,DocumentPublicationRegistration.preflight,128,18693234,0
trace-16,t10,4,8,reject,jdbc_commit,DocumentPublicationReplay.observe,256,481451751,0
trace-16,t10,4,8,reject,jdbc_commit,DocumentSchemaPolicies.read,64,8033305,0
trace-16,t10,4,8,reject,jdbc_commit,DocumentSelectedAttemptLedger.renew,64,283151194,0
trace-16,t10,4,8,reject,jdbc_commit,DocumentSelectedAttemptLedger.renewOwnerAndSelections,128,536605425,0
trace-16,t10,4,8,reject,jdbc_commit,RepositorySchemaArtifacts.stage,64,214864433,0
trace-16,t10,4,8,reject,jdbc_executeBatch,DocumentAssessmentCreationWrites.lambda$writeRows$0,64,56768731,0
trace-16,t10,4,8,reject,jdbc_executeQuery,DocumentAssessmentDeliveryAuthorization.lambda$check$0,1280,285992092,0
trace-16,t10,4,8,reject,jdbc_executeQuery,DocumentAssessmentDeliveryAuthorization.requireLiveReadOwner,512,124036261,0
trace-16,t10,4,8,reject,jdbc_executeQuery,DocumentAssessmentDiscovery.lambda$discover$0,128,36494949,0
trace-16,t10,4,8,reject,jdbc_executeQuery,DocumentAssessmentReadRows.capture,192,881393046,0
trace-16,t10,4,8,reject,jdbc_executeQuery,DocumentAssessmentReconciliation.verifyRetained,256,72171973,0
trace-16,t10,4,8,reject,jdbc_executeQuery,DocumentAssessmentRejections.lambda$decide$0,256,69993539,0
trace-16,t10,4,8,reject,jdbc_executeQuery,DocumentAssessmentReplayInputs.artifacts,128,79602855,0
trace-16,t10,4,8,reject,jdbc_executeQuery,DocumentAssessmentReplayInputs.policy,128,33928360,0
trace-16,t10,4,8,reject,jdbc_executeQuery,DocumentAssessmentReplayInputs.read,128,40702266,0
trace-16,t10,4,8,reject,jdbc_executeQuery,DocumentAssessmentReplayInputs.roots,128,42242278,0
trace-16,t10,4,8,reject,jdbc_executeQuery,DocumentAssessmentRetainedEvidence.verify,64,19315842,0
trace-16,t10,4,8,reject,jdbc_executeQuery,DocumentAssessmentRetainedEvidence.verifyArtifacts,64,41318016,0
trace-16,t10,4,8,reject,jdbc_executeQuery,DocumentAssessmentRetainedSlots.retainedSelections,64,28538177,0
trace-16,t10,4,8,reject,jdbc_executeQuery,DocumentAssessmentRetainedSlots.verify,256,361930547,0
trace-16,t10,4,8,reject,jdbc_executeQuery,DocumentAssessmentStartJournal.insertStartedOutcome,64,16472792,0
trace-16,t10,4,8,reject,jdbc_executeQuery,DocumentAssessmentStartJournal.lambda$startRetained$2,64,18398510,0
trace-16,t10,4,8,reject,jdbc_executeQuery,DocumentAssessmentStartJournal.requireCreation,64,47505467,0
trace-16,t10,4,8,reject,jdbc_executeQuery,DocumentCommitParts.bind,128,59058326,0
trace-16,t10,4,8,reject,jdbc_executeQuery,DocumentCommitParts.read,64,103089955,0
trace-16,t10,4,8,reject,jdbc_executeQuery,DocumentCommitParts.selections,64,27447430,0
trace-16,t10,4,8,reject,jdbc_executeQuery,DocumentDriveSnapshot.lock,128,22510407,0
trace-16,t10,4,8,reject,jdbc_executeQuery,DocumentKeyReservations.reserveEncoded,64,22056085,0
trace-16,t10,4,8,reject,jdbc_executeQuery,DocumentOperationUploadAdmission.lambda$captureReads$0,192,56956188,0
trace-16,t10,4,8,reject,jdbc_executeQuery,DocumentOperationUploadAdmission.requireInitialSelections,64,20256096,0
trace-16,t10,4,8,reject,jdbc_executeQuery,DocumentOperationUploadAdmission.writeAdmissions,128,27468804,0
trace-16,t10,4,8,reject,jdbc_executeQuery,DocumentPartAttemptLedger.lockAll,384,53595352,0
trace-16,t10,4,8,reject,jdbc_executeQuery,DocumentPartAttemptLedger.read,128,18635991,0
trace-16,t10,4,8,reject,jdbc_executeQuery,DocumentPreparationHistoryRoots.coverage,64,15491350,0
trace-16,t10,4,8,reject,jdbc_executeQuery,DocumentPublicationModesJournal.readModes,192,28878409,0
trace-16,t10,4,8,reject,jdbc_executeQuery,DocumentPublicationPreparationJournal.capture,384,55614377,0
trace-16,t10,4,8,reject,jdbc_executeQuery,DocumentPublicationReplay.observe,832,145501482,0
trace-16,t10,4,8,reject,jdbc_executeQuery,DocumentRevisionLocks.lock,2304,596592289,0
trace-16,t10,4,8,reject,jdbc_executeQuery,DocumentSchemaPolicies.lambda$read$0,64,12008582,0
trace-16,t10,4,8,reject,jdbc_executeQuery,DocumentSchemaPolicies.lockCurrent,384,48352154,0
trace-16,t10,4,8,reject,jdbc_executeQuery,DocumentSchemaPolicies.select,192,29947040,0
trace-16,t10,4,8,reject,jdbc_executeQuery,DocumentSelectedAttemptLedger.lockSelected,64,14186485,0
trace-16,t10,4,8,reject,jdbc_executeQuery,DocumentSelectedAttemptLedger.requireOwner,192,57943964,0
trace-16,t10,4,8,reject,jdbc_executeQuery,DocumentSelectedAttemptLedger.requireSelections,384,91421021,0
trace-16,t10,4,8,reject,jdbc_executeQuery,DocumentUploadAdmissionReplay.hasSelections,64,10957552,0
trace-16,t10,4,8,reject,jdbc_executeQuery,ManagedBackendLedger.find,128,19147730,0
trace-16,t10,4,8,reject,jdbc_executeQuery,ManagedBackendLedger.requireAll,64,18598935,0
trace-16,t10,4,8,reject,jdbc_executeQuery,RepositoryCoordinatorBinding.bindInitial,64,9948272,0
trace-16,t10,4,8,reject,jdbc_executeQuery,RepositoryExecutionClaimLedger.live,64,9793406,0
trace-16,t10,4,8,reject,jdbc_executeQuery,RepositoryExecutionClaimLedger.lockLive,2304,843013800,0
trace-16,t10,4,8,reject,jdbc_executeQuery,RepositoryExecutionClaimLedger.readLocked,384,42695975,0
trace-16,t10,4,8,reject,jdbc_executeQuery,RepositoryOperationLedger.fenceLiveOwner,1344,1030944927,0
trace-16,t10,4,8,reject,jdbc_executeQuery,RepositoryOperationLedger.live,192,36602352,0
trace-16,t10,4,8,reject,jdbc_executeQuery,RepositoryOperationLedger.read,64,14172071,0
trace-16,t10,4,8,reject,jdbc_executeQuery,RepositoryOperationLedger.readOwner,256,33699085,0
trace-16,t10,4,8,reject,jdbc_executeQuery,RepositoryOperationLedger.requireCommand,1344,201001558,0
trace-16,t10,4,8,reject,jdbc_executeQuery,RepositorySchemaArtifacts.lambda$stage$3,256,291079441,0
trace-16,t10,4,8,reject,jdbc_executeQuery,SqlTimeouts.apply,384,60248276,0
trace-16,t10,4,8,reject,jdbc_executeUpdate,DocumentAssessmentCreationWrites.insertOwner,64,83127060,0
trace-16,t10,4,8,reject,jdbc_executeUpdate,DocumentAssessmentCreationWrites.lambda$writeRows$1,64,97309812,0
trace-16,t10,4,8,reject,jdbc_executeUpdate,DocumentAssessmentCreationWrites.writeRows,448,1280145426,0
trace-16,t10,4,8,reject,jdbc_executeUpdate,DocumentAssessmentReconciliation.verifyRetained,64,71958202,0
trace-16,t10,4,8,reject,jdbc_executeUpdate,DocumentAssessmentRejections.lambda$decide$0,64,75996279,0
trace-16,t10,4,8,reject,jdbc_executeUpdate,DocumentAssessmentStartJournal.insertStartedOutcome,64,87104497,0
trace-16,t10,4,8,reject,jdbc_executeUpdate,DocumentOperationSelection.insert,64,80462161,0
trace-16,t10,4,8,reject,jdbc_executeUpdate,DocumentOperationUploadAdmission.writeAdmissions,128,98604710,0
trace-16,t10,4,8,reject,jdbc_executeUpdate,DocumentPartAttemptLedger.insertEncodedRows,64,69964948,0
trace-16,t10,4,8,reject,jdbc_executeUpdate,DocumentPreparationCoverageCertificates.insert,64,36008793,0
trace-16,t10,4,8,reject,jdbc_executeUpdate,DocumentPreparationHistoryRoots.insert,128,57713317,0
trace-16,t10,4,8,reject,jdbc_executeUpdate,DocumentPublicationModesJournal.insert,64,55668761,0
trace-16,t10,4,8,reject,jdbc_executeUpdate,DocumentPublicationPreparationJournal.insert,64,64307791,0
trace-16,t10,4,8,reject,jdbc_executeUpdate,DocumentSelectedAttemptLedger.renewSelections,192,146966827,0
trace-16,t10,4,8,reject,jdbc_executeUpdate,RepositoryCoordinatorBinding.bindInitial,64,30072853,0
trace-16,t10,4,8,reject,jdbc_executeUpdate,RepositoryExecutionClaimLedger.acquireInitialChecked,64,26485642,0
trace-16,t10,4,8,reject,jdbc_executeUpdate,RepositoryExecutionClaimLedger.renewLive,128,33150623,0
trace-16,t10,4,8,reject,jdbc_executeUpdate,RepositoryOperationLedger.admitInTransaction,128,92981000,0
trace-16,t10,4,8,reject,jdbc_executeUpdate,RepositoryOperationLedger.renewLive,128,89921937,0
trace-16,t10,4,8,reject,sql_acquire,DocumentAssessmentCreation.createInternal,64,176712,0
trace-16,t10,4,8,reject,sql_acquire,DocumentAssessmentCreation.lambda$createInternal$0,64,139428,0
trace-16,t10,4,8,reject,sql_acquire,DocumentAssessmentDeliveryAuthorization.check,256,919774,0
trace-16,t10,4,8,reject,sql_acquire,DocumentAssessmentDiscovery.discover,64,168504,0
trace-16,t10,4,8,reject,sql_acquire,DocumentAssessmentReconciliation.observeRetained,64,183992,0
trace-16,t10,4,8,reject,sql_acquire,DocumentAssessmentRejections.decide,64,203812,0
trace-16,t10,4,8,reject,sql_acquire,DocumentAssessmentReplayInputs.load,64,194067,0
trace-16,t10,4,8,reject,sql_acquire,DocumentAssessmentStartJournal.startRetained,64,148296,0
trace-16,t10,4,8,reject,sql_acquire,DocumentOperationUploadAdmission.captureReads,128,435806,0
trace-16,t10,4,8,reject,sql_acquire,DocumentOperationUploadAdmission.recheckInitialSelections,64,211633,0
trace-16,t10,4,8,reject,sql_acquire,DocumentOperationUploadAdmission.stage,64,161482,0
trace-16,t10,4,8,reject,sql_acquire,DocumentPublicationModesJournal.loadRetained,128,281608,0
trace-16,t10,4,8,reject,sql_acquire,DocumentPublicationModesJournal.requireObservedModes,256,754594,0
trace-16,t10,4,8,reject,sql_acquire,DocumentPublicationPreparationJournal.load,128,298850,0
trace-16,t10,4,8,reject,sql_acquire,DocumentPublicationRegistration.admitInitialAccepted,64,113689,0
trace-16,t10,4,8,reject,sql_acquire,DocumentPublicationRegistration.preflight,128,337744,0
trace-16,t10,4,8,reject,sql_acquire,DocumentPublicationReplay.observe,256,815164,0
trace-16,t10,4,8,reject,sql_acquire,DocumentSchemaPolicies.read,64,160874,0
trace-16,t10,4,8,reject,sql_acquire,DocumentSelectedAttemptLedger.renew,64,346532,0
trace-16,t10,4,8,reject,sql_acquire,DocumentSelectedAttemptLedger.renewOwnerAndSelections,128,360746,0
trace-16,t10,4,8,reject,sql_acquire,RepositorySchemaArtifacts.stage,64,252597,0
trace-16,t10,4,8,reject,sql_usage,DocumentAssessmentCreation.createInternal,64,2520000000,0
trace-16,t10,4,8,reject,sql_usage,DocumentAssessmentCreation.lambda$createInternal$0,64,322000000,0
trace-16,t10,4,8,reject,sql_usage,DocumentAssessmentDeliveryAuthorization.check,256,1532000000,0
trace-16,t10,4,8,reject,sql_usage,DocumentAssessmentDiscovery.discover,64,504000000,0
trace-16,t10,4,8,reject,sql_usage,DocumentAssessmentReconciliation.observeRetained,64,2115000000,0
trace-16,t10,4,8,reject,sql_usage,DocumentAssessmentRejections.decide,64,763000000,0
trace-16,t10,4,8,reject,sql_usage,DocumentAssessmentReplayInputs.load,64,387000000,0
trace-16,t10,4,8,reject,sql_usage,DocumentAssessmentStartJournal.startRetained,64,446000000,0
trace-16,t10,4,8,reject,sql_usage,DocumentOperationUploadAdmission.captureReads,128,920000000,0
trace-16,t10,4,8,reject,sql_usage,DocumentOperationUploadAdmission.recheckInitialSelections,64,418000000,0
trace-16,t10,4,8,reject,sql_usage,DocumentOperationUploadAdmission.stage,64,880000000,0
trace-16,t10,4,8,reject,sql_usage,DocumentPublicationModesJournal.loadRetained,128,478000000,0
trace-16,t10,4,8,reject,sql_usage,DocumentPublicationModesJournal.requireObservedModes,256,1249000000,0
trace-16,t10,4,8,reject,sql_usage,DocumentPublicationPreparationJournal.load,128,437000000,0
trace-16,t10,4,8,reject,sql_usage,DocumentPublicationRegistration.admitInitialAccepted,64,911000000,0
trace-16,t10,4,8,reject,sql_usage,DocumentPublicationRegistration.preflight,128,93000000,0
trace-16,t10,4,8,reject,sql_usage,DocumentPublicationReplay.observe,256,658000000,0
trace-16,t10,4,8,reject,sql_usage,DocumentSchemaPolicies.read,64,20000000,0
trace-16,t10,4,8,reject,sql_usage,DocumentSelectedAttemptLedger.renew,64,505000000,0
trace-16,t10,4,8,reject,sql_usage,DocumentSelectedAttemptLedger.renewOwnerAndSelections,128,1161000000,0
trace-16,t10,4,8,reject,sql_usage,RepositorySchemaArtifacts.stage,64,693000000,0
trace-16,t10,4,8,replay,jdbc_commit,DocumentPublicationReplay.observe,256,1026465945,0
trace-16,t10,4,8,replay,jdbc_executeQuery,DocumentPublicationReplay.observe,768,171825580,0
trace-16,t10,4,8,replay,jdbc_executeQuery,DocumentPublicationReplay.requireRevisions,192,83061575,0
trace-16,t10,4,8,replay,jdbc_executeQuery,DocumentRevisionLocks.lock,512,149459324,0
trace-16,t10,4,8,replay,jdbc_executeQuery,RepositoryOperationLedger.requireCommand,256,47122838,0
trace-16,t10,4,8,replay,sql_acquire,DocumentPublicationReplay.observe,256,881099,0
trace-16,t10,4,8,replay,sql_usage,DocumentPublicationReplay.observe,256,1668000000,0
trace-16,t10,4,8,unscoped,jdbc_commit,DocumentAssessmentReadProtection.finish,61,197687051,0
trace-16,t10,4,8,unscoped,jdbc_commit,DocumentReadPins.finish,256,1078846852,0
trace-16,t10,4,8,unscoped,jdbc_commit,DocumentSelectedAttemptLedger.verifyBatch,256,1341414870,0
trace-16,t10,4,8,unscoped,jdbc_executeQuery,DocumentAssessmentReadProtection.lambda$finish$0,61,40514801,0
trace-16,t10,4,8,unscoped,jdbc_executeQuery,DocumentPartAttemptLedger.read,512,67292490,0
trace-16,t10,4,8,unscoped,jdbc_executeQuery,DocumentReadPins.lambda$finish$0,256,390692729,0
trace-16,t10,4,8,unscoped,jdbc_executeQuery,DocumentSelectedAttemptLedger.lockSelected,512,99472551,0
trace-16,t10,4,8,unscoped,jdbc_executeQuery,DocumentSelectedAttemptLedger.requireOwner,256,69239683,0
trace-16,t10,4,8,unscoped,jdbc_executeQuery,RepositoryExecutionClaimLedger.lockLive,256,93941791,0
trace-16,t10,4,8,unscoped,jdbc_executeQuery,RepositoryOperationLedger.fenceLiveOwner,256,194665324,0
trace-16,t10,4,8,unscoped,jdbc_executeQuery,SqlTimeouts.apply,256,45507919,0
trace-16,t10,4,8,unscoped,jdbc_executeUpdate,DocumentSelectedAttemptLedger.verifyBatch,512,406873968,0
trace-16,t10,4,8,unscoped,provider_getBounded,DocumentPartTransfer.upload,256,762209482,0
trace-16,t10,4,8,unscoped,provider_getBounded,outside_ledger,320,1388053761,0
trace-16,t10,4,8,unscoped,provider_put,DocumentPartTransfer.upload,256,19041191641,0
trace-16,t10,4,8,unscoped,sql_acquire,DocumentAssessmentReadProtection.finish,61,249897,0
trace-16,t10,4,8,unscoped,sql_acquire,DocumentReadPins.finish,256,1692622,0
trace-16,t10,4,8,unscoped,sql_acquire,DocumentSelectedAttemptLedger.verifyBatch,256,6479963,0
trace-16,t10,4,8,unscoped,sql_usage,DocumentAssessmentReadProtection.finish,61,227000000,0
trace-16,t10,4,8,unscoped,sql_usage,DocumentReadPins.finish,256,1390000000,0
trace-16,t10,4,8,unscoped,sql_usage,DocumentSelectedAttemptLedger.verifyBatch,256,2409000000,0
trace-16,t11,1,8,publish,jdbc_commit,DocumentOperationUploadAdmission.captureReads,384,1662938900,0
trace-16,t11,1,8,publish,jdbc_commit,DocumentOperationUploadAdmission.recheckInitialSelections,192,848141813,0
trace-16,t11,1,8,publish,jdbc_commit,DocumentOperationUploadAdmission.stage,192,885875473,0
trace-16,t11,1,8,publish,jdbc_commit,DocumentPublicationCommit.commitInternal,192,767896761,0
trace-16,t11,1,8,publish,jdbc_commit,DocumentPublicationModesJournal.requireObservedModes,384,1610960947,0
trace-16,t11,1,8,publish,jdbc_commit,DocumentPublicationRegistration.admitInitialAccepted,192,1130064582,0
trace-16,t11,1,8,publish,jdbc_commit,DocumentPublicationRegistration.preflight,192,18854047,0
trace-16,t11,1,8,publish,jdbc_commit,DocumentPublicationReplay.observe,384,31064323,0
trace-16,t11,1,8,publish,jdbc_commit,DocumentSchemaPolicies.read,192,18298721,0
trace-16,t11,1,8,publish,jdbc_commit,DocumentSelectedAttemptLedger.renew,192,786158003,0
trace-16,t11,1,8,publish,jdbc_commit,DocumentSelectedAttemptLedger.renewOwnerAndSelections,384,1415941934,0
trace-16,t11,1,8,publish,jdbc_commit,RepositorySchemaArtifacts.stage,192,725126636,0
trace-16,t11,1,8,publish,jdbc_executeBatch,DocumentSchemaRetention.flush,576,430674352,0
trace-16,t11,1,8,publish,jdbc_executeQuery,DocumentAdmissionSnapshot.prepare,192,51092189,0
trace-16,t11,1,8,publish,jdbc_executeQuery,DocumentCommitParts.bind,192,34335725,0
trace-16,t11,1,8,publish,jdbc_executeQuery,DocumentCommitParts.read,192,265148880,0
trace-16,t11,1,8,publish,jdbc_executeQuery,DocumentCommitParts.selections,192,42974328,0
trace-16,t11,1,8,publish,jdbc_executeQuery,DocumentCommitWriter.write,384,38264182,0
trace-16,t11,1,8,publish,jdbc_executeQuery,DocumentDriveSnapshot.lock,384,46891539,0
trace-16,t11,1,8,publish,jdbc_executeQuery,DocumentKeyReservations.reserveEncoded,192,46286630,0
trace-16,t11,1,8,publish,jdbc_executeQuery,DocumentOperationUploadAdmission.lambda$captureReads$0,576,126076676,0
trace-16,t11,1,8,publish,jdbc_executeQuery,DocumentOperationUploadAdmission.requireInitialSelections,192,40743718,0
trace-16,t11,1,8,publish,jdbc_executeQuery,DocumentOperationUploadAdmission.writeAdmissions,384,60203342,0
trace-16,t11,1,8,publish,jdbc_executeQuery,DocumentPartAttemptLedger.lockAll,1152,109557477,0
trace-16,t11,1,8,publish,jdbc_executeQuery,DocumentPartAttemptLedger.read,384,35202181,0
trace-16,t11,1,8,publish,jdbc_executeQuery,DocumentPreparationHistoryRoots.coverage,192,26381314,0
trace-16,t11,1,8,publish,jdbc_executeQuery,DocumentPublicationLocks$IndependentOrigins.requireScope,384,33434525,0
trace-16,t11,1,8,publish,jdbc_executeQuery,DocumentPublicationLocks.lockIndependentOrigins,960,109364579,0
trace-16,t11,1,8,publish,jdbc_executeQuery,DocumentPublicationLocks.lockIndependentRetention,192,29868145,0
trace-16,t11,1,8,publish,jdbc_executeQuery,DocumentPublicationModeBinding.require,192,32108601,0
trace-16,t11,1,8,publish,jdbc_executeQuery,DocumentPublicationModesJournal.readModes,192,17216436,0
trace-16,t11,1,8,publish,jdbc_executeQuery,DocumentPublicationPreparationJournal.capture,384,34459117,0
trace-16,t11,1,8,publish,jdbc_executeQuery,DocumentPublicationReplay.observe,768,102209079,0
trace-16,t11,1,8,publish,jdbc_executeQuery,DocumentRevisionLocks.lock,2304,445311416,0
trace-16,t11,1,8,publish,jdbc_executeQuery,DocumentSchemaBatch.lockArtifacts,960,127577686,0
trace-16,t11,1,8,publish,jdbc_executeQuery,DocumentSchemaPolicies.lambda$read$0,192,23708768,0
trace-16,t11,1,8,publish,jdbc_executeQuery,DocumentSchemaPolicies.lockCurrent,576,48989714,0
trace-16,t11,1,8,publish,jdbc_executeQuery,DocumentSchemaPolicies.select,384,41906387,0
trace-16,t11,1,8,publish,jdbc_executeQuery,DocumentSchemaRetention.requireFragments,192,43894168,0
trace-16,t11,1,8,publish,jdbc_executeQuery,DocumentSchemaRetention.requireRevision,192,24358395,0
trace-16,t11,1,8,publish,jdbc_executeQuery,DocumentSchemaRetention.write,192,41970202,0
trace-16,t11,1,8,publish,jdbc_executeQuery,DocumentSelectedAttemptLedger.lockSelected,192,26261771,0
trace-16,t11,1,8,publish,jdbc_executeQuery,DocumentSelectedAttemptLedger.requireOwner,576,128687400,0
trace-16,t11,1,8,publish,jdbc_executeQuery,DocumentSelectedAttemptLedger.requireSelections,1152,202965696,0
trace-16,t11,1,8,publish,jdbc_executeQuery,DocumentUploadAdmissionReplay.hasSelections,192,19646097,0
trace-16,t11,1,8,publish,jdbc_executeQuery,ManagedBackendLedger.find,384,35033727,0
trace-16,t11,1,8,publish,jdbc_executeQuery,RepositoryCoordinatorBinding.bindInitial,192,18087155,0
trace-16,t11,1,8,publish,jdbc_executeQuery,RepositoryExecutionClaimLedger.live,192,19611534,0
trace-16,t11,1,8,publish,jdbc_executeQuery,RepositoryExecutionClaimLedger.lockLive,3456,886963677,0
trace-16,t11,1,8,publish,jdbc_executeQuery,RepositoryExecutionClaimLedger.readLocked,1152,92115165,0
trace-16,t11,1,8,publish,jdbc_executeQuery,RepositoryOperationLedger.fenceLiveOwner,1920,1082984295,0
trace-16,t11,1,8,publish,jdbc_executeQuery,RepositoryOperationLedger.live,576,77557832,0
trace-16,t11,1,8,publish,jdbc_executeQuery,RepositoryOperationLedger.read,192,23362227,0
trace-16,t11,1,8,publish,jdbc_executeQuery,RepositoryOperationLedger.readOwner,768,72273466,0
trace-16,t11,1,8,publish,jdbc_executeQuery,RepositoryOperationLedger.requireCommand,1920,185109449,0
trace-16,t11,1,8,publish,jdbc_executeQuery,RepositorySchemaArtifacts.lambda$stage$3,768,586325882,0
trace-16,t11,1,8,publish,jdbc_executeQuery,SqlTimeouts.apply,1152,133254383,0
trace-16,t11,1,8,publish,jdbc_executeUpdate,DocumentCommitWriter.write,1344,861994228,0
trace-16,t11,1,8,publish,jdbc_executeUpdate,DocumentOperationSelection.insert,192,191558035,0
trace-16,t11,1,8,publish,jdbc_executeUpdate,DocumentOperationUploadAdmission.writeAdmissions,384,202745225,0
trace-16,t11,1,8,publish,jdbc_executeUpdate,DocumentPartAttemptLedger.insertEncodedRows,192,150897002,0
trace-16,t11,1,8,publish,jdbc_executeUpdate,DocumentPreparationCoverageCertificates.insert,192,70999502,0
trace-16,t11,1,8,publish,jdbc_executeUpdate,DocumentPreparationHistoryRoots.insert,384,114182062,0
trace-16,t11,1,8,publish,jdbc_executeUpdate,DocumentPublicationCommit.lambda$commitInternal$6,576,442413458,0
trace-16,t11,1,8,publish,jdbc_executeUpdate,DocumentPublicationModesJournal.insert,192,116704502,0
trace-16,t11,1,8,publish,jdbc_executeUpdate,DocumentPublicationPreparationJournal.insert,192,135625199,0
trace-16,t11,1,8,publish,jdbc_executeUpdate,DocumentSchemaAdmissionBinding.insert,192,147353766,0
trace-16,t11,1,8,publish,jdbc_executeUpdate,DocumentSelectedAttemptLedger.renewSelections,576,332009833,0
trace-16,t11,1,8,publish,jdbc_executeUpdate,RepositoryCoordinatorBinding.bindInitial,192,65079100,0
trace-16,t11,1,8,publish,jdbc_executeUpdate,RepositoryExecutionClaimLedger.acquireInitialChecked,192,63418747,0
trace-16,t11,1,8,publish,jdbc_executeUpdate,RepositoryExecutionClaimLedger.renewLive,384,68269731,0
trace-16,t11,1,8,publish,jdbc_executeUpdate,RepositoryOperationLedger.admitInTransaction,384,190265497,0
trace-16,t11,1,8,publish,jdbc_executeUpdate,RepositoryOperationLedger.renewLive,384,210829125,0
trace-16,t11,1,8,publish,sql_acquire,DocumentOperationUploadAdmission.captureReads,384,1491517294,0
trace-16,t11,1,8,publish,sql_acquire,DocumentOperationUploadAdmission.recheckInitialSelections,192,532680062,0
trace-16,t11,1,8,publish,sql_acquire,DocumentOperationUploadAdmission.stage,192,678678302,0
trace-16,t11,1,8,publish,sql_acquire,DocumentPublicationCommit.commitInternal,192,838681562,0
trace-16,t11,1,8,publish,sql_acquire,DocumentPublicationModesJournal.requireObservedModes,384,1448969567,0
trace-16,t11,1,8,publish,sql_acquire,DocumentPublicationRegistration.admitInitialAccepted,192,790718208,0
trace-16,t11,1,8,publish,sql_acquire,DocumentPublicationRegistration.preflight,192,774142099,0
trace-16,t11,1,8,publish,sql_acquire,DocumentPublicationReplay.observe,384,1705194706,0
trace-16,t11,1,8,publish,sql_acquire,DocumentSchemaPolicies.read,192,590157241,0
trace-16,t11,1,8,publish,sql_acquire,DocumentSelectedAttemptLedger.renew,192,520444634,0
trace-16,t11,1,8,publish,sql_acquire,DocumentSelectedAttemptLedger.renewOwnerAndSelections,384,1211826851,0
trace-16,t11,1,8,publish,sql_acquire,RepositorySchemaArtifacts.stage,192,782439073,0
trace-16,t11,1,8,publish,sql_usage,DocumentOperationUploadAdmission.captureReads,384,2258000000,0
trace-16,t11,1,8,publish,sql_usage,DocumentOperationUploadAdmission.recheckInitialSelections,192,1034000000,0
trace-16,t11,1,8,publish,sql_usage,DocumentOperationUploadAdmission.stage,192,1982000000,0
trace-16,t11,1,8,publish,sql_usage,DocumentPublicationCommit.commitInternal,192,4689000000,0
trace-16,t11,1,8,publish,sql_usage,DocumentPublicationModesJournal.requireObservedModes,384,1987000000,0
trace-16,t11,1,8,publish,sql_usage,DocumentPublicationRegistration.admitInitialAccepted,192,2304000000,0
trace-16,t11,1,8,publish,sql_usage,DocumentPublicationRegistration.preflight,192,17000000,0
trace-16,t11,1,8,publish,sql_usage,DocumentPublicationReplay.observe,384,6000000,0
trace-16,t11,1,8,publish,sql_usage,DocumentSchemaPolicies.read,192,7000000,0
trace-16,t11,1,8,publish,sql_usage,DocumentSelectedAttemptLedger.renew,192,1203000000,0
trace-16,t11,1,8,publish,sql_usage,DocumentSelectedAttemptLedger.renewOwnerAndSelections,384,2642000000,0
trace-16,t11,1,8,publish,sql_usage,RepositorySchemaArtifacts.stage,192,1601000000,0
trace-16,t11,1,8,read,jdbc_commit,DocumentHistoricalSchemas.authorize,256,997079364,0
trace-16,t11,1,8,read,jdbc_commit,DocumentHistoricalSchemas.check,256,946999278,0
trace-16,t11,1,8,read,jdbc_commit,DocumentReadLedger$PinnedHistory.authorizeDelivery,768,3283704781,0
trace-16,t11,1,8,read,jdbc_commit,DocumentReadLedger.captureHistorical,256,835274443,0
trace-16,t11,1,8,read,jdbc_executeQuery,DocumentHistoricalReadRows.capture,512,140688115,0
trace-16,t11,1,8,read,jdbc_executeQuery,DocumentHistoricalSchemaRows.artifacts,512,105974199,0
trace-16,t11,1,8,read,jdbc_executeQuery,DocumentHistoricalSchemaRows.capture,512,228366504,0
trace-16,t11,1,8,read,jdbc_executeQuery,DocumentHistoricalSchemaRows.references,256,30982272,0
trace-16,t11,1,8,read,jdbc_executeQuery,DocumentHistoricalSchemaRows.roots,512,50152506,0
trace-16,t11,1,8,read,jdbc_executeQuery,DocumentReadLedger.lambda$captureHistorical$0,256,44993605,0
trace-16,t11,1,8,read,jdbc_executeQuery,DocumentReadPins.acquireHistorical,512,280796041,0
trace-16,t11,1,8,read,jdbc_executeQuery,DocumentRevisionLocks.lock,3072,678841590,0
trace-16,t11,1,8,read,jdbc_executeQuery,ManagedBackendLedger.requireAll,256,31367872,0
trace-16,t11,1,8,read,jdbc_executeUpdate,DocumentReadPins.acquireHistorical,256,227448697,0
trace-16,t11,1,8,read,sql_acquire,DocumentHistoricalSchemas.authorize,256,1154715271,0
trace-16,t11,1,8,read,sql_acquire,DocumentHistoricalSchemas.check,256,940417689,0
trace-16,t11,1,8,read,sql_acquire,DocumentReadLedger$PinnedHistory.authorizeDelivery,768,2788887401,0
trace-16,t11,1,8,read,sql_acquire,DocumentReadLedger.captureHistorical,256,1107879663,0
trace-16,t11,1,8,read,sql_usage,DocumentHistoricalSchemas.authorize,256,1026000000,0
trace-16,t11,1,8,read,sql_usage,DocumentHistoricalSchemas.check,256,1472000000,0
trace-16,t11,1,8,read,sql_usage,DocumentReadLedger$PinnedHistory.authorizeDelivery,768,3376000000,0
trace-16,t11,1,8,read,sql_usage,DocumentReadLedger.captureHistorical,256,1772000000,0
trace-16,t11,1,8,reject,jdbc_commit,DocumentAssessmentCreation.createInternal,64,195108317,0
trace-16,t11,1,8,reject,jdbc_commit,DocumentAssessmentCreation.lambda$createInternal$0,64,194524111,0
trace-16,t11,1,8,reject,jdbc_commit,DocumentAssessmentDeliveryAuthorization.check,256,790802132,0
trace-16,t11,1,8,reject,jdbc_commit,DocumentAssessmentDiscovery.discover,64,177547742,0
trace-16,t11,1,8,reject,jdbc_commit,DocumentAssessmentReconciliation.observeRetained,64,222293012,0
trace-16,t11,1,8,reject,jdbc_commit,DocumentAssessmentRejections.decide,64,212977894,0
trace-16,t11,1,8,reject,jdbc_commit,DocumentAssessmentReplayInputs.load,64,7072566,0
trace-16,t11,1,8,reject,jdbc_commit,DocumentAssessmentStartJournal.startRetained,64,193799286,0
trace-16,t11,1,8,reject,jdbc_commit,DocumentOperationUploadAdmission.captureReads,128,524146621,0
trace-16,t11,1,8,reject,jdbc_commit,DocumentOperationUploadAdmission.recheckInitialSelections,64,219349373,0
trace-16,t11,1,8,reject,jdbc_commit,DocumentOperationUploadAdmission.stage,64,332226789,0
trace-16,t11,1,8,reject,jdbc_commit,DocumentPublicationModesJournal.loadRetained,128,399544187,0
trace-16,t11,1,8,reject,jdbc_commit,DocumentPublicationModesJournal.requireObservedModes,256,798839551,0
trace-16,t11,1,8,reject,jdbc_commit,DocumentPublicationPreparationJournal.load,128,445532466,0
trace-16,t11,1,8,reject,jdbc_commit,DocumentPublicationRegistration.admitInitialAccepted,64,299125825,0
trace-16,t11,1,8,reject,jdbc_commit,DocumentPublicationRegistration.preflight,128,11930221,0
trace-16,t11,1,8,reject,jdbc_commit,DocumentPublicationReplay.observe,256,451276449,0
trace-16,t11,1,8,reject,jdbc_commit,DocumentSchemaPolicies.read,64,5416364,0
trace-16,t11,1,8,reject,jdbc_commit,DocumentSelectedAttemptLedger.renew,64,259863608,0
trace-16,t11,1,8,reject,jdbc_commit,DocumentSelectedAttemptLedger.renewOwnerAndSelections,128,435658228,0
trace-16,t11,1,8,reject,jdbc_commit,RepositorySchemaArtifacts.stage,64,197091505,0
trace-16,t11,1,8,reject,jdbc_executeBatch,DocumentAssessmentCreationWrites.lambda$writeRows$0,64,35827303,0
trace-16,t11,1,8,reject,jdbc_executeQuery,DocumentAssessmentDeliveryAuthorization.lambda$check$0,1280,151883476,0
trace-16,t11,1,8,reject,jdbc_executeQuery,DocumentAssessmentDeliveryAuthorization.requireLiveReadOwner,512,64689562,0
trace-16,t11,1,8,reject,jdbc_executeQuery,DocumentAssessmentDiscovery.lambda$discover$0,128,21255705,0
trace-16,t11,1,8,reject,jdbc_executeQuery,DocumentAssessmentReadRows.capture,192,647663586,0
trace-16,t11,1,8,reject,jdbc_executeQuery,DocumentAssessmentReconciliation.verifyRetained,256,46122260,0
trace-16,t11,1,8,reject,jdbc_executeQuery,DocumentAssessmentRejections.lambda$decide$0,256,42373897,0
trace-16,t11,1,8,reject,jdbc_executeQuery,DocumentAssessmentReplayInputs.artifacts,128,49886863,0
trace-16,t11,1,8,reject,jdbc_executeQuery,DocumentAssessmentReplayInputs.policy,128,19413028,0
trace-16,t11,1,8,reject,jdbc_executeQuery,DocumentAssessmentReplayInputs.read,128,31588958,0
trace-16,t11,1,8,reject,jdbc_executeQuery,DocumentAssessmentReplayInputs.roots,128,24690559,0
trace-16,t11,1,8,reject,jdbc_executeQuery,DocumentAssessmentRetainedEvidence.verify,64,10275474,0
trace-16,t11,1,8,reject,jdbc_executeQuery,DocumentAssessmentRetainedEvidence.verifyArtifacts,64,27138086,0
trace-16,t11,1,8,reject,jdbc_executeQuery,DocumentAssessmentRetainedSlots.retainedSelections,64,16990484,0
trace-16,t11,1,8,reject,jdbc_executeQuery,DocumentAssessmentRetainedSlots.verify,256,241029970,0
trace-16,t11,1,8,reject,jdbc_executeQuery,DocumentAssessmentStartJournal.insertStartedOutcome,64,9406026,0
trace-16,t11,1,8,reject,jdbc_executeQuery,DocumentAssessmentStartJournal.lambda$startRetained$2,64,9937080,0
trace-16,t11,1,8,reject,jdbc_executeQuery,DocumentAssessmentStartJournal.requireCreation,64,24398574,0
trace-16,t11,1,8,reject,jdbc_executeQuery,DocumentCommitParts.bind,128,36955533,0
trace-16,t11,1,8,reject,jdbc_executeQuery,DocumentCommitParts.read,64,79082877,0
trace-16,t11,1,8,reject,jdbc_executeQuery,DocumentCommitParts.selections,64,13232148,0
trace-16,t11,1,8,reject,jdbc_executeQuery,DocumentDriveSnapshot.lock,128,14662502,0
trace-16,t11,1,8,reject,jdbc_executeQuery,DocumentKeyReservations.reserveEncoded,64,15027476,0
trace-16,t11,1,8,reject,jdbc_executeQuery,DocumentOperationUploadAdmission.lambda$captureReads$0,192,43649334,0
trace-16,t11,1,8,reject,jdbc_executeQuery,DocumentOperationUploadAdmission.requireInitialSelections,64,13334626,0
trace-16,t11,1,8,reject,jdbc_executeQuery,DocumentOperationUploadAdmission.writeAdmissions,128,18493491,0
trace-16,t11,1,8,reject,jdbc_executeQuery,DocumentPartAttemptLedger.lockAll,384,36555994,0
trace-16,t11,1,8,reject,jdbc_executeQuery,DocumentPartAttemptLedger.read,128,11316550,0
trace-16,t11,1,8,reject,jdbc_executeQuery,DocumentPreparationHistoryRoots.coverage,64,7443400,0
trace-16,t11,1,8,reject,jdbc_executeQuery,DocumentPublicationModesJournal.readModes,192,18234679,0
trace-16,t11,1,8,reject,jdbc_executeQuery,DocumentPublicationPreparationJournal.capture,384,35137054,0
trace-16,t11,1,8,reject,jdbc_executeQuery,DocumentPublicationReplay.observe,832,94080086,0
trace-16,t11,1,8,reject,jdbc_executeQuery,DocumentRevisionLocks.lock,2304,428588769,0
trace-16,t11,1,8,reject,jdbc_executeQuery,DocumentSchemaPolicies.lambda$read$0,64,6856862,0
trace-16,t11,1,8,reject,jdbc_executeQuery,DocumentSchemaPolicies.lockCurrent,384,45431680,0
trace-16,t11,1,8,reject,jdbc_executeQuery,DocumentSchemaPolicies.select,192,19394829,0
trace-16,t11,1,8,reject,jdbc_executeQuery,DocumentSelectedAttemptLedger.lockSelected,64,9308846,0
trace-16,t11,1,8,reject,jdbc_executeQuery,DocumentSelectedAttemptLedger.requireOwner,192,42717354,0
trace-16,t11,1,8,reject,jdbc_executeQuery,DocumentSelectedAttemptLedger.requireSelections,384,65196208,0
trace-16,t11,1,8,reject,jdbc_executeQuery,DocumentUploadAdmissionReplay.hasSelections,64,6686647,0
trace-16,t11,1,8,reject,jdbc_executeQuery,ManagedBackendLedger.find,128,12827496,0
trace-16,t11,1,8,reject,jdbc_executeQuery,ManagedBackendLedger.requireAll,64,5736568,0
trace-16,t11,1,8,reject,jdbc_executeQuery,RepositoryCoordinatorBinding.bindInitial,64,5381324,0
trace-16,t11,1,8,reject,jdbc_executeQuery,RepositoryExecutionClaimLedger.live,64,5799677,0
trace-16,t11,1,8,reject,jdbc_executeQuery,RepositoryExecutionClaimLedger.lockLive,2304,598562806,0
trace-16,t11,1,8,reject,jdbc_executeQuery,RepositoryExecutionClaimLedger.readLocked,384,30244094,0
trace-16,t11,1,8,reject,jdbc_executeQuery,RepositoryOperationLedger.fenceLiveOwner,1344,729855339,0
trace-16,t11,1,8,reject,jdbc_executeQuery,RepositoryOperationLedger.live,192,25133515,0
trace-16,t11,1,8,reject,jdbc_executeQuery,RepositoryOperationLedger.read,64,6923687,0
trace-16,t11,1,8,reject,jdbc_executeQuery,RepositoryOperationLedger.readOwner,256,24616352,0
trace-16,t11,1,8,reject,jdbc_executeQuery,RepositoryOperationLedger.requireCommand,1344,137498351,0
trace-16,t11,1,8,reject,jdbc_executeQuery,RepositorySchemaArtifacts.lambda$stage$3,256,211625843,0
trace-16,t11,1,8,reject,jdbc_executeQuery,SqlTimeouts.apply,384,51057808,0
trace-16,t11,1,8,reject,jdbc_executeUpdate,DocumentAssessmentCreationWrites.insertOwner,64,53068694,0
trace-16,t11,1,8,reject,jdbc_executeUpdate,DocumentAssessmentCreationWrites.lambda$writeRows$1,64,50222482,0
trace-16,t11,1,8,reject,jdbc_executeUpdate,DocumentAssessmentCreationWrites.writeRows,448,636619075,0
trace-16,t11,1,8,reject,jdbc_executeUpdate,DocumentAssessmentReconciliation.verifyRetained,64,37533346,0
trace-16,t11,1,8,reject,jdbc_executeUpdate,DocumentAssessmentRejections.lambda$decide$0,64,46299107,0
trace-16,t11,1,8,reject,jdbc_executeUpdate,DocumentAssessmentStartJournal.insertStartedOutcome,64,55180301,0
trace-16,t11,1,8,reject,jdbc_executeUpdate,DocumentOperationSelection.insert,64,60687190,0
trace-16,t11,1,8,reject,jdbc_executeUpdate,DocumentOperationUploadAdmission.writeAdmissions,128,68601462,0
trace-16,t11,1,8,reject,jdbc_executeUpdate,DocumentPartAttemptLedger.insertEncodedRows,64,47694428,0
trace-16,t11,1,8,reject,jdbc_executeUpdate,DocumentPreparationCoverageCertificates.insert,64,21122286,0
trace-16,t11,1,8,reject,jdbc_executeUpdate,DocumentPreparationHistoryRoots.insert,128,35927213,0
trace-16,t11,1,8,reject,jdbc_executeUpdate,DocumentPublicationModesJournal.insert,64,37882605,0
trace-16,t11,1,8,reject,jdbc_executeUpdate,DocumentPublicationPreparationJournal.insert,64,43670718,0
trace-16,t11,1,8,reject,jdbc_executeUpdate,DocumentSelectedAttemptLedger.renewSelections,192,108045940,0
trace-16,t11,1,8,reject,jdbc_executeUpdate,RepositoryCoordinatorBinding.bindInitial,64,19554967,0
trace-16,t11,1,8,reject,jdbc_executeUpdate,RepositoryExecutionClaimLedger.acquireInitialChecked,64,20615909,0
trace-16,t11,1,8,reject,jdbc_executeUpdate,RepositoryExecutionClaimLedger.renewLive,128,27737419,0
trace-16,t11,1,8,reject,jdbc_executeUpdate,RepositoryOperationLedger.admitInTransaction,128,63746489,0
trace-16,t11,1,8,reject,jdbc_executeUpdate,RepositoryOperationLedger.renewLive,128,67311521,0
trace-16,t11,1,8,reject,sql_acquire,DocumentAssessmentCreation.createInternal,64,282196517,0
trace-16,t11,1,8,reject,sql_acquire,DocumentAssessmentCreation.lambda$createInternal$0,64,223417349,0
trace-16,t11,1,8,reject,sql_acquire,DocumentAssessmentDeliveryAuthorization.check,256,995007891,0
trace-16,t11,1,8,reject,sql_acquire,DocumentAssessmentDiscovery.discover,64,226949329,0
trace-16,t11,1,8,reject,sql_acquire,DocumentAssessmentReconciliation.observeRetained,64,335316234,0
trace-16,t11,1,8,reject,sql_acquire,DocumentAssessmentRejections.decide,64,276788883,0
trace-16,t11,1,8,reject,sql_acquire,DocumentAssessmentReplayInputs.load,64,204925448,0
trace-16,t11,1,8,reject,sql_acquire,DocumentAssessmentStartJournal.startRetained,64,187233713,0
trace-16,t11,1,8,reject,sql_acquire,DocumentOperationUploadAdmission.captureReads,128,456013336,0
trace-16,t11,1,8,reject,sql_acquire,DocumentOperationUploadAdmission.recheckInitialSelections,64,80839704,0
trace-16,t11,1,8,reject,sql_acquire,DocumentOperationUploadAdmission.stage,64,231425786,0
trace-16,t11,1,8,reject,sql_acquire,DocumentPublicationModesJournal.loadRetained,128,403669475,0
trace-16,t11,1,8,reject,sql_acquire,DocumentPublicationModesJournal.requireObservedModes,256,949283503,0
trace-16,t11,1,8,reject,sql_acquire,DocumentPublicationPreparationJournal.load,128,473590636,0
trace-16,t11,1,8,reject,sql_acquire,DocumentPublicationRegistration.admitInitialAccepted,64,237934349,0
trace-16,t11,1,8,reject,sql_acquire,DocumentPublicationRegistration.preflight,128,444673155,0
trace-16,t11,1,8,reject,sql_acquire,DocumentPublicationReplay.observe,256,1129485418,0
trace-16,t11,1,8,reject,sql_acquire,DocumentSchemaPolicies.read,64,154766045,0
trace-16,t11,1,8,reject,sql_acquire,DocumentSelectedAttemptLedger.renew,64,203275091,0
trace-16,t11,1,8,reject,sql_acquire,DocumentSelectedAttemptLedger.renewOwnerAndSelections,128,364408943,0
trace-16,t11,1,8,reject,sql_acquire,RepositorySchemaArtifacts.stage,64,195173416,0
trace-16,t11,1,8,reject,sql_usage,DocumentAssessmentCreation.createInternal,64,1407000000,0
trace-16,t11,1,8,reject,sql_usage,DocumentAssessmentCreation.lambda$createInternal$0,64,269000000,0
trace-16,t11,1,8,reject,sql_usage,DocumentAssessmentDeliveryAuthorization.check,256,1112000000,0
trace-16,t11,1,8,reject,sql_usage,DocumentAssessmentDiscovery.discover,64,346000000,0
trace-16,t11,1,8,reject,sql_usage,DocumentAssessmentReconciliation.observeRetained,64,1446000000,0
trace-16,t11,1,8,reject,sql_usage,DocumentAssessmentRejections.decide,64,545000000,0
trace-16,t11,1,8,reject,sql_usage,DocumentAssessmentReplayInputs.load,64,198000000,0
trace-16,t11,1,8,reject,sql_usage,DocumentAssessmentStartJournal.startRetained,64,342000000,0
trace-16,t11,1,8,reject,sql_usage,DocumentOperationUploadAdmission.captureReads,128,730000000,0
trace-16,t11,1,8,reject,sql_usage,DocumentOperationUploadAdmission.recheckInitialSelections,64,285000000,0
trace-16,t11,1,8,reject,sql_usage,DocumentOperationUploadAdmission.stage,64,691000000,0
trace-16,t11,1,8,reject,sql_usage,DocumentPublicationModesJournal.loadRetained,128,399000000,0
trace-16,t11,1,8,reject,sql_usage,DocumentPublicationModesJournal.requireObservedModes,256,1059000000,0
trace-16,t11,1,8,reject,sql_usage,DocumentPublicationPreparationJournal.load,128,457000000,0
trace-16,t11,1,8,reject,sql_usage,DocumentPublicationRegistration.admitInitialAccepted,64,675000000,0
trace-16,t11,1,8,reject,sql_usage,DocumentPublicationRegistration.preflight,128,17000000,0
trace-16,t11,1,8,reject,sql_usage,DocumentPublicationReplay.observe,256,530000000,0
trace-16,t11,1,8,reject,sql_usage,DocumentSchemaPolicies.read,64,0,0
trace-16,t11,1,8,reject,sql_usage,DocumentSelectedAttemptLedger.renew,64,405000000,0
trace-16,t11,1,8,reject,sql_usage,DocumentSelectedAttemptLedger.renewOwnerAndSelections,128,846000000,0
trace-16,t11,1,8,reject,sql_usage,RepositorySchemaArtifacts.stage,64,518000000,0
trace-16,t11,1,8,replay,jdbc_commit,DocumentPublicationReplay.observe,256,1048117569,0
trace-16,t11,1,8,replay,jdbc_executeQuery,DocumentPublicationReplay.observe,768,97719633,0
trace-16,t11,1,8,replay,jdbc_executeQuery,DocumentPublicationReplay.requireRevisions,192,32990244,0
trace-16,t11,1,8,replay,jdbc_executeQuery,DocumentRevisionLocks.lock,512,98843971,0
trace-16,t11,1,8,replay,jdbc_executeQuery,RepositoryOperationLedger.requireCommand,256,28226016,0
trace-16,t11,1,8,replay,sql_acquire,DocumentPublicationReplay.observe,256,1307488693,0
trace-16,t11,1,8,replay,sql_usage,DocumentPublicationReplay.observe,256,1318000000,0
trace-16,t11,1,8,unscoped,jdbc_commit,DocumentAssessmentReadProtection.finish,63,265879470,0
trace-16,t11,1,8,unscoped,jdbc_commit,DocumentReadPins.finish,256,1284153131,0
trace-16,t11,1,8,unscoped,jdbc_commit,DocumentSelectedAttemptLedger.verifyBatch,256,1105224725,0
trace-16,t11,1,8,unscoped,jdbc_executeQuery,DocumentAssessmentReadProtection.lambda$finish$0,63,32067055,0
trace-16,t11,1,8,unscoped,jdbc_executeQuery,DocumentPartAttemptLedger.read,512,51278445,0
trace-16,t11,1,8,unscoped,jdbc_executeQuery,DocumentReadPins.lambda$finish$0,256,262603063,0
trace-16,t11,1,8,unscoped,jdbc_executeQuery,DocumentSelectedAttemptLedger.lockSelected,512,65774759,0
trace-16,t11,1,8,unscoped,jdbc_executeQuery,DocumentSelectedAttemptLedger.requireOwner,256,53086589,0
trace-16,t11,1,8,unscoped,jdbc_executeQuery,RepositoryExecutionClaimLedger.lockLive,256,69150525,0
trace-16,t11,1,8,unscoped,jdbc_executeQuery,RepositoryOperationLedger.fenceLiveOwner,256,152303989,0
trace-16,t11,1,8,unscoped,jdbc_executeQuery,SqlTimeouts.apply,256,31738426,0
trace-16,t11,1,8,unscoped,jdbc_executeUpdate,DocumentSelectedAttemptLedger.verifyBatch,512,321388299,0
trace-16,t11,1,8,unscoped,provider_getBounded,DocumentPartTransfer.upload,256,451467161,0
trace-16,t11,1,8,unscoped,provider_getBounded,outside_ledger,320,640428460,0
trace-16,t11,1,8,unscoped,provider_put,DocumentPartTransfer.upload,256,18644959296,0
trace-16,t11,1,8,unscoped,sql_acquire,DocumentAssessmentReadProtection.finish,63,212973857,0
trace-16,t11,1,8,unscoped,sql_acquire,DocumentReadPins.finish,256,727414161,0
trace-16,t11,1,8,unscoped,sql_acquire,DocumentSelectedAttemptLedger.verifyBatch,256,718293073,0
trace-16,t11,1,8,unscoped,sql_usage,DocumentAssessmentReadProtection.finish,63,274000000,0
trace-16,t11,1,8,unscoped,sql_usage,DocumentReadPins.finish,256,1430000000,0
trace-16,t11,1,8,unscoped,sql_usage,DocumentSelectedAttemptLedger.verifyBatch,256,1810000000,0
