run,pool_per_child,sample,phase,worker,host,operation,elapsed_nanos,status
fixed_sql-1,8,-1,mixed,6,0,put,137593217,OK
fixed_sql-1,8,-1,mixed,5,0,put,145057245,OK
fixed_sql-1,8,-1,mixed,2,0,put,207717816,OK
fixed_sql-1,8,-1,mixed,5,0,read_current,71481784,OK
fixed_sql-1,8,-1,mixed,6,0,read_current,77753399,OK
fixed_sql-1,8,-1,mixed,3,0,put,227034077,OK
fixed_sql-1,8,-1,mixed,2,0,read_current,19416751,OK
fixed_sql-1,8,-1,mixed,4,0,put,236261729,OK
fixed_sql-1,8,-1,mixed,1,0,put,240796120,OK
fixed_sql-1,8,-1,mixed,2,0,read_history,20915965,OK
fixed_sql-1,8,-1,mixed,5,0,read_history,29855663,OK
fixed_sql-1,8,-1,mixed,6,0,read_history,31168304,OK
fixed_sql-1,8,-1,mixed,7,0,put,249315082,OK
fixed_sql-1,8,-1,mixed,3,0,read_current,20459612,OK
fixed_sql-1,8,-1,mixed,4,0,read_current,13625174,OK
fixed_sql-1,8,-1,mixed,0,0,put,255179577,OK
fixed_sql-1,8,-1,mixed,1,0,read_current,14380441,OK
fixed_sql-1,8,-1,mixed,3,0,read_history,15235057,OK
fixed_sql-1,8,-1,mixed,7,0,read_current,15889304,OK
fixed_sql-1,8,-1,mixed,4,0,read_history,15495309,OK
fixed_sql-1,8,-1,mixed,1,0,read_history,14025310,OK
fixed_sql-1,8,-1,mixed,0,0,read_current,16352961,OK
fixed_sql-1,8,-1,mixed,7,0,read_history,20445927,OK
fixed_sql-1,8,-1,mixed,0,0,read_history,21279051,OK
fixed_sql-1,8,-1,mixed,6,0,retry,77398528,OK
fixed_sql-1,8,-1,mixed,5,0,retry,77929411,OK
fixed_sql-1,8,-1,mixed,2,0,retry,86461037,OK
fixed_sql-1,8,-1,mixed,3,0,retry,80152443,OK
fixed_sql-1,8,-1,mixed,4,0,retry,83593408,OK
fixed_sql-1,8,-1,mixed,1,0,retry,84961372,OK
fixed_sql-1,8,-1,mixed,7,0,retry,94687647,OK
fixed_sql-1,8,-1,mixed,0,0,retry,120229225,OK
fixed_sql-1,8,-1,mixed,5,0,put,102822674,OK
fixed_sql-1,8,-1,mixed,4,0,put,94732021,OK
fixed_sql-1,8,-1,mixed,2,0,put,111695355,OK
fixed_sql-1,8,-1,mixed,5,0,read_current,17129778,OK
fixed_sql-1,8,-1,mixed,6,0,put,124075807,OK
fixed_sql-1,8,-1,mixed,1,0,put,100039073,OK
fixed_sql-1,8,-1,mixed,4,0,read_current,14024479,OK
fixed_sql-1,8,-1,mixed,3,0,put,113149293,OK
fixed_sql-1,8,-1,mixed,5,0,read_history,14106223,OK
fixed_sql-1,8,-1,mixed,6,0,read_current,10078029,OK
fixed_sql-1,8,-1,mixed,2,0,read_current,15813100,OK
fixed_sql-1,8,-1,mixed,1,0,read_current,11266376,OK
fixed_sql-1,8,-1,mixed,6,0,read_history,12120941,OK
fixed_sql-1,8,-1,mixed,4,0,read_history,15912487,OK
fixed_sql-1,8,-1,mixed,3,0,read_current,15804764,OK
fixed_sql-1,8,-1,mixed,2,0,read_history,11209839,OK
fixed_sql-1,8,-1,mixed,1,0,read_history,13750150,OK
fixed_sql-1,8,-1,mixed,7,0,put,103029044,OK
fixed_sql-1,8,-1,mixed,3,0,read_history,9825001,OK
fixed_sql-1,8,-1,mixed,7,0,read_current,8538840,OK
fixed_sql-1,8,-1,mixed,7,0,read_history,6449972,OK
fixed_sql-1,8,-1,mixed,0,0,put,92552642,OK
fixed_sql-1,8,-1,mixed,0,0,read_current,8550412,OK
fixed_sql-1,8,-1,mixed,0,0,read_history,7378537,OK
fixed_sql-1,8,-1,mixed,5,0,retry,65478517,OK
fixed_sql-1,8,-1,mixed,2,0,retry,63029057,OK
fixed_sql-1,8,-1,mixed,4,0,retry,67104750,OK
fixed_sql-1,8,-1,mixed,6,0,retry,67843507,OK
fixed_sql-1,8,-1,mixed,1,0,retry,64501610,OK
fixed_sql-1,8,-1,mixed,3,0,retry,63575560,OK
fixed_sql-1,8,-1,mixed,7,0,retry,60394848,OK
fixed_sql-1,8,-1,mixed,0,0,retry,72714874,OK
fixed_sql-1,8,-1,mixed,5,0,put,100208573,OK
fixed_sql-1,8,-1,mixed,4,0,put,94740006,OK
fixed_sql-1,8,-1,mixed,1,0,put,94649234,OK
fixed_sql-1,8,-1,mixed,6,0,put,101537454,OK
fixed_sql-1,8,-1,mixed,5,0,read_current,15970517,OK
fixed_sql-1,8,-1,mixed,2,0,put,108677431,OK
fixed_sql-1,8,-1,mixed,4,0,read_current,11152270,OK
fixed_sql-1,8,-1,mixed,1,0,read_current,11409416,OK
fixed_sql-1,8,-1,mixed,5,0,read_history,10469169,OK
fixed_sql-1,8,-1,mixed,3,0,put,108600035,OK
fixed_sql-1,8,-1,mixed,6,0,read_current,14883984,OK
fixed_sql-1,8,-1,mixed,2,0,read_current,12126892,OK
fixed_sql-1,8,-1,mixed,4,0,read_history,11233674,OK
fixed_sql-1,8,-1,mixed,1,0,read_history,9538389,OK
fixed_sql-1,8,-1,mixed,7,0,put,101631873,OK
fixed_sql-1,8,-1,mixed,3,0,read_current,9370742,OK
fixed_sql-1,8,-1,mixed,6,0,read_history,11064093,OK
fixed_sql-1,8,-1,mixed,2,0,read_history,11934499,OK
fixed_sql-1,8,-1,mixed,7,0,read_current,9301722,OK
fixed_sql-1,8,-1,mixed,3,0,read_history,9517941,OK
fixed_sql-1,8,-1,mixed,7,0,read_history,8591360,OK
fixed_sql-1,8,-1,mixed,0,0,put,96097622,OK
fixed_sql-1,8,-1,mixed,0,0,read_current,9431106,OK
fixed_sql-1,8,-1,mixed,0,0,read_history,9206822,OK
fixed_sql-1,8,-1,mixed,4,0,retry,59703741,OK
fixed_sql-1,8,-1,mixed,5,0,retry,68072700,OK
fixed_sql-1,8,-1,mixed,1,0,retry,62586059,OK
fixed_sql-1,8,-1,mixed,6,0,retry,63511187,OK
fixed_sql-1,8,-1,mixed,2,0,retry,65945159,OK
fixed_sql-1,8,-1,mixed,7,0,retry,57526506,OK
fixed_sql-1,8,-1,mixed,3,0,retry,69766682,OK
fixed_sql-1,8,-1,mixed,0,0,retry,58335224,OK
fixed_sql-1,8,-1,contended,3,0,put,109175362,OK
fixed_sql-1,8,-1,contended,5,0,put,115243391,ABORTED
fixed_sql-1,8,-1,contended,1,0,put,115232391,ABORTED
fixed_sql-1,8,-1,contended,4,0,put,115287175,ABORTED
fixed_sql-1,8,-1,contended,6,0,put,115285141,ABORTED
fixed_sql-1,8,-1,contended,2,0,put,115222823,ABORTED
fixed_sql-1,8,-1,contended,7,0,put,115226680,ABORTED
fixed_sql-1,8,-1,contended,0,0,put,115233112,ABORTED
fixed_sql-1,8,0,mixed,7,0,put,113230858,OK
fixed_sql-1,8,0,mixed,5,0,put,114522499,OK
fixed_sql-1,8,0,mixed,0,0,put,116290842,OK
fixed_sql-1,8,0,mixed,2,0,put,118568957,OK
fixed_sql-1,8,0,mixed,4,0,put,120085554,OK
fixed_sql-1,8,0,mixed,3,0,put,122348121,OK
fixed_sql-1,8,0,mixed,1,0,put,124351888,OK
fixed_sql-1,8,0,mixed,5,0,read_current,11255826,OK
fixed_sql-1,8,0,mixed,6,0,put,127306343,OK
fixed_sql-1,8,0,mixed,7,0,read_current,14905684,OK
fixed_sql-1,8,0,mixed,0,0,read_current,12498925,OK
fixed_sql-1,8,0,mixed,3,0,read_current,7637176,OK
fixed_sql-1,8,0,mixed,4,0,read_current,10712730,OK
fixed_sql-1,8,0,mixed,2,0,read_current,13900835,OK
fixed_sql-1,8,0,mixed,1,0,read_current,9577143,OK
fixed_sql-1,8,0,mixed,5,0,read_history,9163962,OK
fixed_sql-1,8,0,mixed,7,0,read_history,9325006,OK
fixed_sql-1,8,0,mixed,3,0,read_history,7711796,OK
fixed_sql-1,8,0,mixed,6,0,read_current,10581792,OK
fixed_sql-1,8,0,mixed,0,0,read_history,9510346,OK
fixed_sql-1,8,0,mixed,4,0,read_history,8217663,OK
fixed_sql-1,8,0,mixed,2,0,read_history,9453198,OK
fixed_sql-1,8,0,mixed,6,0,read_history,8740391,OK
fixed_sql-1,8,0,mixed,1,0,read_history,12697521,OK
fixed_sql-1,8,0,mixed,7,0,retry,53345794,OK
fixed_sql-1,8,0,mixed,5,0,retry,55833987,OK
fixed_sql-1,8,0,mixed,4,0,retry,58347668,OK
fixed_sql-1,8,0,mixed,3,0,retry,59966197,OK
fixed_sql-1,8,0,mixed,0,0,retry,59550531,OK
fixed_sql-1,8,0,mixed,2,0,retry,57435454,OK
fixed_sql-1,8,0,mixed,1,0,retry,55993047,OK
fixed_sql-1,8,0,mixed,6,0,retry,57690095,OK
fixed_sql-1,8,0,mixed,4,0,put,83435919,OK
fixed_sql-1,8,0,mixed,5,0,put,92890190,OK
fixed_sql-1,8,0,mixed,0,0,put,87896151,OK
fixed_sql-1,8,0,mixed,1,0,put,85084996,OK
fixed_sql-1,8,0,mixed,7,0,put,98647121,OK
fixed_sql-1,8,0,mixed,2,0,put,92841107,OK
fixed_sql-1,8,0,mixed,4,0,read_current,14544562,OK
fixed_sql-1,8,0,mixed,3,0,put,98197772,OK
fixed_sql-1,8,0,mixed,5,0,read_current,12887640,OK
fixed_sql-1,8,0,mixed,0,0,read_current,11208266,OK
fixed_sql-1,8,0,mixed,7,0,read_current,8708791,OK
fixed_sql-1,8,0,mixed,6,0,put,94136907,OK
fixed_sql-1,8,0,mixed,1,0,read_current,11277486,OK
fixed_sql-1,8,0,mixed,2,0,read_current,13614794,OK
fixed_sql-1,8,0,mixed,3,0,read_current,33557931,OK
fixed_sql-1,8,0,mixed,7,0,read_history,31244768,OK
fixed_sql-1,8,0,mixed,4,0,read_history,35738562,OK
fixed_sql-1,8,0,mixed,1,0,read_history,32262953,OK
fixed_sql-1,8,0,mixed,5,0,read_history,34681694,OK
fixed_sql-1,8,0,mixed,0,0,read_history,35369455,OK
fixed_sql-1,8,0,mixed,6,0,read_current,34098522,OK
fixed_sql-1,8,0,mixed,2,0,read_history,27245379,OK
fixed_sql-1,8,0,mixed,3,0,read_history,13338522,OK
fixed_sql-1,8,0,mixed,6,0,read_history,11879074,OK
fixed_sql-1,8,0,mixed,5,0,retry,62351496,OK
fixed_sql-1,8,0,mixed,7,0,retry,64398936,OK
fixed_sql-1,8,0,mixed,4,0,retry,62511759,OK
fixed_sql-1,8,0,mixed,1,0,retry,63171897,OK
fixed_sql-1,8,0,mixed,2,0,retry,63686640,OK
fixed_sql-1,8,0,mixed,3,0,retry,56367204,OK
fixed_sql-1,8,0,mixed,0,0,retry,68933778,OK
fixed_sql-1,8,0,mixed,6,0,retry,56989571,OK
fixed_sql-1,8,0,mixed,2,0,put,84520669,OK
fixed_sql-1,8,0,mixed,6,0,put,80866533,OK
fixed_sql-1,8,0,mixed,5,0,put,90522955,OK
fixed_sql-1,8,0,mixed,1,0,put,91794298,OK
fixed_sql-1,8,0,mixed,4,0,put,94016248,OK
fixed_sql-1,8,0,mixed,7,0,put,96261932,OK
fixed_sql-1,8,0,mixed,3,0,put,95844985,OK
fixed_sql-1,8,0,mixed,6,0,read_current,15240888,OK
fixed_sql-1,8,0,mixed,2,0,read_current,16086135,OK
fixed_sql-1,8,0,mixed,5,0,read_current,13227031,OK
fixed_sql-1,8,0,mixed,0,0,put,96834335,OK
fixed_sql-1,8,0,mixed,1,0,read_current,11958343,OK
fixed_sql-1,8,0,mixed,4,0,read_current,13204649,OK
fixed_sql-1,8,0,mixed,7,0,read_current,11414195,OK
fixed_sql-1,8,0,mixed,2,0,read_history,13230649,OK
fixed_sql-1,8,0,mixed,5,0,read_history,13196073,OK
fixed_sql-1,8,0,mixed,6,0,read_history,14107847,OK
fixed_sql-1,8,0,mixed,1,0,read_history,14473147,OK
fixed_sql-1,8,0,mixed,0,0,read_current,14958996,OK
fixed_sql-1,8,0,mixed,3,0,read_current,18370143,OK
fixed_sql-1,8,0,mixed,7,0,read_history,13241479,OK
fixed_sql-1,8,0,mixed,4,0,read_history,13914060,OK
fixed_sql-1,8,0,mixed,0,0,read_history,10747004,OK
fixed_sql-1,8,0,mixed,3,0,read_history,10699885,OK
fixed_sql-1,8,0,mixed,5,0,retry,76993142,OK
fixed_sql-1,8,0,mixed,1,0,retry,75381074,OK
fixed_sql-1,8,0,mixed,2,0,retry,83435148,OK
fixed_sql-1,8,0,mixed,3,0,retry,74272339,OK
fixed_sql-1,8,0,mixed,6,0,retry,86916157,OK
fixed_sql-1,8,0,mixed,7,0,retry,83523805,OK
fixed_sql-1,8,0,mixed,4,0,retry,83436761,OK
fixed_sql-1,8,0,mixed,0,0,retry,79666996,OK
fixed_sql-1,8,0,contended,0,0,put,91184556,OK
fixed_sql-1,8,0,contended,7,0,put,91463935,ABORTED
fixed_sql-1,8,0,contended,3,0,put,91290496,ABORTED
fixed_sql-1,8,0,contended,4,0,put,91778068,ABORTED
fixed_sql-1,8,0,contended,6,0,put,91797715,ABORTED
fixed_sql-1,8,0,contended,1,0,put,92075831,ABORTED
fixed_sql-1,8,0,contended,2,0,put,92190658,ABORTED
fixed_sql-1,8,0,contended,5,0,put,92314802,ABORTED
fixed_sql-1,8,1,mixed,3,0,put,108998077,OK
fixed_sql-1,8,1,mixed,7,0,put,110219125,OK
fixed_sql-1,8,1,mixed,4,0,put,111200710,OK
fixed_sql-1,8,1,mixed,1,0,put,113334143,OK
fixed_sql-1,8,1,mixed,0,0,put,115828768,OK
fixed_sql-1,8,1,mixed,5,0,put,117827416,OK
fixed_sql-1,8,1,mixed,2,0,put,119166748,OK
fixed_sql-1,8,1,mixed,6,0,put,121319386,OK
fixed_sql-1,8,1,mixed,3,0,read_current,14252550,OK
fixed_sql-1,8,1,mixed,1,0,read_current,11381954,OK
fixed_sql-1,8,1,mixed,2,0,read_current,6092787,OK
fixed_sql-1,8,1,mixed,7,0,read_current,15124117,OK
fixed_sql-1,8,1,mixed,4,0,read_current,14196845,OK
fixed_sql-1,8,1,mixed,0,0,read_current,9801316,OK
fixed_sql-1,8,1,mixed,5,0,read_current,9038665,OK
fixed_sql-1,8,1,mixed,6,0,read_current,6862832,OK
fixed_sql-1,8,1,mixed,3,0,read_history,8170574,OK
fixed_sql-1,8,1,mixed,7,0,read_history,12624633,OK
fixed_sql-1,8,1,mixed,4,0,read_history,12599655,OK
fixed_sql-1,8,1,mixed,1,0,read_history,13299729,OK
fixed_sql-1,8,1,mixed,5,0,read_history,12615315,OK
fixed_sql-1,8,1,mixed,0,0,read_history,14237331,OK
fixed_sql-1,8,1,mixed,2,0,read_history,14731134,OK
fixed_sql-1,8,1,mixed,6,0,read_history,12673665,OK
fixed_sql-1,8,1,mixed,1,0,retry,60159593,OK
fixed_sql-1,8,1,mixed,5,0,retry,59002356,OK
fixed_sql-1,8,1,mixed,3,0,retry,67047132,OK
fixed_sql-1,8,1,mixed,6,0,retry,58270763,OK
fixed_sql-1,8,1,mixed,7,0,retry,65344914,OK
fixed_sql-1,8,1,mixed,2,0,retry,63676109,OK
fixed_sql-1,8,1,mixed,4,0,retry,67163892,OK
fixed_sql-1,8,1,mixed,0,0,retry,65510447,OK
fixed_sql-1,8,1,mixed,3,0,put,90348325,OK
fixed_sql-1,8,1,mixed,7,0,put,88432895,OK
fixed_sql-1,8,1,mixed,5,0,put,95511174,OK
fixed_sql-1,8,1,mixed,4,0,put,90440179,OK
fixed_sql-1,8,1,mixed,0,0,put,91320403,OK
fixed_sql-1,8,1,mixed,6,0,put,100581859,OK
fixed_sql-1,8,1,mixed,7,0,read_current,9708331,OK
fixed_sql-1,8,1,mixed,2,0,put,97954983,OK
fixed_sql-1,8,1,mixed,1,0,put,105069300,OK
fixed_sql-1,8,1,mixed,5,0,read_current,9566582,OK
fixed_sql-1,8,1,mixed,0,0,read_current,9642276,OK
fixed_sql-1,8,1,mixed,3,0,read_current,17589387,OK
fixed_sql-1,8,1,mixed,6,0,read_current,7350153,OK
fixed_sql-1,8,1,mixed,2,0,read_current,7368208,OK
fixed_sql-1,8,1,mixed,4,0,read_current,13501741,OK
fixed_sql-1,8,1,mixed,7,0,read_history,9536736,OK
fixed_sql-1,8,1,mixed,1,0,read_current,8410468,OK
fixed_sql-1,8,1,mixed,5,0,read_history,11793602,OK
fixed_sql-1,8,1,mixed,3,0,read_history,9913027,OK
fixed_sql-1,8,1,mixed,6,0,read_history,9990073,OK
fixed_sql-1,8,1,mixed,1,0,read_history,11384418,OK
fixed_sql-1,8,1,mixed,0,0,read_history,17165296,OK
fixed_sql-1,8,1,mixed,4,0,read_history,14418524,OK
fixed_sql-1,8,1,mixed,2,0,read_history,14534243,OK
fixed_sql-1,8,1,mixed,6,0,retry,54296240,OK
fixed_sql-1,8,1,mixed,7,0,retry,60258570,OK
fixed_sql-1,8,1,mixed,5,0,retry,56273196,OK
fixed_sql-1,8,1,mixed,1,0,retry,57263369,OK
fixed_sql-1,8,1,mixed,3,0,retry,64054284,OK
fixed_sql-1,8,1,mixed,0,0,retry,57111190,OK
fixed_sql-1,8,1,mixed,2,0,retry,58340445,OK
fixed_sql-1,8,1,mixed,4,0,retry,69085264,OK
fixed_sql-1,8,1,mixed,1,0,put,103546903,OK
fixed_sql-1,8,1,mixed,2,0,put,103713348,OK
fixed_sql-1,8,1,mixed,3,0,put,107589314,OK
fixed_sql-1,8,1,mixed,5,0,put,120170535,OK
fixed_sql-1,8,1,mixed,6,0,put,123444293,OK
fixed_sql-1,8,1,mixed,7,0,put,125129017,OK
fixed_sql-1,8,1,mixed,4,0,put,106250724,OK
fixed_sql-1,8,1,mixed,2,0,read_current,15241178,OK
fixed_sql-1,8,1,mixed,1,0,read_current,16660452,OK
fixed_sql-1,8,1,mixed,3,0,read_current,12697861,OK
fixed_sql-1,8,1,mixed,0,0,put,120567886,OK
fixed_sql-1,8,1,mixed,5,0,read_current,9838527,OK
fixed_sql-1,8,1,mixed,6,0,read_current,8917205,OK
fixed_sql-1,8,1,mixed,7,0,read_current,8698071,OK
fixed_sql-1,8,1,mixed,1,0,read_history,11300139,OK
fixed_sql-1,8,1,mixed,4,0,read_current,13493054,OK
fixed_sql-1,8,1,mixed,2,0,read_history,11770929,OK
fixed_sql-1,8,1,mixed,0,0,read_current,11618321,OK
fixed_sql-1,8,1,mixed,5,0,read_history,10999370,OK
fixed_sql-1,8,1,mixed,3,0,read_history,14024158,OK
fixed_sql-1,8,1,mixed,6,0,read_history,11137873,OK
fixed_sql-1,8,1,mixed,7,0,read_history,10930610,OK
fixed_sql-1,8,1,mixed,0,0,read_history,13352659,OK
fixed_sql-1,8,1,mixed,4,0,read_history,13864456,OK
fixed_sql-1,8,1,mixed,6,0,retry,60405287,OK
fixed_sql-1,8,1,mixed,3,0,retry,60451685,OK
fixed_sql-1,8,1,mixed,2,0,retry,62912587,OK
fixed_sql-1,8,1,mixed,1,0,retry,63402242,OK
fixed_sql-1,8,1,mixed,7,0,retry,65578255,OK
fixed_sql-1,8,1,mixed,5,0,retry,69649541,OK
fixed_sql-1,8,1,mixed,4,0,retry,58340875,OK
fixed_sql-1,8,1,mixed,0,0,retry,58697660,OK
fixed_sql-1,8,1,contended,0,0,put,99088345,OK
fixed_sql-1,8,1,contended,3,0,put,99457503,ABORTED
fixed_sql-1,8,1,contended,5,0,put,99545380,ABORTED
fixed_sql-1,8,1,contended,4,0,put,99559185,ABORTED
fixed_sql-1,8,1,contended,7,0,put,99476800,ABORTED
fixed_sql-1,8,1,contended,1,0,put,99754966,ABORTED
fixed_sql-1,8,1,contended,6,0,put,100101822,ABORTED
fixed_sql-1,8,1,contended,2,0,put,100198123,ABORTED
fixed_sql-1,8,2,mixed,5,0,put,90011128,OK
fixed_sql-1,8,2,mixed,4,0,put,92217529,OK
fixed_sql-1,8,2,mixed,1,0,put,93198172,OK
fixed_sql-1,8,2,mixed,3,0,put,94693118,OK
fixed_sql-1,8,2,mixed,2,0,put,95950835,OK
fixed_sql-1,8,2,mixed,7,0,put,99017341,OK
fixed_sql-1,8,2,mixed,5,0,read_current,11297594,OK
fixed_sql-1,8,2,mixed,6,0,put,101374918,OK
fixed_sql-1,8,2,mixed,3,0,read_current,7446906,OK
fixed_sql-1,8,2,mixed,0,0,put,102742573,OK
fixed_sql-1,8,2,mixed,1,0,read_current,9692060,OK
fixed_sql-1,8,2,mixed,2,0,read_current,8145987,OK
fixed_sql-1,8,2,mixed,4,0,read_current,12993430,OK
fixed_sql-1,8,2,mixed,7,0,read_current,6339463,OK
fixed_sql-1,8,2,mixed,5,0,read_history,4906965,OK
fixed_sql-1,8,2,mixed,3,0,read_history,5749889,OK
fixed_sql-1,8,2,mixed,1,0,read_history,6835270,OK
fixed_sql-1,8,2,mixed,6,0,read_current,9099119,OK
fixed_sql-1,8,2,mixed,0,0,read_current,8524553,OK
fixed_sql-1,8,2,mixed,2,0,read_history,7084270,OK
fixed_sql-1,8,2,mixed,7,0,read_history,7173098,OK
fixed_sql-1,8,2,mixed,4,0,read_history,8410317,OK
fixed_sql-1,8,2,mixed,0,0,read_history,7818138,OK
fixed_sql-1,8,2,mixed,6,0,read_history,8743708,OK
fixed_sql-1,8,2,mixed,5,0,retry,57275732,OK
fixed_sql-1,8,2,mixed,3,0,retry,56243491,OK
fixed_sql-1,8,2,mixed,1,0,retry,54519582,OK
fixed_sql-1,8,2,mixed,7,0,retry,52422197,OK
fixed_sql-1,8,2,mixed,2,0,retry,54509523,OK
fixed_sql-1,8,2,mixed,4,0,retry,55918758,OK
fixed_sql-1,8,2,mixed,0,0,retry,65129647,OK
fixed_sql-1,8,2,mixed,6,0,retry,65347098,OK
fixed_sql-1,8,2,mixed,0,0,put,79778306,OK
fixed_sql-1,8,2,mixed,6,0,put,80954970,OK
fixed_sql-1,8,2,mixed,1,0,put,102569045,OK
fixed_sql-1,8,2,mixed,3,0,put,104920570,OK
fixed_sql-1,8,2,mixed,7,0,put,106036739,OK
fixed_sql-1,8,2,mixed,2,0,put,107186202,OK
fixed_sql-1,8,2,mixed,5,0,put,111656993,OK
fixed_sql-1,8,2,mixed,0,0,read_current,12262919,OK
fixed_sql-1,8,2,mixed,6,0,read_current,10703021,OK
fixed_sql-1,8,2,mixed,4,0,put,107011622,OK
fixed_sql-1,8,2,mixed,1,0,read_current,10731655,OK
fixed_sql-1,8,2,mixed,7,0,read_current,8364831,OK
fixed_sql-1,8,2,mixed,2,0,read_current,7560451,OK
fixed_sql-1,8,2,mixed,3,0,read_current,11443400,OK
fixed_sql-1,8,2,mixed,5,0,read_current,7648767,OK
fixed_sql-1,8,2,mixed,4,0,read_current,7148001,OK
fixed_sql-1,8,2,mixed,0,0,read_history,8990694,OK
fixed_sql-1,8,2,mixed,6,0,read_history,9881428,OK
fixed_sql-1,8,2,mixed,1,0,read_history,9843356,OK
fixed_sql-1,8,2,mixed,2,0,read_history,7613491,OK
fixed_sql-1,8,2,mixed,7,0,read_history,9613131,OK
fixed_sql-1,8,2,mixed,3,0,read_history,9800014,OK
fixed_sql-1,8,2,mixed,5,0,read_history,10070034,OK
fixed_sql-1,8,2,mixed,4,0,read_history,9594916,OK
fixed_sql-1,8,2,mixed,2,0,retry,56594705,OK
fixed_sql-1,8,2,mixed,1,0,retry,57357266,OK
fixed_sql-1,8,2,mixed,6,0,retry,58555220,OK
fixed_sql-1,8,2,mixed,7,0,retry,55844216,OK
fixed_sql-1,8,2,mixed,0,0,retry,68980155,OK
fixed_sql-1,8,2,mixed,3,0,retry,63985104,OK
fixed_sql-1,8,2,mixed,5,0,retry,61336978,OK
fixed_sql-1,8,2,mixed,4,0,retry,64418412,OK
fixed_sql-1,8,2,mixed,4,0,put,98895781,OK
fixed_sql-1,8,2,mixed,7,0,put,113029006,OK
fixed_sql-1,8,2,mixed,1,0,put,114141829,OK
fixed_sql-1,8,2,mixed,6,0,put,115526517,OK
fixed_sql-1,8,2,mixed,5,0,put,108697408,OK
fixed_sql-1,8,2,mixed,2,0,put,119590849,OK
fixed_sql-1,8,2,mixed,3,0,put,111527658,OK
fixed_sql-1,8,2,mixed,0,0,put,112959695,OK
fixed_sql-1,8,2,mixed,6,0,read_current,10025119,OK
fixed_sql-1,8,2,mixed,1,0,read_current,13328053,OK
fixed_sql-1,8,2,mixed,2,0,read_current,7876218,OK
fixed_sql-1,8,2,mixed,4,0,read_current,15511640,OK
fixed_sql-1,8,2,mixed,7,0,read_current,14484318,OK
fixed_sql-1,8,2,mixed,5,0,read_current,9467546,OK
fixed_sql-1,8,2,mixed,3,0,read_current,8734550,OK
fixed_sql-1,8,2,mixed,0,0,read_current,8022865,OK
fixed_sql-1,8,2,mixed,2,0,read_history,13088399,OK
fixed_sql-1,8,2,mixed,4,0,read_history,13214568,OK
fixed_sql-1,8,2,mixed,7,0,read_history,13120981,OK
fixed_sql-1,8,2,mixed,6,0,read_history,15267949,OK
fixed_sql-1,8,2,mixed,1,0,read_history,14130920,OK
fixed_sql-1,8,2,mixed,3,0,read_history,12520786,OK
fixed_sql-1,8,2,mixed,0,0,read_history,11952492,OK
fixed_sql-1,8,2,mixed,5,0,read_history,14870929,OK
fixed_sql-1,8,2,mixed,3,0,retry,63252709,OK
fixed_sql-1,8,2,mixed,1,0,retry,64110150,OK
fixed_sql-1,8,2,mixed,0,0,retry,63154003,OK
fixed_sql-1,8,2,mixed,4,0,retry,65163552,OK
fixed_sql-1,8,2,mixed,5,0,retry,63980055,OK
fixed_sql-1,8,2,mixed,7,0,retry,71503295,OK
fixed_sql-1,8,2,mixed,2,0,retry,71675059,OK
fixed_sql-1,8,2,mixed,6,0,retry,72444353,OK
fixed_sql-1,8,2,contended,7,0,put,76437060,OK
fixed_sql-1,8,2,contended,0,0,put,76685770,ABORTED
fixed_sql-1,8,2,contended,1,0,put,76697242,ABORTED
fixed_sql-1,8,2,contended,2,0,put,76674379,ABORTED
fixed_sql-1,8,2,contended,6,0,put,77259344,ABORTED
fixed_sql-1,8,2,contended,3,0,put,77323455,ABORTED
fixed_sql-1,8,2,contended,4,0,put,77533513,ABORTED
fixed_sql-1,8,2,contended,5,0,put,77805927,ABORTED
fixed_sql-2,4,-1,mixed,5,0,put,158378105,OK
fixed_sql-2,4,-1,mixed,3,0,put,167557505,OK
fixed_sql-2,4,-1,mixed,1,0,put,176788784,OK
fixed_sql-2,4,-1,mixed,2,1,put,181503065,OK
fixed_sql-2,4,-1,mixed,6,1,put,186381706,OK
fixed_sql-2,4,-1,mixed,7,0,put,191786623,OK
fixed_sql-2,4,-1,mixed,4,1,put,198133440,OK
fixed_sql-2,4,-1,mixed,0,1,put,203951676,OK
fixed_sql-2,4,-1,mixed,3,1,read_current,64801087,OK
fixed_sql-2,4,-1,mixed,1,1,read_current,55547595,OK
fixed_sql-2,4,-1,mixed,7,1,read_current,40626061,OK
fixed_sql-2,4,-1,mixed,5,1,read_current,74044548,OK
fixed_sql-2,4,-1,mixed,6,0,read_current,59090392,OK
fixed_sql-2,4,-1,mixed,2,0,read_current,64084762,OK
fixed_sql-2,4,-1,mixed,0,0,read_current,41674382,OK
fixed_sql-2,4,-1,mixed,4,0,read_current,47686236,OK
fixed_sql-2,4,-1,mixed,7,1,read_history,25976520,OK
fixed_sql-2,4,-1,mixed,3,1,read_history,25987421,OK
fixed_sql-2,4,-1,mixed,1,1,read_history,29287950,OK
fixed_sql-2,4,-1,mixed,5,1,read_history,29283451,OK
fixed_sql-2,4,-1,mixed,2,0,read_history,23125601,OK
fixed_sql-2,4,-1,mixed,0,0,read_history,23115122,OK
fixed_sql-2,4,-1,mixed,6,0,read_history,23200603,OK
fixed_sql-2,4,-1,mixed,4,0,read_history,22978374,OK
fixed_sql-2,4,-1,mixed,1,1,retry,89112409,OK
fixed_sql-2,4,-1,mixed,5,1,retry,89076301,OK
fixed_sql-2,4,-1,mixed,3,1,retry,92478201,OK
fixed_sql-2,4,-1,mixed,7,1,retry,98032459,OK
fixed_sql-2,4,-1,mixed,2,0,retry,105182154,OK
fixed_sql-2,4,-1,mixed,4,0,retry,105116971,OK
fixed_sql-2,4,-1,mixed,6,0,retry,105188265,OK
fixed_sql-2,4,-1,mixed,0,0,retry,109772641,OK
fixed_sql-2,4,-1,mixed,7,1,put,101275279,OK
fixed_sql-2,4,-1,mixed,3,1,put,110738737,OK
fixed_sql-2,4,-1,mixed,1,1,put,113634781,OK
fixed_sql-2,4,-1,mixed,5,1,put,121381323,OK
fixed_sql-2,4,-1,mixed,7,0,read_current,16927767,OK
fixed_sql-2,4,-1,mixed,0,0,put,112404496,OK
fixed_sql-2,4,-1,mixed,3,0,read_current,29528785,OK
fixed_sql-2,4,-1,mixed,1,0,read_current,28603706,OK
fixed_sql-2,4,-1,mixed,4,0,put,119567745,OK
fixed_sql-2,4,-1,mixed,2,0,put,123818781,OK
fixed_sql-2,4,-1,mixed,6,0,put,127957293,OK
fixed_sql-2,4,-1,mixed,5,0,read_current,35377860,OK
fixed_sql-2,4,-1,mixed,1,0,read_history,19076528,OK
fixed_sql-2,4,-1,mixed,3,0,read_history,22399960,OK
fixed_sql-2,4,-1,mixed,7,0,read_history,38960142,OK
fixed_sql-2,4,-1,mixed,4,1,read_current,22488127,OK
fixed_sql-2,4,-1,mixed,2,1,read_current,18254284,OK
fixed_sql-2,4,-1,mixed,0,1,read_current,25258443,OK
fixed_sql-2,4,-1,mixed,6,1,read_current,16299449,OK
fixed_sql-2,4,-1,mixed,5,0,read_history,18647968,OK
fixed_sql-2,4,-1,mixed,4,1,read_history,26984566,OK
fixed_sql-2,4,-1,mixed,6,1,read_history,24887853,OK
fixed_sql-2,4,-1,mixed,0,1,read_history,27324909,OK
fixed_sql-2,4,-1,mixed,2,1,read_history,27534906,OK
fixed_sql-2,4,-1,mixed,1,0,retry,69513874,OK
fixed_sql-2,4,-1,mixed,3,0,retry,68154766,OK
fixed_sql-2,4,-1,mixed,7,0,retry,72929370,OK
fixed_sql-2,4,-1,mixed,5,0,retry,69018478,OK
fixed_sql-2,4,-1,mixed,0,1,retry,61768264,OK
fixed_sql-2,4,-1,mixed,4,1,retry,62314256,OK
fixed_sql-2,4,-1,mixed,2,1,retry,61943305,OK
fixed_sql-2,4,-1,mixed,6,1,retry,65350715,OK
fixed_sql-2,4,-1,mixed,5,0,put,93050313,OK
fixed_sql-2,4,-1,mixed,7,0,put,103710682,OK
fixed_sql-2,4,-1,mixed,1,0,put,112143532,OK
fixed_sql-2,4,-1,mixed,3,0,put,116734550,OK
fixed_sql-2,4,-1,mixed,0,1,put,117279781,OK
fixed_sql-2,4,-1,mixed,5,1,read_current,35892834,OK
fixed_sql-2,4,-1,mixed,7,1,read_current,34659272,OK
fixed_sql-2,4,-1,mixed,6,1,put,116660330,OK
fixed_sql-2,4,-1,mixed,2,1,put,124376605,OK
fixed_sql-2,4,-1,mixed,4,1,put,128035351,OK
fixed_sql-2,4,-1,mixed,3,1,read_current,37920517,OK
fixed_sql-2,4,-1,mixed,5,1,read_history,13548900,OK
fixed_sql-2,4,-1,mixed,1,1,read_current,44918896,OK
fixed_sql-2,4,-1,mixed,7,1,read_history,15793794,OK
fixed_sql-2,4,-1,mixed,6,0,read_current,16420047,OK
fixed_sql-2,4,-1,mixed,2,0,read_current,11749899,OK
fixed_sql-2,4,-1,mixed,0,0,read_current,19126292,OK
fixed_sql-2,4,-1,mixed,4,0,read_current,10831203,OK
fixed_sql-2,4,-1,mixed,1,1,read_history,11138193,OK
fixed_sql-2,4,-1,mixed,3,1,read_history,13738959,OK
fixed_sql-2,4,-1,mixed,2,0,read_history,12889022,OK
fixed_sql-2,4,-1,mixed,0,0,read_history,13397855,OK
fixed_sql-2,4,-1,mixed,6,0,read_history,13546576,OK
fixed_sql-2,4,-1,mixed,4,0,read_history,11413213,OK
fixed_sql-2,4,-1,mixed,5,1,retry,69766612,OK
fixed_sql-2,4,-1,mixed,7,1,retry,71262449,OK
fixed_sql-2,4,-1,mixed,3,1,retry,67623170,OK
fixed_sql-2,4,-1,mixed,1,1,retry,67826305,OK
fixed_sql-2,4,-1,mixed,0,0,retry,71350146,OK
fixed_sql-2,4,-1,mixed,6,0,retry,71402855,OK
fixed_sql-2,4,-1,mixed,2,0,retry,75680981,OK
fixed_sql-2,4,-1,mixed,4,0,retry,80714225,OK
fixed_sql-2,4,-1,contended,5,1,put,92718125,OK
fixed_sql-2,4,-1,contended,1,1,put,98581237,ABORTED
fixed_sql-2,4,-1,contended,3,1,put,98883618,ABORTED
fixed_sql-2,4,-1,contended,7,1,put,101665667,ABORTED
fixed_sql-2,4,-1,contended,0,0,put,102051436,ABORTED
fixed_sql-2,4,-1,contended,6,0,put,102119946,ABORTED
fixed_sql-2,4,-1,contended,4,0,put,102055063,ABORTED
fixed_sql-2,4,-1,contended,2,0,put,102098536,ABORTED
fixed_sql-2,4,0,mixed,3,1,put,89558974,OK
fixed_sql-2,4,0,mixed,5,1,put,91510852,OK
fixed_sql-2,4,0,mixed,7,1,put,94342716,OK
fixed_sql-2,4,0,mixed,0,0,put,97631873,OK
fixed_sql-2,4,0,mixed,6,0,put,100090399,OK
fixed_sql-2,4,0,mixed,4,0,put,105790074,OK
fixed_sql-2,4,0,mixed,2,0,put,109801315,OK
fixed_sql-2,4,0,mixed,1,1,put,114423812,OK
fixed_sql-2,4,0,mixed,6,1,read_current,16774277,OK
fixed_sql-2,4,0,mixed,3,0,read_current,27457159,OK
fixed_sql-2,4,0,mixed,0,1,read_current,19392796,OK
fixed_sql-2,4,0,mixed,7,0,read_current,22833119,OK
fixed_sql-2,4,0,mixed,4,1,read_current,11504696,OK
fixed_sql-2,4,0,mixed,5,0,read_current,25889115,OK
fixed_sql-2,4,0,mixed,2,1,read_current,11783984,OK
fixed_sql-2,4,0,mixed,6,1,read_history,11996455,OK
fixed_sql-2,4,0,mixed,0,1,read_history,14369561,OK
fixed_sql-2,4,0,mixed,4,1,read_history,17496762,OK
fixed_sql-2,4,0,mixed,2,1,read_history,13870648,OK
fixed_sql-2,4,0,mixed,7,0,read_history,18626427,OK
fixed_sql-2,4,0,mixed,3,0,read_history,18778746,OK
fixed_sql-2,4,0,mixed,5,0,read_history,18515578,OK
fixed_sql-2,4,0,mixed,1,0,read_current,21505649,OK
fixed_sql-2,4,0,mixed,1,0,read_history,11388236,OK
fixed_sql-2,4,0,mixed,6,1,retry,70879896,OK
fixed_sql-2,4,0,mixed,0,1,retry,77308066,OK
fixed_sql-2,4,0,mixed,2,1,retry,73378238,OK
fixed_sql-2,4,0,mixed,4,1,retry,74012477,OK
fixed_sql-2,4,0,mixed,7,0,retry,77136272,OK
fixed_sql-2,4,0,mixed,3,0,retry,77122216,OK
fixed_sql-2,4,0,mixed,5,0,retry,78765331,OK
fixed_sql-2,4,0,mixed,1,0,retry,72213357,OK
fixed_sql-2,4,0,mixed,6,1,put,97597428,OK
fixed_sql-2,4,0,mixed,4,1,put,92341833,OK
fixed_sql-2,4,0,mixed,0,1,put,95237597,OK
fixed_sql-2,4,0,mixed,2,1,put,98279917,OK
fixed_sql-2,4,0,mixed,5,0,put,97547683,OK
fixed_sql-2,4,0,mixed,7,0,put,103137699,OK
fixed_sql-2,4,0,mixed,1,0,put,99343007,OK
fixed_sql-2,4,0,mixed,3,0,put,110109597,OK
fixed_sql-2,4,0,mixed,5,1,read_current,15858426,OK
fixed_sql-2,4,0,mixed,0,0,read_current,26414027,OK
fixed_sql-2,4,0,mixed,7,1,read_current,14373929,OK
fixed_sql-2,4,0,mixed,6,0,read_current,34155560,OK
fixed_sql-2,4,0,mixed,4,0,read_current,30552270,OK
fixed_sql-2,4,0,mixed,1,1,read_current,13415267,OK
fixed_sql-2,4,0,mixed,3,1,read_current,9730913,OK
fixed_sql-2,4,0,mixed,2,0,read_current,25902681,OK
fixed_sql-2,4,0,mixed,5,1,read_history,12437419,OK
fixed_sql-2,4,0,mixed,7,1,read_history,18802129,OK
fixed_sql-2,4,0,mixed,4,0,read_history,17748057,OK
fixed_sql-2,4,0,mixed,6,0,read_history,17795126,OK
fixed_sql-2,4,0,mixed,0,0,read_history,18958395,OK
fixed_sql-2,4,0,mixed,2,0,read_history,16507662,OK
fixed_sql-2,4,0,mixed,3,1,read_history,16704224,OK
fixed_sql-2,4,0,mixed,1,1,read_history,17159986,OK
fixed_sql-2,4,0,mixed,7,1,retry,61777511,OK
fixed_sql-2,4,0,mixed,5,1,retry,70591241,OK
fixed_sql-2,4,0,mixed,2,0,retry,63029156,OK
fixed_sql-2,4,0,mixed,3,1,retry,63056438,OK
fixed_sql-2,4,0,mixed,0,0,retry,63132473,OK
fixed_sql-2,4,0,mixed,1,1,retry,63288737,OK
fixed_sql-2,4,0,mixed,4,0,retry,63877460,OK
fixed_sql-2,4,0,mixed,6,0,retry,65183689,OK
fixed_sql-2,4,0,mixed,5,1,put,88925997,OK
fixed_sql-2,4,0,mixed,0,0,put,90492167,OK
fixed_sql-2,4,0,mixed,6,0,put,92228359,OK
fixed_sql-2,4,0,mixed,4,0,put,97556650,OK
fixed_sql-2,4,0,mixed,7,1,put,103546583,OK
fixed_sql-2,4,0,mixed,3,1,put,105076595,OK
fixed_sql-2,4,0,mixed,5,0,read_current,17891138,OK
fixed_sql-2,4,0,mixed,0,1,read_current,15011555,OK
fixed_sql-2,4,0,mixed,1,1,put,107620864,OK
fixed_sql-2,4,0,mixed,6,1,read_current,14928137,OK
fixed_sql-2,4,0,mixed,4,1,read_current,12790737,OK
fixed_sql-2,4,0,mixed,2,0,put,111676119,OK
fixed_sql-2,4,0,mixed,7,0,read_current,11115731,OK
fixed_sql-2,4,0,mixed,0,1,read_history,14370283,OK
fixed_sql-2,4,0,mixed,6,1,read_history,11990304,OK
fixed_sql-2,4,0,mixed,5,0,read_history,16236420,OK
fixed_sql-2,4,0,mixed,3,0,read_current,16694045,OK
fixed_sql-2,4,0,mixed,2,1,read_current,11462246,OK
fixed_sql-2,4,0,mixed,4,1,read_history,12006545,OK
fixed_sql-2,4,0,mixed,1,0,read_current,15700086,OK
fixed_sql-2,4,0,mixed,7,0,read_history,11308425,OK
fixed_sql-2,4,0,mixed,1,0,read_history,7701727,OK
fixed_sql-2,4,0,mixed,2,1,read_history,9318814,OK
fixed_sql-2,4,0,mixed,3,0,read_history,11198728,OK
fixed_sql-2,4,0,mixed,4,1,retry,73127665,OK
fixed_sql-2,4,0,mixed,0,1,retry,76373380,OK
fixed_sql-2,4,0,mixed,6,1,retry,75047454,OK
fixed_sql-2,4,0,mixed,5,0,retry,75449724,OK
fixed_sql-2,4,0,mixed,3,0,retry,65792620,OK
fixed_sql-2,4,0,mixed,7,0,retry,74403958,OK
fixed_sql-2,4,0,mixed,1,0,retry,71615687,OK
fixed_sql-2,4,0,mixed,2,1,retry,78001848,OK
fixed_sql-2,4,0,contended,1,1,put,88627262,OK
fixed_sql-2,4,0,contended,7,1,put,88825437,ABORTED
fixed_sql-2,4,0,contended,0,0,put,89701513,ABORTED
fixed_sql-2,4,0,contended,4,0,put,90177953,ABORTED
fixed_sql-2,4,0,contended,2,0,put,90238307,ABORTED
fixed_sql-2,4,0,contended,6,0,put,90423317,ABORTED
fixed_sql-2,4,0,contended,5,1,put,90630708,ABORTED
fixed_sql-2,4,0,contended,3,1,put,90896221,ABORTED
fixed_sql-2,4,1,mixed,2,1,put,85265347,OK
fixed_sql-2,4,1,mixed,4,1,put,87990769,OK
fixed_sql-2,4,1,mixed,0,1,put,91849012,OK
fixed_sql-2,4,1,mixed,6,1,put,94787336,OK
fixed_sql-2,4,1,mixed,3,0,put,96834185,OK
fixed_sql-2,4,1,mixed,5,0,put,98064460,OK
fixed_sql-2,4,1,mixed,7,0,put,101101821,OK
fixed_sql-2,4,1,mixed,1,0,put,102934155,OK
fixed_sql-2,4,1,mixed,2,0,read_current,25704646,OK
fixed_sql-2,4,1,mixed,4,0,read_current,22902781,OK
fixed_sql-2,4,1,mixed,0,0,read_current,19126041,OK
fixed_sql-2,4,1,mixed,6,0,read_current,16852525,OK
fixed_sql-2,4,1,mixed,5,1,read_current,15478287,OK
fixed_sql-2,4,1,mixed,3,1,read_current,16677053,OK
fixed_sql-2,4,1,mixed,1,1,read_current,10801737,OK
fixed_sql-2,4,1,mixed,7,1,read_current,12707900,OK
fixed_sql-2,4,1,mixed,6,0,read_history,10451936,OK
fixed_sql-2,4,1,mixed,4,0,read_history,11205881,OK
fixed_sql-2,4,1,mixed,2,0,read_history,11455974,OK
fixed_sql-2,4,1,mixed,0,0,read_history,12758926,OK
fixed_sql-2,4,1,mixed,5,1,read_history,14228564,OK
fixed_sql-2,4,1,mixed,3,1,read_history,14313375,OK
fixed_sql-2,4,1,mixed,1,1,read_history,14142172,OK
fixed_sql-2,4,1,mixed,7,1,read_history,14015282,OK
fixed_sql-2,4,1,mixed,4,0,retry,65540593,OK
fixed_sql-2,4,1,mixed,7,1,retry,69028838,OK
fixed_sql-2,4,1,mixed,5,1,retry,70295712,OK
fixed_sql-2,4,1,mixed,3,1,retry,70205682,OK
fixed_sql-2,4,1,mixed,1,1,retry,73629654,OK
fixed_sql-2,4,1,mixed,0,0,retry,80694888,OK
fixed_sql-2,4,1,mixed,6,0,retry,82579781,OK
fixed_sql-2,4,1,mixed,2,0,retry,89618876,OK
fixed_sql-2,4,1,mixed,0,0,put,84817671,OK
fixed_sql-2,4,1,mixed,4,0,put,102475017,OK
fixed_sql-2,4,1,mixed,6,0,put,90637392,OK
fixed_sql-2,4,1,mixed,2,0,put,87421703,OK
fixed_sql-2,4,1,mixed,7,1,put,105854985,OK
fixed_sql-2,4,1,mixed,1,1,put,102953461,OK
fixed_sql-2,4,1,mixed,5,1,put,109534311,OK
fixed_sql-2,4,1,mixed,3,1,put,113795685,OK
fixed_sql-2,4,1,mixed,2,1,read_current,22838740,OK
fixed_sql-2,4,1,mixed,0,1,read_current,33301336,OK
fixed_sql-2,4,1,mixed,4,1,read_current,32363423,OK
fixed_sql-2,4,1,mixed,6,1,read_current,27354956,OK
fixed_sql-2,4,1,mixed,7,0,read_current,23611771,OK
fixed_sql-2,4,1,mixed,1,0,read_current,22188881,OK
fixed_sql-2,4,1,mixed,5,0,read_current,19176417,OK
fixed_sql-2,4,1,mixed,3,0,read_current,15531087,OK
fixed_sql-2,4,1,mixed,7,0,read_history,17336128,OK
fixed_sql-2,4,1,mixed,3,0,read_history,16396432,OK
fixed_sql-2,4,1,mixed,6,1,read_history,21291996,OK
fixed_sql-2,4,1,mixed,5,0,read_history,17210612,OK
fixed_sql-2,4,1,mixed,4,1,read_history,21391083,OK
fixed_sql-2,4,1,mixed,0,1,read_history,21520498,OK
fixed_sql-2,4,1,mixed,2,1,read_history,21842666,OK
fixed_sql-2,4,1,mixed,1,0,read_history,18073713,OK
fixed_sql-2,4,1,mixed,6,1,retry,63801597,OK
fixed_sql-2,4,1,mixed,0,1,retry,63684175,OK
fixed_sql-2,4,1,mixed,2,1,retry,63620384,OK
fixed_sql-2,4,1,mixed,4,1,retry,64524734,OK
fixed_sql-2,4,1,mixed,3,0,retry,65546685,OK
fixed_sql-2,4,1,mixed,5,0,retry,65373728,OK
fixed_sql-2,4,1,mixed,7,0,retry,68583325,OK
fixed_sql-2,4,1,mixed,1,0,retry,67611628,OK
fixed_sql-2,4,1,mixed,1,0,put,83222135,OK
fixed_sql-2,4,1,mixed,4,1,put,95278534,OK
fixed_sql-2,4,1,mixed,2,1,put,97729257,OK
fixed_sql-2,4,1,mixed,6,1,put,99373384,OK
fixed_sql-2,4,1,mixed,0,1,put,102659927,OK
fixed_sql-2,4,1,mixed,7,0,put,100932611,OK
fixed_sql-2,4,1,mixed,1,1,read_current,17621047,OK
fixed_sql-2,4,1,mixed,4,0,read_current,10877540,OK
fixed_sql-2,4,1,mixed,5,0,put,105929066,OK
fixed_sql-2,4,1,mixed,2,0,read_current,11488886,OK
fixed_sql-2,4,1,mixed,3,0,put,108646132,OK
fixed_sql-2,4,1,mixed,6,0,read_current,11448630,OK
fixed_sql-2,4,1,mixed,0,0,read_current,8336197,OK
fixed_sql-2,4,1,mixed,4,0,read_history,6397893,OK
fixed_sql-2,4,1,mixed,5,1,read_current,10553188,OK
fixed_sql-2,4,1,mixed,1,1,read_history,15420778,OK
fixed_sql-2,4,1,mixed,0,0,read_history,9823067,OK
fixed_sql-2,4,1,mixed,7,1,read_current,15543390,OK
fixed_sql-2,4,1,mixed,2,0,read_history,11700216,OK
fixed_sql-2,4,1,mixed,6,0,read_history,10225739,OK
fixed_sql-2,4,1,mixed,3,1,read_current,11520857,OK
fixed_sql-2,4,1,mixed,5,1,read_history,10844939,OK
fixed_sql-2,4,1,mixed,3,1,read_history,9173470,OK
fixed_sql-2,4,1,mixed,7,1,read_history,9894843,OK
fixed_sql-2,4,1,mixed,1,1,retry,60793852,OK
fixed_sql-2,4,1,mixed,5,1,retry,59338231,OK
fixed_sql-2,4,1,mixed,3,1,retry,59073730,OK
fixed_sql-2,4,1,mixed,4,0,retry,82416172,OK
fixed_sql-2,4,1,mixed,0,0,retry,77522653,OK
fixed_sql-2,4,1,mixed,2,0,retry,79562177,OK
fixed_sql-2,4,1,mixed,7,1,retry,69802910,OK
fixed_sql-2,4,1,mixed,6,0,retry,81705138,OK
fixed_sql-2,4,1,contended,4,0,put,87003042,OK
fixed_sql-2,4,1,contended,0,0,put,87432113,ABORTED
fixed_sql-2,4,1,contended,2,0,put,87375115,ABORTED
fixed_sql-2,4,1,contended,6,0,put,87523466,ABORTED
fixed_sql-2,4,1,contended,3,1,put,92289624,ABORTED
fixed_sql-2,4,1,contended,1,1,put,92595733,ABORTED
fixed_sql-2,4,1,contended,7,1,put,92669864,ABORTED
fixed_sql-2,4,1,contended,5,1,put,93066463,ABORTED
fixed_sql-2,4,2,mixed,7,1,put,83461027,OK
fixed_sql-2,4,2,mixed,3,1,put,84783897,OK
fixed_sql-2,4,2,mixed,1,1,put,86878116,OK
fixed_sql-2,4,2,mixed,5,1,put,88180628,OK
fixed_sql-2,4,2,mixed,6,0,put,90717994,OK
fixed_sql-2,4,2,mixed,4,0,put,92190558,OK
fixed_sql-2,4,2,mixed,2,0,put,94358255,OK
fixed_sql-2,4,2,mixed,0,0,put,96715661,OK
fixed_sql-2,4,2,mixed,1,0,read_current,17532069,OK
fixed_sql-2,4,2,mixed,5,0,read_current,16166948,OK
fixed_sql-2,4,2,mixed,7,0,read_current,20933419,OK
fixed_sql-2,4,2,mixed,3,0,read_current,19883453,OK
fixed_sql-2,4,2,mixed,6,1,read_current,13998900,OK
fixed_sql-2,4,2,mixed,2,1,read_current,10529683,OK
fixed_sql-2,4,2,mixed,4,1,read_current,13325487,OK
fixed_sql-2,4,2,mixed,0,1,read_current,9430615,OK
fixed_sql-2,4,2,mixed,5,0,read_history,6935119,OK
fixed_sql-2,4,2,mixed,3,0,read_history,8875667,OK
fixed_sql-2,4,2,mixed,1,0,read_history,9981457,OK
fixed_sql-2,4,2,mixed,7,0,read_history,15551165,OK
fixed_sql-2,4,2,mixed,0,1,read_history,13873854,OK
fixed_sql-2,4,2,mixed,2,1,read_history,15947594,OK
fixed_sql-2,4,2,mixed,4,1,read_history,15376495,OK
fixed_sql-2,4,2,mixed,6,1,read_history,16201143,OK
fixed_sql-2,4,2,mixed,2,1,retry,57387483,OK
fixed_sql-2,4,2,mixed,6,1,retry,57317661,OK
fixed_sql-2,4,2,mixed,0,1,retry,58699233,OK
fixed_sql-2,4,2,mixed,4,1,retry,70218747,OK
fixed_sql-2,4,2,mixed,3,0,retry,79648040,OK
fixed_sql-2,4,2,mixed,1,0,retry,78855071,OK
fixed_sql-2,4,2,mixed,5,0,retry,90332616,OK
fixed_sql-2,4,2,mixed,7,0,retry,81785320,OK
fixed_sql-2,4,2,mixed,6,1,put,87038569,OK
fixed_sql-2,4,2,mixed,0,1,put,87918162,OK
fixed_sql-2,4,2,mixed,2,1,put,89629346,OK
fixed_sql-2,4,2,mixed,4,1,put,80939310,OK
fixed_sql-2,4,2,mixed,3,0,put,94183234,OK
fixed_sql-2,4,2,mixed,6,0,read_current,23768818,OK
fixed_sql-2,4,2,mixed,2,0,read_current,22194852,OK
fixed_sql-2,4,2,mixed,7,0,put,89592657,OK
fixed_sql-2,4,2,mixed,0,0,read_current,24875730,OK
fixed_sql-2,4,2,mixed,1,0,put,99164099,OK
fixed_sql-2,4,2,mixed,5,0,put,96750697,OK
fixed_sql-2,4,2,mixed,4,0,read_current,26606231,OK
fixed_sql-2,4,2,mixed,2,0,read_history,18724583,OK
fixed_sql-2,4,2,mixed,0,0,read_history,17560663,OK
fixed_sql-2,4,2,mixed,6,0,read_history,20768246,OK
fixed_sql-2,4,2,mixed,7,1,read_current,19183140,OK
fixed_sql-2,4,2,mixed,1,1,read_current,17864246,OK
fixed_sql-2,4,2,mixed,3,1,read_current,23878876,OK
fixed_sql-2,4,2,mixed,5,1,read_current,15161057,OK
fixed_sql-2,4,2,mixed,4,0,read_history,15280914,OK
fixed_sql-2,4,2,mixed,1,1,read_history,12926644,OK
fixed_sql-2,4,2,mixed,5,1,read_history,9921584,OK
fixed_sql-2,4,2,mixed,3,1,read_history,12344864,OK
fixed_sql-2,4,2,mixed,7,1,read_history,14540915,OK
fixed_sql-2,4,2,mixed,0,0,retry,67342991,OK
fixed_sql-2,4,2,mixed,6,0,retry,69215751,OK
fixed_sql-2,4,2,mixed,2,0,retry,73504087,OK
fixed_sql-2,4,2,mixed,1,1,retry,59453377,OK
fixed_sql-2,4,2,mixed,4,0,retry,77039589,OK
fixed_sql-2,4,2,mixed,7,1,retry,67224356,OK
fixed_sql-2,4,2,mixed,5,1,retry,69791498,OK
fixed_sql-2,4,2,mixed,3,1,retry,69720615,OK
fixed_sql-2,4,2,mixed,0,0,put,97812985,OK
fixed_sql-2,4,2,mixed,2,0,put,96056755,OK
fixed_sql-2,4,2,mixed,6,0,put,102271332,OK
fixed_sql-2,4,2,mixed,0,1,read_current,13280543,OK
fixed_sql-2,4,2,mixed,2,1,read_current,9606388,OK
fixed_sql-2,4,2,mixed,4,0,put,114149954,OK
fixed_sql-2,4,2,mixed,1,1,put,124445325,OK
fixed_sql-2,4,2,mixed,6,1,read_current,27061702,OK
fixed_sql-2,4,2,mixed,5,1,put,116997858,OK
fixed_sql-2,4,2,mixed,7,1,put,120078431,OK
fixed_sql-2,4,2,mixed,3,1,put,121393025,OK
fixed_sql-2,4,2,mixed,4,1,read_current,16549261,OK
fixed_sql-2,4,2,mixed,2,1,read_history,35115945,OK
fixed_sql-2,4,2,mixed,0,1,read_history,35593197,OK
fixed_sql-2,4,2,mixed,6,1,read_history,15690437,OK
fixed_sql-2,4,2,mixed,3,0,read_current,12701839,OK
fixed_sql-2,4,2,mixed,5,0,read_current,17260846,OK
fixed_sql-2,4,2,mixed,1,0,read_current,20229177,OK
fixed_sql-2,4,2,mixed,7,0,read_current,15367668,OK
fixed_sql-2,4,2,mixed,4,1,read_history,11422581,OK
fixed_sql-2,4,2,mixed,3,0,read_history,15045238,OK
fixed_sql-2,4,2,mixed,7,0,read_history,15256969,OK
fixed_sql-2,4,2,mixed,5,0,read_history,16467186,OK
fixed_sql-2,4,2,mixed,1,0,read_history,16435456,OK
fixed_sql-2,4,2,mixed,2,1,retry,61656813,OK
fixed_sql-2,4,2,mixed,0,1,retry,61622198,OK
fixed_sql-2,4,2,mixed,6,1,retry,69227603,OK
fixed_sql-2,4,2,mixed,4,1,retry,63783783,OK
fixed_sql-2,4,2,mixed,1,0,retry,60208245,OK
fixed_sql-2,4,2,mixed,3,0,retry,64154484,OK
fixed_sql-2,4,2,mixed,7,0,retry,65530044,OK
fixed_sql-2,4,2,mixed,5,0,retry,68675620,OK
fixed_sql-2,4,2,contended,7,1,put,83027417,OK
fixed_sql-2,4,2,contended,3,1,put,83157774,ABORTED
fixed_sql-2,4,2,contended,2,0,put,83255138,ABORTED
fixed_sql-2,4,2,contended,0,0,put,84147174,ABORTED
fixed_sql-2,4,2,contended,5,1,put,85055380,ABORTED
fixed_sql-2,4,2,contended,4,0,put,85208831,ABORTED
fixed_sql-2,4,2,contended,6,0,put,85194353,ABORTED
fixed_sql-2,4,2,contended,1,1,put,85524678,ABORTED
fixed_sql-4,2,-1,mixed,1,0,put,191035172,OK
fixed_sql-4,2,-1,mixed,5,0,put,195784489,OK
fixed_sql-4,2,-1,mixed,6,1,put,202763391,OK
fixed_sql-4,2,-1,mixed,4,3,put,213057378,OK
fixed_sql-4,2,-1,mixed,2,1,put,221079281,OK
fixed_sql-4,2,-1,mixed,3,2,put,230778424,OK
fixed_sql-4,2,-1,mixed,7,2,put,235120422,OK
fixed_sql-4,2,-1,mixed,0,3,put,244008061,OK
fixed_sql-4,2,-1,mixed,1,1,read_current,80366598,OK
fixed_sql-4,2,-1,mixed,5,1,read_current,75893694,OK
fixed_sql-4,2,-1,mixed,4,0,read_current,71048606,OK
fixed_sql-4,2,-1,mixed,0,0,read_current,40500323,OK
fixed_sql-4,2,-1,mixed,6,2,read_current,90520210,OK
fixed_sql-4,2,-1,mixed,2,2,read_current,72520438,OK
fixed_sql-4,2,-1,mixed,5,1,read_history,26060970,OK
fixed_sql-4,2,-1,mixed,1,1,read_history,26246010,OK
fixed_sql-4,2,-1,mixed,3,3,read_current,71743058,OK
fixed_sql-4,2,-1,mixed,7,3,read_current,67438030,OK
fixed_sql-4,2,-1,mixed,0,0,read_history,21065738,OK
fixed_sql-4,2,-1,mixed,4,0,read_history,21477196,OK
fixed_sql-4,2,-1,mixed,2,2,read_history,18317924,OK
fixed_sql-4,2,-1,mixed,6,2,read_history,19179763,OK
fixed_sql-4,2,-1,mixed,3,3,read_history,21077380,OK
fixed_sql-4,2,-1,mixed,7,3,read_history,21186737,OK
fixed_sql-4,2,-1,mixed,5,1,retry,89207809,OK
fixed_sql-4,2,-1,mixed,1,1,retry,94749965,OK
fixed_sql-4,2,-1,mixed,6,2,retry,81461628,OK
fixed_sql-4,2,-1,mixed,4,0,retry,90290936,OK
fixed_sql-4,2,-1,mixed,2,2,retry,87450749,OK
fixed_sql-4,2,-1,mixed,3,3,retry,86406314,OK
fixed_sql-4,2,-1,mixed,7,3,retry,93565326,OK
fixed_sql-4,2,-1,mixed,0,0,retry,118940680,OK
fixed_sql-4,2,-1,mixed,1,1,put,120272187,OK
fixed_sql-4,2,-1,mixed,5,1,put,138858809,OK
fixed_sql-4,2,-1,mixed,6,2,put,137969728,OK
fixed_sql-4,2,-1,mixed,2,2,put,141618004,OK
fixed_sql-4,2,-1,mixed,4,0,put,156701826,OK
fixed_sql-4,2,-1,mixed,1,2,read_current,40731740,OK
fixed_sql-4,2,-1,mixed,5,2,read_current,27857115,OK
fixed_sql-4,2,-1,mixed,3,3,put,150957789,OK
fixed_sql-4,2,-1,mixed,0,0,put,147474775,OK
fixed_sql-4,2,-1,mixed,1,2,read_history,22008480,OK
fixed_sql-4,2,-1,mixed,5,2,read_history,21866642,OK
fixed_sql-4,2,-1,mixed,4,1,read_current,22972111,OK
fixed_sql-4,2,-1,mixed,3,0,read_current,19611148,OK
fixed_sql-4,2,-1,mixed,6,3,read_current,48674965,OK
fixed_sql-4,2,-1,mixed,7,3,put,163454670,OK
fixed_sql-4,2,-1,mixed,2,3,read_current,41281861,OK
fixed_sql-4,2,-1,mixed,0,1,read_current,18674508,OK
fixed_sql-4,2,-1,mixed,4,1,read_history,15272027,OK
fixed_sql-4,2,-1,mixed,3,0,read_history,19977101,OK
fixed_sql-4,2,-1,mixed,7,0,read_current,20219498,OK
fixed_sql-4,2,-1,mixed,2,3,read_history,19166268,OK
fixed_sql-4,2,-1,mixed,6,3,read_history,21192628,OK
fixed_sql-4,2,-1,mixed,0,1,read_history,14262900,OK
fixed_sql-4,2,-1,mixed,7,0,read_history,16644942,OK
fixed_sql-4,2,-1,mixed,5,2,retry,67454451,OK
fixed_sql-4,2,-1,mixed,1,2,retry,72712139,OK
fixed_sql-4,2,-1,mixed,4,1,retry,67998390,OK
fixed_sql-4,2,-1,mixed,6,3,retry,62893530,OK
fixed_sql-4,2,-1,mixed,2,3,retry,63097557,OK
fixed_sql-4,2,-1,mixed,3,0,retry,74317063,OK
fixed_sql-4,2,-1,mixed,0,1,retry,71933668,OK
fixed_sql-4,2,-1,mixed,7,0,retry,65594676,OK
fixed_sql-4,2,-1,mixed,1,2,put,115818418,OK
fixed_sql-4,2,-1,mixed,5,2,put,130720045,OK
fixed_sql-4,2,-1,mixed,4,1,put,121284862,OK
fixed_sql-4,2,-1,mixed,6,3,put,120246419,OK
fixed_sql-4,2,-1,mixed,2,3,put,126310250,OK
fixed_sql-4,2,-1,mixed,0,1,put,120440845,OK
fixed_sql-4,2,-1,mixed,5,3,read_current,28578649,OK
fixed_sql-4,2,-1,mixed,4,2,read_current,22046812,OK
fixed_sql-4,2,-1,mixed,1,3,read_current,38143007,OK
fixed_sql-4,2,-1,mixed,3,0,put,130014411,OK
fixed_sql-4,2,-1,mixed,7,0,put,126248303,OK
fixed_sql-4,2,-1,mixed,0,2,read_current,17249845,OK
fixed_sql-4,2,-1,mixed,4,2,read_history,12684095,OK
fixed_sql-4,2,-1,mixed,1,3,read_history,13125910,OK
fixed_sql-4,2,-1,mixed,5,3,read_history,17703362,OK
fixed_sql-4,2,-1,mixed,2,0,read_current,32806390,OK
fixed_sql-4,2,-1,mixed,6,0,read_current,39256472,OK
fixed_sql-4,2,-1,mixed,7,1,read_current,14841944,OK
fixed_sql-4,2,-1,mixed,3,1,read_current,19431599,OK
fixed_sql-4,2,-1,mixed,0,2,read_history,16164854,OK
fixed_sql-4,2,-1,mixed,6,0,read_history,17323384,OK
fixed_sql-4,2,-1,mixed,2,0,read_history,20850792,OK
fixed_sql-4,2,-1,mixed,3,1,read_history,21342251,OK
fixed_sql-4,2,-1,mixed,7,1,read_history,21494729,OK
fixed_sql-4,2,-1,mixed,4,2,retry,63473296,OK
fixed_sql-4,2,-1,mixed,5,3,retry,60870316,OK
fixed_sql-4,2,-1,mixed,1,3,retry,66018878,OK
fixed_sql-4,2,-1,mixed,0,2,retry,58762172,OK
fixed_sql-4,2,-1,mixed,6,0,retry,67167800,OK
fixed_sql-4,2,-1,mixed,2,0,retry,64059634,OK
fixed_sql-4,2,-1,mixed,3,1,retry,66373318,OK
fixed_sql-4,2,-1,mixed,7,1,retry,66386874,OK
fixed_sql-4,2,-1,contended,5,1,put,97129263,OK
fixed_sql-4,2,-1,contended,1,1,put,101987686,ABORTED
fixed_sql-4,2,-1,contended,2,2,put,104367294,ABORTED
fixed_sql-4,2,-1,contended,3,3,put,107965364,ABORTED
fixed_sql-4,2,-1,contended,6,2,put,108957049,ABORTED
fixed_sql-4,2,-1,contended,4,0,put,110263388,ABORTED
fixed_sql-4,2,-1,contended,0,0,put,110353278,ABORTED
fixed_sql-4,2,-1,contended,7,3,put,113699283,ABORTED
fixed_sql-4,2,0,mixed,2,2,put,103283595,OK
fixed_sql-4,2,0,mixed,6,2,put,108310247,OK
fixed_sql-4,2,0,mixed,0,0,put,131183000,OK
fixed_sql-4,2,0,mixed,4,0,put,136445869,OK
fixed_sql-4,2,0,mixed,3,3,put,140837359,OK
fixed_sql-4,2,0,mixed,7,3,put,144205916,OK
fixed_sql-4,2,0,mixed,1,1,put,149804238,OK
fixed_sql-4,2,0,mixed,6,3,read_current,45933523,OK
fixed_sql-4,2,0,mixed,2,3,read_current,50903286,OK
fixed_sql-4,2,0,mixed,5,1,put,154441534,OK
fixed_sql-4,2,0,mixed,7,0,read_current,15445565,OK
fixed_sql-4,2,0,mixed,3,0,read_current,18924090,OK
fixed_sql-4,2,0,mixed,0,1,read_current,34132176,OK
fixed_sql-4,2,0,mixed,4,1,read_current,28957766,OK
fixed_sql-4,2,0,mixed,5,2,read_current,13181866,OK
fixed_sql-4,2,0,mixed,1,2,read_current,17980877,OK
fixed_sql-4,2,0,mixed,6,3,read_history,16068823,OK
fixed_sql-4,2,0,mixed,2,3,read_history,16046450,OK
fixed_sql-4,2,0,mixed,3,0,read_history,16018778,OK
fixed_sql-4,2,0,mixed,7,0,read_history,16168301,OK
fixed_sql-4,2,0,mixed,1,2,read_history,15102627,OK
fixed_sql-4,2,0,mixed,4,1,read_history,19394088,OK
fixed_sql-4,2,0,mixed,0,1,read_history,19741084,OK
fixed_sql-4,2,0,mixed,5,2,read_history,17999292,OK
fixed_sql-4,2,0,mixed,6,3,retry,62021873,OK
fixed_sql-4,2,0,mixed,2,3,retry,62034617,OK
fixed_sql-4,2,0,mixed,7,0,retry,65312082,OK
fixed_sql-4,2,0,mixed,3,0,retry,73282007,OK
fixed_sql-4,2,0,mixed,1,2,retry,66715715,OK
fixed_sql-4,2,0,mixed,5,2,retry,64251417,OK
fixed_sql-4,2,0,mixed,4,1,retry,69082749,OK
fixed_sql-4,2,0,mixed,0,1,retry,69801188,OK
fixed_sql-4,2,0,mixed,2,3,put,112131089,OK
fixed_sql-4,2,0,mixed,6,3,put,116639741,OK
fixed_sql-4,2,0,mixed,7,0,put,112873012,OK
fixed_sql-4,2,0,mixed,3,0,put,110504545,OK
fixed_sql-4,2,0,mixed,4,1,put,109089510,OK
fixed_sql-4,2,0,mixed,0,1,put,113272366,OK
fixed_sql-4,2,0,mixed,2,0,read_current,23588507,OK
fixed_sql-4,2,0,mixed,6,0,read_current,19402294,OK
fixed_sql-4,2,0,mixed,5,2,put,123535405,OK
fixed_sql-4,2,0,mixed,7,1,read_current,24358592,OK
fixed_sql-4,2,0,mixed,1,2,put,128852164,OK
fixed_sql-4,2,0,mixed,3,1,read_current,19983302,OK
fixed_sql-4,2,0,mixed,6,0,read_history,16777051,OK
fixed_sql-4,2,0,mixed,2,0,read_history,17539383,OK
fixed_sql-4,2,0,mixed,0,2,read_current,24601962,OK
fixed_sql-4,2,0,mixed,4,2,read_current,30006768,OK
fixed_sql-4,2,0,mixed,5,3,read_current,21825805,OK
fixed_sql-4,2,0,mixed,1,3,read_current,17028557,OK
fixed_sql-4,2,0,mixed,3,1,read_history,17065477,OK
fixed_sql-4,2,0,mixed,7,1,read_history,19992820,OK
fixed_sql-4,2,0,mixed,1,3,read_history,16032374,OK
fixed_sql-4,2,0,mixed,5,3,read_history,16743769,OK
fixed_sql-4,2,0,mixed,0,2,read_history,19455315,OK
fixed_sql-4,2,0,mixed,4,2,read_history,19164064,OK
fixed_sql-4,2,0,mixed,6,0,retry,66864367,OK
fixed_sql-4,2,0,mixed,2,0,retry,80712942,OK
fixed_sql-4,2,0,mixed,3,1,retry,71216622,OK
fixed_sql-4,2,0,mixed,0,2,retry,55946169,OK
fixed_sql-4,2,0,mixed,1,3,retry,58934848,OK
fixed_sql-4,2,0,mixed,5,3,retry,58732966,OK
fixed_sql-4,2,0,mixed,7,1,retry,76421962,OK
fixed_sql-4,2,0,mixed,4,2,retry,63561473,OK
fixed_sql-4,2,0,mixed,6,0,put,96892254,OK
fixed_sql-4,2,0,mixed,4,2,put,93181801,OK
fixed_sql-4,2,0,mixed,3,1,put,103650498,OK
fixed_sql-4,2,0,mixed,0,2,put,108188286,OK
fixed_sql-4,2,0,mixed,5,3,put,110313272,OK
fixed_sql-4,2,0,mixed,6,1,read_current,33653802,OK
fixed_sql-4,2,0,mixed,1,3,put,113254813,OK
fixed_sql-4,2,0,mixed,7,1,put,113247609,OK
fixed_sql-4,2,0,mixed,3,2,read_current,19130340,OK
fixed_sql-4,2,0,mixed,2,0,put,126138245,OK
fixed_sql-4,2,0,mixed,4,3,read_current,27337102,OK
fixed_sql-4,2,0,mixed,0,3,read_current,19964486,OK
fixed_sql-4,2,0,mixed,6,1,read_history,14880046,OK
fixed_sql-4,2,0,mixed,5,0,read_current,21242573,OK
fixed_sql-4,2,0,mixed,1,0,read_current,18890356,OK
fixed_sql-4,2,0,mixed,2,1,read_current,13209679,OK
fixed_sql-4,2,0,mixed,7,2,read_current,18344174,OK
fixed_sql-4,2,0,mixed,3,2,read_history,15953996,OK
fixed_sql-4,2,0,mixed,4,3,read_history,14517962,OK
fixed_sql-4,2,0,mixed,0,3,read_history,14734181,OK
fixed_sql-4,2,0,mixed,1,0,read_history,9914220,OK
fixed_sql-4,2,0,mixed,5,0,read_history,11025901,OK
fixed_sql-4,2,0,mixed,7,2,read_history,15168812,OK
fixed_sql-4,2,0,mixed,2,1,read_history,18173662,OK
fixed_sql-4,2,0,mixed,6,1,retry,65462285,OK
fixed_sql-4,2,0,mixed,4,3,retry,57645571,OK
fixed_sql-4,2,0,mixed,0,3,retry,57440724,OK
fixed_sql-4,2,0,mixed,3,2,retry,62980184,OK
fixed_sql-4,2,0,mixed,5,0,retry,68704795,OK
fixed_sql-4,2,0,mixed,1,0,retry,71001426,OK
fixed_sql-4,2,0,mixed,7,2,retry,64842534,OK
fixed_sql-4,2,0,mixed,2,1,retry,64662264,OK
fixed_sql-4,2,0,contended,3,3,put,85284233,OK
fixed_sql-4,2,0,contended,2,2,put,86191127,ABORTED
fixed_sql-4,2,0,contended,6,2,put,86153806,ABORTED
fixed_sql-4,2,0,contended,7,3,put,87373412,ABORTED
fixed_sql-4,2,0,contended,5,1,put,87461378,ABORTED
fixed_sql-4,2,0,contended,1,1,put,87540568,ABORTED
fixed_sql-4,2,0,contended,0,0,put,88841297,ABORTED
fixed_sql-4,2,0,contended,4,0,put,89007060,ABORTED
fixed_sql-4,2,1,mixed,6,3,put,86363123,OK
fixed_sql-4,2,1,mixed,4,1,put,96011880,OK
fixed_sql-4,2,1,mixed,0,1,put,99015287,OK
fixed_sql-4,2,1,mixed,6,0,read_current,15517311,OK
fixed_sql-4,2,1,mixed,5,2,put,102106290,OK
fixed_sql-4,2,1,mixed,1,2,put,105305116,OK
fixed_sql-4,2,1,mixed,2,3,put,108956428,OK
fixed_sql-4,2,1,mixed,0,2,read_current,14047182,OK
fixed_sql-4,2,1,mixed,5,3,read_current,12113126,OK
fixed_sql-4,2,1,mixed,4,2,read_current,18095314,OK
fixed_sql-4,2,1,mixed,1,3,read_current,10523351,OK
fixed_sql-4,2,1,mixed,3,0,put,117870498,OK
fixed_sql-4,2,1,mixed,7,0,put,121610206,OK
fixed_sql-4,2,1,mixed,1,3,read_history,12136169,OK
fixed_sql-4,2,1,mixed,5,3,read_history,14187336,OK
fixed_sql-4,2,1,mixed,0,2,read_history,16896428,OK
fixed_sql-4,2,1,mixed,2,0,read_current,23725947,OK
fixed_sql-4,2,1,mixed,6,0,read_history,30856444,OK
fixed_sql-4,2,1,mixed,4,2,read_history,18904182,OK
fixed_sql-4,2,1,mixed,7,1,read_current,14301142,OK
fixed_sql-4,2,1,mixed,3,1,read_current,18017005,OK
fixed_sql-4,2,1,mixed,2,0,read_history,17125761,OK
fixed_sql-4,2,1,mixed,7,1,read_history,13851001,OK
fixed_sql-4,2,1,mixed,3,1,read_history,13848487,OK
fixed_sql-4,2,1,mixed,1,3,retry,62470000,OK
fixed_sql-4,2,1,mixed,5,3,retry,62154754,OK
fixed_sql-4,2,1,mixed,4,2,retry,66296132,OK
fixed_sql-4,2,1,mixed,0,2,retry,75664540,OK
fixed_sql-4,2,1,mixed,6,0,retry,73235629,OK
fixed_sql-4,2,1,mixed,2,0,retry,78279713,OK
fixed_sql-4,2,1,mixed,3,1,retry,80074095,OK
fixed_sql-4,2,1,mixed,7,1,retry,80130542,OK
fixed_sql-4,2,1,mixed,1,3,put,104165021,OK
fixed_sql-4,2,1,mixed,5,3,put,106078338,OK
fixed_sql-4,2,1,mixed,1,0,read_current,21273110,OK
fixed_sql-4,2,1,mixed,4,2,put,116970236,OK
fixed_sql-4,2,1,mixed,5,0,read_current,19711489,OK
fixed_sql-4,2,1,mixed,0,2,put,111060375,OK
fixed_sql-4,2,1,mixed,6,0,put,116494576,OK
fixed_sql-4,2,1,mixed,7,1,put,105502539,OK
fixed_sql-4,2,1,mixed,1,0,read_history,20648580,OK
fixed_sql-4,2,1,mixed,5,0,read_history,20628772,OK
fixed_sql-4,2,1,mixed,0,3,read_current,22597533,OK
fixed_sql-4,2,1,mixed,4,3,read_current,22929200,OK
fixed_sql-4,2,1,mixed,3,1,put,111611576,OK
fixed_sql-4,2,1,mixed,6,1,read_current,23632720,OK
fixed_sql-4,2,1,mixed,2,0,put,118334825,OK
fixed_sql-4,2,1,mixed,7,2,read_current,18366626,OK
fixed_sql-4,2,1,mixed,3,2,read_current,13275533,OK
fixed_sql-4,2,1,mixed,4,3,read_history,19801218,OK
fixed_sql-4,2,1,mixed,0,3,read_history,22001026,OK
fixed_sql-4,2,1,mixed,7,2,read_history,8053723,OK
fixed_sql-4,2,1,mixed,6,1,read_history,16294230,OK
fixed_sql-4,2,1,mixed,2,1,read_current,16262690,OK
fixed_sql-4,2,1,mixed,3,2,read_history,9634921,OK
fixed_sql-4,2,1,mixed,2,1,read_history,11839128,OK
fixed_sql-4,2,1,mixed,5,0,retry,76114942,OK
fixed_sql-4,2,1,mixed,1,0,retry,76393138,OK
fixed_sql-4,2,1,mixed,3,2,retry,57844828,OK
fixed_sql-4,2,1,mixed,0,3,retry,60963963,OK
fixed_sql-4,2,1,mixed,7,2,retry,62723760,OK
fixed_sql-4,2,1,mixed,4,3,retry,73573878,OK
fixed_sql-4,2,1,mixed,6,1,retry,73553329,OK
fixed_sql-4,2,1,mixed,2,1,retry,63338592,OK
fixed_sql-4,2,1,mixed,1,0,put,102781195,OK
fixed_sql-4,2,1,mixed,4,3,put,87598878,OK
fixed_sql-4,2,1,mixed,0,3,put,100253608,OK
fixed_sql-4,2,1,mixed,7,2,put,105324894,OK
fixed_sql-4,2,1,mixed,3,2,put,111061877,OK
fixed_sql-4,2,1,mixed,4,0,read_current,16022967,OK
fixed_sql-4,2,1,mixed,5,0,put,124121653,OK
fixed_sql-4,2,1,mixed,0,0,read_current,14811657,OK
fixed_sql-4,2,1,mixed,7,3,read_current,15292916,OK
fixed_sql-4,2,1,mixed,6,1,put,110399616,OK
fixed_sql-4,2,1,mixed,1,1,read_current,30827110,OK
fixed_sql-4,2,1,mixed,3,3,read_current,13430957,OK
fixed_sql-4,2,1,mixed,2,1,put,109547095,OK
fixed_sql-4,2,1,mixed,4,0,read_history,14322322,OK
fixed_sql-4,2,1,mixed,0,0,read_history,13967161,OK
fixed_sql-4,2,1,mixed,5,1,read_current,20061740,OK
fixed_sql-4,2,1,mixed,7,3,read_history,15585049,OK
fixed_sql-4,2,1,mixed,1,1,read_history,14811667,OK
fixed_sql-4,2,1,mixed,3,3,read_history,16432551,OK
fixed_sql-4,2,1,mixed,6,2,read_current,19728620,OK
fixed_sql-4,2,1,mixed,2,2,read_current,19172179,OK
fixed_sql-4,2,1,mixed,5,1,read_history,17252982,OK
fixed_sql-4,2,1,mixed,2,2,read_history,14982259,OK
fixed_sql-4,2,1,mixed,6,2,read_history,15410057,OK
fixed_sql-4,2,1,mixed,4,0,retry,71392034,OK
fixed_sql-4,2,1,mixed,0,0,retry,71115592,OK
fixed_sql-4,2,1,mixed,1,1,retry,62365533,OK
fixed_sql-4,2,1,mixed,3,3,retry,63358610,OK
fixed_sql-4,2,1,mixed,7,3,retry,66058533,OK
fixed_sql-4,2,1,mixed,5,1,retry,62071486,OK
fixed_sql-4,2,1,mixed,2,2,retry,59452977,OK
fixed_sql-4,2,1,mixed,6,2,retry,59487693,OK
fixed_sql-4,2,1,contended,2,2,put,81791000,OK
fixed_sql-4,2,1,contended,7,3,put,82990859,ABORTED
fixed_sql-4,2,1,contended,3,3,put,82988103,ABORTED
fixed_sql-4,2,1,contended,0,0,put,85091690,ABORTED
fixed_sql-4,2,1,contended,4,0,put,85075599,ABORTED
fixed_sql-4,2,1,contended,5,1,put,85080989,ABORTED
fixed_sql-4,2,1,contended,1,1,put,85432604,ABORTED
fixed_sql-4,2,1,contended,6,2,put,86034061,ABORTED
fixed_sql-4,2,2,mixed,3,1,put,84414760,OK
fixed_sql-4,2,2,mixed,7,1,put,85224731,OK
fixed_sql-4,2,2,mixed,4,2,put,90676506,OK
fixed_sql-4,2,2,mixed,0,2,put,92988546,OK
fixed_sql-4,2,2,mixed,1,3,put,96701935,OK
fixed_sql-4,2,2,mixed,5,3,put,98689882,OK
fixed_sql-4,2,2,mixed,3,2,read_current,16970838,OK
fixed_sql-4,2,2,mixed,7,2,read_current,16155817,OK
fixed_sql-4,2,2,mixed,4,3,read_current,16694976,OK
fixed_sql-4,2,2,mixed,0,3,read_current,14554351,OK
fixed_sql-4,2,2,mixed,7,2,read_history,8427279,OK
fixed_sql-4,2,2,mixed,3,2,read_history,8622428,OK
fixed_sql-4,2,2,mixed,2,0,put,113498493,OK
fixed_sql-4,2,2,mixed,6,0,put,115755811,OK
fixed_sql-4,2,2,mixed,0,3,read_history,14310820,OK
fixed_sql-4,2,2,mixed,4,3,read_history,16331830,OK
fixed_sql-4,2,2,mixed,5,0,read_current,27456588,OK
fixed_sql-4,2,2,mixed,1,0,read_current,29577507,OK
fixed_sql-4,2,2,mixed,2,1,read_current,16406952,OK
fixed_sql-4,2,2,mixed,6,1,read_current,14271796,OK
fixed_sql-4,2,2,mixed,5,0,read_history,13239185,OK
fixed_sql-4,2,2,mixed,1,0,read_history,13163772,OK
fixed_sql-4,2,2,mixed,6,1,read_history,10173770,OK
fixed_sql-4,2,2,mixed,2,1,read_history,10552787,OK
fixed_sql-4,2,2,mixed,7,2,retry,63925672,OK
fixed_sql-4,2,2,mixed,3,2,retry,63798882,OK
fixed_sql-4,2,2,mixed,4,3,retry,54989009,OK
fixed_sql-4,2,2,mixed,0,3,retry,56906394,OK
fixed_sql-4,2,2,mixed,2,1,retry,57987668,OK
fixed_sql-4,2,2,mixed,5,0,retry,59687340,OK
fixed_sql-4,2,2,mixed,6,1,retry,60347829,OK
fixed_sql-4,2,2,mixed,1,0,retry,63036792,OK
fixed_sql-4,2,2,mixed,0,3,put,88597195,OK
fixed_sql-4,2,2,mixed,4,3,put,91708667,OK
fixed_sql-4,2,2,mixed,7,2,put,101366151,OK
fixed_sql-4,2,2,mixed,3,2,put,104493031,OK
fixed_sql-4,2,2,mixed,0,0,read_current,12054846,OK
fixed_sql-4,2,2,mixed,7,3,read_current,12740392,OK
fixed_sql-4,2,2,mixed,3,3,read_current,9844938,OK
fixed_sql-4,2,2,mixed,1,0,put,90796983,OK
fixed_sql-4,2,2,mixed,4,0,read_current,24025983,OK
fixed_sql-4,2,2,mixed,5,0,put,96751979,OK
fixed_sql-4,2,2,mixed,7,3,read_history,10512290,OK
fixed_sql-4,2,2,mixed,3,3,read_history,11904783,OK
fixed_sql-4,2,2,mixed,0,0,read_history,27057503,OK
fixed_sql-4,2,2,mixed,4,0,read_history,12089382,OK
fixed_sql-4,2,2,mixed,2,1,put,109739629,OK
fixed_sql-4,2,2,mixed,6,1,put,108858693,OK
fixed_sql-4,2,2,mixed,1,1,read_current,25385383,OK
fixed_sql-4,2,2,mixed,5,1,read_current,22993101,OK
fixed_sql-4,2,2,mixed,6,2,read_current,13019869,OK
fixed_sql-4,2,2,mixed,2,2,read_current,14392464,OK
fixed_sql-4,2,2,mixed,5,1,read_history,11592332,OK
fixed_sql-4,2,2,mixed,1,1,read_history,11908880,OK
fixed_sql-4,2,2,mixed,6,2,read_history,11804462,OK
fixed_sql-4,2,2,mixed,2,2,read_history,11802649,OK
fixed_sql-4,2,2,mixed,7,3,retry,75148485,OK
fixed_sql-4,2,2,mixed,0,0,retry,67489858,OK
fixed_sql-4,2,2,mixed,3,3,retry,74191716,OK
fixed_sql-4,2,2,mixed,1,1,retry,64643809,OK
fixed_sql-4,2,2,mixed,5,1,retry,64941011,OK
fixed_sql-4,2,2,mixed,4,0,retry,94594342,OK
fixed_sql-4,2,2,mixed,6,2,retry,69793763,OK
fixed_sql-4,2,2,mixed,2,2,retry,71577245,OK
fixed_sql-4,2,2,mixed,0,0,put,95647652,OK
fixed_sql-4,2,2,mixed,3,3,put,98672810,OK
fixed_sql-4,2,2,mixed,7,3,put,102071314,OK
fixed_sql-4,2,2,mixed,3,0,read_current,14911285,OK
fixed_sql-4,2,2,mixed,7,0,read_current,13624553,OK
fixed_sql-4,2,2,mixed,4,0,put,96291198,OK
fixed_sql-4,2,2,mixed,5,1,put,107127481,OK
fixed_sql-4,2,2,mixed,0,1,read_current,34006018,OK
fixed_sql-4,2,2,mixed,6,2,put,100445250,OK
fixed_sql-4,2,2,mixed,3,0,read_history,16879435,OK
fixed_sql-4,2,2,mixed,7,0,read_history,15448881,OK
fixed_sql-4,2,2,mixed,2,2,put,102593280,OK
fixed_sql-4,2,2,mixed,1,1,put,116781269,OK
fixed_sql-4,2,2,mixed,4,1,read_current,19312304,OK
fixed_sql-4,2,2,mixed,5,2,read_current,15443532,OK
fixed_sql-4,2,2,mixed,0,1,read_history,16110642,OK
fixed_sql-4,2,2,mixed,6,3,read_current,16584077,OK
fixed_sql-4,2,2,mixed,2,3,read_current,12490751,OK
fixed_sql-4,2,2,mixed,1,2,read_current,11585679,OK
fixed_sql-4,2,2,mixed,5,2,read_history,9968993,OK
fixed_sql-4,2,2,mixed,4,1,read_history,16738278,OK
fixed_sql-4,2,2,mixed,2,3,read_history,14324566,OK
fixed_sql-4,2,2,mixed,6,3,read_history,14537147,OK
fixed_sql-4,2,2,mixed,1,2,read_history,13607500,OK
fixed_sql-4,2,2,mixed,7,0,retry,60945498,OK
fixed_sql-4,2,2,mixed,3,0,retry,60978140,OK
fixed_sql-4,2,2,mixed,0,1,retry,58802627,OK
fixed_sql-4,2,2,mixed,5,2,retry,56026059,OK
fixed_sql-4,2,2,mixed,6,3,retry,52942090,OK
fixed_sql-4,2,2,mixed,2,3,retry,53217291,OK
fixed_sql-4,2,2,mixed,4,1,retry,58564026,OK
fixed_sql-4,2,2,mixed,1,2,retry,56524391,OK
fixed_sql-4,2,2,contended,3,3,put,89823514,OK
fixed_sql-4,2,2,contended,7,3,put,89934163,ABORTED
fixed_sql-4,2,2,contended,2,2,put,90779871,ABORTED
fixed_sql-4,2,2,contended,6,2,put,91489292,ABORTED
fixed_sql-4,2,2,contended,5,1,put,92779341,ABORTED
fixed_sql-4,2,2,contended,1,1,put,92994197,ABORTED
fixed_sql-4,2,2,contended,0,0,put,93253336,ABORTED
fixed_sql-4,2,2,contended,4,0,put,93467902,ABORTED
added_sql-1,4,-1,mixed,6,0,put,130353793,OK
added_sql-1,4,-1,mixed,0,0,put,187317455,OK
added_sql-1,4,-1,mixed,1,0,put,191768939,OK
added_sql-1,4,-1,mixed,3,0,put,195848249,OK
added_sql-1,4,-1,mixed,2,0,put,201951896,OK
added_sql-1,4,-1,mixed,5,0,put,204746599,OK
added_sql-1,4,-1,mixed,6,0,read_current,74607442,OK
added_sql-1,4,-1,mixed,7,0,put,208489424,OK
added_sql-1,4,-1,mixed,4,0,put,212945677,OK
added_sql-1,4,-1,mixed,1,0,read_current,32016777,OK
added_sql-1,4,-1,mixed,3,0,read_current,28076470,OK
added_sql-1,4,-1,mixed,2,0,read_current,22033337,OK
added_sql-1,4,-1,mixed,7,0,read_current,15619343,OK
added_sql-1,4,-1,mixed,4,0,read_current,11069122,OK
added_sql-1,4,-1,mixed,0,0,read_current,36770593,OK
added_sql-1,4,-1,mixed,5,0,read_current,19315229,OK
added_sql-1,4,-1,mixed,6,0,read_history,19106685,OK
added_sql-1,4,-1,mixed,2,0,read_history,12657435,OK
added_sql-1,4,-1,mixed,4,0,read_history,12588044,OK
added_sql-1,4,-1,mixed,3,0,read_history,13428382,OK
added_sql-1,4,-1,mixed,7,0,read_history,13371885,OK
added_sql-1,4,-1,mixed,0,0,read_history,14238062,OK
added_sql-1,4,-1,mixed,5,0,read_history,14510337,OK
added_sql-1,4,-1,mixed,1,0,read_history,16502723,OK
added_sql-1,4,-1,mixed,6,0,retry,73572485,OK
added_sql-1,4,-1,mixed,5,0,retry,71865599,OK
added_sql-1,4,-1,mixed,3,0,retry,76232644,OK
added_sql-1,4,-1,mixed,4,0,retry,78226803,OK
added_sql-1,4,-1,mixed,1,0,retry,79114261,OK
added_sql-1,4,-1,mixed,2,0,retry,84360757,OK
added_sql-1,4,-1,mixed,7,0,retry,85577658,OK
added_sql-1,4,-1,mixed,0,0,retry,99441723,OK
added_sql-1,4,-1,mixed,6,0,put,101619069,OK
added_sql-1,4,-1,mixed,5,0,put,92537293,OK
added_sql-1,4,-1,mixed,4,0,put,93737391,OK
added_sql-1,4,-1,mixed,2,0,put,95305585,OK
added_sql-1,4,-1,mixed,3,0,put,106053471,OK
added_sql-1,4,-1,mixed,1,0,put,102581749,OK
added_sql-1,4,-1,mixed,7,0,put,102084769,OK
added_sql-1,4,-1,mixed,6,0,read_current,31961944,OK
added_sql-1,4,-1,mixed,3,0,read_current,13163231,OK
added_sql-1,4,-1,mixed,4,0,read_current,24816378,OK
added_sql-1,4,-1,mixed,2,0,read_current,17452218,OK
added_sql-1,4,-1,mixed,5,0,read_current,30977142,OK
added_sql-1,4,-1,mixed,1,0,read_current,12099320,OK
added_sql-1,4,-1,mixed,7,0,read_current,10655040,OK
added_sql-1,4,-1,mixed,6,0,read_history,10563287,OK
added_sql-1,4,-1,mixed,0,0,put,104131498,OK
added_sql-1,4,-1,mixed,3,0,read_history,14565973,OK
added_sql-1,4,-1,mixed,5,0,read_history,14052842,OK
added_sql-1,4,-1,mixed,2,0,read_history,14362527,OK
added_sql-1,4,-1,mixed,1,0,read_history,14076357,OK
added_sql-1,4,-1,mixed,7,0,read_history,12891939,OK
added_sql-1,4,-1,mixed,4,0,read_history,15688154,OK
added_sql-1,4,-1,mixed,0,0,read_current,8247589,OK
added_sql-1,4,-1,mixed,0,0,read_history,8617458,OK
added_sql-1,4,-1,mixed,2,0,retry,60164954,OK
added_sql-1,4,-1,mixed,3,0,retry,60910593,OK
added_sql-1,4,-1,mixed,5,0,retry,60620644,OK
added_sql-1,4,-1,mixed,4,0,retry,59801196,OK
added_sql-1,4,-1,mixed,1,0,retry,61884533,OK
added_sql-1,4,-1,mixed,0,0,retry,61588153,OK
added_sql-1,4,-1,mixed,6,0,retry,78515329,OK
added_sql-1,4,-1,mixed,7,0,retry,94435911,OK
added_sql-1,4,-1,mixed,2,0,put,95782056,OK
added_sql-1,4,-1,mixed,3,0,put,97919276,OK
added_sql-1,4,-1,mixed,5,0,put,99503961,OK
added_sql-1,4,-1,mixed,0,0,put,91325241,OK
added_sql-1,4,-1,mixed,1,0,put,108079932,OK
added_sql-1,4,-1,mixed,5,0,read_current,11989733,OK
added_sql-1,4,-1,mixed,2,0,read_current,15931173,OK
added_sql-1,4,-1,mixed,3,0,read_current,15076057,OK
added_sql-1,4,-1,mixed,0,0,read_current,9897798,OK
added_sql-1,4,-1,mixed,1,0,read_current,9019789,OK
added_sql-1,4,-1,mixed,2,0,read_history,8342088,OK
added_sql-1,4,-1,mixed,3,0,read_history,8812307,OK
added_sql-1,4,-1,mixed,5,0,read_history,10209868,OK
added_sql-1,4,-1,mixed,6,0,put,110570519,OK
added_sql-1,4,-1,mixed,0,0,read_history,10734640,OK
added_sql-1,4,-1,mixed,4,0,put,124785539,OK
added_sql-1,4,-1,mixed,1,0,read_history,7390379,OK
added_sql-1,4,-1,mixed,7,0,put,93133941,OK
added_sql-1,4,-1,mixed,6,0,read_current,11447939,OK
added_sql-1,4,-1,mixed,4,0,read_current,11596891,OK
added_sql-1,4,-1,mixed,7,0,read_current,10474789,OK
added_sql-1,4,-1,mixed,6,0,read_history,5227521,OK
added_sql-1,4,-1,mixed,4,0,read_history,6058040,OK
added_sql-1,4,-1,mixed,7,0,read_history,7836653,OK
added_sql-1,4,-1,mixed,5,0,retry,55484195,OK
added_sql-1,4,-1,mixed,0,0,retry,53530022,OK
added_sql-1,4,-1,mixed,2,0,retry,57432788,OK
added_sql-1,4,-1,mixed,3,0,retry,63365783,OK
added_sql-1,4,-1,mixed,1,0,retry,59566652,OK
added_sql-1,4,-1,mixed,6,0,retry,64343120,OK
added_sql-1,4,-1,mixed,4,0,retry,65669668,OK
added_sql-1,4,-1,mixed,7,0,retry,62809431,OK
added_sql-1,4,-1,contended,4,0,put,84873988,OK
added_sql-1,4,-1,contended,2,0,put,89373493,ABORTED
added_sql-1,4,-1,contended,3,0,put,89433306,ABORTED
added_sql-1,4,-1,contended,1,0,put,89441762,ABORTED
added_sql-1,4,-1,contended,5,0,put,89408248,ABORTED
added_sql-1,4,-1,contended,6,0,put,89478271,ABORTED
added_sql-1,4,-1,contended,0,0,put,96455960,ABORTED
added_sql-1,4,-1,contended,7,0,put,96607426,ABORTED
added_sql-1,4,0,mixed,6,0,put,85192550,OK
added_sql-1,4,0,mixed,2,0,put,87225693,OK
added_sql-1,4,0,mixed,3,0,put,88564614,OK
added_sql-1,4,0,mixed,1,0,put,91335211,OK
added_sql-1,4,0,mixed,0,0,put,93453956,OK
added_sql-1,4,0,mixed,5,0,put,97287622,OK
added_sql-1,4,0,mixed,1,0,read_current,11327180,OK
added_sql-1,4,0,mixed,6,0,read_current,17411691,OK
added_sql-1,4,0,mixed,2,0,read_current,15489939,OK
added_sql-1,4,0,mixed,3,0,read_current,14144275,OK
added_sql-1,4,0,mixed,5,0,read_current,6578545,OK
added_sql-1,4,0,mixed,0,0,read_current,10380431,OK
added_sql-1,4,0,mixed,3,0,read_history,11912407,OK
added_sql-1,4,0,mixed,6,0,read_history,13805936,OK
added_sql-1,4,0,mixed,7,0,put,116854367,OK
added_sql-1,4,0,mixed,5,0,read_history,13039998,OK
added_sql-1,4,0,mixed,1,0,read_history,14930522,OK
added_sql-1,4,0,mixed,2,0,read_history,16097417,OK
added_sql-1,4,0,mixed,0,0,read_history,15095043,OK
added_sql-1,4,0,mixed,4,0,put,119388236,OK
added_sql-1,4,0,mixed,7,0,read_current,7216620,OK
added_sql-1,4,0,mixed,4,0,read_current,5700966,OK
added_sql-1,4,0,mixed,4,0,read_history,7413473,OK
added_sql-1,4,0,mixed,7,0,read_history,8504195,OK
added_sql-1,4,0,mixed,3,0,retry,54552234,OK
added_sql-1,4,0,mixed,6,0,retry,52826322,OK
added_sql-1,4,0,mixed,0,0,retry,51638125,OK
added_sql-1,4,0,mixed,2,0,retry,53185591,OK
added_sql-1,4,0,mixed,1,0,retry,57797629,OK
added_sql-1,4,0,mixed,5,0,retry,63382304,OK
added_sql-1,4,0,mixed,4,0,retry,61561924,OK
added_sql-1,4,0,mixed,7,0,retry,61880446,OK
added_sql-1,4,0,mixed,0,0,put,98565518,OK
added_sql-1,4,0,mixed,1,0,put,95702045,OK
added_sql-1,4,0,mixed,3,0,put,104125587,OK
added_sql-1,4,0,mixed,6,0,put,105684764,OK
added_sql-1,4,0,mixed,2,0,put,111774555,OK
added_sql-1,4,0,mixed,1,0,read_current,13342710,OK
added_sql-1,4,0,mixed,3,0,read_current,11523061,OK
added_sql-1,4,0,mixed,0,0,read_current,15888382,OK
added_sql-1,4,0,mixed,5,0,put,105062879,OK
added_sql-1,4,0,mixed,6,0,read_current,10600918,OK
added_sql-1,4,0,mixed,4,0,put,93092442,OK
added_sql-1,4,0,mixed,7,0,put,94009967,OK
added_sql-1,4,0,mixed,2,0,read_current,11358871,OK
added_sql-1,4,0,mixed,3,0,read_history,10518282,OK
added_sql-1,4,0,mixed,1,0,read_history,11033385,OK
added_sql-1,4,0,mixed,0,0,read_history,10977119,OK
added_sql-1,4,0,mixed,5,0,read_current,11137001,OK
added_sql-1,4,0,mixed,7,0,read_current,11138074,OK
added_sql-1,4,0,mixed,4,0,read_current,12522800,OK
added_sql-1,4,0,mixed,6,0,read_history,14164584,OK
added_sql-1,4,0,mixed,2,0,read_history,5902517,OK
added_sql-1,4,0,mixed,5,0,read_history,6215048,OK
added_sql-1,4,0,mixed,7,0,read_history,8056268,OK
added_sql-1,4,0,mixed,4,0,read_history,8138013,OK
added_sql-1,4,0,mixed,1,0,retry,56372334,OK
added_sql-1,4,0,mixed,3,0,retry,57177857,OK
added_sql-1,4,0,mixed,0,0,retry,60064703,OK
added_sql-1,4,0,mixed,5,0,retry,54892036,OK
added_sql-1,4,0,mixed,6,0,retry,62179410,OK
added_sql-1,4,0,mixed,7,0,retry,55856249,OK
added_sql-1,4,0,mixed,2,0,retry,62472334,OK
added_sql-1,4,0,mixed,4,0,retry,58781678,OK
added_sql-1,4,0,mixed,3,0,put,88420141,OK
added_sql-1,4,0,mixed,2,0,put,79909023,OK
added_sql-1,4,0,mixed,5,0,put,88367071,OK
added_sql-1,4,0,mixed,4,0,put,81889717,OK
added_sql-1,4,0,mixed,6,0,put,92079377,OK
added_sql-1,4,0,mixed,0,0,put,99152066,OK
added_sql-1,4,0,mixed,1,0,put,104623928,OK
added_sql-1,4,0,mixed,7,0,put,94528387,OK
added_sql-1,4,0,mixed,6,0,read_current,11638238,OK
added_sql-1,4,0,mixed,3,0,read_current,24533863,OK
added_sql-1,4,0,mixed,4,0,read_current,17358721,OK
added_sql-1,4,0,mixed,2,0,read_current,24108149,OK
added_sql-1,4,0,mixed,5,0,read_current,21686241,OK
added_sql-1,4,0,mixed,0,0,read_current,12609554,OK
added_sql-1,4,0,mixed,1,0,read_current,11887019,OK
added_sql-1,4,0,mixed,7,0,read_current,10499486,OK
added_sql-1,4,0,mixed,4,0,read_history,7399938,OK
added_sql-1,4,0,mixed,6,0,read_history,8481782,OK
added_sql-1,4,0,mixed,7,0,read_history,8974614,OK
added_sql-1,4,0,mixed,5,0,read_history,9967320,OK
added_sql-1,4,0,mixed,0,0,read_history,10345745,OK
added_sql-1,4,0,mixed,3,0,read_history,13379309,OK
added_sql-1,4,0,mixed,1,0,read_history,10819301,OK
added_sql-1,4,0,mixed,2,0,read_history,11965457,OK
added_sql-1,4,0,mixed,4,0,retry,52812184,OK
added_sql-1,4,0,mixed,2,0,retry,50563405,OK
added_sql-1,4,0,mixed,1,0,retry,50891244,OK
added_sql-1,4,0,mixed,6,0,retry,56987267,OK
added_sql-1,4,0,mixed,7,0,retry,56865256,OK
added_sql-1,4,0,mixed,5,0,retry,56973189,OK
added_sql-1,4,0,mixed,0,0,retry,61747334,OK
added_sql-1,4,0,mixed,3,0,retry,61402502,OK
added_sql-1,4,0,contended,7,0,put,84395283,OK
added_sql-1,4,0,contended,4,0,put,84838861,ABORTED
added_sql-1,4,0,contended,1,0,put,85004044,ABORTED
added_sql-1,4,0,contended,6,0,put,85038458,ABORTED
added_sql-1,4,0,contended,0,0,put,85114432,ABORTED
added_sql-1,4,0,contended,5,0,put,85127296,ABORTED
added_sql-1,4,0,contended,2,0,put,85207067,ABORTED
added_sql-1,4,0,contended,3,0,put,86006779,ABORTED
added_sql-1,4,1,mixed,1,0,put,74993692,OK
added_sql-1,4,1,mixed,3,0,put,77332192,OK
added_sql-1,4,1,mixed,6,0,put,79118990,OK
added_sql-1,4,1,mixed,7,0,put,87483480,OK
added_sql-1,4,1,mixed,0,0,put,89594821,OK
added_sql-1,4,1,mixed,5,0,put,91139250,OK
added_sql-1,4,1,mixed,2,0,put,94385657,OK
added_sql-1,4,1,mixed,1,0,read_current,20437871,OK
added_sql-1,4,1,mixed,4,0,put,96567200,OK
added_sql-1,4,1,mixed,3,0,read_current,24818622,OK
added_sql-1,4,1,mixed,0,0,read_current,14957983,OK
added_sql-1,4,1,mixed,7,0,read_current,17366276,OK
added_sql-1,4,1,mixed,2,0,read_current,12157650,OK
added_sql-1,4,1,mixed,6,0,read_current,27524737,OK
added_sql-1,4,1,mixed,5,0,read_current,16528812,OK
added_sql-1,4,1,mixed,1,0,read_history,12783152,OK
added_sql-1,4,1,mixed,4,0,read_current,11624422,OK
added_sql-1,4,1,mixed,3,0,read_history,8182156,OK
added_sql-1,4,1,mixed,0,0,read_history,7915993,OK
added_sql-1,4,1,mixed,6,0,read_history,7345594,OK
added_sql-1,4,1,mixed,2,0,read_history,8102625,OK
added_sql-1,4,1,mixed,7,0,read_history,12952422,OK
added_sql-1,4,1,mixed,5,0,read_history,10293026,OK
added_sql-1,4,1,mixed,4,0,read_history,9735692,OK
added_sql-1,4,1,mixed,1,0,retry,56616044,OK
added_sql-1,4,1,mixed,3,0,retry,54570268,OK
added_sql-1,4,1,mixed,0,0,retry,54396590,OK
added_sql-1,4,1,mixed,6,0,retry,55116971,OK
added_sql-1,4,1,mixed,5,0,retry,60406319,OK
added_sql-1,4,1,mixed,4,0,retry,60390910,OK
added_sql-1,4,1,mixed,7,0,retry,61570440,OK
added_sql-1,4,1,mixed,2,0,retry,68437059,OK
added_sql-1,4,1,mixed,1,0,put,101801704,OK
added_sql-1,4,1,mixed,6,0,put,99257546,OK
added_sql-1,4,1,mixed,0,0,put,103890041,OK
added_sql-1,4,1,mixed,3,0,put,108408753,OK
added_sql-1,4,1,mixed,5,0,put,102730821,OK
added_sql-1,4,1,mixed,1,0,read_current,15277628,OK
added_sql-1,4,1,mixed,6,0,read_current,14723841,OK
added_sql-1,4,1,mixed,4,0,put,104858763,OK
added_sql-1,4,1,mixed,2,0,put,101728937,OK
added_sql-1,4,1,mixed,0,0,read_current,14291554,OK
added_sql-1,4,1,mixed,3,0,read_current,15086696,OK
added_sql-1,4,1,mixed,7,0,put,112252839,OK
added_sql-1,4,1,mixed,2,0,read_current,10753446,OK
added_sql-1,4,1,mixed,6,0,read_history,12644320,OK
added_sql-1,4,1,mixed,1,0,read_history,14451916,OK
added_sql-1,4,1,mixed,5,0,read_current,15836494,OK
added_sql-1,4,1,mixed,4,0,read_current,14408565,OK
added_sql-1,4,1,mixed,3,0,read_history,10817197,OK
added_sql-1,4,1,mixed,0,0,read_history,14370954,OK
added_sql-1,4,1,mixed,7,0,read_current,9842545,OK
added_sql-1,4,1,mixed,2,0,read_history,13718701,OK
added_sql-1,4,1,mixed,5,0,read_history,12523933,OK
added_sql-1,4,1,mixed,7,0,read_history,8104650,OK
added_sql-1,4,1,mixed,4,0,read_history,11933767,OK
added_sql-1,4,1,mixed,3,0,retry,58270502,OK
added_sql-1,4,1,mixed,6,0,retry,61789794,OK
added_sql-1,4,1,mixed,1,0,retry,61254703,OK
added_sql-1,4,1,mixed,0,0,retry,70256738,OK
added_sql-1,4,1,mixed,4,0,retry,61856089,OK
added_sql-1,4,1,mixed,7,0,retry,61864546,OK
added_sql-1,4,1,mixed,5,0,retry,62787090,OK
added_sql-1,4,1,mixed,2,0,retry,71810365,OK
added_sql-1,4,1,mixed,1,0,put,94184165,OK
added_sql-1,4,1,mixed,6,0,put,95141575,OK
added_sql-1,4,1,mixed,7,0,put,87012790,OK
added_sql-1,4,1,mixed,3,0,put,102611515,OK
added_sql-1,4,1,mixed,5,0,put,90227557,OK
added_sql-1,4,1,mixed,4,0,put,95740167,OK
added_sql-1,4,1,mixed,2,0,put,87236955,OK
added_sql-1,4,1,mixed,0,0,put,100039794,OK
added_sql-1,4,1,mixed,1,0,read_current,19721848,OK
added_sql-1,4,1,mixed,7,0,read_current,13215961,OK
added_sql-1,4,1,mixed,6,0,read_current,20116574,OK
added_sql-1,4,1,mixed,3,0,read_current,14827867,OK
added_sql-1,4,1,mixed,0,0,read_current,6220638,OK
added_sql-1,4,1,mixed,2,0,read_current,7556112,OK
added_sql-1,4,1,mixed,5,0,read_current,14277407,OK
added_sql-1,4,1,mixed,4,0,read_current,11540203,OK
added_sql-1,4,1,mixed,1,0,read_history,7162148,OK
added_sql-1,4,1,mixed,7,0,read_history,8305749,OK
added_sql-1,4,1,mixed,3,0,read_history,6361274,OK
added_sql-1,4,1,mixed,6,0,read_history,8540403,OK
added_sql-1,4,1,mixed,0,0,read_history,6527448,OK
added_sql-1,4,1,mixed,5,0,read_history,8094159,OK
added_sql-1,4,1,mixed,2,0,read_history,9526367,OK
added_sql-1,4,1,mixed,4,0,read_history,7808690,OK
added_sql-1,4,1,mixed,3,0,retry,57582211,OK
added_sql-1,4,1,mixed,6,0,retry,57613420,OK
added_sql-1,4,1,mixed,0,0,retry,56564247,OK
added_sql-1,4,1,mixed,7,0,retry,59197935,OK
added_sql-1,4,1,mixed,5,0,retry,54413331,OK
added_sql-1,4,1,mixed,1,0,retry,62331739,OK
added_sql-1,4,1,mixed,2,0,retry,59227802,OK
added_sql-1,4,1,mixed,4,0,retry,58239613,OK
added_sql-1,4,1,contended,1,0,put,99276561,OK
added_sql-1,4,1,contended,2,0,put,99824998,ABORTED
added_sql-1,4,1,contended,7,0,put,99768071,ABORTED
added_sql-1,4,1,contended,0,0,put,99802435,ABORTED
added_sql-1,4,1,contended,4,0,put,99794030,ABORTED
added_sql-1,4,1,contended,3,0,put,101432837,ABORTED
added_sql-1,4,1,contended,5,0,put,101437075,ABORTED
added_sql-1,4,1,contended,6,0,put,110694113,ABORTED
added_sql-1,4,2,mixed,0,0,put,96471709,OK
added_sql-1,4,2,mixed,4,0,put,97983016,OK
added_sql-1,4,2,mixed,2,0,put,99235203,OK
added_sql-1,4,2,mixed,5,0,put,101469547,OK
added_sql-1,4,2,mixed,6,0,put,108573144,OK
added_sql-1,4,2,mixed,7,0,put,112209697,OK
added_sql-1,4,2,mixed,3,0,put,115664508,OK
added_sql-1,4,2,mixed,1,0,put,118630594,OK
added_sql-1,4,2,mixed,4,0,read_current,25097448,OK
added_sql-1,4,2,mixed,5,0,read_current,24247873,OK
added_sql-1,4,2,mixed,0,0,read_current,30169506,OK
added_sql-1,4,2,mixed,6,0,read_current,18931053,OK
added_sql-1,4,2,mixed,2,0,read_current,29074616,OK
added_sql-1,4,2,mixed,7,0,read_current,16731777,OK
added_sql-1,4,2,mixed,3,0,read_current,14082729,OK
added_sql-1,4,2,mixed,1,0,read_current,11390040,OK
added_sql-1,4,2,mixed,4,0,read_history,7104639,OK
added_sql-1,4,2,mixed,5,0,read_history,7273759,OK
added_sql-1,4,2,mixed,0,0,read_history,6704854,OK
added_sql-1,4,2,mixed,3,0,read_history,5820021,OK
added_sql-1,4,2,mixed,6,0,read_history,9973181,OK
added_sql-1,4,2,mixed,1,0,read_history,9723189,OK
added_sql-1,4,2,mixed,7,0,read_history,11012326,OK
added_sql-1,4,2,mixed,2,0,read_history,11632708,OK
added_sql-1,4,2,mixed,4,0,retry,62275332,OK
added_sql-1,4,2,mixed,6,0,retry,55223383,OK
added_sql-1,4,2,mixed,0,0,retry,60180122,OK
added_sql-1,4,2,mixed,7,0,retry,53770627,OK
added_sql-1,4,2,mixed,3,0,retry,59006203,OK
added_sql-1,4,2,mixed,5,0,retry,61694725,OK
added_sql-1,4,2,mixed,1,0,retry,57319575,OK
added_sql-1,4,2,mixed,2,0,retry,69870348,OK
added_sql-1,4,2,mixed,3,0,put,86084045,OK
added_sql-1,4,2,mixed,7,0,put,87350449,OK
added_sql-1,4,2,mixed,6,0,put,89624527,OK
added_sql-1,4,2,mixed,5,0,put,89567149,OK
added_sql-1,4,2,mixed,0,0,put,94683720,OK
added_sql-1,4,2,mixed,3,0,read_current,9582172,OK
added_sql-1,4,2,mixed,1,0,put,93571468,OK
added_sql-1,4,2,mixed,6,0,read_current,9572714,OK
added_sql-1,4,2,mixed,4,0,put,99781516,OK
added_sql-1,4,2,mixed,7,0,read_current,12914722,OK
added_sql-1,4,2,mixed,2,0,put,87096128,OK
added_sql-1,4,2,mixed,5,0,read_current,13814582,OK
added_sql-1,4,2,mixed,0,0,read_current,11221140,OK
added_sql-1,4,2,mixed,6,0,read_history,7545563,OK
added_sql-1,4,2,mixed,3,0,read_history,9512431,OK
added_sql-1,4,2,mixed,1,0,read_current,10611117,OK
added_sql-1,4,2,mixed,4,0,read_current,10159603,OK
added_sql-1,4,2,mixed,7,0,read_history,9605396,OK
added_sql-1,4,2,mixed,2,0,read_current,6584276,OK
added_sql-1,4,2,mixed,5,0,read_history,9682632,OK
added_sql-1,4,2,mixed,0,0,read_history,8535072,OK
added_sql-1,4,2,mixed,2,0,read_history,5327380,OK
added_sql-1,4,2,mixed,1,0,read_history,7835049,OK
added_sql-1,4,2,mixed,4,0,read_history,8683082,OK
added_sql-1,4,2,mixed,3,0,retry,65985145,OK
added_sql-1,4,2,mixed,5,0,retry,64942262,OK
added_sql-1,4,2,mixed,7,0,retry,69210731,OK
added_sql-1,4,2,mixed,0,0,retry,64784505,OK
added_sql-1,4,2,mixed,2,0,retry,63870517,OK
added_sql-1,4,2,mixed,6,0,retry,73795076,OK
added_sql-1,4,2,mixed,1,0,retry,64204027,OK
added_sql-1,4,2,mixed,4,0,retry,67283749,OK
added_sql-1,4,2,mixed,3,0,put,96355711,OK
added_sql-1,4,2,mixed,2,0,put,90253957,OK
added_sql-1,4,2,mixed,6,0,put,90562551,OK
added_sql-1,4,2,mixed,7,0,put,94601324,OK
added_sql-1,4,2,mixed,0,0,put,95908845,OK
added_sql-1,4,2,mixed,5,0,put,98805561,OK
added_sql-1,4,2,mixed,4,0,put,95076292,OK
added_sql-1,4,2,mixed,1,0,put,103666659,OK
added_sql-1,4,2,mixed,6,0,read_current,17820735,OK
added_sql-1,4,2,mixed,7,0,read_current,17929150,OK
added_sql-1,4,2,mixed,0,0,read_current,16612541,OK
added_sql-1,4,2,mixed,3,0,read_current,23271898,OK
added_sql-1,4,2,mixed,2,0,read_current,24063445,OK
added_sql-1,4,2,mixed,5,0,read_current,16453490,OK
added_sql-1,4,2,mixed,4,0,read_current,14695738,OK
added_sql-1,4,2,mixed,1,0,read_current,11350034,OK
added_sql-1,4,2,mixed,6,0,read_history,7226229,OK
added_sql-1,4,2,mixed,7,0,read_history,12169943,OK
added_sql-1,4,2,mixed,0,0,read_history,12411810,OK
added_sql-1,4,2,mixed,1,0,read_history,9557155,OK
added_sql-1,4,2,mixed,2,0,read_history,11119197,OK
added_sql-1,4,2,mixed,3,0,read_history,13014941,OK
added_sql-1,4,2,mixed,5,0,read_history,10725032,OK
added_sql-1,4,2,mixed,4,0,read_history,10621707,OK
added_sql-1,4,2,mixed,6,0,retry,62471804,OK
added_sql-1,4,2,mixed,5,0,retry,54330424,OK
added_sql-1,4,2,mixed,2,0,retry,57027653,OK
added_sql-1,4,2,mixed,1,0,retry,57517288,OK
added_sql-1,4,2,mixed,4,0,retry,59196633,OK
added_sql-1,4,2,mixed,7,0,retry,68014851,OK
added_sql-1,4,2,mixed,0,0,retry,70595519,OK
added_sql-1,4,2,mixed,3,0,retry,72417963,OK
added_sql-1,4,2,contended,6,0,put,94469074,OK
added_sql-1,4,2,contended,5,0,put,94767979,ABORTED
added_sql-1,4,2,contended,7,0,put,94753051,ABORTED
added_sql-1,4,2,contended,0,0,put,94794880,ABORTED
added_sql-1,4,2,contended,2,0,put,94828774,ABORTED
added_sql-1,4,2,contended,3,0,put,94949211,ABORTED
added_sql-1,4,2,contended,4,0,put,95854333,ABORTED
added_sql-1,4,2,contended,1,0,put,96474514,ABORTED
added_sql-2,4,-1,mixed,3,0,put,161701376,OK
added_sql-2,4,-1,mixed,2,1,put,168718530,OK
added_sql-2,4,-1,mixed,7,0,put,176201003,OK
added_sql-2,4,-1,mixed,6,1,put,182046542,OK
added_sql-2,4,-1,mixed,4,1,put,186941444,OK
added_sql-2,4,-1,mixed,1,0,put,194110115,OK
added_sql-2,4,-1,mixed,5,0,put,197988716,OK
added_sql-2,4,-1,mixed,0,1,put,204180520,OK
added_sql-2,4,-1,mixed,2,0,read_current,67900815,OK
added_sql-2,4,-1,mixed,0,0,read_current,32491255,OK
added_sql-2,4,-1,mixed,4,0,read_current,49732203,OK
added_sql-2,4,-1,mixed,6,0,read_current,54816854,OK
added_sql-2,4,-1,mixed,3,1,read_current,85814485,OK
added_sql-2,4,-1,mixed,5,1,read_current,49523379,OK
added_sql-2,4,-1,mixed,1,1,read_current,53462624,OK
added_sql-2,4,-1,mixed,7,1,read_current,71358591,OK
added_sql-2,4,-1,mixed,2,0,read_history,17787432,OK
added_sql-2,4,-1,mixed,0,0,read_history,17787302,OK
added_sql-2,4,-1,mixed,4,0,read_history,17899303,OK
added_sql-2,4,-1,mixed,6,0,read_history,18249595,OK
added_sql-2,4,-1,mixed,5,1,read_history,19248604,OK
added_sql-2,4,-1,mixed,1,1,read_history,19204600,OK
added_sql-2,4,-1,mixed,3,1,read_history,19254976,OK
added_sql-2,4,-1,mixed,7,1,read_history,22020943,OK
added_sql-2,4,-1,mixed,6,0,retry,74786661,OK
added_sql-2,4,-1,mixed,4,0,retry,75368891,OK
added_sql-2,4,-1,mixed,2,0,retry,80357832,OK
added_sql-2,4,-1,mixed,5,1,retry,76520088,OK
added_sql-2,4,-1,mixed,1,1,retry,77920755,OK
added_sql-2,4,-1,mixed,3,1,retry,78863657,OK
added_sql-2,4,-1,mixed,0,0,retry,98320124,OK
added_sql-2,4,-1,mixed,7,1,retry,85588168,OK
added_sql-2,4,-1,mixed,6,0,put,109366563,OK
added_sql-2,4,-1,mixed,4,0,put,113302363,OK
added_sql-2,4,-1,mixed,2,0,put,113636735,OK
added_sql-2,4,-1,mixed,3,1,put,106249932,OK
added_sql-2,4,-1,mixed,7,1,put,101038181,OK
added_sql-2,4,-1,mixed,5,1,put,117702229,OK
added_sql-2,4,-1,mixed,1,1,put,119021913,OK
added_sql-2,4,-1,mixed,6,1,read_current,26487948,OK
added_sql-2,4,-1,mixed,4,1,read_current,23375193,OK
added_sql-2,4,-1,mixed,0,0,put,115946862,OK
added_sql-2,4,-1,mixed,2,1,read_current,20299450,OK
added_sql-2,4,-1,mixed,3,0,read_current,17179052,OK
added_sql-2,4,-1,mixed,7,0,read_current,14246308,OK
added_sql-2,4,-1,mixed,5,0,read_current,12399577,OK
added_sql-2,4,-1,mixed,1,0,read_current,11493836,OK
added_sql-2,4,-1,mixed,6,1,read_history,15430567,OK
added_sql-2,4,-1,mixed,4,1,read_history,14573666,OK
added_sql-2,4,-1,mixed,2,1,read_history,12683955,OK
added_sql-2,4,-1,mixed,0,1,read_current,13906856,OK
added_sql-2,4,-1,mixed,3,0,read_history,15394989,OK
added_sql-2,4,-1,mixed,7,0,read_history,14220299,OK
added_sql-2,4,-1,mixed,5,0,read_history,11323253,OK
added_sql-2,4,-1,mixed,1,0,read_history,10199449,OK
added_sql-2,4,-1,mixed,0,1,read_history,9502471,OK
added_sql-2,4,-1,mixed,2,1,retry,59485399,OK
added_sql-2,4,-1,mixed,4,1,retry,64330156,OK
added_sql-2,4,-1,mixed,1,0,retry,63888792,OK
added_sql-2,4,-1,mixed,7,0,retry,72967372,OK
added_sql-2,4,-1,mixed,5,0,retry,72929561,OK
added_sql-2,4,-1,mixed,0,1,retry,70241189,OK
added_sql-2,4,-1,mixed,6,1,retry,90085288,OK
added_sql-2,4,-1,mixed,3,0,retry,92108222,OK
added_sql-2,4,-1,mixed,5,0,put,93884209,OK
added_sql-2,4,-1,mixed,1,0,put,104897676,OK
added_sql-2,4,-1,mixed,2,1,put,118838036,OK
added_sql-2,4,-1,mixed,7,0,put,107833085,OK
added_sql-2,4,-1,mixed,4,1,put,124378479,OK
added_sql-2,4,-1,mixed,5,1,read_current,18633351,OK
added_sql-2,4,-1,mixed,1,1,read_current,19084012,OK
added_sql-2,4,-1,mixed,0,1,put,110939998,OK
added_sql-2,4,-1,mixed,2,0,read_current,17065357,OK
added_sql-2,4,-1,mixed,7,1,read_current,12461866,OK
added_sql-2,4,-1,mixed,3,0,put,103903767,OK
added_sql-2,4,-1,mixed,5,1,read_history,11571252,OK
added_sql-2,4,-1,mixed,6,1,put,111901975,OK
added_sql-2,4,-1,mixed,1,1,read_history,15054145,OK
added_sql-2,4,-1,mixed,4,0,read_current,19094513,OK
added_sql-2,4,-1,mixed,2,0,read_history,12126351,OK
added_sql-2,4,-1,mixed,7,1,read_history,11226941,OK
added_sql-2,4,-1,mixed,3,1,read_current,9697860,OK
added_sql-2,4,-1,mixed,0,0,read_current,16906336,OK
added_sql-2,4,-1,mixed,6,0,read_current,8929930,OK
added_sql-2,4,-1,mixed,3,1,read_history,14117575,OK
added_sql-2,4,-1,mixed,0,0,read_history,14029739,OK
added_sql-2,4,-1,mixed,4,0,read_history,15331860,OK
added_sql-2,4,-1,mixed,6,0,read_history,12195301,OK
added_sql-2,4,-1,mixed,1,1,retry,56652144,OK
added_sql-2,4,-1,mixed,2,0,retry,56496309,OK
added_sql-2,4,-1,mixed,5,1,retry,67108758,OK
added_sql-2,4,-1,mixed,7,1,retry,64868474,OK
added_sql-2,4,-1,mixed,3,1,retry,57858023,OK
added_sql-2,4,-1,mixed,0,0,retry,60486991,OK
added_sql-2,4,-1,mixed,4,0,retry,60451965,OK
added_sql-2,4,-1,mixed,6,0,retry,60476091,OK
added_sql-2,4,-1,contended,6,0,put,81731839,OK
added_sql-2,4,-1,contended,0,0,put,88732742,ABORTED
added_sql-2,4,-1,contended,2,0,put,88841858,ABORTED
added_sql-2,4,-1,contended,4,0,put,88796011,ABORTED
added_sql-2,4,-1,contended,1,1,put,89723835,ABORTED
added_sql-2,4,-1,contended,5,1,put,89766846,ABORTED
added_sql-2,4,-1,contended,3,1,put,89707775,ABORTED
added_sql-2,4,-1,contended,7,1,put,89769852,ABORTED
added_sql-2,4,0,mixed,1,1,put,99237577,OK
added_sql-2,4,0,mixed,6,0,put,102210998,OK
added_sql-2,4,0,mixed,5,1,put,103615022,OK
added_sql-2,4,0,mixed,4,0,put,105924868,OK
added_sql-2,4,0,mixed,3,1,put,108385138,OK
added_sql-2,4,0,mixed,1,0,read_current,11989863,OK
added_sql-2,4,0,mixed,2,0,put,111971507,OK
added_sql-2,4,0,mixed,6,1,read_current,10331078,OK
added_sql-2,4,0,mixed,5,0,read_current,9332831,OK
added_sql-2,4,0,mixed,4,1,read_current,7709633,OK
added_sql-2,4,0,mixed,7,1,put,114568136,OK
added_sql-2,4,0,mixed,0,0,put,118685298,OK
added_sql-2,4,0,mixed,3,0,read_current,10418674,OK
added_sql-2,4,0,mixed,5,0,read_history,8150837,OK
added_sql-2,4,0,mixed,6,1,read_history,8780207,OK
added_sql-2,4,0,mixed,1,0,read_history,10846822,OK
added_sql-2,4,0,mixed,2,1,read_current,10509755,OK
added_sql-2,4,0,mixed,7,0,read_current,8716887,OK
added_sql-2,4,0,mixed,4,1,read_history,11163571,OK
added_sql-2,4,0,mixed,3,0,read_history,8908569,OK
added_sql-2,4,0,mixed,0,1,read_current,10379248,OK
added_sql-2,4,0,mixed,2,1,read_history,9492823,OK
added_sql-2,4,0,mixed,7,0,read_history,9985955,OK
added_sql-2,4,0,mixed,0,1,read_history,7416548,OK
added_sql-2,4,0,mixed,5,0,retry,61611928,OK
added_sql-2,4,0,mixed,4,1,retry,59895043,OK
added_sql-2,4,0,mixed,6,1,retry,63415959,OK
added_sql-2,4,0,mixed,3,0,retry,62037713,OK
added_sql-2,4,0,mixed,1,0,retry,70065477,OK
added_sql-2,4,0,mixed,7,0,retry,64529984,OK
added_sql-2,4,0,mixed,2,1,retry,66937164,OK
added_sql-2,4,0,mixed,0,1,retry,68735443,OK
added_sql-2,4,0,mixed,5,0,put,95205787,OK
added_sql-2,4,0,mixed,6,1,put,96211277,OK
added_sql-2,4,0,mixed,4,1,put,99551551,OK
added_sql-2,4,0,mixed,2,1,put,88531471,OK
added_sql-2,4,0,mixed,0,1,put,85683097,OK
added_sql-2,4,0,mixed,6,0,read_current,14555092,OK
added_sql-2,4,0,mixed,7,0,put,99339510,OK
added_sql-2,4,0,mixed,5,1,read_current,19887592,OK
added_sql-2,4,0,mixed,4,0,read_current,13466745,OK
added_sql-2,4,0,mixed,1,0,put,107824719,OK
added_sql-2,4,0,mixed,2,0,read_current,13917076,OK
added_sql-2,4,0,mixed,0,0,read_current,12440986,OK
added_sql-2,4,0,mixed,3,0,put,113944576,OK
added_sql-2,4,0,mixed,6,0,read_history,9025170,OK
added_sql-2,4,0,mixed,4,0,read_history,9171245,OK
added_sql-2,4,0,mixed,5,1,read_history,15844048,OK
added_sql-2,4,0,mixed,0,0,read_history,12254263,OK
added_sql-2,4,0,mixed,2,0,read_history,14575670,OK
added_sql-2,4,0,mixed,3,1,read_current,12878002,OK
added_sql-2,4,0,mixed,1,1,read_current,16576172,OK
added_sql-2,4,0,mixed,7,1,read_current,19464001,OK
added_sql-2,4,0,mixed,3,1,read_history,11287525,OK
added_sql-2,4,0,mixed,7,1,read_history,11332941,OK
added_sql-2,4,0,mixed,1,1,read_history,11804072,OK
added_sql-2,4,0,mixed,4,0,retry,55465781,OK
added_sql-2,4,0,mixed,6,0,retry,61181815,OK
added_sql-2,4,0,mixed,5,1,retry,57928305,OK
added_sql-2,4,0,mixed,2,0,retry,56265241,OK
added_sql-2,4,0,mixed,0,0,retry,62857322,OK
added_sql-2,4,0,mixed,3,1,retry,57087335,OK
added_sql-2,4,0,mixed,7,1,retry,65091836,OK
added_sql-2,4,0,mixed,1,1,retry,66467376,OK
added_sql-2,4,0,mixed,6,0,put,84322616,OK
added_sql-2,4,0,mixed,2,0,put,82745806,OK
added_sql-2,4,0,mixed,4,0,put,95230774,OK
added_sql-2,4,0,mixed,0,0,put,84402647,OK
added_sql-2,4,0,mixed,6,1,read_current,12976408,OK
added_sql-2,4,0,mixed,2,1,read_current,9207384,OK
added_sql-2,4,0,mixed,4,1,read_current,8604965,OK
added_sql-2,4,0,mixed,5,1,put,98112892,OK
added_sql-2,4,0,mixed,3,1,put,88449686,OK
added_sql-2,4,0,mixed,0,1,read_current,12675028,OK
added_sql-2,4,0,mixed,6,1,read_history,13494366,OK
added_sql-2,4,0,mixed,2,1,read_history,12743297,OK
added_sql-2,4,0,mixed,4,1,read_history,11338682,OK
added_sql-2,4,0,mixed,5,0,read_current,14782130,OK
added_sql-2,4,0,mixed,3,0,read_current,11119448,OK
added_sql-2,4,0,mixed,1,1,put,89982524,OK
added_sql-2,4,0,mixed,0,1,read_history,10271114,OK
added_sql-2,4,0,mixed,7,1,put,93126066,OK
added_sql-2,4,0,mixed,1,0,read_current,13496340,OK
added_sql-2,4,0,mixed,3,0,read_history,13793292,OK
added_sql-2,4,0,mixed,7,0,read_current,12214899,OK
added_sql-2,4,0,mixed,5,0,read_history,14034257,OK
added_sql-2,4,0,mixed,1,0,read_history,9724491,OK
added_sql-2,4,0,mixed,7,0,read_history,9663997,OK
added_sql-2,4,0,mixed,2,1,retry,61658395,OK
added_sql-2,4,0,mixed,4,1,retry,60917054,OK
added_sql-2,4,0,mixed,6,1,retry,62027012,OK
added_sql-2,4,0,mixed,0,1,retry,56577101,OK
added_sql-2,4,0,mixed,5,0,retry,58970125,OK
added_sql-2,4,0,mixed,3,0,retry,61730332,OK
added_sql-2,4,0,mixed,7,0,retry,58410877,OK
added_sql-2,4,0,mixed,1,0,retry,60758345,OK
added_sql-2,4,0,contended,4,0,put,77172802,OK
added_sql-2,4,0,contended,0,0,put,77696040,ABORTED
added_sql-2,4,0,contended,2,0,put,77694157,ABORTED
added_sql-2,4,0,contended,1,1,put,78069486,ABORTED
added_sql-2,4,0,contended,5,1,put,78121074,ABORTED
added_sql-2,4,0,contended,7,1,put,78444905,ABORTED
added_sql-2,4,0,contended,3,1,put,79348824,ABORTED
added_sql-2,4,0,contended,6,0,put,104774413,ABORTED
added_sql-2,4,1,mixed,4,1,put,91030945,OK
added_sql-2,4,1,mixed,6,1,put,93446972,OK
added_sql-2,4,1,mixed,2,1,put,95479474,OK
added_sql-2,4,1,mixed,0,1,put,97202892,OK
added_sql-2,4,1,mixed,1,0,put,99897224,OK
added_sql-2,4,1,mixed,7,0,put,101565057,OK
added_sql-2,4,1,mixed,3,0,put,105104908,OK
added_sql-2,4,1,mixed,5,0,put,108056027,OK
added_sql-2,4,1,mixed,4,0,read_current,21485421,OK
added_sql-2,4,1,mixed,6,0,read_current,19079173,OK
added_sql-2,4,1,mixed,2,0,read_current,21739582,OK
added_sql-2,4,1,mixed,0,0,read_current,21590069,OK
added_sql-2,4,1,mixed,1,1,read_current,19298728,OK
added_sql-2,4,1,mixed,7,1,read_current,17688314,OK
added_sql-2,4,1,mixed,3,1,read_current,14267187,OK
added_sql-2,4,1,mixed,5,1,read_current,12017185,OK
added_sql-2,4,1,mixed,6,0,read_history,8854847,OK
added_sql-2,4,1,mixed,4,0,read_history,9659649,OK
added_sql-2,4,1,mixed,3,1,read_history,14899874,OK
added_sql-2,4,1,mixed,1,1,read_history,15264973,OK
added_sql-2,4,1,mixed,5,1,read_history,14314487,OK
added_sql-2,4,1,mixed,2,0,read_history,18232042,OK
added_sql-2,4,1,mixed,0,0,read_history,17214308,OK
added_sql-2,4,1,mixed,7,1,read_history,16881289,OK
added_sql-2,4,1,mixed,4,0,retry,64604524,OK
added_sql-2,4,1,mixed,6,0,retry,65410789,OK
added_sql-2,4,1,mixed,2,0,retry,68364832,OK
added_sql-2,4,1,mixed,5,1,retry,78217225,OK
added_sql-2,4,1,mixed,7,1,retry,76614646,OK
added_sql-2,4,1,mixed,0,0,retry,77784417,OK
added_sql-2,4,1,mixed,3,1,retry,79894957,OK
added_sql-2,4,1,mixed,1,1,retry,79791761,OK
added_sql-2,4,1,mixed,4,0,put,91974259,OK
added_sql-2,4,1,mixed,6,0,put,96713397,OK
added_sql-2,4,1,mixed,2,0,put,86449396,OK
added_sql-2,4,1,mixed,6,1,read_current,16465363,OK
added_sql-2,4,1,mixed,4,1,read_current,21215441,OK
added_sql-2,4,1,mixed,0,0,put,98510133,OK
added_sql-2,4,1,mixed,5,1,put,101382763,OK
added_sql-2,4,1,mixed,2,1,read_current,24963005,OK
added_sql-2,4,1,mixed,7,1,put,103731923,OK
added_sql-2,4,1,mixed,3,1,put,104190990,OK
added_sql-2,4,1,mixed,1,1,put,108022232,OK
added_sql-2,4,1,mixed,4,1,read_history,31505271,OK
added_sql-2,4,1,mixed,6,1,read_history,32565626,OK
added_sql-2,4,1,mixed,2,1,read_history,17544613,OK
added_sql-2,4,1,mixed,0,1,read_current,20937215,OK
added_sql-2,4,1,mixed,1,0,read_current,11598433,OK
added_sql-2,4,1,mixed,7,0,read_current,17379951,OK
added_sql-2,4,1,mixed,3,0,read_current,15498385,OK
added_sql-2,4,1,mixed,5,0,read_current,19810907,OK
added_sql-2,4,1,mixed,7,0,read_history,13502102,OK
added_sql-2,4,1,mixed,3,0,read_history,13500288,OK
added_sql-2,4,1,mixed,1,0,read_history,13512631,OK
added_sql-2,4,1,mixed,5,0,read_history,13409506,OK
added_sql-2,4,1,mixed,0,1,read_history,15162149,OK
added_sql-2,4,1,mixed,6,1,retry,57970024,OK
added_sql-2,4,1,mixed,4,1,retry,59005892,OK
added_sql-2,4,1,mixed,2,1,retry,58863934,OK
added_sql-2,4,1,mixed,7,0,retry,56889471,OK
added_sql-2,4,1,mixed,5,0,retry,58422319,OK
added_sql-2,4,1,mixed,0,1,retry,58750840,OK
added_sql-2,4,1,mixed,1,0,retry,64482093,OK
added_sql-2,4,1,mixed,3,0,retry,64536285,OK
added_sql-2,4,1,mixed,2,1,put,77841886,OK
added_sql-2,4,1,mixed,4,1,put,80278141,OK
added_sql-2,4,1,mixed,6,1,put,82181769,OK
added_sql-2,4,1,mixed,0,1,put,71960128,OK
added_sql-2,4,1,mixed,6,0,read_current,14834430,OK
added_sql-2,4,1,mixed,2,0,read_current,18210571,OK
added_sql-2,4,1,mixed,4,0,read_current,17446788,OK
added_sql-2,4,1,mixed,0,0,read_current,9957100,OK
added_sql-2,4,1,mixed,2,0,read_history,9759197,OK
added_sql-2,4,1,mixed,6,0,read_history,13360854,OK
added_sql-2,4,1,mixed,0,0,read_history,13423102,OK
added_sql-2,4,1,mixed,4,0,read_history,14113817,OK
added_sql-2,4,1,mixed,7,0,put,99358266,OK
added_sql-2,4,1,mixed,5,0,put,100924396,OK
added_sql-2,4,1,mixed,1,0,put,98356923,OK
added_sql-2,4,1,mixed,7,1,read_current,13853927,OK
added_sql-2,4,1,mixed,5,1,read_current,10902427,OK
added_sql-2,4,1,mixed,1,1,read_current,9518843,OK
added_sql-2,4,1,mixed,3,0,put,108155474,OK
added_sql-2,4,1,mixed,3,1,read_current,10113046,OK
added_sql-2,4,1,mixed,5,1,read_history,12499456,OK
added_sql-2,4,1,mixed,7,1,read_history,12700005,OK
added_sql-2,4,1,mixed,1,1,read_history,10523551,OK
added_sql-2,4,1,mixed,3,1,read_history,8967691,OK
added_sql-2,4,1,mixed,6,0,retry,64793793,OK
added_sql-2,4,1,mixed,2,0,retry,68403325,OK
added_sql-2,4,1,mixed,4,0,retry,64172989,OK
added_sql-2,4,1,mixed,0,0,retry,64302293,OK
added_sql-2,4,1,mixed,1,1,retry,65223875,OK
added_sql-2,4,1,mixed,7,1,retry,65329836,OK
added_sql-2,4,1,mixed,5,1,retry,65359512,OK
added_sql-2,4,1,mixed,3,1,retry,62307332,OK
added_sql-2,4,1,contended,1,1,put,84931447,OK
added_sql-2,4,1,contended,7,1,put,85227316,ABORTED
added_sql-2,4,1,contended,3,1,put,85113230,ABORTED
added_sql-2,4,1,contended,5,1,put,85149168,ABORTED
added_sql-2,4,1,contended,2,0,put,86349948,ABORTED
added_sql-2,4,1,contended,0,0,put,86368733,ABORTED
added_sql-2,4,1,contended,4,0,put,86653572,ABORTED
added_sql-2,4,1,contended,6,0,put,86719656,ABORTED
added_sql-2,4,2,mixed,2,0,put,90695691,OK
added_sql-2,4,2,mixed,0,0,put,94335001,OK
added_sql-2,4,2,mixed,6,0,put,97064791,OK
added_sql-2,4,2,mixed,4,0,put,99869412,OK
added_sql-2,4,2,mixed,1,1,put,102832101,OK
added_sql-2,4,2,mixed,3,1,put,105851529,OK
added_sql-2,4,2,mixed,7,1,put,107439090,OK
added_sql-2,4,2,mixed,5,1,put,108563495,OK
added_sql-2,4,2,mixed,2,1,read_current,23059797,OK
added_sql-2,4,2,mixed,6,1,read_current,18379281,OK
added_sql-2,4,2,mixed,0,1,read_current,22456638,OK
added_sql-2,4,2,mixed,3,0,read_current,12733499,OK
added_sql-2,4,2,mixed,1,0,read_current,15773746,OK
added_sql-2,4,2,mixed,7,0,read_current,11368749,OK
added_sql-2,4,2,mixed,4,1,read_current,19265425,OK
added_sql-2,4,2,mixed,5,0,read_current,11423944,OK
added_sql-2,4,2,mixed,2,1,read_history,8484928,OK
added_sql-2,4,2,mixed,6,1,read_history,8496320,OK
added_sql-2,4,2,mixed,3,0,read_history,11165254,OK
added_sql-2,4,2,mixed,7,0,read_history,12151048,OK
added_sql-2,4,2,mixed,1,0,read_history,12399657,OK
added_sql-2,4,2,mixed,5,0,read_history,11329535,OK
added_sql-2,4,2,mixed,0,1,read_history,14873294,OK
added_sql-2,4,2,mixed,4,1,read_history,13633109,OK
added_sql-2,4,2,mixed,2,1,retry,60483725,OK
added_sql-2,4,2,mixed,6,1,retry,63537828,OK
added_sql-2,4,2,mixed,4,1,retry,54905621,OK
added_sql-2,4,2,mixed,0,1,retry,56100871,OK
added_sql-2,4,2,mixed,3,0,retry,81282129,OK
added_sql-2,4,2,mixed,7,0,retry,80220261,OK
added_sql-2,4,2,mixed,1,0,retry,80770321,OK
added_sql-2,4,2,mixed,5,0,retry,87729415,OK
added_sql-2,4,2,mixed,2,1,put,106071184,OK
added_sql-2,4,2,mixed,0,1,put,103185360,OK
added_sql-2,4,2,mixed,6,1,put,105356664,OK
added_sql-2,4,2,mixed,1,0,put,83850253,OK
added_sql-2,4,2,mixed,4,1,put,109967740,OK
added_sql-2,4,2,mixed,5,0,put,80763868,OK
added_sql-2,4,2,mixed,7,0,put,90755776,OK
added_sql-2,4,2,mixed,3,0,put,91922761,OK
added_sql-2,4,2,mixed,0,0,read_current,17113057,OK
added_sql-2,4,2,mixed,2,0,read_current,20458620,OK
added_sql-2,4,2,mixed,4,0,read_current,11766952,OK
added_sql-2,4,2,mixed,6,0,read_current,16476633,OK
added_sql-2,4,2,mixed,5,1,read_current,13594506,OK
added_sql-2,4,2,mixed,7,1,read_current,11836363,OK
added_sql-2,4,2,mixed,1,1,read_current,18095795,OK
added_sql-2,4,2,mixed,3,1,read_current,11083611,OK
added_sql-2,4,2,mixed,0,0,read_history,8443439,OK
added_sql-2,4,2,mixed,4,0,read_history,9892999,OK
added_sql-2,4,2,mixed,6,0,read_history,9992719,OK
added_sql-2,4,2,mixed,2,0,read_history,10742385,OK
added_sql-2,4,2,mixed,5,1,read_history,8965647,OK
added_sql-2,4,2,mixed,1,1,read_history,10110070,OK
added_sql-2,4,2,mixed,7,1,read_history,10353470,OK
added_sql-2,4,2,mixed,3,1,read_history,10876379,OK
added_sql-2,4,2,mixed,6,0,retry,53963622,OK
added_sql-2,4,2,mixed,2,0,retry,53271113,OK
added_sql-2,4,2,mixed,1,1,retry,53712026,OK
added_sql-2,4,2,mixed,5,1,retry,55140836,OK
added_sql-2,4,2,mixed,7,1,retry,56550020,OK
added_sql-2,4,2,mixed,0,0,retry,69307564,OK
added_sql-2,4,2,mixed,4,0,retry,67995244,OK
added_sql-2,4,2,mixed,3,1,retry,65886959,OK
added_sql-2,4,2,mixed,2,0,put,82414819,OK
added_sql-2,4,2,mixed,6,0,put,83959809,OK
added_sql-2,4,2,mixed,3,1,put,68070876,OK
added_sql-2,4,2,mixed,1,1,put,82520629,OK
added_sql-2,4,2,mixed,7,1,put,80762756,OK
added_sql-2,4,2,mixed,5,1,put,85575524,OK
added_sql-2,4,2,mixed,6,1,read_current,8305118,OK
added_sql-2,4,2,mixed,2,1,read_current,9832265,OK
added_sql-2,4,2,mixed,4,0,put,79030792,OK
added_sql-2,4,2,mixed,3,0,read_current,9967070,OK
added_sql-2,4,2,mixed,1,0,read_current,8888481,OK
added_sql-2,4,2,mixed,0,0,put,83309681,OK
added_sql-2,4,2,mixed,7,0,read_current,16382786,OK
added_sql-2,4,2,mixed,5,0,read_current,15422972,OK
added_sql-2,4,2,mixed,6,1,read_history,13138544,OK
added_sql-2,4,2,mixed,0,1,read_current,11704094,OK
added_sql-2,4,2,mixed,4,1,read_current,14680279,OK
added_sql-2,4,2,mixed,2,1,read_history,15724973,OK
added_sql-2,4,2,mixed,1,0,read_history,12584818,OK
added_sql-2,4,2,mixed,3,0,read_history,12690979,OK
added_sql-2,4,2,mixed,4,1,read_history,9188047,OK
added_sql-2,4,2,mixed,0,1,read_history,9593543,OK
added_sql-2,4,2,mixed,7,0,read_history,13812298,OK
added_sql-2,4,2,mixed,5,0,read_history,13104941,OK
added_sql-2,4,2,mixed,2,1,retry,55009388,OK
added_sql-2,4,2,mixed,6,1,retry,61629261,OK
added_sql-2,4,2,mixed,4,1,retry,51320415,OK
added_sql-2,4,2,mixed,3,0,retry,62219507,OK
added_sql-2,4,2,mixed,0,1,retry,56579646,OK
added_sql-2,4,2,mixed,5,0,retry,70430216,OK
added_sql-2,4,2,mixed,1,0,retry,83733352,OK
added_sql-2,4,2,mixed,7,0,retry,77134759,OK
added_sql-2,4,2,contended,4,0,put,80242252,OK
added_sql-2,4,2,contended,6,0,put,80602514,ABORTED
added_sql-2,4,2,contended,2,0,put,80647860,ABORTED
added_sql-2,4,2,contended,0,0,put,80771032,ABORTED
added_sql-2,4,2,contended,7,1,put,80762656,ABORTED
added_sql-2,4,2,contended,1,1,put,81402335,ABORTED
added_sql-2,4,2,contended,5,1,put,81482898,ABORTED
added_sql-2,4,2,contended,3,1,put,81665844,ABORTED
added_sql-4,4,-1,mixed,5,0,put,159024456,OK
added_sql-4,4,-1,mixed,2,1,put,169792620,OK
added_sql-4,4,-1,mixed,6,1,put,176003810,OK
added_sql-4,4,-1,mixed,1,0,put,185699036,OK
added_sql-4,4,-1,mixed,3,2,put,190455867,OK
added_sql-4,4,-1,mixed,7,2,put,202872206,OK
added_sql-4,4,-1,mixed,4,3,put,209791275,OK
added_sql-4,4,-1,mixed,0,3,put,224054545,OK
added_sql-4,4,-1,mixed,5,1,read_current,76530857,OK
added_sql-4,4,-1,mixed,1,1,read_current,49931960,OK
added_sql-4,4,-1,mixed,2,2,read_current,81236151,OK
added_sql-4,4,-1,mixed,6,2,read_current,75057492,OK
added_sql-4,4,-1,mixed,5,1,read_history,18874005,OK
added_sql-4,4,-1,mixed,1,1,read_history,20556335,OK
added_sql-4,4,-1,mixed,3,3,read_current,77706299,OK
added_sql-4,4,-1,mixed,7,3,read_current,65227412,OK
added_sql-4,4,-1,mixed,6,2,read_history,24436329,OK
added_sql-4,4,-1,mixed,2,2,read_history,24438292,OK
added_sql-4,4,-1,mixed,4,0,read_current,67233714,OK
added_sql-4,4,-1,mixed,0,0,read_current,53025518,OK
added_sql-4,4,-1,mixed,7,3,read_history,23199452,OK
added_sql-4,4,-1,mixed,3,3,read_history,23205062,OK
added_sql-4,4,-1,mixed,4,0,read_history,24070689,OK
added_sql-4,4,-1,mixed,0,0,read_history,24105384,OK
added_sql-4,4,-1,mixed,5,1,retry,83514959,OK
added_sql-4,4,-1,mixed,1,1,retry,87966403,OK
added_sql-4,4,-1,mixed,6,2,retry,87875161,OK
added_sql-4,4,-1,mixed,2,2,retry,87892714,OK
added_sql-4,4,-1,mixed,4,0,retry,92049340,OK
added_sql-4,4,-1,mixed,0,0,retry,100577089,OK
added_sql-4,4,-1,mixed,3,3,retry,121523372,OK
added_sql-4,4,-1,mixed,7,3,retry,125241670,OK
added_sql-4,4,-1,mixed,1,1,put,108202032,OK
added_sql-4,4,-1,mixed,5,1,put,118111222,OK
added_sql-4,4,-1,mixed,1,2,read_current,14195573,OK
added_sql-4,4,-1,mixed,6,2,put,106053641,OK
added_sql-4,4,-1,mixed,5,2,read_current,15863405,OK
added_sql-4,4,-1,mixed,2,2,put,110495768,OK
added_sql-4,4,-1,mixed,5,2,read_history,10142391,OK
added_sql-4,4,-1,mixed,1,2,read_history,17427532,OK
added_sql-4,4,-1,mixed,6,3,read_current,22105404,OK
added_sql-4,4,-1,mixed,2,3,read_current,17651775,OK
added_sql-4,4,-1,mixed,6,3,read_history,17119910,OK
added_sql-4,4,-1,mixed,2,3,read_history,17138435,OK
added_sql-4,4,-1,mixed,4,0,put,126524706,OK
added_sql-4,4,-1,mixed,0,0,put,123060908,OK
added_sql-4,4,-1,mixed,4,1,read_current,23419537,OK
added_sql-4,4,-1,mixed,0,1,read_current,18696059,OK
added_sql-4,4,-1,mixed,4,1,read_history,12732898,OK
added_sql-4,4,-1,mixed,0,1,read_history,14234626,OK
added_sql-4,4,-1,mixed,5,2,retry,83146673,OK
added_sql-4,4,-1,mixed,1,2,retry,81539686,OK
added_sql-4,4,-1,mixed,3,3,put,154136687,OK
added_sql-4,4,-1,mixed,7,3,put,158362585,OK
added_sql-4,4,-1,mixed,3,0,read_current,16659459,OK
added_sql-4,4,-1,mixed,7,0,read_current,13370493,OK
added_sql-4,4,-1,mixed,3,0,read_history,10556805,OK
added_sql-4,4,-1,mixed,7,0,read_history,8923287,OK
added_sql-4,4,-1,mixed,2,3,retry,110687550,OK
added_sql-4,4,-1,mixed,0,1,retry,64193829,OK
added_sql-4,4,-1,mixed,4,1,retry,66065356,OK
added_sql-4,4,-1,mixed,6,3,retry,115007366,OK
added_sql-4,4,-1,mixed,5,2,put,87136935,OK
added_sql-4,4,-1,mixed,1,2,put,90091109,OK
added_sql-4,4,-1,mixed,3,0,retry,71124269,OK
added_sql-4,4,-1,mixed,7,0,retry,68704194,OK
added_sql-4,4,-1,mixed,5,3,read_current,19959306,OK
added_sql-4,4,-1,mixed,1,3,read_current,16813531,OK
added_sql-4,4,-1,mixed,1,3,read_history,12383928,OK
added_sql-4,4,-1,mixed,5,3,read_history,12554771,OK
added_sql-4,4,-1,mixed,4,1,put,98025587,OK
added_sql-4,4,-1,mixed,0,1,put,100113763,OK
added_sql-4,4,-1,mixed,4,2,read_current,19116484,OK
added_sql-4,4,-1,mixed,0,2,read_current,17049066,OK
added_sql-4,4,-1,mixed,4,2,read_history,12180875,OK
added_sql-4,4,-1,mixed,0,2,read_history,17002258,OK
added_sql-4,4,-1,mixed,2,3,put,141760154,OK
added_sql-4,4,-1,mixed,6,3,put,140466929,OK
added_sql-4,4,-1,mixed,3,0,put,115474349,OK
added_sql-4,4,-1,mixed,2,0,read_current,21999453,OK
added_sql-4,4,-1,mixed,6,0,read_current,19189302,OK
added_sql-4,4,-1,mixed,7,0,put,117493295,OK
added_sql-4,4,-1,mixed,1,3,retry,112364310,OK
added_sql-4,4,-1,mixed,5,3,retry,112302152,OK
added_sql-4,4,-1,mixed,2,0,read_history,14923548,OK
added_sql-4,4,-1,mixed,6,0,read_history,15202946,OK
added_sql-4,4,-1,mixed,3,1,read_current,19316121,OK
added_sql-4,4,-1,mixed,7,1,read_current,16945340,OK
added_sql-4,4,-1,mixed,7,1,read_history,10684585,OK
added_sql-4,4,-1,mixed,3,1,read_history,10915772,OK
added_sql-4,4,-1,mixed,4,2,retry,73348362,OK
added_sql-4,4,-1,mixed,0,2,retry,68522120,OK
added_sql-4,4,-1,mixed,2,0,retry,61045798,OK
added_sql-4,4,-1,mixed,6,0,retry,60596208,OK
added_sql-4,4,-1,mixed,7,1,retry,56797608,OK
added_sql-4,4,-1,mixed,3,1,retry,60303054,OK
added_sql-4,4,-1,contended,6,2,put,95615912,OK
added_sql-4,4,-1,contended,2,2,put,98791304,ABORTED
added_sql-4,4,-1,contended,1,1,put,103259840,ABORTED
added_sql-4,4,-1,contended,5,1,put,103228772,ABORTED
added_sql-4,4,-1,contended,4,0,put,105526906,ABORTED
added_sql-4,4,-1,contended,0,0,put,105753444,ABORTED
added_sql-4,4,-1,contended,3,3,put,134470995,ABORTED
added_sql-4,4,-1,contended,7,3,put,134411814,ABORTED
added_sql-4,4,0,mixed,5,1,put,104306689,OK
added_sql-4,4,0,mixed,1,1,put,108629059,OK
added_sql-4,4,0,mixed,6,2,put,121386213,OK
added_sql-4,4,0,mixed,2,2,put,125156860,OK
added_sql-4,4,0,mixed,1,2,read_current,21009963,OK
added_sql-4,4,0,mixed,5,2,read_current,25277930,OK
added_sql-4,4,0,mixed,0,0,put,132693396,OK
added_sql-4,4,0,mixed,6,3,read_current,17297535,OK
added_sql-4,4,0,mixed,4,0,put,139409070,OK
added_sql-4,4,0,mixed,3,3,put,143007431,OK
added_sql-4,4,0,mixed,5,2,read_history,19188069,OK
added_sql-4,4,0,mixed,1,2,read_history,19258011,OK
added_sql-4,4,0,mixed,0,1,read_current,18163883,OK
added_sql-4,4,0,mixed,7,3,put,151682739,OK
added_sql-4,4,0,mixed,2,3,read_current,26789707,OK
added_sql-4,4,0,mixed,6,3,read_history,13662094,OK
added_sql-4,4,0,mixed,4,1,read_current,14619874,OK
added_sql-4,4,0,mixed,0,1,read_history,10776460,OK
added_sql-4,4,0,mixed,3,0,read_current,18919271,OK
added_sql-4,4,0,mixed,2,3,read_history,15163492,OK
added_sql-4,4,0,mixed,4,1,read_history,13413975,OK
added_sql-4,4,0,mixed,7,0,read_current,17731636,OK
added_sql-4,4,0,mixed,3,0,read_history,13196474,OK
added_sql-4,4,0,mixed,7,0,read_history,10643638,OK
added_sql-4,4,0,mixed,5,2,retry,62649750,OK
added_sql-4,4,0,mixed,1,2,retry,62643598,OK
added_sql-4,4,0,mixed,0,1,retry,69122234,OK
added_sql-4,4,0,mixed,4,1,retry,63341146,OK
added_sql-4,4,0,mixed,3,0,retry,60820251,OK
added_sql-4,4,0,mixed,7,0,retry,62800074,OK
added_sql-4,4,0,mixed,6,3,retry,100629178,OK
added_sql-4,4,0,mixed,2,3,retry,103987686,OK
added_sql-4,4,0,mixed,5,2,put,95824677,OK
added_sql-4,4,0,mixed,1,2,put,99634658,OK
added_sql-4,4,0,mixed,5,3,read_current,16037363,OK
added_sql-4,4,0,mixed,1,3,read_current,12251478,OK
added_sql-4,4,0,mixed,5,3,read_history,16356187,OK
added_sql-4,4,0,mixed,1,3,read_history,16397996,OK
added_sql-4,4,0,mixed,3,0,put,107350653,OK
added_sql-4,4,0,mixed,7,0,put,103777028,OK
added_sql-4,4,0,mixed,0,1,put,119289980,OK
added_sql-4,4,0,mixed,4,1,put,121965187,OK
added_sql-4,4,0,mixed,3,1,read_current,16659069,OK
added_sql-4,4,0,mixed,7,1,read_current,13434414,OK
added_sql-4,4,0,mixed,0,2,read_current,15815574,OK
added_sql-4,4,0,mixed,4,2,read_current,13286244,OK
added_sql-4,4,0,mixed,3,1,read_history,16632148,OK
added_sql-4,4,0,mixed,7,1,read_history,16525677,OK
added_sql-4,4,0,mixed,0,2,read_history,13358851,OK
added_sql-4,4,0,mixed,4,2,read_history,13334274,OK
added_sql-4,4,0,mixed,6,3,put,143277481,OK
added_sql-4,4,0,mixed,2,3,put,134002270,OK
added_sql-4,4,0,mixed,6,0,read_current,16190954,OK
added_sql-4,4,0,mixed,2,0,read_current,12006304,OK
added_sql-4,4,0,mixed,6,0,read_history,11608903,OK
added_sql-4,4,0,mixed,2,0,read_history,10351707,OK
added_sql-4,4,0,mixed,3,1,retry,59437537,OK
added_sql-4,4,0,mixed,7,1,retry,59487542,OK
added_sql-4,4,0,mixed,0,2,retry,60695726,OK
added_sql-4,4,0,mixed,4,2,retry,60583143,OK
added_sql-4,4,0,mixed,5,3,retry,105295879,OK
added_sql-4,4,0,mixed,1,3,retry,105308132,OK
added_sql-4,4,0,mixed,6,0,retry,61324124,OK
added_sql-4,4,0,mixed,2,0,retry,57951630,OK
added_sql-4,4,0,mixed,3,1,put,101116869,OK
added_sql-4,4,0,mixed,7,1,put,103714941,OK
added_sql-4,4,0,mixed,0,2,put,103583131,OK
added_sql-4,4,0,mixed,4,2,put,107165403,OK
added_sql-4,4,0,mixed,7,2,read_current,14712590,OK
added_sql-4,4,0,mixed,3,2,read_current,17316121,OK
added_sql-4,4,0,mixed,0,3,read_current,20669218,OK
added_sql-4,4,0,mixed,4,3,read_current,17047443,OK
added_sql-4,4,0,mixed,3,2,read_history,14424134,OK
added_sql-4,4,0,mixed,7,2,read_history,14425537,OK
added_sql-4,4,0,mixed,0,3,read_history,13529133,OK
added_sql-4,4,0,mixed,4,3,read_history,15438902,OK
added_sql-4,4,0,mixed,1,3,put,142498639,OK
added_sql-4,4,0,mixed,5,3,put,148684512,OK
added_sql-4,4,0,mixed,2,0,put,113220798,OK
added_sql-4,4,0,mixed,6,0,put,115072218,OK
added_sql-4,4,0,mixed,1,0,read_current,13865528,OK
added_sql-4,4,0,mixed,5,0,read_current,8862952,OK
added_sql-4,4,0,mixed,1,0,read_history,8259612,OK
added_sql-4,4,0,mixed,5,0,read_history,11224076,OK
added_sql-4,4,0,mixed,2,1,read_current,15734902,OK
added_sql-4,4,0,mixed,6,1,read_current,13914571,OK
added_sql-4,4,0,mixed,6,1,read_history,11571202,OK
added_sql-4,4,0,mixed,2,1,read_history,11602731,OK
added_sql-4,4,0,mixed,3,2,retry,65380351,OK
added_sql-4,4,0,mixed,7,2,retry,65697270,OK
added_sql-4,4,0,mixed,5,0,retry,53507329,OK
added_sql-4,4,0,mixed,1,0,retry,57655269,OK
added_sql-4,4,0,mixed,4,3,retry,98874311,OK
added_sql-4,4,0,mixed,2,1,retry,55411097,OK
added_sql-4,4,0,mixed,6,1,retry,55436796,OK
added_sql-4,4,0,mixed,0,3,retry,105973510,OK
added_sql-4,4,0,contended,2,2,put,84236483,OK
added_sql-4,4,0,contended,6,2,put,84717152,ABORTED
added_sql-4,4,0,contended,1,1,put,85860562,ABORTED
added_sql-4,4,0,contended,4,0,put,91501405,ABORTED
added_sql-4,4,0,contended,5,1,put,91784080,ABORTED
added_sql-4,4,0,contended,0,0,put,94238128,ABORTED
added_sql-4,4,0,contended,7,3,put,127032896,ABORTED
added_sql-4,4,0,contended,3,3,put,127079464,ABORTED
added_sql-4,4,1,mixed,5,2,put,94802354,OK
added_sql-4,4,1,mixed,1,2,put,94821581,OK
added_sql-4,4,1,mixed,3,0,put,100681006,OK
added_sql-4,4,1,mixed,7,0,put,104200468,OK
added_sql-4,4,1,mixed,4,1,put,109988900,OK
added_sql-4,4,1,mixed,0,1,put,111356796,OK
added_sql-4,4,1,mixed,1,3,read_current,18790898,OK
added_sql-4,4,1,mixed,5,3,read_current,18922988,OK
added_sql-4,4,1,mixed,3,1,read_current,17960920,OK
added_sql-4,4,1,mixed,7,1,read_current,15946752,OK
added_sql-4,4,1,mixed,1,3,read_history,14583976,OK
added_sql-4,4,1,mixed,5,3,read_history,14683174,OK
added_sql-4,4,1,mixed,7,1,read_history,12700596,OK
added_sql-4,4,1,mixed,3,1,read_history,14475621,OK
added_sql-4,4,1,mixed,6,3,put,140661266,OK
added_sql-4,4,1,mixed,4,2,read_current,32070319,OK
added_sql-4,4,1,mixed,0,2,read_current,30753640,OK
added_sql-4,4,1,mixed,6,0,read_current,21166308,OK
added_sql-4,4,1,mixed,4,2,read_history,19829041,OK
added_sql-4,4,1,mixed,0,2,read_history,19828770,OK
added_sql-4,4,1,mixed,2,3,put,166427849,OK
added_sql-4,4,1,mixed,6,0,read_history,17728911,OK
added_sql-4,4,1,mixed,2,0,read_current,14135109,OK
added_sql-4,4,1,mixed,2,0,read_history,11394908,OK
added_sql-4,4,1,mixed,7,1,retry,71618483,OK
added_sql-4,4,1,mixed,3,1,retry,71370203,OK
added_sql-4,4,1,mixed,4,2,retry,64778624,OK
added_sql-4,4,1,mixed,0,2,retry,64833056,OK
added_sql-4,4,1,mixed,5,3,retry,108083709,OK
added_sql-4,4,1,mixed,1,3,retry,108291451,OK
added_sql-4,4,1,mixed,6,0,retry,66063442,OK
added_sql-4,4,1,mixed,2,0,retry,74914222,OK
added_sql-4,4,1,mixed,7,1,put,97411246,OK
added_sql-4,4,1,mixed,3,1,put,100571209,OK
added_sql-4,4,1,mixed,7,2,read_current,16102387,OK
added_sql-4,4,1,mixed,3,2,read_current,13324777,OK
added_sql-4,4,1,mixed,4,2,put,92077924,OK
added_sql-4,4,1,mixed,0,2,put,95043780,OK
added_sql-4,4,1,mixed,7,2,read_history,14017996,OK
added_sql-4,4,1,mixed,3,2,read_history,13616958,OK
added_sql-4,4,1,mixed,0,3,read_current,12279020,OK
added_sql-4,4,1,mixed,4,3,read_current,15270114,OK
added_sql-4,4,1,mixed,4,3,read_history,14090984,OK
added_sql-4,4,1,mixed,0,3,read_history,14324576,OK
added_sql-4,4,1,mixed,6,0,put,110911734,OK
added_sql-4,4,1,mixed,1,3,put,132261299,OK
added_sql-4,4,1,mixed,6,1,read_current,12584958,OK
added_sql-4,4,1,mixed,2,0,put,104074450,OK
added_sql-4,4,1,mixed,5,3,put,136068255,OK
added_sql-4,4,1,mixed,2,1,read_current,8154303,OK
added_sql-4,4,1,mixed,6,1,read_history,9800094,OK
added_sql-4,4,1,mixed,5,0,read_current,7663706,OK
added_sql-4,4,1,mixed,1,0,read_current,12117334,OK
added_sql-4,4,1,mixed,2,1,read_history,5768304,OK
added_sql-4,4,1,mixed,1,0,read_history,6070705,OK
added_sql-4,4,1,mixed,5,0,read_history,9400799,OK
added_sql-4,4,1,mixed,7,2,retry,71443933,OK
added_sql-4,4,1,mixed,3,2,retry,72768627,OK
added_sql-4,4,1,mixed,6,1,retry,64683915,OK
added_sql-4,4,1,mixed,2,1,retry,58938936,OK
added_sql-4,4,1,mixed,4,3,retry,99626743,OK
added_sql-4,4,1,mixed,0,3,retry,99486388,OK
added_sql-4,4,1,mixed,1,0,retry,64868143,OK
added_sql-4,4,1,mixed,5,0,retry,67894534,OK
added_sql-4,4,1,mixed,3,2,put,92423728,OK
added_sql-4,4,1,mixed,7,2,put,96874190,OK
added_sql-4,4,1,mixed,3,3,read_current,12955518,OK
added_sql-4,4,1,mixed,7,3,read_current,9806446,OK
added_sql-4,4,1,mixed,3,3,read_history,9883862,OK
added_sql-4,4,1,mixed,7,3,read_history,13750791,OK
added_sql-4,4,1,mixed,6,1,put,100279517,OK
added_sql-4,4,1,mixed,2,1,put,101261373,OK
added_sql-4,4,1,mixed,5,0,put,101184608,OK
added_sql-4,4,1,mixed,1,0,put,107888820,OK
added_sql-4,4,1,mixed,2,2,read_current,14998810,OK
added_sql-4,4,1,mixed,6,2,read_current,16051891,OK
added_sql-4,4,1,mixed,1,1,read_current,11276535,OK
added_sql-4,4,1,mixed,5,1,read_current,12298366,OK
added_sql-4,4,1,mixed,2,2,read_history,13855440,OK
added_sql-4,4,1,mixed,6,2,read_history,13795606,OK
added_sql-4,4,1,mixed,1,1,read_history,11244344,OK
added_sql-4,4,1,mixed,4,3,put,134514117,OK
added_sql-4,4,1,mixed,5,1,read_history,11794744,OK
added_sql-4,4,1,mixed,0,3,put,141568832,OK
added_sql-4,4,1,mixed,4,0,read_current,15194370,OK
added_sql-4,4,1,mixed,0,0,read_current,11780427,OK
added_sql-4,4,1,mixed,0,0,read_history,8067219,OK
added_sql-4,4,1,mixed,4,0,read_history,11746573,OK
added_sql-4,4,1,mixed,7,3,retry,106778231,OK
added_sql-4,4,1,mixed,3,3,retry,110762352,OK
added_sql-4,4,1,mixed,2,2,retry,61557144,OK
added_sql-4,4,1,mixed,6,2,retry,63224967,OK
added_sql-4,4,1,mixed,5,1,retry,56688742,OK
added_sql-4,4,1,mixed,1,1,retry,62961309,OK
added_sql-4,4,1,mixed,4,0,retry,57389547,OK
added_sql-4,4,1,mixed,0,0,retry,57406158,OK
added_sql-4,4,1,contended,5,1,put,85631940,OK
added_sql-4,4,1,contended,1,1,put,86044741,ABORTED
added_sql-4,4,1,contended,2,2,put,86749583,ABORTED
added_sql-4,4,1,contended,6,2,put,87294303,ABORTED
added_sql-4,4,1,contended,4,0,put,93222999,ABORTED
added_sql-4,4,1,contended,0,0,put,93187401,ABORTED
added_sql-4,4,1,contended,3,3,put,108093207,ABORTED
added_sql-4,4,1,contended,7,3,put,117040729,ABORTED
added_sql-4,4,2,mixed,6,0,put,86621752,OK
added_sql-4,4,2,mixed,0,2,put,89696813,OK
added_sql-4,4,2,mixed,4,2,put,92293162,OK
added_sql-4,4,2,mixed,2,0,put,98182634,OK
added_sql-4,4,2,mixed,3,1,put,103581518,OK
added_sql-4,4,2,mixed,6,1,read_current,17356927,OK
added_sql-4,4,2,mixed,7,1,put,105548025,OK
added_sql-4,4,2,mixed,2,1,read_current,15814473,OK
added_sql-4,4,2,mixed,6,1,read_history,13906816,OK
added_sql-4,4,2,mixed,3,2,read_current,16345205,OK
added_sql-4,4,2,mixed,7,2,read_current,14482214,OK
added_sql-4,4,2,mixed,4,3,read_current,27999193,OK
added_sql-4,4,2,mixed,0,3,read_current,30688127,OK
added_sql-4,4,2,mixed,2,1,read_history,15399809,OK
added_sql-4,4,2,mixed,4,3,read_history,16654250,OK
added_sql-4,4,2,mixed,0,3,read_history,16620015,OK
added_sql-4,4,2,mixed,7,2,read_history,17804093,OK
added_sql-4,4,2,mixed,3,2,read_history,17934971,OK
added_sql-4,4,2,mixed,1,3,put,143948209,OK
added_sql-4,4,2,mixed,1,0,read_current,14143554,OK
added_sql-4,4,2,mixed,5,3,put,159463857,OK
added_sql-4,4,2,mixed,1,0,read_history,11913638,OK
added_sql-4,4,2,mixed,5,0,read_current,10724151,OK
added_sql-4,4,2,mixed,6,1,retry,64050097,OK
added_sql-4,4,2,mixed,5,0,read_history,12776240,OK
added_sql-4,4,2,mixed,2,1,retry,71352710,OK
added_sql-4,4,2,mixed,3,2,retry,69882430,OK
added_sql-4,4,2,mixed,7,2,retry,69911426,OK
added_sql-4,4,2,mixed,4,3,retry,98146024,OK
added_sql-4,4,2,mixed,1,0,retry,65166387,OK
added_sql-4,4,2,mixed,0,3,retry,99325283,OK
added_sql-4,4,2,mixed,5,0,retry,66218495,OK
added_sql-4,4,2,mixed,6,1,put,109105750,OK
added_sql-4,4,2,mixed,2,1,put,98111038,OK
added_sql-4,4,2,mixed,6,2,read_current,11615174,OK
added_sql-4,4,2,mixed,2,2,read_current,10323083,OK
added_sql-4,4,2,mixed,6,2,read_history,8249523,OK
added_sql-4,4,2,mixed,3,2,put,105935508,OK
added_sql-4,4,2,mixed,7,2,put,114586320,OK
added_sql-4,4,2,mixed,2,2,read_history,13105081,OK
added_sql-4,4,2,mixed,3,3,read_current,15959106,OK
added_sql-4,4,2,mixed,7,3,read_current,13319386,OK
added_sql-4,4,2,mixed,1,0,put,106516947,OK
added_sql-4,4,2,mixed,3,3,read_history,12581802,OK
added_sql-4,4,2,mixed,7,3,read_history,12102977,OK
added_sql-4,4,2,mixed,5,0,put,99563284,OK
added_sql-4,4,2,mixed,1,1,read_current,16371556,OK
added_sql-4,4,2,mixed,5,1,read_current,11708010,OK
added_sql-4,4,2,mixed,0,3,put,136478269,OK
added_sql-4,4,2,mixed,1,1,read_history,14768495,OK
added_sql-4,4,2,mixed,5,1,read_history,15512802,OK
added_sql-4,4,2,mixed,4,3,put,141130373,OK
added_sql-4,4,2,mixed,6,2,retry,68518162,OK
added_sql-4,4,2,mixed,4,0,read_current,14392224,OK
added_sql-4,4,2,mixed,0,0,read_current,17961471,OK
added_sql-4,4,2,mixed,2,2,retry,72596561,OK
added_sql-4,4,2,mixed,0,0,read_history,12287085,OK
added_sql-4,4,2,mixed,4,0,read_history,12525015,OK
added_sql-4,4,2,mixed,1,1,retry,64250696,OK
added_sql-4,4,2,mixed,5,1,retry,65196113,OK
added_sql-4,4,2,mixed,3,3,retry,109517970,OK
added_sql-4,4,2,mixed,7,3,retry,107639719,OK
added_sql-4,4,2,mixed,0,0,retry,59826383,OK
added_sql-4,4,2,mixed,6,2,put,91419930,OK
added_sql-4,4,2,mixed,4,0,retry,70432340,OK
added_sql-4,4,2,mixed,6,3,read_current,13549832,OK
added_sql-4,4,2,mixed,2,2,put,94275649,OK
added_sql-4,4,2,mixed,6,3,read_history,12058994,OK
added_sql-4,4,2,mixed,2,3,read_current,10670550,OK
added_sql-4,4,2,mixed,2,3,read_history,9810704,OK
added_sql-4,4,2,mixed,1,1,put,85152104,OK
added_sql-4,4,2,mixed,5,1,put,82548262,OK
added_sql-4,4,2,mixed,1,2,read_current,11581070,OK
added_sql-4,4,2,mixed,5,2,read_current,10011754,OK
added_sql-4,4,2,mixed,5,2,read_history,8130438,OK
added_sql-4,4,2,mixed,1,2,read_history,8266606,OK
added_sql-4,4,2,mixed,0,0,put,101118483,OK
added_sql-4,4,2,mixed,3,3,put,124711519,OK
added_sql-4,4,2,mixed,0,1,read_current,16404838,OK
added_sql-4,4,2,mixed,4,0,put,111251416,OK
added_sql-4,4,2,mixed,7,3,put,131555184,OK
added_sql-4,4,2,mixed,3,0,read_current,14663907,OK
added_sql-4,4,2,mixed,0,1,read_history,11752755,OK
added_sql-4,4,2,mixed,4,1,read_current,8234104,OK
added_sql-4,4,2,mixed,7,0,read_current,13602922,OK
added_sql-4,4,2,mixed,4,1,read_history,7740011,OK
added_sql-4,4,2,mixed,6,3,retry,107001994,OK
added_sql-4,4,2,mixed,3,0,read_history,13009601,OK
added_sql-4,4,2,mixed,1,2,retry,65299688,OK
added_sql-4,4,2,mixed,5,2,retry,66420958,OK
added_sql-4,4,2,mixed,7,0,read_history,11349643,OK
added_sql-4,4,2,mixed,2,3,retry,105872669,OK
added_sql-4,4,2,mixed,0,1,retry,60248491,OK
added_sql-4,4,2,mixed,4,1,retry,58315868,OK
added_sql-4,4,2,mixed,3,0,retry,58268939,OK
added_sql-4,4,2,mixed,7,0,retry,55462776,OK
added_sql-4,4,2,contended,5,1,put,87514398,OK
added_sql-4,4,2,contended,6,2,put,88033450,ABORTED
added_sql-4,4,2,contended,1,1,put,88105816,ABORTED
added_sql-4,4,2,contended,2,2,put,89512746,ABORTED
added_sql-4,4,2,contended,0,0,put,94934033,ABORTED
added_sql-4,4,2,contended,4,0,put,94962507,ABORTED
added_sql-4,4,2,contended,3,3,put,107533468,ABORTED
added_sql-4,4,2,contended,7,3,put,107504444,ABORTED
