run,pool_per_child,sample,phase,worker,host,operation,elapsed_nanos,status
fixed_sql-1,8,-1,mixed,6,0,put,136780441,OK
fixed_sql-1,8,-1,mixed,5,0,put,142891131,OK
fixed_sql-1,8,-1,mixed,3,0,put,176619905,OK
fixed_sql-1,8,-1,mixed,7,0,put,179813301,OK
fixed_sql-1,8,-1,mixed,2,0,put,188067092,OK
fixed_sql-1,8,-1,mixed,1,0,put,190964508,OK
fixed_sql-1,8,-1,mixed,0,0,put,196365567,OK
fixed_sql-1,8,-1,mixed,4,0,put,202492398,OK
fixed_sql-1,8,-1,mixed,6,0,read_current,97023744,OK
fixed_sql-1,8,-1,mixed,5,0,read_current,97023653,OK
fixed_sql-1,8,-1,mixed,1,0,read_current,71670220,OK
fixed_sql-1,8,-1,mixed,4,0,read_current,60048122,OK
fixed_sql-1,8,-1,mixed,2,0,read_current,74494789,OK
fixed_sql-1,8,-1,mixed,0,0,read_current,66359642,OK
fixed_sql-1,8,-1,mixed,7,0,read_current,82886842,OK
fixed_sql-1,8,-1,mixed,3,0,read_current,86361189,OK
fixed_sql-1,8,-1,mixed,3,0,read_history,22390041,OK
fixed_sql-1,8,-1,mixed,4,0,read_history,22476354,OK
fixed_sql-1,8,-1,mixed,1,0,read_history,22571775,OK
fixed_sql-1,8,-1,mixed,2,0,read_history,22741956,OK
fixed_sql-1,8,-1,mixed,7,0,read_history,22901889,OK
fixed_sql-1,8,-1,mixed,0,0,read_history,22987321,OK
fixed_sql-1,8,-1,mixed,5,0,read_history,25508917,OK
fixed_sql-1,8,-1,mixed,6,0,read_history,26736848,OK
fixed_sql-1,8,-1,mixed,6,0,retry,64283909,OK
fixed_sql-1,8,-1,mixed,2,0,retry,68942714,OK
fixed_sql-1,8,-1,mixed,1,0,retry,69938537,OK
fixed_sql-1,8,-1,mixed,4,0,retry,72457408,OK
fixed_sql-1,8,-1,mixed,5,0,retry,77364854,OK
fixed_sql-1,8,-1,mixed,3,0,retry,81220602,OK
fixed_sql-1,8,-1,mixed,7,0,retry,89712113,OK
fixed_sql-1,8,-1,mixed,0,0,retry,101209825,OK
fixed_sql-1,8,-1,mixed,3,0,put,99198955,OK
fixed_sql-1,8,-1,mixed,1,0,put,114704173,OK
fixed_sql-1,8,-1,mixed,2,0,put,116166687,OK
fixed_sql-1,8,-1,mixed,6,0,put,119662895,OK
fixed_sql-1,8,-1,mixed,5,0,put,109822124,OK
fixed_sql-1,8,-1,mixed,0,0,put,91557130,OK
fixed_sql-1,8,-1,mixed,4,0,put,123782421,OK
fixed_sql-1,8,-1,mixed,2,0,read_current,11940641,OK
fixed_sql-1,8,-1,mixed,1,0,read_current,17073582,OK
fixed_sql-1,8,-1,mixed,7,0,put,112243972,OK
fixed_sql-1,8,-1,mixed,5,0,read_current,13313705,OK
fixed_sql-1,8,-1,mixed,3,0,read_current,23176618,OK
fixed_sql-1,8,-1,mixed,6,0,read_current,15442560,OK
fixed_sql-1,8,-1,mixed,0,0,read_current,11358470,OK
fixed_sql-1,8,-1,mixed,4,0,read_current,10398666,OK
fixed_sql-1,8,-1,mixed,2,0,read_history,11908069,OK
fixed_sql-1,8,-1,mixed,5,0,read_history,14695217,OK
fixed_sql-1,8,-1,mixed,7,0,read_current,16091957,OK
fixed_sql-1,8,-1,mixed,3,0,read_history,14696970,OK
fixed_sql-1,8,-1,mixed,6,0,read_history,14801267,OK
fixed_sql-1,8,-1,mixed,1,0,read_history,18597283,OK
fixed_sql-1,8,-1,mixed,0,0,read_history,16006396,OK
fixed_sql-1,8,-1,mixed,4,0,read_history,13971007,OK
fixed_sql-1,8,-1,mixed,7,0,read_history,13552256,OK
fixed_sql-1,8,-1,mixed,2,0,retry,71197236,OK
fixed_sql-1,8,-1,mixed,4,0,retry,62214377,OK
fixed_sql-1,8,-1,mixed,0,0,retry,62254984,OK
fixed_sql-1,8,-1,mixed,5,0,retry,64819631,OK
fixed_sql-1,8,-1,mixed,3,0,retry,64493274,OK
fixed_sql-1,8,-1,mixed,1,0,retry,62626595,OK
fixed_sql-1,8,-1,mixed,6,0,retry,69271265,OK
fixed_sql-1,8,-1,mixed,7,0,retry,58125939,OK
fixed_sql-1,8,-1,mixed,6,0,put,105927002,OK
fixed_sql-1,8,-1,mixed,5,0,put,110241166,OK
fixed_sql-1,8,-1,mixed,4,0,put,112205089,OK
fixed_sql-1,8,-1,mixed,3,0,put,114085944,OK
fixed_sql-1,8,-1,mixed,0,0,put,117741293,OK
fixed_sql-1,8,-1,mixed,1,0,put,119636235,OK
fixed_sql-1,8,-1,mixed,2,0,put,127099813,OK
fixed_sql-1,8,-1,mixed,4,0,read_current,14959686,OK
fixed_sql-1,8,-1,mixed,5,0,read_current,17272548,OK
fixed_sql-1,8,-1,mixed,6,0,read_current,18023368,OK
fixed_sql-1,8,-1,mixed,3,0,read_current,13434123,OK
fixed_sql-1,8,-1,mixed,7,0,put,123972862,OK
fixed_sql-1,8,-1,mixed,0,0,read_current,13746985,OK
fixed_sql-1,8,-1,mixed,1,0,read_current,12502592,OK
fixed_sql-1,8,-1,mixed,2,0,read_current,12922445,OK
fixed_sql-1,8,-1,mixed,6,0,read_history,11173680,OK
fixed_sql-1,8,-1,mixed,7,0,read_current,11489607,OK
fixed_sql-1,8,-1,mixed,5,0,read_history,14269142,OK
fixed_sql-1,8,-1,mixed,3,0,read_history,14686551,OK
fixed_sql-1,8,-1,mixed,0,0,read_history,11161447,OK
fixed_sql-1,8,-1,mixed,4,0,read_history,15972662,OK
fixed_sql-1,8,-1,mixed,1,0,read_history,13346317,OK
fixed_sql-1,8,-1,mixed,2,0,read_history,10815233,OK
fixed_sql-1,8,-1,mixed,7,0,read_history,11015431,OK
fixed_sql-1,8,-1,mixed,4,0,retry,54586990,OK
fixed_sql-1,8,-1,mixed,2,0,retry,57629981,OK
fixed_sql-1,8,-1,mixed,3,0,retry,62530734,OK
fixed_sql-1,8,-1,mixed,1,0,retry,61266535,OK
fixed_sql-1,8,-1,mixed,5,0,retry,67081557,OK
fixed_sql-1,8,-1,mixed,7,0,retry,58449822,OK
fixed_sql-1,8,-1,mixed,6,0,retry,85063887,OK
fixed_sql-1,8,-1,mixed,0,0,retry,81734964,OK
fixed_sql-1,8,-1,contended,2,0,put,108755639,OK
fixed_sql-1,8,-1,contended,5,0,put,112958382,ABORTED
fixed_sql-1,8,-1,contended,6,0,put,113202484,ABORTED
fixed_sql-1,8,-1,contended,4,0,put,113094750,ABORTED
fixed_sql-1,8,-1,contended,3,0,put,112905823,ABORTED
fixed_sql-1,8,-1,contended,1,0,put,112950067,ABORTED
fixed_sql-1,8,-1,contended,7,0,put,113022895,ABORTED
fixed_sql-1,8,-1,contended,0,0,put,112898520,ABORTED
fixed_sql-1,8,0,mixed,7,0,put,95224201,OK
fixed_sql-1,8,0,mixed,4,0,put,96942930,OK
fixed_sql-1,8,0,mixed,3,0,put,100410164,OK
fixed_sql-1,8,0,mixed,6,0,put,103923816,OK
fixed_sql-1,8,0,mixed,0,0,put,107411288,OK
fixed_sql-1,8,0,mixed,7,0,read_current,13788473,OK
fixed_sql-1,8,0,mixed,4,0,read_current,12224196,OK
fixed_sql-1,8,0,mixed,1,0,put,110822065,OK
fixed_sql-1,8,0,mixed,5,0,put,114913028,OK
fixed_sql-1,8,0,mixed,6,0,read_current,12039738,OK
fixed_sql-1,8,0,mixed,3,0,read_current,15670671,OK
fixed_sql-1,8,0,mixed,2,0,put,118832686,OK
fixed_sql-1,8,0,mixed,0,0,read_current,15249364,OK
fixed_sql-1,8,0,mixed,4,0,read_history,13878453,OK
fixed_sql-1,8,0,mixed,1,0,read_current,13975135,OK
fixed_sql-1,8,0,mixed,7,0,read_history,15893602,OK
fixed_sql-1,8,0,mixed,6,0,read_history,17779878,OK
fixed_sql-1,8,0,mixed,5,0,read_current,18849299,OK
fixed_sql-1,8,0,mixed,2,0,read_current,15127594,OK
fixed_sql-1,8,0,mixed,3,0,read_history,17979935,OK
fixed_sql-1,8,0,mixed,0,0,read_history,11350395,OK
fixed_sql-1,8,0,mixed,1,0,read_history,9431638,OK
fixed_sql-1,8,0,mixed,2,0,read_history,12016353,OK
fixed_sql-1,8,0,mixed,5,0,read_history,13860609,OK
fixed_sql-1,8,0,mixed,7,0,retry,71882902,OK
fixed_sql-1,8,0,mixed,0,0,retry,64342710,OK
fixed_sql-1,8,0,mixed,4,0,retry,77818070,OK
fixed_sql-1,8,0,mixed,1,0,retry,66704785,OK
fixed_sql-1,8,0,mixed,3,0,retry,72366526,OK
fixed_sql-1,8,0,mixed,6,0,retry,74502894,OK
fixed_sql-1,8,0,mixed,5,0,retry,68185443,OK
fixed_sql-1,8,0,mixed,2,0,retry,70879977,OK
fixed_sql-1,8,0,mixed,1,0,put,90389934,OK
fixed_sql-1,8,0,mixed,6,0,put,84429047,OK
fixed_sql-1,8,0,mixed,7,0,put,98208502,OK
fixed_sql-1,8,0,mixed,4,0,put,96073477,OK
fixed_sql-1,8,0,mixed,3,0,put,93613738,OK
fixed_sql-1,8,0,mixed,0,0,put,104022703,OK
fixed_sql-1,8,0,mixed,6,0,read_current,11321820,OK
fixed_sql-1,8,0,mixed,1,0,read_current,12837465,OK
fixed_sql-1,8,0,mixed,7,0,read_current,9610726,OK
fixed_sql-1,8,0,mixed,4,0,read_current,8028476,OK
fixed_sql-1,8,0,mixed,5,0,put,90590543,OK
fixed_sql-1,8,0,mixed,3,0,read_current,8974283,OK
fixed_sql-1,8,0,mixed,2,0,put,92519820,OK
fixed_sql-1,8,0,mixed,0,0,read_current,10321149,OK
fixed_sql-1,8,0,mixed,6,0,read_history,9520776,OK
fixed_sql-1,8,0,mixed,1,0,read_history,9916825,OK
fixed_sql-1,8,0,mixed,7,0,read_history,10827997,OK
fixed_sql-1,8,0,mixed,4,0,read_history,12527069,OK
fixed_sql-1,8,0,mixed,5,0,read_current,11926523,OK
fixed_sql-1,8,0,mixed,3,0,read_history,11165765,OK
fixed_sql-1,8,0,mixed,0,0,read_history,8521297,OK
fixed_sql-1,8,0,mixed,2,0,read_current,12601930,OK
fixed_sql-1,8,0,mixed,5,0,read_history,9413443,OK
fixed_sql-1,8,0,mixed,2,0,read_history,7879113,OK
fixed_sql-1,8,0,mixed,1,0,retry,65651413,OK
fixed_sql-1,8,0,mixed,6,0,retry,66189390,OK
fixed_sql-1,8,0,mixed,7,0,retry,86785080,OK
fixed_sql-1,8,0,mixed,4,0,retry,87729205,OK
fixed_sql-1,8,0,mixed,5,0,retry,77371326,OK
fixed_sql-1,8,0,mixed,2,0,retry,75638942,OK
fixed_sql-1,8,0,mixed,0,0,retry,83915065,OK
fixed_sql-1,8,0,mixed,3,0,retry,87131675,OK
fixed_sql-1,8,0,mixed,1,0,put,102212821,OK
fixed_sql-1,8,0,mixed,6,0,put,106539290,OK
fixed_sql-1,8,0,mixed,2,0,put,83436761,OK
fixed_sql-1,8,0,mixed,0,0,put,85503728,OK
fixed_sql-1,8,0,mixed,1,0,read_current,10339193,OK
fixed_sql-1,8,0,mixed,5,0,put,87381658,OK
fixed_sql-1,8,0,mixed,4,0,put,90958899,OK
fixed_sql-1,8,0,mixed,6,0,read_current,9909481,OK
fixed_sql-1,8,0,mixed,2,0,read_current,9046950,OK
fixed_sql-1,8,0,mixed,7,0,put,96691115,OK
fixed_sql-1,8,0,mixed,6,0,read_history,8893931,OK
fixed_sql-1,8,0,mixed,5,0,read_current,12754519,OK
fixed_sql-1,8,0,mixed,3,0,put,98132388,OK
fixed_sql-1,8,0,mixed,1,0,read_history,12925101,OK
fixed_sql-1,8,0,mixed,4,0,read_current,9347418,OK
fixed_sql-1,8,0,mixed,0,0,read_current,14620255,OK
fixed_sql-1,8,0,mixed,2,0,read_history,10664037,OK
fixed_sql-1,8,0,mixed,7,0,read_current,9944136,OK
fixed_sql-1,8,0,mixed,3,0,read_current,11812247,OK
fixed_sql-1,8,0,mixed,4,0,read_history,12140167,OK
fixed_sql-1,8,0,mixed,5,0,read_history,12583115,OK
fixed_sql-1,8,0,mixed,7,0,read_history,10250806,OK
fixed_sql-1,8,0,mixed,0,0,read_history,13625605,OK
fixed_sql-1,8,0,mixed,3,0,read_history,10734941,OK
fixed_sql-1,8,0,mixed,1,0,retry,56564648,OK
fixed_sql-1,8,0,mixed,2,0,retry,58017233,OK
fixed_sql-1,8,0,mixed,6,0,retry,61478817,OK
fixed_sql-1,8,0,mixed,5,0,retry,50794691,OK
fixed_sql-1,8,0,mixed,0,0,retry,59065315,OK
fixed_sql-1,8,0,mixed,7,0,retry,59412631,OK
fixed_sql-1,8,0,mixed,4,0,retry,62973251,OK
fixed_sql-1,8,0,mixed,3,0,retry,76205643,OK
fixed_sql-1,8,0,contended,5,0,put,79830295,OK
fixed_sql-1,8,0,contended,7,0,put,80470093,ABORTED
fixed_sql-1,8,0,contended,4,0,put,80678958,ABORTED
fixed_sql-1,8,0,contended,3,0,put,80642920,ABORTED
fixed_sql-1,8,0,contended,1,0,put,80810537,ABORTED
fixed_sql-1,8,0,contended,0,0,put,80864860,ABORTED
fixed_sql-1,8,0,contended,2,0,put,81351299,ABORTED
fixed_sql-1,8,0,contended,6,0,put,91307909,ABORTED
fixed_sql-1,8,1,mixed,1,0,put,77243826,OK
fixed_sql-1,8,1,mixed,0,0,put,79005505,OK
fixed_sql-1,8,1,mixed,2,0,put,87861144,OK
fixed_sql-1,8,1,mixed,7,0,put,90337515,OK
fixed_sql-1,8,1,mixed,0,0,read_current,11873032,OK
fixed_sql-1,8,1,mixed,1,0,read_current,13870368,OK
fixed_sql-1,8,1,mixed,5,0,put,94838973,OK
fixed_sql-1,8,1,mixed,4,0,put,97475106,OK
fixed_sql-1,8,1,mixed,2,0,read_current,10986126,OK
fixed_sql-1,8,1,mixed,6,0,put,100761889,OK
fixed_sql-1,8,1,mixed,1,0,read_history,11271144,OK
fixed_sql-1,8,1,mixed,0,0,read_history,11551274,OK
fixed_sql-1,8,1,mixed,7,0,read_current,12094070,OK
fixed_sql-1,8,1,mixed,3,0,put,102784332,OK
fixed_sql-1,8,1,mixed,5,0,read_current,9128425,OK
fixed_sql-1,8,1,mixed,4,0,read_current,7598332,OK
fixed_sql-1,8,1,mixed,2,0,read_history,9146559,OK
fixed_sql-1,8,1,mixed,6,0,read_current,8004099,OK
fixed_sql-1,8,1,mixed,7,0,read_history,9482994,OK
fixed_sql-1,8,1,mixed,5,0,read_history,9633419,OK
fixed_sql-1,8,1,mixed,3,0,read_current,15374000,OK
fixed_sql-1,8,1,mixed,4,0,read_history,13104359,OK
fixed_sql-1,8,1,mixed,6,0,read_history,10809633,OK
fixed_sql-1,8,1,mixed,3,0,read_history,18507142,OK
fixed_sql-1,8,1,mixed,1,0,retry,69645743,OK
fixed_sql-1,8,1,mixed,0,0,retry,69541596,OK
fixed_sql-1,8,1,mixed,7,0,retry,70903672,OK
fixed_sql-1,8,1,mixed,5,0,retry,69315460,OK
fixed_sql-1,8,1,mixed,6,0,retry,63348911,OK
fixed_sql-1,8,1,mixed,2,0,retry,75072411,OK
fixed_sql-1,8,1,mixed,3,0,retry,58947472,OK
fixed_sql-1,8,1,mixed,4,0,retry,78487927,OK
fixed_sql-1,8,1,mixed,7,0,put,74702943,OK
fixed_sql-1,8,1,mixed,5,0,put,77030462,OK
fixed_sql-1,8,1,mixed,2,0,put,77501001,OK
fixed_sql-1,8,1,mixed,6,0,put,80061441,OK
fixed_sql-1,8,1,mixed,0,0,put,93290987,OK
fixed_sql-1,8,1,mixed,1,0,put,95235904,OK
fixed_sql-1,8,1,mixed,5,0,read_current,9951250,OK
fixed_sql-1,8,1,mixed,2,0,read_current,9430305,OK
fixed_sql-1,8,1,mixed,7,0,read_current,13572004,OK
fixed_sql-1,8,1,mixed,6,0,read_current,8299357,OK
fixed_sql-1,8,1,mixed,0,0,read_current,10340917,OK
fixed_sql-1,8,1,mixed,1,0,read_current,9123666,OK
fixed_sql-1,8,1,mixed,3,0,put,82307005,OK
fixed_sql-1,8,1,mixed,2,0,read_history,10718490,OK
fixed_sql-1,8,1,mixed,5,0,read_history,11585138,OK
fixed_sql-1,8,1,mixed,4,0,put,85024943,OK
fixed_sql-1,8,1,mixed,6,0,read_history,10329154,OK
fixed_sql-1,8,1,mixed,7,0,read_history,14002608,OK
fixed_sql-1,8,1,mixed,0,0,read_history,9516788,OK
fixed_sql-1,8,1,mixed,1,0,read_history,9025009,OK
fixed_sql-1,8,1,mixed,3,0,read_current,7635623,OK
fixed_sql-1,8,1,mixed,3,0,read_history,8859776,OK
fixed_sql-1,8,1,mixed,4,0,read_current,12824170,OK
fixed_sql-1,8,1,mixed,4,0,read_history,6702109,OK
fixed_sql-1,8,1,mixed,7,0,retry,55980333,OK
fixed_sql-1,8,1,mixed,2,0,retry,60449691,OK
fixed_sql-1,8,1,mixed,6,0,retry,59510666,OK
fixed_sql-1,8,1,mixed,1,0,retry,55980734,OK
fixed_sql-1,8,1,mixed,3,0,retry,69817879,OK
fixed_sql-1,8,1,mixed,5,0,retry,84408718,OK
fixed_sql-1,8,1,mixed,0,0,retry,80836706,OK
fixed_sql-1,8,1,mixed,4,0,retry,65426618,OK
fixed_sql-1,8,1,mixed,2,0,put,91760344,OK
fixed_sql-1,8,1,mixed,7,0,put,94935556,OK
fixed_sql-1,8,1,mixed,6,0,put,96980992,OK
fixed_sql-1,8,1,mixed,1,0,put,98948371,OK
fixed_sql-1,8,1,mixed,3,0,put,78159756,OK
fixed_sql-1,8,1,mixed,4,0,put,78429146,OK
fixed_sql-1,8,1,mixed,2,0,read_current,12087257,OK
fixed_sql-1,8,1,mixed,7,0,read_current,8973441,OK
fixed_sql-1,8,1,mixed,6,0,read_current,8730262,OK
fixed_sql-1,8,1,mixed,0,0,put,81446589,OK
fixed_sql-1,8,1,mixed,1,0,read_current,9381302,OK
fixed_sql-1,8,1,mixed,5,0,put,84323136,OK
fixed_sql-1,8,1,mixed,3,0,read_current,9120870,OK
fixed_sql-1,8,1,mixed,4,0,read_current,13155195,OK
fixed_sql-1,8,1,mixed,0,0,read_current,12212675,OK
fixed_sql-1,8,1,mixed,7,0,read_history,14713040,OK
fixed_sql-1,8,1,mixed,6,0,read_history,13121372,OK
fixed_sql-1,8,1,mixed,2,0,read_history,15018177,OK
fixed_sql-1,8,1,mixed,3,0,read_history,9438941,OK
fixed_sql-1,8,1,mixed,1,0,read_history,12626586,OK
fixed_sql-1,8,1,mixed,5,0,read_current,12330467,OK
fixed_sql-1,8,1,mixed,0,0,read_history,15082268,OK
fixed_sql-1,8,1,mixed,5,0,read_history,12240147,OK
fixed_sql-1,8,1,mixed,4,0,read_history,16732447,OK
fixed_sql-1,8,1,mixed,3,0,retry,61090813,OK
fixed_sql-1,8,1,mixed,1,0,retry,68100452,OK
fixed_sql-1,8,1,mixed,2,0,retry,70326551,OK
fixed_sql-1,8,1,mixed,6,0,retry,70540064,OK
fixed_sql-1,8,1,mixed,7,0,retry,70780258,OK
fixed_sql-1,8,1,mixed,5,0,retry,56431666,OK
fixed_sql-1,8,1,mixed,4,0,retry,78785860,OK
fixed_sql-1,8,1,mixed,0,0,retry,83271448,OK
fixed_sql-1,8,1,contended,2,0,put,87459335,OK
fixed_sql-1,8,1,contended,3,0,put,87707394,ABORTED
fixed_sql-1,8,1,contended,7,0,put,87725257,ABORTED
fixed_sql-1,8,1,contended,1,0,put,87829154,ABORTED
fixed_sql-1,8,1,contended,4,0,put,87896371,ABORTED
fixed_sql-1,8,1,contended,0,0,put,88036656,ABORTED
fixed_sql-1,8,1,contended,6,0,put,88193883,ABORTED
fixed_sql-1,8,1,contended,5,0,put,88245070,ABORTED
fixed_sql-1,8,2,mixed,5,0,put,90458233,OK
fixed_sql-1,8,2,mixed,4,0,put,94235644,OK
fixed_sql-1,8,2,mixed,1,0,put,98460559,OK
fixed_sql-1,8,2,mixed,2,0,put,101128111,OK
fixed_sql-1,8,2,mixed,0,0,put,115018757,OK
fixed_sql-1,8,2,mixed,3,0,put,118733979,OK
fixed_sql-1,8,2,mixed,6,0,put,121509235,OK
fixed_sql-1,8,2,mixed,1,0,read_current,24765642,OK
fixed_sql-1,8,2,mixed,5,0,read_current,32756807,OK
fixed_sql-1,8,2,mixed,4,0,read_current,29024592,OK
fixed_sql-1,8,2,mixed,2,0,read_current,23681833,OK
fixed_sql-1,8,2,mixed,0,0,read_current,11421809,OK
fixed_sql-1,8,2,mixed,3,0,read_current,9664738,OK
fixed_sql-1,8,2,mixed,7,0,put,129452209,OK
fixed_sql-1,8,2,mixed,6,0,read_current,10990835,OK
fixed_sql-1,8,2,mixed,4,0,read_history,9428712,OK
fixed_sql-1,8,2,mixed,5,0,read_history,9796507,OK
fixed_sql-1,8,2,mixed,2,0,read_history,9543920,OK
fixed_sql-1,8,2,mixed,1,0,read_history,11701709,OK
fixed_sql-1,8,2,mixed,3,0,read_history,8998429,OK
fixed_sql-1,8,2,mixed,0,0,read_history,11674026,OK
fixed_sql-1,8,2,mixed,7,0,read_current,9091855,OK
fixed_sql-1,8,2,mixed,6,0,read_history,8557816,OK
fixed_sql-1,8,2,mixed,7,0,read_history,8750971,OK
fixed_sql-1,8,2,mixed,4,0,retry,56020910,OK
fixed_sql-1,8,2,mixed,3,0,retry,51488533,OK
fixed_sql-1,8,2,mixed,2,0,retry,54344522,OK
fixed_sql-1,8,2,mixed,6,0,retry,54355352,OK
fixed_sql-1,8,2,mixed,1,0,retry,60663926,OK
fixed_sql-1,8,2,mixed,5,0,retry,67136641,OK
fixed_sql-1,8,2,mixed,0,0,retry,62150146,OK
fixed_sql-1,8,2,mixed,7,0,retry,54109538,OK
fixed_sql-1,8,2,mixed,6,0,put,76214098,OK
fixed_sql-1,8,2,mixed,2,0,put,84190586,OK
fixed_sql-1,8,2,mixed,1,0,put,79129830,OK
fixed_sql-1,8,2,mixed,0,0,put,76249936,OK
fixed_sql-1,8,2,mixed,4,0,put,89594941,OK
fixed_sql-1,8,2,mixed,3,0,put,91440629,OK
fixed_sql-1,8,2,mixed,2,0,read_current,9143593,OK
fixed_sql-1,8,2,mixed,7,0,put,81332243,OK
fixed_sql-1,8,2,mixed,6,0,read_current,12745752,OK
fixed_sql-1,8,2,mixed,5,0,put,86456689,OK
fixed_sql-1,8,2,mixed,0,0,read_current,10250065,OK
fixed_sql-1,8,2,mixed,1,0,read_current,12717078,OK
fixed_sql-1,8,2,mixed,3,0,read_current,10058833,OK
fixed_sql-1,8,2,mixed,4,0,read_current,13155667,OK
fixed_sql-1,8,2,mixed,7,0,read_current,11151989,OK
fixed_sql-1,8,2,mixed,2,0,read_history,13872532,OK
fixed_sql-1,8,2,mixed,1,0,read_history,8853966,OK
fixed_sql-1,8,2,mixed,5,0,read_current,10654719,OK
fixed_sql-1,8,2,mixed,6,0,read_history,13273319,OK
fixed_sql-1,8,2,mixed,0,0,read_history,14980205,OK
fixed_sql-1,8,2,mixed,4,0,read_history,10612930,OK
fixed_sql-1,8,2,mixed,3,0,read_history,12070425,OK
fixed_sql-1,8,2,mixed,5,0,read_history,7119637,OK
fixed_sql-1,8,2,mixed,7,0,read_history,12346978,OK
fixed_sql-1,8,2,mixed,1,0,retry,69586221,OK
fixed_sql-1,8,2,mixed,6,0,retry,68084493,OK
fixed_sql-1,8,2,mixed,0,0,retry,69153964,OK
fixed_sql-1,8,2,mixed,3,0,retry,70833058,OK
fixed_sql-1,8,2,mixed,7,0,retry,67847033,OK
fixed_sql-1,8,2,mixed,2,0,retry,78061400,OK
fixed_sql-1,8,2,mixed,5,0,retry,72283439,OK
fixed_sql-1,8,2,mixed,4,0,retry,78404098,OK
fixed_sql-1,8,2,mixed,4,0,put,81960992,OK
fixed_sql-1,8,2,mixed,5,0,put,87260709,OK
fixed_sql-1,8,2,mixed,0,0,put,94140554,OK
fixed_sql-1,8,2,mixed,6,0,put,100114225,OK
fixed_sql-1,8,2,mixed,3,0,put,94348707,OK
fixed_sql-1,8,2,mixed,1,0,put,103283715,OK
fixed_sql-1,8,2,mixed,2,0,put,96294735,OK
fixed_sql-1,8,2,mixed,7,0,put,98407499,OK
fixed_sql-1,8,2,mixed,4,0,read_current,12488756,OK
fixed_sql-1,8,2,mixed,0,0,read_current,11567915,OK
fixed_sql-1,8,2,mixed,6,0,read_current,10531266,OK
fixed_sql-1,8,2,mixed,5,0,read_current,12585810,OK
fixed_sql-1,8,2,mixed,3,0,read_current,9677362,OK
fixed_sql-1,8,2,mixed,2,0,read_current,8645051,OK
fixed_sql-1,8,2,mixed,1,0,read_current,10006013,OK
fixed_sql-1,8,2,mixed,7,0,read_current,7868523,OK
fixed_sql-1,8,2,mixed,5,0,read_history,11756802,OK
fixed_sql-1,8,2,mixed,4,0,read_history,13271886,OK
fixed_sql-1,8,2,mixed,0,0,read_history,13042062,OK
fixed_sql-1,8,2,mixed,7,0,read_history,10185542,OK
fixed_sql-1,8,2,mixed,2,0,read_history,11479237,OK
fixed_sql-1,8,2,mixed,6,0,read_history,14103849,OK
fixed_sql-1,8,2,mixed,3,0,read_history,13651644,OK
fixed_sql-1,8,2,mixed,1,0,read_history,11732577,OK
fixed_sql-1,8,2,mixed,3,0,retry,57656381,OK
fixed_sql-1,8,2,mixed,1,0,retry,57611837,OK
fixed_sql-1,8,2,mixed,2,0,retry,76770510,OK
fixed_sql-1,8,2,mixed,4,0,retry,79008370,OK
fixed_sql-1,8,2,mixed,7,0,retry,76882242,OK
fixed_sql-1,8,2,mixed,5,0,retry,79053696,OK
fixed_sql-1,8,2,mixed,0,0,retry,77850582,OK
fixed_sql-1,8,2,mixed,6,0,retry,81446910,OK
fixed_sql-1,8,2,contended,0,0,put,81065449,OK
fixed_sql-1,8,2,contended,6,0,put,81584510,ABORTED
fixed_sql-1,8,2,contended,5,0,put,81474583,ABORTED
fixed_sql-1,8,2,contended,2,0,put,81477628,ABORTED
fixed_sql-1,8,2,contended,3,0,put,81779850,ABORTED
fixed_sql-1,8,2,contended,7,0,put,81873426,ABORTED
fixed_sql-1,8,2,contended,4,0,put,84956654,ABORTED
fixed_sql-1,8,2,contended,1,0,put,86403709,ABORTED
fixed_sql-2,4,-1,mixed,3,0,put,158218732,OK
fixed_sql-2,4,-1,mixed,5,0,put,161536364,OK
fixed_sql-2,4,-1,mixed,7,0,put,166061097,OK
fixed_sql-2,4,-1,mixed,1,0,put,170982468,OK
fixed_sql-2,4,-1,mixed,2,1,put,206145584,OK
fixed_sql-2,4,-1,mixed,6,1,put,211566611,OK
fixed_sql-2,4,-1,mixed,4,1,put,216103225,OK
fixed_sql-2,4,-1,mixed,0,1,put,219083549,OK
fixed_sql-2,4,-1,mixed,5,1,read_current,67872612,OK
fixed_sql-2,4,-1,mixed,1,1,read_current,58563767,OK
fixed_sql-2,4,-1,mixed,3,1,read_current,71270765,OK
fixed_sql-2,4,-1,mixed,7,1,read_current,63396000,OK
fixed_sql-2,4,-1,mixed,1,1,read_history,21403557,OK
fixed_sql-2,4,-1,mixed,7,1,read_history,21403577,OK
fixed_sql-2,4,-1,mixed,5,1,read_history,21408746,OK
fixed_sql-2,4,-1,mixed,3,1,read_history,21415369,OK
fixed_sql-2,4,-1,mixed,6,0,read_current,53529751,OK
fixed_sql-2,4,-1,mixed,2,0,read_current,59029928,OK
fixed_sql-2,4,-1,mixed,4,0,read_current,49149201,OK
fixed_sql-2,4,-1,mixed,0,0,read_current,46166012,OK
fixed_sql-2,4,-1,mixed,2,0,read_history,17806928,OK
fixed_sql-2,4,-1,mixed,0,0,read_history,17939359,OK
fixed_sql-2,4,-1,mixed,4,0,read_history,19926094,OK
fixed_sql-2,4,-1,mixed,6,0,read_history,20039949,OK
fixed_sql-2,4,-1,mixed,5,1,retry,77528053,OK
fixed_sql-2,4,-1,mixed,1,1,retry,77556627,OK
fixed_sql-2,4,-1,mixed,7,1,retry,81497877,OK
fixed_sql-2,4,-1,mixed,3,1,retry,95077946,OK
fixed_sql-2,4,-1,mixed,6,0,retry,75453201,OK
fixed_sql-2,4,-1,mixed,2,0,retry,79526450,OK
fixed_sql-2,4,-1,mixed,4,0,retry,84954990,OK
fixed_sql-2,4,-1,mixed,0,0,retry,105095811,OK
fixed_sql-2,4,-1,mixed,7,1,put,97022270,OK
fixed_sql-2,4,-1,mixed,5,1,put,113010031,OK
fixed_sql-2,4,-1,mixed,1,1,put,119412392,OK
fixed_sql-2,4,-1,mixed,7,0,read_current,18547748,OK
fixed_sql-2,4,-1,mixed,3,1,put,115733197,OK
fixed_sql-2,4,-1,mixed,5,0,read_current,22776031,OK
fixed_sql-2,4,-1,mixed,2,0,put,106689463,OK
fixed_sql-2,4,-1,mixed,1,0,read_current,23727199,OK
fixed_sql-2,4,-1,mixed,7,0,read_history,23887812,OK
fixed_sql-2,4,-1,mixed,6,0,put,112884523,OK
fixed_sql-2,4,-1,mixed,4,0,put,111367375,OK
fixed_sql-2,4,-1,mixed,3,0,read_current,26321432,OK
fixed_sql-2,4,-1,mixed,1,0,read_history,16543340,OK
fixed_sql-2,4,-1,mixed,5,0,read_history,23988212,OK
fixed_sql-2,4,-1,mixed,2,1,read_current,22489379,OK
fixed_sql-2,4,-1,mixed,6,1,read_current,18296143,OK
fixed_sql-2,4,-1,mixed,4,1,read_current,12649420,OK
fixed_sql-2,4,-1,mixed,0,0,put,107586429,OK
fixed_sql-2,4,-1,mixed,3,0,read_history,12450263,OK
fixed_sql-2,4,-1,mixed,2,1,read_history,17332682,OK
fixed_sql-2,4,-1,mixed,0,1,read_current,13239996,OK
fixed_sql-2,4,-1,mixed,4,1,read_history,14993911,OK
fixed_sql-2,4,-1,mixed,6,1,read_history,17437520,OK
fixed_sql-2,4,-1,mixed,0,1,read_history,10540895,OK
fixed_sql-2,4,-1,mixed,7,0,retry,63543309,OK
fixed_sql-2,4,-1,mixed,5,0,retry,64669528,OK
fixed_sql-2,4,-1,mixed,1,0,retry,64829260,OK
fixed_sql-2,4,-1,mixed,3,0,retry,63892609,OK
fixed_sql-2,4,-1,mixed,4,1,retry,68989162,OK
fixed_sql-2,4,-1,mixed,2,1,retry,69061750,OK
fixed_sql-2,4,-1,mixed,6,1,retry,68796158,OK
fixed_sql-2,4,-1,mixed,0,1,retry,61894752,OK
fixed_sql-2,4,-1,mixed,7,0,put,92923413,OK
fixed_sql-2,4,-1,mixed,7,1,read_current,22269534,OK
fixed_sql-2,4,-1,mixed,1,0,put,107746401,OK
fixed_sql-2,4,-1,mixed,5,0,put,112079912,OK
fixed_sql-2,4,-1,mixed,3,0,put,114205550,OK
fixed_sql-2,4,-1,mixed,0,1,put,102223471,OK
fixed_sql-2,4,-1,mixed,7,1,read_history,34574482,OK
fixed_sql-2,4,-1,mixed,4,1,put,108050005,OK
fixed_sql-2,4,-1,mixed,2,1,put,112335535,OK
fixed_sql-2,4,-1,mixed,6,1,put,115340666,OK
fixed_sql-2,4,-1,mixed,1,1,read_current,39313750,OK
fixed_sql-2,4,-1,mixed,3,1,read_current,21463610,OK
fixed_sql-2,4,-1,mixed,5,1,read_current,36149910,OK
fixed_sql-2,4,-1,mixed,0,0,read_current,18199581,OK
fixed_sql-2,4,-1,mixed,4,0,read_current,17008670,OK
fixed_sql-2,4,-1,mixed,2,0,read_current,12733619,OK
fixed_sql-2,4,-1,mixed,6,0,read_current,9881478,OK
fixed_sql-2,4,-1,mixed,3,1,read_history,11626256,OK
fixed_sql-2,4,-1,mixed,5,1,read_history,10606107,OK
fixed_sql-2,4,-1,mixed,1,1,read_history,11853937,OK
fixed_sql-2,4,-1,mixed,0,0,read_history,11394838,OK
fixed_sql-2,4,-1,mixed,6,0,read_history,16290272,OK
fixed_sql-2,4,-1,mixed,4,0,read_history,16649421,OK
fixed_sql-2,4,-1,mixed,2,0,read_history,16699426,OK
fixed_sql-2,4,-1,mixed,7,1,retry,59304657,OK
fixed_sql-2,4,-1,mixed,0,0,retry,60160455,OK
fixed_sql-2,4,-1,mixed,4,0,retry,54055455,OK
fixed_sql-2,4,-1,mixed,5,1,retry,62105160,OK
fixed_sql-2,4,-1,mixed,3,1,retry,62249554,OK
fixed_sql-2,4,-1,mixed,2,0,retry,57953623,OK
fixed_sql-2,4,-1,mixed,1,1,retry,70726787,OK
fixed_sql-2,4,-1,mixed,6,0,retry,65087497,OK
fixed_sql-2,4,-1,contended,3,1,put,78938128,OK
fixed_sql-2,4,-1,contended,1,1,put,82713043,ABORTED
fixed_sql-2,4,-1,contended,5,1,put,82632922,ABORTED
fixed_sql-2,4,-1,contended,7,1,put,82660494,ABORTED
fixed_sql-2,4,-1,contended,2,0,put,88752639,ABORTED
fixed_sql-2,4,-1,contended,6,0,put,88850844,ABORTED
fixed_sql-2,4,-1,contended,0,0,put,88814946,ABORTED
fixed_sql-2,4,-1,contended,4,0,put,88857156,ABORTED
fixed_sql-2,4,0,mixed,3,1,put,86562990,OK
fixed_sql-2,4,0,mixed,7,1,put,89555898,OK
fixed_sql-2,4,0,mixed,6,0,put,93696093,OK
fixed_sql-2,4,0,mixed,1,1,put,98771426,OK
fixed_sql-2,4,0,mixed,4,0,put,101719078,OK
fixed_sql-2,4,0,mixed,7,0,read_current,13482985,OK
fixed_sql-2,4,0,mixed,2,0,put,103466411,OK
fixed_sql-2,4,0,mixed,3,0,read_current,17350075,OK
fixed_sql-2,4,0,mixed,0,0,put,105887718,OK
fixed_sql-2,4,0,mixed,1,0,read_current,7893791,OK
fixed_sql-2,4,0,mixed,6,1,read_current,14345886,OK
fixed_sql-2,4,0,mixed,3,0,read_history,6461293,OK
fixed_sql-2,4,0,mixed,7,0,read_history,7601959,OK
fixed_sql-2,4,0,mixed,5,1,put,110778001,OK
fixed_sql-2,4,0,mixed,2,1,read_current,14144966,OK
fixed_sql-2,4,0,mixed,4,1,read_current,15855169,OK
fixed_sql-2,4,0,mixed,1,0,read_history,10907266,OK
fixed_sql-2,4,0,mixed,0,1,read_current,14654409,OK
fixed_sql-2,4,0,mixed,5,0,read_current,11116983,OK
fixed_sql-2,4,0,mixed,6,1,read_history,14149696,OK
fixed_sql-2,4,0,mixed,2,1,read_history,16427912,OK
fixed_sql-2,4,0,mixed,0,1,read_history,16243313,OK
fixed_sql-2,4,0,mixed,4,1,read_history,19576774,OK
fixed_sql-2,4,0,mixed,5,0,read_history,15615727,OK
fixed_sql-2,4,0,mixed,7,0,retry,62642025,OK
fixed_sql-2,4,0,mixed,3,0,retry,68348392,OK
fixed_sql-2,4,0,mixed,1,0,retry,65141349,OK
fixed_sql-2,4,0,mixed,6,1,retry,69421579,OK
fixed_sql-2,4,0,mixed,4,1,retry,60244563,OK
fixed_sql-2,4,0,mixed,0,1,retry,60699984,OK
fixed_sql-2,4,0,mixed,2,1,retry,72434465,OK
fixed_sql-2,4,0,mixed,5,0,retry,82221754,OK
fixed_sql-2,4,0,mixed,1,0,put,100525913,OK
fixed_sql-2,4,0,mixed,7,0,put,111539380,OK
fixed_sql-2,4,0,mixed,3,0,put,110843194,OK
fixed_sql-2,4,0,mixed,4,1,put,106904280,OK
fixed_sql-2,4,0,mixed,1,1,read_current,21681873,OK
fixed_sql-2,4,0,mixed,7,1,read_current,21268491,OK
fixed_sql-2,4,0,mixed,6,1,put,117513152,OK
fixed_sql-2,4,0,mixed,3,1,read_current,19647408,OK
fixed_sql-2,4,0,mixed,0,1,put,113427008,OK
fixed_sql-2,4,0,mixed,1,1,read_history,14923788,OK
fixed_sql-2,4,0,mixed,3,1,read_history,12006795,OK
fixed_sql-2,4,0,mixed,2,1,put,115451185,OK
fixed_sql-2,4,0,mixed,7,1,read_history,18077540,OK
fixed_sql-2,4,0,mixed,6,0,read_current,18336208,OK
fixed_sql-2,4,0,mixed,4,0,read_current,23078602,OK
fixed_sql-2,4,0,mixed,0,0,read_current,16682463,OK
fixed_sql-2,4,0,mixed,5,0,put,108681619,OK
fixed_sql-2,4,0,mixed,2,0,read_current,15277096,OK
fixed_sql-2,4,0,mixed,5,1,read_current,16218085,OK
fixed_sql-2,4,0,mixed,4,0,read_history,18082420,OK
fixed_sql-2,4,0,mixed,0,0,read_history,18175356,OK
fixed_sql-2,4,0,mixed,6,0,read_history,18306163,OK
fixed_sql-2,4,0,mixed,2,0,read_history,12451786,OK
fixed_sql-2,4,0,mixed,5,1,read_history,13458479,OK
fixed_sql-2,4,0,mixed,1,1,retry,62678925,OK
fixed_sql-2,4,0,mixed,7,1,retry,58372886,OK
fixed_sql-2,4,0,mixed,3,1,retry,64401220,OK
fixed_sql-2,4,0,mixed,4,0,retry,62682692,OK
fixed_sql-2,4,0,mixed,0,0,retry,67081967,OK
fixed_sql-2,4,0,mixed,2,0,retry,65192075,OK
fixed_sql-2,4,0,mixed,6,0,retry,77652327,OK
fixed_sql-2,4,0,mixed,5,1,retry,82347161,OK
fixed_sql-2,4,0,mixed,7,1,put,85306715,OK
fixed_sql-2,4,0,mixed,1,1,put,89379013,OK
fixed_sql-2,4,0,mixed,3,1,put,88384483,OK
fixed_sql-2,4,0,mixed,7,0,read_current,13775538,OK
fixed_sql-2,4,0,mixed,1,0,read_current,16880246,OK
fixed_sql-2,4,0,mixed,3,0,read_current,16890446,OK
fixed_sql-2,4,0,mixed,7,0,read_history,19773736,OK
fixed_sql-2,4,0,mixed,4,0,put,93400534,OK
fixed_sql-2,4,0,mixed,1,0,read_history,14668586,OK
fixed_sql-2,4,0,mixed,3,0,read_history,13316420,OK
fixed_sql-2,4,0,mixed,2,0,put,98542284,OK
fixed_sql-2,4,0,mixed,4,1,read_current,15472316,OK
fixed_sql-2,4,0,mixed,0,0,put,104665046,OK
fixed_sql-2,4,0,mixed,6,0,put,100152196,OK
fixed_sql-2,4,0,mixed,5,1,put,86880641,OK
fixed_sql-2,4,0,mixed,2,1,read_current,16726476,OK
fixed_sql-2,4,0,mixed,0,1,read_current,12738157,OK
fixed_sql-2,4,0,mixed,4,1,read_history,13072610,OK
fixed_sql-2,4,0,mixed,6,1,read_current,12236499,OK
fixed_sql-2,4,0,mixed,0,1,read_history,10354933,OK
fixed_sql-2,4,0,mixed,2,1,read_history,12512671,OK
fixed_sql-2,4,0,mixed,5,0,read_current,15706288,OK
fixed_sql-2,4,0,mixed,6,1,read_history,7928646,OK
fixed_sql-2,4,0,mixed,5,0,read_history,11207714,OK
fixed_sql-2,4,0,mixed,7,0,retry,62771560,OK
fixed_sql-2,4,0,mixed,3,0,retry,60303255,OK
fixed_sql-2,4,0,mixed,1,0,retry,64171386,OK
fixed_sql-2,4,0,mixed,4,1,retry,59454360,OK
fixed_sql-2,4,0,mixed,6,1,retry,55560190,OK
fixed_sql-2,4,0,mixed,2,1,retry,58187034,OK
fixed_sql-2,4,0,mixed,0,1,retry,60550462,OK
fixed_sql-2,4,0,mixed,5,0,retry,54320616,OK
fixed_sql-2,4,0,contended,5,1,put,100168938,OK
fixed_sql-2,4,0,contended,4,0,put,101558093,ABORTED
fixed_sql-2,4,0,contended,2,0,put,101584123,ABORTED
fixed_sql-2,4,0,contended,6,0,put,101844716,ABORTED
fixed_sql-2,4,0,contended,0,0,put,101791004,ABORTED
fixed_sql-2,4,0,contended,3,1,put,101857129,ABORTED
fixed_sql-2,4,0,contended,1,1,put,102530221,ABORTED
fixed_sql-2,4,0,contended,7,1,put,102787969,ABORTED
fixed_sql-2,4,1,mixed,1,0,put,92503409,OK
fixed_sql-2,4,1,mixed,5,0,put,94489914,OK
fixed_sql-2,4,1,mixed,6,1,put,96816681,OK
fixed_sql-2,4,1,mixed,0,1,put,99512166,OK
fixed_sql-2,4,1,mixed,3,0,put,103847370,OK
fixed_sql-2,4,1,mixed,2,1,put,108115939,OK
fixed_sql-2,4,1,mixed,5,1,read_current,14157801,OK
fixed_sql-2,4,1,mixed,1,1,read_current,16511971,OK
fixed_sql-2,4,1,mixed,6,0,read_current,13976769,OK
fixed_sql-2,4,1,mixed,0,0,read_current,11283659,OK
fixed_sql-2,4,1,mixed,7,0,put,111267016,OK
fixed_sql-2,4,1,mixed,3,1,read_current,11057070,OK
fixed_sql-2,4,1,mixed,4,1,put,114855217,OK
fixed_sql-2,4,1,mixed,2,0,read_current,8346847,OK
fixed_sql-2,4,1,mixed,0,0,read_history,8413463,OK
fixed_sql-2,4,1,mixed,6,0,read_history,9926272,OK
fixed_sql-2,4,1,mixed,5,1,read_history,13240858,OK
fixed_sql-2,4,1,mixed,7,1,read_current,10817517,OK
fixed_sql-2,4,1,mixed,1,1,read_history,13279391,OK
fixed_sql-2,4,1,mixed,4,0,read_current,8501479,OK
fixed_sql-2,4,1,mixed,2,0,read_history,7387022,OK
fixed_sql-2,4,1,mixed,3,1,read_history,9787460,OK
fixed_sql-2,4,1,mixed,7,1,read_history,10081827,OK
fixed_sql-2,4,1,mixed,4,0,read_history,11351166,OK
fixed_sql-2,4,1,mixed,6,0,retry,56380260,OK
fixed_sql-2,4,1,mixed,3,1,retry,54203504,OK
fixed_sql-2,4,1,mixed,1,1,retry,56561652,OK
fixed_sql-2,4,1,mixed,5,1,retry,56906905,OK
fixed_sql-2,4,1,mixed,0,0,retry,64745200,OK
fixed_sql-2,4,1,mixed,4,0,retry,51825931,OK
fixed_sql-2,4,1,mixed,7,1,retry,58947962,OK
fixed_sql-2,4,1,mixed,2,0,retry,74484630,OK
fixed_sql-2,4,1,mixed,6,0,put,81133848,OK
fixed_sql-2,4,1,mixed,1,1,put,86683218,OK
fixed_sql-2,4,1,mixed,3,1,put,90324661,OK
fixed_sql-2,4,1,mixed,7,1,put,79715257,OK
fixed_sql-2,4,1,mixed,0,0,put,89214943,OK
fixed_sql-2,4,1,mixed,4,0,put,88282200,OK
fixed_sql-2,4,1,mixed,1,0,read_current,10670359,OK
fixed_sql-2,4,1,mixed,6,1,read_current,18219839,OK
fixed_sql-2,4,1,mixed,3,0,read_current,9067519,OK
fixed_sql-2,4,1,mixed,5,1,put,99622525,OK
fixed_sql-2,4,1,mixed,7,0,read_current,8315668,OK
fixed_sql-2,4,1,mixed,2,0,put,81706922,OK
fixed_sql-2,4,1,mixed,0,1,read_current,14921194,OK
fixed_sql-2,4,1,mixed,6,1,read_history,12684366,OK
fixed_sql-2,4,1,mixed,1,0,read_history,13900524,OK
fixed_sql-2,4,1,mixed,5,0,read_current,13563598,OK
fixed_sql-2,4,1,mixed,7,0,read_history,13362218,OK
fixed_sql-2,4,1,mixed,3,0,read_history,14495269,OK
fixed_sql-2,4,1,mixed,2,1,read_current,12772523,OK
fixed_sql-2,4,1,mixed,4,1,read_current,18151630,OK
fixed_sql-2,4,1,mixed,0,1,read_history,8942523,OK
fixed_sql-2,4,1,mixed,5,0,read_history,6351826,OK
fixed_sql-2,4,1,mixed,2,1,read_history,10966329,OK
fixed_sql-2,4,1,mixed,4,1,read_history,10981056,OK
fixed_sql-2,4,1,mixed,6,1,retry,66264833,OK
fixed_sql-2,4,1,mixed,7,0,retry,73038326,OK
fixed_sql-2,4,1,mixed,0,1,retry,70115301,OK
fixed_sql-2,4,1,mixed,2,1,retry,65760720,OK
fixed_sql-2,4,1,mixed,3,0,retry,76868476,OK
fixed_sql-2,4,1,mixed,1,0,retry,79472208,OK
fixed_sql-2,4,1,mixed,4,1,retry,65591911,OK
fixed_sql-2,4,1,mixed,5,0,retry,71353802,OK
fixed_sql-2,4,1,mixed,6,1,put,77904905,OK
fixed_sql-2,4,1,mixed,0,1,put,68052993,OK
fixed_sql-2,4,1,mixed,4,1,put,68353251,OK
fixed_sql-2,4,1,mixed,6,0,read_current,14186665,OK
fixed_sql-2,4,1,mixed,2,1,put,84491986,OK
fixed_sql-2,4,1,mixed,1,0,put,86141062,OK
fixed_sql-2,4,1,mixed,3,0,put,87880109,OK
fixed_sql-2,4,1,mixed,0,0,read_current,22303899,OK
fixed_sql-2,4,1,mixed,5,0,put,91011389,OK
fixed_sql-2,4,1,mixed,4,0,read_current,25045490,OK
fixed_sql-2,4,1,mixed,7,0,put,97856427,OK
fixed_sql-2,4,1,mixed,2,0,read_current,13421439,OK
fixed_sql-2,4,1,mixed,6,0,read_history,23851293,OK
fixed_sql-2,4,1,mixed,0,0,read_history,14009821,OK
fixed_sql-2,4,1,mixed,3,1,read_current,14862843,OK
fixed_sql-2,4,1,mixed,1,1,read_current,16624283,OK
fixed_sql-2,4,1,mixed,5,1,read_current,11800104,OK
fixed_sql-2,4,1,mixed,4,0,read_history,14019680,OK
fixed_sql-2,4,1,mixed,7,1,read_current,13672093,OK
fixed_sql-2,4,1,mixed,2,0,read_history,12297936,OK
fixed_sql-2,4,1,mixed,3,1,read_history,15982480,OK
fixed_sql-2,4,1,mixed,5,1,read_history,15971299,OK
fixed_sql-2,4,1,mixed,1,1,read_history,16194581,OK
fixed_sql-2,4,1,mixed,7,1,read_history,11406310,OK
fixed_sql-2,4,1,mixed,0,0,retry,60069733,OK
fixed_sql-2,4,1,mixed,6,0,retry,60144274,OK
fixed_sql-2,4,1,mixed,2,0,retry,52942661,OK
fixed_sql-2,4,1,mixed,4,0,retry,57845690,OK
fixed_sql-2,4,1,mixed,1,1,retry,54050806,OK
fixed_sql-2,4,1,mixed,7,1,retry,54073889,OK
fixed_sql-2,4,1,mixed,3,1,retry,54365441,OK
fixed_sql-2,4,1,mixed,5,1,retry,54799761,OK
fixed_sql-2,4,1,contended,5,1,put,82108160,OK
fixed_sql-2,4,1,contended,7,1,put,82314109,ABORTED
fixed_sql-2,4,1,contended,1,1,put,82397656,ABORTED
fixed_sql-2,4,1,contended,3,1,put,82362089,ABORTED
fixed_sql-2,4,1,contended,2,0,put,83536820,ABORTED
fixed_sql-2,4,1,contended,4,0,put,83648311,ABORTED
fixed_sql-2,4,1,contended,6,0,put,83834913,ABORTED
fixed_sql-2,4,1,contended,0,0,put,83852597,ABORTED
fixed_sql-2,4,2,mixed,5,1,put,104560309,OK
fixed_sql-2,4,2,mixed,3,1,put,105021931,OK
fixed_sql-2,4,2,mixed,1,1,put,106438889,OK
fixed_sql-2,4,2,mixed,7,1,put,107903417,OK
fixed_sql-2,4,2,mixed,2,0,put,109965405,OK
fixed_sql-2,4,2,mixed,0,0,put,111358719,OK
fixed_sql-2,4,2,mixed,6,0,put,114004109,OK
fixed_sql-2,4,2,mixed,4,0,put,116203265,OK
fixed_sql-2,4,2,mixed,5,0,read_current,21811207,OK
fixed_sql-2,4,2,mixed,0,1,read_current,15048835,OK
fixed_sql-2,4,2,mixed,6,1,read_current,12495649,OK
fixed_sql-2,4,2,mixed,3,0,read_current,21446007,OK
fixed_sql-2,4,2,mixed,2,1,read_current,16575020,OK
fixed_sql-2,4,2,mixed,1,0,read_current,20031623,OK
fixed_sql-2,4,2,mixed,7,0,read_current,19233154,OK
fixed_sql-2,4,2,mixed,4,1,read_current,11636996,OK
fixed_sql-2,4,2,mixed,3,0,read_history,18132033,OK
fixed_sql-2,4,2,mixed,6,1,read_history,18204691,OK
fixed_sql-2,4,2,mixed,0,1,read_history,18256097,OK
fixed_sql-2,4,2,mixed,4,1,read_history,16781240,OK
fixed_sql-2,4,2,mixed,7,0,read_history,17538851,OK
fixed_sql-2,4,2,mixed,5,0,read_history,18351187,OK
fixed_sql-2,4,2,mixed,1,0,read_history,18249265,OK
fixed_sql-2,4,2,mixed,2,1,read_history,18326691,OK
fixed_sql-2,4,2,mixed,6,1,retry,52451583,OK
fixed_sql-2,4,2,mixed,0,1,retry,52500456,OK
fixed_sql-2,4,2,mixed,2,1,retry,52478735,OK
fixed_sql-2,4,2,mixed,3,0,retry,53362194,OK
fixed_sql-2,4,2,mixed,1,0,retry,53344572,OK
fixed_sql-2,4,2,mixed,4,1,retry,57791417,OK
fixed_sql-2,4,2,mixed,5,0,retry,57706686,OK
fixed_sql-2,4,2,mixed,7,0,retry,57828997,OK
fixed_sql-2,4,2,mixed,6,1,put,79368481,OK
fixed_sql-2,4,2,mixed,2,1,put,80426671,OK
fixed_sql-2,4,2,mixed,0,1,put,82495091,OK
fixed_sql-2,4,2,mixed,3,0,put,85336212,OK
fixed_sql-2,4,2,mixed,1,0,put,87355128,OK
fixed_sql-2,4,2,mixed,7,0,put,85086750,OK
fixed_sql-2,4,2,mixed,5,0,put,87185728,OK
fixed_sql-2,4,2,mixed,4,1,put,88180578,OK
fixed_sql-2,4,2,mixed,1,1,read_current,12280773,OK
fixed_sql-2,4,2,mixed,2,0,read_current,19989113,OK
fixed_sql-2,4,2,mixed,6,0,read_current,21160006,OK
fixed_sql-2,4,2,mixed,0,0,read_current,18057352,OK
fixed_sql-2,4,2,mixed,5,1,read_current,8157089,OK
fixed_sql-2,4,2,mixed,7,1,read_current,10402784,OK
fixed_sql-2,4,2,mixed,3,1,read_current,14626317,OK
fixed_sql-2,4,2,mixed,4,0,read_current,8227922,OK
fixed_sql-2,4,2,mixed,5,1,read_history,11709513,OK
fixed_sql-2,4,2,mixed,1,1,read_history,13068552,OK
fixed_sql-2,4,2,mixed,7,1,read_history,12813470,OK
fixed_sql-2,4,2,mixed,0,0,read_history,13201484,OK
fixed_sql-2,4,2,mixed,2,0,read_history,13310349,OK
fixed_sql-2,4,2,mixed,6,0,read_history,13751002,OK
fixed_sql-2,4,2,mixed,3,1,read_history,14067881,OK
fixed_sql-2,4,2,mixed,4,0,read_history,13978973,OK
fixed_sql-2,4,2,mixed,1,1,retry,53539590,OK
fixed_sql-2,4,2,mixed,5,1,retry,54840950,OK
fixed_sql-2,4,2,mixed,3,1,retry,53402370,OK
fixed_sql-2,4,2,mixed,7,1,retry,55081374,OK
fixed_sql-2,4,2,mixed,6,0,retry,61887329,OK
fixed_sql-2,4,2,mixed,0,0,retry,62446034,OK
fixed_sql-2,4,2,mixed,4,0,retry,62475420,OK
fixed_sql-2,4,2,mixed,2,0,retry,66856602,OK
fixed_sql-2,4,2,mixed,1,1,put,98824366,OK
fixed_sql-2,4,2,mixed,5,1,put,100920208,OK
fixed_sql-2,4,2,mixed,3,1,put,102650068,OK
fixed_sql-2,4,2,mixed,7,1,put,103605694,OK
fixed_sql-2,4,2,mixed,2,0,put,105860055,OK
fixed_sql-2,4,2,mixed,4,0,put,110306189,OK
fixed_sql-2,4,2,mixed,6,0,put,114356165,OK
fixed_sql-2,4,2,mixed,0,0,put,116704574,OK
fixed_sql-2,4,2,mixed,5,0,read_current,33108922,OK
fixed_sql-2,4,2,mixed,3,0,read_current,30370386,OK
fixed_sql-2,4,2,mixed,1,0,read_current,35991260,OK
fixed_sql-2,4,2,mixed,2,1,read_current,16682513,OK
fixed_sql-2,4,2,mixed,7,0,read_current,31263383,OK
fixed_sql-2,4,2,mixed,0,1,read_current,11287836,OK
fixed_sql-2,4,2,mixed,6,1,read_current,13619413,OK
fixed_sql-2,4,2,mixed,4,1,read_current,15825804,OK
fixed_sql-2,4,2,mixed,1,0,read_history,9287675,OK
fixed_sql-2,4,2,mixed,5,0,read_history,11915863,OK
fixed_sql-2,4,2,mixed,3,0,read_history,12564870,OK
fixed_sql-2,4,2,mixed,7,0,read_history,11120480,OK
fixed_sql-2,4,2,mixed,2,1,read_history,11433210,OK
fixed_sql-2,4,2,mixed,4,1,read_history,10693864,OK
fixed_sql-2,4,2,mixed,6,1,read_history,10726906,OK
fixed_sql-2,4,2,mixed,0,1,read_history,10713280,OK
fixed_sql-2,4,2,mixed,0,1,retry,55267356,OK
fixed_sql-2,4,2,mixed,4,1,retry,55293765,OK
fixed_sql-2,4,2,mixed,3,0,retry,56514332,OK
fixed_sql-2,4,2,mixed,7,0,retry,55705824,OK
fixed_sql-2,4,2,mixed,2,1,retry,55655158,OK
fixed_sql-2,4,2,mixed,6,1,retry,55452205,OK
fixed_sql-2,4,2,mixed,5,0,retry,57151887,OK
fixed_sql-2,4,2,mixed,1,0,retry,59049405,OK
fixed_sql-2,4,2,contended,3,1,put,83592525,OK
fixed_sql-2,4,2,contended,1,1,put,83725256,ABORTED
fixed_sql-2,4,2,contended,7,1,put,83712171,ABORTED
fixed_sql-2,4,2,contended,2,0,put,84596343,ABORTED
fixed_sql-2,4,2,contended,5,1,put,84630357,ABORTED
fixed_sql-2,4,2,contended,6,0,put,84732601,ABORTED
fixed_sql-2,4,2,contended,0,0,put,84734955,ABORTED
fixed_sql-2,4,2,contended,4,0,put,84967795,ABORTED
fixed_sql-4,2,-1,mixed,5,0,put,162312681,OK
fixed_sql-4,2,-1,mixed,1,0,put,176391974,OK
fixed_sql-4,2,-1,mixed,7,2,put,182802521,OK
fixed_sql-4,2,-1,mixed,6,1,put,186712672,OK
fixed_sql-4,2,-1,mixed,3,2,put,193532202,OK
fixed_sql-4,2,-1,mixed,2,1,put,197892304,OK
fixed_sql-4,2,-1,mixed,4,3,put,204012392,OK
fixed_sql-4,2,-1,mixed,0,3,put,210858341,OK
fixed_sql-4,2,-1,mixed,5,1,read_current,84884698,OK
fixed_sql-4,2,-1,mixed,1,1,read_current,70885196,OK
fixed_sql-4,2,-1,mixed,6,2,read_current,64888922,OK
fixed_sql-4,2,-1,mixed,2,2,read_current,53714200,OK
fixed_sql-4,2,-1,mixed,7,3,read_current,81628974,OK
fixed_sql-4,2,-1,mixed,3,3,read_current,70834802,OK
fixed_sql-4,2,-1,mixed,1,1,read_history,22944379,OK
fixed_sql-4,2,-1,mixed,5,1,read_history,23156771,OK
fixed_sql-4,2,-1,mixed,2,2,read_history,21831997,OK
fixed_sql-4,2,-1,mixed,6,2,read_history,22142353,OK
fixed_sql-4,2,-1,mixed,4,0,read_current,73328014,OK
fixed_sql-4,2,-1,mixed,0,0,read_current,66573797,OK
fixed_sql-4,2,-1,mixed,3,3,read_history,23518344,OK
fixed_sql-4,2,-1,mixed,7,3,read_history,23526159,OK
fixed_sql-4,2,-1,mixed,0,0,read_history,20749200,OK
fixed_sql-4,2,-1,mixed,4,0,read_history,22830694,OK
fixed_sql-4,2,-1,mixed,6,2,retry,70585410,OK
fixed_sql-4,2,-1,mixed,2,2,retry,74916537,OK
fixed_sql-4,2,-1,mixed,5,1,retry,80311504,OK
fixed_sql-4,2,-1,mixed,1,1,retry,88312648,OK
fixed_sql-4,2,-1,mixed,3,3,retry,82734894,OK
fixed_sql-4,2,-1,mixed,7,3,retry,82793104,OK
fixed_sql-4,2,-1,mixed,4,0,retry,83043888,OK
fixed_sql-4,2,-1,mixed,0,0,retry,89286599,OK
fixed_sql-4,2,-1,mixed,5,1,put,106374227,OK
fixed_sql-4,2,-1,mixed,1,1,put,103799611,OK
fixed_sql-4,2,-1,mixed,6,2,put,124839180,OK
fixed_sql-4,2,-1,mixed,2,2,put,130893033,OK
fixed_sql-4,2,-1,mixed,3,3,put,115973702,OK
fixed_sql-4,2,-1,mixed,5,2,read_current,29980178,OK
fixed_sql-4,2,-1,mixed,1,2,read_current,27023520,OK
fixed_sql-4,2,-1,mixed,7,3,put,120332842,OK
fixed_sql-4,2,-1,mixed,6,3,read_current,37941096,OK
fixed_sql-4,2,-1,mixed,2,3,read_current,27825866,OK
fixed_sql-4,2,-1,mixed,5,2,read_history,21479591,OK
fixed_sql-4,2,-1,mixed,1,2,read_history,19221072,OK
fixed_sql-4,2,-1,mixed,0,0,put,133811889,OK
fixed_sql-4,2,-1,mixed,6,3,read_history,17117776,OK
fixed_sql-4,2,-1,mixed,2,3,read_history,17118156,OK
fixed_sql-4,2,-1,mixed,4,0,put,142010326,OK
fixed_sql-4,2,-1,mixed,3,0,read_current,47867869,OK
fixed_sql-4,2,-1,mixed,7,0,read_current,43522406,OK
fixed_sql-4,2,-1,mixed,0,1,read_current,19112687,OK
fixed_sql-4,2,-1,mixed,4,1,read_current,15794074,OK
fixed_sql-4,2,-1,mixed,7,0,read_history,16271747,OK
fixed_sql-4,2,-1,mixed,3,0,read_history,16339305,OK
fixed_sql-4,2,-1,mixed,4,1,read_history,11596780,OK
fixed_sql-4,2,-1,mixed,0,1,read_history,12078250,OK
fixed_sql-4,2,-1,mixed,5,2,retry,78802862,OK
fixed_sql-4,2,-1,mixed,1,2,retry,78853297,OK
fixed_sql-4,2,-1,mixed,2,3,retry,77791841,OK
fixed_sql-4,2,-1,mixed,6,3,retry,77841756,OK
fixed_sql-4,2,-1,mixed,7,0,retry,65061108,OK
fixed_sql-4,2,-1,mixed,3,0,retry,72051742,OK
fixed_sql-4,2,-1,mixed,0,1,retry,76242032,OK
fixed_sql-4,2,-1,mixed,4,1,retry,79605008,OK
fixed_sql-4,2,-1,mixed,5,2,put,96386008,OK
fixed_sql-4,2,-1,mixed,1,2,put,99501186,OK
fixed_sql-4,2,-1,mixed,2,3,put,113754527,OK
fixed_sql-4,2,-1,mixed,6,3,put,115749579,OK
fixed_sql-4,2,-1,mixed,7,0,put,108640981,OK
fixed_sql-4,2,-1,mixed,5,3,read_current,43033401,OK
fixed_sql-4,2,-1,mixed,1,3,read_current,40189286,OK
fixed_sql-4,2,-1,mixed,0,1,put,110854917,OK
fixed_sql-4,2,-1,mixed,6,0,read_current,22142583,OK
fixed_sql-4,2,-1,mixed,2,0,read_current,24175476,OK
fixed_sql-4,2,-1,mixed,4,1,put,113588794,OK
fixed_sql-4,2,-1,mixed,5,3,read_history,20110993,OK
fixed_sql-4,2,-1,mixed,1,3,read_history,19861442,OK
fixed_sql-4,2,-1,mixed,3,0,put,126447840,OK
fixed_sql-4,2,-1,mixed,2,0,read_history,16913900,OK
fixed_sql-4,2,-1,mixed,6,0,read_history,16914522,OK
fixed_sql-4,2,-1,mixed,7,1,read_current,34289954,OK
fixed_sql-4,2,-1,mixed,0,2,read_current,20651966,OK
fixed_sql-4,2,-1,mixed,4,2,read_current,18106265,OK
fixed_sql-4,2,-1,mixed,3,1,read_current,16455193,OK
fixed_sql-4,2,-1,mixed,0,2,read_history,19205502,OK
fixed_sql-4,2,-1,mixed,7,1,read_history,20861602,OK
fixed_sql-4,2,-1,mixed,4,2,read_history,15897078,OK
fixed_sql-4,2,-1,mixed,3,1,read_history,15025371,OK
fixed_sql-4,2,-1,mixed,5,3,retry,64838948,OK
fixed_sql-4,2,-1,mixed,2,0,retry,58675567,OK
fixed_sql-4,2,-1,mixed,6,0,retry,62693732,OK
fixed_sql-4,2,-1,mixed,1,3,retry,73107136,OK
fixed_sql-4,2,-1,mixed,7,1,retry,60981647,OK
fixed_sql-4,2,-1,mixed,3,1,retry,59819400,OK
fixed_sql-4,2,-1,mixed,4,2,retry,62160706,OK
fixed_sql-4,2,-1,mixed,0,2,retry,62389368,OK
fixed_sql-4,2,-1,contended,4,0,put,88999325,OK
fixed_sql-4,2,-1,contended,2,2,put,93688258,ABORTED
fixed_sql-4,2,-1,contended,6,2,put,96935977,ABORTED
fixed_sql-4,2,-1,contended,0,0,put,97214774,ABORTED
fixed_sql-4,2,-1,contended,3,3,put,100559597,ABORTED
fixed_sql-4,2,-1,contended,7,3,put,101513259,ABORTED
fixed_sql-4,2,-1,contended,5,1,put,104166384,ABORTED
fixed_sql-4,2,-1,contended,1,1,put,104191772,ABORTED
fixed_sql-4,2,0,mixed,4,0,put,109384838,OK
fixed_sql-4,2,0,mixed,0,0,put,111479898,OK
fixed_sql-4,2,0,mixed,6,2,put,116961529,OK
fixed_sql-4,2,0,mixed,3,3,put,122838117,OK
fixed_sql-4,2,0,mixed,7,3,put,127721057,OK
fixed_sql-4,2,0,mixed,2,2,put,131795408,OK
fixed_sql-4,2,0,mixed,6,3,read_current,17498745,OK
fixed_sql-4,2,0,mixed,3,0,read_current,13487844,OK
fixed_sql-4,2,0,mixed,1,1,put,136447441,OK
fixed_sql-4,2,0,mixed,7,0,read_current,11296683,OK
fixed_sql-4,2,0,mixed,5,1,put,140816229,OK
fixed_sql-4,2,0,mixed,2,3,read_current,15420448,OK
fixed_sql-4,2,0,mixed,3,0,read_history,14317102,OK
fixed_sql-4,2,0,mixed,7,0,read_history,14628941,OK
fixed_sql-4,2,0,mixed,0,1,read_current,42105918,OK
fixed_sql-4,2,0,mixed,6,3,read_history,20939710,OK
fixed_sql-4,2,0,mixed,1,2,read_current,20251299,OK
fixed_sql-4,2,0,mixed,5,2,read_current,15892129,OK
fixed_sql-4,2,0,mixed,4,1,read_current,50118132,OK
fixed_sql-4,2,0,mixed,2,3,read_history,13932576,OK
fixed_sql-4,2,0,mixed,0,1,read_history,12362337,OK
fixed_sql-4,2,0,mixed,4,1,read_history,12777322,OK
fixed_sql-4,2,0,mixed,1,2,read_history,15879425,OK
fixed_sql-4,2,0,mixed,5,2,read_history,15751854,OK
fixed_sql-4,2,0,mixed,7,0,retry,56506708,OK
fixed_sql-4,2,0,mixed,3,0,retry,64271976,OK
fixed_sql-4,2,0,mixed,6,3,retry,64158231,OK
fixed_sql-4,2,0,mixed,0,1,retry,55504334,OK
fixed_sql-4,2,0,mixed,2,3,retry,61398545,OK
fixed_sql-4,2,0,mixed,4,1,retry,57424132,OK
fixed_sql-4,2,0,mixed,1,2,retry,73032776,OK
fixed_sql-4,2,0,mixed,5,2,retry,75588397,OK
fixed_sql-4,2,0,mixed,7,0,put,92877687,OK
fixed_sql-4,2,0,mixed,3,0,put,91451240,OK
fixed_sql-4,2,0,mixed,2,3,put,102693369,OK
fixed_sql-4,2,0,mixed,6,3,put,110588743,OK
fixed_sql-4,2,0,mixed,4,1,put,110021872,OK
fixed_sql-4,2,0,mixed,3,1,read_current,34765043,OK
fixed_sql-4,2,0,mixed,7,1,read_current,38841989,OK
fixed_sql-4,2,0,mixed,0,1,put,121677844,OK
fixed_sql-4,2,0,mixed,6,0,read_current,13457898,OK
fixed_sql-4,2,0,mixed,2,0,read_current,18626428,OK
fixed_sql-4,2,0,mixed,1,2,put,105242959,OK
fixed_sql-4,2,0,mixed,2,0,read_history,10546535,OK
fixed_sql-4,2,0,mixed,5,2,put,106425724,OK
fixed_sql-4,2,0,mixed,6,0,read_history,13308445,OK
fixed_sql-4,2,0,mixed,3,1,read_history,18405189,OK
fixed_sql-4,2,0,mixed,7,1,read_history,17695007,OK
fixed_sql-4,2,0,mixed,0,2,read_current,23586273,OK
fixed_sql-4,2,0,mixed,4,2,read_current,27032396,OK
fixed_sql-4,2,0,mixed,5,3,read_current,12612580,OK
fixed_sql-4,2,0,mixed,1,3,read_current,16354332,OK
fixed_sql-4,2,0,mixed,5,3,read_history,8690867,OK
fixed_sql-4,2,0,mixed,1,3,read_history,10211632,OK
fixed_sql-4,2,0,mixed,0,2,read_history,13209638,OK
fixed_sql-4,2,0,mixed,4,2,read_history,13187397,OK
fixed_sql-4,2,0,mixed,3,1,retry,57973671,OK
fixed_sql-4,2,0,mixed,7,1,retry,58009379,OK
fixed_sql-4,2,0,mixed,2,0,retry,63296021,OK
fixed_sql-4,2,0,mixed,6,0,retry,67924630,OK
fixed_sql-4,2,0,mixed,5,3,retry,54966286,OK
fixed_sql-4,2,0,mixed,1,3,retry,53433630,OK
fixed_sql-4,2,0,mixed,0,2,retry,63087067,OK
fixed_sql-4,2,0,mixed,4,2,retry,64042823,OK
fixed_sql-4,2,0,mixed,7,1,put,113302944,OK
fixed_sql-4,2,0,mixed,2,0,put,117133434,OK
fixed_sql-4,2,0,mixed,6,0,put,111804993,OK
fixed_sql-4,2,0,mixed,3,1,put,123923278,OK
fixed_sql-4,2,0,mixed,7,2,read_current,23391284,OK
fixed_sql-4,2,0,mixed,2,1,read_current,20785929,OK
fixed_sql-4,2,0,mixed,6,1,read_current,19285854,OK
fixed_sql-4,2,0,mixed,1,3,put,127937686,OK
fixed_sql-4,2,0,mixed,5,3,put,134410792,OK
fixed_sql-4,2,0,mixed,4,2,put,124991607,OK
fixed_sql-4,2,0,mixed,0,2,put,131460575,OK
fixed_sql-4,2,0,mixed,2,1,read_history,21231371,OK
fixed_sql-4,2,0,mixed,6,1,read_history,20645514,OK
fixed_sql-4,2,0,mixed,1,0,read_current,20878925,OK
fixed_sql-4,2,0,mixed,5,0,read_current,16587914,OK
fixed_sql-4,2,0,mixed,3,2,read_current,41430301,OK
fixed_sql-4,2,0,mixed,7,2,read_history,28634755,OK
fixed_sql-4,2,0,mixed,4,3,read_current,17933588,OK
fixed_sql-4,2,0,mixed,0,3,read_current,13712750,OK
fixed_sql-4,2,0,mixed,1,0,read_history,16844069,OK
fixed_sql-4,2,0,mixed,5,0,read_history,14913028,OK
fixed_sql-4,2,0,mixed,3,2,read_history,16071648,OK
fixed_sql-4,2,0,mixed,0,3,read_history,13749690,OK
fixed_sql-4,2,0,mixed,4,3,read_history,15071658,OK
fixed_sql-4,2,0,mixed,6,1,retry,62461825,OK
fixed_sql-4,2,0,mixed,2,1,retry,63225779,OK
fixed_sql-4,2,0,mixed,7,2,retry,62707970,OK
fixed_sql-4,2,0,mixed,1,0,retry,62605917,OK
fixed_sql-4,2,0,mixed,4,3,retry,57330565,OK
fixed_sql-4,2,0,mixed,0,3,retry,57326838,OK
fixed_sql-4,2,0,mixed,3,2,retry,62871238,OK
fixed_sql-4,2,0,mixed,5,0,retry,66352058,OK
fixed_sql-4,2,0,contended,4,0,put,87254828,OK
fixed_sql-4,2,0,contended,0,0,put,87923612,ABORTED
fixed_sql-4,2,0,contended,1,1,put,89350809,ABORTED
fixed_sql-4,2,0,contended,3,3,put,89655806,ABORTED
fixed_sql-4,2,0,contended,7,3,put,90023862,ABORTED
fixed_sql-4,2,0,contended,6,2,put,90441311,ABORTED
fixed_sql-4,2,0,contended,2,2,put,90662189,ABORTED
fixed_sql-4,2,0,contended,5,1,put,91884019,ABORTED
fixed_sql-4,2,1,mixed,5,2,put,82244617,OK
fixed_sql-4,2,1,mixed,6,3,put,85398770,OK
fixed_sql-4,2,1,mixed,5,3,read_current,10751733,OK
fixed_sql-4,2,1,mixed,1,2,put,92962707,OK
fixed_sql-4,2,1,mixed,4,1,put,97191921,OK
fixed_sql-4,2,1,mixed,0,1,put,99318040,OK
fixed_sql-4,2,1,mixed,5,3,read_history,13610687,OK
fixed_sql-4,2,1,mixed,1,3,read_current,14191715,OK
fixed_sql-4,2,1,mixed,0,2,read_current,10688343,OK
fixed_sql-4,2,1,mixed,4,2,read_current,12848587,OK
fixed_sql-4,2,1,mixed,2,3,put,111051568,OK
fixed_sql-4,2,1,mixed,3,0,put,115595998,OK
fixed_sql-4,2,1,mixed,6,0,read_current,30711401,OK
fixed_sql-4,2,1,mixed,0,2,read_history,14466735,OK
fixed_sql-4,2,1,mixed,1,3,read_history,17888683,OK
fixed_sql-4,2,1,mixed,4,2,read_history,16110191,OK
fixed_sql-4,2,1,mixed,2,0,read_current,17751032,OK
fixed_sql-4,2,1,mixed,7,0,put,129182850,OK
fixed_sql-4,2,1,mixed,6,0,read_history,14542428,OK
fixed_sql-4,2,1,mixed,3,1,read_current,20583116,OK
fixed_sql-4,2,1,mixed,7,1,read_current,10412812,OK
fixed_sql-4,2,1,mixed,3,1,read_history,7666621,OK
fixed_sql-4,2,1,mixed,2,0,read_history,15330818,OK
fixed_sql-4,2,1,mixed,7,1,read_history,7071036,OK
fixed_sql-4,2,1,mixed,5,3,retry,63920973,OK
fixed_sql-4,2,1,mixed,1,3,retry,61398695,OK
fixed_sql-4,2,1,mixed,6,0,retry,59019488,OK
fixed_sql-4,2,1,mixed,0,2,retry,65469580,OK
fixed_sql-4,2,1,mixed,4,2,retry,69391974,OK
fixed_sql-4,2,1,mixed,7,1,retry,55014458,OK
fixed_sql-4,2,1,mixed,3,1,retry,57809370,OK
fixed_sql-4,2,1,mixed,2,0,retry,59775096,OK
fixed_sql-4,2,1,mixed,5,3,put,84751727,OK
fixed_sql-4,2,1,mixed,5,0,read_current,17509817,OK
fixed_sql-4,2,1,mixed,6,0,put,90500433,OK
fixed_sql-4,2,1,mixed,1,3,put,106705634,OK
fixed_sql-4,2,1,mixed,5,0,read_history,20798012,OK
fixed_sql-4,2,1,mixed,2,0,put,96219372,OK
fixed_sql-4,2,1,mixed,0,2,put,115341287,OK
fixed_sql-4,2,1,mixed,1,0,read_current,18546346,OK
fixed_sql-4,2,1,mixed,4,2,put,119521569,OK
fixed_sql-4,2,1,mixed,3,1,put,117207334,OK
fixed_sql-4,2,1,mixed,7,1,put,119907488,OK
fixed_sql-4,2,1,mixed,0,3,read_current,17437541,OK
fixed_sql-4,2,1,mixed,1,0,read_history,12525546,OK
fixed_sql-4,2,1,mixed,4,3,read_current,10918298,OK
fixed_sql-4,2,1,mixed,2,1,read_current,29993073,OK
fixed_sql-4,2,1,mixed,6,1,read_current,50241876,OK
fixed_sql-4,2,1,mixed,7,2,read_current,11667103,OK
fixed_sql-4,2,1,mixed,3,2,read_current,14402874,OK
fixed_sql-4,2,1,mixed,0,3,read_history,11524323,OK
fixed_sql-4,2,1,mixed,4,3,read_history,10695337,OK
fixed_sql-4,2,1,mixed,2,1,read_history,9876187,OK
fixed_sql-4,2,1,mixed,6,1,read_history,9548198,OK
fixed_sql-4,2,1,mixed,3,2,read_history,8219286,OK
fixed_sql-4,2,1,mixed,7,2,read_history,9539140,OK
fixed_sql-4,2,1,mixed,5,0,retry,63574618,OK
fixed_sql-4,2,1,mixed,1,0,retry,55155815,OK
fixed_sql-4,2,1,mixed,0,3,retry,58264511,OK
fixed_sql-4,2,1,mixed,4,3,retry,55886736,OK
fixed_sql-4,2,1,mixed,2,1,retry,58952080,OK
fixed_sql-4,2,1,mixed,3,2,retry,59124186,OK
fixed_sql-4,2,1,mixed,7,2,retry,59339062,OK
fixed_sql-4,2,1,mixed,6,1,retry,63217332,OK
fixed_sql-4,2,1,mixed,5,0,put,80161631,OK
fixed_sql-4,2,1,mixed,5,1,read_current,13447628,OK
fixed_sql-4,2,1,mixed,1,0,put,83698787,OK
fixed_sql-4,2,1,mixed,5,1,read_history,16672133,OK
fixed_sql-4,2,1,mixed,1,1,read_current,16867703,OK
fixed_sql-4,2,1,mixed,0,3,put,88351221,OK
fixed_sql-4,2,1,mixed,4,3,put,93102882,OK
fixed_sql-4,2,1,mixed,2,1,put,95670755,OK
fixed_sql-4,2,1,mixed,7,2,put,95618006,OK
fixed_sql-4,2,1,mixed,0,0,read_current,17411882,OK
fixed_sql-4,2,1,mixed,4,0,read_current,12833277,OK
fixed_sql-4,2,1,mixed,6,1,put,99423379,OK
fixed_sql-4,2,1,mixed,1,1,read_history,23780810,OK
fixed_sql-4,2,1,mixed,3,2,put,105233631,OK
fixed_sql-4,2,1,mixed,2,2,read_current,15232061,OK
fixed_sql-4,2,1,mixed,0,0,read_history,13159774,OK
fixed_sql-4,2,1,mixed,4,0,read_history,14643419,OK
fixed_sql-4,2,1,mixed,7,3,read_current,17664660,OK
fixed_sql-4,2,1,mixed,6,2,read_current,13381934,OK
fixed_sql-4,2,1,mixed,3,3,read_current,12485410,OK
fixed_sql-4,2,1,mixed,2,2,read_history,10942123,OK
fixed_sql-4,2,1,mixed,3,3,read_history,7970776,OK
fixed_sql-4,2,1,mixed,7,3,read_history,10948304,OK
fixed_sql-4,2,1,mixed,6,2,read_history,10516197,OK
fixed_sql-4,2,1,mixed,5,1,retry,64789435,OK
fixed_sql-4,2,1,mixed,1,1,retry,63427039,OK
fixed_sql-4,2,1,mixed,2,2,retry,53635341,OK
fixed_sql-4,2,1,mixed,0,0,retry,63433661,OK
fixed_sql-4,2,1,mixed,4,0,retry,61820944,OK
fixed_sql-4,2,1,mixed,6,2,retry,53037090,OK
fixed_sql-4,2,1,mixed,7,3,retry,59839828,OK
fixed_sql-4,2,1,mixed,3,3,retry,59882389,OK
fixed_sql-4,2,1,contended,1,1,put,99045925,OK
fixed_sql-4,2,1,contended,0,0,put,100519150,ABORTED
fixed_sql-4,2,1,contended,4,0,put,100799240,ABORTED
fixed_sql-4,2,1,contended,5,1,put,101324442,ABORTED
fixed_sql-4,2,1,contended,2,2,put,101920438,ABORTED
fixed_sql-4,2,1,contended,7,3,put,102627895,ABORTED
fixed_sql-4,2,1,contended,3,3,put,103614731,ABORTED
fixed_sql-4,2,1,contended,6,2,put,105089208,ABORTED
fixed_sql-4,2,2,mixed,3,1,put,101087334,OK
fixed_sql-4,2,2,mixed,7,1,put,102407980,OK
fixed_sql-4,2,2,mixed,5,3,put,106975513,OK
fixed_sql-4,2,2,mixed,1,3,put,109795795,OK
fixed_sql-4,2,2,mixed,0,2,put,114795705,OK
fixed_sql-4,2,2,mixed,4,2,put,118846332,OK
fixed_sql-4,2,2,mixed,6,0,put,121922085,OK
fixed_sql-4,2,2,mixed,2,0,put,123116042,OK
fixed_sql-4,2,2,mixed,3,2,read_current,28054117,OK
fixed_sql-4,2,2,mixed,7,2,read_current,27051983,OK
fixed_sql-4,2,2,mixed,0,3,read_current,20846905,OK
fixed_sql-4,2,2,mixed,5,0,read_current,29621370,OK
fixed_sql-4,2,2,mixed,1,0,read_current,27263133,OK
fixed_sql-4,2,2,mixed,4,3,read_current,20791710,OK
fixed_sql-4,2,2,mixed,2,1,read_current,17249114,OK
fixed_sql-4,2,2,mixed,6,1,read_current,18571063,OK
fixed_sql-4,2,2,mixed,3,2,read_history,13984934,OK
fixed_sql-4,2,2,mixed,7,2,read_history,13786749,OK
fixed_sql-4,2,2,mixed,1,0,read_history,14393988,OK
fixed_sql-4,2,2,mixed,4,3,read_history,12808370,OK
fixed_sql-4,2,2,mixed,0,3,read_history,18923088,OK
fixed_sql-4,2,2,mixed,5,0,read_history,17913921,OK
fixed_sql-4,2,2,mixed,6,1,read_history,15268380,OK
fixed_sql-4,2,2,mixed,2,1,read_history,16680028,OK
fixed_sql-4,2,2,mixed,7,2,retry,56248400,OK
fixed_sql-4,2,2,mixed,3,2,retry,61256647,OK
fixed_sql-4,2,2,mixed,5,0,retry,60658035,OK
fixed_sql-4,2,2,mixed,0,3,retry,61749578,OK
fixed_sql-4,2,2,mixed,4,3,retry,63918708,OK
fixed_sql-4,2,2,mixed,6,1,retry,63318734,OK
fixed_sql-4,2,2,mixed,2,1,retry,71392465,OK
fixed_sql-4,2,2,mixed,1,0,retry,77187007,OK
fixed_sql-4,2,2,mixed,6,1,put,107267125,OK
fixed_sql-4,2,2,mixed,3,2,put,128622550,OK
fixed_sql-4,2,2,mixed,0,3,put,119709103,OK
fixed_sql-4,2,2,mixed,7,2,put,139072653,OK
fixed_sql-4,2,2,mixed,2,1,put,115719632,OK
fixed_sql-4,2,2,mixed,3,3,read_current,11922105,OK
fixed_sql-4,2,2,mixed,6,2,read_current,19664810,OK
fixed_sql-4,2,2,mixed,4,3,put,130460655,OK
fixed_sql-4,2,2,mixed,7,3,read_current,8859096,OK
fixed_sql-4,2,2,mixed,1,0,put,121510257,OK
fixed_sql-4,2,2,mixed,5,0,put,138640657,OK
fixed_sql-4,2,2,mixed,0,0,read_current,25639273,OK
fixed_sql-4,2,2,mixed,6,2,read_history,16145317,OK
fixed_sql-4,2,2,mixed,2,2,read_current,18279562,OK
fixed_sql-4,2,2,mixed,3,3,read_history,17479430,OK
fixed_sql-4,2,2,mixed,7,3,read_history,15864026,OK
fixed_sql-4,2,2,mixed,4,0,read_current,16742005,OK
fixed_sql-4,2,2,mixed,1,1,read_current,18829140,OK
fixed_sql-4,2,2,mixed,5,1,read_current,15444253,OK
fixed_sql-4,2,2,mixed,2,2,read_history,18192327,OK
fixed_sql-4,2,2,mixed,4,0,read_history,17229798,OK
fixed_sql-4,2,2,mixed,0,0,read_history,19236320,OK
fixed_sql-4,2,2,mixed,1,1,read_history,17816486,OK
fixed_sql-4,2,2,mixed,5,1,read_history,17432531,OK
fixed_sql-4,2,2,mixed,6,2,retry,62602240,OK
fixed_sql-4,2,2,mixed,3,3,retry,77299370,OK
fixed_sql-4,2,2,mixed,7,3,retry,76409428,OK
fixed_sql-4,2,2,mixed,2,2,retry,60578194,OK
fixed_sql-4,2,2,mixed,0,0,retry,66424395,OK
fixed_sql-4,2,2,mixed,4,0,retry,66975076,OK
fixed_sql-4,2,2,mixed,1,1,retry,69142352,OK
fixed_sql-4,2,2,mixed,5,1,retry,69116634,OK
fixed_sql-4,2,2,mixed,6,2,put,77972723,OK
fixed_sql-4,2,2,mixed,6,3,read_current,16533902,OK
fixed_sql-4,2,2,mixed,2,2,put,81695340,OK
fixed_sql-4,2,2,mixed,6,3,read_history,9625504,OK
fixed_sql-4,2,2,mixed,2,3,read_current,14056700,OK
fixed_sql-4,2,2,mixed,0,0,put,94397639,OK
fixed_sql-4,2,2,mixed,7,3,put,107738085,OK
fixed_sql-4,2,2,mixed,4,0,put,102951478,OK
fixed_sql-4,2,2,mixed,3,3,put,115673004,OK
fixed_sql-4,2,2,mixed,2,3,read_history,23848618,OK
fixed_sql-4,2,2,mixed,5,1,put,105704922,OK
fixed_sql-4,2,2,mixed,7,0,read_current,14723510,OK
fixed_sql-4,2,2,mixed,1,1,put,110980343,OK
fixed_sql-4,2,2,mixed,3,0,read_current,15730885,OK
fixed_sql-4,2,2,mixed,0,1,read_current,30466908,OK
fixed_sql-4,2,2,mixed,4,1,read_current,23195484,OK
fixed_sql-4,2,2,mixed,5,2,read_current,16479479,OK
fixed_sql-4,2,2,mixed,7,0,read_history,15709183,OK
fixed_sql-4,2,2,mixed,1,2,read_current,13747516,OK
fixed_sql-4,2,2,mixed,3,0,read_history,11573486,OK
fixed_sql-4,2,2,mixed,4,1,read_history,11113105,OK
fixed_sql-4,2,2,mixed,0,1,read_history,12900294,OK
fixed_sql-4,2,2,mixed,1,2,read_history,10624832,OK
fixed_sql-4,2,2,mixed,5,2,read_history,13510607,OK
fixed_sql-4,2,2,mixed,6,3,retry,77097058,OK
fixed_sql-4,2,2,mixed,2,3,retry,62134736,OK
fixed_sql-4,2,2,mixed,7,0,retry,61172648,OK
fixed_sql-4,2,2,mixed,3,0,retry,56614421,OK
fixed_sql-4,2,2,mixed,4,1,retry,57430705,OK
fixed_sql-4,2,2,mixed,0,1,retry,57319655,OK
fixed_sql-4,2,2,mixed,5,2,retry,57608771,OK
fixed_sql-4,2,2,mixed,1,2,retry,62700506,OK
fixed_sql-4,2,2,contended,0,0,put,77516921,OK
fixed_sql-4,2,2,contended,4,0,put,77575352,ABORTED
fixed_sql-4,2,2,contended,2,2,put,78192939,ABORTED
fixed_sql-4,2,2,contended,6,2,put,78240900,ABORTED
fixed_sql-4,2,2,contended,5,1,put,79447531,ABORTED
fixed_sql-4,2,2,contended,7,3,put,82557700,ABORTED
fixed_sql-4,2,2,contended,3,3,put,82370666,ABORTED
fixed_sql-4,2,2,contended,1,1,put,91670294,ABORTED
added_sql-1,4,-1,mixed,5,0,put,148577118,OK
added_sql-1,4,-1,mixed,6,0,put,157830109,OK
added_sql-1,4,-1,mixed,1,0,put,214750859,OK
added_sql-1,4,-1,mixed,0,0,put,216952711,OK
added_sql-1,4,-1,mixed,7,0,put,220862651,OK
added_sql-1,4,-1,mixed,5,0,read_current,74823430,OK
added_sql-1,4,-1,mixed,6,0,read_current,67106093,OK
added_sql-1,4,-1,mixed,4,0,put,225601769,OK
added_sql-1,4,-1,mixed,2,0,put,230358641,OK
added_sql-1,4,-1,mixed,3,0,put,234446037,OK
added_sql-1,4,-1,mixed,0,0,read_current,27280285,OK
added_sql-1,4,-1,mixed,1,0,read_current,29478600,OK
added_sql-1,4,-1,mixed,7,0,read_current,27349125,OK
added_sql-1,4,-1,mixed,4,0,read_current,22618804,OK
added_sql-1,4,-1,mixed,5,0,read_history,24880078,OK
added_sql-1,4,-1,mixed,6,0,read_history,24246280,OK
added_sql-1,4,-1,mixed,2,0,read_current,18920603,OK
added_sql-1,4,-1,mixed,3,0,read_current,14872922,OK
added_sql-1,4,-1,mixed,2,0,read_history,26816779,OK
added_sql-1,4,-1,mixed,7,0,read_history,27908172,OK
added_sql-1,4,-1,mixed,3,0,read_history,26796711,OK
added_sql-1,4,-1,mixed,0,0,read_history,31866082,OK
added_sql-1,4,-1,mixed,1,0,read_history,31823863,OK
added_sql-1,4,-1,mixed,4,0,read_history,28329278,OK
added_sql-1,4,-1,mixed,6,0,retry,84018400,OK
added_sql-1,4,-1,mixed,5,0,retry,86606482,OK
added_sql-1,4,-1,mixed,4,0,retry,81023179,OK
added_sql-1,4,-1,mixed,7,0,retry,83434127,OK
added_sql-1,4,-1,mixed,3,0,retry,83508176,OK
added_sql-1,4,-1,mixed,2,0,retry,87625760,OK
added_sql-1,4,-1,mixed,1,0,retry,93525371,OK
added_sql-1,4,-1,mixed,0,0,retry,111793361,OK
added_sql-1,4,-1,mixed,5,0,put,105608170,OK
added_sql-1,4,-1,mixed,6,0,put,113637005,OK
added_sql-1,4,-1,mixed,3,0,put,105986494,OK
added_sql-1,4,-1,mixed,2,0,put,103220957,OK
added_sql-1,4,-1,mixed,5,0,read_current,29159857,OK
added_sql-1,4,-1,mixed,7,0,put,110661020,OK
added_sql-1,4,-1,mixed,4,0,put,116228774,OK
added_sql-1,4,-1,mixed,2,0,read_current,13889624,OK
added_sql-1,4,-1,mixed,3,0,read_current,15781169,OK
added_sql-1,4,-1,mixed,6,0,read_current,36366049,OK
added_sql-1,4,-1,mixed,5,0,read_history,16146040,OK
added_sql-1,4,-1,mixed,7,0,read_current,15869086,OK
added_sql-1,4,-1,mixed,4,0,read_current,12868684,OK
added_sql-1,4,-1,mixed,0,0,put,106937021,OK
added_sql-1,4,-1,mixed,2,0,read_history,14075615,OK
added_sql-1,4,-1,mixed,6,0,read_history,11819781,OK
added_sql-1,4,-1,mixed,3,0,read_history,13792681,OK
added_sql-1,4,-1,mixed,7,0,read_history,11191484,OK
added_sql-1,4,-1,mixed,4,0,read_history,10636605,OK
added_sql-1,4,-1,mixed,1,0,put,128939801,OK
added_sql-1,4,-1,mixed,0,0,read_current,15566063,OK
added_sql-1,4,-1,mixed,1,0,read_current,16731565,OK
added_sql-1,4,-1,mixed,0,0,read_history,17385882,OK
added_sql-1,4,-1,mixed,1,0,read_history,12847254,OK
added_sql-1,4,-1,mixed,5,0,retry,71237832,OK
added_sql-1,4,-1,mixed,3,0,retry,71287787,OK
added_sql-1,4,-1,mixed,7,0,retry,69233544,OK
added_sql-1,4,-1,mixed,6,0,retry,72426019,OK
added_sql-1,4,-1,mixed,4,0,retry,71299850,OK
added_sql-1,4,-1,mixed,2,0,retry,73722609,OK
added_sql-1,4,-1,mixed,0,0,retry,73646706,OK
added_sql-1,4,-1,mixed,1,0,retry,83422324,OK
added_sql-1,4,-1,mixed,6,0,put,105000471,OK
added_sql-1,4,-1,mixed,4,0,put,106832673,OK
added_sql-1,4,-1,mixed,3,0,put,111871067,OK
added_sql-1,4,-1,mixed,5,0,put,123874777,OK
added_sql-1,4,-1,mixed,2,0,put,123032454,OK
added_sql-1,4,-1,mixed,7,0,put,129057202,OK
added_sql-1,4,-1,mixed,6,0,read_current,27428925,OK
added_sql-1,4,-1,mixed,4,0,read_current,24561366,OK
added_sql-1,4,-1,mixed,3,0,read_current,22335308,OK
added_sql-1,4,-1,mixed,5,0,read_current,19679408,OK
added_sql-1,4,-1,mixed,2,0,read_current,9723389,OK
added_sql-1,4,-1,mixed,7,0,read_current,13622810,OK
added_sql-1,4,-1,mixed,0,0,put,108071816,OK
added_sql-1,4,-1,mixed,5,0,read_history,14219968,OK
added_sql-1,4,-1,mixed,4,0,read_history,15735483,OK
added_sql-1,4,-1,mixed,3,0,read_history,15138524,OK
added_sql-1,4,-1,mixed,2,0,read_history,15531919,OK
added_sql-1,4,-1,mixed,6,0,read_history,16923759,OK
added_sql-1,4,-1,mixed,1,0,put,107172005,OK
added_sql-1,4,-1,mixed,7,0,read_history,11343291,OK
added_sql-1,4,-1,mixed,0,0,read_current,11806988,OK
added_sql-1,4,-1,mixed,1,0,read_current,9775227,OK
added_sql-1,4,-1,mixed,0,0,read_history,7274981,OK
added_sql-1,4,-1,mixed,1,0,read_history,10973742,OK
added_sql-1,4,-1,mixed,4,0,retry,61845800,OK
added_sql-1,4,-1,mixed,6,0,retry,60672572,OK
added_sql-1,4,-1,mixed,5,0,retry,62682111,OK
added_sql-1,4,-1,mixed,3,0,retry,61885796,OK
added_sql-1,4,-1,mixed,7,0,retry,71185423,OK
added_sql-1,4,-1,mixed,2,0,retry,74879226,OK
added_sql-1,4,-1,mixed,0,0,retry,64538941,OK
added_sql-1,4,-1,mixed,1,0,retry,75309739,OK
added_sql-1,4,-1,contended,6,0,put,88824114,OK
added_sql-1,4,-1,contended,0,0,put,95974230,ABORTED
added_sql-1,4,-1,contended,5,0,put,95917552,ABORTED
added_sql-1,4,-1,contended,3,0,put,95929185,ABORTED
added_sql-1,4,-1,contended,2,0,put,95952839,ABORTED
added_sql-1,4,-1,contended,4,0,put,95902204,ABORTED
added_sql-1,4,-1,contended,7,0,put,96002854,ABORTED
added_sql-1,4,-1,contended,1,0,put,95983287,ABORTED
added_sql-1,4,0,mixed,6,0,put,112465631,OK
added_sql-1,4,0,mixed,2,0,put,112982177,OK
added_sql-1,4,0,mixed,0,0,put,115128745,OK
added_sql-1,4,0,mixed,5,0,put,118010192,OK
added_sql-1,4,0,mixed,7,0,put,123505930,OK
added_sql-1,4,0,mixed,4,0,put,127124218,OK
added_sql-1,4,0,mixed,1,0,put,129377838,OK
added_sql-1,4,0,mixed,3,0,put,133396554,OK
added_sql-1,4,0,mixed,7,0,read_current,16485170,OK
added_sql-1,4,0,mixed,2,0,read_current,28096428,OK
added_sql-1,4,0,mixed,5,0,read_current,24427943,OK
added_sql-1,4,0,mixed,0,0,read_current,27682305,OK
added_sql-1,4,0,mixed,4,0,read_current,16306202,OK
added_sql-1,4,0,mixed,6,0,read_current,31398339,OK
added_sql-1,4,0,mixed,3,0,read_current,10755480,OK
added_sql-1,4,0,mixed,1,0,read_current,14705787,OK
added_sql-1,4,0,mixed,7,0,read_history,8749267,OK
added_sql-1,4,0,mixed,2,0,read_history,11470552,OK
added_sql-1,4,0,mixed,3,0,read_history,10437288,OK
added_sql-1,4,0,mixed,1,0,read_history,10451716,OK
added_sql-1,4,0,mixed,5,0,read_history,12127694,OK
added_sql-1,4,0,mixed,4,0,read_history,11282686,OK
added_sql-1,4,0,mixed,6,0,read_history,13057421,OK
added_sql-1,4,0,mixed,0,0,read_history,15361025,OK
added_sql-1,4,0,mixed,5,0,retry,59275011,OK
added_sql-1,4,0,mixed,2,0,retry,61414646,OK
added_sql-1,4,0,mixed,7,0,retry,65202776,OK
added_sql-1,4,0,mixed,0,0,retry,55807476,OK
added_sql-1,4,0,mixed,6,0,retry,57313103,OK
added_sql-1,4,0,mixed,3,0,retry,67685278,OK
added_sql-1,4,0,mixed,4,0,retry,67629843,OK
added_sql-1,4,0,mixed,1,0,retry,70959086,OK
added_sql-1,4,0,mixed,7,0,put,116329014,OK
added_sql-1,4,0,mixed,1,0,put,106614702,OK
added_sql-1,4,0,mixed,2,0,put,121271025,OK
added_sql-1,4,0,mixed,6,0,put,123165787,OK
added_sql-1,4,0,mixed,1,0,read_current,14310830,OK
added_sql-1,4,0,mixed,3,0,put,128460825,OK
added_sql-1,4,0,mixed,7,0,read_current,21359313,OK
added_sql-1,4,0,mixed,6,0,read_current,15361676,OK
added_sql-1,4,0,mixed,2,0,read_current,17889314,OK
added_sql-1,4,0,mixed,0,0,put,139810458,OK
added_sql-1,4,0,mixed,5,0,put,145352143,OK
added_sql-1,4,0,mixed,4,0,put,140919184,OK
added_sql-1,4,0,mixed,2,0,read_history,13998059,OK
added_sql-1,4,0,mixed,3,0,read_current,16444884,OK
added_sql-1,4,0,mixed,6,0,read_history,14269572,OK
added_sql-1,4,0,mixed,1,0,read_history,20607342,OK
added_sql-1,4,0,mixed,7,0,read_history,16877852,OK
added_sql-1,4,0,mixed,0,0,read_current,14956831,OK
added_sql-1,4,0,mixed,5,0,read_current,9849417,OK
added_sql-1,4,0,mixed,4,0,read_current,8304697,OK
added_sql-1,4,0,mixed,3,0,read_history,8584366,OK
added_sql-1,4,0,mixed,0,0,read_history,11339043,OK
added_sql-1,4,0,mixed,4,0,read_history,9275262,OK
added_sql-1,4,0,mixed,5,0,read_history,11876659,OK
added_sql-1,4,0,mixed,7,0,retry,59468125,OK
added_sql-1,4,0,mixed,6,0,retry,60999009,OK
added_sql-1,4,0,mixed,1,0,retry,60958242,OK
added_sql-1,4,0,mixed,2,0,retry,61016101,OK
added_sql-1,4,0,mixed,3,0,retry,60029968,OK
added_sql-1,4,0,mixed,4,0,retry,54987086,OK
added_sql-1,4,0,mixed,0,0,retry,72429005,OK
added_sql-1,4,0,mixed,5,0,retry,81358453,OK
added_sql-1,4,0,mixed,7,0,put,115412391,OK
added_sql-1,4,0,mixed,2,0,put,116439913,OK
added_sql-1,4,0,mixed,1,0,put,119073862,OK
added_sql-1,4,0,mixed,6,0,put,122750271,OK
added_sql-1,4,0,mixed,3,0,put,118860889,OK
added_sql-1,4,0,mixed,4,0,put,121280733,OK
added_sql-1,4,0,mixed,2,0,read_current,15838748,OK
added_sql-1,4,0,mixed,0,0,put,111505806,OK
added_sql-1,4,0,mixed,1,0,read_current,16928709,OK
added_sql-1,4,0,mixed,7,0,read_current,21413205,OK
added_sql-1,4,0,mixed,6,0,read_current,14057170,OK
added_sql-1,4,0,mixed,3,0,read_current,10336357,OK
added_sql-1,4,0,mixed,4,0,read_current,8455553,OK
added_sql-1,4,0,mixed,2,0,read_history,6459721,OK
added_sql-1,4,0,mixed,5,0,put,110571070,OK
added_sql-1,4,0,mixed,1,0,read_history,13129798,OK
added_sql-1,4,0,mixed,3,0,read_history,12532649,OK
added_sql-1,4,0,mixed,7,0,read_history,13212685,OK
added_sql-1,4,0,mixed,6,0,read_history,13327492,OK
added_sql-1,4,0,mixed,0,0,read_current,14219047,OK
added_sql-1,4,0,mixed,4,0,read_history,12665801,OK
added_sql-1,4,0,mixed,5,0,read_current,12807949,OK
added_sql-1,4,0,mixed,0,0,read_history,11327041,OK
added_sql-1,4,0,mixed,5,0,read_history,11844990,OK
added_sql-1,4,0,mixed,2,0,retry,62458248,OK
added_sql-1,4,0,mixed,3,0,retry,60221199,OK
added_sql-1,4,0,mixed,4,0,retry,59482904,OK
added_sql-1,4,0,mixed,6,0,retry,60181034,OK
added_sql-1,4,0,mixed,7,0,retry,60376903,OK
added_sql-1,4,0,mixed,1,0,retry,69825463,OK
added_sql-1,4,0,mixed,0,0,retry,61621275,OK
added_sql-1,4,0,mixed,5,0,retry,54851670,OK
added_sql-1,4,0,contended,6,0,put,104510795,OK
added_sql-1,4,0,contended,3,0,put,105324774,ABORTED
added_sql-1,4,0,contended,0,0,put,105484716,ABORTED
added_sql-1,4,0,contended,5,0,put,105359630,ABORTED
added_sql-1,4,0,contended,2,0,put,105441103,ABORTED
added_sql-1,4,0,contended,4,0,put,105442436,ABORTED
added_sql-1,4,0,contended,7,0,put,108940538,ABORTED
added_sql-1,4,0,contended,1,0,put,113275612,ABORTED
added_sql-1,4,1,mixed,2,0,put,82549194,OK
added_sql-1,4,1,mixed,3,0,put,84902652,OK
added_sql-1,4,1,mixed,4,0,put,88836287,OK
added_sql-1,4,1,mixed,0,0,put,92877205,OK
added_sql-1,4,1,mixed,6,0,put,104378826,OK
added_sql-1,4,1,mixed,1,0,put,106223101,OK
added_sql-1,4,1,mixed,2,0,read_current,23980728,OK
added_sql-1,4,1,mixed,3,0,read_current,22428264,OK
added_sql-1,4,1,mixed,5,0,put,107517399,OK
added_sql-1,4,1,mixed,4,0,read_current,20214830,OK
added_sql-1,4,1,mixed,7,0,put,110780996,OK
added_sql-1,4,1,mixed,0,0,read_current,20065738,OK
added_sql-1,4,1,mixed,1,0,read_current,14261347,OK
added_sql-1,4,1,mixed,5,0,read_current,12926103,OK
added_sql-1,4,1,mixed,6,0,read_current,16129828,OK
added_sql-1,4,1,mixed,3,0,read_history,13286404,OK
added_sql-1,4,1,mixed,4,0,read_history,13370032,OK
added_sql-1,4,1,mixed,2,0,read_history,16310549,OK
added_sql-1,4,1,mixed,0,0,read_history,13459841,OK
added_sql-1,4,1,mixed,7,0,read_current,16544553,OK
added_sql-1,4,1,mixed,1,0,read_history,10645903,OK
added_sql-1,4,1,mixed,6,0,read_history,11956840,OK
added_sql-1,4,1,mixed,5,0,read_history,13553328,OK
added_sql-1,4,1,mixed,7,0,read_history,8227912,OK
added_sql-1,4,1,mixed,0,0,retry,57333020,OK
added_sql-1,4,1,mixed,3,0,retry,63138804,OK
added_sql-1,4,1,mixed,4,0,retry,65056038,OK
added_sql-1,4,1,mixed,2,0,retry,64663386,OK
added_sql-1,4,1,mixed,6,0,retry,55053030,OK
added_sql-1,4,1,mixed,1,0,retry,65878663,OK
added_sql-1,4,1,mixed,5,0,retry,64868243,OK
added_sql-1,4,1,mixed,7,0,retry,74484900,OK
added_sql-1,4,1,mixed,5,0,put,98692107,OK
added_sql-1,4,1,mixed,6,0,put,112213825,OK
added_sql-1,4,1,mixed,2,0,put,114656473,OK
added_sql-1,4,1,mixed,7,0,put,94044993,OK
added_sql-1,4,1,mixed,3,0,put,121956591,OK
added_sql-1,4,1,mixed,4,0,put,119555422,OK
added_sql-1,4,1,mixed,1,0,put,112321388,OK
added_sql-1,4,1,mixed,0,0,put,128258062,OK
added_sql-1,4,1,mixed,3,0,read_current,15757875,OK
added_sql-1,4,1,mixed,2,0,read_current,19284421,OK
added_sql-1,4,1,mixed,6,0,read_current,21708363,OK
added_sql-1,4,1,mixed,7,0,read_current,17451717,OK
added_sql-1,4,1,mixed,5,0,read_current,24066089,OK
added_sql-1,4,1,mixed,1,0,read_current,12938456,OK
added_sql-1,4,1,mixed,0,0,read_current,12294950,OK
added_sql-1,4,1,mixed,4,0,read_current,18102658,OK
added_sql-1,4,1,mixed,5,0,read_history,19081839,OK
added_sql-1,4,1,mixed,7,0,read_history,19442280,OK
added_sql-1,4,1,mixed,2,0,read_history,19535747,OK
added_sql-1,4,1,mixed,1,0,read_history,18767875,OK
added_sql-1,4,1,mixed,3,0,read_history,19664300,OK
added_sql-1,4,1,mixed,6,0,read_history,19941374,OK
added_sql-1,4,1,mixed,0,0,read_history,17862894,OK
added_sql-1,4,1,mixed,4,0,read_history,17135109,OK
added_sql-1,4,1,mixed,6,0,retry,61672863,OK
added_sql-1,4,1,mixed,3,0,retry,61955838,OK
added_sql-1,4,1,mixed,7,0,retry,62144104,OK
added_sql-1,4,1,mixed,2,0,retry,62196443,OK
added_sql-1,4,1,mixed,0,0,retry,61589826,OK
added_sql-1,4,1,mixed,4,0,retry,65244524,OK
added_sql-1,4,1,mixed,1,0,retry,84135292,OK
added_sql-1,4,1,mixed,5,0,retry,84372600,OK
added_sql-1,4,1,mixed,4,0,put,83783817,OK
added_sql-1,4,1,mixed,7,0,put,88923392,OK
added_sql-1,4,1,mixed,6,0,put,91073666,OK
added_sql-1,4,1,mixed,2,0,put,93122649,OK
added_sql-1,4,1,mixed,3,0,put,95996211,OK
added_sql-1,4,1,mixed,6,0,read_current,10383547,OK
added_sql-1,4,1,mixed,4,0,read_current,15112285,OK
added_sql-1,4,1,mixed,7,0,read_current,14473327,OK
added_sql-1,4,1,mixed,2,0,read_current,11346647,OK
added_sql-1,4,1,mixed,3,0,read_current,10385721,OK
added_sql-1,4,1,mixed,5,0,put,86213670,OK
added_sql-1,4,1,mixed,6,0,read_history,7587722,OK
added_sql-1,4,1,mixed,0,0,put,110104678,OK
added_sql-1,4,1,mixed,4,0,read_history,8218645,OK
added_sql-1,4,1,mixed,7,0,read_history,10103517,OK
added_sql-1,4,1,mixed,1,0,put,92414791,OK
added_sql-1,4,1,mixed,2,0,read_history,11124047,OK
added_sql-1,4,1,mixed,5,0,read_current,7434232,OK
added_sql-1,4,1,mixed,3,0,read_history,9529343,OK
added_sql-1,4,1,mixed,0,0,read_current,7376483,OK
added_sql-1,4,1,mixed,1,0,read_current,7118986,OK
added_sql-1,4,1,mixed,5,0,read_history,7031100,OK
added_sql-1,4,1,mixed,0,0,read_history,5897978,OK
added_sql-1,4,1,mixed,1,0,read_history,4912065,OK
added_sql-1,4,1,mixed,6,0,retry,57655149,OK
added_sql-1,4,1,mixed,4,0,retry,55191732,OK
added_sql-1,4,1,mixed,7,0,retry,58507510,OK
added_sql-1,4,1,mixed,2,0,retry,58375020,OK
added_sql-1,4,1,mixed,0,0,retry,50077205,OK
added_sql-1,4,1,mixed,3,0,retry,58214467,OK
added_sql-1,4,1,mixed,5,0,retry,57703861,OK
added_sql-1,4,1,mixed,1,0,retry,58133965,OK
added_sql-1,4,1,contended,1,0,put,84177621,OK
added_sql-1,4,1,contended,4,0,put,86770112,ABORTED
added_sql-1,4,1,contended,3,0,put,86755324,ABORTED
added_sql-1,4,1,contended,2,0,put,86799868,ABORTED
added_sql-1,4,1,contended,7,0,put,87291156,ABORTED
added_sql-1,4,1,contended,0,0,put,87479142,ABORTED
added_sql-1,4,1,contended,5,0,put,91588480,ABORTED
added_sql-1,4,1,contended,6,0,put,92420843,ABORTED
added_sql-1,4,2,mixed,2,0,put,83780331,OK
added_sql-1,4,2,mixed,5,0,put,84942878,OK
added_sql-1,4,2,mixed,4,0,put,86537432,OK
added_sql-1,4,2,mixed,1,0,put,88360518,OK
added_sql-1,4,2,mixed,7,0,put,90196078,OK
added_sql-1,4,2,mixed,6,0,put,92304182,OK
added_sql-1,4,2,mixed,0,0,put,94498080,OK
added_sql-1,4,2,mixed,3,0,put,99412478,OK
added_sql-1,4,2,mixed,7,0,read_current,12156027,OK
added_sql-1,4,2,mixed,5,0,read_current,17411541,OK
added_sql-1,4,2,mixed,2,0,read_current,19088672,OK
added_sql-1,4,2,mixed,4,0,read_current,16462557,OK
added_sql-1,4,2,mixed,6,0,read_current,10710074,OK
added_sql-1,4,2,mixed,1,0,read_current,15040189,OK
added_sql-1,4,2,mixed,3,0,read_current,5755139,OK
added_sql-1,4,2,mixed,0,0,read_current,10546715,OK
added_sql-1,4,2,mixed,5,0,read_history,9583265,OK
added_sql-1,4,2,mixed,6,0,read_history,9029457,OK
added_sql-1,4,2,mixed,1,0,read_history,8940419,OK
added_sql-1,4,2,mixed,7,0,read_history,10120489,OK
added_sql-1,4,2,mixed,4,0,read_history,11668125,OK
added_sql-1,4,2,mixed,2,0,read_history,11826945,OK
added_sql-1,4,2,mixed,3,0,read_history,10008498,OK
added_sql-1,4,2,mixed,0,0,read_history,10113656,OK
added_sql-1,4,2,mixed,1,0,retry,66422330,OK
added_sql-1,4,2,mixed,6,0,retry,66946491,OK
added_sql-1,4,2,mixed,7,0,retry,66504726,OK
added_sql-1,4,2,mixed,0,0,retry,64146870,OK
added_sql-1,4,2,mixed,5,0,retry,73123778,OK
added_sql-1,4,2,mixed,4,0,retry,70680018,OK
added_sql-1,4,2,mixed,3,0,retry,70476394,OK
added_sql-1,4,2,mixed,2,0,retry,71647036,OK
added_sql-1,4,2,mixed,3,0,put,84349756,OK
added_sql-1,4,2,mixed,6,0,put,91719146,OK
added_sql-1,4,2,mixed,2,0,put,85797042,OK
added_sql-1,4,2,mixed,7,0,put,94589692,OK
added_sql-1,4,2,mixed,0,0,put,98301678,OK
added_sql-1,4,2,mixed,5,0,put,94060391,OK
added_sql-1,4,2,mixed,1,0,put,101782729,OK
added_sql-1,4,2,mixed,4,0,put,97569344,OK
added_sql-1,4,2,mixed,2,0,read_current,16929220,OK
added_sql-1,4,2,mixed,0,0,read_current,11465603,OK
added_sql-1,4,2,mixed,7,0,read_current,15644351,OK
added_sql-1,4,2,mixed,5,0,read_current,10498114,OK
added_sql-1,4,2,mixed,3,0,read_current,19749912,OK
added_sql-1,4,2,mixed,6,0,read_current,19051751,OK
added_sql-1,4,2,mixed,1,0,read_current,10502672,OK
added_sql-1,4,2,mixed,4,0,read_current,8337860,OK
added_sql-1,4,2,mixed,6,0,read_history,11794544,OK
added_sql-1,4,2,mixed,5,0,read_history,12039287,OK
added_sql-1,4,2,mixed,0,0,read_history,14505017,OK
added_sql-1,4,2,mixed,2,0,read_history,14505318,OK
added_sql-1,4,2,mixed,1,0,read_history,12510708,OK
added_sql-1,4,2,mixed,7,0,read_history,14637969,OK
added_sql-1,4,2,mixed,3,0,read_history,14244816,OK
added_sql-1,4,2,mixed,4,0,read_history,13459020,OK
added_sql-1,4,2,mixed,7,0,retry,71684346,OK
added_sql-1,4,2,mixed,0,0,retry,71906607,OK
added_sql-1,4,2,mixed,6,0,retry,74048095,OK
added_sql-1,4,2,mixed,5,0,retry,74606981,OK
added_sql-1,4,2,mixed,1,0,retry,72589237,OK
added_sql-1,4,2,mixed,2,0,retry,79144989,OK
added_sql-1,4,2,mixed,4,0,retry,82207868,OK
added_sql-1,4,2,mixed,3,0,retry,83069096,OK
added_sql-1,4,2,mixed,0,0,put,84955081,OK
added_sql-1,4,2,mixed,7,0,put,86291227,OK
added_sql-1,4,2,mixed,5,0,put,87528075,OK
added_sql-1,4,2,mixed,1,0,put,90109845,OK
added_sql-1,4,2,mixed,2,0,put,87714327,OK
added_sql-1,4,2,mixed,6,0,put,96559175,OK
added_sql-1,4,2,mixed,5,0,read_current,9917386,OK
added_sql-1,4,2,mixed,7,0,read_current,11754619,OK
added_sql-1,4,2,mixed,0,0,read_current,13101274,OK
added_sql-1,4,2,mixed,1,0,read_current,8039687,OK
added_sql-1,4,2,mixed,2,0,read_current,6842524,OK
added_sql-1,4,2,mixed,3,0,put,92811251,OK
added_sql-1,4,2,mixed,6,0,read_current,7967199,OK
added_sql-1,4,2,mixed,4,0,put,94700241,OK
added_sql-1,4,2,mixed,0,0,read_history,10303466,OK
added_sql-1,4,2,mixed,5,0,read_history,10571182,OK
added_sql-1,4,2,mixed,7,0,read_history,10592051,OK
added_sql-1,4,2,mixed,1,0,read_history,10207805,OK
added_sql-1,4,2,mixed,2,0,read_history,7274810,OK
added_sql-1,4,2,mixed,6,0,read_history,6518902,OK
added_sql-1,4,2,mixed,3,0,read_current,6898509,OK
added_sql-1,4,2,mixed,4,0,read_current,5910592,OK
added_sql-1,4,2,mixed,4,0,read_history,6131219,OK
added_sql-1,4,2,mixed,3,0,read_history,6982829,OK
added_sql-1,4,2,mixed,0,0,retry,67175875,OK
added_sql-1,4,2,mixed,2,0,retry,67468960,OK
added_sql-1,4,2,mixed,1,0,retry,68084803,OK
added_sql-1,4,2,mixed,7,0,retry,70938898,OK
added_sql-1,4,2,mixed,5,0,retry,71418264,OK
added_sql-1,4,2,mixed,4,0,retry,65098499,OK
added_sql-1,4,2,mixed,6,0,retry,73031223,OK
added_sql-1,4,2,mixed,3,0,retry,71130770,OK
added_sql-1,4,2,contended,3,0,put,79687764,OK
added_sql-1,4,2,contended,2,0,put,80980739,ABORTED
added_sql-1,4,2,contended,6,0,put,80898763,ABORTED
added_sql-1,4,2,contended,7,0,put,81026044,ABORTED
added_sql-1,4,2,contended,5,0,put,81004504,ABORTED
added_sql-1,4,2,contended,1,0,put,81828331,ABORTED
added_sql-1,4,2,contended,0,0,put,82820938,ABORTED
added_sql-1,4,2,contended,4,0,put,83125633,ABORTED
added_sql-2,4,-1,mixed,5,0,put,169356114,OK
added_sql-2,4,-1,mixed,4,1,put,197541069,OK
added_sql-2,4,-1,mixed,6,1,put,204852029,OK
added_sql-2,4,-1,mixed,0,1,put,211466691,OK
added_sql-2,4,-1,mixed,2,1,put,220292063,OK
added_sql-2,4,-1,mixed,3,0,put,225314607,OK
added_sql-2,4,-1,mixed,1,0,put,234062872,OK
added_sql-2,4,-1,mixed,7,0,put,243142736,OK
added_sql-2,4,-1,mixed,7,1,read_current,20989624,OK
added_sql-2,4,-1,mixed,1,1,read_current,30150711,OK
added_sql-2,4,-1,mixed,3,1,read_current,38870823,OK
added_sql-2,4,-1,mixed,5,1,read_current,94803146,OK
added_sql-2,4,-1,mixed,4,0,read_current,71789386,OK
added_sql-2,4,-1,mixed,0,0,read_current,57769636,OK
added_sql-2,4,-1,mixed,6,0,read_current,64535825,OK
added_sql-2,4,-1,mixed,2,0,read_current,50661429,OK
added_sql-2,4,-1,mixed,1,1,read_history,20994524,OK
added_sql-2,4,-1,mixed,3,1,read_history,20989354,OK
added_sql-2,4,-1,mixed,5,1,read_history,20997850,OK
added_sql-2,4,-1,mixed,7,1,read_history,21002809,OK
added_sql-2,4,-1,mixed,4,0,read_history,19830303,OK
added_sql-2,4,-1,mixed,0,0,read_history,19885497,OK
added_sql-2,4,-1,mixed,2,0,read_history,18240899,OK
added_sql-2,4,-1,mixed,6,0,read_history,19947214,OK
added_sql-2,4,-1,mixed,3,1,retry,80117046,OK
added_sql-2,4,-1,mixed,6,0,retry,75950681,OK
added_sql-2,4,-1,mixed,5,1,retry,80514588,OK
added_sql-2,4,-1,mixed,1,1,retry,81386556,OK
added_sql-2,4,-1,mixed,2,0,retry,79198771,OK
added_sql-2,4,-1,mixed,4,0,retry,82717181,OK
added_sql-2,4,-1,mixed,7,1,retry,91482860,OK
added_sql-2,4,-1,mixed,0,0,retry,92930957,OK
added_sql-2,4,-1,mixed,4,0,put,100331946,OK
added_sql-2,4,-1,mixed,2,0,put,109821102,OK
added_sql-2,4,-1,mixed,6,0,put,117012506,OK
added_sql-2,4,-1,mixed,5,1,put,120083250,OK
added_sql-2,4,-1,mixed,3,1,put,124377237,OK
added_sql-2,4,-1,mixed,7,1,put,116638789,OK
added_sql-2,4,-1,mixed,1,1,put,131054748,OK
added_sql-2,4,-1,mixed,0,0,put,121086988,OK
added_sql-2,4,-1,mixed,6,1,read_current,20839320,OK
added_sql-2,4,-1,mixed,4,1,read_current,31134380,OK
added_sql-2,4,-1,mixed,3,0,read_current,13551656,OK
added_sql-2,4,-1,mixed,2,1,read_current,25102438,OK
added_sql-2,4,-1,mixed,5,0,read_current,17673216,OK
added_sql-2,4,-1,mixed,7,0,read_current,11525555,OK
added_sql-2,4,-1,mixed,1,0,read_current,14282627,OK
added_sql-2,4,-1,mixed,3,0,read_history,11420557,OK
added_sql-2,4,-1,mixed,7,0,read_history,12833528,OK
added_sql-2,4,-1,mixed,5,0,read_history,16177518,OK
added_sql-2,4,-1,mixed,0,1,read_current,19286966,OK
added_sql-2,4,-1,mixed,6,1,read_history,19236411,OK
added_sql-2,4,-1,mixed,4,1,read_history,19203398,OK
added_sql-2,4,-1,mixed,2,1,read_history,19193068,OK
added_sql-2,4,-1,mixed,1,0,read_history,10891707,OK
added_sql-2,4,-1,mixed,0,1,read_history,17393857,OK
added_sql-2,4,-1,mixed,3,0,retry,70012698,OK
added_sql-2,4,-1,mixed,7,0,retry,67067049,OK
added_sql-2,4,-1,mixed,5,0,retry,65141921,OK
added_sql-2,4,-1,mixed,1,0,retry,67307775,OK
added_sql-2,4,-1,mixed,6,1,retry,85328376,OK
added_sql-2,4,-1,mixed,2,1,retry,85368122,OK
added_sql-2,4,-1,mixed,0,1,retry,68755411,OK
added_sql-2,4,-1,mixed,4,1,retry,88209142,OK
added_sql-2,4,-1,mixed,7,0,put,119783994,OK
added_sql-2,4,-1,mixed,5,0,put,123095474,OK
added_sql-2,4,-1,mixed,3,0,put,126629033,OK
added_sql-2,4,-1,mixed,1,0,put,125704214,OK
added_sql-2,4,-1,mixed,0,1,put,115233623,OK
added_sql-2,4,-1,mixed,4,1,put,117216792,OK
added_sql-2,4,-1,mixed,6,1,put,125263101,OK
added_sql-2,4,-1,mixed,5,1,read_current,27511322,OK
added_sql-2,4,-1,mixed,2,1,put,127898782,OK
added_sql-2,4,-1,mixed,7,1,read_current,31894737,OK
added_sql-2,4,-1,mixed,1,1,read_current,23943407,OK
added_sql-2,4,-1,mixed,3,1,read_current,31893765,OK
added_sql-2,4,-1,mixed,0,0,read_current,20321491,OK
added_sql-2,4,-1,mixed,4,0,read_current,16267388,OK
added_sql-2,4,-1,mixed,5,1,read_history,12432249,OK
added_sql-2,4,-1,mixed,6,0,read_current,14929650,OK
added_sql-2,4,-1,mixed,7,1,read_history,12047742,OK
added_sql-2,4,-1,mixed,2,0,read_current,14940160,OK
added_sql-2,4,-1,mixed,1,1,read_history,12639962,OK
added_sql-2,4,-1,mixed,3,1,read_history,12731505,OK
added_sql-2,4,-1,mixed,4,0,read_history,12781500,OK
added_sql-2,4,-1,mixed,0,0,read_history,14159354,OK
added_sql-2,4,-1,mixed,6,0,read_history,11570831,OK
added_sql-2,4,-1,mixed,2,0,read_history,14983451,OK
added_sql-2,4,-1,mixed,7,1,retry,58240335,OK
added_sql-2,4,-1,mixed,6,0,retry,58217702,OK
added_sql-2,4,-1,mixed,0,0,retry,59497611,OK
added_sql-2,4,-1,mixed,2,0,retry,53444800,OK
added_sql-2,4,-1,mixed,4,0,retry,62244123,OK
added_sql-2,4,-1,mixed,5,1,retry,75457409,OK
added_sql-2,4,-1,mixed,3,1,retry,69650643,OK
added_sql-2,4,-1,mixed,1,1,retry,76684678,OK
added_sql-2,4,-1,contended,5,1,put,87469143,OK
added_sql-2,4,-1,contended,1,1,put,94108673,ABORTED
added_sql-2,4,-1,contended,3,1,put,94028943,ABORTED
added_sql-2,4,-1,contended,7,1,put,94724106,ABORTED
added_sql-2,4,-1,contended,4,0,put,96157095,ABORTED
added_sql-2,4,-1,contended,6,0,put,96202371,ABORTED
added_sql-2,4,-1,contended,0,0,put,96183064,ABORTED
added_sql-2,4,-1,contended,2,0,put,96181020,ABORTED
added_sql-2,4,0,mixed,2,0,put,94879760,OK
added_sql-2,4,0,mixed,4,0,put,101364498,OK
added_sql-2,4,0,mixed,0,0,put,104294446,OK
added_sql-2,4,0,mixed,6,0,put,106856188,OK
added_sql-2,4,0,mixed,1,1,put,109851981,OK
added_sql-2,4,0,mixed,5,1,put,112658435,OK
added_sql-2,4,0,mixed,3,1,put,115377845,OK
added_sql-2,4,0,mixed,7,1,put,120641645,OK
added_sql-2,4,0,mixed,5,0,read_current,17598253,OK
added_sql-2,4,0,mixed,0,1,read_current,26303177,OK
added_sql-2,4,0,mixed,4,1,read_current,29300604,OK
added_sql-2,4,0,mixed,2,1,read_current,35656337,OK
added_sql-2,4,0,mixed,7,0,read_current,10934568,OK
added_sql-2,4,0,mixed,3,0,read_current,16141691,OK
added_sql-2,4,0,mixed,1,0,read_current,22619244,OK
added_sql-2,4,0,mixed,6,1,read_current,26395161,OK
added_sql-2,4,0,mixed,3,0,read_history,17328044,OK
added_sql-2,4,0,mixed,1,0,read_history,18407735,OK
added_sql-2,4,0,mixed,5,0,read_history,20717069,OK
added_sql-2,4,0,mixed,7,0,read_history,20271588,OK
added_sql-2,4,0,mixed,2,1,read_history,21186316,OK
added_sql-2,4,0,mixed,4,1,read_history,21299280,OK
added_sql-2,4,0,mixed,6,1,read_history,18757034,OK
added_sql-2,4,0,mixed,0,1,read_history,21469541,OK
added_sql-2,4,0,mixed,6,1,retry,65388346,OK
added_sql-2,4,0,mixed,0,1,retry,65260314,OK
added_sql-2,4,0,mixed,1,0,retry,66845951,OK
added_sql-2,4,0,mixed,5,0,retry,66793833,OK
added_sql-2,4,0,mixed,3,0,retry,68864767,OK
added_sql-2,4,0,mixed,7,0,retry,65981217,OK
added_sql-2,4,0,mixed,4,1,retry,67861801,OK
added_sql-2,4,0,mixed,2,1,retry,73457528,OK
added_sql-2,4,0,mixed,0,1,put,111698551,OK
added_sql-2,4,0,mixed,5,0,put,115385640,OK
added_sql-2,4,0,mixed,2,1,put,110040577,OK
added_sql-2,4,0,mixed,4,1,put,119215089,OK
added_sql-2,4,0,mixed,7,0,put,125448090,OK
added_sql-2,4,0,mixed,0,0,read_current,18094422,OK
added_sql-2,4,0,mixed,3,0,put,129431159,OK
added_sql-2,4,0,mixed,2,0,read_current,14080425,OK
added_sql-2,4,0,mixed,5,1,read_current,16678005,OK
added_sql-2,4,0,mixed,4,0,read_current,10958133,OK
added_sql-2,4,0,mixed,1,0,put,134895208,OK
added_sql-2,4,0,mixed,7,1,read_current,11188549,OK
added_sql-2,4,0,mixed,6,1,put,139673028,OK
added_sql-2,4,0,mixed,5,1,read_history,8418392,OK
added_sql-2,4,0,mixed,3,1,read_current,11067460,OK
added_sql-2,4,0,mixed,0,0,read_history,16615336,OK
added_sql-2,4,0,mixed,2,0,read_history,15131762,OK
added_sql-2,4,0,mixed,4,0,read_history,14821466,OK
added_sql-2,4,0,mixed,1,1,read_current,13262318,OK
added_sql-2,4,0,mixed,7,1,read_history,11350614,OK
added_sql-2,4,0,mixed,3,1,read_history,10260293,OK
added_sql-2,4,0,mixed,6,0,read_current,12361476,OK
added_sql-2,4,0,mixed,1,1,read_history,8197826,OK
added_sql-2,4,0,mixed,6,0,read_history,7922575,OK
added_sql-2,4,0,mixed,5,1,retry,61949056,OK
added_sql-2,4,0,mixed,7,1,retry,54506457,OK
added_sql-2,4,0,mixed,3,1,retry,57989711,OK
added_sql-2,4,0,mixed,0,0,retry,64243472,OK
added_sql-2,4,0,mixed,2,0,retry,63615225,OK
added_sql-2,4,0,mixed,4,0,retry,64884985,OK
added_sql-2,4,0,mixed,6,0,retry,57976937,OK
added_sql-2,4,0,mixed,1,1,retry,67221852,OK
added_sql-2,4,0,mixed,2,0,put,97493461,OK
added_sql-2,4,0,mixed,0,0,put,100429280,OK
added_sql-2,4,0,mixed,6,0,put,96883298,OK
added_sql-2,4,0,mixed,4,0,put,106040637,OK
added_sql-2,4,0,mixed,5,1,put,118179852,OK
added_sql-2,4,0,mixed,7,1,put,119956150,OK
added_sql-2,4,0,mixed,3,1,put,115945349,OK
added_sql-2,4,0,mixed,1,1,put,104853092,OK
added_sql-2,4,0,mixed,2,1,read_current,29284523,OK
added_sql-2,4,0,mixed,4,1,read_current,19329617,OK
added_sql-2,4,0,mixed,6,1,read_current,22841575,OK
added_sql-2,4,0,mixed,0,1,read_current,26628253,OK
added_sql-2,4,0,mixed,7,0,read_current,16343051,OK
added_sql-2,4,0,mixed,1,0,read_current,10573867,OK
added_sql-2,4,0,mixed,5,0,read_current,18289500,OK
added_sql-2,4,0,mixed,3,0,read_current,14186956,OK
added_sql-2,4,0,mixed,6,1,read_history,16088511,OK
added_sql-2,4,0,mixed,2,1,read_history,16108428,OK
added_sql-2,4,0,mixed,0,1,read_history,16759268,OK
added_sql-2,4,0,mixed,4,1,read_history,18926755,OK
added_sql-2,4,0,mixed,3,0,read_history,17876279,OK
added_sql-2,4,0,mixed,1,0,read_history,17932536,OK
added_sql-2,4,0,mixed,5,0,read_history,17929781,OK
added_sql-2,4,0,mixed,7,0,read_history,18040961,OK
added_sql-2,4,0,mixed,0,1,retry,57030919,OK
added_sql-2,4,0,mixed,7,0,retry,56290580,OK
added_sql-2,4,0,mixed,3,0,retry,57796206,OK
added_sql-2,4,0,mixed,4,1,retry,61612209,OK
added_sql-2,4,0,mixed,5,0,retry,61363187,OK
added_sql-2,4,0,mixed,1,0,retry,61463848,OK
added_sql-2,4,0,mixed,2,1,retry,65838427,OK
added_sql-2,4,0,mixed,6,1,retry,66943245,OK
added_sql-2,4,0,contended,5,1,put,84203931,OK
added_sql-2,4,0,contended,1,1,put,84230281,ABORTED
added_sql-2,4,0,contended,7,1,put,84164587,ABORTED
added_sql-2,4,0,contended,3,1,put,84310854,ABORTED
added_sql-2,4,0,contended,2,0,put,91835887,ABORTED
added_sql-2,4,0,contended,6,0,put,91738363,ABORTED
added_sql-2,4,0,contended,4,0,put,91762438,ABORTED
added_sql-2,4,0,contended,0,0,put,92195827,ABORTED
added_sql-2,4,1,mixed,5,0,put,87768559,OK
added_sql-2,4,1,mixed,7,0,put,90950694,OK
added_sql-2,4,1,mixed,1,0,put,93065601,OK
added_sql-2,4,1,mixed,3,0,put,95488701,OK
added_sql-2,4,1,mixed,2,1,put,101975173,OK
added_sql-2,4,1,mixed,0,1,put,103906583,OK
added_sql-2,4,1,mixed,4,1,put,106275892,OK
added_sql-2,4,1,mixed,6,1,put,109907545,OK
added_sql-2,4,1,mixed,5,1,read_current,30515130,OK
added_sql-2,4,1,mixed,3,1,read_current,22837016,OK
added_sql-2,4,1,mixed,0,0,read_current,15557667,OK
added_sql-2,4,1,mixed,2,0,read_current,17551555,OK
added_sql-2,4,1,mixed,1,1,read_current,26622892,OK
added_sql-2,4,1,mixed,6,0,read_current,11403786,OK
added_sql-2,4,1,mixed,7,1,read_current,30478330,OK
added_sql-2,4,1,mixed,4,0,read_current,15100653,OK
added_sql-2,4,1,mixed,1,1,read_history,16396112,OK
added_sql-2,4,1,mixed,5,1,read_history,17652186,OK
added_sql-2,4,1,mixed,7,1,read_history,14829521,OK
added_sql-2,4,1,mixed,0,0,read_history,17385000,OK
added_sql-2,4,1,mixed,4,0,read_history,15393126,OK
added_sql-2,4,1,mixed,3,1,read_history,18439133,OK
added_sql-2,4,1,mixed,2,0,read_history,18096626,OK
added_sql-2,4,1,mixed,6,0,read_history,16279642,OK
added_sql-2,4,1,mixed,7,1,retry,62126631,OK
added_sql-2,4,1,mixed,5,1,retry,62315327,OK
added_sql-2,4,1,mixed,1,1,retry,62396341,OK
added_sql-2,4,1,mixed,4,0,retry,63850239,OK
added_sql-2,4,1,mixed,3,1,retry,67433021,OK
added_sql-2,4,1,mixed,6,0,retry,69668667,OK
added_sql-2,4,1,mixed,0,0,retry,72593626,OK
added_sql-2,4,1,mixed,2,0,retry,73620206,OK
added_sql-2,4,1,mixed,3,1,put,83662377,OK
added_sql-2,4,1,mixed,7,1,put,91256411,OK
added_sql-2,4,1,mixed,1,1,put,92798988,OK
added_sql-2,4,1,mixed,5,1,put,96027059,OK
added_sql-2,4,1,mixed,4,0,put,97777317,OK
added_sql-2,4,1,mixed,0,0,put,90941416,OK
added_sql-2,4,1,mixed,2,0,put,91190367,OK
added_sql-2,4,1,mixed,6,0,put,98579193,OK
added_sql-2,4,1,mixed,2,1,read_current,13947243,OK
added_sql-2,4,1,mixed,4,1,read_current,18029930,OK
added_sql-2,4,1,mixed,0,1,read_current,16210501,OK
added_sql-2,4,1,mixed,6,1,read_current,10659889,OK
added_sql-2,4,1,mixed,1,0,read_current,27033799,OK
added_sql-2,4,1,mixed,7,0,read_current,28766284,OK
added_sql-2,4,1,mixed,5,0,read_current,24054237,OK
added_sql-2,4,1,mixed,3,0,read_current,30543493,OK
added_sql-2,4,1,mixed,4,1,read_history,13465712,OK
added_sql-2,4,1,mixed,0,1,read_history,13411159,OK
added_sql-2,4,1,mixed,6,1,read_history,18277629,OK
added_sql-2,4,1,mixed,2,1,read_history,18514295,OK
added_sql-2,4,1,mixed,7,0,read_history,17570060,OK
added_sql-2,4,1,mixed,5,0,read_history,17496612,OK
added_sql-2,4,1,mixed,1,0,read_history,17697211,OK
added_sql-2,4,1,mixed,3,0,read_history,17551676,OK
added_sql-2,4,1,mixed,0,1,retry,65903200,OK
added_sql-2,4,1,mixed,2,1,retry,60993269,OK
added_sql-2,4,1,mixed,7,0,retry,73741555,OK
added_sql-2,4,1,mixed,3,0,retry,73729682,OK
added_sql-2,4,1,mixed,5,0,retry,73808481,OK
added_sql-2,4,1,mixed,6,1,retry,76655263,OK
added_sql-2,4,1,mixed,4,1,retry,81571285,OK
added_sql-2,4,1,mixed,1,0,retry,79839342,OK
added_sql-2,4,1,mixed,1,0,put,87826789,OK
added_sql-2,4,1,mixed,3,0,put,95317528,OK
added_sql-2,4,1,mixed,7,0,put,96733284,OK
added_sql-2,4,1,mixed,5,0,put,98928794,OK
added_sql-2,4,1,mixed,2,1,put,116497582,OK
added_sql-2,4,1,mixed,0,1,put,117943876,OK
added_sql-2,4,1,mixed,4,1,put,104618549,OK
added_sql-2,4,1,mixed,6,1,put,107003056,OK
added_sql-2,4,1,mixed,5,1,read_current,15796809,OK
added_sql-2,4,1,mixed,1,1,read_current,21961802,OK
added_sql-2,4,1,mixed,0,0,read_current,14379901,OK
added_sql-2,4,1,mixed,2,0,read_current,15825223,OK
added_sql-2,4,1,mixed,4,0,read_current,12306010,OK
added_sql-2,4,1,mixed,3,1,read_current,24881160,OK
added_sql-2,4,1,mixed,7,1,read_current,23616079,OK
added_sql-2,4,1,mixed,6,0,read_current,11978932,OK
added_sql-2,4,1,mixed,5,1,read_history,14543079,OK
added_sql-2,4,1,mixed,1,1,read_history,13394238,OK
added_sql-2,4,1,mixed,3,1,read_history,12478827,OK
added_sql-2,4,1,mixed,2,0,read_history,14150557,OK
added_sql-2,4,1,mixed,6,0,read_history,16384280,OK
added_sql-2,4,1,mixed,0,0,read_history,18572435,OK
added_sql-2,4,1,mixed,4,0,read_history,18400290,OK
added_sql-2,4,1,mixed,7,1,read_history,17868635,OK
added_sql-2,4,1,mixed,1,1,retry,61464319,OK
added_sql-2,4,1,mixed,2,0,retry,58491700,OK
added_sql-2,4,1,mixed,5,1,retry,64301071,OK
added_sql-2,4,1,mixed,4,0,retry,58206000,OK
added_sql-2,4,1,mixed,6,0,retry,58413823,OK
added_sql-2,4,1,mixed,0,0,retry,58543578,OK
added_sql-2,4,1,mixed,3,1,retry,66899883,OK
added_sql-2,4,1,mixed,7,1,retry,66139636,OK
added_sql-2,4,1,contended,1,1,put,86778006,OK
added_sql-2,4,1,contended,5,1,put,87027268,ABORTED
added_sql-2,4,1,contended,7,1,put,87202369,ABORTED
added_sql-2,4,1,contended,3,1,put,87155310,ABORTED
added_sql-2,4,1,contended,4,0,put,88071191,ABORTED
added_sql-2,4,1,contended,0,0,put,88485865,ABORTED
added_sql-2,4,1,contended,2,0,put,88666506,ABORTED
added_sql-2,4,1,contended,6,0,put,89588559,ABORTED
added_sql-2,4,2,mixed,1,1,put,86560826,OK
added_sql-2,4,2,mixed,7,1,put,87183954,OK
added_sql-2,4,2,mixed,5,1,put,88931487,OK
added_sql-2,4,2,mixed,3,1,put,107480008,OK
added_sql-2,4,2,mixed,5,0,read_current,19720195,OK
added_sql-2,4,2,mixed,7,0,read_current,21760191,OK
added_sql-2,4,2,mixed,1,0,read_current,22934611,OK
added_sql-2,4,2,mixed,6,0,put,119205271,OK
added_sql-2,4,2,mixed,0,0,put,120338983,OK
added_sql-2,4,2,mixed,4,0,put,122269092,OK
added_sql-2,4,2,mixed,2,0,put,123958184,OK
added_sql-2,4,2,mixed,3,0,read_current,21263282,OK
added_sql-2,4,2,mixed,7,0,read_history,19777433,OK
added_sql-2,4,2,mixed,5,0,read_history,20106445,OK
added_sql-2,4,2,mixed,1,0,read_history,19283380,OK
added_sql-2,4,2,mixed,6,1,read_current,12721486,OK
added_sql-2,4,2,mixed,0,1,read_current,11684275,OK
added_sql-2,4,2,mixed,2,1,read_current,8343771,OK
added_sql-2,4,2,mixed,4,1,read_current,10168440,OK
added_sql-2,4,2,mixed,3,0,read_history,10324105,OK
added_sql-2,4,2,mixed,6,1,read_history,10923678,OK
added_sql-2,4,2,mixed,0,1,read_history,10934448,OK
added_sql-2,4,2,mixed,4,1,read_history,10727246,OK
added_sql-2,4,2,mixed,2,1,read_history,12766331,OK
added_sql-2,4,2,mixed,5,0,retry,59803019,OK
added_sql-2,4,2,mixed,1,0,retry,59906494,OK
added_sql-2,4,2,mixed,4,1,retry,53668975,OK
added_sql-2,4,2,mixed,0,1,retry,53970675,OK
added_sql-2,4,2,mixed,6,1,retry,57457355,OK
added_sql-2,4,2,mixed,3,0,retry,61789774,OK
added_sql-2,4,2,mixed,7,0,retry,72234858,OK
added_sql-2,4,2,mixed,2,1,retry,60276814,OK
added_sql-2,4,2,mixed,5,0,put,78070709,OK
added_sql-2,4,2,mixed,1,0,put,78951964,OK
added_sql-2,4,2,mixed,7,0,put,75501222,OK
added_sql-2,4,2,mixed,3,0,put,78631468,OK
added_sql-2,4,2,mixed,1,1,read_current,16222504,OK
added_sql-2,4,2,mixed,5,1,read_current,17206133,OK
added_sql-2,4,2,mixed,7,1,read_current,13620776,OK
added_sql-2,4,2,mixed,3,1,read_current,11931273,OK
added_sql-2,4,2,mixed,6,1,put,102590836,OK
added_sql-2,4,2,mixed,5,1,read_history,20952655,OK
added_sql-2,4,2,mixed,0,1,put,108025628,OK
added_sql-2,4,2,mixed,1,1,read_history,21210612,OK
added_sql-2,4,2,mixed,2,1,put,101313942,OK
added_sql-2,4,2,mixed,4,1,put,111549379,OK
added_sql-2,4,2,mixed,3,1,read_history,22399760,OK
added_sql-2,4,2,mixed,7,1,read_history,24085757,OK
added_sql-2,4,2,mixed,2,0,read_current,11717969,OK
added_sql-2,4,2,mixed,0,0,read_current,13591931,OK
added_sql-2,4,2,mixed,6,0,read_current,15609465,OK
added_sql-2,4,2,mixed,4,0,read_current,10831814,OK
added_sql-2,4,2,mixed,6,0,read_history,9675709,OK
added_sql-2,4,2,mixed,4,0,read_history,9560531,OK
added_sql-2,4,2,mixed,0,0,read_history,10374720,OK
added_sql-2,4,2,mixed,2,0,read_history,11454541,OK
added_sql-2,4,2,mixed,1,1,retry,58442087,OK
added_sql-2,4,2,mixed,5,1,retry,59714282,OK
added_sql-2,4,2,mixed,7,1,retry,63169452,OK
added_sql-2,4,2,mixed,3,1,retry,63562506,OK
added_sql-2,4,2,mixed,6,0,retry,63980385,OK
added_sql-2,4,2,mixed,0,0,retry,69277207,OK
added_sql-2,4,2,mixed,4,0,retry,69332491,OK
added_sql-2,4,2,mixed,2,0,retry,68415899,OK
added_sql-2,4,2,mixed,1,1,put,82853749,OK
added_sql-2,4,2,mixed,5,1,put,83840745,OK
added_sql-2,4,2,mixed,7,1,put,79074926,OK
added_sql-2,4,2,mixed,3,1,put,81688036,OK
added_sql-2,4,2,mixed,1,0,read_current,13562225,OK
added_sql-2,4,2,mixed,5,0,read_current,11589446,OK
added_sql-2,4,2,mixed,3,0,read_current,16351638,OK
added_sql-2,4,2,mixed,7,0,read_current,19286085,OK
added_sql-2,4,2,mixed,5,0,read_history,15812369,OK
added_sql-2,4,2,mixed,1,0,read_history,15987510,OK
added_sql-2,4,2,mixed,6,0,put,105282915,OK
added_sql-2,4,2,mixed,2,0,put,101597749,OK
added_sql-2,4,2,mixed,0,0,put,108777911,OK
added_sql-2,4,2,mixed,4,0,put,111619602,OK
added_sql-2,4,2,mixed,3,0,read_history,34284795,OK
added_sql-2,4,2,mixed,7,0,read_history,34108832,OK
added_sql-2,4,2,mixed,6,1,read_current,15447769,OK
added_sql-2,4,2,mixed,2,1,read_current,13569889,OK
added_sql-2,4,2,mixed,0,1,read_current,10203637,OK
added_sql-2,4,2,mixed,4,1,read_current,10515006,OK
added_sql-2,4,2,mixed,2,1,read_history,8059804,OK
added_sql-2,4,2,mixed,6,1,read_history,8468928,OK
added_sql-2,4,2,mixed,0,1,read_history,7355794,OK
added_sql-2,4,2,mixed,4,1,read_history,7073711,OK
added_sql-2,4,2,mixed,1,0,retry,83319460,OK
added_sql-2,4,2,mixed,5,0,retry,83807191,OK
added_sql-2,4,2,mixed,3,0,retry,58193276,OK
added_sql-2,4,2,mixed,7,0,retry,61819911,OK
added_sql-2,4,2,mixed,6,1,retry,61195872,OK
added_sql-2,4,2,mixed,0,1,retry,58141498,OK
added_sql-2,4,2,mixed,4,1,retry,55362396,OK
added_sql-2,4,2,mixed,2,1,retry,61351686,OK
added_sql-2,4,2,contended,2,0,put,78785670,OK
added_sql-2,4,2,contended,3,1,put,79293199,ABORTED
added_sql-2,4,2,contended,7,1,put,79576164,ABORTED
added_sql-2,4,2,contended,0,0,put,79591593,ABORTED
added_sql-2,4,2,contended,5,1,put,80037646,ABORTED
added_sql-2,4,2,contended,1,1,put,80292518,ABORTED
added_sql-2,4,2,contended,6,0,put,80338275,ABORTED
added_sql-2,4,2,contended,4,0,put,82741577,ABORTED
added_sql-4,4,-1,mixed,6,1,put,187943999,OK
added_sql-4,4,-1,mixed,2,1,put,193402196,OK
added_sql-4,4,-1,mixed,4,3,put,205549978,OK
added_sql-4,4,-1,mixed,7,2,put,208812074,OK
added_sql-4,4,-1,mixed,3,2,put,222670399,OK
added_sql-4,4,-1,mixed,5,0,put,232339165,OK
added_sql-4,4,-1,mixed,1,0,put,237074976,OK
added_sql-4,4,-1,mixed,0,3,put,245043278,OK
added_sql-4,4,-1,mixed,2,2,read_current,80746817,OK
added_sql-4,4,-1,mixed,6,2,read_current,86150531,OK
added_sql-4,4,-1,mixed,0,0,read_current,43155903,OK
added_sql-4,4,-1,mixed,4,0,read_current,82628844,OK
added_sql-4,4,-1,mixed,7,3,read_current,79602243,OK
added_sql-4,4,-1,mixed,3,3,read_current,65789555,OK
added_sql-4,4,-1,mixed,2,2,read_history,24190845,OK
added_sql-4,4,-1,mixed,6,2,read_history,24381706,OK
added_sql-4,4,-1,mixed,5,1,read_current,77492705,OK
added_sql-4,4,-1,mixed,1,1,read_current,72955670,OK
added_sql-4,4,-1,mixed,4,0,read_history,25171038,OK
added_sql-4,4,-1,mixed,0,0,read_history,25180786,OK
added_sql-4,4,-1,mixed,3,3,read_history,25926135,OK
added_sql-4,4,-1,mixed,7,3,read_history,25957054,OK
added_sql-4,4,-1,mixed,5,1,read_history,19253844,OK
added_sql-4,4,-1,mixed,1,1,read_history,19097248,OK
added_sql-4,4,-1,mixed,6,2,retry,85860212,OK
added_sql-4,4,-1,mixed,2,2,retry,95786525,OK
added_sql-4,4,-1,mixed,4,0,retry,85478851,OK
added_sql-4,4,-1,mixed,3,3,retry,85377109,OK
added_sql-4,4,-1,mixed,7,3,retry,85352943,OK
added_sql-4,4,-1,mixed,1,1,retry,86498218,OK
added_sql-4,4,-1,mixed,5,1,retry,86536481,OK
added_sql-4,4,-1,mixed,0,0,retry,103067426,OK
added_sql-4,4,-1,mixed,2,2,put,94796683,OK
added_sql-4,4,-1,mixed,6,2,put,109258729,OK
added_sql-4,4,-1,mixed,4,0,put,112044756,OK
added_sql-4,4,-1,mixed,2,3,read_current,29523946,OK
added_sql-4,4,-1,mixed,6,3,read_current,25032917,OK
added_sql-4,4,-1,mixed,7,3,put,123943026,OK
added_sql-4,4,-1,mixed,3,3,put,134372609,OK
added_sql-4,4,-1,mixed,4,1,read_current,23674860,OK
added_sql-4,4,-1,mixed,6,3,read_history,26324098,OK
added_sql-4,4,-1,mixed,0,0,put,129917018,OK
added_sql-4,4,-1,mixed,7,0,read_current,22523293,OK
added_sql-4,4,-1,mixed,2,3,read_history,27783195,OK
added_sql-4,4,-1,mixed,3,0,read_current,19602082,OK
added_sql-4,4,-1,mixed,4,1,read_history,27879868,OK
added_sql-4,4,-1,mixed,1,1,put,147469916,OK
added_sql-4,4,-1,mixed,0,1,read_current,19222003,OK
added_sql-4,4,-1,mixed,7,0,read_history,21388328,OK
added_sql-4,4,-1,mixed,5,1,put,155198524,OK
added_sql-4,4,-1,mixed,3,0,read_history,17269493,OK
added_sql-4,4,-1,mixed,0,1,read_history,16032103,OK
added_sql-4,4,-1,mixed,1,2,read_current,23011636,OK
added_sql-4,4,-1,mixed,5,2,read_current,15362668,OK
added_sql-4,4,-1,mixed,1,2,read_history,16345445,OK
added_sql-4,4,-1,mixed,5,2,read_history,16289390,OK
added_sql-4,4,-1,mixed,6,3,retry,73966961,OK
added_sql-4,4,-1,mixed,2,3,retry,75475713,OK
added_sql-4,4,-1,mixed,4,1,retry,71635685,OK
added_sql-4,4,-1,mixed,7,0,retry,68740502,OK
added_sql-4,4,-1,mixed,3,0,retry,65728940,OK
added_sql-4,4,-1,mixed,0,1,retry,68947735,OK
added_sql-4,4,-1,mixed,5,2,retry,81633693,OK
added_sql-4,4,-1,mixed,1,2,retry,81678958,OK
added_sql-4,4,-1,mixed,6,3,put,113979934,OK
added_sql-4,4,-1,mixed,2,3,put,119832216,OK
added_sql-4,4,-1,mixed,4,1,put,114191864,OK
added_sql-4,4,-1,mixed,2,0,read_current,24626649,OK
added_sql-4,4,-1,mixed,6,0,read_current,37669192,OK
added_sql-4,4,-1,mixed,0,1,put,120674197,OK
added_sql-4,4,-1,mixed,4,2,read_current,24758468,OK
added_sql-4,4,-1,mixed,3,0,put,139539025,OK
added_sql-4,4,-1,mixed,7,0,put,144714558,OK
added_sql-4,4,-1,mixed,2,0,read_history,16600117,OK
added_sql-4,4,-1,mixed,6,0,read_history,14091235,OK
added_sql-4,4,-1,mixed,0,2,read_current,17871781,OK
added_sql-4,4,-1,mixed,4,2,read_history,17483897,OK
added_sql-4,4,-1,mixed,7,1,read_current,14831194,OK
added_sql-4,4,-1,mixed,3,1,read_current,19700849,OK
added_sql-4,4,-1,mixed,1,2,put,121984955,OK
added_sql-4,4,-1,mixed,0,2,read_history,16984845,OK
added_sql-4,4,-1,mixed,5,2,put,127969296,OK
added_sql-4,4,-1,mixed,3,1,read_history,18693014,OK
added_sql-4,4,-1,mixed,7,1,read_history,18755250,OK
added_sql-4,4,-1,mixed,1,3,read_current,22827057,OK
added_sql-4,4,-1,mixed,5,3,read_current,16838388,OK
added_sql-4,4,-1,mixed,1,3,read_history,15915664,OK
added_sql-4,4,-1,mixed,5,3,read_history,15916055,OK
added_sql-4,4,-1,mixed,6,0,retry,74036243,OK
added_sql-4,4,-1,mixed,2,0,retry,76011005,OK
added_sql-4,4,-1,mixed,4,2,retry,74151019,OK
added_sql-4,4,-1,mixed,0,2,retry,66743227,OK
added_sql-4,4,-1,mixed,3,1,retry,62110531,OK
added_sql-4,4,-1,mixed,7,1,retry,62241108,OK
added_sql-4,4,-1,mixed,5,3,retry,60355513,OK
added_sql-4,4,-1,mixed,1,3,retry,60355884,OK
added_sql-4,4,-1,contended,6,2,put,96345010,OK
added_sql-4,4,-1,contended,2,2,put,100664564,ABORTED
added_sql-4,4,-1,contended,3,3,put,104457073,ABORTED
added_sql-4,4,-1,contended,5,1,put,107696627,ABORTED
added_sql-4,4,-1,contended,1,1,put,107769815,ABORTED
added_sql-4,4,-1,contended,7,3,put,108387062,ABORTED
added_sql-4,4,-1,contended,4,0,put,109155484,ABORTED
added_sql-4,4,-1,contended,0,0,put,109255223,ABORTED
added_sql-4,4,0,mixed,5,1,put,107320346,OK
added_sql-4,4,0,mixed,1,1,put,115413834,OK
added_sql-4,4,0,mixed,0,0,put,122404337,OK
added_sql-4,4,0,mixed,5,2,read_current,17827437,OK
added_sql-4,4,0,mixed,3,3,put,129795097,OK
added_sql-4,4,0,mixed,1,2,read_current,14774457,OK
added_sql-4,4,0,mixed,4,0,put,135460847,OK
added_sql-4,4,0,mixed,0,1,read_current,17415839,OK
added_sql-4,4,0,mixed,5,2,read_history,14781029,OK
added_sql-4,4,0,mixed,7,3,put,141726610,OK
added_sql-4,4,0,mixed,1,2,read_history,12073211,OK
added_sql-4,4,0,mixed,3,0,read_current,13808571,OK
added_sql-4,4,0,mixed,2,2,put,146969049,OK
added_sql-4,4,0,mixed,4,1,read_current,14164053,OK
added_sql-4,4,0,mixed,6,2,put,151101500,OK
added_sql-4,4,0,mixed,0,1,read_history,11393055,OK
added_sql-4,4,0,mixed,7,0,read_current,17499468,OK
added_sql-4,4,0,mixed,3,0,read_history,15740403,OK
added_sql-4,4,0,mixed,4,1,read_history,13840922,OK
added_sql-4,4,0,mixed,6,3,read_current,13988180,OK
added_sql-4,4,0,mixed,2,3,read_current,18579879,OK
added_sql-4,4,0,mixed,7,0,read_history,12968483,OK
added_sql-4,4,0,mixed,2,3,read_history,10202906,OK
added_sql-4,4,0,mixed,6,3,read_history,10824160,OK
added_sql-4,4,0,mixed,1,2,retry,63556113,OK
added_sql-4,4,0,mixed,5,2,retry,65800806,OK
added_sql-4,4,0,mixed,0,1,retry,63536346,OK
added_sql-4,4,0,mixed,4,1,retry,68011795,OK
added_sql-4,4,0,mixed,3,0,retry,72224448,OK
added_sql-4,4,0,mixed,7,0,retry,64580028,OK
added_sql-4,4,0,mixed,6,3,retry,81955180,OK
added_sql-4,4,0,mixed,2,3,retry,82198320,OK
added_sql-4,4,0,mixed,1,2,put,94853692,OK
added_sql-4,4,0,mixed,5,2,put,97118512,OK
added_sql-4,4,0,mixed,1,3,read_current,17375934,OK
added_sql-4,4,0,mixed,5,3,read_current,15133054,OK
added_sql-4,4,0,mixed,0,1,put,109760348,OK
added_sql-4,4,0,mixed,4,1,put,94966875,OK
added_sql-4,4,0,mixed,1,3,read_history,19623823,OK
added_sql-4,4,0,mixed,5,3,read_history,20740263,OK
added_sql-4,4,0,mixed,3,0,put,109577693,OK
added_sql-4,4,0,mixed,4,2,read_current,15815915,OK
added_sql-4,4,0,mixed,0,2,read_current,17800907,OK
added_sql-4,4,0,mixed,7,0,put,111237580,OK
added_sql-4,4,0,mixed,7,1,read_current,11897879,OK
added_sql-4,4,0,mixed,3,1,read_current,18829231,OK
added_sql-4,4,0,mixed,0,2,read_history,18188550,OK
added_sql-4,4,0,mixed,4,2,read_history,18250066,OK
added_sql-4,4,0,mixed,6,3,put,105945417,OK
added_sql-4,4,0,mixed,2,3,put,110988880,OK
added_sql-4,4,0,mixed,7,1,read_history,11548619,OK
added_sql-4,4,0,mixed,3,1,read_history,11526938,OK
added_sql-4,4,0,mixed,6,0,read_current,17945360,OK
added_sql-4,4,0,mixed,2,0,read_current,12817257,OK
added_sql-4,4,0,mixed,6,0,read_history,13038646,OK
added_sql-4,4,0,mixed,2,0,read_history,12979383,OK
added_sql-4,4,0,mixed,1,3,retry,71739381,OK
added_sql-4,4,0,mixed,5,3,retry,70934530,OK
added_sql-4,4,0,mixed,4,2,retry,62742545,OK
added_sql-4,4,0,mixed,0,2,retry,63076426,OK
added_sql-4,4,0,mixed,7,1,retry,56759355,OK
added_sql-4,4,0,mixed,3,1,retry,56817797,OK
added_sql-4,4,0,mixed,6,0,retry,59936712,OK
added_sql-4,4,0,mixed,2,0,retry,60000322,OK
added_sql-4,4,0,mixed,5,3,put,98539218,OK
added_sql-4,4,0,mixed,1,3,put,102640610,OK
added_sql-4,4,0,mixed,0,2,put,99717705,OK
added_sql-4,4,0,mixed,5,0,read_current,20568739,OK
added_sql-4,4,0,mixed,4,2,put,107861689,OK
added_sql-4,4,0,mixed,1,0,read_current,19658909,OK
added_sql-4,4,0,mixed,7,1,put,110540723,OK
added_sql-4,4,0,mixed,3,1,put,114844457,OK
added_sql-4,4,0,mixed,0,3,read_current,20435738,OK
added_sql-4,4,0,mixed,4,3,read_current,16740393,OK
added_sql-4,4,0,mixed,3,2,read_current,15676241,OK
added_sql-4,4,0,mixed,7,2,read_current,20041472,OK
added_sql-4,4,0,mixed,5,0,read_history,31651096,OK
added_sql-4,4,0,mixed,0,3,read_history,19632229,OK
added_sql-4,4,0,mixed,1,0,read_history,32235190,OK
added_sql-4,4,0,mixed,4,3,read_history,16564049,OK
added_sql-4,4,0,mixed,3,2,read_history,17062040,OK
added_sql-4,4,0,mixed,7,2,read_history,17276796,OK
added_sql-4,4,0,mixed,6,0,put,128725015,OK
added_sql-4,4,0,mixed,2,0,put,130990997,OK
added_sql-4,4,0,mixed,6,1,read_current,15673516,OK
added_sql-4,4,0,mixed,2,1,read_current,13445284,OK
added_sql-4,4,0,mixed,2,1,read_history,10607500,OK
added_sql-4,4,0,mixed,6,1,read_history,10725072,OK
added_sql-4,4,0,mixed,5,0,retry,64875587,OK
added_sql-4,4,0,mixed,1,0,retry,61414915,OK
added_sql-4,4,0,mixed,0,3,retry,66777342,OK
added_sql-4,4,0,mixed,4,3,retry,67147902,OK
added_sql-4,4,0,mixed,3,2,retry,62259161,OK
added_sql-4,4,0,mixed,7,2,retry,64419204,OK
added_sql-4,4,0,mixed,2,1,retry,58152128,OK
added_sql-4,4,0,mixed,6,1,retry,58605886,OK
added_sql-4,4,0,contended,2,2,put,84890419,OK
added_sql-4,4,0,contended,6,2,put,84992692,ABORTED
added_sql-4,4,0,contended,5,1,put,85453644,ABORTED
added_sql-4,4,0,contended,1,1,put,85672578,ABORTED
added_sql-4,4,0,contended,4,0,put,86789839,ABORTED
added_sql-4,4,0,contended,0,0,put,87252123,ABORTED
added_sql-4,4,0,contended,3,3,put,87771544,ABORTED
added_sql-4,4,0,contended,7,3,put,88246012,ABORTED
added_sql-4,4,1,mixed,4,1,put,99499252,OK
added_sql-4,4,1,mixed,0,1,put,102478403,OK
added_sql-4,4,1,mixed,6,3,put,104887326,OK
added_sql-4,4,1,mixed,5,2,put,113070714,OK
added_sql-4,4,1,mixed,2,3,put,117071166,OK
added_sql-4,4,1,mixed,1,2,put,120328504,OK
added_sql-4,4,1,mixed,6,0,read_current,17646314,OK
added_sql-4,4,1,mixed,0,2,read_current,20617000,OK
added_sql-4,4,1,mixed,4,2,read_current,23606982,OK
added_sql-4,4,1,mixed,3,0,put,124352470,OK
added_sql-4,4,1,mixed,5,3,read_current,13556364,OK
added_sql-4,4,1,mixed,7,0,put,127242773,OK
added_sql-4,4,1,mixed,2,0,read_current,16737477,OK
added_sql-4,4,1,mixed,4,2,read_history,11895394,OK
added_sql-4,4,1,mixed,0,2,read_history,13819722,OK
added_sql-4,4,1,mixed,1,3,read_current,17466565,OK
added_sql-4,4,1,mixed,6,0,read_history,17021333,OK
added_sql-4,4,1,mixed,5,3,read_history,14320658,OK
added_sql-4,4,1,mixed,7,1,read_current,14239085,OK
added_sql-4,4,1,mixed,3,1,read_current,17430436,OK
added_sql-4,4,1,mixed,2,0,read_history,18867793,OK
added_sql-4,4,1,mixed,1,3,read_history,17062010,OK
added_sql-4,4,1,mixed,7,1,read_history,16225840,OK
added_sql-4,4,1,mixed,3,1,read_history,15945209,OK
added_sql-4,4,1,mixed,4,2,retry,73727218,OK
added_sql-4,4,1,mixed,0,2,retry,71858125,OK
added_sql-4,4,1,mixed,6,0,retry,76895316,OK
added_sql-4,4,1,mixed,7,1,retry,64063782,OK
added_sql-4,4,1,mixed,2,0,retry,73624685,OK
added_sql-4,4,1,mixed,5,3,retry,85338876,OK
added_sql-4,4,1,mixed,3,1,retry,69087679,OK
added_sql-4,4,1,mixed,1,3,retry,84488519,OK
added_sql-4,4,1,mixed,0,2,put,94977185,OK
added_sql-4,4,1,mixed,4,2,put,99740569,OK
added_sql-4,4,1,mixed,6,0,put,100857299,OK
added_sql-4,4,1,mixed,2,0,put,97052487,OK
added_sql-4,4,1,mixed,0,3,read_current,21821166,OK
added_sql-4,4,1,mixed,4,3,read_current,18027295,OK
added_sql-4,4,1,mixed,5,3,put,101967007,OK
added_sql-4,4,1,mixed,3,1,put,106755668,OK
added_sql-4,4,1,mixed,1,3,put,98555328,OK
added_sql-4,4,1,mixed,6,1,read_current,22512113,OK
added_sql-4,4,1,mixed,7,1,put,119648108,OK
added_sql-4,4,1,mixed,0,3,read_history,19543230,OK
added_sql-4,4,1,mixed,2,1,read_current,22603254,OK
added_sql-4,4,1,mixed,5,0,read_current,18729352,OK
added_sql-4,4,1,mixed,4,3,read_history,20988924,OK
added_sql-4,4,1,mixed,1,0,read_current,13752705,OK
added_sql-4,4,1,mixed,3,2,read_current,21450435,OK
added_sql-4,4,1,mixed,6,1,read_history,17023688,OK
added_sql-4,4,1,mixed,7,2,read_current,17750973,OK
added_sql-4,4,1,mixed,2,1,read_history,14209188,OK
added_sql-4,4,1,mixed,5,0,read_history,13275323,OK
added_sql-4,4,1,mixed,1,0,read_history,10947894,OK
added_sql-4,4,1,mixed,3,2,read_history,15520998,OK
added_sql-4,4,1,mixed,7,2,read_history,11352619,OK
added_sql-4,4,1,mixed,4,3,retry,67682823,OK
added_sql-4,4,1,mixed,0,3,retry,71719172,OK
added_sql-4,4,1,mixed,2,1,retry,59466573,OK
added_sql-4,4,1,mixed,6,1,retry,67138203,OK
added_sql-4,4,1,mixed,5,0,retry,68831273,OK
added_sql-4,4,1,mixed,3,2,retry,66533981,OK
added_sql-4,4,1,mixed,1,0,retry,81542040,OK
added_sql-4,4,1,mixed,7,2,retry,86257703,OK
added_sql-4,4,1,mixed,4,3,put,91039732,OK
added_sql-4,4,1,mixed,0,3,put,93221486,OK
added_sql-4,4,1,mixed,2,1,put,98758502,OK
added_sql-4,4,1,mixed,6,1,put,98580626,OK
added_sql-4,4,1,mixed,4,0,read_current,17342580,OK
added_sql-4,4,1,mixed,0,0,read_current,15322752,OK
added_sql-4,4,1,mixed,3,2,put,92802554,OK
added_sql-4,4,1,mixed,2,2,read_current,13622399,OK
added_sql-4,4,1,mixed,5,0,put,104454148,OK
added_sql-4,4,1,mixed,6,2,read_current,11730022,OK
added_sql-4,4,1,mixed,0,0,read_history,11407783,OK
added_sql-4,4,1,mixed,4,0,read_history,15071859,OK
added_sql-4,4,1,mixed,2,2,read_history,9918718,OK
added_sql-4,4,1,mixed,6,2,read_history,9540173,OK
added_sql-4,4,1,mixed,3,3,read_current,15925993,OK
added_sql-4,4,1,mixed,1,0,put,102581418,OK
added_sql-4,4,1,mixed,7,2,put,92681245,OK
added_sql-4,4,1,mixed,5,1,read_current,16156929,OK
added_sql-4,4,1,mixed,3,3,read_history,10594275,OK
added_sql-4,4,1,mixed,1,1,read_current,14844459,OK
added_sql-4,4,1,mixed,5,1,read_history,12721126,OK
added_sql-4,4,1,mixed,7,3,read_current,13478507,OK
added_sql-4,4,1,mixed,1,1,read_history,9443891,OK
added_sql-4,4,1,mixed,7,3,read_history,11063913,OK
added_sql-4,4,1,mixed,2,2,retry,59740772,OK
added_sql-4,4,1,mixed,6,2,retry,60216611,OK
added_sql-4,4,1,mixed,4,0,retry,65952633,OK
added_sql-4,4,1,mixed,0,0,retry,67834330,OK
added_sql-4,4,1,mixed,3,3,retry,57939016,OK
added_sql-4,4,1,mixed,5,1,retry,64475350,OK
added_sql-4,4,1,mixed,7,3,retry,57498312,OK
added_sql-4,4,1,mixed,1,1,retry,61670730,OK
added_sql-4,4,1,contended,1,1,put,78002469,OK
added_sql-4,4,1,contended,5,1,put,78600299,ABORTED
added_sql-4,4,1,contended,0,0,put,79452520,ABORTED
added_sql-4,4,1,contended,4,0,put,79514458,ABORTED
added_sql-4,4,1,contended,3,3,put,80117777,ABORTED
added_sql-4,4,1,contended,7,3,put,80180436,ABORTED
added_sql-4,4,1,contended,2,2,put,81096658,ABORTED
added_sql-4,4,1,contended,6,2,put,86417445,ABORTED
added_sql-4,4,2,mixed,5,3,put,89597947,OK
added_sql-4,4,2,mixed,1,3,put,93419531,OK
added_sql-4,4,2,mixed,0,2,put,95963269,OK
added_sql-4,4,2,mixed,4,2,put,98681517,OK
added_sql-4,4,2,mixed,6,0,put,103631624,OK
added_sql-4,4,2,mixed,2,0,put,108522899,OK
added_sql-4,4,2,mixed,1,0,read_current,16316281,OK
added_sql-4,4,2,mixed,5,0,read_current,20194701,OK
added_sql-4,4,2,mixed,7,1,put,110880044,OK
added_sql-4,4,2,mixed,3,1,put,113946219,OK
added_sql-4,4,2,mixed,4,3,read_current,16213106,OK
added_sql-4,4,2,mixed,0,3,read_current,19102116,OK
added_sql-4,4,2,mixed,6,1,read_current,16431408,OK
added_sql-4,4,2,mixed,2,1,read_current,14319937,OK
added_sql-4,4,2,mixed,1,0,read_history,14405419,OK
added_sql-4,4,2,mixed,5,0,read_history,17692332,OK
added_sql-4,4,2,mixed,7,2,read_current,17998681,OK
added_sql-4,4,2,mixed,3,2,read_current,15367698,OK
added_sql-4,4,2,mixed,4,3,read_history,17097387,OK
added_sql-4,4,2,mixed,0,3,read_history,16934178,OK
added_sql-4,4,2,mixed,6,1,read_history,12339564,OK
added_sql-4,4,2,mixed,2,1,read_history,10189019,OK
added_sql-4,4,2,mixed,3,2,read_history,13701870,OK
added_sql-4,4,2,mixed,7,2,read_history,14204800,OK
added_sql-4,4,2,mixed,2,1,retry,55589124,OK
added_sql-4,4,2,mixed,1,0,retry,67188469,OK
added_sql-4,4,2,mixed,6,1,retry,59488114,OK
added_sql-4,4,2,mixed,0,3,retry,61552917,OK
added_sql-4,4,2,mixed,5,0,retry,70275875,OK
added_sql-4,4,2,mixed,4,3,retry,75843318,OK
added_sql-4,4,2,mixed,7,2,retry,68184842,OK
added_sql-4,4,2,mixed,3,2,retry,74210331,OK
added_sql-4,4,2,mixed,1,0,put,99002293,OK
added_sql-4,4,2,mixed,5,0,put,97316145,OK
added_sql-4,4,2,mixed,2,1,put,118019268,OK
added_sql-4,4,2,mixed,6,1,put,116896596,OK
added_sql-4,4,2,mixed,5,1,read_current,17832117,OK
added_sql-4,4,2,mixed,1,1,read_current,22522432,OK
added_sql-4,4,2,mixed,4,3,put,106029616,OK
added_sql-4,4,2,mixed,0,3,put,122730383,OK
added_sql-4,4,2,mixed,2,2,read_current,17296844,OK
added_sql-4,4,2,mixed,6,2,read_current,15234175,OK
added_sql-4,4,2,mixed,5,1,read_history,12499215,OK
added_sql-4,4,2,mixed,1,1,read_history,12666291,OK
added_sql-4,4,2,mixed,4,0,read_current,20389540,OK
added_sql-4,4,2,mixed,0,0,read_current,18098269,OK
added_sql-4,4,2,mixed,7,2,put,125530907,OK
added_sql-4,4,2,mixed,2,2,read_history,13922226,OK
added_sql-4,4,2,mixed,6,2,read_history,13940791,OK
added_sql-4,4,2,mixed,3,2,put,121732217,OK
added_sql-4,4,2,mixed,4,0,read_history,19133065,OK
added_sql-4,4,2,mixed,0,0,read_history,19060808,OK
added_sql-4,4,2,mixed,3,3,read_current,15793322,OK
added_sql-4,4,2,mixed,7,3,read_current,17915714,OK
added_sql-4,4,2,mixed,7,3,read_history,9948865,OK
added_sql-4,4,2,mixed,3,3,read_history,10029988,OK
added_sql-4,4,2,mixed,1,1,retry,57966007,OK
added_sql-4,4,2,mixed,5,1,retry,65372917,OK
added_sql-4,4,2,mixed,6,2,retry,62363128,OK
added_sql-4,4,2,mixed,2,2,retry,66708321,OK
added_sql-4,4,2,mixed,0,0,retry,63288978,OK
added_sql-4,4,2,mixed,7,3,retry,56299556,OK
added_sql-4,4,2,mixed,4,0,retry,68966429,OK
added_sql-4,4,2,mixed,3,3,retry,61730362,OK
added_sql-4,4,2,mixed,1,1,put,85673509,OK
added_sql-4,4,2,mixed,5,1,put,79531990,OK
added_sql-4,4,2,mixed,5,2,read_current,13204489,OK
added_sql-4,4,2,mixed,1,2,read_current,14320929,OK
added_sql-4,4,2,mixed,6,2,put,91535880,OK
added_sql-4,4,2,mixed,1,2,read_history,9244334,OK
added_sql-4,4,2,mixed,5,2,read_history,9244454,OK
added_sql-4,4,2,mixed,6,3,read_current,13614393,OK
added_sql-4,4,2,mixed,2,2,put,102552243,OK
added_sql-4,4,2,mixed,0,0,put,93938331,OK
added_sql-4,4,2,mixed,4,0,put,94397209,OK
added_sql-4,4,2,mixed,7,3,put,99520333,OK
added_sql-4,4,2,mixed,6,3,read_history,14972641,OK
added_sql-4,4,2,mixed,2,3,read_current,13520215,OK
added_sql-4,4,2,mixed,3,3,put,95413660,OK
added_sql-4,4,2,mixed,0,1,read_current,13125880,OK
added_sql-4,4,2,mixed,4,1,read_current,9830221,OK
added_sql-4,4,2,mixed,0,1,read_history,10153683,OK
added_sql-4,4,2,mixed,4,1,read_history,9079412,OK
added_sql-4,4,2,mixed,7,0,read_current,15457026,OK
added_sql-4,4,2,mixed,3,0,read_current,14103188,OK
added_sql-4,4,2,mixed,2,3,read_history,16196194,OK
added_sql-4,4,2,mixed,3,0,read_history,8864475,OK
added_sql-4,4,2,mixed,7,0,read_history,10404076,OK
added_sql-4,4,2,mixed,1,2,retry,61016332,OK
added_sql-4,4,2,mixed,5,2,retry,61752734,OK
added_sql-4,4,2,mixed,6,3,retry,59617088,OK
added_sql-4,4,2,mixed,0,1,retry,59867161,OK
added_sql-4,4,2,mixed,2,3,retry,57358018,OK
added_sql-4,4,2,mixed,4,1,retry,64396822,OK
added_sql-4,4,2,mixed,3,0,retry,63255275,OK
added_sql-4,4,2,mixed,7,0,retry,61725142,OK
added_sql-4,4,2,contended,5,1,put,85649593,OK
added_sql-4,4,2,contended,7,3,put,86880420,ABORTED
added_sql-4,4,2,contended,2,2,put,86920817,ABORTED
added_sql-4,4,2,contended,3,3,put,87109173,ABORTED
added_sql-4,4,2,contended,1,1,put,87361389,ABORTED
added_sql-4,4,2,contended,6,2,put,88064057,ABORTED
added_sql-4,4,2,contended,4,0,put,88065971,ABORTED
added_sql-4,4,2,contended,0,0,put,88102450,ABORTED
