payload_bytes,sharing,concurrency,pool,path,sample,worker,read,elapsed_nanos,provider_nanos
4096,disjoint,1,24,pinned,-2,0,0,48333057,36940158
4096,disjoint,1,24,pinned,-2,0,1,12046588,5761798
4096,disjoint,1,24,pinned,-2,0,2,12095730,5196929
4096,disjoint,1,24,pinned,-2,0,3,12518400,5314692
4096,disjoint,1,24,unsafe_unpinned_baseline,-2,0,0,8713366,6318071
4096,disjoint,1,24,unsafe_unpinned_baseline,-2,0,1,7819374,5527766
4096,disjoint,1,24,unsafe_unpinned_baseline,-2,0,2,6486130,4727721
4096,disjoint,1,24,unsafe_unpinned_baseline,-2,0,3,7959179,6514133
4096,disjoint,1,24,unsafe_unpinned_baseline,-1,0,0,9422419,8149188
4096,disjoint,1,24,unsafe_unpinned_baseline,-1,0,1,6014177,4517122
4096,disjoint,1,24,unsafe_unpinned_baseline,-1,0,2,6267816,5166792
4096,disjoint,1,24,unsafe_unpinned_baseline,-1,0,3,5377932,4166969
4096,disjoint,1,24,pinned,-1,0,0,11122097,5442474
4096,disjoint,1,24,pinned,-1,0,1,8170458,4772806
4096,disjoint,1,24,pinned,-1,0,2,8765756,4472207
4096,disjoint,1,24,pinned,-1,0,3,8687448,5430421
4096,disjoint,1,24,pinned,0,0,0,7405500,3725814
4096,disjoint,1,24,pinned,0,0,1,11105906,4979849
4096,disjoint,1,24,pinned,0,0,2,13019669,7772355
4096,disjoint,1,24,pinned,0,0,3,11874362,7890509
4096,disjoint,1,24,unsafe_unpinned_baseline,0,0,0,8848242,6826224
4096,disjoint,1,24,unsafe_unpinned_baseline,0,0,1,7193389,4592655
4096,disjoint,1,24,unsafe_unpinned_baseline,0,0,2,7570172,6026250
4096,disjoint,1,24,unsafe_unpinned_baseline,0,0,3,4492615,3057048
4096,disjoint,1,24,unsafe_unpinned_baseline,1,0,0,3659298,2942471
4096,disjoint,1,24,unsafe_unpinned_baseline,1,0,1,2552573,2023140
4096,disjoint,1,24,unsafe_unpinned_baseline,1,0,2,2291138,1838090
4096,disjoint,1,24,unsafe_unpinned_baseline,1,0,3,2273524,1817290
4096,disjoint,1,24,pinned,1,0,0,4440547,2068065
4096,disjoint,1,24,pinned,1,0,1,3628550,1749262
4096,disjoint,1,24,pinned,1,0,2,3888372,1967334
4096,disjoint,1,24,pinned,1,0,3,4177780,1957826
4096,disjoint,1,24,pinned,2,0,0,4917290,2783770
4096,disjoint,1,24,pinned,2,0,1,4048705,2325473
4096,disjoint,1,24,pinned,2,0,2,5201918,2339098
4096,disjoint,1,24,pinned,2,0,3,8893668,4863818
4096,disjoint,1,24,unsafe_unpinned_baseline,2,0,0,7478880,6168639
4096,disjoint,1,24,unsafe_unpinned_baseline,2,0,1,6503061,5088554
4096,disjoint,1,24,unsafe_unpinned_baseline,2,0,2,6816966,5056053
4096,disjoint,1,24,unsafe_unpinned_baseline,2,0,3,6213534,4237343
4096,disjoint,1,24,unsafe_unpinned_baseline,3,0,0,5844485,4683938
4096,disjoint,1,24,unsafe_unpinned_baseline,3,0,1,6984163,5367853
4096,disjoint,1,24,unsafe_unpinned_baseline,3,0,2,7100664,5555528
4096,disjoint,1,24,unsafe_unpinned_baseline,3,0,3,7518444,6080432
4096,disjoint,1,24,pinned,3,0,0,10940694,6005390
4096,disjoint,1,24,pinned,3,0,1,11489633,6797149
4096,disjoint,1,24,pinned,3,0,2,10762316,5326866
4096,disjoint,1,24,pinned,3,0,3,9217411,4104301
4096,disjoint,1,24,pinned,4,0,0,9570189,5863391
4096,disjoint,1,24,pinned,4,0,1,7800489,5045122
4096,disjoint,1,24,pinned,4,0,2,5176200,3436416
4096,disjoint,1,24,pinned,4,0,3,5682429,3842335
4096,disjoint,1,24,unsafe_unpinned_baseline,4,0,0,4441689,3772352
4096,disjoint,1,24,unsafe_unpinned_baseline,4,0,1,3816175,3211801
4096,disjoint,1,24,unsafe_unpinned_baseline,4,0,2,3046508,2610182
4096,disjoint,1,24,unsafe_unpinned_baseline,4,0,3,3523711,3096943
4096,disjoint,1,24,unsafe_unpinned_baseline,5,0,0,3390149,2916451
4096,disjoint,1,24,unsafe_unpinned_baseline,5,0,1,3230667,2743584
4096,disjoint,1,24,unsafe_unpinned_baseline,5,0,2,3330536,2876746
4096,disjoint,1,24,unsafe_unpinned_baseline,5,0,3,3199517,2560508
4096,disjoint,1,24,pinned,5,0,0,5410023,2810882
4096,disjoint,1,24,pinned,5,0,1,5807485,3461343
4096,disjoint,1,24,pinned,5,0,2,5898548,3637297
4096,disjoint,1,24,pinned,5,0,3,8010215,5539097
4096,disjoint,4,24,pinned,-2,0,0,6007965,3606619
4096,disjoint,4,24,pinned,-2,0,1,4420168,2513299
4096,disjoint,4,24,pinned,-2,0,2,4077189,1758028
4096,disjoint,4,24,pinned,-2,0,3,3653016,1733231
4096,disjoint,4,24,pinned,-2,1,0,11611985,3026029
4096,disjoint,4,24,pinned,-2,1,1,4141311,1714216
4096,disjoint,4,24,pinned,-2,1,2,8413850,3201721
4096,disjoint,4,24,pinned,-2,1,3,5007541,2090588
4096,disjoint,4,24,pinned,-2,2,0,14066401,3955048
4096,disjoint,4,24,pinned,-2,2,1,5027538,2390536
4096,disjoint,4,24,pinned,-2,2,2,8182381,1873627
4096,disjoint,4,24,pinned,-2,2,3,5715231,2211878
4096,disjoint,4,24,pinned,-2,3,0,8497879,2193874
4096,disjoint,4,24,pinned,-2,3,1,4819084,2525251
4096,disjoint,4,24,pinned,-2,3,2,5176811,2525962
4096,disjoint,4,24,pinned,-2,3,3,6748286,2660708
4096,disjoint,4,24,unsafe_unpinned_baseline,-2,0,0,5257724,4398287
4096,disjoint,4,24,unsafe_unpinned_baseline,-2,0,1,9691629,8435861
4096,disjoint,4,24,unsafe_unpinned_baseline,-2,0,2,8620370,6488976
4096,disjoint,4,24,unsafe_unpinned_baseline,-2,0,3,4288550,3599966
4096,disjoint,4,24,unsafe_unpinned_baseline,-2,1,0,15010418,8742171
4096,disjoint,4,24,unsafe_unpinned_baseline,-2,1,1,8680554,6926144
4096,disjoint,4,24,unsafe_unpinned_baseline,-2,1,2,6841302,5379795
4096,disjoint,4,24,unsafe_unpinned_baseline,-2,1,3,6266023,5286669
4096,disjoint,4,24,unsafe_unpinned_baseline,-2,2,0,15004377,8737513
4096,disjoint,4,24,unsafe_unpinned_baseline,-2,2,1,8707736,6953044
4096,disjoint,4,24,unsafe_unpinned_baseline,-2,2,2,5010196,3379478
4096,disjoint,4,24,unsafe_unpinned_baseline,-2,2,3,8067193,6498824
4096,disjoint,4,24,unsafe_unpinned_baseline,-2,3,0,17802044,11564465
4096,disjoint,4,24,unsafe_unpinned_baseline,-2,3,1,6382514,5551350
4096,disjoint,4,24,unsafe_unpinned_baseline,-2,3,2,4591843,3773665
4096,disjoint,4,24,unsafe_unpinned_baseline,-2,3,3,7934281,6441215
4096,disjoint,4,24,unsafe_unpinned_baseline,-1,0,0,8264547,7393047
4096,disjoint,4,24,unsafe_unpinned_baseline,-1,0,1,3395358,2811483
4096,disjoint,4,24,unsafe_unpinned_baseline,-1,0,2,5592739,5038519
4096,disjoint,4,24,unsafe_unpinned_baseline,-1,0,3,4860061,3830222
4096,disjoint,4,24,unsafe_unpinned_baseline,-1,1,0,6174139,4694448
4096,disjoint,4,24,unsafe_unpinned_baseline,-1,1,1,2947971,1773568
4096,disjoint,4,24,unsafe_unpinned_baseline,-1,1,2,4603335,4003480
4096,disjoint,4,24,unsafe_unpinned_baseline,-1,1,3,4612302,3021501
4096,disjoint,4,24,unsafe_unpinned_baseline,-1,2,0,8343295,7170636
4096,disjoint,4,24,unsafe_unpinned_baseline,-1,2,1,5280407,4655113
4096,disjoint,4,24,unsafe_unpinned_baseline,-1,2,2,4490001,3507491
4096,disjoint,4,24,unsafe_unpinned_baseline,-1,2,3,5407988,4220621
4096,disjoint,4,24,unsafe_unpinned_baseline,-1,3,0,8337756,7142092
4096,disjoint,4,24,unsafe_unpinned_baseline,-1,3,1,3787340,2756689
4096,disjoint,4,24,unsafe_unpinned_baseline,-1,3,2,5684552,4919784
4096,disjoint,4,24,unsafe_unpinned_baseline,-1,3,3,4256028,3367466
4096,disjoint,4,24,pinned,-1,0,0,5630580,2760647
4096,disjoint,4,24,pinned,-1,0,1,5601966,3086082
4096,disjoint,4,24,pinned,-1,0,2,6299907,3761872
4096,disjoint,4,24,pinned,-1,0,3,7003319,3710575
4096,disjoint,4,24,pinned,-1,1,0,8068405,4114700
4096,disjoint,4,24,pinned,-1,1,1,6682833,3498504
4096,disjoint,4,24,pinned,-1,1,2,4189973,1920596
4096,disjoint,4,24,pinned,-1,1,3,5678531,3320556
4096,disjoint,4,24,pinned,-1,2,0,5757670,2852000
4096,disjoint,4,24,pinned,-1,2,1,5460258,2018601
4096,disjoint,4,24,pinned,-1,2,2,6522609,4039548
4096,disjoint,4,24,pinned,-1,2,3,7120571,4997962
4096,disjoint,4,24,pinned,-1,3,0,9357285,4391454
4096,disjoint,4,24,pinned,-1,3,1,8540369,4969478
4096,disjoint,4,24,pinned,-1,3,2,5686616,2265348
4096,disjoint,4,24,pinned,-1,3,3,4952537,2887717
4096,disjoint,4,24,pinned,0,0,0,10004772,6636324
4096,disjoint,4,24,pinned,0,0,1,5508830,3539231
4096,disjoint,4,24,pinned,0,0,2,6933096,4931006
4096,disjoint,4,24,pinned,0,0,3,12390999,6581370
4096,disjoint,4,24,pinned,0,1,0,6867732,4480804
4096,disjoint,4,24,pinned,0,1,1,3764868,1785050
4096,disjoint,4,24,pinned,0,1,2,4837619,2891435
4096,disjoint,4,24,pinned,0,1,3,5073285,3465381
4096,disjoint,4,24,pinned,0,2,0,5438166,3400338
4096,disjoint,4,24,pinned,0,2,1,4509267,1795760
4096,disjoint,4,24,pinned,0,2,2,4838010,2897596
4096,disjoint,4,24,pinned,0,2,3,7330829,5270308
4096,disjoint,4,24,pinned,0,3,0,7438553,5256131
4096,disjoint,4,24,pinned,0,3,1,4311513,2500064
4096,disjoint,4,24,pinned,0,3,2,12691889,8240772
4096,disjoint,4,24,pinned,0,3,3,10160737,6137861
4096,disjoint,4,24,unsafe_unpinned_baseline,0,0,0,9504094,8479864
4096,disjoint,4,24,unsafe_unpinned_baseline,0,0,1,7351398,6279098
4096,disjoint,4,24,unsafe_unpinned_baseline,0,0,2,7190644,6085401
4096,disjoint,4,24,unsafe_unpinned_baseline,0,0,3,5979841,4420199
4096,disjoint,4,24,unsafe_unpinned_baseline,0,1,0,8820700,8052876
4096,disjoint,4,24,unsafe_unpinned_baseline,0,1,1,6922756,6410357
4096,disjoint,4,24,unsafe_unpinned_baseline,0,1,2,8576788,7426650
4096,disjoint,4,24,unsafe_unpinned_baseline,0,1,3,5669775,5103192
4096,disjoint,4,24,unsafe_unpinned_baseline,0,2,0,8809799,7814815
4096,disjoint,4,24,unsafe_unpinned_baseline,0,2,1,4168612,3231097
4096,disjoint,4,24,unsafe_unpinned_baseline,0,2,2,4434336,3770859
4096,disjoint,4,24,unsafe_unpinned_baseline,0,2,3,6900615,5865906
4096,disjoint,4,24,unsafe_unpinned_baseline,0,3,0,8719137,7619636
4096,disjoint,4,24,unsafe_unpinned_baseline,0,3,1,6440143,5472701
4096,disjoint,4,24,unsafe_unpinned_baseline,0,3,2,3444662,2456751
4096,disjoint,4,24,unsafe_unpinned_baseline,0,3,3,6263449,5571408
4096,disjoint,4,24,unsafe_unpinned_baseline,1,0,0,9584817,8279345
4096,disjoint,4,24,unsafe_unpinned_baseline,1,0,1,6701878,6015499
4096,disjoint,4,24,unsafe_unpinned_baseline,1,0,2,4757678,4316111
4096,disjoint,4,24,unsafe_unpinned_baseline,1,0,3,5268655,4879558
4096,disjoint,4,24,unsafe_unpinned_baseline,1,1,0,6374077,5336072
4096,disjoint,4,24,unsafe_unpinned_baseline,1,1,1,4320630,3474578
4096,disjoint,4,24,unsafe_unpinned_baseline,1,1,2,6241697,4855202
4096,disjoint,4,24,unsafe_unpinned_baseline,1,1,3,4935244,4065637
4096,disjoint,4,24,unsafe_unpinned_baseline,1,2,0,8675174,8146043
4096,disjoint,4,24,unsafe_unpinned_baseline,1,2,1,6516637,4935764
4096,disjoint,4,24,unsafe_unpinned_baseline,1,2,2,7170806,6282384
4096,disjoint,4,24,unsafe_unpinned_baseline,1,2,3,4105704,3668606
4096,disjoint,4,24,unsafe_unpinned_baseline,1,3,0,4544975,4041862
4096,disjoint,4,24,unsafe_unpinned_baseline,1,3,1,5169256,4150368
4096,disjoint,4,24,unsafe_unpinned_baseline,1,3,2,7276225,6691118
4096,disjoint,4,24,unsafe_unpinned_baseline,1,3,3,6681109,5715551
4096,disjoint,4,24,pinned,1,0,0,10469752,6967462
4096,disjoint,4,24,pinned,1,0,1,9408794,7195202
4096,disjoint,4,24,pinned,1,0,2,8726631,6003497
4096,disjoint,4,24,pinned,1,0,3,6580829,4583879
4096,disjoint,4,24,pinned,1,1,0,11940696,8776577
4096,disjoint,4,24,pinned,1,1,1,8710682,6677041
4096,disjoint,4,24,pinned,1,1,2,5788118,2643736
4096,disjoint,4,24,pinned,1,1,3,7819604,5045813
4096,disjoint,4,24,pinned,1,2,0,11360629,7682355
4096,disjoint,4,24,pinned,1,2,1,7101825,5158817
4096,disjoint,4,24,pinned,1,2,2,6075242,2805972
4096,disjoint,4,24,pinned,1,2,3,7148855,3805485
4096,disjoint,4,24,pinned,1,3,0,12440413,9123834
4096,disjoint,4,24,pinned,1,3,1,8252735,4652188
4096,disjoint,4,24,pinned,1,3,2,7471235,5162014
4096,disjoint,4,24,pinned,1,3,3,7020181,4911469
4096,disjoint,4,24,pinned,2,0,0,8394573,5495234
4096,disjoint,4,24,pinned,2,0,1,8299654,3593584
4096,disjoint,4,24,pinned,2,0,2,9651222,7306904
4096,disjoint,4,24,pinned,2,0,3,11298480,7054967
4096,disjoint,4,24,pinned,2,1,0,8321345,6174991
4096,disjoint,4,24,pinned,2,1,1,7531740,3971930
4096,disjoint,4,24,pinned,2,1,2,12446274,8879391
4096,disjoint,4,24,pinned,2,1,3,9142038,6503854
4096,disjoint,4,24,pinned,2,2,0,7018217,4412815
4096,disjoint,4,24,pinned,2,2,1,8847030,4803614
4096,disjoint,4,24,pinned,2,2,2,10474711,8118420
4096,disjoint,4,24,pinned,2,2,3,10966723,7410881
4096,disjoint,4,24,pinned,2,3,0,8133078,5464386
4096,disjoint,4,24,pinned,2,3,1,7792253,4100633
4096,disjoint,4,24,pinned,2,3,2,10063713,6647295
4096,disjoint,4,24,pinned,2,3,3,11460538,7901259
4096,disjoint,4,24,unsafe_unpinned_baseline,2,0,0,5983048,5499271
4096,disjoint,4,24,unsafe_unpinned_baseline,2,0,1,5357804,4872675
4096,disjoint,4,24,unsafe_unpinned_baseline,2,0,2,7925615,6510856
4096,disjoint,4,24,unsafe_unpinned_baseline,2,0,3,5258276,4692654
4096,disjoint,4,24,unsafe_unpinned_baseline,2,1,0,7333444,6382835
4096,disjoint,4,24,unsafe_unpinned_baseline,2,1,1,4063042,3627016
4096,disjoint,4,24,unsafe_unpinned_baseline,2,1,2,6770168,5760045
4096,disjoint,4,24,unsafe_unpinned_baseline,2,1,3,5098352,4649403
4096,disjoint,4,24,unsafe_unpinned_baseline,2,2,0,9872331,9404065
4096,disjoint,4,24,unsafe_unpinned_baseline,2,2,1,4463150,4039999
4096,disjoint,4,24,unsafe_unpinned_baseline,2,2,2,5624088,5222808
4096,disjoint,4,24,unsafe_unpinned_baseline,2,2,3,4605409,4243875
4096,disjoint,4,24,unsafe_unpinned_baseline,2,3,0,8277211,7346529
4096,disjoint,4,24,unsafe_unpinned_baseline,2,3,1,4376095,3964797
4096,disjoint,4,24,unsafe_unpinned_baseline,2,3,2,6847685,6205358
4096,disjoint,4,24,unsafe_unpinned_baseline,2,3,3,5075008,4555104
4096,disjoint,4,24,unsafe_unpinned_baseline,3,0,0,6636936,6195360
4096,disjoint,4,24,unsafe_unpinned_baseline,3,0,1,3912037,3461023
4096,disjoint,4,24,unsafe_unpinned_baseline,3,0,2,6556012,5435741
4096,disjoint,4,24,unsafe_unpinned_baseline,3,0,3,8060521,7345136
4096,disjoint,4,24,unsafe_unpinned_baseline,3,1,0,6615385,6192023
4096,disjoint,4,24,unsafe_unpinned_baseline,3,1,1,7888755,7377287
4096,disjoint,4,24,unsafe_unpinned_baseline,3,1,2,4004381,2751790
4096,disjoint,4,24,unsafe_unpinned_baseline,3,1,3,5698739,5187732
4096,disjoint,4,24,unsafe_unpinned_baseline,3,2,0,6941613,5931450
4096,disjoint,4,24,unsafe_unpinned_baseline,3,2,1,8834676,8288533
4096,disjoint,4,24,unsafe_unpinned_baseline,3,2,2,8789821,7415610
4096,disjoint,4,24,unsafe_unpinned_baseline,3,2,3,4270205,3819371
4096,disjoint,4,24,unsafe_unpinned_baseline,3,3,0,6528490,5619599
4096,disjoint,4,24,unsafe_unpinned_baseline,3,3,1,6035597,5528607
4096,disjoint,4,24,unsafe_unpinned_baseline,3,3,2,4440707,3373006
4096,disjoint,4,24,unsafe_unpinned_baseline,3,3,3,6460651,5798588
4096,disjoint,4,24,pinned,3,0,0,9999041,6955008
4096,disjoint,4,24,pinned,3,0,1,9385620,6930061
4096,disjoint,4,24,pinned,3,0,2,5788740,4050589
4096,disjoint,4,24,pinned,3,0,3,5255230,3546555
4096,disjoint,4,24,pinned,3,1,0,10128646,7636107
4096,disjoint,4,24,pinned,3,1,1,8272943,6569538
4096,disjoint,4,24,pinned,3,1,2,6289768,4550946
4096,disjoint,4,24,pinned,3,1,3,5716252,4026413
4096,disjoint,4,24,pinned,3,2,0,9744789,7241550
4096,disjoint,4,24,pinned,3,2,1,9590968,7185805
4096,disjoint,4,24,pinned,3,2,2,5979530,4107927
4096,disjoint,4,24,pinned,3,2,3,5080650,3558808
4096,disjoint,4,24,pinned,3,3,0,10130930,7202436
4096,disjoint,4,24,pinned,3,3,1,6384197,3975737
4096,disjoint,4,24,pinned,3,3,2,4108538,2247515
4096,disjoint,4,24,pinned,3,3,3,4842679,2589042
4096,disjoint,4,24,pinned,4,0,0,7304559,4685150
4096,disjoint,4,24,pinned,4,0,1,6131649,3570419
4096,disjoint,4,24,pinned,4,0,2,5633966,2503269
4096,disjoint,4,24,pinned,4,0,3,5608579,3405758
4096,disjoint,4,24,pinned,4,1,0,9643418,6847674
4096,disjoint,4,24,pinned,4,1,1,5696265,4065467
4096,disjoint,4,24,pinned,4,1,2,7634053,5318048
4096,disjoint,4,24,pinned,4,1,3,5943412,3710605
4096,disjoint,4,24,pinned,4,2,0,7719905,5724287
4096,disjoint,4,24,pinned,4,2,1,7982263,5512397
4096,disjoint,4,24,pinned,4,2,2,7243784,4786632
4096,disjoint,4,24,pinned,4,2,3,6571711,4584119
4096,disjoint,4,24,pinned,4,3,0,7731017,5718226
4096,disjoint,4,24,pinned,4,3,1,7848450,6047880
4096,disjoint,4,24,pinned,4,3,2,7370124,4585351
4096,disjoint,4,24,pinned,4,3,3,6469168,4410369
4096,disjoint,4,24,unsafe_unpinned_baseline,4,0,0,6398143,5685184
4096,disjoint,4,24,unsafe_unpinned_baseline,4,0,1,6318592,5676066
4096,disjoint,4,24,unsafe_unpinned_baseline,4,0,2,3688423,3041609
4096,disjoint,4,24,unsafe_unpinned_baseline,4,0,3,3215638,2510914
4096,disjoint,4,24,unsafe_unpinned_baseline,4,1,0,5860515,5331083
4096,disjoint,4,24,unsafe_unpinned_baseline,4,1,1,3974545,3239744
4096,disjoint,4,24,unsafe_unpinned_baseline,4,1,2,3611227,2538647
4096,disjoint,4,24,unsafe_unpinned_baseline,4,1,3,4572287,3972030
4096,disjoint,4,24,unsafe_unpinned_baseline,4,2,0,5836510,5376098
4096,disjoint,4,24,unsafe_unpinned_baseline,4,2,1,7447560,6928778
4096,disjoint,4,24,unsafe_unpinned_baseline,4,2,2,5634929,4993584
4096,disjoint,4,24,unsafe_unpinned_baseline,4,2,3,3238030,2559646
4096,disjoint,4,24,unsafe_unpinned_baseline,4,3,0,5867028,5340922
4096,disjoint,4,24,unsafe_unpinned_baseline,4,3,1,7615338,6743768
4096,disjoint,4,24,unsafe_unpinned_baseline,4,3,2,5941850,5333969
4096,disjoint,4,24,unsafe_unpinned_baseline,4,3,3,3006903,2487971
4096,disjoint,4,24,unsafe_unpinned_baseline,5,0,0,4315541,3447046
4096,disjoint,4,24,unsafe_unpinned_baseline,5,0,1,3422009,3057529
4096,disjoint,4,24,unsafe_unpinned_baseline,5,0,2,2453535,1951715
4096,disjoint,4,24,unsafe_unpinned_baseline,5,0,3,5336895,4915887
4096,disjoint,4,24,unsafe_unpinned_baseline,5,1,0,3780077,2938374
4096,disjoint,4,24,unsafe_unpinned_baseline,5,1,1,5537814,5125524
4096,disjoint,4,24,unsafe_unpinned_baseline,5,1,2,2186820,1871273
4096,disjoint,4,24,unsafe_unpinned_baseline,5,1,3,4498526,4196435
4096,disjoint,4,24,unsafe_unpinned_baseline,5,2,0,6008396,5157555
4096,disjoint,4,24,unsafe_unpinned_baseline,5,2,1,4242372,3896206
4096,disjoint,4,24,unsafe_unpinned_baseline,5,2,2,4319227,3988572
4096,disjoint,4,24,unsafe_unpinned_baseline,5,2,3,2261852,1918352
4096,disjoint,4,24,unsafe_unpinned_baseline,5,3,0,7968416,7133376
4096,disjoint,4,24,unsafe_unpinned_baseline,5,3,1,6769296,6147568
4096,disjoint,4,24,unsafe_unpinned_baseline,5,3,2,3050826,2729958
4096,disjoint,4,24,unsafe_unpinned_baseline,5,3,3,2578532,2174447
4096,disjoint,4,24,pinned,5,0,0,11382229,7946755
4096,disjoint,4,24,pinned,5,0,1,6165243,3899102
4096,disjoint,4,24,pinned,5,0,2,8422115,4477447
4096,disjoint,4,24,pinned,5,0,3,5981265,4221643
4096,disjoint,4,24,pinned,5,1,0,10968015,7885359
4096,disjoint,4,24,pinned,5,1,1,6401369,3957121
4096,disjoint,4,24,pinned,5,1,2,8673281,6655941
4096,disjoint,4,24,pinned,5,1,3,6030668,4510971
4096,disjoint,4,24,pinned,5,2,0,10985889,7822630
4096,disjoint,4,24,pinned,5,2,1,7067831,5155310
4096,disjoint,4,24,pinned,5,2,2,7612883,4365064
4096,disjoint,4,24,pinned,5,2,3,6201582,4296164
4096,disjoint,4,24,pinned,5,3,0,11233348,7742960
4096,disjoint,4,24,pinned,5,3,1,8976766,5266621
4096,disjoint,4,24,pinned,5,3,2,5674463,3968123
4096,disjoint,4,24,pinned,5,3,3,5081350,3342929
4096,disjoint,16,24,pinned,-2,0,0,10232512,6013305
4096,disjoint,16,24,pinned,-2,0,1,20231854,17557070
4096,disjoint,16,24,pinned,-2,0,2,17287250,14969261
4096,disjoint,16,24,pinned,-2,0,3,16962945,14402658
4096,disjoint,16,24,pinned,-2,1,0,10238203,6545752
4096,disjoint,16,24,pinned,-2,1,1,20510923,17719388
4096,disjoint,16,24,pinned,-2,1,2,16820545,14139029
4096,disjoint,16,24,pinned,-2,1,3,17100866,14565997
4096,disjoint,16,24,pinned,-2,2,0,38908925,27657302
4096,disjoint,16,24,pinned,-2,2,1,22243643,19585050
4096,disjoint,16,24,pinned,-2,2,2,16914354,13062912
4096,disjoint,16,24,pinned,-2,2,3,9033203,6992077
4096,disjoint,16,24,pinned,-2,3,0,10889076,6907958
4096,disjoint,16,24,pinned,-2,3,1,33851269,31768656
4096,disjoint,16,24,pinned,-2,3,2,29544977,27849657
4096,disjoint,16,24,pinned,-2,3,3,8750818,7016514
4096,disjoint,16,24,pinned,-2,4,0,31676662,19723492
4096,disjoint,16,24,pinned,-2,4,1,20331933,17152074
4096,disjoint,16,24,pinned,-2,4,2,25952965,20671487
4096,disjoint,16,24,pinned,-2,4,3,8945806,6740251
4096,disjoint,16,24,pinned,-2,5,0,18605846,6980987
4096,disjoint,16,24,pinned,-2,5,1,24331055,20979740
4096,disjoint,16,24,pinned,-2,5,2,18784494,14117378
4096,disjoint,16,24,pinned,-2,5,3,16216011,12228071
4096,disjoint,16,24,pinned,-2,6,0,18426977,8576587
4096,disjoint,16,24,pinned,-2,6,1,23942820,21010598
4096,disjoint,16,24,pinned,-2,6,2,18598862,14782207
4096,disjoint,16,24,pinned,-2,6,3,16340687,13247602
4096,disjoint,16,24,pinned,-2,7,0,10165185,6664057
4096,disjoint,16,24,pinned,-2,7,1,20603608,17377870
4096,disjoint,16,24,pinned,-2,7,2,16702753,14888467
4096,disjoint,16,24,pinned,-2,7,3,15917115,13676263
4096,disjoint,16,24,pinned,-2,8,0,17363714,7088210
4096,disjoint,16,24,pinned,-2,8,1,25202164,22387235
4096,disjoint,16,24,pinned,-2,8,2,18795685,13914554
4096,disjoint,16,24,pinned,-2,8,3,16572036,14167634
4096,disjoint,16,24,pinned,-2,9,0,19190512,9762523
4096,disjoint,16,24,pinned,-2,9,1,23262362,20437854
4096,disjoint,16,24,pinned,-2,9,2,29696303,25483747
4096,disjoint,16,24,pinned,-2,9,3,12638058,10092839
4096,disjoint,16,24,pinned,-2,10,0,31819833,19444804
4096,disjoint,16,24,pinned,-2,10,1,30582751,27163898
4096,disjoint,16,24,pinned,-2,10,2,23675534,19811148
4096,disjoint,16,24,pinned,-2,10,3,3474938,1535607
4096,disjoint,16,24,pinned,-2,11,0,38945063,28475532
4096,disjoint,16,24,pinned,-2,11,1,20193652,16900607
4096,disjoint,16,24,pinned,-2,11,2,12350332,8022900
4096,disjoint,16,24,pinned,-2,11,3,12241797,8758512
4096,disjoint,16,24,pinned,-2,12,0,17132546,7014110
4096,disjoint,16,24,pinned,-2,12,1,24503922,21563405
4096,disjoint,16,24,pinned,-2,12,2,19359293,15000149
4096,disjoint,16,24,pinned,-2,12,3,16840113,13651826
4096,disjoint,16,24,pinned,-2,13,0,30624741,19943588
4096,disjoint,16,24,pinned,-2,13,1,16940443,14127156
4096,disjoint,16,24,pinned,-2,13,2,18785435,14451430
4096,disjoint,16,24,pinned,-2,13,3,16711951,14745647
4096,disjoint,16,24,pinned,-2,14,0,20171600,10603355
4096,disjoint,16,24,pinned,-2,14,1,30968782,27938925
4096,disjoint,16,24,pinned,-2,14,2,27772571,22417282
4096,disjoint,16,24,pinned,-2,14,3,8057014,5971385
4096,disjoint,16,24,pinned,-2,15,0,30549278,17742842
4096,disjoint,16,24,pinned,-2,15,1,17829116,15271783
4096,disjoint,16,24,pinned,-2,15,2,17816351,14290776
4096,disjoint,16,24,pinned,-2,15,3,16819053,14884360
4096,disjoint,16,24,unsafe_unpinned_baseline,-2,0,0,28688635,20902003
4096,disjoint,16,24,unsafe_unpinned_baseline,-2,0,1,27267344,26318377
4096,disjoint,16,24,unsafe_unpinned_baseline,-2,0,2,8570456,7679700
4096,disjoint,16,24,unsafe_unpinned_baseline,-2,0,3,5431453,4852978
4096,disjoint,16,24,unsafe_unpinned_baseline,-2,1,0,6793693,5647943
4096,disjoint,16,24,unsafe_unpinned_baseline,-2,1,1,21134863,19504256
4096,disjoint,16,24,unsafe_unpinned_baseline,-2,1,2,9277835,8535811
4096,disjoint,16,24,unsafe_unpinned_baseline,-2,1,3,23475335,23167332
4096,disjoint,16,24,unsafe_unpinned_baseline,-2,2,0,8675415,7465464
4096,disjoint,16,24,unsafe_unpinned_baseline,-2,2,1,19566595,19061298
4096,disjoint,16,24,unsafe_unpinned_baseline,-2,2,2,20140462,19430477
4096,disjoint,16,24,unsafe_unpinned_baseline,-2,2,3,10243002,9903380
4096,disjoint,16,24,unsafe_unpinned_baseline,-2,3,0,28044976,19470853
4096,disjoint,16,24,unsafe_unpinned_baseline,-2,3,1,23210293,22293487
4096,disjoint,16,24,unsafe_unpinned_baseline,-2,3,2,8322576,7270144
4096,disjoint,16,24,unsafe_unpinned_baseline,-2,3,3,5846379,5188103
4096,disjoint,16,24,unsafe_unpinned_baseline,-2,4,0,15008886,6643548
4096,disjoint,16,24,unsafe_unpinned_baseline,-2,4,1,12905574,12159752
4096,disjoint,16,24,unsafe_unpinned_baseline,-2,4,2,7122986,6250595
4096,disjoint,16,24,unsafe_unpinned_baseline,-2,4,3,18794212,18395548
4096,disjoint,16,24,unsafe_unpinned_baseline,-2,5,0,28295882,20993596
4096,disjoint,16,24,unsafe_unpinned_baseline,-2,5,1,27249200,26290124
4096,disjoint,16,24,unsafe_unpinned_baseline,-2,5,2,6810274,5733395
4096,disjoint,16,24,unsafe_unpinned_baseline,-2,5,3,9315076,8251422
4096,disjoint,16,24,unsafe_unpinned_baseline,-2,6,0,4397996,3246637
4096,disjoint,16,24,unsafe_unpinned_baseline,-2,6,1,4009812,3516147
4096,disjoint,16,24,unsafe_unpinned_baseline,-2,6,2,20228468,19699516
4096,disjoint,16,24,unsafe_unpinned_baseline,-2,6,3,28520377,27423260
4096,disjoint,16,24,unsafe_unpinned_baseline,-2,7,0,9914341,3128974
4096,disjoint,16,24,unsafe_unpinned_baseline,-2,7,1,7300762,6741504
4096,disjoint,16,24,unsafe_unpinned_baseline,-2,7,2,11302128,10742438
4096,disjoint,16,24,unsafe_unpinned_baseline,-2,7,3,27414653,26532373
4096,disjoint,16,24,unsafe_unpinned_baseline,-2,8,0,27788952,20696443
4096,disjoint,16,24,unsafe_unpinned_baseline,-2,8,1,9352196,8488421
4096,disjoint,16,24,unsafe_unpinned_baseline,-2,8,2,23445388,22952876
4096,disjoint,16,24,unsafe_unpinned_baseline,-2,8,3,6634140,5936369
4096,disjoint,16,24,unsafe_unpinned_baseline,-2,9,0,8372561,7265896
4096,disjoint,16,24,unsafe_unpinned_baseline,-2,9,1,19663768,19060506
4096,disjoint,16,24,unsafe_unpinned_baseline,-2,9,2,6663556,6117001
4096,disjoint,16,24,unsafe_unpinned_baseline,-2,9,3,19185483,18833887
4096,disjoint,16,24,unsafe_unpinned_baseline,-2,10,0,27874805,22542298
4096,disjoint,16,24,unsafe_unpinned_baseline,-2,10,1,9321147,8488782
4096,disjoint,16,24,unsafe_unpinned_baseline,-2,10,2,23480255,23001438
4096,disjoint,16,24,unsafe_unpinned_baseline,-2,10,3,10429535,8904459
4096,disjoint,16,24,unsafe_unpinned_baseline,-2,11,0,25700788,18276191
4096,disjoint,16,24,unsafe_unpinned_baseline,-2,11,1,18249361,17333416
4096,disjoint,16,24,unsafe_unpinned_baseline,-2,11,2,16749732,16228074
4096,disjoint,16,24,unsafe_unpinned_baseline,-2,11,3,7597735,6638097
4096,disjoint,16,24,unsafe_unpinned_baseline,-2,12,0,27979873,19564651
4096,disjoint,16,24,unsafe_unpinned_baseline,-2,12,1,23459405,22517592
4096,disjoint,16,24,unsafe_unpinned_baseline,-2,12,2,9852564,8775965
4096,disjoint,16,24,unsafe_unpinned_baseline,-2,12,3,9088005,8286739
4096,disjoint,16,24,unsafe_unpinned_baseline,-2,13,0,25693534,18484947
4096,disjoint,16,24,unsafe_unpinned_baseline,-2,13,1,5802225,5129001
4096,disjoint,16,24,unsafe_unpinned_baseline,-2,13,2,15389957,14978648
4096,disjoint,16,24,unsafe_unpinned_baseline,-2,13,3,11221485,10793144
4096,disjoint,16,24,unsafe_unpinned_baseline,-2,14,0,15118333,8306116
4096,disjoint,16,24,unsafe_unpinned_baseline,-2,14,1,12097193,11544878
4096,disjoint,16,24,unsafe_unpinned_baseline,-2,14,2,3909432,3489316
4096,disjoint,16,24,unsafe_unpinned_baseline,-2,14,3,15724070,15210187
4096,disjoint,16,24,unsafe_unpinned_baseline,-2,15,0,28552487,21645200
4096,disjoint,16,24,unsafe_unpinned_baseline,-2,15,1,28556165,27595495
4096,disjoint,16,24,unsafe_unpinned_baseline,-2,15,2,7515720,6427359
4096,disjoint,16,24,unsafe_unpinned_baseline,-2,15,3,7130710,5906844
4096,disjoint,16,24,unsafe_unpinned_baseline,-1,0,0,9658215,7643201
4096,disjoint,16,24,unsafe_unpinned_baseline,-1,0,1,15307631,14418418
4096,disjoint,16,24,unsafe_unpinned_baseline,-1,0,2,17820829,17290797
4096,disjoint,16,24,unsafe_unpinned_baseline,-1,0,3,18452034,17928924
4096,disjoint,16,24,unsafe_unpinned_baseline,-1,1,0,21587341,20242004
4096,disjoint,16,24,unsafe_unpinned_baseline,-1,1,1,24975075,24264910
4096,disjoint,16,24,unsafe_unpinned_baseline,-1,1,2,23070188,22497524
4096,disjoint,16,24,unsafe_unpinned_baseline,-1,1,3,6854928,6415416
4096,disjoint,16,24,unsafe_unpinned_baseline,-1,2,0,21571240,20239709
4096,disjoint,16,24,unsafe_unpinned_baseline,-1,2,1,25041991,24266573
4096,disjoint,16,24,unsafe_unpinned_baseline,-1,2,2,21341575,20837110
4096,disjoint,16,24,unsafe_unpinned_baseline,-1,2,3,8186930,7142422
4096,disjoint,16,24,unsafe_unpinned_baseline,-1,3,0,41887233,39812316
4096,disjoint,16,24,unsafe_unpinned_baseline,-1,3,1,15293605,14742191
4096,disjoint,16,24,unsafe_unpinned_baseline,-1,3,2,11036465,10513685
4096,disjoint,16,24,unsafe_unpinned_baseline,-1,3,3,6737747,6223873
4096,disjoint,16,24,unsafe_unpinned_baseline,-1,4,0,20857488,19581523
4096,disjoint,16,24,unsafe_unpinned_baseline,-1,4,1,16455454,15612348
4096,disjoint,16,24,unsafe_unpinned_baseline,-1,4,2,14270708,13498747
4096,disjoint,16,24,unsafe_unpinned_baseline,-1,4,3,15461824,14836639
4096,disjoint,16,24,unsafe_unpinned_baseline,-1,5,0,17253816,16005623
4096,disjoint,16,24,unsafe_unpinned_baseline,-1,5,1,20330611,19787102
4096,disjoint,16,24,unsafe_unpinned_baseline,-1,5,2,29603226,28844690
4096,disjoint,16,24,unsafe_unpinned_baseline,-1,5,3,8184245,7804496
4096,disjoint,16,24,unsafe_unpinned_baseline,-1,6,0,21476841,19438813
4096,disjoint,16,24,unsafe_unpinned_baseline,-1,6,1,15795796,14903045
4096,disjoint,16,24,unsafe_unpinned_baseline,-1,6,2,14970974,14046224
4096,disjoint,16,24,unsafe_unpinned_baseline,-1,6,3,14140682,13454072
4096,disjoint,16,24,unsafe_unpinned_baseline,-1,7,0,17488330,16432411
4096,disjoint,16,24,unsafe_unpinned_baseline,-1,7,1,20852088,19765671
4096,disjoint,16,24,unsafe_unpinned_baseline,-1,7,2,29368883,28553169
4096,disjoint,16,24,unsafe_unpinned_baseline,-1,7,3,5561890,4661315
4096,disjoint,16,24,unsafe_unpinned_baseline,-1,8,0,21035786,19837909
4096,disjoint,16,24,unsafe_unpinned_baseline,-1,8,1,16222804,15619883
4096,disjoint,16,24,unsafe_unpinned_baseline,-1,8,2,14013321,13257089
4096,disjoint,16,24,unsafe_unpinned_baseline,-1,8,3,15655049,15171443
4096,disjoint,16,24,unsafe_unpinned_baseline,-1,9,0,21391911,18710745
4096,disjoint,16,24,unsafe_unpinned_baseline,-1,9,1,24217190,23240390
4096,disjoint,16,24,unsafe_unpinned_baseline,-1,9,2,21401629,20446571
4096,disjoint,16,24,unsafe_unpinned_baseline,-1,9,3,8857229,8368704
4096,disjoint,16,24,unsafe_unpinned_baseline,-1,10,0,19579810,17733314
4096,disjoint,16,24,unsafe_unpinned_baseline,-1,10,1,17519579,16031962
4096,disjoint,16,24,unsafe_unpinned_baseline,-1,10,2,12282484,11497578
4096,disjoint,16,24,unsafe_unpinned_baseline,-1,10,3,16470503,15914690
4096,disjoint,16,24,unsafe_unpinned_baseline,-1,11,0,29346210,27525883
4096,disjoint,16,24,unsafe_unpinned_baseline,-1,11,1,14989760,14344778
4096,disjoint,16,24,unsafe_unpinned_baseline,-1,11,2,14369736,13837528
4096,disjoint,16,24,unsafe_unpinned_baseline,-1,11,3,9425144,8976164
4096,disjoint,16,24,unsafe_unpinned_baseline,-1,12,0,9489756,7613995
4096,disjoint,16,24,unsafe_unpinned_baseline,-1,12,1,15488904,14700782
4096,disjoint,16,24,unsafe_unpinned_baseline,-1,12,2,17674612,17043007
4096,disjoint,16,24,unsafe_unpinned_baseline,-1,12,3,14424308,13943438
4096,disjoint,16,24,unsafe_unpinned_baseline,-1,13,0,39704571,37914953
4096,disjoint,16,24,unsafe_unpinned_baseline,-1,13,1,12966930,11995140
4096,disjoint,16,24,unsafe_unpinned_baseline,-1,13,2,12462836,11101578
4096,disjoint,16,24,unsafe_unpinned_baseline,-1,13,3,5021397,4505730
4096,disjoint,16,24,unsafe_unpinned_baseline,-1,14,0,20850756,19147992
4096,disjoint,16,24,unsafe_unpinned_baseline,-1,14,1,16202575,15221589
4096,disjoint,16,24,unsafe_unpinned_baseline,-1,14,2,12984383,12200159
4096,disjoint,16,24,unsafe_unpinned_baseline,-1,14,3,15926523,15419323
4096,disjoint,16,24,unsafe_unpinned_baseline,-1,15,0,9270692,7577516
4096,disjoint,16,24,unsafe_unpinned_baseline,-1,15,1,15856080,15182815
4096,disjoint,16,24,unsafe_unpinned_baseline,-1,15,2,17451851,16611310
4096,disjoint,16,24,unsafe_unpinned_baseline,-1,15,3,15045746,14433927
4096,disjoint,16,24,pinned,-1,0,0,14612385,9967832
4096,disjoint,16,24,pinned,-1,0,1,18678724,16065265
4096,disjoint,16,24,pinned,-1,0,2,24166674,21768744
4096,disjoint,16,24,pinned,-1,0,3,11216386,9739990
4096,disjoint,16,24,pinned,-1,1,0,29123989,24818308
4096,disjoint,16,24,pinned,-1,1,1,32279624,28471554
4096,disjoint,16,24,pinned,-1,1,2,13826137,11136825
4096,disjoint,16,24,pinned,-1,1,3,8338577,4150248
4096,disjoint,16,24,pinned,-1,2,0,12497971,7532030
4096,disjoint,16,24,pinned,-1,2,1,17096970,13828040
4096,disjoint,16,24,pinned,-1,2,2,14778690,11408760
4096,disjoint,16,24,pinned,-1,2,3,22576633,20566758
4096,disjoint,16,24,pinned,-1,3,0,31566023,26048867
4096,disjoint,16,24,pinned,-1,3,1,21632616,19232242
4096,disjoint,16,24,pinned,-1,3,2,8804308,7110042
4096,disjoint,16,24,pinned,-1,3,3,15402932,13474430
4096,disjoint,16,24,pinned,-1,4,0,29213689,24015558
4096,disjoint,16,24,pinned,-1,4,1,11210795,8098082
4096,disjoint,16,24,pinned,-1,4,2,16077609,14007810
4096,disjoint,16,24,pinned,-1,4,3,11241923,9349601
4096,disjoint,16,24,pinned,-1,5,0,32425731,27279768
4096,disjoint,16,24,pinned,-1,5,1,29026775,26446781
4096,disjoint,16,24,pinned,-1,5,2,13997311,11511434
4096,disjoint,16,24,pinned,-1,5,3,9002844,5112690
4096,disjoint,16,24,pinned,-1,6,0,32475935,27843335
4096,disjoint,16,24,pinned,-1,6,1,28810565,26457401
4096,disjoint,16,24,pinned,-1,6,2,12509674,10815076
4096,disjoint,16,24,pinned,-1,6,3,5899389,3530485
4096,disjoint,16,24,pinned,-1,7,0,12526386,8272151
4096,disjoint,16,24,pinned,-1,7,1,18324423,14692207
4096,disjoint,16,24,pinned,-1,7,2,26499340,23870823
4096,disjoint,16,24,pinned,-1,7,3,13400921,9856631
4096,disjoint,16,24,pinned,-1,8,0,14358003,9638107
4096,disjoint,16,24,pinned,-1,8,1,19922558,17137335
4096,disjoint,16,24,pinned,-1,8,2,26968659,24651802
4096,disjoint,16,24,pinned,-1,8,3,15013394,11097180
4096,disjoint,16,24,pinned,-1,9,0,29123438,24198194
4096,disjoint,16,24,pinned,-1,9,1,13876962,10480472
4096,disjoint,16,24,pinned,-1,9,2,23223899,21609252
4096,disjoint,16,24,pinned,-1,9,3,11168726,9468526
4096,disjoint,16,24,pinned,-1,10,0,12449871,7536298
4096,disjoint,16,24,pinned,-1,10,1,17116877,14159989
4096,disjoint,16,24,pinned,-1,10,2,11223779,7760813
4096,disjoint,16,24,pinned,-1,10,3,14493670,12662563
4096,disjoint,16,24,pinned,-1,11,0,29024631,23616813
4096,disjoint,16,24,pinned,-1,11,1,28168881,25327282
4096,disjoint,16,24,pinned,-1,11,2,10125079,8722163
4096,disjoint,16,24,pinned,-1,11,3,9988150,7707723
4096,disjoint,16,24,pinned,-1,12,0,29034300,23958339
4096,disjoint,16,24,pinned,-1,12,1,11259818,7797252
4096,disjoint,16,24,pinned,-1,12,2,16574059,13933590
4096,disjoint,16,24,pinned,-1,12,3,11651609,10135268
4096,disjoint,16,24,pinned,-1,13,0,12374859,6893972
4096,disjoint,16,24,pinned,-1,13,1,17053417,13847407
4096,disjoint,16,24,pinned,-1,13,2,12443208,9407290
4096,disjoint,16,24,pinned,-1,13,3,18334161,16590180
4096,disjoint,16,24,pinned,-1,14,0,12351885,8127297
4096,disjoint,16,24,pinned,-1,14,1,18349460,14571398
4096,disjoint,16,24,pinned,-1,14,2,29871915,27308612
4096,disjoint,16,24,pinned,-1,14,3,12118855,10548100
4096,disjoint,16,24,pinned,-1,15,0,29130472,23664543
4096,disjoint,16,24,pinned,-1,15,1,32095655,29011697
4096,disjoint,16,24,pinned,-1,15,2,16168341,13628543
4096,disjoint,16,24,pinned,-1,15,3,6287243,4371417
4096,disjoint,16,24,pinned,0,0,0,22915906,19867034
4096,disjoint,16,24,pinned,0,0,1,30054451,27774694
4096,disjoint,16,24,pinned,0,0,2,19991739,17175467
4096,disjoint,16,24,pinned,0,0,3,7467689,5572951
4096,disjoint,16,24,pinned,0,1,0,11775434,8764754
4096,disjoint,16,24,pinned,0,1,1,17962698,15474197
4096,disjoint,16,24,pinned,0,1,2,21363157,19367177
4096,disjoint,16,24,pinned,0,1,3,18189207,15336015
4096,disjoint,16,24,pinned,0,2,0,22738370,19383007
4096,disjoint,16,24,pinned,0,2,1,17646660,15613591
4096,disjoint,16,24,pinned,0,2,2,17343205,15029064
4096,disjoint,16,24,pinned,0,2,3,18125997,16691682
4096,disjoint,16,24,pinned,0,3,0,21812086,18091272
4096,disjoint,16,24,pinned,0,3,1,10168692,7930044
4096,disjoint,16,24,pinned,0,3,2,23293851,21065793
4096,disjoint,16,24,pinned,0,3,3,20663271,18862562
4096,disjoint,16,24,pinned,0,4,0,20422786,17867689
4096,disjoint,16,24,pinned,0,4,1,11733264,8836450
4096,disjoint,16,24,pinned,0,4,2,23128168,20502617
4096,disjoint,16,24,pinned,0,4,3,18127119,15955288
4096,disjoint,16,24,pinned,0,5,0,30557183,28183639
4096,disjoint,16,24,pinned,0,5,1,20308950,17278743
4096,disjoint,16,24,pinned,0,5,2,9299917,6960217
4096,disjoint,16,24,pinned,0,5,3,9363017,6776269
4096,disjoint,16,24,pinned,0,6,0,23736760,20797595
4096,disjoint,16,24,pinned,0,6,1,14483070,10684217
4096,disjoint,16,24,pinned,0,6,2,16898203,14082050
4096,disjoint,16,24,pinned,0,6,3,14295675,12142840
4096,disjoint,16,24,pinned,0,7,0,13151670,9813590
4096,disjoint,16,24,pinned,0,7,1,22669018,20652500
4096,disjoint,16,24,pinned,0,7,2,18269820,15854036
4096,disjoint,16,24,pinned,0,7,3,19450966,17528746
4096,disjoint,16,24,pinned,0,8,0,19893283,16546547
4096,disjoint,16,24,pinned,0,8,1,11832281,9157898
4096,disjoint,16,24,pinned,0,8,2,20406555,17960373
4096,disjoint,16,24,pinned,0,8,3,19700589,17299973
4096,disjoint,16,24,pinned,0,9,0,23315302,20422795
4096,disjoint,16,24,pinned,0,9,1,29507355,27210968
4096,disjoint,16,24,pinned,0,9,2,17340089,14880192
4096,disjoint,16,24,pinned,0,9,3,10076567,8200275
4096,disjoint,16,24,pinned,0,10,0,22662206,19175244
4096,disjoint,16,24,pinned,0,10,1,18435042,16386184
4096,disjoint,16,24,pinned,0,10,2,13547409,11783369
4096,disjoint,16,24,pinned,0,10,3,19585981,17497307
4096,disjoint,16,24,pinned,0,11,0,11113611,7353752
4096,disjoint,16,24,pinned,0,11,1,15369288,12901155
4096,disjoint,16,24,pinned,0,11,2,28213686,26361118
4096,disjoint,16,24,pinned,0,11,3,21049633,18693862
4096,disjoint,16,24,pinned,0,12,0,22872593,19646897
4096,disjoint,16,24,pinned,0,12,1,29741609,27867461
4096,disjoint,16,24,pinned,0,12,2,20759864,18015408
4096,disjoint,16,24,pinned,0,12,3,7427532,5375567
4096,disjoint,16,24,pinned,0,13,0,21349550,17998576
4096,disjoint,16,24,pinned,0,13,1,9464508,7613814
4096,disjoint,16,24,pinned,0,13,2,20482689,17676055
4096,disjoint,16,24,pinned,0,13,3,18152187,15109276
4096,disjoint,16,24,pinned,0,14,0,30419642,28110270
4096,disjoint,16,24,pinned,0,14,1,21185810,19045247
4096,disjoint,16,24,pinned,0,14,2,17317166,14993146
4096,disjoint,16,24,pinned,0,14,3,10014210,8006038
4096,disjoint,16,24,pinned,0,15,0,22717630,20038118
4096,disjoint,16,24,pinned,0,15,1,28652336,26696693
4096,disjoint,16,24,pinned,0,15,2,17713306,15029886
4096,disjoint,16,24,pinned,0,15,3,10686693,8827382
4096,disjoint,16,24,unsafe_unpinned_baseline,0,0,0,6641034,5656639
4096,disjoint,16,24,unsafe_unpinned_baseline,0,0,1,10475853,9835571
4096,disjoint,16,24,unsafe_unpinned_baseline,0,0,2,7318636,6547146
4096,disjoint,16,24,unsafe_unpinned_baseline,0,0,3,23755255,23273723
4096,disjoint,16,24,unsafe_unpinned_baseline,0,1,0,6602921,5815571
4096,disjoint,16,24,unsafe_unpinned_baseline,0,1,1,11056954,10611400
4096,disjoint,16,24,unsafe_unpinned_baseline,0,1,2,7029148,6447216
4096,disjoint,16,24,unsafe_unpinned_baseline,0,1,3,24175791,23672048
4096,disjoint,16,24,unsafe_unpinned_baseline,0,2,0,10874308,10005463
4096,disjoint,16,24,unsafe_unpinned_baseline,0,2,1,12257536,11736470
4096,disjoint,16,24,unsafe_unpinned_baseline,0,2,2,17517155,17061262
4096,disjoint,16,24,unsafe_unpinned_baseline,0,2,3,11794761,11420041
4096,disjoint,16,24,unsafe_unpinned_baseline,0,3,0,9315386,8339338
4096,disjoint,16,24,unsafe_unpinned_baseline,0,3,1,19170735,18502129
4096,disjoint,16,24,unsafe_unpinned_baseline,0,3,2,19038275,18466001
4096,disjoint,16,24,unsafe_unpinned_baseline,0,3,3,7820756,7443382
4096,disjoint,16,24,unsafe_unpinned_baseline,0,4,0,20111467,19414717
4096,disjoint,16,24,unsafe_unpinned_baseline,0,4,1,10756555,10062591
4096,disjoint,16,24,unsafe_unpinned_baseline,0,4,2,15808680,15332809
4096,disjoint,16,24,unsafe_unpinned_baseline,0,4,3,8623376,8050993
4096,disjoint,16,24,unsafe_unpinned_baseline,0,5,0,19911958,18513040
4096,disjoint,16,24,unsafe_unpinned_baseline,0,5,1,11048378,10367849
4096,disjoint,16,24,unsafe_unpinned_baseline,0,5,2,15715964,15241937
4096,disjoint,16,24,unsafe_unpinned_baseline,0,5,3,8831490,8224321
4096,disjoint,16,24,unsafe_unpinned_baseline,0,6,0,20210323,19547839
4096,disjoint,16,24,unsafe_unpinned_baseline,0,6,1,22020571,21379416
4096,disjoint,16,24,unsafe_unpinned_baseline,0,6,2,13864890,13201975
4096,disjoint,16,24,unsafe_unpinned_baseline,0,6,3,2476729,1715357
4096,disjoint,16,24,unsafe_unpinned_baseline,0,7,0,12250654,10937077
4096,disjoint,16,24,unsafe_unpinned_baseline,0,7,1,10872234,10167480
4096,disjoint,16,24,unsafe_unpinned_baseline,0,7,2,7095012,6678384
4096,disjoint,16,24,unsafe_unpinned_baseline,0,7,3,16284521,15444160
4096,disjoint,16,24,unsafe_unpinned_baseline,0,8,0,19728171,18420545
4096,disjoint,16,24,unsafe_unpinned_baseline,0,8,1,11100676,10140779
4096,disjoint,16,24,unsafe_unpinned_baseline,0,8,2,15185981,14695553
4096,disjoint,16,24,unsafe_unpinned_baseline,0,8,3,9128292,8548504
4096,disjoint,16,24,unsafe_unpinned_baseline,0,9,0,6846271,6058400
4096,disjoint,16,24,unsafe_unpinned_baseline,0,9,1,10066439,9410857
4096,disjoint,16,24,unsafe_unpinned_baseline,0,9,2,7453382,6900715
4096,disjoint,16,24,unsafe_unpinned_baseline,0,9,3,24252887,23909336
4096,disjoint,16,24,unsafe_unpinned_baseline,0,10,0,24005829,23159567
4096,disjoint,16,24,unsafe_unpinned_baseline,0,10,1,16902210,16119378
4096,disjoint,16,24,unsafe_unpinned_baseline,0,10,2,10615448,9919680
4096,disjoint,16,24,unsafe_unpinned_baseline,0,10,3,6331728,5341924
4096,disjoint,16,24,unsafe_unpinned_baseline,0,11,0,8923033,7486915
4096,disjoint,16,24,unsafe_unpinned_baseline,0,11,1,14886444,14409701
4096,disjoint,16,24,unsafe_unpinned_baseline,0,11,2,12357045,12003015
4096,disjoint,16,24,unsafe_unpinned_baseline,0,11,3,13296694,12628749
4096,disjoint,16,24,unsafe_unpinned_baseline,0,12,0,11895562,10630847
4096,disjoint,16,24,unsafe_unpinned_baseline,0,12,1,11669994,11112710
4096,disjoint,16,24,unsafe_unpinned_baseline,0,12,2,13499959,13118547
4096,disjoint,16,24,unsafe_unpinned_baseline,0,12,3,12533298,12012132
4096,disjoint,16,24,unsafe_unpinned_baseline,0,13,0,19752657,18516517
4096,disjoint,16,24,unsafe_unpinned_baseline,0,13,1,11063235,10205431
4096,disjoint,16,24,unsafe_unpinned_baseline,0,13,2,21744858,21224434
4096,disjoint,16,24,unsafe_unpinned_baseline,0,13,3,4911018,4394450
4096,disjoint,16,24,unsafe_unpinned_baseline,0,14,0,11858592,10626468
4096,disjoint,16,24,unsafe_unpinned_baseline,0,14,1,11653453,10989916
4096,disjoint,16,24,unsafe_unpinned_baseline,0,14,2,13222022,12844448
4096,disjoint,16,24,unsafe_unpinned_baseline,0,14,3,12740791,12326537
4096,disjoint,16,24,unsafe_unpinned_baseline,0,15,0,19985979,18753986
4096,disjoint,16,24,unsafe_unpinned_baseline,0,15,1,10927990,10272879
4096,disjoint,16,24,unsafe_unpinned_baseline,0,15,2,15636995,15212992
4096,disjoint,16,24,unsafe_unpinned_baseline,0,15,3,10769329,10209549
4096,disjoint,16,24,unsafe_unpinned_baseline,1,0,0,20732082,19717371
4096,disjoint,16,24,unsafe_unpinned_baseline,1,0,1,9274740,8853221
4096,disjoint,16,24,unsafe_unpinned_baseline,1,0,2,16024318,15647214
4096,disjoint,16,24,unsafe_unpinned_baseline,1,0,3,13115481,12640122
4096,disjoint,16,24,unsafe_unpinned_baseline,1,1,0,5231294,4818663
4096,disjoint,16,24,unsafe_unpinned_baseline,1,1,1,16844641,16402644
4096,disjoint,16,24,unsafe_unpinned_baseline,1,1,2,13234847,12817437
4096,disjoint,16,24,unsafe_unpinned_baseline,1,1,3,15017010,14603528
4096,disjoint,16,24,unsafe_unpinned_baseline,1,2,0,20927832,19808422
4096,disjoint,16,24,unsafe_unpinned_baseline,1,2,1,22289429,21746782
4096,disjoint,16,24,unsafe_unpinned_baseline,1,2,2,20757159,20025504
4096,disjoint,16,24,unsafe_unpinned_baseline,1,2,3,3650511,3076785
4096,disjoint,16,24,unsafe_unpinned_baseline,1,3,0,4956504,4215311
4096,disjoint,16,24,unsafe_unpinned_baseline,1,3,1,13796680,13120701
4096,disjoint,16,24,unsafe_unpinned_baseline,1,3,2,3628350,3204126
4096,disjoint,16,24,unsafe_unpinned_baseline,1,3,3,26838702,26543884
4096,disjoint,16,24,unsafe_unpinned_baseline,1,4,0,5774153,5368133
4096,disjoint,16,24,unsafe_unpinned_baseline,1,4,1,13927318,13523303
4096,disjoint,16,24,unsafe_unpinned_baseline,1,4,2,8930297,7931426
4096,disjoint,16,24,unsafe_unpinned_baseline,1,4,3,17668150,17001178
4096,disjoint,16,24,unsafe_unpinned_baseline,1,5,0,20804008,20113150
4096,disjoint,16,24,unsafe_unpinned_baseline,1,5,1,22558880,22035709
4096,disjoint,16,24,unsafe_unpinned_baseline,1,5,2,15098876,14477119
4096,disjoint,16,24,unsafe_unpinned_baseline,1,5,3,5546500,4771514
4096,disjoint,16,24,unsafe_unpinned_baseline,1,6,0,13274002,12465030
4096,disjoint,16,24,unsafe_unpinned_baseline,1,6,1,7925094,7399158
4096,disjoint,16,24,unsafe_unpinned_baseline,1,6,2,17776957,17424409
4096,disjoint,16,24,unsafe_unpinned_baseline,1,6,3,14121044,13450204
4096,disjoint,16,24,unsafe_unpinned_baseline,1,7,0,20582939,19139817
4096,disjoint,16,24,unsafe_unpinned_baseline,1,7,1,17792866,17059668
4096,disjoint,16,24,unsafe_unpinned_baseline,1,7,2,15136648,14077602
4096,disjoint,16,24,unsafe_unpinned_baseline,1,7,3,9693783,8867630
4096,disjoint,16,24,unsafe_unpinned_baseline,1,8,0,4847878,4188501
4096,disjoint,16,24,unsafe_unpinned_baseline,1,8,1,17026415,16350235
4096,disjoint,16,24,unsafe_unpinned_baseline,1,8,2,26732922,26254957
4096,disjoint,16,24,unsafe_unpinned_baseline,1,8,3,15413703,14964342
4096,disjoint,16,24,unsafe_unpinned_baseline,1,9,0,15296520,14524489
4096,disjoint,16,24,unsafe_unpinned_baseline,1,9,1,5975042,5520031
4096,disjoint,16,24,unsafe_unpinned_baseline,1,9,2,17862819,17531942
4096,disjoint,16,24,unsafe_unpinned_baseline,1,9,3,22205611,21639700
4096,disjoint,16,24,unsafe_unpinned_baseline,1,10,0,20862578,20113570
4096,disjoint,16,24,unsafe_unpinned_baseline,1,10,1,9158700,8601184
4096,disjoint,16,24,unsafe_unpinned_baseline,1,10,2,16194240,15380289
4096,disjoint,16,24,unsafe_unpinned_baseline,1,10,3,13219248,12753025
4096,disjoint,16,24,unsafe_unpinned_baseline,1,11,0,5683370,4997643
4096,disjoint,16,24,unsafe_unpinned_baseline,1,11,1,16357128,15943645
4096,disjoint,16,24,unsafe_unpinned_baseline,1,11,2,25690929,25176556
4096,disjoint,16,24,unsafe_unpinned_baseline,1,11,3,11932402,11486067
4096,disjoint,16,24,unsafe_unpinned_baseline,1,12,0,20788709,19808523
4096,disjoint,16,24,unsafe_unpinned_baseline,1,12,1,17858751,17173814
4096,disjoint,16,24,unsafe_unpinned_baseline,1,12,2,22884737,22299198
4096,disjoint,16,24,unsafe_unpinned_baseline,1,12,3,5997425,4577436
4096,disjoint,16,24,unsafe_unpinned_baseline,1,13,0,5872138,5199424
4096,disjoint,16,24,unsafe_unpinned_baseline,1,13,1,16149495,15860187
4096,disjoint,16,24,unsafe_unpinned_baseline,1,13,2,27285769,26847338
4096,disjoint,16,24,unsafe_unpinned_baseline,1,13,3,15034975,14597077
4096,disjoint,16,24,unsafe_unpinned_baseline,1,14,0,20240662,19287647
4096,disjoint,16,24,unsafe_unpinned_baseline,1,14,1,9696638,9171183
4096,disjoint,16,24,unsafe_unpinned_baseline,1,14,2,16026192,15374999
4096,disjoint,16,24,unsafe_unpinned_baseline,1,14,3,13727320,13273410
4096,disjoint,16,24,unsafe_unpinned_baseline,1,15,0,20451751,19498797
4096,disjoint,16,24,unsafe_unpinned_baseline,1,15,1,9490468,9066595
4096,disjoint,16,24,unsafe_unpinned_baseline,1,15,2,14676416,14014803
4096,disjoint,16,24,unsafe_unpinned_baseline,1,15,3,19343412,18777291
4096,disjoint,16,24,pinned,1,0,0,11752511,8114843
4096,disjoint,16,24,pinned,1,0,1,17484573,14770024
4096,disjoint,16,24,pinned,1,0,2,14991282,12792820
4096,disjoint,16,24,pinned,1,0,3,13245096,10809255
4096,disjoint,16,24,pinned,1,1,0,11760165,7832429
4096,disjoint,16,24,pinned,1,1,1,17511674,14844004
4096,disjoint,16,24,pinned,1,1,2,27254320,24565058
4096,disjoint,16,24,pinned,1,1,3,11400434,8308961
4096,disjoint,16,24,pinned,1,2,0,8089175,4398678
4096,disjoint,16,24,pinned,1,2,1,17594521,15683694
4096,disjoint,16,24,pinned,1,2,2,8604681,6060084
4096,disjoint,16,24,pinned,1,2,3,11305464,9434222
4096,disjoint,16,24,pinned,1,3,0,26802744,22021844
4096,disjoint,16,24,pinned,1,3,1,18186091,15838005
4096,disjoint,16,24,pinned,1,3,2,25025409,23077151
4096,disjoint,16,24,pinned,1,3,3,4294230,2563985
4096,disjoint,16,24,pinned,1,4,0,28042021,24735341
4096,disjoint,16,24,pinned,1,4,1,16189691,13716178
4096,disjoint,16,24,pinned,1,4,2,14370627,11505683
4096,disjoint,16,24,pinned,1,4,3,13993694,11763391
4096,disjoint,16,24,pinned,1,5,0,13930835,10244225
4096,disjoint,16,24,pinned,1,5,1,15245614,12864045
4096,disjoint,16,24,pinned,1,5,2,15644289,13393557
4096,disjoint,16,24,pinned,1,5,3,12816064,10537149
4096,disjoint,16,24,pinned,1,6,0,29545407,25149805
4096,disjoint,16,24,pinned,1,6,1,14724708,12408652
4096,disjoint,16,24,pinned,1,6,2,13486985,11277060
4096,disjoint,16,24,pinned,1,6,3,14570786,12494536
4096,disjoint,16,24,pinned,1,7,0,26816331,21413421
4096,disjoint,16,24,pinned,1,7,1,7529916,5435351
4096,disjoint,16,24,pinned,1,7,2,10671615,8609269
4096,disjoint,16,24,pinned,1,7,3,20182670,18268006
4096,disjoint,16,24,pinned,1,8,0,12486831,8591936
4096,disjoint,16,24,pinned,1,8,1,16820506,14119242
4096,disjoint,16,24,pinned,1,8,2,15045445,12962531
4096,disjoint,16,24,pinned,1,8,3,13546247,11375146
4096,disjoint,16,24,pinned,1,9,0,30055223,25897210
4096,disjoint,16,24,pinned,1,9,1,25977352,23610290
4096,disjoint,16,24,pinned,1,9,2,12085070,9291140
4096,disjoint,16,24,pinned,1,9,3,5764193,3758015
4096,disjoint,16,24,pinned,1,10,0,26935917,21408452
4096,disjoint,16,24,pinned,1,10,1,7400581,5398481
4096,disjoint,16,24,pinned,1,10,2,11326123,9621256
4096,disjoint,16,24,pinned,1,10,3,25236930,22939811
4096,disjoint,16,24,pinned,1,11,0,29424829,25300400
4096,disjoint,16,24,pinned,1,11,1,26932079,24475468
4096,disjoint,16,24,pinned,1,11,2,10849962,7913562
4096,disjoint,16,24,pinned,1,11,3,6653547,4821939
4096,disjoint,16,24,pinned,1,12,0,8958410,5952810
4096,disjoint,16,24,pinned,1,12,1,20275587,17254718
4096,disjoint,16,24,pinned,1,12,2,26381146,24571881
4096,disjoint,16,24,pinned,1,12,3,12328972,9813770
4096,disjoint,16,24,pinned,1,13,0,14588470,10306042
4096,disjoint,16,24,pinned,1,13,1,25806799,23246912
4096,disjoint,16,24,pinned,1,13,2,17081921,13026642
4096,disjoint,16,24,pinned,1,13,3,14752180,12786077
4096,disjoint,16,24,pinned,1,14,0,13944541,9489726
4096,disjoint,16,24,pinned,1,14,1,15359911,12924299
4096,disjoint,16,24,pinned,1,14,2,27310847,24970215
4096,disjoint,16,24,pinned,1,14,3,10528353,7910347
4096,disjoint,16,24,pinned,1,15,0,26796674,21413672
4096,disjoint,16,24,pinned,1,15,1,7343333,5242966
4096,disjoint,16,24,pinned,1,15,2,11442964,9667844
4096,disjoint,16,24,pinned,1,15,3,20529398,18190068
4096,disjoint,16,24,pinned,2,0,0,26960093,23836418
4096,disjoint,16,24,pinned,2,0,1,14217718,12172035
4096,disjoint,16,24,pinned,2,0,2,20931870,19071578
4096,disjoint,16,24,pinned,2,0,3,18242848,15421667
4096,disjoint,16,24,pinned,2,1,0,30223561,26585483
4096,disjoint,16,24,pinned,2,1,1,18218422,15196040
4096,disjoint,16,24,pinned,2,1,2,11416785,9912877
4096,disjoint,16,24,pinned,2,1,3,20797636,19160656
4096,disjoint,16,24,pinned,2,2,0,12691047,9739840
4096,disjoint,16,24,pinned,2,2,1,19530266,16932087
4096,disjoint,16,24,pinned,2,2,2,15968032,13395772
4096,disjoint,16,24,pinned,2,2,3,12148139,10397566
4096,disjoint,16,24,pinned,2,3,0,26246581,22726086
4096,disjoint,16,24,pinned,2,3,1,14578731,12299486
4096,disjoint,16,24,pinned,2,3,2,21004447,19415799
4096,disjoint,16,24,pinned,2,3,3,18097584,15625433
4096,disjoint,16,24,pinned,2,4,0,38097258,34251608
4096,disjoint,16,24,pinned,2,4,1,17103501,13540816
4096,disjoint,16,24,pinned,2,4,2,14269436,8485816
4096,disjoint,16,24,pinned,2,4,3,10800388,8633766
4096,disjoint,16,24,pinned,2,5,0,26542311,23344287
4096,disjoint,16,24,pinned,2,5,1,13890348,11927201
4096,disjoint,16,24,pinned,2,5,2,19503305,17976504
4096,disjoint,16,24,pinned,2,5,3,20556599,18858735
4096,disjoint,16,24,pinned,2,6,0,10579280,7581203
4096,disjoint,16,24,pinned,2,6,1,26287899,23880432
4096,disjoint,16,24,pinned,2,6,2,17052625,14010897
4096,disjoint,16,24,pinned,2,6,3,15592781,9807358
4096,disjoint,16,24,pinned,2,7,0,27102482,24122370
4096,disjoint,16,24,pinned,2,7,1,21118332,18425555
4096,disjoint,16,24,pinned,2,7,2,13713783,11959583
4096,disjoint,16,24,pinned,2,7,3,18366422,16173581
4096,disjoint,16,24,pinned,2,8,0,26885130,22909293
4096,disjoint,16,24,pinned,2,8,1,12116700,10115281
4096,disjoint,16,24,pinned,2,8,2,15147768,12374969
4096,disjoint,16,24,pinned,2,8,3,16364172,10197195
4096,disjoint,16,24,pinned,2,9,0,15016520,11196207
4096,disjoint,16,24,pinned,2,9,1,22636286,20438936
4096,disjoint,16,24,pinned,2,9,2,16370263,14343026
4096,disjoint,16,24,pinned,2,9,3,15519954,13099491
4096,disjoint,16,24,pinned,2,10,0,6268939,3391601
4096,disjoint,16,24,pinned,2,10,1,18575879,15182624
4096,disjoint,16,24,pinned,2,10,2,14984178,12699724
4096,disjoint,16,24,pinned,2,10,3,14134049,12271503
4096,disjoint,16,24,pinned,2,11,0,15015859,11542764
4096,disjoint,16,24,pinned,2,11,1,17197119,14714879
4096,disjoint,16,24,pinned,2,11,2,15901516,13372768
4096,disjoint,16,24,pinned,2,11,3,14884880,12452606
4096,disjoint,16,24,pinned,2,12,0,27055413,23296346
4096,disjoint,16,24,pinned,2,12,1,26943351,24764506
4096,disjoint,16,24,pinned,2,12,2,16570653,10409388
4096,disjoint,16,24,pinned,2,12,3,9923307,8039671
4096,disjoint,16,24,pinned,2,13,0,38144838,33982617
4096,disjoint,16,24,pinned,2,13,1,15809942,13445707
4096,disjoint,16,24,pinned,2,13,2,16476624,13806238
4096,disjoint,16,24,pinned,2,13,3,10000334,8036946
4096,disjoint,16,24,pinned,2,14,0,11327606,7439054
4096,disjoint,16,24,pinned,2,14,1,26759382,24071043
4096,disjoint,16,24,pinned,2,14,2,15796627,13525438
4096,disjoint,16,24,pinned,2,14,3,16474691,13748760
4096,disjoint,16,24,pinned,2,15,0,10502644,6790957
4096,disjoint,16,24,pinned,2,15,1,26940396,24911634
4096,disjoint,16,24,pinned,2,15,2,22808071,20304933
4096,disjoint,16,24,pinned,2,15,3,19527040,16481113
4096,disjoint,16,24,unsafe_unpinned_baseline,2,0,0,27352155,26550567
4096,disjoint,16,24,unsafe_unpinned_baseline,2,0,1,7411282,7043956
4096,disjoint,16,24,unsafe_unpinned_baseline,2,0,2,9592281,9131208
4096,disjoint,16,24,unsafe_unpinned_baseline,2,0,3,16017576,15573294
4096,disjoint,16,24,unsafe_unpinned_baseline,2,1,0,24478955,23812654
4096,disjoint,16,24,unsafe_unpinned_baseline,2,1,1,18242248,17872457
4096,disjoint,16,24,unsafe_unpinned_baseline,2,1,2,16112475,15173667
4096,disjoint,16,24,unsafe_unpinned_baseline,2,1,3,8231524,7863657
4096,disjoint,16,24,unsafe_unpinned_baseline,2,2,0,21167205,20492468
4096,disjoint,16,24,unsafe_unpinned_baseline,2,2,1,15285109,14935967
4096,disjoint,16,24,unsafe_unpinned_baseline,2,2,2,24951540,24163668
4096,disjoint,16,24,unsafe_unpinned_baseline,2,2,3,6848566,6463197
4096,disjoint,16,24,unsafe_unpinned_baseline,2,3,0,23645647,22944871
4096,disjoint,16,24,unsafe_unpinned_baseline,2,3,1,12723098,12348559
4096,disjoint,16,24,unsafe_unpinned_baseline,2,3,2,16807321,16454412
4096,disjoint,16,24,unsafe_unpinned_baseline,2,3,3,9016170,8640980
4096,disjoint,16,24,unsafe_unpinned_baseline,2,4,0,33509653,32842429
4096,disjoint,16,24,unsafe_unpinned_baseline,2,4,1,11633225,11249929
4096,disjoint,16,24,unsafe_unpinned_baseline,2,4,2,14208891,13781623
4096,disjoint,16,24,unsafe_unpinned_baseline,2,4,3,7733892,7367028
4096,disjoint,16,24,unsafe_unpinned_baseline,2,5,0,9126599,8439348
4096,disjoint,16,24,unsafe_unpinned_baseline,2,5,1,26904337,26568521
4096,disjoint,16,24,unsafe_unpinned_baseline,2,5,2,17892996,17478962
4096,disjoint,16,24,unsafe_unpinned_baseline,2,5,3,8816642,8449517
4096,disjoint,16,24,unsafe_unpinned_baseline,2,6,0,19465062,18847463
4096,disjoint,16,24,unsafe_unpinned_baseline,2,6,1,16794917,16201734
4096,disjoint,16,24,unsafe_unpinned_baseline,2,6,2,17512796,17124622
4096,disjoint,16,24,unsafe_unpinned_baseline,2,6,3,9325265,8931570
4096,disjoint,16,24,unsafe_unpinned_baseline,2,7,0,7931746,7332382
4096,disjoint,16,24,unsafe_unpinned_baseline,2,7,1,10360725,9858144
4096,disjoint,16,24,unsafe_unpinned_baseline,2,7,2,17691344,17309561
4096,disjoint,16,24,unsafe_unpinned_baseline,2,7,3,9079400,8714840
4096,disjoint,16,24,unsafe_unpinned_baseline,2,8,0,32082902,31407262
4096,disjoint,16,24,unsafe_unpinned_baseline,2,8,1,5424049,4939251
4096,disjoint,16,24,unsafe_unpinned_baseline,2,8,2,12633970,12243861
4096,disjoint,16,24,unsafe_unpinned_baseline,2,8,3,12356414,11555998
4096,disjoint,16,24,unsafe_unpinned_baseline,2,9,0,7999805,7276096
4096,disjoint,16,24,unsafe_unpinned_baseline,2,9,1,27247777,26589511
4096,disjoint,16,24,unsafe_unpinned_baseline,2,9,2,8816532,8476869
4096,disjoint,16,24,unsafe_unpinned_baseline,2,9,3,14664404,14142175
4096,disjoint,16,24,unsafe_unpinned_baseline,2,10,0,26754694,26025262
4096,disjoint,16,24,unsafe_unpinned_baseline,2,10,1,8269988,7912520
4096,disjoint,16,24,unsafe_unpinned_baseline,2,10,2,9127581,8634187
4096,disjoint,16,24,unsafe_unpinned_baseline,2,10,3,17195826,16675301
4096,disjoint,16,24,unsafe_unpinned_baseline,2,11,0,24765939,23897564
4096,disjoint,16,24,unsafe_unpinned_baseline,2,11,1,18154501,17776586
4096,disjoint,16,24,unsafe_unpinned_baseline,2,11,2,15905884,14967437
4096,disjoint,16,24,unsafe_unpinned_baseline,2,11,3,8354517,7969188
4096,disjoint,16,24,unsafe_unpinned_baseline,2,12,0,8043819,7340147
4096,disjoint,16,24,unsafe_unpinned_baseline,2,12,1,9564368,9062487
4096,disjoint,16,24,unsafe_unpinned_baseline,2,12,2,18643798,18235555
4096,disjoint,16,24,unsafe_unpinned_baseline,2,12,3,28705808,27708840
4096,disjoint,16,24,unsafe_unpinned_baseline,2,13,0,24771609,23995149
4096,disjoint,16,24,unsafe_unpinned_baseline,2,13,1,17802044,17453183
4096,disjoint,16,24,unsafe_unpinned_baseline,2,13,2,17283262,16690730
4096,disjoint,16,24,unsafe_unpinned_baseline,2,13,3,7925315,7572006
4096,disjoint,16,24,unsafe_unpinned_baseline,2,14,0,10821228,10094291
4096,disjoint,16,24,unsafe_unpinned_baseline,2,14,1,22792753,22476684
4096,disjoint,16,24,unsafe_unpinned_baseline,2,14,2,23671316,23237053
4096,disjoint,16,24,unsafe_unpinned_baseline,2,14,3,10443382,10053293
4096,disjoint,16,24,unsafe_unpinned_baseline,2,15,0,8309322,7617031
4096,disjoint,16,24,unsafe_unpinned_baseline,2,15,1,14226745,13596021
4096,disjoint,16,24,unsafe_unpinned_baseline,2,15,2,13760011,13436419
4096,disjoint,16,24,unsafe_unpinned_baseline,2,15,3,16747617,16441428
4096,disjoint,16,24,unsafe_unpinned_baseline,3,0,0,22969437,21783873
4096,disjoint,16,24,unsafe_unpinned_baseline,3,0,1,9801507,9399756
4096,disjoint,16,24,unsafe_unpinned_baseline,3,0,2,15376843,15074790
4096,disjoint,16,24,unsafe_unpinned_baseline,3,0,3,11819317,11510262
4096,disjoint,16,24,unsafe_unpinned_baseline,3,1,0,6537226,5418970
4096,disjoint,16,24,unsafe_unpinned_baseline,3,1,1,18300127,17488099
4096,disjoint,16,24,unsafe_unpinned_baseline,3,1,2,20521482,20174596
4096,disjoint,16,24,unsafe_unpinned_baseline,3,1,3,9277856,8870615
4096,disjoint,16,24,unsafe_unpinned_baseline,3,2,0,23410513,21963593
4096,disjoint,16,24,unsafe_unpinned_baseline,3,2,1,24937834,24268747
4096,disjoint,16,24,unsafe_unpinned_baseline,3,2,2,15621586,15244161
4096,disjoint,16,24,unsafe_unpinned_baseline,3,2,3,1815247,1402735
4096,disjoint,16,24,unsafe_unpinned_baseline,3,3,0,9328601,7982122
4096,disjoint,16,24,unsafe_unpinned_baseline,3,3,1,16988954,16194671
4096,disjoint,16,24,unsafe_unpinned_baseline,3,3,2,21975635,21647524
4096,disjoint,16,24,unsafe_unpinned_baseline,3,3,3,11801123,11474344
4096,disjoint,16,24,unsafe_unpinned_baseline,3,4,0,9126630,7900207
4096,disjoint,16,24,unsafe_unpinned_baseline,3,4,1,10904194,10246399
4096,disjoint,16,24,unsafe_unpinned_baseline,3,4,2,5197239,4194993
4096,disjoint,16,24,unsafe_unpinned_baseline,3,4,3,20219251,19905526
4096,disjoint,16,24,unsafe_unpinned_baseline,3,5,0,22505369,21167095
4096,disjoint,16,24,unsafe_unpinned_baseline,3,5,1,10879888,10195984
4096,disjoint,16,24,unsafe_unpinned_baseline,3,5,2,20748242,20002920
4096,disjoint,16,24,unsafe_unpinned_baseline,3,5,3,9611066,9201981
4096,disjoint,16,24,unsafe_unpinned_baseline,3,6,0,24241385,22916596
4096,disjoint,16,24,unsafe_unpinned_baseline,3,6,1,8384244,8018731
4096,disjoint,16,24,unsafe_unpinned_baseline,3,6,2,21814821,21504834
4096,disjoint,16,24,unsafe_unpinned_baseline,3,6,3,9759848,8890612
4096,disjoint,16,24,unsafe_unpinned_baseline,3,7,0,9232579,8285517
4096,disjoint,16,24,unsafe_unpinned_baseline,3,7,1,15777571,15001521
4096,disjoint,16,24,unsafe_unpinned_baseline,3,7,2,20651969,20306215
4096,disjoint,16,24,unsafe_unpinned_baseline,3,7,3,9143842,8766978
4096,disjoint,16,24,unsafe_unpinned_baseline,3,8,0,22406331,21182403
4096,disjoint,16,24,unsafe_unpinned_baseline,3,8,1,9223122,8559396
4096,disjoint,16,24,unsafe_unpinned_baseline,3,8,2,16443362,16123796
4096,disjoint,16,24,unsafe_unpinned_baseline,3,8,3,15584656,15307762
4096,disjoint,16,24,unsafe_unpinned_baseline,3,9,0,23063144,21502360
4096,disjoint,16,24,unsafe_unpinned_baseline,3,9,1,22843870,22399087
4096,disjoint,16,24,unsafe_unpinned_baseline,3,9,2,8972127,8563283
4096,disjoint,16,24,unsafe_unpinned_baseline,3,9,3,7787684,7404279
4096,disjoint,16,24,unsafe_unpinned_baseline,3,10,0,24928126,23382599
4096,disjoint,16,24,unsafe_unpinned_baseline,3,10,1,11946057,11560999
4096,disjoint,16,24,unsafe_unpinned_baseline,3,10,2,17392949,17037396
4096,disjoint,16,24,unsafe_unpinned_baseline,3,10,3,9413883,9108184
4096,disjoint,16,24,unsafe_unpinned_baseline,3,11,0,9443740,8115675
4096,disjoint,16,24,unsafe_unpinned_baseline,3,11,1,14489482,13761614
4096,disjoint,16,24,unsafe_unpinned_baseline,3,11,2,8521193,7818683
4096,disjoint,16,24,unsafe_unpinned_baseline,3,11,3,15841081,15518631
4096,disjoint,16,24,unsafe_unpinned_baseline,3,12,0,7883656,6867392
4096,disjoint,16,24,unsafe_unpinned_baseline,3,12,1,16851695,16011253
4096,disjoint,16,24,unsafe_unpinned_baseline,3,12,2,10165366,9831183
4096,disjoint,16,24,unsafe_unpinned_baseline,3,12,3,14152875,13748680
4096,disjoint,16,24,unsafe_unpinned_baseline,3,13,0,8975212,7742498
4096,disjoint,16,24,unsafe_unpinned_baseline,3,13,1,12086573,11555277
4096,disjoint,16,24,unsafe_unpinned_baseline,3,13,2,11737603,10985899
4096,disjoint,16,24,unsafe_unpinned_baseline,3,13,3,21407641,21066304
4096,disjoint,16,24,unsafe_unpinned_baseline,3,14,0,22439604,20514920
4096,disjoint,16,24,unsafe_unpinned_baseline,3,14,1,10223426,9571432
4096,disjoint,16,24,unsafe_unpinned_baseline,3,14,2,13488727,13149305
4096,disjoint,16,24,unsafe_unpinned_baseline,3,14,3,8509050,8175910
4096,disjoint,16,24,unsafe_unpinned_baseline,3,15,0,22652858,21284968
4096,disjoint,16,24,unsafe_unpinned_baseline,3,15,1,10650304,9954527
4096,disjoint,16,24,unsafe_unpinned_baseline,3,15,2,20965372,20040191
4096,disjoint,16,24,unsafe_unpinned_baseline,3,15,3,9473596,8986013
4096,disjoint,16,24,pinned,3,0,0,26967907,23326864
4096,disjoint,16,24,pinned,3,0,1,10993152,8628896
4096,disjoint,16,24,pinned,3,0,2,13790739,11032387
4096,disjoint,16,24,pinned,3,0,3,11918885,9465500
4096,disjoint,16,24,pinned,3,1,0,22241529,18335955
4096,disjoint,16,24,pinned,3,1,1,12888581,10719675
4096,disjoint,16,24,pinned,3,1,2,15526896,12126358
4096,disjoint,16,24,pinned,3,1,3,8843243,6051417
4096,disjoint,16,24,pinned,3,2,0,10759290,7577105
4096,disjoint,16,24,pinned,3,2,1,16216983,13896560
4096,disjoint,16,24,pinned,3,2,2,24720432,20357212
4096,disjoint,16,24,pinned,3,2,3,14468663,11488411
4096,disjoint,16,24,pinned,3,3,0,9092735,6057779
4096,disjoint,16,24,pinned,3,3,1,16921327,14401136
4096,disjoint,16,24,pinned,3,3,2,7469992,5419570
4096,disjoint,16,24,pinned,3,3,3,17819948,14332054
4096,disjoint,16,24,pinned,3,4,0,27192973,24427548
4096,disjoint,16,24,pinned,3,4,1,8656579,6127962
4096,disjoint,16,24,pinned,3,4,2,14752210,11494222
4096,disjoint,16,24,pinned,3,4,3,8897465,6729100
4096,disjoint,16,24,pinned,3,5,0,21532357,18019586
4096,disjoint,16,24,pinned,3,5,1,6637076,3933948
4096,disjoint,16,24,pinned,3,5,2,23435930,19819303
4096,disjoint,16,24,pinned,3,5,3,10158002,7766083
4096,disjoint,16,24,pinned,3,6,0,27172344,24440743
4096,disjoint,16,24,pinned,3,6,1,9021550,6552977
4096,disjoint,16,24,pinned,3,6,2,14204723,11213590
4096,disjoint,16,24,pinned,3,6,3,8582248,5973770
4096,disjoint,16,24,pinned,3,7,0,9198805,6646493
4096,disjoint,16,24,pinned,3,7,1,15634009,13355356
4096,disjoint,16,24,pinned,3,7,2,6846692,4688777
4096,disjoint,16,24,pinned,3,7,3,6024917,3854798
4096,disjoint,16,24,pinned,3,8,0,9172295,6503002
4096,disjoint,16,24,pinned,3,8,1,16726177,14399843
4096,disjoint,16,24,pinned,3,8,2,7291504,5371810
4096,disjoint,16,24,pinned,3,8,3,18207922,14960685
4096,disjoint,16,24,pinned,3,9,0,27273266,24556672
4096,disjoint,16,24,pinned,3,9,1,23085807,20175537
4096,disjoint,16,24,pinned,3,9,2,8489783,6294918
4096,disjoint,16,24,pinned,3,9,3,5853923,4638902
4096,disjoint,16,24,pinned,3,10,0,27350682,24319173
4096,disjoint,16,24,pinned,3,10,1,24280920,20454956
4096,disjoint,16,24,pinned,3,10,2,14047014,11543245
4096,disjoint,16,24,pinned,3,10,3,2942942,1557740
4096,disjoint,16,24,pinned,3,11,0,22180032,18539490
4096,disjoint,16,24,pinned,3,11,1,12838967,10710327
4096,disjoint,16,24,pinned,3,11,2,15390408,12135906
4096,disjoint,16,24,pinned,3,11,3,10250457,8294213
4096,disjoint,16,24,pinned,3,12,0,10335027,7235809
4096,disjoint,16,24,pinned,3,12,1,14807585,13088631
4096,disjoint,16,24,pinned,3,12,2,11795952,9064452
4096,disjoint,16,24,pinned,3,12,3,13389320,10151640
4096,disjoint,16,24,pinned,3,13,0,22080304,18571281
4096,disjoint,16,24,pinned,3,13,1,10551927,8123169
4096,disjoint,16,24,pinned,3,13,2,17719688,15274709
4096,disjoint,16,24,pinned,3,13,3,8052937,5047557
4096,disjoint,16,24,pinned,3,14,0,11093212,7638512
4096,disjoint,16,24,pinned,3,14,1,17045301,14880222
4096,disjoint,16,24,pinned,3,14,2,23516683,20055200
4096,disjoint,16,24,pinned,3,14,3,13922599,11584432
4096,disjoint,16,24,pinned,3,15,0,27131477,23619328
4096,disjoint,16,24,pinned,3,15,1,24536685,20381237
4096,disjoint,16,24,pinned,3,15,2,14348245,10927318
4096,disjoint,16,24,pinned,3,15,3,2958201,1712643
4096,disjoint,16,24,pinned,4,0,0,21918668,18604453
4096,disjoint,16,24,pinned,4,0,1,15865298,12879684
4096,disjoint,16,24,pinned,4,0,2,27211809,24367955
4096,disjoint,16,24,pinned,4,0,3,11897876,8679493
4096,disjoint,16,24,pinned,4,1,0,22497574,18207722
4096,disjoint,16,24,pinned,4,1,1,15230826,12729420
4096,disjoint,16,24,pinned,4,1,2,26970081,24464267
4096,disjoint,16,24,pinned,4,1,3,12684445,9764547
4096,disjoint,16,24,pinned,4,2,0,13702432,9360672
4096,disjoint,16,24,pinned,4,2,1,21685206,18866780
4096,disjoint,16,24,pinned,4,2,2,17239238,14980582
4096,disjoint,16,24,pinned,4,2,3,15617999,13369101
4096,disjoint,16,24,pinned,4,3,0,22101684,19293848
4096,disjoint,16,24,pinned,4,3,1,15593402,13183700
4096,disjoint,16,24,pinned,4,3,2,14299092,12116640
4096,disjoint,16,24,pinned,4,3,3,16523844,14384183
4096,disjoint,16,24,pinned,4,4,0,14497247,10603184
4096,disjoint,16,24,pinned,4,4,1,21108043,18967089
4096,disjoint,16,24,pinned,4,4,2,16580552,14333587
4096,disjoint,16,24,pinned,4,4,3,16491563,13986670
4096,disjoint,16,24,pinned,4,5,0,12861841,9387032
4096,disjoint,16,24,pinned,4,5,1,10095072,7616871
4096,disjoint,16,24,pinned,4,5,2,26385144,23894649
4096,disjoint,16,24,pinned,4,5,3,19242110,16342741
4096,disjoint,16,24,pinned,4,6,0,14358224,10608826
4096,disjoint,16,24,pinned,4,6,1,20830157,18631484
4096,disjoint,16,24,pinned,4,6,2,16873686,14753663
4096,disjoint,16,24,pinned,4,6,3,16072850,13603425
4096,disjoint,16,24,pinned,4,7,0,12346686,9601017
4096,disjoint,16,24,pinned,4,7,1,10993774,7634164
4096,disjoint,16,24,pinned,4,7,2,24186171,22046029
4096,disjoint,16,24,pinned,4,7,3,16907631,14197580
4096,disjoint,16,24,pinned,4,8,0,13785519,10508485
4096,disjoint,16,24,pinned,4,8,1,19697934,17159156
4096,disjoint,16,24,pinned,4,8,2,19598195,17139579
4096,disjoint,16,24,pinned,4,8,3,15556722,13451427
4096,disjoint,16,24,pinned,4,9,0,7467057,4889707
4096,disjoint,16,24,pinned,4,9,1,21113905,18884283
4096,disjoint,16,24,pinned,4,9,2,17955384,16170475
4096,disjoint,16,24,pinned,4,9,3,14470356,12668325
4096,disjoint,16,24,pinned,4,10,0,12157027,9595357
4096,disjoint,16,24,pinned,4,10,1,11288533,7937378
4096,disjoint,16,24,pinned,4,10,2,34317462,31819552
4096,disjoint,16,24,pinned,4,10,3,20634166,18321297
4096,disjoint,16,24,pinned,4,11,0,14375667,9553317
4096,disjoint,16,24,pinned,4,11,1,21124194,18603652
4096,disjoint,16,24,pinned,4,11,2,16970119,13942537
4096,disjoint,16,24,pinned,4,11,3,26624497,24267775
4096,disjoint,16,24,pinned,4,12,0,22264122,19614355
4096,disjoint,16,24,pinned,4,12,1,15442988,12477633
4096,disjoint,16,24,pinned,4,12,2,27755558,25127793
4096,disjoint,16,24,pinned,4,12,3,13468449,8255830
4096,disjoint,16,24,pinned,4,13,0,11661519,9102533
4096,disjoint,16,24,pinned,4,13,1,11295996,8548575
4096,disjoint,16,24,pinned,4,13,2,34936885,31773846
4096,disjoint,16,24,pinned,4,13,3,21082545,18665679
4096,disjoint,16,24,pinned,4,14,0,12681369,9728017
4096,disjoint,16,24,pinned,4,14,1,10663769,7617893
4096,disjoint,16,24,pinned,4,14,2,26274083,24115506
4096,disjoint,16,24,pinned,4,14,3,18521415,16160305
4096,disjoint,16,24,pinned,4,15,0,22201183,18839558
4096,disjoint,16,24,pinned,4,15,1,15700806,12892559
4096,disjoint,16,24,pinned,4,15,2,26761015,24265010
4096,disjoint,16,24,pinned,4,15,3,12042871,9525464
4096,disjoint,16,24,unsafe_unpinned_baseline,4,0,0,23681586,22919683
4096,disjoint,16,24,unsafe_unpinned_baseline,4,0,1,19089611,18438508
4096,disjoint,16,24,unsafe_unpinned_baseline,4,0,2,18902848,18527357
4096,disjoint,16,24,unsafe_unpinned_baseline,4,0,3,13551858,12704934
4096,disjoint,16,24,unsafe_unpinned_baseline,4,1,0,23091919,22198247
4096,disjoint,16,24,unsafe_unpinned_baseline,4,1,1,19827158,19150206
4096,disjoint,16,24,unsafe_unpinned_baseline,4,1,2,17713617,16919934
4096,disjoint,16,24,unsafe_unpinned_baseline,4,1,3,14722974,13881010
4096,disjoint,16,24,unsafe_unpinned_baseline,4,2,0,39779532,39062445
4096,disjoint,16,24,unsafe_unpinned_baseline,4,2,1,34349131,33381680
4096,disjoint,16,24,unsafe_unpinned_baseline,4,2,2,8327757,8047346
4096,disjoint,16,24,unsafe_unpinned_baseline,4,2,3,3419214,3136017
4096,disjoint,16,24,unsafe_unpinned_baseline,4,3,0,11135332,10420579
4096,disjoint,16,24,unsafe_unpinned_baseline,4,3,1,28213335,27658024
4096,disjoint,16,24,unsafe_unpinned_baseline,4,3,2,34137731,32763159
4096,disjoint,16,24,unsafe_unpinned_baseline,4,3,3,12255193,11437805
4096,disjoint,16,24,unsafe_unpinned_baseline,4,4,0,23594611,22719614
4096,disjoint,16,24,unsafe_unpinned_baseline,4,4,1,41767286,41211043
4096,disjoint,16,24,unsafe_unpinned_baseline,4,4,2,12761320,12317942
4096,disjoint,16,24,unsafe_unpinned_baseline,4,4,3,6429713,6104227
4096,disjoint,16,24,unsafe_unpinned_baseline,4,5,0,9711366,8949473
4096,disjoint,16,24,unsafe_unpinned_baseline,4,5,1,22922148,22038796
4096,disjoint,16,24,unsafe_unpinned_baseline,4,5,2,15833948,14597998
4096,disjoint,16,24,unsafe_unpinned_baseline,4,5,3,18382893,17551520
4096,disjoint,16,24,unsafe_unpinned_baseline,4,6,0,22988975,22447629
4096,disjoint,16,24,unsafe_unpinned_baseline,4,6,1,19810947,19149054
4096,disjoint,16,24,unsafe_unpinned_baseline,4,6,2,18649408,17865113
4096,disjoint,16,24,unsafe_unpinned_baseline,4,6,3,13497114,12649409
4096,disjoint,16,24,unsafe_unpinned_baseline,4,7,0,23132586,22223445
4096,disjoint,16,24,unsafe_unpinned_baseline,4,7,1,19419236,18786377
4096,disjoint,16,24,unsafe_unpinned_baseline,4,7,2,19246328,18751381
4096,disjoint,16,24,unsafe_unpinned_baseline,4,7,3,13435177,12669186
4096,disjoint,16,24,unsafe_unpinned_baseline,4,8,0,10282548,9752033
4096,disjoint,16,24,unsafe_unpinned_baseline,4,8,1,28325016,27888420
4096,disjoint,16,24,unsafe_unpinned_baseline,4,8,2,25575982,24621555
4096,disjoint,16,24,unsafe_unpinned_baseline,4,8,3,12571451,12214866
4096,disjoint,16,24,unsafe_unpinned_baseline,4,9,0,9653687,8715310
4096,disjoint,16,24,unsafe_unpinned_baseline,4,9,1,29626691,28733681
4096,disjoint,16,24,unsafe_unpinned_baseline,4,9,2,20229690,18830090
4096,disjoint,16,24,unsafe_unpinned_baseline,4,9,3,15704813,14895812
4096,disjoint,16,24,unsafe_unpinned_baseline,4,10,0,23568071,21740881
4096,disjoint,16,24,unsafe_unpinned_baseline,4,10,1,27765808,27122500
4096,disjoint,16,24,unsafe_unpinned_baseline,4,10,2,18514392,17875242
4096,disjoint,16,24,unsafe_unpinned_baseline,4,10,3,12297924,11911281
4096,disjoint,16,24,unsafe_unpinned_baseline,4,11,0,9756141,9099919
4096,disjoint,16,24,unsafe_unpinned_baseline,4,11,1,36671618,33103353
4096,disjoint,16,24,unsafe_unpinned_baseline,4,11,2,25878956,25030439
4096,disjoint,16,24,unsafe_unpinned_baseline,4,11,3,9847745,9456223
4096,disjoint,16,24,unsafe_unpinned_baseline,4,12,0,23014563,22225289
4096,disjoint,16,24,unsafe_unpinned_baseline,4,12,1,18392081,17721070
4096,disjoint,16,24,unsafe_unpinned_baseline,4,12,2,32661667,32071440
4096,disjoint,16,24,unsafe_unpinned_baseline,4,12,3,10663408,10344034
4096,disjoint,16,24,unsafe_unpinned_baseline,4,13,0,23459996,22823000
4096,disjoint,16,24,unsafe_unpinned_baseline,4,13,1,29609007,28777182
4096,disjoint,16,24,unsafe_unpinned_baseline,4,13,2,18027340,17209572
4096,disjoint,16,24,unsafe_unpinned_baseline,4,13,3,11007590,10678717
4096,disjoint,16,24,unsafe_unpinned_baseline,4,14,0,22370283,21790054
4096,disjoint,16,24,unsafe_unpinned_baseline,4,14,1,30736582,29963709
4096,disjoint,16,24,unsafe_unpinned_baseline,4,14,2,18001812,17184014
4096,disjoint,16,24,unsafe_unpinned_baseline,4,14,3,10921197,10058233
4096,disjoint,16,24,unsafe_unpinned_baseline,4,15,0,9502621,8709779
4096,disjoint,16,24,unsafe_unpinned_baseline,4,15,1,28372828,27701365
4096,disjoint,16,24,unsafe_unpinned_baseline,4,15,2,26257231,25035448
4096,disjoint,16,24,unsafe_unpinned_baseline,4,15,3,13212675,12869675
4096,disjoint,16,24,unsafe_unpinned_baseline,5,0,0,13987852,13122324
4096,disjoint,16,24,unsafe_unpinned_baseline,5,0,1,13827750,13496712
4096,disjoint,16,24,unsafe_unpinned_baseline,5,0,2,13880530,13435397
4096,disjoint,16,24,unsafe_unpinned_baseline,5,0,3,10409327,9903179
4096,disjoint,16,24,unsafe_unpinned_baseline,5,1,0,6499075,6070342
4096,disjoint,16,24,unsafe_unpinned_baseline,5,1,1,14797516,13933650
4096,disjoint,16,24,unsafe_unpinned_baseline,5,1,2,8608869,8241874
4096,disjoint,16,24,unsafe_unpinned_baseline,5,1,3,13767636,13505099
4096,disjoint,16,24,unsafe_unpinned_baseline,5,2,0,24373525,23370797
4096,disjoint,16,24,unsafe_unpinned_baseline,5,2,1,18532838,17691304
4096,disjoint,16,24,unsafe_unpinned_baseline,5,2,2,10348001,9809773
4096,disjoint,16,24,unsafe_unpinned_baseline,5,2,3,8055491,7561175
4096,disjoint,16,24,unsafe_unpinned_baseline,5,3,0,22848508,21976808
4096,disjoint,16,24,unsafe_unpinned_baseline,5,3,1,10406011,10108458
4096,disjoint,16,24,unsafe_unpinned_baseline,5,3,2,14642452,14183614
4096,disjoint,16,24,unsafe_unpinned_baseline,5,3,3,8537213,7646066
4096,disjoint,16,24,unsafe_unpinned_baseline,5,4,0,24336054,23376327
4096,disjoint,16,24,unsafe_unpinned_baseline,5,4,1,24616145,23882245
4096,disjoint,16,24,unsafe_unpinned_baseline,5,4,2,4438944,4088420
4096,disjoint,16,24,unsafe_unpinned_baseline,5,4,3,5886415,5257183
4096,disjoint,16,24,unsafe_unpinned_baseline,5,5,0,13979977,13197937
4096,disjoint,16,24,unsafe_unpinned_baseline,5,5,1,13259243,12779004
4096,disjoint,16,24,unsafe_unpinned_baseline,5,5,2,13515308,13202465
4096,disjoint,16,24,unsafe_unpinned_baseline,5,5,3,11208020,10678316
4096,disjoint,16,24,unsafe_unpinned_baseline,5,6,0,6637086,5840818
4096,disjoint,16,24,unsafe_unpinned_baseline,5,6,1,14649054,13979487
4096,disjoint,16,24,unsafe_unpinned_baseline,5,6,2,8604410,8236103
4096,disjoint,16,24,unsafe_unpinned_baseline,5,6,3,15153139,14873730
4096,disjoint,16,24,unsafe_unpinned_baseline,5,7,0,10409368,9602911
4096,disjoint,16,24,unsafe_unpinned_baseline,5,7,1,24966448,24337978
4096,disjoint,16,24,unsafe_unpinned_baseline,5,7,2,17601094,17023340
4096,disjoint,16,24,unsafe_unpinned_baseline,5,7,3,6623369,6312481
4096,disjoint,16,24,unsafe_unpinned_baseline,5,8,0,13258482,12526686
4096,disjoint,16,24,unsafe_unpinned_baseline,5,8,1,13389340,13065085
4096,disjoint,16,24,unsafe_unpinned_baseline,5,8,2,13655934,13335658
4096,disjoint,16,24,unsafe_unpinned_baseline,5,8,3,11248938,10865611
4096,disjoint,16,24,unsafe_unpinned_baseline,5,9,0,6613631,5867308
4096,disjoint,16,24,unsafe_unpinned_baseline,5,9,1,15017622,14219982
4096,disjoint,16,24,unsafe_unpinned_baseline,5,9,2,8241814,7664330
4096,disjoint,16,24,unsafe_unpinned_baseline,5,9,3,13881691,13284771
4096,disjoint,16,24,unsafe_unpinned_baseline,5,10,0,24066273,23172972
4096,disjoint,16,24,unsafe_unpinned_baseline,5,10,1,18748296,18373746
4096,disjoint,16,24,unsafe_unpinned_baseline,5,10,2,10403967,9858926
4096,disjoint,16,24,unsafe_unpinned_baseline,5,10,3,6148501,5893518
4096,disjoint,16,24,unsafe_unpinned_baseline,5,11,0,24023673,23110935
4096,disjoint,16,24,unsafe_unpinned_baseline,5,11,1,25474680,25182057
4096,disjoint,16,24,unsafe_unpinned_baseline,5,11,2,6351355,6024426
4096,disjoint,16,24,unsafe_unpinned_baseline,5,11,3,5501335,5110485
4096,disjoint,16,24,unsafe_unpinned_baseline,5,12,0,23518737,22365414
4096,disjoint,16,24,unsafe_unpinned_baseline,5,12,1,10049477,9777381
4096,disjoint,16,24,unsafe_unpinned_baseline,5,12,2,14218259,13769500
4096,disjoint,16,24,unsafe_unpinned_baseline,5,12,3,9808109,8925088
4096,disjoint,16,24,unsafe_unpinned_baseline,5,13,0,6581771,5867479
4096,disjoint,16,24,unsafe_unpinned_baseline,5,13,1,22035018,21339962
4096,disjoint,16,24,unsafe_unpinned_baseline,5,13,2,11666177,11361901
4096,disjoint,16,24,unsafe_unpinned_baseline,5,13,3,12028954,11081200
4096,disjoint,16,24,unsafe_unpinned_baseline,5,14,0,24043120,23175707
4096,disjoint,16,24,unsafe_unpinned_baseline,5,14,1,17629637,17294904
4096,disjoint,16,24,unsafe_unpinned_baseline,5,14,2,13546667,12850930
4096,disjoint,16,24,unsafe_unpinned_baseline,5,14,3,6102975,5564525
4096,disjoint,16,24,unsafe_unpinned_baseline,5,15,0,13988293,13197977
4096,disjoint,16,24,unsafe_unpinned_baseline,5,15,1,13855822,13332071
4096,disjoint,16,24,unsafe_unpinned_baseline,5,15,2,12912757,12511066
4096,disjoint,16,24,unsafe_unpinned_baseline,5,15,3,11238889,10672606
4096,disjoint,16,24,pinned,5,0,0,14370116,11634017
4096,disjoint,16,24,pinned,5,0,1,12166805,9402301
4096,disjoint,16,24,pinned,5,0,2,24967360,22274732
4096,disjoint,16,24,pinned,5,0,3,13381064,6984764
4096,disjoint,16,24,pinned,5,1,0,7288560,4014240
4096,disjoint,16,24,pinned,5,1,1,19796550,18064841
4096,disjoint,16,24,pinned,5,1,2,22403205,20372801
4096,disjoint,16,24,pinned,5,1,3,13910426,11980613
4096,disjoint,16,24,pinned,5,2,0,23558433,21029243
4096,disjoint,16,24,pinned,5,2,1,10586733,8161602
4096,disjoint,16,24,pinned,5,2,2,12009387,10147452
4096,disjoint,16,24,pinned,5,2,3,11807795,9008455
4096,disjoint,16,24,pinned,5,3,0,11838914,9012904
4096,disjoint,16,24,pinned,5,3,1,14997184,13022856
4096,disjoint,16,24,pinned,5,3,2,22685380,20826851
4096,disjoint,16,24,pinned,5,3,3,13697413,11534628
4096,disjoint,16,24,pinned,5,4,0,23495663,19908081
4096,disjoint,16,24,pinned,5,4,1,10637951,8511876
4096,disjoint,16,24,pinned,5,4,2,11273694,9547747
4096,disjoint,16,24,pinned,5,4,3,12153279,10300381
4096,disjoint,16,24,pinned,5,5,0,14910049,12571000
4096,disjoint,16,24,pinned,5,5,1,19707201,16895828
4096,disjoint,16,24,pinned,5,5,2,21242367,16952977
4096,disjoint,16,24,pinned,5,5,3,8964352,5955365
4096,disjoint,16,24,pinned,5,6,0,14913846,11807404
4096,disjoint,16,24,pinned,5,6,1,11729907,8504121
4096,disjoint,16,24,pinned,5,6,2,21408572,19474030
4096,disjoint,16,24,pinned,5,6,3,9524602,7577907
4096,disjoint,16,24,pinned,5,7,0,14888969,11666157
4096,disjoint,16,24,pinned,5,7,1,14737432,11892355
4096,disjoint,16,24,pinned,5,7,2,26373442,22961272
4096,disjoint,16,24,pinned,5,7,3,8902996,5950165
4096,disjoint,16,24,pinned,5,8,0,23478651,19982612
4096,disjoint,16,24,pinned,5,8,1,10448021,8441152
4096,disjoint,16,24,pinned,5,8,2,11254267,9497391
4096,disjoint,16,24,pinned,5,8,3,12383525,10246800
4096,disjoint,16,24,pinned,5,9,0,14899920,11819477
4096,disjoint,16,24,pinned,5,9,1,10735104,7570182
4096,disjoint,16,24,pinned,5,9,2,13026794,11303600
4096,disjoint,16,24,pinned,5,9,3,12749618,10989966
4096,disjoint,16,24,pinned,5,10,0,7221001,4742048
4096,disjoint,16,24,pinned,5,10,1,19870890,17699149
4096,disjoint,16,24,pinned,5,10,2,31099539,28372757
4096,disjoint,16,24,pinned,5,10,3,7424187,5586376
4096,disjoint,16,24,pinned,5,11,0,7164645,4685702
4096,disjoint,16,24,pinned,5,11,1,19876491,18090670
4096,disjoint,16,24,pinned,5,11,2,26192058,23947629
4096,disjoint,16,24,pinned,5,11,3,11907143,8009093
4096,disjoint,16,24,pinned,5,12,0,27087313,24577642
4096,disjoint,16,24,pinned,5,12,1,28597302,24546753
4096,disjoint,16,24,pinned,5,12,2,9089319,5813337
4096,disjoint,16,24,pinned,5,12,3,5050231,2659616
4096,disjoint,16,24,pinned,5,13,0,14868570,11662431
4096,disjoint,16,24,pinned,5,13,1,9847554,7078742
4096,disjoint,16,24,pinned,5,13,2,9311830,7104440
4096,disjoint,16,24,pinned,5,13,3,11063266,9508542
4096,disjoint,16,24,pinned,5,14,0,7143505,4795560
4096,disjoint,16,24,pinned,5,14,1,12107753,9812738
4096,disjoint,16,24,pinned,5,14,2,8098011,5455739
4096,disjoint,16,24,pinned,5,14,3,13244305,11366190
4096,disjoint,16,24,pinned,5,15,0,23426031,20818404
4096,disjoint,16,24,pinned,5,15,1,10261448,8148858
4096,disjoint,16,24,pinned,5,15,2,13088059,10158282
4096,disjoint,16,24,pinned,5,15,3,11013601,8854353
4096,same_object,1,24,pinned,-2,0,0,5702175,3373777
4096,same_object,1,24,pinned,-2,0,1,5185467,2960645
4096,same_object,1,24,pinned,-2,0,2,7440878,3748116
4096,same_object,1,24,pinned,-2,0,3,7223075,3709873
4096,same_object,1,24,unsafe_unpinned_baseline,-2,0,0,4509728,3795125
4096,same_object,1,24,unsafe_unpinned_baseline,-2,0,1,3915793,2990622
4096,same_object,1,24,unsafe_unpinned_baseline,-2,0,2,3196832,2449417
4096,same_object,1,24,unsafe_unpinned_baseline,-2,0,3,3022823,2396387
4096,same_object,1,24,unsafe_unpinned_baseline,-1,0,0,4162771,3359701
4096,same_object,1,24,unsafe_unpinned_baseline,-1,0,1,3345053,2692888
4096,same_object,1,24,unsafe_unpinned_baseline,-1,0,2,3535994,2810862
4096,same_object,1,24,unsafe_unpinned_baseline,-1,0,3,3022292,2353877
4096,same_object,1,24,pinned,-1,0,0,5920378,3266234
4096,same_object,1,24,pinned,-1,0,1,4242733,2321195
4096,same_object,1,24,pinned,-1,0,2,4481003,2435101
4096,same_object,1,24,pinned,-1,0,3,5267383,2663242
4096,same_object,1,24,pinned,0,0,0,5895041,3380891
4096,same_object,1,24,pinned,0,0,1,5022348,3159682
4096,same_object,1,24,pinned,0,0,2,3477203,2161182
4096,same_object,1,24,pinned,0,0,3,3490178,2365298
4096,same_object,1,24,unsafe_unpinned_baseline,0,0,0,2177603,1834483
4096,same_object,1,24,unsafe_unpinned_baseline,0,0,1,1823041,1531089
4096,same_object,1,24,unsafe_unpinned_baseline,0,0,2,1603256,1334968
4096,same_object,1,24,unsafe_unpinned_baseline,0,0,3,1718273,1440106
4096,same_object,1,24,unsafe_unpinned_baseline,1,0,0,1608375,1294792
4096,same_object,1,24,unsafe_unpinned_baseline,1,0,1,1471616,1188139
4096,same_object,1,24,unsafe_unpinned_baseline,1,0,2,1531550,1247462
4096,same_object,1,24,unsafe_unpinned_baseline,1,0,3,1513315,1241841
4096,same_object,1,24,pinned,1,0,0,3100039,1356779
4096,same_object,1,24,pinned,1,0,1,2842622,1241531
4096,same_object,1,24,pinned,1,0,2,4799076,1749032
4096,same_object,1,24,pinned,1,0,3,4006486,1544414
4096,same_object,1,24,pinned,2,0,0,5966937,2660247
4096,same_object,1,24,pinned,2,0,1,7213466,3640041
4096,same_object,1,24,pinned,2,0,2,6892239,3708912
4096,same_object,1,24,pinned,2,0,3,7200603,3682752
4096,same_object,1,24,unsafe_unpinned_baseline,2,0,0,3487573,2737282
4096,same_object,1,24,unsafe_unpinned_baseline,2,0,1,4387456,3650592
4096,same_object,1,24,unsafe_unpinned_baseline,2,0,2,4186466,3245525
4096,same_object,1,24,unsafe_unpinned_baseline,2,0,3,4204931,3522970
4096,same_object,1,24,unsafe_unpinned_baseline,3,0,0,3556744,2749987
4096,same_object,1,24,unsafe_unpinned_baseline,3,0,1,3783563,2991164
4096,same_object,1,24,unsafe_unpinned_baseline,3,0,2,4307255,3232711
4096,same_object,1,24,unsafe_unpinned_baseline,3,0,3,3351085,2482149
4096,same_object,1,24,pinned,3,0,0,6660080,2992936
4096,same_object,1,24,pinned,3,0,1,6689576,3102965
4096,same_object,1,24,pinned,3,0,2,6877440,3401711
4096,same_object,1,24,pinned,3,0,3,7481023,3844057
4096,same_object,1,24,pinned,4,0,0,6290610,3376262
4096,same_object,1,24,pinned,4,0,1,5730830,3007073
4096,same_object,1,24,pinned,4,0,2,6890626,3801057
4096,same_object,1,24,pinned,4,0,3,5087912,3029716
4096,same_object,1,24,unsafe_unpinned_baseline,4,0,0,5242746,4497895
4096,same_object,1,24,unsafe_unpinned_baseline,4,0,1,4093640,3260042
4096,same_object,1,24,unsafe_unpinned_baseline,4,0,2,4193259,3393254
4096,same_object,1,24,unsafe_unpinned_baseline,4,0,3,3946391,3143482
4096,same_object,1,24,unsafe_unpinned_baseline,5,0,0,3700426,2634748
4096,same_object,1,24,unsafe_unpinned_baseline,5,0,1,3127591,2405073
4096,same_object,1,24,unsafe_unpinned_baseline,5,0,2,3690807,3022823
4096,same_object,1,24,unsafe_unpinned_baseline,5,0,3,4189212,3325857
4096,same_object,1,24,pinned,5,0,0,6179901,3676420
4096,same_object,1,24,pinned,5,0,1,3226298,1847908
4096,same_object,1,24,pinned,5,0,2,2620271,1512834
4096,same_object,1,24,pinned,5,0,3,2610061,1526200
4096,same_object,4,24,pinned,-2,0,0,8877327,6609334
4096,same_object,4,24,pinned,-2,0,1,5513238,2870465
4096,same_object,4,24,pinned,-2,0,2,6384117,4175385
4096,same_object,4,24,pinned,-2,0,3,6842535,4895789
4096,same_object,4,24,pinned,-2,1,0,8761087,6579577
4096,same_object,4,24,pinned,-2,1,1,5975383,3918268
4096,same_object,4,24,pinned,-2,1,2,7656045,5635439
4096,same_object,4,24,pinned,-2,1,3,5536482,3654870
4096,same_object,4,24,pinned,-2,2,0,8021988,5689011
4096,same_object,4,24,pinned,-2,2,1,5180107,2935939
4096,same_object,4,24,pinned,-2,2,2,4124299,2111568
4096,same_object,4,24,pinned,-2,2,3,6747705,4697183
4096,same_object,4,24,pinned,-2,3,0,8518007,6851592
4096,same_object,4,24,pinned,-2,3,1,5370528,3465081
4096,same_object,4,24,pinned,-2,3,2,6597371,4407324
4096,same_object,4,24,pinned,-2,3,3,4495040,2708979
4096,same_object,4,24,unsafe_unpinned_baseline,-2,0,0,5619308,5176721
4096,same_object,4,24,unsafe_unpinned_baseline,-2,0,1,5793769,5325192
4096,same_object,4,24,unsafe_unpinned_baseline,-2,0,2,5177673,4725597
4096,same_object,4,24,unsafe_unpinned_baseline,-2,0,3,5474124,4635286
4096,same_object,4,24,unsafe_unpinned_baseline,-2,1,0,5968851,5511164
4096,same_object,4,24,unsafe_unpinned_baseline,-2,1,1,4971062,4618054
4096,same_object,4,24,unsafe_unpinned_baseline,-2,1,2,5640118,5270739
4096,same_object,4,24,unsafe_unpinned_baseline,-2,1,3,6248881,5361772
4096,same_object,4,24,unsafe_unpinned_baseline,-2,2,0,5977026,5539518
4096,same_object,4,24,unsafe_unpinned_baseline,-2,2,1,5452724,5030574
4096,same_object,4,24,unsafe_unpinned_baseline,-2,2,2,5123650,4529015
4096,same_object,4,24,unsafe_unpinned_baseline,-2,2,3,5522546,4613465
4096,same_object,4,24,unsafe_unpinned_baseline,-2,3,0,5501646,5086510
4096,same_object,4,24,unsafe_unpinned_baseline,-2,3,1,2962218,2342895
4096,same_object,4,24,unsafe_unpinned_baseline,-2,3,2,3829841,3383075
4096,same_object,4,24,unsafe_unpinned_baseline,-2,3,3,4284221,3632928
4096,same_object,4,24,unsafe_unpinned_baseline,-1,0,0,8016958,7052172
4096,same_object,4,24,unsafe_unpinned_baseline,-1,0,1,2898438,2596717
4096,same_object,4,24,unsafe_unpinned_baseline,-1,0,2,6564037,6181814
4096,same_object,4,24,unsafe_unpinned_baseline,-1,0,3,2951939,2613588
4096,same_object,4,24,unsafe_unpinned_baseline,-1,1,0,7067491,6097204
4096,same_object,4,24,unsafe_unpinned_baseline,-1,1,1,3841523,3493545
4096,same_object,4,24,unsafe_unpinned_baseline,-1,1,2,6406760,6014828
4096,same_object,4,24,unsafe_unpinned_baseline,-1,1,3,5770716,5337365
4096,same_object,4,24,unsafe_unpinned_baseline,-1,2,0,6408874,5468073
4096,same_object,4,24,unsafe_unpinned_baseline,-1,2,1,2330683,1887103
4096,same_object,4,24,unsafe_unpinned_baseline,-1,2,2,7653280,5629449
4096,same_object,4,24,unsafe_unpinned_baseline,-1,2,3,5652502,5335602
4096,same_object,4,24,unsafe_unpinned_baseline,-1,3,0,8612616,7629925
4096,same_object,4,24,unsafe_unpinned_baseline,-1,3,1,8895462,6722548
4096,same_object,4,24,unsafe_unpinned_baseline,-1,3,2,5906863,5587078
4096,same_object,4,24,unsafe_unpinned_baseline,-1,3,3,1696893,1390412
4096,same_object,4,24,pinned,-1,0,0,6358308,2203301
4096,same_object,4,24,pinned,-1,0,1,8610623,6598373
4096,same_object,4,24,pinned,-1,0,2,6108996,3589826
4096,same_object,4,24,pinned,-1,0,3,4637710,3070934
4096,same_object,4,24,pinned,-1,1,0,4655053,2434849
4096,same_object,4,24,pinned,-1,1,1,6437998,3710464
4096,same_object,4,24,pinned,-1,1,2,7270765,4907101
4096,same_object,4,24,pinned,-1,1,3,4702583,3177256
4096,same_object,4,24,pinned,-1,2,0,6446154,2845838
4096,same_object,4,24,pinned,-1,2,1,8425282,6316028
4096,same_object,4,24,pinned,-1,2,2,6089500,3304486
4096,same_object,4,24,pinned,-1,2,3,4740676,3023594
4096,same_object,4,24,pinned,-1,3,0,3487422,1443523
4096,same_object,4,24,pinned,-1,3,1,5906362,3708581
4096,same_object,4,24,pinned,-1,3,2,6847755,5114864
4096,same_object,4,24,pinned,-1,3,3,5362061,3787331
4096,same_object,4,24,pinned,0,0,0,8616503,6619983
4096,same_object,4,24,pinned,0,0,1,9479417,6659910
4096,same_object,4,24,pinned,0,0,2,6585168,4907551
4096,same_object,4,24,pinned,0,0,3,4379561,2590464
4096,same_object,4,24,pinned,0,1,0,9486521,7288569
4096,same_object,4,24,pinned,0,1,1,9423472,6256736
4096,same_object,4,24,pinned,0,1,2,9542677,6662434
4096,same_object,4,24,pinned,0,1,3,4244226,2642242
4096,same_object,4,24,pinned,0,2,0,8929015,6647776
4096,same_object,4,24,pinned,0,2,1,9974835,7115983
4096,same_object,4,24,pinned,0,2,2,8437274,6553497
4096,same_object,4,24,pinned,0,2,3,5291919,2530280
4096,same_object,4,24,pinned,0,3,0,8682939,6530724
4096,same_object,4,24,pinned,0,3,1,9374188,6467495
4096,same_object,4,24,pinned,0,3,2,9199767,7155146
4096,same_object,4,24,pinned,0,3,3,5098623,3477574
4096,same_object,4,24,unsafe_unpinned_baseline,0,0,0,4932198,3626717
4096,same_object,4,24,unsafe_unpinned_baseline,0,0,1,5403350,4757708
4096,same_object,4,24,unsafe_unpinned_baseline,0,0,2,7298317,6906576
4096,same_object,4,24,unsafe_unpinned_baseline,0,0,3,4666485,3955348
4096,same_object,4,24,unsafe_unpinned_baseline,0,1,0,6764436,6131738
4096,same_object,4,24,unsafe_unpinned_baseline,0,1,1,8487600,7453582
4096,same_object,4,24,unsafe_unpinned_baseline,0,1,2,6413983,5156763
4096,same_object,4,24,unsafe_unpinned_baseline,0,1,3,2223519,1619846
4096,same_object,4,24,unsafe_unpinned_baseline,0,2,0,6731674,6132781
4096,same_object,4,24,unsafe_unpinned_baseline,0,2,1,9419093,8887616
4096,same_object,4,24,unsafe_unpinned_baseline,0,2,2,6136398,5310333
4096,same_object,4,24,unsafe_unpinned_baseline,0,2,3,2365869,1706090
4096,same_object,4,24,unsafe_unpinned_baseline,0,3,0,6740512,6125447
4096,same_object,4,24,unsafe_unpinned_baseline,0,3,1,6345494,5799119
4096,same_object,4,24,unsafe_unpinned_baseline,0,3,2,5015325,4703415
4096,same_object,4,24,unsafe_unpinned_baseline,0,3,3,3925783,3220768
4096,same_object,4,24,unsafe_unpinned_baseline,1,0,0,15352066,14664243
4096,same_object,4,24,unsafe_unpinned_baseline,1,0,1,8958892,8159408
4096,same_object,4,24,unsafe_unpinned_baseline,1,0,2,6537567,4965972
4096,same_object,4,24,unsafe_unpinned_baseline,1,0,3,2442244,1912010
4096,same_object,4,24,unsafe_unpinned_baseline,1,1,0,10253402,7600710
4096,same_object,4,24,unsafe_unpinned_baseline,1,1,1,5156603,3876619
4096,same_object,4,24,unsafe_unpinned_baseline,1,1,2,8873811,8047296
4096,same_object,4,24,unsafe_unpinned_baseline,1,1,3,6545934,5986053
4096,same_object,4,24,unsafe_unpinned_baseline,1,2,0,12688062,12054322
4096,same_object,4,24,unsafe_unpinned_baseline,1,2,1,3971269,2982867
4096,same_object,4,24,unsafe_unpinned_baseline,1,2,2,8046845,6395508
4096,same_object,4,24,unsafe_unpinned_baseline,1,2,3,6016741,4876272
4096,same_object,4,24,unsafe_unpinned_baseline,1,3,0,7163523,6533520
4096,same_object,4,24,unsafe_unpinned_baseline,1,3,1,7051281,5887006
4096,same_object,4,24,unsafe_unpinned_baseline,1,3,2,9597441,8605893
4096,same_object,4,24,unsafe_unpinned_baseline,1,3,3,6054172,5102581
4096,same_object,4,24,pinned,1,0,0,8705882,5479254
4096,same_object,4,24,pinned,1,0,1,5627323,3428061
4096,same_object,4,24,pinned,1,0,2,8619028,6134414
4096,same_object,4,24,pinned,1,0,3,4073271,1573008
4096,same_object,4,24,pinned,1,1,0,7030331,4704346
4096,same_object,4,24,pinned,1,1,1,7055598,4524946
4096,same_object,4,24,pinned,1,1,2,8651920,5813106
4096,same_object,4,24,pinned,1,1,3,5658864,2954814
4096,same_object,4,24,pinned,1,2,0,6741173,4058293
4096,same_object,4,24,pinned,1,2,1,5774172,3389757
4096,same_object,4,24,pinned,1,2,2,9277845,6553166
4096,same_object,4,24,pinned,1,2,3,3748567,1574401
4096,same_object,4,24,pinned,1,3,0,7109250,4761895
4096,same_object,4,24,pinned,1,3,1,6962172,3762233
4096,same_object,4,24,pinned,1,3,2,8622535,6113455
4096,same_object,4,24,pinned,1,3,3,5686246,3267576
4096,same_object,4,24,pinned,2,0,0,8095316,5028280
4096,same_object,4,24,pinned,2,0,1,7435016,5094325
4096,same_object,4,24,pinned,2,0,2,5268785,3080161
4096,same_object,4,24,pinned,2,0,3,4828893,3111421
4096,same_object,4,24,pinned,2,1,0,5319371,3314304
4096,same_object,4,24,pinned,2,1,1,6990795,4019891
4096,same_object,4,24,pinned,2,1,2,6295729,3960838
4096,same_object,4,24,pinned,2,1,3,7081768,5101068
4096,same_object,4,24,pinned,2,2,0,9503933,6926935
4096,same_object,4,24,pinned,2,2,1,7958939,5296838
4096,same_object,4,24,pinned,2,2,2,7139868,4760413
4096,same_object,4,24,pinned,2,2,3,5007731,1900458
4096,same_object,4,24,pinned,2,3,0,9497441,6927466
4096,same_object,4,24,pinned,2,3,1,7977734,5589573
4096,same_object,4,24,pinned,2,3,2,6863444,4488188
4096,same_object,4,24,pinned,2,3,3,6622338,5010496
4096,same_object,4,24,unsafe_unpinned_baseline,2,0,0,5370408,4867996
4096,same_object,4,24,unsafe_unpinned_baseline,2,0,1,5041465,4615028
4096,same_object,4,24,unsafe_unpinned_baseline,2,0,2,2286398,1975871
4096,same_object,4,24,unsafe_unpinned_baseline,2,0,3,4712031,4449804
4096,same_object,4,24,unsafe_unpinned_baseline,2,1,0,7670031,7354153
4096,same_object,4,24,unsafe_unpinned_baseline,2,1,1,3531556,3270352
4096,same_object,4,24,unsafe_unpinned_baseline,2,1,2,3365171,3120959
4096,same_object,4,24,unsafe_unpinned_baseline,2,1,3,4197356,3934119
4096,same_object,4,24,unsafe_unpinned_baseline,2,2,0,11049309,10698625
4096,same_object,4,24,unsafe_unpinned_baseline,2,2,1,4744602,4452189
4096,same_object,4,24,unsafe_unpinned_baseline,2,2,2,3203305,2959713
4096,same_object,4,24,unsafe_unpinned_baseline,2,2,3,2065711,1883486
4096,same_object,4,24,unsafe_unpinned_baseline,2,3,0,5545038,5230933
4096,same_object,4,24,unsafe_unpinned_baseline,2,3,1,5902254,5589271
4096,same_object,4,24,unsafe_unpinned_baseline,2,3,2,6666771,6329774
4096,same_object,4,24,unsafe_unpinned_baseline,2,3,3,1894888,1706881
4096,same_object,4,24,unsafe_unpinned_baseline,3,0,0,4378469,4008980
4096,same_object,4,24,unsafe_unpinned_baseline,3,0,1,2123851,1811660
4096,same_object,4,24,unsafe_unpinned_baseline,3,0,2,6231748,5987937
4096,same_object,4,24,unsafe_unpinned_baseline,3,0,3,4294651,4071158
4096,same_object,4,24,unsafe_unpinned_baseline,3,1,0,5065841,4678568
4096,same_object,4,24,unsafe_unpinned_baseline,3,1,1,7798324,6745932
4096,same_object,4,24,unsafe_unpinned_baseline,3,1,2,4601542,4005333
4096,same_object,4,24,unsafe_unpinned_baseline,3,1,3,3857433,2625791
4096,same_object,4,24,unsafe_unpinned_baseline,3,2,0,5639287,5235833
4096,same_object,4,24,unsafe_unpinned_baseline,3,2,1,6416578,5952971
4096,same_object,4,24,unsafe_unpinned_baseline,3,2,2,3009618,2766858
4096,same_object,4,24,unsafe_unpinned_baseline,3,2,3,3027902,2764685
4096,same_object,4,24,unsafe_unpinned_baseline,3,3,0,5049049,4647069
4096,same_object,4,24,unsafe_unpinned_baseline,3,3,1,5216306,4910246
4096,same_object,4,24,unsafe_unpinned_baseline,3,3,2,2516274,2265129
4096,same_object,4,24,unsafe_unpinned_baseline,3,3,3,3940901,3698031
4096,same_object,4,24,pinned,3,0,0,7347821,4646497
4096,same_object,4,24,pinned,3,0,1,7925004,6184218
4096,same_object,4,24,pinned,3,0,2,7361217,5122578
4096,same_object,4,24,pinned,3,0,3,7426250,5265028
4096,same_object,4,24,pinned,3,1,0,7787404,5012390
4096,same_object,4,24,pinned,3,1,1,8006940,6141477
4096,same_object,4,24,pinned,3,1,2,7059545,4840243
4096,same_object,4,24,pinned,3,1,3,7360235,4890018
4096,same_object,4,24,pinned,3,2,0,7656837,5061352
4096,same_object,4,24,pinned,3,2,1,8889540,6428241
4096,same_object,4,24,pinned,3,2,2,6144854,3758095
4096,same_object,4,24,pinned,3,2,3,7527291,5451691
4096,same_object,4,24,pinned,3,3,0,7848029,5012480
4096,same_object,4,24,pinned,3,3,1,7405982,5818115
4096,same_object,4,24,pinned,3,3,2,7369071,4753229
4096,same_object,4,24,pinned,3,3,3,7250487,5368123
4096,same_object,4,24,pinned,4,0,0,9651002,6769105
4096,same_object,4,24,pinned,4,0,1,7730166,5362863
4096,same_object,4,24,pinned,4,0,2,5879140,3770459
4096,same_object,4,24,pinned,4,0,3,3768685,2325543
4096,same_object,4,24,pinned,4,1,0,9652073,6450442
4096,same_object,4,24,pinned,4,1,1,7921858,6480098
4096,same_object,4,24,pinned,4,1,2,6074140,4359544
4096,same_object,4,24,pinned,4,1,3,4716380,2785324
4096,same_object,4,24,pinned,4,2,0,9421948,6731044
4096,same_object,4,24,pinned,4,2,1,7493067,5930338
4096,same_object,4,24,pinned,4,2,2,8479053,2340441
4096,same_object,4,24,pinned,4,2,3,4013849,2646420
4096,same_object,4,24,pinned,4,3,0,10095303,6763004
4096,same_object,4,24,pinned,4,3,1,7842007,5082443
4096,same_object,4,24,pinned,4,3,2,5496877,3179640
4096,same_object,4,24,pinned,4,3,3,3013947,1585743
4096,same_object,4,24,unsafe_unpinned_baseline,4,0,0,5824096,5459907
4096,same_object,4,24,unsafe_unpinned_baseline,4,0,1,4739914,4260476
4096,same_object,4,24,unsafe_unpinned_baseline,4,0,2,3602060,3364450
4096,same_object,4,24,unsafe_unpinned_baseline,4,0,3,4928321,4530638
4096,same_object,4,24,unsafe_unpinned_baseline,4,1,0,5766217,5135422
4096,same_object,4,24,unsafe_unpinned_baseline,4,1,1,4962826,4638031
4096,same_object,4,24,unsafe_unpinned_baseline,4,1,2,3467224,3229995
4096,same_object,4,24,unsafe_unpinned_baseline,4,1,3,4911278,4603536
4096,same_object,4,24,unsafe_unpinned_baseline,4,2,0,5749625,5381588
4096,same_object,4,24,unsafe_unpinned_baseline,4,2,1,4903284,4561426
4096,same_object,4,24,unsafe_unpinned_baseline,4,2,2,2942771,2682589
4096,same_object,4,24,unsafe_unpinned_baseline,4,2,3,1528274,1241741
4096,same_object,4,24,unsafe_unpinned_baseline,4,3,0,6079149,5632594
4096,same_object,4,24,unsafe_unpinned_baseline,4,3,1,4618344,4363251
4096,same_object,4,24,unsafe_unpinned_baseline,4,3,2,3872933,3633770
4096,same_object,4,24,unsafe_unpinned_baseline,4,3,3,4113969,3851231
4096,same_object,4,24,unsafe_unpinned_baseline,5,0,0,6883913,6288876
4096,same_object,4,24,unsafe_unpinned_baseline,5,0,1,2146434,1492065
4096,same_object,4,24,unsafe_unpinned_baseline,5,0,2,3439312,3204577
4096,same_object,4,24,unsafe_unpinned_baseline,5,0,3,4969118,4692104
4096,same_object,4,24,unsafe_unpinned_baseline,5,1,0,5065009,4483929
4096,same_object,4,24,unsafe_unpinned_baseline,5,1,1,3124555,2891404
4096,same_object,4,24,unsafe_unpinned_baseline,5,1,2,3962903,3705205
4096,same_object,4,24,unsafe_unpinned_baseline,5,1,3,5207700,4825386
4096,same_object,4,24,unsafe_unpinned_baseline,5,2,0,6266775,5691415
4096,same_object,4,24,unsafe_unpinned_baseline,5,2,1,5688260,5402267
4096,same_object,4,24,unsafe_unpinned_baseline,5,2,2,5678050,5113972
4096,same_object,4,24,unsafe_unpinned_baseline,5,2,3,1616010,1303708
4096,same_object,4,24,unsafe_unpinned_baseline,5,3,0,2685064,2184697
4096,same_object,4,24,unsafe_unpinned_baseline,5,3,1,4043816,3494155
4096,same_object,4,24,unsafe_unpinned_baseline,5,3,2,5558363,5266962
4096,same_object,4,24,unsafe_unpinned_baseline,5,3,3,5438106,5172172
4096,same_object,4,24,pinned,5,0,0,5892556,3808450
4096,same_object,4,24,pinned,5,0,1,3617969,1970530
4096,same_object,4,24,pinned,5,0,2,6150154,4802883
4096,same_object,4,24,pinned,5,0,3,4402134,2970875
4096,same_object,4,24,pinned,5,1,0,4162861,2206087
4096,same_object,4,24,pinned,5,1,1,3250073,1884859
4096,same_object,4,24,pinned,5,1,2,5042937,3714954
4096,same_object,4,24,pinned,5,1,3,3755120,2536853
4096,same_object,4,24,pinned,5,2,0,6463658,4388629
4096,same_object,4,24,pinned,5,2,1,4094642,2460088
4096,same_object,4,24,pinned,5,2,2,5097911,3753005
4096,same_object,4,24,pinned,5,2,3,6830321,3930732
4096,same_object,4,24,pinned,5,3,0,4693145,2657371
4096,same_object,4,24,pinned,5,3,1,3287103,1999335
4096,same_object,4,24,pinned,5,3,2,7674860,5769954
4096,same_object,4,24,pinned,5,3,3,5311796,4138696
4096,same_object,16,24,pinned,-2,0,0,24225705,20785051
4096,same_object,16,24,pinned,-2,0,1,13579189,12052609
4096,same_object,16,24,pinned,-2,0,2,12545672,11048708
4096,same_object,16,24,pinned,-2,0,3,18587290,17361650
4096,same_object,16,24,pinned,-2,1,0,10982252,8075930
4096,same_object,16,24,pinned,-2,1,1,20789620,19169562
4096,same_object,16,24,pinned,-2,1,2,14286779,12759928
4096,same_object,16,24,pinned,-2,1,3,10371726,8521773
4096,same_object,16,24,pinned,-2,2,0,10719986,7982843
4096,same_object,16,24,pinned,-2,2,1,22015801,19898112
4096,same_object,16,24,pinned,-2,2,2,12798030,11437955
4096,same_object,16,24,pinned,-2,2,3,13882252,12203123
4096,same_object,16,24,pinned,-2,3,0,10275926,8392268
4096,same_object,16,24,pinned,-2,3,1,18524522,16421881
4096,same_object,16,24,pinned,-2,3,2,13388458,11415843
4096,same_object,16,24,pinned,-2,3,3,21847543,20598198
4096,same_object,16,24,pinned,-2,4,0,24148970,20428917
4096,same_object,16,24,pinned,-2,4,1,13563810,11909268
4096,same_object,16,24,pinned,-2,4,2,12606447,10868216
4096,same_object,16,24,pinned,-2,4,3,12147778,10475413
4096,same_object,16,24,pinned,-2,5,0,35215863,32460035
4096,same_object,16,24,pinned,-2,5,1,18381171,17050161
4096,same_object,16,24,pinned,-2,5,2,15304175,13268280
4096,same_object,16,24,pinned,-2,5,3,3168459,1563410
4096,same_object,16,24,pinned,-2,6,0,24185570,20757499
4096,same_object,16,24,pinned,-2,6,1,17027358,15248730
4096,same_object,16,24,pinned,-2,6,2,13621339,11537263
4096,same_object,16,24,pinned,-2,6,3,10558750,8973409
4096,same_object,16,24,pinned,-2,7,0,10171257,7230238
4096,same_object,16,24,pinned,-2,7,1,22276575,20309130
4096,same_object,16,24,pinned,-2,7,2,12412059,10678798
4096,same_object,16,24,pinned,-2,7,3,14504741,13021192
4096,same_object,16,24,pinned,-2,8,0,24057207,20003412
4096,same_object,16,24,pinned,-2,8,1,13617361,12122731
4096,same_object,16,24,pinned,-2,8,2,12567072,11049769
4096,same_object,16,24,pinned,-2,8,3,11789480,10387376
4096,same_object,16,24,pinned,-2,9,0,24047768,20755316
4096,same_object,16,24,pinned,-2,9,1,13057962,11508078
4096,same_object,16,24,pinned,-2,9,2,15624682,13670873
4096,same_object,16,24,pinned,-2,9,3,12206741,10878916
4096,same_object,16,24,pinned,-2,10,0,11731060,8982407
4096,same_object,16,24,pinned,-2,10,1,26861226,24879784
4096,same_object,16,24,pinned,-2,10,2,25911397,24411257
4096,same_object,16,24,pinned,-2,10,3,4669551,3413252
4096,same_object,16,24,pinned,-2,11,0,24059661,20828254
4096,same_object,16,24,pinned,-2,11,1,24686088,23295294
4096,same_object,16,24,pinned,-2,11,2,13895978,12384387
4096,same_object,16,24,pinned,-2,11,3,5375257,4418556
4096,same_object,16,24,pinned,-2,12,0,23859141,20011798
4096,same_object,16,24,pinned,-2,12,1,24909190,23387889
4096,same_object,16,24,pinned,-2,12,2,12437808,11274636
4096,same_object,16,24,pinned,-2,12,3,6673385,5378934
4096,same_object,16,24,pinned,-2,13,0,23986673,20747321
4096,same_object,16,24,pinned,-2,13,1,13654682,11974691
4096,same_object,16,24,pinned,-2,13,2,12568395,10967143
4096,same_object,16,24,pinned,-2,13,3,11941178,10452549
4096,same_object,16,24,pinned,-2,14,0,10508476,7660473
4096,same_object,16,24,pinned,-2,14,1,21144502,19365083
4096,same_object,16,24,pinned,-2,14,2,14131685,12572624
4096,same_object,16,24,pinned,-2,14,3,11240411,9931082
4096,same_object,16,24,pinned,-2,15,0,35468351,32950033
4096,same_object,16,24,pinned,-2,15,1,14044991,12689184
4096,same_object,16,24,pinned,-2,15,2,12729139,11303801
4096,same_object,16,24,pinned,-2,15,3,5723516,4583839
4096,same_object,16,24,unsafe_unpinned_baseline,-2,0,0,13726808,13380222
4096,same_object,16,24,unsafe_unpinned_baseline,-2,0,1,11501386,10453361
4096,same_object,16,24,unsafe_unpinned_baseline,-2,0,2,15597169,15337217
4096,same_object,16,24,unsafe_unpinned_baseline,-2,0,3,10124518,9835962
4096,same_object,16,24,unsafe_unpinned_baseline,-2,1,0,18742545,18208995
4096,same_object,16,24,unsafe_unpinned_baseline,-2,1,1,14404221,13998513
4096,same_object,16,24,unsafe_unpinned_baseline,-2,1,2,12537708,12207532
4096,same_object,16,24,unsafe_unpinned_baseline,-2,1,3,8863241,8601305
4096,same_object,16,24,unsafe_unpinned_baseline,-2,2,0,22456306,21958624
4096,same_object,16,24,unsafe_unpinned_baseline,-2,2,1,20121956,19888754
4096,same_object,16,24,unsafe_unpinned_baseline,-2,2,2,10316983,10031732
4096,same_object,16,24,unsafe_unpinned_baseline,-2,2,3,8096588,7861804
4096,same_object,16,24,unsafe_unpinned_baseline,-2,3,0,5013953,4660173
4096,same_object,16,24,unsafe_unpinned_baseline,-2,3,1,15434722,14849975
4096,same_object,16,24,unsafe_unpinned_baseline,-2,3,2,11908666,11601244
4096,same_object,16,24,unsafe_unpinned_baseline,-2,3,3,14246753,13943969
4096,same_object,16,24,unsafe_unpinned_baseline,-2,4,0,19016283,18620063
4096,same_object,16,24,unsafe_unpinned_baseline,-2,4,1,30517597,29949642
4096,same_object,16,24,unsafe_unpinned_baseline,-2,4,2,11485275,10848108
4096,same_object,16,24,unsafe_unpinned_baseline,-2,4,3,1394570,1097839
4096,same_object,16,24,unsafe_unpinned_baseline,-2,5,0,4985519,4606351
4096,same_object,16,24,unsafe_unpinned_baseline,-2,5,1,15480759,15047750
4096,same_object,16,24,unsafe_unpinned_baseline,-2,5,2,11875754,11622374
4096,same_object,16,24,unsafe_unpinned_baseline,-2,5,3,14631090,14338076
4096,same_object,16,24,unsafe_unpinned_baseline,-2,6,0,18765548,18211449
4096,same_object,16,24,unsafe_unpinned_baseline,-2,6,1,30849335,30223310
4096,same_object,16,24,unsafe_unpinned_baseline,-2,6,2,11788939,11192941
4096,same_object,16,24,unsafe_unpinned_baseline,-2,6,3,2540861,1886762
4096,same_object,16,24,unsafe_unpinned_baseline,-2,7,0,18686799,18297152
4096,same_object,16,24,unsafe_unpinned_baseline,-2,7,1,13916647,13516460
4096,same_object,16,24,unsafe_unpinned_baseline,-2,7,2,14479845,14177001
4096,same_object,16,24,unsafe_unpinned_baseline,-2,7,3,14290135,13972053
4096,same_object,16,24,unsafe_unpinned_baseline,-2,8,0,18752483,18243460
4096,same_object,16,24,unsafe_unpinned_baseline,-2,8,1,14325783,13969948
4096,same_object,16,24,unsafe_unpinned_baseline,-2,8,2,13923702,13590090
4096,same_object,16,24,unsafe_unpinned_baseline,-2,8,3,8318048,8048227
4096,same_object,16,24,unsafe_unpinned_baseline,-2,9,0,21790565,21314975
4096,same_object,16,24,unsafe_unpinned_baseline,-2,9,1,10772596,10482717
4096,same_object,16,24,unsafe_unpinned_baseline,-2,9,2,14531081,14258084
4096,same_object,16,24,unsafe_unpinned_baseline,-2,9,3,8139039,7925004
4096,same_object,16,24,unsafe_unpinned_baseline,-2,10,0,17468913,16957626
4096,same_object,16,24,unsafe_unpinned_baseline,-2,10,1,6856882,6120889
4096,same_object,16,24,unsafe_unpinned_baseline,-2,10,2,15969123,15686909
4096,same_object,16,24,unsafe_unpinned_baseline,-2,10,3,11319972,10948388
4096,same_object,16,24,unsafe_unpinned_baseline,-2,11,0,18728818,18247497
4096,same_object,16,24,unsafe_unpinned_baseline,-2,11,1,14350890,13999304
4096,same_object,16,24,unsafe_unpinned_baseline,-2,11,2,20014753,19663859
4096,same_object,16,24,unsafe_unpinned_baseline,-2,11,3,7275835,7000113
4096,same_object,16,24,unsafe_unpinned_baseline,-2,12,0,18675207,18203223
4096,same_object,16,24,unsafe_unpinned_baseline,-2,12,1,24431456,24023653
4096,same_object,16,24,unsafe_unpinned_baseline,-2,12,2,9931383,9635833
4096,same_object,16,24,unsafe_unpinned_baseline,-2,12,3,8401006,8148527
4096,same_object,16,24,unsafe_unpinned_baseline,-2,13,0,4947587,4582616
4096,same_object,16,24,unsafe_unpinned_baseline,-2,13,1,15427568,15037210
4096,same_object,16,24,unsafe_unpinned_baseline,-2,13,2,11896042,11607897
4096,same_object,16,24,unsafe_unpinned_baseline,-2,13,3,12938326,12633378
4096,same_object,16,24,unsafe_unpinned_baseline,-2,14,0,18670308,18318181
4096,same_object,16,24,unsafe_unpinned_baseline,-2,14,1,28896469,28498044
4096,same_object,16,24,unsafe_unpinned_baseline,-2,14,2,7536689,7214358
4096,same_object,16,24,unsafe_unpinned_baseline,-2,14,3,6248680,6016351
4096,same_object,16,24,unsafe_unpinned_baseline,-2,15,0,4802122,4431430
4096,same_object,16,24,unsafe_unpinned_baseline,-2,15,1,15618610,15292673
4096,same_object,16,24,unsafe_unpinned_baseline,-2,15,2,11839075,11589151
4096,same_object,16,24,unsafe_unpinned_baseline,-2,15,3,13459062,13153483
4096,same_object,16,24,unsafe_unpinned_baseline,-1,0,0,6778033,6390289
4096,same_object,16,24,unsafe_unpinned_baseline,-1,0,1,12961088,12469869
4096,same_object,16,24,unsafe_unpinned_baseline,-1,0,2,7981772,7720216
4096,same_object,16,24,unsafe_unpinned_baseline,-1,0,3,23336983,22988383
4096,same_object,16,24,unsafe_unpinned_baseline,-1,1,0,20717634,20203029
4096,same_object,16,24,unsafe_unpinned_baseline,-1,1,1,18852483,18544630
4096,same_object,16,24,unsafe_unpinned_baseline,-1,1,2,11179175,10605409
4096,same_object,16,24,unsafe_unpinned_baseline,-1,1,3,12161886,11654354
4096,same_object,16,24,unsafe_unpinned_baseline,-1,2,0,20754183,19585089
4096,same_object,16,24,unsafe_unpinned_baseline,-1,2,1,8158727,7861424
4096,same_object,16,24,unsafe_unpinned_baseline,-1,2,2,20269235,19909003
4096,same_object,16,24,unsafe_unpinned_baseline,-1,2,3,13942286,13470393
4096,same_object,16,24,unsafe_unpinned_baseline,-1,3,0,26928372,26347122
4096,same_object,16,24,unsafe_unpinned_baseline,-1,3,1,16644342,16230639
4096,same_object,16,24,unsafe_unpinned_baseline,-1,3,2,11576177,6437428
4096,same_object,16,24,unsafe_unpinned_baseline,-1,3,3,8765435,8470697
4096,same_object,16,24,unsafe_unpinned_baseline,-1,4,0,6580399,6041709
4096,same_object,16,24,unsafe_unpinned_baseline,-1,4,1,13491072,12596729
4096,same_object,16,24,unsafe_unpinned_baseline,-1,4,2,7822820,7240909
4096,same_object,16,24,unsafe_unpinned_baseline,-1,4,3,20987084,20715049
4096,same_object,16,24,unsafe_unpinned_baseline,-1,5,0,25664660,25123215
4096,same_object,16,24,unsafe_unpinned_baseline,-1,5,1,13473198,13029418
4096,same_object,16,24,unsafe_unpinned_baseline,-1,5,2,11653964,11309141
4096,same_object,16,24,unsafe_unpinned_baseline,-1,5,3,12059652,11577259
4096,same_object,16,24,unsafe_unpinned_baseline,-1,6,0,26889559,26364264
4096,same_object,16,24,unsafe_unpinned_baseline,-1,6,1,24125185,23790802
4096,same_object,16,24,unsafe_unpinned_baseline,-1,6,2,11974992,11468212
4096,same_object,16,24,unsafe_unpinned_baseline,-1,6,3,2271991,1929103
4096,same_object,16,24,unsafe_unpinned_baseline,-1,7,0,9474217,8899279
4096,same_object,16,24,unsafe_unpinned_baseline,-1,7,1,13697142,13453731
4096,same_object,16,24,unsafe_unpinned_baseline,-1,7,2,12000680,11568873
4096,same_object,16,24,unsafe_unpinned_baseline,-1,7,3,19417392,18295518
4096,same_object,16,24,unsafe_unpinned_baseline,-1,8,0,20938362,20428286
4096,same_object,16,24,unsafe_unpinned_baseline,-1,8,1,27872119,27265150
4096,same_object,16,24,unsafe_unpinned_baseline,-1,8,2,6880457,6238831
4096,same_object,16,24,unsafe_unpinned_baseline,-1,8,3,8353165,8047406
4096,same_object,16,24,unsafe_unpinned_baseline,-1,9,0,20686755,20175938
4096,same_object,16,24,unsafe_unpinned_baseline,-1,9,1,8085708,7802732
4096,same_object,16,24,unsafe_unpinned_baseline,-1,9,2,20057043,19677645
4096,same_object,16,24,unsafe_unpinned_baseline,-1,9,3,13137493,12209586
4096,same_object,16,24,unsafe_unpinned_baseline,-1,10,0,20606884,20139258
4096,same_object,16,24,unsafe_unpinned_baseline,-1,10,1,8155650,7866964
4096,same_object,16,24,unsafe_unpinned_baseline,-1,10,2,20025553,19702332
4096,same_object,16,24,unsafe_unpinned_baseline,-1,10,3,6750190,6115377
4096,same_object,16,24,unsafe_unpinned_baseline,-1,11,0,8022138,7579640
4096,same_object,16,24,unsafe_unpinned_baseline,-1,11,1,23869501,23630599
4096,same_object,16,24,unsafe_unpinned_baseline,-1,11,2,19232773,18688001
4096,same_object,16,24,unsafe_unpinned_baseline,-1,11,3,14109723,13710277
4096,same_object,16,24,unsafe_unpinned_baseline,-1,12,0,26840476,26361760
4096,same_object,16,24,unsafe_unpinned_baseline,-1,12,1,21935169,21596368
4096,same_object,16,24,unsafe_unpinned_baseline,-1,12,2,6877171,6242809
4096,same_object,16,24,unsafe_unpinned_baseline,-1,12,3,8101920,7809666
4096,same_object,16,24,unsafe_unpinned_baseline,-1,13,0,20890832,20409060
4096,same_object,16,24,unsafe_unpinned_baseline,-1,13,1,18355623,17864913
4096,same_object,16,24,unsafe_unpinned_baseline,-1,13,2,11441912,11120274
4096,same_object,16,24,unsafe_unpinned_baseline,-1,13,3,12579988,12056997
4096,same_object,16,24,unsafe_unpinned_baseline,-1,14,0,6592762,6258769
4096,same_object,16,24,unsafe_unpinned_baseline,-1,14,1,13185113,12932134
4096,same_object,16,24,unsafe_unpinned_baseline,-1,14,2,8964011,8587899
4096,same_object,16,24,unsafe_unpinned_baseline,-1,14,3,20292759,19912660
4096,same_object,16,24,unsafe_unpinned_baseline,-1,15,0,6528190,6131659
4096,same_object,16,24,unsafe_unpinned_baseline,-1,15,1,25325307,24474036
4096,same_object,16,24,unsafe_unpinned_baseline,-1,15,2,18805303,18449530
4096,same_object,16,24,unsafe_unpinned_baseline,-1,15,3,12110869,11570256
4096,same_object,16,24,pinned,-1,0,0,9184639,6653287
4096,same_object,16,24,pinned,-1,0,1,18923928,17541029
4096,same_object,16,24,pinned,-1,0,2,8849624,7367017
4096,same_object,16,24,pinned,-1,0,3,9776870,8404802
4096,same_object,16,24,pinned,-1,1,0,22053323,19409618
4096,same_object,16,24,pinned,-1,1,1,7078822,5494071
4096,same_object,16,24,pinned,-1,1,2,15478014,14021847
4096,same_object,16,24,pinned,-1,1,3,10945242,9232990
4096,same_object,16,24,pinned,-1,2,0,23089845,20530629
4096,same_object,16,24,pinned,-1,2,1,10220319,8901072
4096,same_object,16,24,pinned,-1,2,2,9903380,8404442
4096,same_object,16,24,pinned,-1,2,3,6302673,5112239
4096,same_object,16,24,pinned,-1,3,0,15727356,12941462
4096,same_object,16,24,pinned,-1,3,1,12047429,10703384
4096,same_object,16,24,pinned,-1,3,2,9327098,7888074
4096,same_object,16,24,pinned,-1,3,3,9670639,8337646
4096,same_object,16,24,pinned,-1,4,0,24098164,21682130
4096,same_object,16,24,pinned,-1,4,1,16655333,15363657
4096,same_object,16,24,pinned,-1,4,2,9207532,8035954
4096,same_object,16,24,pinned,-1,4,3,7248874,5941519
4096,same_object,16,24,pinned,-1,5,0,23416393,21007924
4096,same_object,16,24,pinned,-1,5,1,17093432,15624802
4096,same_object,16,24,pinned,-1,5,2,16916938,15499765
4096,same_object,16,24,pinned,-1,5,3,2766808,1409819
4096,same_object,16,24,pinned,-1,6,0,21411437,18705815
4096,same_object,16,24,pinned,-1,6,1,7559603,5925318
4096,same_object,16,24,pinned,-1,6,2,15922285,14298400
4096,same_object,16,24,pinned,-1,6,3,11631802,10372819
4096,same_object,16,24,pinned,-1,7,0,22031341,18758354
4096,same_object,16,24,pinned,-1,7,1,7023677,5453695
4096,same_object,16,24,pinned,-1,7,2,15970156,14252263
4096,same_object,16,24,pinned,-1,7,3,11513048,10211723
4096,same_object,16,24,pinned,-1,8,0,15667352,12930521
4096,same_object,16,24,pinned,-1,8,1,12520023,11124191
4096,same_object,16,24,pinned,-1,8,2,9107794,7247251
4096,same_object,16,24,pinned,-1,8,3,8273214,6676461
4096,same_object,16,24,pinned,-1,9,0,21405085,18750720
4096,same_object,16,24,pinned,-1,9,1,7813072,6160544
4096,same_object,16,24,pinned,-1,9,2,15694052,14143116
4096,same_object,16,24,pinned,-1,9,3,11123229,9431236
4096,same_object,16,24,pinned,-1,10,0,14686886,11551389
4096,same_object,16,24,pinned,-1,10,1,13906759,11976675
4096,same_object,16,24,pinned,-1,10,2,8742031,6844959
4096,same_object,16,24,pinned,-1,10,3,15696748,13944451
4096,same_object,16,24,pinned,-1,11,0,9583394,7160446
4096,same_object,16,24,pinned,-1,11,1,18535924,17235160
4096,same_object,16,24,pinned,-1,11,2,9347207,7371647
4096,same_object,16,24,pinned,-1,11,3,9275972,7810157
4096,same_object,16,24,pinned,-1,12,0,17134079,14728304
4096,same_object,16,24,pinned,-1,12,1,14011768,12717027
4096,same_object,16,24,pinned,-1,12,2,13760312,12115758
4096,same_object,16,24,pinned,-1,12,3,11120484,9348429
4096,same_object,16,24,pinned,-1,13,0,24237939,21745029
4096,same_object,16,24,pinned,-1,13,1,14946527,13537169
4096,same_object,16,24,pinned,-1,13,2,15902658,14203982
4096,same_object,16,24,pinned,-1,13,3,4007116,2403521
4096,same_object,16,24,pinned,-1,14,0,17292359,14839004
4096,same_object,16,24,pinned,-1,14,1,12278646,10666715
4096,same_object,16,24,pinned,-1,14,2,8146232,6475399
4096,same_object,16,24,pinned,-1,14,3,8937131,7632451
4096,same_object,16,24,pinned,-1,15,0,8909929,6168288
4096,same_object,16,24,pinned,-1,15,1,17797075,16441749
4096,same_object,16,24,pinned,-1,15,2,13774880,12590317
4096,same_object,16,24,pinned,-1,15,3,10083321,8552432
4096,same_object,16,24,pinned,0,0,0,16392906,14358625
4096,same_object,16,24,pinned,0,0,1,8368944,6796517
4096,same_object,16,24,pinned,0,0,2,19236049,17160639
4096,same_object,16,24,pinned,0,0,3,15513511,13327322
4096,same_object,16,24,pinned,0,1,0,18538448,16130359
4096,same_object,16,24,pinned,0,1,1,13343913,11931449
4096,same_object,16,24,pinned,0,1,2,15290850,13877854
4096,same_object,16,24,pinned,0,1,3,14238367,12613731
4096,same_object,16,24,pinned,0,2,0,19820325,16866803
4096,same_object,16,24,pinned,0,2,1,28141359,26337905
4096,same_object,16,24,pinned,0,2,2,13428874,11671557
4096,same_object,16,24,pinned,0,2,3,2608779,1214559
4096,same_object,16,24,pinned,0,3,0,6348970,3681940
4096,same_object,16,24,pinned,0,3,1,12036959,10470634
4096,same_object,16,24,pinned,0,3,2,12754879,11277861
4096,same_object,16,24,pinned,0,3,3,15124555,14208901
4096,same_object,16,24,pinned,0,4,0,19791330,17531642
4096,same_object,16,24,pinned,0,4,1,12387292,11061792
4096,same_object,16,24,pinned,0,4,2,14790552,13788806
4096,same_object,16,24,pinned,0,4,3,13878806,12084700
4096,same_object,16,24,pinned,0,5,0,19860871,16985368
4096,same_object,16,24,pinned,0,5,1,24259008,22697653
4096,same_object,16,24,pinned,0,5,2,17241562,15754437
4096,same_object,16,24,pinned,0,5,3,3126159,1918492
4096,same_object,16,24,pinned,0,6,0,13502734,10931526
4096,same_object,16,24,pinned,0,6,1,7104721,5849905
4096,same_object,16,24,pinned,0,6,2,27864986,26337444
4096,same_object,16,24,pinned,0,6,3,12889544,10864690
4096,same_object,16,24,pinned,0,7,0,19753068,17814357
4096,same_object,16,24,pinned,0,7,1,24678944,22741506
4096,same_object,16,24,pinned,0,7,2,14992635,13253482
4096,same_object,16,24,pinned,0,7,3,3355082,1227674
4096,same_object,16,24,pinned,0,8,0,19806589,16851404
4096,same_object,16,24,pinned,0,8,1,13037513,11434008
4096,same_object,16,24,pinned,0,8,2,13900317,12787710
4096,same_object,16,24,pinned,0,8,3,14628045,13065015
4096,same_object,16,24,pinned,0,9,0,6815093,3930091
4096,same_object,16,24,pinned,0,9,1,17764142,15893089
4096,same_object,16,24,pinned,0,9,2,15512740,13252681
4096,same_object,16,24,pinned,0,9,3,12679555,10607392
4096,same_object,16,24,pinned,0,10,0,15607659,12572493
4096,same_object,16,24,pinned,0,10,1,10495451,8655557
4096,same_object,16,24,pinned,0,10,2,18171814,16685801
4096,same_object,16,24,pinned,0,10,3,17025213,15369178
4096,same_object,16,24,pinned,0,11,0,19719765,17788148
4096,same_object,16,24,pinned,0,11,1,13032795,11532344
4096,same_object,16,24,pinned,0,11,2,13282227,11856638
4096,same_object,16,24,pinned,0,11,3,15262706,13777324
4096,same_object,16,24,pinned,0,12,0,6804462,4764791
4096,same_object,16,24,pinned,0,12,1,16638141,14733605
4096,same_object,16,24,pinned,0,12,2,16780230,14838634
4096,same_object,16,24,pinned,0,12,3,9300208,7599839
4096,same_object,16,24,pinned,0,13,0,6768975,3926214
4096,same_object,16,24,pinned,0,13,1,17426022,16137463
4096,same_object,16,24,pinned,0,13,2,16272769,14173364
4096,same_object,16,24,pinned,0,13,3,9040346,7337832
4096,same_object,16,24,pinned,0,14,0,19806850,16883766
4096,same_object,16,24,pinned,0,14,1,13201714,11636851
4096,same_object,16,24,pinned,0,14,2,12211058,10706450
4096,same_object,16,24,pinned,0,14,3,15500316,13841435
4096,same_object,16,24,pinned,0,15,0,15078137,12994151
4096,same_object,16,24,pinned,0,15,1,9737475,8408109
4096,same_object,16,24,pinned,0,15,2,18050154,16457398
4096,same_object,16,24,pinned,0,15,3,10735956,8978910
4096,same_object,16,24,unsafe_unpinned_baseline,0,0,0,22274802,21399815
4096,same_object,16,24,unsafe_unpinned_baseline,0,0,1,19214127,18252046
4096,same_object,16,24,unsafe_unpinned_baseline,0,0,2,18724450,18412370
4096,same_object,16,24,unsafe_unpinned_baseline,0,0,3,3090972,2190677
4096,same_object,16,24,unsafe_unpinned_baseline,0,1,0,26612765,25754239
4096,same_object,16,24,unsafe_unpinned_baseline,0,1,1,10550945,10093620
4096,same_object,16,24,unsafe_unpinned_baseline,0,1,2,13119809,12905192
4096,same_object,16,24,unsafe_unpinned_baseline,0,1,3,10865642,10625046
4096,same_object,16,24,unsafe_unpinned_baseline,0,2,0,6346947,6028724
4096,same_object,16,24,unsafe_unpinned_baseline,0,2,1,11303721,10756946
4096,same_object,16,24,unsafe_unpinned_baseline,0,2,2,9293866,8971005
4096,same_object,16,24,unsafe_unpinned_baseline,0,2,3,21387331,20975532
4096,same_object,16,24,unsafe_unpinned_baseline,0,3,0,22894745,22061728
4096,same_object,16,24,unsafe_unpinned_baseline,0,3,1,9342989,8611835
4096,same_object,16,24,unsafe_unpinned_baseline,0,3,2,12644519,12197443
4096,same_object,16,24,unsafe_unpinned_baseline,0,3,3,9357817,8872749
4096,same_object,16,24,unsafe_unpinned_baseline,0,4,0,26383931,25927267
4096,same_object,16,24,unsafe_unpinned_baseline,0,4,1,12594535,12240063
4096,same_object,16,24,unsafe_unpinned_baseline,0,4,2,13119519,12886588
4096,same_object,16,24,unsafe_unpinned_baseline,0,4,3,8997905,8550298
4096,same_object,16,24,unsafe_unpinned_baseline,0,5,0,28755922,28308175
4096,same_object,16,24,unsafe_unpinned_baseline,0,5,1,17615390,17249107
4096,same_object,16,24,unsafe_unpinned_baseline,0,5,2,11318619,11055370
4096,same_object,16,24,unsafe_unpinned_baseline,0,5,3,4585391,3641484
4096,same_object,16,24,unsafe_unpinned_baseline,0,6,0,7584790,7233585
4096,same_object,16,24,unsafe_unpinned_baseline,0,6,1,18203454,17894619
4096,same_object,16,24,unsafe_unpinned_baseline,0,6,2,27026838,26075778
4096,same_object,16,24,unsafe_unpinned_baseline,0,6,3,8440169,8216556
4096,same_object,16,24,unsafe_unpinned_baseline,0,7,0,26416493,25967584
4096,same_object,16,24,unsafe_unpinned_baseline,0,7,1,12521486,12226046
4096,same_object,16,24,unsafe_unpinned_baseline,0,7,2,13001997,12770598
4096,same_object,16,24,unsafe_unpinned_baseline,0,7,3,9163158,8925288
4096,same_object,16,24,unsafe_unpinned_baseline,0,8,0,22815255,22393256
4096,same_object,16,24,unsafe_unpinned_baseline,0,8,1,8934626,8519900
4096,same_object,16,24,unsafe_unpinned_baseline,0,8,2,13141059,12579977
4096,same_object,16,24,unsafe_unpinned_baseline,0,8,3,10469642,10195764
4096,same_object,16,24,unsafe_unpinned_baseline,0,9,0,6442317,6085191
4096,same_object,16,24,unsafe_unpinned_baseline,0,9,1,14252825,13788144
4096,same_object,16,24,unsafe_unpinned_baseline,0,9,2,6378507,5379626
4096,same_object,16,24,unsafe_unpinned_baseline,0,9,3,20436832,20105114
4096,same_object,16,24,unsafe_unpinned_baseline,0,10,0,26427594,26079004
4096,same_object,16,24,unsafe_unpinned_baseline,0,10,1,12448929,12184499
4096,same_object,16,24,unsafe_unpinned_baseline,0,10,2,12940490,12716426
4096,same_object,16,24,unsafe_unpinned_baseline,0,10,3,9182605,8937852
4096,same_object,16,24,unsafe_unpinned_baseline,0,11,0,6354050,6045656
4096,same_object,16,24,unsafe_unpinned_baseline,0,11,1,13167089,12963764
4096,same_object,16,24,unsafe_unpinned_baseline,0,11,2,7524977,7278881
4096,same_object,16,24,unsafe_unpinned_baseline,0,11,3,11869843,11603428
4096,same_object,16,24,unsafe_unpinned_baseline,0,12,0,6289307,5929496
4096,same_object,16,24,unsafe_unpinned_baseline,0,12,1,19970529,19606159
4096,same_object,16,24,unsafe_unpinned_baseline,0,12,2,11793177,11475236
4096,same_object,16,24,unsafe_unpinned_baseline,0,12,3,12788902,12514894
4096,same_object,16,24,unsafe_unpinned_baseline,0,13,0,10929432,10240949
4096,same_object,16,24,unsafe_unpinned_baseline,0,13,1,17700822,17493129
4096,same_object,16,24,unsafe_unpinned_baseline,0,13,2,18722055,18397110
4096,same_object,16,24,unsafe_unpinned_baseline,0,13,3,14420201,14216666
4096,same_object,16,24,unsafe_unpinned_baseline,0,14,0,26465606,25688305
4096,same_object,16,24,unsafe_unpinned_baseline,0,14,1,10529916,9796487
4096,same_object,16,24,unsafe_unpinned_baseline,0,14,2,12957843,12634661
4096,same_object,16,24,unsafe_unpinned_baseline,0,14,3,11068225,10403938
4096,same_object,16,24,unsafe_unpinned_baseline,0,15,0,26509069,26131725
4096,same_object,16,24,unsafe_unpinned_baseline,0,15,1,10640956,10181797
4096,same_object,16,24,unsafe_unpinned_baseline,0,15,2,12280981,12070292
4096,same_object,16,24,unsafe_unpinned_baseline,0,15,3,11482249,11228719
4096,same_object,16,24,unsafe_unpinned_baseline,1,0,0,20673891,20199493
4096,same_object,16,24,unsafe_unpinned_baseline,1,0,1,27303563,26919977
4096,same_object,16,24,unsafe_unpinned_baseline,1,0,2,4439094,4222905
4096,same_object,16,24,unsafe_unpinned_baseline,1,0,3,6706397,6466622
4096,same_object,16,24,unsafe_unpinned_baseline,1,1,0,5846569,5313610
4096,same_object,16,24,unsafe_unpinned_baseline,1,1,1,14423267,13920555
4096,same_object,16,24,unsafe_unpinned_baseline,1,1,2,11872016,11334419
4096,same_object,16,24,unsafe_unpinned_baseline,1,1,3,13000654,12631805
4096,same_object,16,24,unsafe_unpinned_baseline,1,2,0,9168509,8608939
4096,same_object,16,24,unsafe_unpinned_baseline,1,2,1,14139330,13837368
4096,same_object,16,24,unsafe_unpinned_baseline,1,2,2,13899155,13581604
4096,same_object,16,24,unsafe_unpinned_baseline,1,2,3,12220497,11903807
4096,same_object,16,24,unsafe_unpinned_baseline,1,3,0,20753412,20262111
4096,same_object,16,24,unsafe_unpinned_baseline,1,3,1,11438446,11060891
4096,same_object,16,24,unsafe_unpinned_baseline,1,3,2,17802104,17569344
4096,same_object,16,24,unsafe_unpinned_baseline,1,3,3,5700373,5447343
4096,same_object,16,24,unsafe_unpinned_baseline,1,4,0,21024094,20547051
4096,same_object,16,24,unsafe_unpinned_baseline,1,4,1,26900760,26622613
4096,same_object,16,24,unsafe_unpinned_baseline,1,4,2,4793586,4547159
4096,same_object,16,24,unsafe_unpinned_baseline,1,4,3,7367398,6707820
4096,same_object,16,24,unsafe_unpinned_baseline,1,5,0,6643808,6209767
4096,same_object,16,24,unsafe_unpinned_baseline,1,5,1,12494907,12218934
4096,same_object,16,24,unsafe_unpinned_baseline,1,5,2,12474668,11962819
4096,same_object,16,24,unsafe_unpinned_baseline,1,5,3,15576931,15315637
4096,same_object,16,24,unsafe_unpinned_baseline,1,6,0,5830318,5377070
4096,same_object,16,24,unsafe_unpinned_baseline,1,6,1,13228355,12722998
4096,same_object,16,24,unsafe_unpinned_baseline,1,6,2,11586366,11303280
4096,same_object,16,24,unsafe_unpinned_baseline,1,6,3,15976417,15381822
4096,same_object,16,24,unsafe_unpinned_baseline,1,7,0,20723024,20298570
4096,same_object,16,24,unsafe_unpinned_baseline,1,7,1,11620110,11303981
4096,same_object,16,24,unsafe_unpinned_baseline,1,7,2,18775758,18470128
4096,same_object,16,24,unsafe_unpinned_baseline,1,7,3,4908102,4656696
4096,same_object,16,24,unsafe_unpinned_baseline,1,8,0,20661408,20257092
4096,same_object,16,24,unsafe_unpinned_baseline,1,8,1,11394603,11017249
4096,same_object,16,24,unsafe_unpinned_baseline,1,8,2,19680210,19446197
4096,same_object,16,24,unsafe_unpinned_baseline,1,8,3,7280895,7013247
4096,same_object,16,24,unsafe_unpinned_baseline,1,9,0,20702766,20204092
4096,same_object,16,24,unsafe_unpinned_baseline,1,9,1,27152366,26766667
4096,same_object,16,24,unsafe_unpinned_baseline,1,9,2,4488968,4206144
4096,same_object,16,24,unsafe_unpinned_baseline,1,9,3,6823869,6571421
4096,same_object,16,24,unsafe_unpinned_baseline,1,10,0,29632813,29211134
4096,same_object,16,24,unsafe_unpinned_baseline,1,10,1,22134236,21841101
4096,same_object,16,24,unsafe_unpinned_baseline,1,10,2,7233655,6972921
4096,same_object,16,24,unsafe_unpinned_baseline,1,10,3,2457863,2050853
4096,same_object,16,24,unsafe_unpinned_baseline,1,11,0,10418906,10065617
4096,same_object,16,24,unsafe_unpinned_baseline,1,11,1,13323735,13088511
4096,same_object,16,24,unsafe_unpinned_baseline,1,11,2,13356577,13065126
4096,same_object,16,24,unsafe_unpinned_baseline,1,11,3,12100790,11651188
4096,same_object,16,24,unsafe_unpinned_baseline,1,12,0,20746519,20382940
4096,same_object,16,24,unsafe_unpinned_baseline,1,12,1,26586805,26272230
4096,same_object,16,24,unsafe_unpinned_baseline,1,12,2,4994686,4765132
4096,same_object,16,24,unsafe_unpinned_baseline,1,12,3,6601649,6335455
4096,same_object,16,24,unsafe_unpinned_baseline,1,13,0,13355205,12999661
4096,same_object,16,24,unsafe_unpinned_baseline,1,13,1,14184866,13882303
4096,same_object,16,24,unsafe_unpinned_baseline,1,13,2,14640167,14322707
4096,same_object,16,24,unsafe_unpinned_baseline,1,13,3,6752123,6505677
4096,same_object,16,24,unsafe_unpinned_baseline,1,14,0,5726912,5300805
4096,same_object,16,24,unsafe_unpinned_baseline,1,14,1,12645001,12136828
4096,same_object,16,24,unsafe_unpinned_baseline,1,14,2,12167056,11618065
4096,same_object,16,24,unsafe_unpinned_baseline,1,14,3,14745438,14237585
4096,same_object,16,24,unsafe_unpinned_baseline,1,15,0,20534858,20096478
4096,same_object,16,24,unsafe_unpinned_baseline,1,15,1,11505933,11057945
4096,same_object,16,24,unsafe_unpinned_baseline,1,15,2,19586232,19307334
4096,same_object,16,24,unsafe_unpinned_baseline,1,15,3,7306723,7072490
4096,same_object,16,24,pinned,1,0,0,10042954,7478158
4096,same_object,16,24,pinned,1,0,1,13587344,12432658
4096,same_object,16,24,pinned,1,0,2,10792363,8803959
4096,same_object,16,24,pinned,1,0,3,20849233,19590099
4096,same_object,16,24,pinned,1,1,0,31360353,27603440
4096,same_object,16,24,pinned,1,1,1,14831820,13658679
4096,same_object,16,24,pinned,1,1,2,10126913,8806603
4096,same_object,16,24,pinned,1,1,3,10898895,9413622
4096,same_object,16,24,pinned,1,2,0,24689884,21649007
4096,same_object,16,24,pinned,1,2,1,15385760,14054138
4096,same_object,16,24,pinned,1,2,2,16443883,15367625
4096,same_object,16,24,pinned,1,2,3,5589723,4119760
4096,same_object,16,24,pinned,1,3,0,26369545,23094754
4096,same_object,16,24,pinned,1,3,1,29162312,27506547
4096,same_object,16,24,pinned,1,3,2,6479016,5024653
4096,same_object,16,24,pinned,1,3,3,10327312,8309993
4096,same_object,16,24,pinned,1,4,0,24792038,21799432
4096,same_object,16,24,pinned,1,4,1,16102055,14861898
4096,same_object,16,24,pinned,1,4,2,16169493,14733584
4096,same_object,16,24,pinned,1,4,3,10714315,9213633
4096,same_object,16,24,pinned,1,5,0,25505328,22856653
4096,same_object,16,24,pinned,1,5,1,29853531,28188418
4096,same_object,16,24,pinned,1,5,2,6307081,4605930
4096,same_object,16,24,pinned,1,5,3,8102330,6983371
4096,same_object,16,24,pinned,1,6,0,8803307,6594075
4096,same_object,16,24,pinned,1,6,1,14883328,13435737
4096,same_object,16,24,pinned,1,6,2,10698304,8455809
4096,same_object,16,24,pinned,1,6,3,13719073,12496118
4096,same_object,16,24,pinned,1,7,0,25335066,22596841
4096,same_object,16,24,pinned,1,7,1,12889704,11419521
4096,same_object,16,24,pinned,1,7,2,18220867,17005977
4096,same_object,16,24,pinned,1,7,3,7213708,5932502
4096,same_object,16,24,pinned,1,8,0,26038839,23554224
4096,same_object,16,24,pinned,1,8,1,29406725,27719019
4096,same_object,16,24,pinned,1,8,2,11817874,8830519
4096,same_object,16,24,pinned,1,8,3,5132006,3940240
4096,same_object,16,24,pinned,1,9,0,12510415,9810774
4096,same_object,16,24,pinned,1,9,1,15688843,14127867
4096,same_object,16,24,pinned,1,9,2,27044672,25604045
4096,same_object,16,24,pinned,1,9,3,6659348,4491103
4096,same_object,16,24,pinned,1,10,0,24476912,21595536
4096,same_object,16,24,pinned,1,10,1,9803481,8502046
4096,same_object,16,24,pinned,1,10,2,22334215,20387508
4096,same_object,16,24,pinned,1,10,3,14233168,12846612
4096,same_object,16,24,pinned,1,11,0,11754484,9299907
4096,same_object,16,24,pinned,1,11,1,15038101,13781802
4096,same_object,16,24,pinned,1,11,2,11706213,10493557
4096,same_object,16,24,pinned,1,11,3,14764042,13606380
4096,same_object,16,24,pinned,1,12,0,8907133,6603733
4096,same_object,16,24,pinned,1,12,1,14652511,12572703
4096,same_object,16,24,pinned,1,12,2,10050138,8896734
4096,same_object,16,24,pinned,1,12,3,14567740,13332331
4096,same_object,16,24,pinned,1,13,0,25286995,21267084
4096,same_object,16,24,pinned,1,13,1,15977530,14385996
4096,same_object,16,24,pinned,1,13,2,15903329,14157975
4096,same_object,16,24,pinned,1,13,3,14972707,13571704
4096,same_object,16,24,pinned,1,14,0,31346978,27592320
4096,same_object,16,24,pinned,1,14,1,22935774,21563756
4096,same_object,16,24,pinned,1,14,2,3446264,1748180
4096,same_object,16,24,pinned,1,14,3,14381288,13141720
4096,same_object,16,24,pinned,1,15,0,8712194,6520976
4096,same_object,16,24,pinned,1,15,1,14911441,13699326
4096,same_object,16,24,pinned,1,15,2,9060925,7855363
4096,same_object,16,24,pinned,1,15,3,22306983,20766375
4096,same_object,16,24,pinned,2,0,0,24699473,21942483
4096,same_object,16,24,pinned,2,0,1,6638688,5013071
4096,same_object,16,24,pinned,2,0,2,15549860,14071812
4096,same_object,16,24,pinned,2,0,3,9562434,8012900
4096,same_object,16,24,pinned,2,1,0,20623405,18478966
4096,same_object,16,24,pinned,2,1,1,8932161,7383509
4096,same_object,16,24,pinned,2,1,2,18089058,16795027
4096,same_object,16,24,pinned,2,1,3,8236443,6440313
4096,same_object,16,24,pinned,2,2,0,20403880,18377764
4096,same_object,16,24,pinned,2,2,1,10616420,9393945
4096,same_object,16,24,pinned,2,2,2,15815624,14342194
4096,same_object,16,24,pinned,2,2,3,9372805,7594839
4096,same_object,16,24,pinned,2,3,0,7775531,5887267
4096,same_object,16,24,pinned,2,3,1,18234493,15972761
4096,same_object,16,24,pinned,2,3,2,12702870,10816438
4096,same_object,16,24,pinned,2,3,3,13540265,11826891
4096,same_object,16,24,pinned,2,4,0,19893414,17604089
4096,same_object,16,24,pinned,2,4,1,7077229,5636752
4096,same_object,16,24,pinned,2,4,2,11343587,8367011
4096,same_object,16,24,pinned,2,4,3,20935897,19379179
4096,same_object,16,24,pinned,2,5,0,7383319,5746309
4096,same_object,16,24,pinned,2,5,1,20713115,18868373
4096,same_object,16,24,pinned,2,5,2,22651766,20423558
4096,same_object,16,24,pinned,2,5,3,11482069,9555842
4096,same_object,16,24,pinned,2,6,0,5695392,4199361
4096,same_object,16,24,pinned,2,6,1,3826214,2520612
4096,same_object,16,24,pinned,2,6,2,18500957,17135041
4096,same_object,16,24,pinned,2,6,3,25704956,23446190
4096,same_object,16,24,pinned,2,7,0,5631401,3947333
4096,same_object,16,24,pinned,2,7,1,22388176,19993643
4096,same_object,16,24,pinned,2,7,2,22389178,20255539
4096,same_object,16,24,pinned,2,7,3,9778794,8329771
4096,same_object,16,24,pinned,2,8,0,25934240,23383972
4096,same_object,16,24,pinned,2,8,1,11704379,10109159
4096,same_object,16,24,pinned,2,8,2,14498430,13239265
4096,same_object,16,24,pinned,2,8,3,9625804,8219372
4096,same_object,16,24,pinned,2,9,0,5721412,3623821
4096,same_object,16,24,pinned,2,9,1,22229666,20244518
4096,same_object,16,24,pinned,2,9,2,11193162,9608432
4096,same_object,16,24,pinned,2,9,3,20073244,18644278
4096,same_object,16,24,pinned,2,10,0,7696852,5856698
4096,same_object,16,24,pinned,2,10,1,21275259,18706216
4096,same_object,16,24,pinned,2,10,2,25848718,24253859
4096,same_object,16,24,pinned,2,10,3,9061015,7448562
4096,same_object,16,24,pinned,2,11,0,18579416,16676272
4096,same_object,16,24,pinned,2,11,1,9381471,8009805
4096,same_object,16,24,pinned,2,11,2,11269326,9673104
4096,same_object,16,24,pinned,2,11,3,19040068,17569053
4096,same_object,16,24,pinned,2,12,0,27746641,25250496
4096,same_object,16,24,pinned,2,12,1,11946037,9657093
4096,same_object,16,24,pinned,2,12,2,18721394,16818231
4096,same_object,16,24,pinned,2,12,3,5463985,4129909
4096,same_object,16,24,pinned,2,13,0,8052756,6077176
4096,same_object,16,24,pinned,2,13,1,19999114,18324323
4096,same_object,16,24,pinned,2,13,2,22480021,20339148
4096,same_object,16,24,pinned,2,13,3,9219796,7801780
4096,same_object,16,24,pinned,2,14,0,28699826,25980067
4096,same_object,16,24,pinned,2,14,1,26387749,24495426
4096,same_object,16,24,pinned,2,14,2,8492138,7117294
4096,same_object,16,24,pinned,2,14,3,2801474,1336461
4096,same_object,16,24,pinned,2,15,0,25461335,23205273
4096,same_object,16,24,pinned,2,15,1,5709970,3875778
4096,same_object,16,24,pinned,2,15,2,23986493,22400901
4096,same_object,16,24,pinned,2,15,3,8068085,6390980
4096,same_object,16,24,unsafe_unpinned_baseline,2,0,0,24086352,23708617
4096,same_object,16,24,unsafe_unpinned_baseline,2,0,1,13487997,12984843
4096,same_object,16,24,unsafe_unpinned_baseline,2,0,2,8102821,7718192
4096,same_object,16,24,unsafe_unpinned_baseline,2,0,3,9543318,9286341
4096,same_object,16,24,unsafe_unpinned_baseline,2,1,0,2189074,1922900
4096,same_object,16,24,unsafe_unpinned_baseline,2,1,1,7375173,6717317
4096,same_object,16,24,unsafe_unpinned_baseline,2,1,2,18658245,18364739
4096,same_object,16,24,unsafe_unpinned_baseline,2,1,3,14074266,13718903
4096,same_object,16,24,unsafe_unpinned_baseline,2,2,0,7932628,7637640
4096,same_object,16,24,unsafe_unpinned_baseline,2,2,1,15975205,15744859
4096,same_object,16,24,unsafe_unpinned_baseline,2,2,2,14450519,13989696
4096,same_object,16,24,unsafe_unpinned_baseline,2,2,3,7085875,6754598
4096,same_object,16,24,unsafe_unpinned_baseline,2,3,0,19426209,18880345
4096,same_object,16,24,unsafe_unpinned_baseline,2,3,1,5718376,5404171
4096,same_object,16,24,unsafe_unpinned_baseline,2,3,2,19812149,19534684
4096,same_object,16,24,unsafe_unpinned_baseline,2,3,3,10246229,9941482
4096,same_object,16,24,unsafe_unpinned_baseline,2,4,0,5119572,4736678
4096,same_object,16,24,unsafe_unpinned_baseline,2,4,1,18120997,17827312
4096,same_object,16,24,unsafe_unpinned_baseline,2,4,2,7074284,6616347
4096,same_object,16,24,unsafe_unpinned_baseline,2,4,3,12238671,11967567
4096,same_object,16,24,unsafe_unpinned_baseline,2,5,0,23808115,23409030
4096,same_object,16,24,unsafe_unpinned_baseline,2,5,1,13488788,13178521
4096,same_object,16,24,unsafe_unpinned_baseline,2,5,2,8161752,7841516
4096,same_object,16,24,unsafe_unpinned_baseline,2,5,3,9655891,9382273
4096,same_object,16,24,unsafe_unpinned_baseline,2,6,0,19827118,19306923
4096,same_object,16,24,unsafe_unpinned_baseline,2,6,1,11600292,11284695
4096,same_object,16,24,unsafe_unpinned_baseline,2,6,2,12542025,12213713
4096,same_object,16,24,unsafe_unpinned_baseline,2,6,3,7550876,7284061
4096,same_object,16,24,unsafe_unpinned_baseline,2,7,0,19549542,19060126
4096,same_object,16,24,unsafe_unpinned_baseline,2,7,1,5543075,5247715
4096,same_object,16,24,unsafe_unpinned_baseline,2,7,2,19402323,19108787
4096,same_object,16,24,unsafe_unpinned_baseline,2,7,3,10654382,10354775
4096,same_object,16,24,unsafe_unpinned_baseline,2,8,0,12163508,11587038
4096,same_object,16,24,unsafe_unpinned_baseline,2,8,1,8715130,8468092
4096,same_object,16,24,unsafe_unpinned_baseline,2,8,2,19463790,19225960
4096,same_object,16,24,unsafe_unpinned_baseline,2,8,3,14781195,14532955
4096,same_object,16,24,unsafe_unpinned_baseline,2,9,0,19901077,19418714
4096,same_object,16,24,unsafe_unpinned_baseline,2,9,1,8689602,8265299
4096,same_object,16,24,unsafe_unpinned_baseline,2,9,2,18711645,18401849
4096,same_object,16,24,unsafe_unpinned_baseline,2,9,3,7808363,7509718
4096,same_object,16,24,unsafe_unpinned_baseline,2,10,0,19598655,19079613
4096,same_object,16,24,unsafe_unpinned_baseline,2,10,1,5506305,5164819
4096,same_object,16,24,unsafe_unpinned_baseline,2,10,2,19773396,19457408
4096,same_object,16,24,unsafe_unpinned_baseline,2,10,3,9853636,9504755
4096,same_object,16,24,unsafe_unpinned_baseline,2,11,0,5426734,5131105
4096,same_object,16,24,unsafe_unpinned_baseline,2,11,1,12747354,12305186
4096,same_object,16,24,unsafe_unpinned_baseline,2,11,2,6055084,5729849
4096,same_object,16,24,unsafe_unpinned_baseline,2,11,3,16027243,15519071
4096,same_object,16,24,unsafe_unpinned_baseline,2,12,0,5520601,5020605
4096,same_object,16,24,unsafe_unpinned_baseline,2,12,1,18382753,18011410
4096,same_object,16,24,unsafe_unpinned_baseline,2,12,2,14064097,13538331
4096,same_object,16,24,unsafe_unpinned_baseline,2,12,3,7615188,7321341
4096,same_object,16,24,unsafe_unpinned_baseline,2,13,0,19809825,19354513
4096,same_object,16,24,unsafe_unpinned_baseline,2,13,1,10990057,10706059
4096,same_object,16,24,unsafe_unpinned_baseline,2,13,2,12117952,11877346
4096,same_object,16,24,unsafe_unpinned_baseline,2,13,3,7634194,7323595
4096,same_object,16,24,unsafe_unpinned_baseline,2,14,0,23716923,23219850
4096,same_object,16,24,unsafe_unpinned_baseline,2,14,1,16505039,16183780
4096,same_object,16,24,unsafe_unpinned_baseline,2,14,2,14917743,14631732
4096,same_object,16,24,unsafe_unpinned_baseline,2,14,3,1636829,1317484
4096,same_object,16,24,unsafe_unpinned_baseline,2,15,0,23738924,23272070
4096,same_object,16,24,unsafe_unpinned_baseline,2,15,1,15830732,15516276
4096,same_object,16,24,unsafe_unpinned_baseline,2,15,2,6306179,5993868
4096,same_object,16,24,unsafe_unpinned_baseline,2,15,3,9123774,8872578
4096,same_object,16,24,unsafe_unpinned_baseline,3,0,0,6273407,5793088
4096,same_object,16,24,unsafe_unpinned_baseline,3,0,1,11937851,11518718
4096,same_object,16,24,unsafe_unpinned_baseline,3,0,2,11642692,11199975
4096,same_object,16,24,unsafe_unpinned_baseline,3,0,3,14187811,13854380
4096,same_object,16,24,unsafe_unpinned_baseline,3,1,0,10401653,8907293
4096,same_object,16,24,unsafe_unpinned_baseline,3,1,1,20657640,20188573
4096,same_object,16,24,unsafe_unpinned_baseline,3,1,2,13254284,12914410
4096,same_object,16,24,unsafe_unpinned_baseline,3,1,3,10481685,10179994
4096,same_object,16,24,unsafe_unpinned_baseline,3,2,0,10402916,8955705
4096,same_object,16,24,unsafe_unpinned_baseline,3,2,1,14489262,14072734
4096,same_object,16,24,unsafe_unpinned_baseline,3,2,2,7722571,7292095
4096,same_object,16,24,unsafe_unpinned_baseline,3,2,3,18788611,18163328
4096,same_object,16,24,unsafe_unpinned_baseline,3,3,0,27427648,25958055
4096,same_object,16,24,unsafe_unpinned_baseline,3,3,1,23582308,23013240
4096,same_object,16,24,unsafe_unpinned_baseline,3,3,2,8613999,8247354
4096,same_object,16,24,unsafe_unpinned_baseline,3,3,3,4583337,4321302
4096,same_object,16,24,unsafe_unpinned_baseline,3,4,0,9499986,8983979
4096,same_object,16,24,unsafe_unpinned_baseline,3,4,1,13681292,13012296
4096,same_object,16,24,unsafe_unpinned_baseline,3,4,2,9611627,9260423
4096,same_object,16,24,unsafe_unpinned_baseline,3,4,3,18277314,17900871
4096,same_object,16,24,unsafe_unpinned_baseline,3,5,0,19759951,18349110
4096,same_object,16,24,unsafe_unpinned_baseline,3,5,1,11204232,10829794
4096,same_object,16,24,unsafe_unpinned_baseline,3,5,2,16664360,16308557
4096,same_object,16,24,unsafe_unpinned_baseline,3,5,3,3867872,3234323
4096,same_object,16,24,unsafe_unpinned_baseline,3,6,0,27259279,25823220
4096,same_object,16,24,unsafe_unpinned_baseline,3,6,1,26621020,25852626
4096,same_object,16,24,unsafe_unpinned_baseline,3,6,2,9193265,8724908
4096,same_object,16,24,unsafe_unpinned_baseline,3,6,3,2864133,2377401
4096,same_object,16,24,unsafe_unpinned_baseline,3,7,0,10027816,9497421
4096,same_object,16,24,unsafe_unpinned_baseline,3,7,1,13421651,12807138
4096,same_object,16,24,unsafe_unpinned_baseline,3,7,2,9275711,8759544
4096,same_object,16,24,unsafe_unpinned_baseline,3,7,3,21002113,20636951
4096,same_object,16,24,unsafe_unpinned_baseline,3,8,0,26549655,25905896
4096,same_object,16,24,unsafe_unpinned_baseline,3,8,1,21475328,20955334
4096,same_object,16,24,unsafe_unpinned_baseline,3,8,2,6958484,6606919
4096,same_object,16,24,unsafe_unpinned_baseline,3,8,3,7327353,6888111
4096,same_object,16,24,unsafe_unpinned_baseline,3,9,0,27268457,26567289
4096,same_object,16,24,unsafe_unpinned_baseline,3,9,1,23643773,23088883
4096,same_object,16,24,unsafe_unpinned_baseline,3,9,2,6810574,6388996
4096,same_object,16,24,unsafe_unpinned_baseline,3,9,3,6379859,6101873
4096,same_object,16,24,unsafe_unpinned_baseline,3,10,0,9996296,9561071
4096,same_object,16,24,unsafe_unpinned_baseline,3,10,1,13421771,12756271
4096,same_object,16,24,unsafe_unpinned_baseline,3,10,2,9585528,8829797
4096,same_object,16,24,unsafe_unpinned_baseline,3,10,3,18898409,18581009
4096,same_object,16,24,unsafe_unpinned_baseline,3,11,0,10322964,9652825
4096,same_object,16,24,unsafe_unpinned_baseline,3,11,1,21632436,21226898
4096,same_object,16,24,unsafe_unpinned_baseline,3,11,2,22430497,22078851
4096,same_object,16,24,unsafe_unpinned_baseline,3,11,3,8866707,8278373
4096,same_object,16,24,unsafe_unpinned_baseline,3,12,0,26745416,26115283
4096,same_object,16,24,unsafe_unpinned_baseline,3,12,1,21778623,21111019
4096,same_object,16,24,unsafe_unpinned_baseline,3,12,2,7328746,6801136
4096,same_object,16,24,unsafe_unpinned_baseline,3,12,3,6997327,6669638
4096,same_object,16,24,unsafe_unpinned_baseline,3,13,0,18114204,16806840
4096,same_object,16,24,unsafe_unpinned_baseline,3,13,1,10933861,10587515
4096,same_object,16,24,unsafe_unpinned_baseline,3,13,2,15661041,15283596
4096,same_object,16,24,unsafe_unpinned_baseline,3,13,3,6811185,5999970
4096,same_object,16,24,unsafe_unpinned_baseline,3,14,0,3888272,3494396
4096,same_object,16,24,unsafe_unpinned_baseline,3,14,1,6213694,5720009
4096,same_object,16,24,unsafe_unpinned_baseline,3,14,2,12903079,12384778
4096,same_object,16,24,unsafe_unpinned_baseline,3,14,3,9578014,9219295
4096,same_object,16,24,unsafe_unpinned_baseline,3,15,0,27132309,25819162
4096,same_object,16,24,unsafe_unpinned_baseline,3,15,1,22437961,21840079
4096,same_object,16,24,unsafe_unpinned_baseline,3,15,2,5370578,5044992
4096,same_object,16,24,unsafe_unpinned_baseline,3,15,3,9195059,8629488
4096,same_object,16,24,pinned,3,0,0,9544180,6355693
4096,same_object,16,24,pinned,3,0,1,21802968,17974320
4096,same_object,16,24,pinned,3,0,2,13218736,11505072
4096,same_object,16,24,pinned,3,0,3,18424833,16701440
4096,same_object,16,24,pinned,3,1,0,31653318,27690796
4096,same_object,16,24,pinned,3,1,1,13058373,11117789
4096,same_object,16,24,pinned,3,1,2,28969477,26284754
4096,same_object,16,24,pinned,3,1,3,10956985,8556820
4096,same_object,16,24,pinned,3,2,0,12955238,9068910
4096,same_object,16,24,pinned,3,2,1,36288193,34472375
4096,same_object,16,24,pinned,3,2,2,20423628,18764716
4096,same_object,16,24,pinned,3,2,3,9207492,7722801
4096,same_object,16,24,pinned,3,3,0,13418245,8986524
4096,same_object,16,24,pinned,3,3,1,34131079,32501624
4096,same_object,16,24,pinned,3,3,2,18069531,16308937
4096,same_object,16,24,pinned,3,3,3,11528517,9591019
4096,same_object,16,24,pinned,3,4,0,31289479,27368546
4096,same_object,16,24,pinned,3,4,1,13178551,11476187
4096,same_object,16,24,pinned,3,4,2,17580865,16187457
4096,same_object,16,24,pinned,3,4,3,14822443,12993029
4096,same_object,16,24,pinned,3,5,0,31326068,26923463
4096,same_object,16,24,pinned,3,5,1,22916678,20797114
4096,same_object,16,24,pinned,3,5,2,18963132,17502246
4096,same_object,16,24,pinned,3,5,3,12101190,10531720
4096,same_object,16,24,pinned,3,6,0,31316430,27327538
4096,same_object,16,24,pinned,3,6,1,24019755,21636423
4096,same_object,16,24,pinned,3,6,2,17903496,16342862
4096,same_object,16,24,pinned,3,6,3,11624758,9739339
4096,same_object,16,24,pinned,3,7,0,31303526,27109586
4096,same_object,16,24,pinned,3,7,1,24039863,21821694
4096,same_object,16,24,pinned,3,7,2,17376328,15471662
4096,same_object,16,24,pinned,3,7,3,12727536,11126846
4096,same_object,16,24,pinned,3,8,0,12310086,9656663
4096,same_object,16,24,pinned,3,8,1,24640581,22617120
4096,same_object,16,24,pinned,3,8,2,13656676,11721391
4096,same_object,16,24,pinned,3,8,3,27353537,26131354
4096,same_object,16,24,pinned,3,9,0,31364100,27252205
4096,same_object,16,24,pinned,3,9,1,12533550,10664440
4096,same_object,16,24,pinned,3,9,2,19210520,17239379
4096,same_object,16,24,pinned,3,9,3,13754000,11977316
4096,same_object,16,24,pinned,3,10,0,31479669,27120446
4096,same_object,16,24,pinned,3,10,1,23075027,20743512
4096,same_object,16,24,pinned,3,10,2,18651271,17181889
4096,same_object,16,24,pinned,3,10,3,11566989,9667473
4096,same_object,16,24,pinned,3,11,0,42795072,39754215
4096,same_object,16,24,pinned,3,11,1,32002659,30114895
4096,same_object,16,24,pinned,3,11,2,10435387,8119212
4096,same_object,16,24,pinned,3,11,3,2875795,1273190
4096,same_object,16,24,pinned,3,12,0,11777739,8964482
4096,same_object,16,24,pinned,3,12,1,30948203,28303155
4096,same_object,16,24,pinned,3,12,2,24288565,22548580
4096,same_object,16,24,pinned,3,12,3,11295505,9425635
4096,same_object,16,24,pinned,3,13,0,10543592,7955191
4096,same_object,16,24,pinned,3,13,1,32217326,30535401
4096,same_object,16,24,pinned,3,13,2,17689711,16420588
4096,same_object,16,24,pinned,3,13,3,15250483,13828400
4096,same_object,16,24,pinned,3,14,0,31323293,26489732
4096,same_object,16,24,pinned,3,14,1,13064915,11500985
4096,same_object,16,24,pinned,3,14,2,17708577,15913598
4096,same_object,16,24,pinned,3,14,3,14650968,12763585
4096,same_object,16,24,pinned,3,15,0,31270944,27104316
4096,same_object,16,24,pinned,3,15,1,23959282,21375890
4096,same_object,16,24,pinned,3,15,2,17915589,16267899
4096,same_object,16,24,pinned,3,15,3,11633675,9620835
4096,same_object,16,24,pinned,4,0,0,12466803,10472727
4096,same_object,16,24,pinned,4,0,1,16309287,14388752
4096,same_object,16,24,pinned,4,0,2,22028967,20127126
4096,same_object,16,24,pinned,4,0,3,12216498,10836185
4096,same_object,16,24,pinned,4,1,0,8409201,6074981
4096,same_object,16,24,pinned,4,1,1,21451493,19463650
4096,same_object,16,24,pinned,4,1,2,23609900,21760098
4096,same_object,16,24,pinned,4,1,3,10185023,8717294
4096,same_object,16,24,pinned,4,2,0,29378761,26396506
4096,same_object,16,24,pinned,4,2,1,24056084,21747674
4096,same_object,16,24,pinned,4,2,2,10175995,8578802
4096,same_object,16,24,pinned,4,2,3,9591449,7093290
4096,same_object,16,24,pinned,4,3,0,29918954,27589354
4096,same_object,16,24,pinned,4,3,1,12992769,10825856
4096,same_object,16,24,pinned,4,3,2,22152421,20469394
4096,same_object,16,24,pinned,4,3,3,7850833,5091961
4096,same_object,16,24,pinned,4,4,0,10047132,8062564
4096,same_object,16,24,pinned,4,4,1,20743493,18678393
4096,same_object,16,24,pinned,4,4,2,30372603,28580671
4096,same_object,16,24,pinned,4,4,3,9624041,8196278
4096,same_object,16,24,pinned,4,5,0,25583346,22380232
4096,same_object,16,24,pinned,4,5,1,6192323,3927436
4096,same_object,16,24,pinned,4,5,2,21734870,19226922
4096,same_object,16,24,pinned,4,5,3,13766233,11267402
4096,same_object,16,24,pinned,4,6,0,30561641,27797758
4096,same_object,16,24,pinned,4,6,1,22857225,21161495
4096,same_object,16,24,pinned,4,6,2,10223546,8616604
4096,same_object,16,24,pinned,4,6,3,7981170,6158460
4096,same_object,16,24,pinned,4,7,0,12309194,10415539
4096,same_object,16,24,pinned,4,7,1,16441949,14202139
4096,same_object,16,24,pinned,4,7,2,13921757,11577289
4096,same_object,16,24,pinned,4,7,3,13901470,12270120
4096,same_object,16,24,pinned,4,8,0,28417282,25570121
4096,same_object,16,24,pinned,4,8,1,5784842,3876970
4096,same_object,16,24,pinned,4,8,2,27760227,26082851
4096,same_object,16,24,pinned,4,8,3,8727103,7429125
4096,same_object,16,24,pinned,4,9,0,30718718,27785946
4096,same_object,16,24,pinned,4,9,1,30987638,28759750
4096,same_object,16,24,pinned,4,9,2,9236006,7208398
4096,same_object,16,24,pinned,4,9,3,3678374,1283389
4096,same_object,16,24,pinned,4,10,0,12377143,10274191
4096,same_object,16,24,pinned,4,10,1,16503937,14680303
4096,same_object,16,24,pinned,4,10,2,23614188,20964882
4096,same_object,16,24,pinned,4,10,3,14130673,12267205
4096,same_object,16,24,pinned,4,11,0,13104650,11130663
4096,same_object,16,24,pinned,4,11,1,15721325,14129431
4096,same_object,16,24,pinned,4,11,2,20817713,18907096
4096,same_object,16,24,pinned,4,11,3,13933680,12560380
4096,same_object,16,24,pinned,4,12,0,28396061,25059023
4096,same_object,16,24,pinned,4,12,1,12803410,10882844
4096,same_object,16,24,pinned,4,12,2,16201634,13973095
4096,same_object,16,24,pinned,4,12,3,8511634,6418943
4096,same_object,16,24,pinned,4,13,0,13119849,11295875
4096,same_object,16,24,pinned,4,13,1,18435974,15968082
4096,same_object,16,24,pinned,4,13,2,11260318,8348866
4096,same_object,16,24,pinned,4,13,3,22362167,20336773
4096,same_object,16,24,pinned,4,14,0,13645705,10963507
4096,same_object,16,24,pinned,4,14,1,15210617,13688847
4096,same_object,16,24,pinned,4,14,2,10653340,7788255
4096,same_object,16,24,pinned,4,14,3,25581543,23543023
4096,same_object,16,24,pinned,4,15,0,30569917,27770056
4096,same_object,16,24,pinned,4,15,1,31156026,29470075
4096,same_object,16,24,pinned,4,15,2,9584746,7880009
4096,same_object,16,24,pinned,4,15,3,3927636,1817441
4096,same_object,16,24,unsafe_unpinned_baseline,4,0,0,11629538,11257012
4096,same_object,16,24,unsafe_unpinned_baseline,4,0,1,27970976,27411246
4096,same_object,16,24,unsafe_unpinned_baseline,4,0,2,11562501,10979557
4096,same_object,16,24,unsafe_unpinned_baseline,4,0,3,7028227,6765659
4096,same_object,16,24,unsafe_unpinned_baseline,4,1,0,11433206,11061943
4096,same_object,16,24,unsafe_unpinned_baseline,4,1,1,13910587,13275264
4096,same_object,16,24,unsafe_unpinned_baseline,4,1,2,13447850,13200883
4096,same_object,16,24,unsafe_unpinned_baseline,4,1,3,11341813,11102590
4096,same_object,16,24,unsafe_unpinned_baseline,4,2,0,12583754,11843973
4096,same_object,16,24,unsafe_unpinned_baseline,4,2,1,19774017,19520027
4096,same_object,16,24,unsafe_unpinned_baseline,4,2,2,12925692,12660690
4096,same_object,16,24,unsafe_unpinned_baseline,4,2,3,13036592,12809813
4096,same_object,16,24,unsafe_unpinned_baseline,4,3,0,12470630,11739637
4096,same_object,16,24,unsafe_unpinned_baseline,4,3,1,10579730,10325088
4096,same_object,16,24,unsafe_unpinned_baseline,4,3,2,16473729,16235598
4096,same_object,16,24,unsafe_unpinned_baseline,4,3,3,11596014,11015254
4096,same_object,16,24,unsafe_unpinned_baseline,4,4,0,11166692,10784688
4096,same_object,16,24,unsafe_unpinned_baseline,4,4,1,6146998,5385315
4096,same_object,16,24,unsafe_unpinned_baseline,4,4,2,9546494,9117542
4096,same_object,16,24,unsafe_unpinned_baseline,4,4,3,15123733,14858261
4096,same_object,16,24,unsafe_unpinned_baseline,4,5,0,11567310,11235181
4096,same_object,16,24,unsafe_unpinned_baseline,4,5,1,5743835,5256131
4096,same_object,16,24,unsafe_unpinned_baseline,4,5,2,9530704,9134905
4096,same_object,16,24,unsafe_unpinned_baseline,4,5,3,15308072,15056486
4096,same_object,16,24,unsafe_unpinned_baseline,4,6,0,12444481,11809077
4096,same_object,16,24,unsafe_unpinned_baseline,4,6,1,12363648,12108455
4096,same_object,16,24,unsafe_unpinned_baseline,4,6,2,13757627,13517342
4096,same_object,16,24,unsafe_unpinned_baseline,4,6,3,11566849,11238538
4096,same_object,16,24,unsafe_unpinned_baseline,4,7,0,12377474,11709639
4096,same_object,16,24,unsafe_unpinned_baseline,4,7,1,12348779,12045786
4096,same_object,16,24,unsafe_unpinned_baseline,4,7,2,13872094,13605258
4096,same_object,16,24,unsafe_unpinned_baseline,4,7,3,11563994,11288332
4096,same_object,16,24,unsafe_unpinned_baseline,4,8,0,12474247,11552803
4096,same_object,16,24,unsafe_unpinned_baseline,4,8,1,15776139,15464488
4096,same_object,16,24,unsafe_unpinned_baseline,4,8,2,15897258,15644559
4096,same_object,16,24,unsafe_unpinned_baseline,4,8,3,9060404,8806773
4096,same_object,16,24,unsafe_unpinned_baseline,4,9,0,11384885,11055912
4096,same_object,16,24,unsafe_unpinned_baseline,4,9,1,14404412,13767125
4096,same_object,16,24,unsafe_unpinned_baseline,4,9,2,25485441,25247691
4096,same_object,16,24,unsafe_unpinned_baseline,4,9,3,6710375,6479398
4096,same_object,16,24,unsafe_unpinned_baseline,4,10,0,11953241,11287530
4096,same_object,16,24,unsafe_unpinned_baseline,4,10,1,5333337,5048378
4096,same_object,16,24,unsafe_unpinned_baseline,4,10,2,9383044,8982737
4096,same_object,16,24,unsafe_unpinned_baseline,4,10,3,15452015,15202152
4096,same_object,16,24,unsafe_unpinned_baseline,4,11,0,12384016,11742181
4096,same_object,16,24,unsafe_unpinned_baseline,4,11,1,28104810,27585206
4096,same_object,16,24,unsafe_unpinned_baseline,4,11,2,16963195,16685921
4096,same_object,16,24,unsafe_unpinned_baseline,4,11,3,1696702,1395802
4096,same_object,16,24,unsafe_unpinned_baseline,4,12,0,12602179,11825028
4096,same_object,16,24,unsafe_unpinned_baseline,4,12,1,26908705,26473591
4096,same_object,16,24,unsafe_unpinned_baseline,4,12,2,11499761,10942577
4096,same_object,16,24,unsafe_unpinned_baseline,4,12,3,7134037,6862593
4096,same_object,16,24,unsafe_unpinned_baseline,4,13,0,12223632,11585625
4096,same_object,16,24,unsafe_unpinned_baseline,4,13,1,11513007,11155149
4096,same_object,16,24,unsafe_unpinned_baseline,4,13,2,14737271,14472070
4096,same_object,16,24,unsafe_unpinned_baseline,4,13,3,11825248,11542032
4096,same_object,16,24,unsafe_unpinned_baseline,4,14,0,22259343,21509313
4096,same_object,16,24,unsafe_unpinned_baseline,4,14,1,17142675,16903001
4096,same_object,16,24,unsafe_unpinned_baseline,4,14,2,11622093,11006558
4096,same_object,16,24,unsafe_unpinned_baseline,4,14,3,7117375,6854437
4096,same_object,16,24,unsafe_unpinned_baseline,4,15,0,22275904,21496418
4096,same_object,16,24,unsafe_unpinned_baseline,4,15,1,15499795,15068879
4096,same_object,16,24,unsafe_unpinned_baseline,4,15,2,12071143,11736269
4096,same_object,16,24,unsafe_unpinned_baseline,4,15,3,8007470,7763709
4096,same_object,16,24,unsafe_unpinned_baseline,5,0,0,15569096,14466589
4096,same_object,16,24,unsafe_unpinned_baseline,5,0,1,9036027,8490424
4096,same_object,16,24,unsafe_unpinned_baseline,5,0,2,13606711,13294289
4096,same_object,16,24,unsafe_unpinned_baseline,5,0,3,13134116,12728859
4096,same_object,16,24,unsafe_unpinned_baseline,5,1,0,6259370,5637734
4096,same_object,16,24,unsafe_unpinned_baseline,5,1,1,12229524,11729467
4096,same_object,16,24,unsafe_unpinned_baseline,5,1,2,11973279,11630921
4096,same_object,16,24,unsafe_unpinned_baseline,5,1,3,13963065,13375002
4096,same_object,16,24,unsafe_unpinned_baseline,5,2,0,4744302,3707940
4096,same_object,16,24,unsafe_unpinned_baseline,5,2,1,17239730,16998462
4096,same_object,16,24,unsafe_unpinned_baseline,5,2,2,12283306,11967187
4096,same_object,16,24,unsafe_unpinned_baseline,5,2,3,13822039,13011064
4096,same_object,16,24,unsafe_unpinned_baseline,5,3,0,15081763,14012769
4096,same_object,16,24,unsafe_unpinned_baseline,5,3,1,9468176,8807765
4096,same_object,16,24,unsafe_unpinned_baseline,5,3,2,13624925,13307184
4096,same_object,16,24,unsafe_unpinned_baseline,5,3,3,13148443,12691479
4096,same_object,16,24,unsafe_unpinned_baseline,5,4,0,6262016,5218951
4096,same_object,16,24,unsafe_unpinned_baseline,5,4,1,22828881,22364401
4096,same_object,16,24,unsafe_unpinned_baseline,5,4,2,12185860,11901152
4096,same_object,16,24,unsafe_unpinned_baseline,5,4,3,14326825,14036255
4096,same_object,16,24,unsafe_unpinned_baseline,5,5,0,20352592,18953604
4096,same_object,16,24,unsafe_unpinned_baseline,5,5,1,13322423,12981047
4096,same_object,16,24,unsafe_unpinned_baseline,5,5,2,14365187,14041314
4096,same_object,16,24,unsafe_unpinned_baseline,5,5,3,6774416,6545592
4096,same_object,16,24,unsafe_unpinned_baseline,5,6,0,15480759,14422045
4096,same_object,16,24,unsafe_unpinned_baseline,5,6,1,9061365,8510643
4096,same_object,16,24,unsafe_unpinned_baseline,5,6,2,13279762,12797378
4096,same_object,16,24,unsafe_unpinned_baseline,5,6,3,13125791,12368336
4096,same_object,16,24,unsafe_unpinned_baseline,5,7,0,13015411,11990962
4096,same_object,16,24,unsafe_unpinned_baseline,5,7,1,11068656,10470584
4096,same_object,16,24,unsafe_unpinned_baseline,5,7,2,14066391,13688766
4096,same_object,16,24,unsafe_unpinned_baseline,5,7,3,13146830,12687040
4096,same_object,16,24,unsafe_unpinned_baseline,5,8,0,15505035,14490403
4096,same_object,16,24,unsafe_unpinned_baseline,5,8,1,8951127,8408369
4096,same_object,16,24,unsafe_unpinned_baseline,5,8,2,13691912,13294650
4096,same_object,16,24,unsafe_unpinned_baseline,5,8,3,13052772,12595617
4096,same_object,16,24,unsafe_unpinned_baseline,5,9,0,4718834,4039177
4096,same_object,16,24,unsafe_unpinned_baseline,5,9,1,21766129,21198464
4096,same_object,16,24,unsafe_unpinned_baseline,5,9,2,13506200,13243143
4096,same_object,16,24,unsafe_unpinned_baseline,5,9,3,15624642,15362616
4096,same_object,16,24,unsafe_unpinned_baseline,5,10,0,15481109,14491376
4096,same_object,16,24,unsafe_unpinned_baseline,5,10,1,9107803,8521053
4096,same_object,16,24,unsafe_unpinned_baseline,5,10,2,29275366,28864308
4096,same_object,16,24,unsafe_unpinned_baseline,5,10,3,3700606,3434643
4096,same_object,16,24,unsafe_unpinned_baseline,5,11,0,5821882,5163596
4096,same_object,16,24,unsafe_unpinned_baseline,5,11,1,12394626,11847921
4096,same_object,16,24,unsafe_unpinned_baseline,5,11,2,12022762,11627975
4096,same_object,16,24,unsafe_unpinned_baseline,5,11,3,13228294,12972450
4096,same_object,16,24,unsafe_unpinned_baseline,5,12,0,19144586,18173618
4096,same_object,16,24,unsafe_unpinned_baseline,5,12,1,13527601,13250657
4096,same_object,16,24,unsafe_unpinned_baseline,5,12,2,14828194,14537894
4096,same_object,16,24,unsafe_unpinned_baseline,5,12,3,7314127,7038686
4096,same_object,16,24,unsafe_unpinned_baseline,5,13,0,6169230,5515132
4096,same_object,16,24,unsafe_unpinned_baseline,5,13,1,21996305,21500776
4096,same_object,16,24,unsafe_unpinned_baseline,5,13,2,12108966,11814077
4096,same_object,16,24,unsafe_unpinned_baseline,5,13,3,12143140,11610492
4096,same_object,16,24,unsafe_unpinned_baseline,5,14,0,6223132,5263074
4096,same_object,16,24,unsafe_unpinned_baseline,5,14,1,22545514,22106894
4096,same_object,16,24,unsafe_unpinned_baseline,5,14,2,24469828,23979960
4096,same_object,16,24,unsafe_unpinned_baseline,5,14,3,2763792,2517316
4096,same_object,16,24,unsafe_unpinned_baseline,5,15,0,21777641,20789249
4096,same_object,16,24,unsafe_unpinned_baseline,5,15,1,19946564,19633571
4096,same_object,16,24,unsafe_unpinned_baseline,5,15,2,13081277,12233762
4096,same_object,16,24,unsafe_unpinned_baseline,5,15,3,2711052,2406647
4096,same_object,16,24,pinned,5,0,0,26389192,22797662
4096,same_object,16,24,pinned,5,0,1,8641360,6192234
4096,same_object,16,24,pinned,5,0,2,19693545,17194764
4096,same_object,16,24,pinned,5,0,3,19547308,17471158
4096,same_object,16,24,pinned,5,1,0,26903645,22002667
4096,same_object,16,24,pinned,5,1,1,28912349,27075130
4096,same_object,16,24,pinned,5,1,2,23751638,21518761
4096,same_object,16,24,pinned,5,1,3,5502728,3722507
4096,same_object,16,24,pinned,5,2,0,13238013,9728478
4096,same_object,16,24,pinned,5,2,1,24747864,22916577
4096,same_object,16,24,pinned,5,2,2,21966408,19933049
4096,same_object,16,24,pinned,5,2,3,14336082,12424112
4096,same_object,16,24,pinned,5,3,0,10594648,8189766
4096,same_object,16,24,pinned,5,3,1,22658799,20881484
4096,same_object,16,24,pinned,5,3,2,22396382,20215794
4096,same_object,16,24,pinned,5,3,3,18787951,16985908
4096,same_object,16,24,pinned,5,4,0,33370038,28794105
4096,same_object,16,24,pinned,5,4,1,22131411,20229820
4096,same_object,16,24,pinned,5,4,2,24713218,22512221
4096,same_object,16,24,pinned,5,4,3,5107570,3039835
4096,same_object,16,24,pinned,5,5,0,13047011,9601608
4096,same_object,16,24,pinned,5,5,1,24373586,21926071
4096,same_object,16,24,pinned,5,5,2,20846878,18780206
4096,same_object,16,24,pinned,5,5,3,13920896,10979858
4096,same_object,16,24,pinned,5,6,0,26465175,23049589
4096,same_object,16,24,pinned,5,6,1,14395925,12741352
4096,same_object,16,24,pinned,5,6,2,17433536,15424622
4096,same_object,16,24,pinned,5,6,3,13003830,10058964
4096,same_object,16,24,pinned,5,7,0,11394593,8847210
4096,same_object,16,24,pinned,5,7,1,21835240,20273243
4096,same_object,16,24,pinned,5,7,2,20634897,18153439
4096,same_object,16,24,pinned,5,7,3,10079774,8151492
4096,same_object,16,24,pinned,5,8,0,26697665,23623275
4096,same_object,16,24,pinned,5,8,1,29088993,26822912
4096,same_object,16,24,pinned,5,8,2,24192232,22406992
4096,same_object,16,24,pinned,5,8,3,5314502,3523992
4096,same_object,16,24,pinned,5,9,0,27113814,23208480
4096,same_object,16,24,pinned,5,9,1,35563851,33222028
4096,same_object,16,24,pinned,5,9,2,13482516,11363705
4096,same_object,16,24,pinned,5,9,3,5881546,4273711
4096,same_object,16,24,pinned,5,10,0,11273494,8785323
4096,same_object,16,24,pinned,5,10,1,20703978,17973399
4096,same_object,16,24,pinned,5,10,2,21828807,19265334
4096,same_object,16,24,pinned,5,10,3,9907949,7485001
4096,same_object,16,24,pinned,5,11,0,28039315,23310623
4096,same_object,16,24,pinned,5,11,1,33526174,31598494
4096,same_object,16,24,pinned,5,11,2,14675345,12230124
4096,same_object,16,24,pinned,5,11,3,5838955,3946231
4096,same_object,16,24,pinned,5,12,0,26663281,22774678
4096,same_object,16,24,pinned,5,12,1,14187260,12373667
4096,same_object,16,24,pinned,5,12,2,23389031,21472563
4096,same_object,16,24,pinned,5,12,3,11938363,10268020
4096,same_object,16,24,pinned,5,13,0,26960724,23867538
4096,same_object,16,24,pinned,5,13,1,13017926,11053016
4096,same_object,16,24,pinned,5,13,2,18329983,16633592
4096,same_object,16,24,pinned,5,13,3,14165078,11740988
4096,same_object,16,24,pinned,5,14,0,26295133,21973732
4096,same_object,16,24,pinned,5,14,1,29162833,27417689
4096,same_object,16,24,pinned,5,14,2,18739258,17000927
4096,same_object,16,24,pinned,5,14,3,6077606,4054957
4096,same_object,16,24,pinned,5,15,0,9361223,7104120
4096,same_object,16,24,pinned,5,15,1,16769409,14596174
4096,same_object,16,24,pinned,5,15,2,7366436,5781947
4096,same_object,16,24,pinned,5,15,3,22079783,20214822
262144,disjoint,1,24,pinned,-2,0,0,6710745,4603135
262144,disjoint,1,24,pinned,-2,0,1,4143374,2531102
262144,disjoint,1,24,pinned,-2,0,2,4183320,2863301
262144,disjoint,1,24,pinned,-2,0,3,2827322,1635396
262144,disjoint,1,24,unsafe_unpinned_baseline,-2,0,0,2063256,1707473
262144,disjoint,1,24,unsafe_unpinned_baseline,-2,0,1,2033490,1673519
262144,disjoint,1,24,unsafe_unpinned_baseline,-2,0,2,2022168,1666576
262144,disjoint,1,24,unsafe_unpinned_baseline,-2,0,3,2217107,1874900
262144,disjoint,1,24,unsafe_unpinned_baseline,-1,0,0,1813894,1529455
262144,disjoint,1,24,unsafe_unpinned_baseline,-1,0,1,2443086,2137567
262144,disjoint,1,24,unsafe_unpinned_baseline,-1,0,2,1701671,1362770
262144,disjoint,1,24,unsafe_unpinned_baseline,-1,0,3,1417343,1089443
262144,disjoint,1,24,pinned,-1,0,0,3007884,1341069
262144,disjoint,1,24,pinned,-1,0,1,5788539,3930862
262144,disjoint,1,24,pinned,-1,0,2,5063897,3578024
262144,disjoint,1,24,pinned,-1,0,3,6635342,4445035
262144,disjoint,1,24,pinned,0,0,0,4899526,2222798
262144,disjoint,1,24,pinned,0,0,1,3753497,2127598
262144,disjoint,1,24,pinned,0,0,2,2330322,1208117
262144,disjoint,1,24,pinned,0,0,3,3950379,1354685
262144,disjoint,1,24,unsafe_unpinned_baseline,0,0,0,3488755,2525963
262144,disjoint,1,24,unsafe_unpinned_baseline,0,0,1,1747638,1345367
262144,disjoint,1,24,unsafe_unpinned_baseline,0,0,2,1516911,1157832
262144,disjoint,1,24,unsafe_unpinned_baseline,0,0,3,2068556,1691683
262144,disjoint,1,24,unsafe_unpinned_baseline,1,0,0,2862520,2147255
262144,disjoint,1,24,unsafe_unpinned_baseline,1,0,1,3615796,2987907
262144,disjoint,1,24,unsafe_unpinned_baseline,1,0,2,4489660,3597261
262144,disjoint,1,24,unsafe_unpinned_baseline,1,0,3,3313203,2672661
262144,disjoint,1,24,pinned,1,0,0,5434700,2963892
262144,disjoint,1,24,pinned,1,0,1,6108986,3551984
262144,disjoint,1,24,pinned,1,0,2,5557983,3140776
262144,disjoint,1,24,pinned,1,0,3,4483047,2574084
262144,disjoint,1,24,pinned,2,0,0,5433898,3110730
262144,disjoint,1,24,pinned,2,0,1,5538336,3117642
262144,disjoint,1,24,pinned,2,0,2,4412805,2337766
262144,disjoint,1,24,pinned,2,0,3,4427493,2590154
262144,disjoint,1,24,unsafe_unpinned_baseline,2,0,0,2138840,1752217
262144,disjoint,1,24,unsafe_unpinned_baseline,2,0,1,2111327,1702093
262144,disjoint,1,24,unsafe_unpinned_baseline,2,0,2,1958658,1553862
262144,disjoint,1,24,unsafe_unpinned_baseline,2,0,3,1808123,1456237
262144,disjoint,1,24,unsafe_unpinned_baseline,3,0,0,1742980,1381496
262144,disjoint,1,24,unsafe_unpinned_baseline,3,0,1,2789722,2471089
262144,disjoint,1,24,unsafe_unpinned_baseline,3,0,2,2418078,2058738
262144,disjoint,1,24,unsafe_unpinned_baseline,3,0,3,1786673,1410350
262144,disjoint,1,24,pinned,3,0,0,3766631,2238347
262144,disjoint,1,24,pinned,3,0,1,2739797,1561687
262144,disjoint,1,24,pinned,3,0,2,2361130,1243134
262144,disjoint,1,24,pinned,3,0,3,2508940,1455335
262144,disjoint,1,24,pinned,4,0,0,3581100,2288864
262144,disjoint,1,24,pinned,4,0,1,2727655,1549424
262144,disjoint,1,24,pinned,4,0,2,2362312,1211123
262144,disjoint,1,24,pinned,4,0,3,2216275,1205022
262144,disjoint,1,24,unsafe_unpinned_baseline,4,0,0,1444264,1124109
262144,disjoint,1,24,unsafe_unpinned_baseline,4,0,1,1599929,1273491
262144,disjoint,1,24,unsafe_unpinned_baseline,4,0,2,1436830,1103459
262144,disjoint,1,24,unsafe_unpinned_baseline,4,0,3,1463431,1115903
262144,disjoint,1,24,unsafe_unpinned_baseline,5,0,0,3581721,3266785
262144,disjoint,1,24,unsafe_unpinned_baseline,5,0,1,2010837,1655825
262144,disjoint,1,24,unsafe_unpinned_baseline,5,0,2,1828562,1446078
262144,disjoint,1,24,unsafe_unpinned_baseline,5,0,3,2206037,1896230
262144,disjoint,1,24,pinned,5,0,0,3423893,1788005
262144,disjoint,1,24,pinned,5,0,1,2502168,1374653
262144,disjoint,1,24,pinned,5,0,2,2437064,1317915
262144,disjoint,1,24,pinned,5,0,3,3985035,2902175
262144,disjoint,4,24,pinned,-2,0,0,6977660,5658533
262144,disjoint,4,24,pinned,-2,0,1,5313550,3546124
262144,disjoint,4,24,pinned,-2,0,2,7082309,4426600
262144,disjoint,4,24,pinned,-2,0,3,7968747,5645579
262144,disjoint,4,24,pinned,-2,1,0,6589235,4472117
262144,disjoint,4,24,pinned,-2,1,1,5305325,3197985
262144,disjoint,4,24,pinned,-2,1,2,7686472,4997361
262144,disjoint,4,24,pinned,-2,1,3,8644075,6678464
262144,disjoint,4,24,pinned,-2,2,0,7782163,5175579
262144,disjoint,4,24,pinned,-2,2,1,7185434,4279822
262144,disjoint,4,24,pinned,-2,2,2,5736350,3288446
262144,disjoint,4,24,pinned,-2,2,3,7524125,5353516
262144,disjoint,4,24,pinned,-2,3,0,6856592,4751376
262144,disjoint,4,24,pinned,-2,3,1,5009825,3018014
262144,disjoint,4,24,pinned,-2,3,2,7427893,4478459
262144,disjoint,4,24,pinned,-2,3,3,9107453,6987960
262144,disjoint,4,24,unsafe_unpinned_baseline,-2,0,0,5900501,4725246
262144,disjoint,4,24,unsafe_unpinned_baseline,-2,0,1,5934285,5461801
262144,disjoint,4,24,unsafe_unpinned_baseline,-2,0,2,5081090,4673278
262144,disjoint,4,24,unsafe_unpinned_baseline,-2,0,3,8203792,7244566
262144,disjoint,4,24,unsafe_unpinned_baseline,-2,1,0,5649365,4911058
262144,disjoint,4,24,unsafe_unpinned_baseline,-2,1,1,6637095,6006913
262144,disjoint,4,24,unsafe_unpinned_baseline,-2,1,2,4734244,3797350
262144,disjoint,4,24,unsafe_unpinned_baseline,-2,1,3,8290355,7698696
262144,disjoint,4,24,unsafe_unpinned_baseline,-2,2,0,5575245,4855814
262144,disjoint,4,24,unsafe_unpinned_baseline,-2,2,1,5941799,5104955
262144,disjoint,4,24,unsafe_unpinned_baseline,-2,2,2,4968667,4486054
262144,disjoint,4,24,unsafe_unpinned_baseline,-2,2,3,8382961,7790098
262144,disjoint,4,24,unsafe_unpinned_baseline,-2,3,0,5580956,4831988
262144,disjoint,4,24,unsafe_unpinned_baseline,-2,3,1,5952890,5325152
262144,disjoint,4,24,unsafe_unpinned_baseline,-2,3,2,4728973,4341700
262144,disjoint,4,24,unsafe_unpinned_baseline,-2,3,3,8756579,8312749
262144,disjoint,4,24,unsafe_unpinned_baseline,-1,0,0,7032915,5855446
262144,disjoint,4,24,unsafe_unpinned_baseline,-1,0,1,5084507,4516892
262144,disjoint,4,24,unsafe_unpinned_baseline,-1,0,2,4795669,4313377
262144,disjoint,4,24,unsafe_unpinned_baseline,-1,0,3,4923161,3979915
262144,disjoint,4,24,unsafe_unpinned_baseline,-1,1,0,4343313,3474157
262144,disjoint,4,24,unsafe_unpinned_baseline,-1,1,1,3051948,2595775
262144,disjoint,4,24,unsafe_unpinned_baseline,-1,1,2,4529325,4163843
262144,disjoint,4,24,unsafe_unpinned_baseline,-1,1,3,4582676,3922567
262144,disjoint,4,24,unsafe_unpinned_baseline,-1,2,0,6094439,5177242
262144,disjoint,4,24,unsafe_unpinned_baseline,-1,2,1,5807976,5165940
262144,disjoint,4,24,unsafe_unpinned_baseline,-1,2,2,4485091,3856021
262144,disjoint,4,24,unsafe_unpinned_baseline,-1,2,3,1701281,1297336
262144,disjoint,4,24,unsafe_unpinned_baseline,-1,3,0,6472233,5542333
262144,disjoint,4,24,unsafe_unpinned_baseline,-1,3,1,4915806,4461326
262144,disjoint,4,24,unsafe_unpinned_baseline,-1,3,2,5571327,4275595
262144,disjoint,4,24,unsafe_unpinned_baseline,-1,3,3,4381556,3742456
262144,disjoint,4,24,pinned,-1,0,0,10604287,8401286
262144,disjoint,4,24,pinned,-1,0,1,9045024,6728999
262144,disjoint,4,24,pinned,-1,0,2,6992929,5059219
262144,disjoint,4,24,pinned,-1,0,3,6913078,4956273
262144,disjoint,4,24,pinned,-1,1,0,10641928,7806499
262144,disjoint,4,24,pinned,-1,1,1,9047930,6464599
262144,disjoint,4,24,pinned,-1,1,2,6640783,4617362
262144,disjoint,4,24,pinned,-1,1,3,7321061,5734587
262144,disjoint,4,24,pinned,-1,2,0,10569341,7693907
262144,disjoint,4,24,pinned,-1,2,1,9096251,7202457
262144,disjoint,4,24,pinned,-1,2,2,7910317,5254599
262144,disjoint,4,24,pinned,-1,2,3,6281362,4872215
262144,disjoint,4,24,pinned,-1,3,0,10595220,7926366
262144,disjoint,4,24,pinned,-1,3,1,9300338,7509307
262144,disjoint,4,24,pinned,-1,3,2,6337959,4247822
262144,disjoint,4,24,pinned,-1,3,3,2641942,1333946
262144,disjoint,4,24,pinned,0,0,0,10373640,8086320
262144,disjoint,4,24,pinned,0,0,1,8308821,5885714
262144,disjoint,4,24,pinned,0,0,2,6405687,4372238
262144,disjoint,4,24,pinned,0,0,3,10649211,7355225
262144,disjoint,4,24,pinned,0,1,0,10742047,8597127
262144,disjoint,4,24,pinned,0,1,1,8127147,5588290
262144,disjoint,4,24,pinned,0,1,2,6275230,3889985
262144,disjoint,4,24,pinned,0,1,3,10680491,7970209
262144,disjoint,4,24,pinned,0,2,0,10451507,8199244
262144,disjoint,4,24,pinned,0,2,1,8258305,6171224
262144,disjoint,4,24,pinned,0,2,2,6419814,4170165
262144,disjoint,4,24,pinned,0,2,3,10373480,7345447
262144,disjoint,4,24,pinned,0,3,0,10411943,8554676
262144,disjoint,4,24,pinned,0,3,1,7517884,4757518
262144,disjoint,4,24,pinned,0,3,2,7195633,4791040
262144,disjoint,4,24,pinned,0,3,3,10684659,7463099
262144,disjoint,4,24,unsafe_unpinned_baseline,0,0,0,7785169,7089142
262144,disjoint,4,24,unsafe_unpinned_baseline,0,0,1,6490308,5764033
262144,disjoint,4,24,unsafe_unpinned_baseline,0,0,2,8220103,7257199
262144,disjoint,4,24,unsafe_unpinned_baseline,0,0,3,6133332,5265720
262144,disjoint,4,24,unsafe_unpinned_baseline,0,1,0,7613073,7010613
262144,disjoint,4,24,unsafe_unpinned_baseline,0,1,1,6586891,5687107
262144,disjoint,4,24,unsafe_unpinned_baseline,0,1,2,4497254,3664538
262144,disjoint,4,24,unsafe_unpinned_baseline,0,1,3,4873848,4363652
262144,disjoint,4,24,unsafe_unpinned_baseline,0,2,0,8096429,7452640
262144,disjoint,4,24,unsafe_unpinned_baseline,0,2,1,6164161,5731091
262144,disjoint,4,24,unsafe_unpinned_baseline,0,2,2,8616062,7677946
262144,disjoint,4,24,unsafe_unpinned_baseline,0,2,3,5990231,4813824
262144,disjoint,4,24,unsafe_unpinned_baseline,0,3,0,7890128,7253854
262144,disjoint,4,24,unsafe_unpinned_baseline,0,3,1,6495317,5910741
262144,disjoint,4,24,unsafe_unpinned_baseline,0,3,2,9128051,8304713
262144,disjoint,4,24,unsafe_unpinned_baseline,0,3,3,5506475,4773417
262144,disjoint,4,24,unsafe_unpinned_baseline,1,0,0,9873102,9135897
262144,disjoint,4,24,unsafe_unpinned_baseline,1,0,1,6571000,5602747
262144,disjoint,4,24,unsafe_unpinned_baseline,1,0,2,7508325,6804953
262144,disjoint,4,24,unsafe_unpinned_baseline,1,0,3,6918288,6548818
262144,disjoint,4,24,unsafe_unpinned_baseline,1,1,0,9969054,9264320
262144,disjoint,4,24,unsafe_unpinned_baseline,1,1,1,6314054,5448615
262144,disjoint,4,24,unsafe_unpinned_baseline,1,1,2,7169454,6355843
262144,disjoint,4,24,unsafe_unpinned_baseline,1,1,3,7713323,7319678
262144,disjoint,4,24,unsafe_unpinned_baseline,1,2,0,10102586,9412510
262144,disjoint,4,24,unsafe_unpinned_baseline,1,2,1,6363608,5660266
262144,disjoint,4,24,unsafe_unpinned_baseline,1,2,2,7390812,6779536
262144,disjoint,4,24,unsafe_unpinned_baseline,1,2,3,7117946,6812418
262144,disjoint,4,24,unsafe_unpinned_baseline,1,3,0,9858535,9153550
262144,disjoint,4,24,unsafe_unpinned_baseline,1,3,1,6417039,5437314
262144,disjoint,4,24,unsafe_unpinned_baseline,1,3,2,7333545,6517690
262144,disjoint,4,24,unsafe_unpinned_baseline,1,3,3,7451708,7096997
262144,disjoint,4,24,pinned,1,0,0,12550661,6631595
262144,disjoint,4,24,pinned,1,0,1,5936860,4255717
262144,disjoint,4,24,pinned,1,0,2,7872755,5982366
262144,disjoint,4,24,pinned,1,0,3,6727397,3945009
262144,disjoint,4,24,pinned,1,1,0,12439822,6471381
262144,disjoint,4,24,pinned,1,1,1,6119526,4247542
262144,disjoint,4,24,pinned,1,1,2,7705348,6001502
262144,disjoint,4,24,pinned,1,1,3,6939778,4919925
262144,disjoint,4,24,pinned,1,2,0,12528810,6427609
262144,disjoint,4,24,pinned,1,2,1,5603880,3986928
262144,disjoint,4,24,pinned,1,2,2,7669551,6177325
262144,disjoint,4,24,pinned,1,2,3,7339075,5104013
262144,disjoint,4,24,pinned,1,3,0,12382082,6403964
262144,disjoint,4,24,pinned,1,3,1,6025378,4138245
262144,disjoint,4,24,pinned,1,3,2,7644083,6043342
262144,disjoint,4,24,pinned,1,3,3,7162761,4589319
262144,disjoint,4,24,pinned,2,0,0,9280601,7396193
262144,disjoint,4,24,pinned,2,0,1,6573145,4176868
262144,disjoint,4,24,pinned,2,0,2,10744642,6347086
262144,disjoint,4,24,pinned,2,0,3,12841642,7403727
262144,disjoint,4,24,pinned,2,1,0,9189919,6818158
262144,disjoint,4,24,pinned,2,1,1,6656653,4576975
262144,disjoint,4,24,pinned,2,1,2,10770191,8434608
262144,disjoint,4,24,pinned,2,1,3,12869145,7417163
262144,disjoint,4,24,pinned,2,2,0,9184098,7232994
262144,disjoint,4,24,pinned,2,2,1,6645913,4502415
262144,disjoint,4,24,pinned,2,2,2,11203050,8256782
262144,disjoint,4,24,pinned,2,2,3,12468926,6936903
262144,disjoint,4,24,pinned,2,3,0,9180922,6537948
262144,disjoint,4,24,pinned,2,3,1,6661352,4402445
262144,disjoint,4,24,pinned,2,3,2,10041711,6334272
262144,disjoint,4,24,pinned,2,3,3,14212077,8236083
262144,disjoint,4,24,unsafe_unpinned_baseline,2,0,0,9059812,8382220
262144,disjoint,4,24,unsafe_unpinned_baseline,2,0,1,7093910,6515886
262144,disjoint,4,24,unsafe_unpinned_baseline,2,0,2,4964659,4215261
262144,disjoint,4,24,unsafe_unpinned_baseline,2,0,3,5403340,4904195
262144,disjoint,4,24,unsafe_unpinned_baseline,2,1,0,8820520,8337735
262144,disjoint,4,24,unsafe_unpinned_baseline,2,1,1,6970177,6153901
262144,disjoint,4,24,unsafe_unpinned_baseline,2,1,2,5120494,4713884
262144,disjoint,4,24,unsafe_unpinned_baseline,2,1,3,5576387,5172954
262144,disjoint,4,24,unsafe_unpinned_baseline,2,2,0,8838003,8329409
262144,disjoint,4,24,unsafe_unpinned_baseline,2,2,1,6628310,6263098
262144,disjoint,4,24,unsafe_unpinned_baseline,2,2,2,5439228,4993684
262144,disjoint,4,24,unsafe_unpinned_baseline,2,2,3,6022091,5325964
262144,disjoint,4,24,unsafe_unpinned_baseline,2,3,0,9020318,8347654
262144,disjoint,4,24,unsafe_unpinned_baseline,2,3,1,6820112,6405257
262144,disjoint,4,24,unsafe_unpinned_baseline,2,3,2,5250280,4883545
262144,disjoint,4,24,unsafe_unpinned_baseline,2,3,3,5857570,5315995
262144,disjoint,4,24,unsafe_unpinned_baseline,3,0,0,7160918,6636695
262144,disjoint,4,24,unsafe_unpinned_baseline,3,0,1,5782538,5227196
262144,disjoint,4,24,unsafe_unpinned_baseline,3,0,2,5367132,4760883
262144,disjoint,4,24,unsafe_unpinned_baseline,3,0,3,5506976,4137533
262144,disjoint,4,24,unsafe_unpinned_baseline,3,1,0,6421838,5815500
262144,disjoint,4,24,unsafe_unpinned_baseline,3,1,1,6434001,5494563
262144,disjoint,4,24,unsafe_unpinned_baseline,3,1,2,4895658,4365215
262144,disjoint,4,24,unsafe_unpinned_baseline,3,1,3,3593032,3194297
262144,disjoint,4,24,unsafe_unpinned_baseline,3,2,0,7310661,6431467
262144,disjoint,4,24,unsafe_unpinned_baseline,3,2,1,5937471,5353596
262144,disjoint,4,24,unsafe_unpinned_baseline,3,2,2,4517212,4086347
262144,disjoint,4,24,unsafe_unpinned_baseline,3,2,3,5854654,5397609
262144,disjoint,4,24,unsafe_unpinned_baseline,3,3,0,6561833,6035647
262144,disjoint,4,24,unsafe_unpinned_baseline,3,3,1,6929730,6202433
262144,disjoint,4,24,unsafe_unpinned_baseline,3,3,2,4204130,3828940
262144,disjoint,4,24,unsafe_unpinned_baseline,3,3,3,5563443,5121125
262144,disjoint,4,24,pinned,3,0,0,10783506,7668959
262144,disjoint,4,24,pinned,3,0,1,10114379,7791992
262144,disjoint,4,24,pinned,3,0,2,7867045,4648241
262144,disjoint,4,24,pinned,3,0,3,9629201,6862633
262144,disjoint,4,24,pinned,3,1,0,10819664,7367298
262144,disjoint,4,24,pinned,3,1,1,10016234,7551848
262144,disjoint,4,24,pinned,3,1,2,7918653,5426925
262144,disjoint,4,24,pinned,3,1,3,9600015,7127384
262144,disjoint,4,24,pinned,3,2,0,10800268,7171438
262144,disjoint,4,24,pinned,3,2,1,10006094,7078031
262144,disjoint,4,24,pinned,3,2,2,7902151,4829183
262144,disjoint,4,24,pinned,3,2,3,9604394,7275494
262144,disjoint,4,24,pinned,3,3,0,10786661,7417733
262144,disjoint,4,24,pinned,3,3,1,10016624,7298067
262144,disjoint,4,24,pinned,3,3,2,7928050,5478072
262144,disjoint,4,24,pinned,3,3,3,9569538,6703411
262144,disjoint,4,24,pinned,4,0,0,10069745,7660703
262144,disjoint,4,24,pinned,4,0,1,9489005,6979023
262144,disjoint,4,24,pinned,4,0,2,8678230,6753726
262144,disjoint,4,24,pinned,4,0,3,10432913,8636511
262144,disjoint,4,24,pinned,4,1,0,10004931,7989176
262144,disjoint,4,24,pinned,4,1,1,8970213,6733699
262144,disjoint,4,24,pinned,4,1,2,9156997,7385192
262144,disjoint,4,24,pinned,4,1,3,10633011,8683580
262144,disjoint,4,24,pinned,4,2,0,9590798,7512132
262144,disjoint,4,24,pinned,4,2,1,9348269,7073482
262144,disjoint,4,24,pinned,4,2,2,9198254,7395011
262144,disjoint,4,24,pinned,4,2,3,10135920,8092691
262144,disjoint,4,24,pinned,4,3,0,9991576,7851364
262144,disjoint,4,24,pinned,4,3,1,9063008,7298689
262144,disjoint,4,24,pinned,4,3,2,9532458,7280594
262144,disjoint,4,24,pinned,4,3,3,9668335,7827058
262144,disjoint,4,24,unsafe_unpinned_baseline,4,0,0,7325639,6651382
262144,disjoint,4,24,unsafe_unpinned_baseline,4,0,1,7439304,6423772
262144,disjoint,4,24,unsafe_unpinned_baseline,4,0,2,5218369,4419477
262144,disjoint,4,24,unsafe_unpinned_baseline,4,0,3,7305221,6211751
262144,disjoint,4,24,unsafe_unpinned_baseline,4,1,0,8724087,8088754
262144,disjoint,4,24,unsafe_unpinned_baseline,4,1,1,6522038,5622896
262144,disjoint,4,24,unsafe_unpinned_baseline,4,1,2,5151182,4492145
262144,disjoint,4,24,unsafe_unpinned_baseline,4,1,3,7033176,6366213
262144,disjoint,4,24,unsafe_unpinned_baseline,4,2,0,8954854,8304672
262144,disjoint,4,24,unsafe_unpinned_baseline,4,2,1,6325015,5671608
262144,disjoint,4,24,unsafe_unpinned_baseline,4,2,2,5092742,4534655
262144,disjoint,4,24,unsafe_unpinned_baseline,4,2,3,6604624,6075923
262144,disjoint,4,24,unsafe_unpinned_baseline,4,3,0,8684061,8022558
262144,disjoint,4,24,unsafe_unpinned_baseline,4,3,1,6337919,5459637
262144,disjoint,4,24,unsafe_unpinned_baseline,4,3,2,5280026,4703555
262144,disjoint,4,24,unsafe_unpinned_baseline,4,3,3,6908199,6246697
262144,disjoint,4,24,unsafe_unpinned_baseline,5,0,0,6752835,6218553
262144,disjoint,4,24,unsafe_unpinned_baseline,5,0,1,4791992,3879625
262144,disjoint,4,24,unsafe_unpinned_baseline,5,0,2,5634257,5090989
262144,disjoint,4,24,unsafe_unpinned_baseline,5,0,3,10099962,9347097
262144,disjoint,4,24,unsafe_unpinned_baseline,5,1,0,6507020,5966265
262144,disjoint,4,24,unsafe_unpinned_baseline,5,1,1,3404786,2860536
262144,disjoint,4,24,unsafe_unpinned_baseline,5,1,2,6615234,5449357
262144,disjoint,4,24,unsafe_unpinned_baseline,5,1,3,10742078,9813750
262144,disjoint,4,24,unsafe_unpinned_baseline,5,2,0,6756172,6227800
262144,disjoint,4,24,unsafe_unpinned_baseline,5,2,1,9233892,7579800
262144,disjoint,4,24,unsafe_unpinned_baseline,5,2,2,10855462,9829480
262144,disjoint,4,24,unsafe_unpinned_baseline,5,2,3,4333054,3424423
262144,disjoint,4,24,unsafe_unpinned_baseline,5,3,0,5753833,5223038
262144,disjoint,4,24,unsafe_unpinned_baseline,5,3,1,4144005,3684045
262144,disjoint,4,24,unsafe_unpinned_baseline,5,3,2,6918087,5745378
262144,disjoint,4,24,unsafe_unpinned_baseline,5,3,3,10481635,9654599
262144,disjoint,4,24,pinned,5,0,0,8186830,5652522
262144,disjoint,4,24,pinned,5,0,1,8967377,6460591
262144,disjoint,4,24,pinned,5,0,2,12733949,7932639
262144,disjoint,4,24,pinned,5,0,3,8685604,6739880
262144,disjoint,4,24,pinned,5,1,0,8274365,5294884
262144,disjoint,4,24,pinned,5,1,1,9790596,7166448
262144,disjoint,4,24,pinned,5,1,2,11834746,6153961
262144,disjoint,4,24,pinned,5,1,3,8332685,6359359
262144,disjoint,4,24,pinned,5,2,0,8099484,5338547
262144,disjoint,4,24,pinned,5,2,1,9462585,7472017
262144,disjoint,4,24,pinned,5,2,2,11291599,6940250
262144,disjoint,4,24,pinned,5,2,3,9741923,6787640
262144,disjoint,4,24,pinned,5,3,0,8093343,5475637
262144,disjoint,4,24,pinned,5,3,1,9216539,7020812
262144,disjoint,4,24,pinned,5,3,2,12691458,7787815
262144,disjoint,4,24,pinned,5,3,3,8172222,5859473
262144,disjoint,16,24,pinned,-2,0,0,26711582,22188649
262144,disjoint,16,24,pinned,-2,0,1,23632783,21096521
262144,disjoint,16,24,pinned,-2,0,2,21853704,19118497
262144,disjoint,16,24,pinned,-2,0,3,22182166,19327993
262144,disjoint,16,24,pinned,-2,1,0,24849346,19577475
262144,disjoint,16,24,pinned,-2,1,1,7177789,4096206
262144,disjoint,16,24,pinned,-2,1,2,20300584,18011760
262144,disjoint,16,24,pinned,-2,1,3,24721625,22987381
262144,disjoint,16,24,pinned,-2,2,0,26982885,21738416
262144,disjoint,16,24,pinned,-2,2,1,25070515,22090062
262144,disjoint,16,24,pinned,-2,2,2,24869174,23188743
262144,disjoint,16,24,pinned,-2,2,3,18736493,17181349
262144,disjoint,16,24,pinned,-2,3,0,26802354,22123535
262144,disjoint,16,24,pinned,-2,3,1,24521375,22330177
262144,disjoint,16,24,pinned,-2,3,2,23989839,21782820
262144,disjoint,16,24,pinned,-2,3,3,20181669,18361844
262144,disjoint,16,24,pinned,-2,4,0,26224600,21945399
262144,disjoint,16,24,pinned,-2,4,1,22888734,19725956
262144,disjoint,16,24,pinned,-2,4,2,23095095,20401937
262144,disjoint,16,24,pinned,-2,4,3,22563178,20556930
262144,disjoint,16,24,pinned,-2,5,0,26454255,21987859
262144,disjoint,16,24,pinned,-2,5,1,24757062,22162089
262144,disjoint,16,24,pinned,-2,5,2,23383421,20835126
262144,disjoint,16,24,pinned,-2,5,3,20008962,17694871
262144,disjoint,16,24,pinned,-2,6,0,26642320,22676062
262144,disjoint,16,24,pinned,-2,6,1,24519462,22248923
262144,disjoint,16,24,pinned,-2,6,2,22315629,20371589
262144,disjoint,16,24,pinned,-2,6,3,21357065,19209589
262144,disjoint,16,24,pinned,-2,7,0,26448324,22800648
262144,disjoint,16,24,pinned,-2,7,1,23918765,20589411
262144,disjoint,16,24,pinned,-2,7,2,22708623,20646970
262144,disjoint,16,24,pinned,-2,7,3,21406498,19150357
262144,disjoint,16,24,pinned,-2,8,0,27449168,21622878
262144,disjoint,16,24,pinned,-2,8,1,23930547,21302521
262144,disjoint,16,24,pinned,-2,8,2,22853387,20811993
262144,disjoint,16,24,pinned,-2,8,3,20410893,18530633
262144,disjoint,16,24,pinned,-2,9,0,26654774,21922485
262144,disjoint,16,24,pinned,-2,9,1,24791878,21432226
262144,disjoint,16,24,pinned,-2,9,2,22859529,20811702
262144,disjoint,16,24,pinned,-2,9,3,21759907,20018330
262144,disjoint,16,24,pinned,-2,10,0,26785392,22373640
262144,disjoint,16,24,pinned,-2,10,1,23421513,20977836
262144,disjoint,16,24,pinned,-2,10,2,21856069,19666163
262144,disjoint,16,24,pinned,-2,10,3,22601611,20640548
262144,disjoint,16,24,pinned,-2,11,0,26743192,22433602
262144,disjoint,16,24,pinned,-2,11,1,24823166,22262319
262144,disjoint,16,24,pinned,-2,11,2,23027407,20917562
262144,disjoint,16,24,pinned,-2,11,3,21540472,19818742
262144,disjoint,16,24,pinned,-2,12,0,26025903,21929508
262144,disjoint,16,24,pinned,-2,12,1,24817556,21311999
262144,disjoint,16,24,pinned,-2,12,2,22726497,20609539
262144,disjoint,16,24,pinned,-2,12,3,21976527,20282580
262144,disjoint,16,24,pinned,-2,13,0,26921770,21752684
262144,disjoint,16,24,pinned,-2,13,1,24252366,21262265
262144,disjoint,16,24,pinned,-2,13,2,21872831,20211545
262144,disjoint,16,24,pinned,-2,13,3,21685316,19240718
262144,disjoint,16,24,pinned,-2,14,0,27075501,22258641
262144,disjoint,16,24,pinned,-2,14,1,24156104,21088857
262144,disjoint,16,24,pinned,-2,14,2,23139789,20883868
262144,disjoint,16,24,pinned,-2,14,3,21610704,19956843
262144,disjoint,16,24,pinned,-2,15,0,27129824,22120650
262144,disjoint,16,24,pinned,-2,15,1,24283996,21104116
262144,disjoint,16,24,pinned,-2,15,2,25352198,23071630
262144,disjoint,16,24,pinned,-2,15,3,19006324,17486998
262144,disjoint,16,24,unsafe_unpinned_baseline,-2,0,0,22121622,21680507
262144,disjoint,16,24,unsafe_unpinned_baseline,-2,0,1,22015542,21390367
262144,disjoint,16,24,unsafe_unpinned_baseline,-2,0,2,14978679,14585664
262144,disjoint,16,24,unsafe_unpinned_baseline,-2,0,3,21960266,21453848
262144,disjoint,16,24,unsafe_unpinned_baseline,-2,1,0,22278459,19933018
262144,disjoint,16,24,unsafe_unpinned_baseline,-2,1,1,18950008,18142648
262144,disjoint,16,24,unsafe_unpinned_baseline,-2,1,2,17714298,17316394
262144,disjoint,16,24,unsafe_unpinned_baseline,-2,1,3,20474083,19992411
262144,disjoint,16,24,unsafe_unpinned_baseline,-2,2,0,23747781,23125883
262144,disjoint,16,24,unsafe_unpinned_baseline,-2,2,1,15852393,15344511
262144,disjoint,16,24,unsafe_unpinned_baseline,-2,2,2,19512302,18774545
262144,disjoint,16,24,unsafe_unpinned_baseline,-2,2,3,22179762,21727065
262144,disjoint,16,24,unsafe_unpinned_baseline,-2,3,0,19952375,19410519
262144,disjoint,16,24,unsafe_unpinned_baseline,-2,3,1,18141095,17423326
262144,disjoint,16,24,unsafe_unpinned_baseline,-2,3,2,19574189,19120760
262144,disjoint,16,24,unsafe_unpinned_baseline,-2,3,3,21942072,21112842
262144,disjoint,16,24,unsafe_unpinned_baseline,-2,4,0,21167525,20669242
262144,disjoint,16,24,unsafe_unpinned_baseline,-2,4,1,18511727,17761026
262144,disjoint,16,24,unsafe_unpinned_baseline,-2,4,2,20886293,20218970
262144,disjoint,16,24,unsafe_unpinned_baseline,-2,4,3,18998930,18599404
262144,disjoint,16,24,unsafe_unpinned_baseline,-2,5,0,22183258,19850422
262144,disjoint,16,24,unsafe_unpinned_baseline,-2,5,1,17601194,16981090
262144,disjoint,16,24,unsafe_unpinned_baseline,-2,5,2,24925351,24339430
262144,disjoint,16,24,unsafe_unpinned_baseline,-2,5,3,15748987,15291891
262144,disjoint,16,24,unsafe_unpinned_baseline,-2,6,0,21251345,20738964
262144,disjoint,16,24,unsafe_unpinned_baseline,-2,6,1,18406127,17360959
262144,disjoint,16,24,unsafe_unpinned_baseline,-2,6,2,23936909,23279014
262144,disjoint,16,24,unsafe_unpinned_baseline,-2,6,3,16781802,16345887
262144,disjoint,16,24,unsafe_unpinned_baseline,-2,7,0,22314377,21831984
262144,disjoint,16,24,unsafe_unpinned_baseline,-2,7,1,20108490,19241509
262144,disjoint,16,24,unsafe_unpinned_baseline,-2,7,2,16533382,16048965
262144,disjoint,16,24,unsafe_unpinned_baseline,-2,7,3,20692917,20273513
262144,disjoint,16,24,unsafe_unpinned_baseline,-2,8,0,19963476,19476193
262144,disjoint,16,24,unsafe_unpinned_baseline,-2,8,1,17905539,17246131
262144,disjoint,16,24,unsafe_unpinned_baseline,-2,8,2,19758978,19060808
262144,disjoint,16,24,unsafe_unpinned_baseline,-2,8,3,21961268,21300077
262144,disjoint,16,24,unsafe_unpinned_baseline,-2,9,0,22155366,21652434
262144,disjoint,16,24,unsafe_unpinned_baseline,-2,9,1,24659637,23835917
262144,disjoint,16,24,unsafe_unpinned_baseline,-2,9,2,12882340,12235595
262144,disjoint,16,24,unsafe_unpinned_baseline,-2,9,3,21751872,21320966
262144,disjoint,16,24,unsafe_unpinned_baseline,-2,10,0,20002690,19619896
262144,disjoint,16,24,unsafe_unpinned_baseline,-2,10,1,17978989,17316505
262144,disjoint,16,24,unsafe_unpinned_baseline,-2,10,2,19634142,19058894
262144,disjoint,16,24,unsafe_unpinned_baseline,-2,10,3,20023971,19169042
262144,disjoint,16,24,unsafe_unpinned_baseline,-2,11,0,19757486,19267458
262144,disjoint,16,24,unsafe_unpinned_baseline,-2,11,1,18096361,17253886
262144,disjoint,16,24,unsafe_unpinned_baseline,-2,11,2,19989926,19342090
262144,disjoint,16,24,unsafe_unpinned_baseline,-2,11,3,20378742,19678937
262144,disjoint,16,24,unsafe_unpinned_baseline,-2,12,0,21235564,20767027
262144,disjoint,16,24,unsafe_unpinned_baseline,-2,12,1,16507403,15669275
262144,disjoint,16,24,unsafe_unpinned_baseline,-2,12,2,19833530,19129236
262144,disjoint,16,24,unsafe_unpinned_baseline,-2,12,3,21968282,21113273
262144,disjoint,16,24,unsafe_unpinned_baseline,-2,13,0,19939391,19476173
262144,disjoint,16,24,unsafe_unpinned_baseline,-2,13,1,17603619,16598104
262144,disjoint,16,24,unsafe_unpinned_baseline,-2,13,2,20156482,19223255
262144,disjoint,16,24,unsafe_unpinned_baseline,-2,13,3,20572349,19807891
262144,disjoint,16,24,unsafe_unpinned_baseline,-2,14,0,24918658,22614635
262144,disjoint,16,24,unsafe_unpinned_baseline,-2,14,1,14638565,13990247
262144,disjoint,16,24,unsafe_unpinned_baseline,-2,14,2,19553680,19064173
262144,disjoint,16,24,unsafe_unpinned_baseline,-2,14,3,21959075,21501628
262144,disjoint,16,24,unsafe_unpinned_baseline,-2,15,0,22388146,21918277
262144,disjoint,16,24,unsafe_unpinned_baseline,-2,15,1,19443462,18830481
262144,disjoint,16,24,unsafe_unpinned_baseline,-2,15,2,17178934,16717210
262144,disjoint,16,24,unsafe_unpinned_baseline,-2,15,3,21421937,20925878
262144,disjoint,16,24,unsafe_unpinned_baseline,-1,0,0,35847078,35117987
262144,disjoint,16,24,unsafe_unpinned_baseline,-1,0,1,22025049,21078497
262144,disjoint,16,24,unsafe_unpinned_baseline,-1,0,2,25603725,24975715
262144,disjoint,16,24,unsafe_unpinned_baseline,-1,0,3,8672810,8124993
262144,disjoint,16,24,unsafe_unpinned_baseline,-1,1,0,28235146,27636964
262144,disjoint,16,24,unsafe_unpinned_baseline,-1,1,1,20182210,19598014
262144,disjoint,16,24,unsafe_unpinned_baseline,-1,1,2,22248632,21669897
262144,disjoint,16,24,unsafe_unpinned_baseline,-1,1,3,16682474,16181335
262144,disjoint,16,24,unsafe_unpinned_baseline,-1,2,0,19326190,18706737
262144,disjoint,16,24,unsafe_unpinned_baseline,-1,2,1,27751029,26594199
262144,disjoint,16,24,unsafe_unpinned_baseline,-1,2,2,20049970,19455113
262144,disjoint,16,24,unsafe_unpinned_baseline,-1,2,3,17642802,16967584
262144,disjoint,16,24,unsafe_unpinned_baseline,-1,3,0,33413120,32696713
262144,disjoint,16,24,unsafe_unpinned_baseline,-1,3,1,18260883,17673942
262144,disjoint,16,24,unsafe_unpinned_baseline,-1,3,2,17690343,17106497
262144,disjoint,16,24,unsafe_unpinned_baseline,-1,3,3,17444827,17051744
262144,disjoint,16,24,unsafe_unpinned_baseline,-1,4,0,23301185,22736076
262144,disjoint,16,24,unsafe_unpinned_baseline,-1,4,1,25406110,24911043
262144,disjoint,16,24,unsafe_unpinned_baseline,-1,4,2,31143492,30664105
262144,disjoint,16,24,unsafe_unpinned_baseline,-1,4,3,12191963,11671658
262144,disjoint,16,24,unsafe_unpinned_baseline,-1,5,0,20168074,19727610
262144,disjoint,16,24,unsafe_unpinned_baseline,-1,5,1,21820271,21111720
262144,disjoint,16,24,unsafe_unpinned_baseline,-1,5,2,17560977,16925975
262144,disjoint,16,24,unsafe_unpinned_baseline,-1,5,3,19203107,18623981
262144,disjoint,16,24,unsafe_unpinned_baseline,-1,6,0,27971808,27398632
262144,disjoint,16,24,unsafe_unpinned_baseline,-1,6,1,20305173,19506731
262144,disjoint,16,24,unsafe_unpinned_baseline,-1,6,2,18729189,17983798
262144,disjoint,16,24,unsafe_unpinned_baseline,-1,6,3,17697817,16966853
262144,disjoint,16,24,unsafe_unpinned_baseline,-1,7,0,35820607,35054127
262144,disjoint,16,24,unsafe_unpinned_baseline,-1,7,1,24236045,23331873
262144,disjoint,16,24,unsafe_unpinned_baseline,-1,7,2,18646532,18225085
262144,disjoint,16,24,unsafe_unpinned_baseline,-1,7,3,11824217,11389613
262144,disjoint,16,24,unsafe_unpinned_baseline,-1,8,0,28082207,27439760
262144,disjoint,16,24,unsafe_unpinned_baseline,-1,8,1,19923360,19225819
262144,disjoint,16,24,unsafe_unpinned_baseline,-1,8,2,19008569,18401018
262144,disjoint,16,24,unsafe_unpinned_baseline,-1,8,3,23456950,22707110
262144,disjoint,16,24,unsafe_unpinned_baseline,-1,9,0,28104529,27446734
262144,disjoint,16,24,unsafe_unpinned_baseline,-1,9,1,20094715,19464642
262144,disjoint,16,24,unsafe_unpinned_baseline,-1,9,2,18908168,18336876
262144,disjoint,16,24,unsafe_unpinned_baseline,-1,9,3,21041286,20324840
262144,disjoint,16,24,unsafe_unpinned_baseline,-1,10,0,21810202,21186471
262144,disjoint,16,24,unsafe_unpinned_baseline,-1,10,1,24479767,23680884
262144,disjoint,16,24,unsafe_unpinned_baseline,-1,10,2,20904858,20244078
262144,disjoint,16,24,unsafe_unpinned_baseline,-1,10,3,23279694,22596240
262144,disjoint,16,24,unsafe_unpinned_baseline,-1,11,0,19537038,19040649
262144,disjoint,16,24,unsafe_unpinned_baseline,-1,11,1,22443542,21549589
262144,disjoint,16,24,unsafe_unpinned_baseline,-1,11,2,17749875,17232465
262144,disjoint,16,24,unsafe_unpinned_baseline,-1,11,3,19127333,18608831
262144,disjoint,16,24,unsafe_unpinned_baseline,-1,12,0,28146548,27694714
262144,disjoint,16,24,unsafe_unpinned_baseline,-1,12,1,20042716,19484029
262144,disjoint,16,24,unsafe_unpinned_baseline,-1,12,2,18813539,18124124
262144,disjoint,16,24,unsafe_unpinned_baseline,-1,12,3,21741522,20990320
262144,disjoint,16,24,unsafe_unpinned_baseline,-1,13,0,35786182,35200944
262144,disjoint,16,24,unsafe_unpinned_baseline,-1,13,1,24930840,24095700
262144,disjoint,16,24,unsafe_unpinned_baseline,-1,13,2,22630846,22054184
262144,disjoint,16,24,unsafe_unpinned_baseline,-1,13,3,8663933,8010597
262144,disjoint,16,24,unsafe_unpinned_baseline,-1,14,0,27968111,27401298
262144,disjoint,16,24,unsafe_unpinned_baseline,-1,14,1,29828023,29023889
262144,disjoint,16,24,unsafe_unpinned_baseline,-1,14,2,16680922,16083751
262144,disjoint,16,24,unsafe_unpinned_baseline,-1,14,3,15018924,14519820
262144,disjoint,16,24,unsafe_unpinned_baseline,-1,15,0,21577863,21101501
262144,disjoint,16,24,unsafe_unpinned_baseline,-1,15,1,23496645,22661565
262144,disjoint,16,24,unsafe_unpinned_baseline,-1,15,2,22172919,21505986
262144,disjoint,16,24,unsafe_unpinned_baseline,-1,15,3,17209172,16625587
262144,disjoint,16,24,pinned,-1,0,0,27113874,23933072
262144,disjoint,16,24,pinned,-1,0,1,21563455,18696377
262144,disjoint,16,24,pinned,-1,0,2,20124832,17976995
262144,disjoint,16,24,pinned,-1,0,3,22943388,18500927
262144,disjoint,16,24,pinned,-1,1,0,29032446,25358360
262144,disjoint,16,24,pinned,-1,1,1,20808826,18690295
262144,disjoint,16,24,pinned,-1,1,2,20936358,18638938
262144,disjoint,16,24,pinned,-1,1,3,21535983,19414397
262144,disjoint,16,24,pinned,-1,2,0,29181227,25536067
262144,disjoint,16,24,pinned,-1,2,1,20650116,18593783
262144,disjoint,16,24,pinned,-1,2,2,20898807,18736492
262144,disjoint,16,24,pinned,-1,2,3,20917001,18214033
262144,disjoint,16,24,pinned,-1,3,0,29073454,25411771
262144,disjoint,16,24,pinned,-1,3,1,20817723,18804471
262144,disjoint,16,24,pinned,-1,3,2,20986123,18784644
262144,disjoint,16,24,pinned,-1,3,3,21356524,18782160
262144,disjoint,16,24,pinned,-1,4,0,29833843,26378211
262144,disjoint,16,24,pinned,-1,4,1,21090410,19165716
262144,disjoint,16,24,pinned,-1,4,2,22636306,21090249
262144,disjoint,16,24,pinned,-1,4,3,18194206,16350475
262144,disjoint,16,24,pinned,-1,5,0,26340109,22850872
262144,disjoint,16,24,pinned,-1,5,1,22277697,20000506
262144,disjoint,16,24,pinned,-1,5,2,21518551,18009727
262144,disjoint,16,24,pinned,-1,5,3,19923320,17496726
262144,disjoint,16,24,pinned,-1,6,0,29828423,26437654
262144,disjoint,16,24,pinned,-1,6,1,21265601,19093900
262144,disjoint,16,24,pinned,-1,6,2,22408244,20784109
262144,disjoint,16,24,pinned,-1,6,3,18346324,16442600
262144,disjoint,16,24,pinned,-1,7,0,29062383,26038798
262144,disjoint,16,24,pinned,-1,7,1,20504681,18555119
262144,disjoint,16,24,pinned,-1,7,2,20946066,18243459
262144,disjoint,16,24,pinned,-1,7,3,20749274,17264506
262144,disjoint,16,24,pinned,-1,8,0,29147253,25548160
262144,disjoint,16,24,pinned,-1,8,1,21466191,19372878
262144,disjoint,16,24,pinned,-1,8,2,22773747,21300247
262144,disjoint,16,24,pinned,-1,8,3,18720723,17116406
262144,disjoint,16,24,pinned,-1,9,0,26273071,22186665
262144,disjoint,16,24,pinned,-1,9,1,23373663,21217670
262144,disjoint,16,24,pinned,-1,9,2,20846108,18207742
262144,disjoint,16,24,pinned,-1,9,3,21066985,17269345
262144,disjoint,16,24,pinned,-1,10,0,26293069,22678356
262144,disjoint,16,24,pinned,-1,10,1,23500823,21131868
262144,disjoint,16,24,pinned,-1,10,2,23671717,21834909
262144,disjoint,16,24,pinned,-1,10,3,18492522,16222173
262144,disjoint,16,24,pinned,-1,11,0,26325181,21680316
262144,disjoint,16,24,pinned,-1,11,1,22286063,19657006
262144,disjoint,16,24,pinned,-1,11,2,18464639,16206723
262144,disjoint,16,24,pinned,-1,11,3,21171613,19371285
262144,disjoint,16,24,pinned,-1,12,0,26325101,22496221
262144,disjoint,16,24,pinned,-1,12,1,22514075,20078373
262144,disjoint,16,24,pinned,-1,12,2,19935433,18008875
262144,disjoint,16,24,pinned,-1,12,3,22670291,19934070
262144,disjoint,16,24,pinned,-1,13,0,27454658,24285739
262144,disjoint,16,24,pinned,-1,13,1,21167115,18727576
262144,disjoint,16,24,pinned,-1,13,2,18469958,16332491
262144,disjoint,16,24,pinned,-1,13,3,20820328,19291654
262144,disjoint,16,24,pinned,-1,14,0,29737611,26354025
262144,disjoint,16,24,pinned,-1,14,1,20899889,18755359
262144,disjoint,16,24,pinned,-1,14,2,22655092,21170081
262144,disjoint,16,24,pinned,-1,14,3,18911675,16321581
262144,disjoint,16,24,pinned,-1,15,0,29695832,26090947
262144,disjoint,16,24,pinned,-1,15,1,20798366,18721845
262144,disjoint,16,24,pinned,-1,15,2,21654227,20012749
262144,disjoint,16,24,pinned,-1,15,3,19243974,17779371
262144,disjoint,16,24,pinned,0,0,0,25514776,23135962
262144,disjoint,16,24,pinned,0,0,1,23988126,21903890
262144,disjoint,16,24,pinned,0,0,2,23122667,20480284
262144,disjoint,16,24,pinned,0,0,3,24753806,22497865
262144,disjoint,16,24,pinned,0,1,0,23764743,21172415
262144,disjoint,16,24,pinned,0,1,1,24044062,21134854
262144,disjoint,16,24,pinned,0,1,2,22968556,20419480
262144,disjoint,16,24,pinned,0,1,3,25919091,22749251
262144,disjoint,16,24,pinned,0,2,0,24969584,22251288
262144,disjoint,16,24,pinned,0,2,1,24021739,21940008
262144,disjoint,16,24,pinned,0,2,2,23811051,20934004
262144,disjoint,16,24,pinned,0,2,3,24627606,22487154
262144,disjoint,16,24,pinned,0,3,0,25448681,22934521
262144,disjoint,16,24,pinned,0,3,1,23664042,21876538
262144,disjoint,16,24,pinned,0,3,2,23438606,20719538
262144,disjoint,16,24,pinned,0,3,3,24163929,22152731
262144,disjoint,16,24,pinned,0,4,0,22324255,20275006
262144,disjoint,16,24,pinned,0,4,1,26512225,23234068
262144,disjoint,16,24,pinned,0,4,2,23724256,21208694
262144,disjoint,16,24,pinned,0,4,3,24188145,21989642
262144,disjoint,16,24,pinned,0,5,0,22233885,19987231
262144,disjoint,16,24,pinned,0,5,1,23764182,20720279
262144,disjoint,16,24,pinned,0,5,2,23417425,20484873
262144,disjoint,16,24,pinned,0,5,3,25072098,22786451
262144,disjoint,16,24,pinned,0,6,0,24771299,22167118
262144,disjoint,16,24,pinned,0,6,1,23042376,20576036
262144,disjoint,16,24,pinned,0,6,2,21603151,19135458
262144,disjoint,16,24,pinned,0,6,3,24994161,22325488
262144,disjoint,16,24,pinned,0,7,0,22113436,19609015
262144,disjoint,16,24,pinned,0,7,1,23796373,21352215
262144,disjoint,16,24,pinned,0,7,2,22302104,18770838
262144,disjoint,16,24,pinned,0,7,3,24991415,22370553
262144,disjoint,16,24,pinned,0,8,0,23529918,21075020
262144,disjoint,16,24,pinned,0,8,1,24264619,21197653
262144,disjoint,16,24,pinned,0,8,2,21463756,18912977
262144,disjoint,16,24,pinned,0,8,3,25072900,22100913
262144,disjoint,16,24,pinned,0,9,0,22323995,20269566
262144,disjoint,16,24,pinned,0,9,1,26365306,23226384
262144,disjoint,16,24,pinned,0,9,2,26949252,23666597
262144,disjoint,16,24,pinned,0,9,3,21680427,19781601
262144,disjoint,16,24,pinned,0,10,0,22408415,20185156
262144,disjoint,16,24,pinned,0,10,1,26337764,23093763
262144,disjoint,16,24,pinned,0,10,2,23062423,19691240
262144,disjoint,16,24,pinned,0,10,3,24856900,22499427
262144,disjoint,16,24,pinned,0,11,0,25565903,23006958
262144,disjoint,16,24,pinned,0,11,1,23287880,21188585
262144,disjoint,16,24,pinned,0,11,2,23045962,20238997
262144,disjoint,16,24,pinned,0,11,3,23315633,21553105
262144,disjoint,16,24,pinned,0,12,0,25340105,23064697
262144,disjoint,16,24,pinned,0,12,1,23558803,21360882
262144,disjoint,16,24,pinned,0,12,2,23620170,21048680
262144,disjoint,16,24,pinned,0,12,3,23917422,21672622
262144,disjoint,16,24,pinned,0,13,0,25532400,22982001
262144,disjoint,16,24,pinned,0,13,1,23300704,21152968
262144,disjoint,16,24,pinned,0,13,2,23124351,20717684
262144,disjoint,16,24,pinned,0,13,3,22424766,20208610
262144,disjoint,16,24,pinned,0,14,0,23561067,21126017
262144,disjoint,16,24,pinned,0,14,1,24221057,21269639
262144,disjoint,16,24,pinned,0,14,2,21435303,19051490
262144,disjoint,16,24,pinned,0,14,3,23865283,21524872
262144,disjoint,16,24,pinned,0,15,0,24475037,22001946
262144,disjoint,16,24,pinned,0,15,1,23302107,20865163
262144,disjoint,16,24,pinned,0,15,2,22791080,20056663
262144,disjoint,16,24,pinned,0,15,3,23672608,21131778
262144,disjoint,16,24,unsafe_unpinned_baseline,0,0,0,24120847,23407447
262144,disjoint,16,24,unsafe_unpinned_baseline,0,0,1,30408832,29496445
262144,disjoint,16,24,unsafe_unpinned_baseline,0,0,2,26007128,23628775
262144,disjoint,16,24,unsafe_unpinned_baseline,0,0,3,20142175,18744768
262144,disjoint,16,24,unsafe_unpinned_baseline,0,1,0,27411247,26741940
262144,disjoint,16,24,unsafe_unpinned_baseline,0,1,1,26869661,26211666
262144,disjoint,16,24,unsafe_unpinned_baseline,0,1,2,22091935,21585447
262144,disjoint,16,24,unsafe_unpinned_baseline,0,1,3,23096698,22568308
262144,disjoint,16,24,unsafe_unpinned_baseline,0,2,0,24433068,23674211
262144,disjoint,16,24,unsafe_unpinned_baseline,0,2,1,28721858,28084381
262144,disjoint,16,24,unsafe_unpinned_baseline,0,2,2,21442085,20692847
262144,disjoint,16,24,unsafe_unpinned_baseline,0,2,3,22950030,22206112
262144,disjoint,16,24,unsafe_unpinned_baseline,0,3,0,26174104,25517612
262144,disjoint,16,24,unsafe_unpinned_baseline,0,3,1,29523846,29044689
262144,disjoint,16,24,unsafe_unpinned_baseline,0,3,2,25137652,24670487
262144,disjoint,16,24,unsafe_unpinned_baseline,0,3,3,19661044,18541634
262144,disjoint,16,24,unsafe_unpinned_baseline,0,4,0,38127635,36572932
262144,disjoint,16,24,unsafe_unpinned_baseline,0,4,1,17300384,16584549
262144,disjoint,16,24,unsafe_unpinned_baseline,0,4,2,25304047,24743866
262144,disjoint,16,24,unsafe_unpinned_baseline,0,4,3,20631221,19419176
262144,disjoint,16,24,unsafe_unpinned_baseline,0,5,0,26273542,25703443
262144,disjoint,16,24,unsafe_unpinned_baseline,0,5,1,28134837,27726163
262144,disjoint,16,24,unsafe_unpinned_baseline,0,5,2,21735862,21247036
262144,disjoint,16,24,unsafe_unpinned_baseline,0,5,3,23259476,22593315
262144,disjoint,16,24,unsafe_unpinned_baseline,0,6,0,27403452,26816932
262144,disjoint,16,24,unsafe_unpinned_baseline,0,6,1,26557670,25884145
262144,disjoint,16,24,unsafe_unpinned_baseline,0,6,2,22448781,21724510
262144,disjoint,16,24,unsafe_unpinned_baseline,0,6,3,22864539,22408355
262144,disjoint,16,24,unsafe_unpinned_baseline,0,7,0,27436635,26817553
262144,disjoint,16,24,unsafe_unpinned_baseline,0,7,1,26647791,26059838
262144,disjoint,16,24,unsafe_unpinned_baseline,0,7,2,23823725,23265237
262144,disjoint,16,24,unsafe_unpinned_baseline,0,7,3,22556205,22055126
262144,disjoint,16,24,unsafe_unpinned_baseline,0,8,0,24075050,22559541
262144,disjoint,16,24,unsafe_unpinned_baseline,0,8,1,30346373,29502456
262144,disjoint,16,24,unsafe_unpinned_baseline,0,8,2,26291867,25807410
262144,disjoint,16,24,unsafe_unpinned_baseline,0,8,3,19782734,18699473
262144,disjoint,16,24,unsafe_unpinned_baseline,0,9,0,27327598,26786414
262144,disjoint,16,24,unsafe_unpinned_baseline,0,9,1,26892655,26295024
262144,disjoint,16,24,unsafe_unpinned_baseline,0,9,2,26421081,25820966
262144,disjoint,16,24,unsafe_unpinned_baseline,0,9,3,19926506,18728649
262144,disjoint,16,24,unsafe_unpinned_baseline,0,10,0,26091898,25526047
262144,disjoint,16,24,unsafe_unpinned_baseline,0,10,1,28290311,27813408
262144,disjoint,16,24,unsafe_unpinned_baseline,0,10,2,21591729,21068939
262144,disjoint,16,24,unsafe_unpinned_baseline,0,10,3,24579696,23918975
262144,disjoint,16,24,unsafe_unpinned_baseline,0,11,0,39705082,38153434
262144,disjoint,16,24,unsafe_unpinned_baseline,0,11,1,15570900,14908736
262144,disjoint,16,24,unsafe_unpinned_baseline,0,11,2,20753472,20322446
262144,disjoint,16,24,unsafe_unpinned_baseline,0,11,3,23279564,22601911
262144,disjoint,16,24,unsafe_unpinned_baseline,0,12,0,27383875,25911878
262144,disjoint,16,24,unsafe_unpinned_baseline,0,12,1,26510411,25891850
262144,disjoint,16,24,unsafe_unpinned_baseline,0,12,2,22217945,21607819
262144,disjoint,16,24,unsafe_unpinned_baseline,0,12,3,24423329,23809898
262144,disjoint,16,24,unsafe_unpinned_baseline,0,13,0,24145524,22677956
262144,disjoint,16,24,unsafe_unpinned_baseline,0,13,1,28840913,28121541
262144,disjoint,16,24,unsafe_unpinned_baseline,0,13,2,23148466,22539243
262144,disjoint,16,24,unsafe_unpinned_baseline,0,13,3,23178322,22547047
262144,disjoint,16,24,unsafe_unpinned_baseline,0,14,0,25970198,25490761
262144,disjoint,16,24,unsafe_unpinned_baseline,0,14,1,28307814,27841671
262144,disjoint,16,24,unsafe_unpinned_baseline,0,14,2,21718639,21246425
262144,disjoint,16,24,unsafe_unpinned_baseline,0,14,3,24615303,23991132
262144,disjoint,16,24,unsafe_unpinned_baseline,0,15,0,39868291,39297420
262144,disjoint,16,24,unsafe_unpinned_baseline,0,15,1,15470500,14914748
262144,disjoint,16,24,unsafe_unpinned_baseline,0,15,2,25540776,25116482
262144,disjoint,16,24,unsafe_unpinned_baseline,0,15,3,20273513,19353160
262144,disjoint,16,24,unsafe_unpinned_baseline,1,0,0,22046721,21253899
262144,disjoint,16,24,unsafe_unpinned_baseline,1,0,1,24265701,23843963
262144,disjoint,16,24,unsafe_unpinned_baseline,1,0,2,23216946,22334636
262144,disjoint,16,24,unsafe_unpinned_baseline,1,0,3,22759269,22090853
262144,disjoint,16,24,unsafe_unpinned_baseline,1,1,0,23320983,22500840
262144,disjoint,16,24,unsafe_unpinned_baseline,1,1,1,26625799,26249707
262144,disjoint,16,24,unsafe_unpinned_baseline,1,1,2,21837804,21238169
262144,disjoint,16,24,unsafe_unpinned_baseline,1,1,3,23612555,23103831
262144,disjoint,16,24,unsafe_unpinned_baseline,1,2,0,23119211,22206393
262144,disjoint,16,24,unsafe_unpinned_baseline,1,2,1,23093973,22636146
262144,disjoint,16,24,unsafe_unpinned_baseline,1,2,2,23400934,22395801
262144,disjoint,16,24,unsafe_unpinned_baseline,1,2,3,22757386,22145026
262144,disjoint,16,24,unsafe_unpinned_baseline,1,3,0,23015605,22178890
262144,disjoint,16,24,unsafe_unpinned_baseline,1,3,1,23169676,22714885
262144,disjoint,16,24,unsafe_unpinned_baseline,1,3,2,23341912,22317373
262144,disjoint,16,24,unsafe_unpinned_baseline,1,3,3,22757947,22138314
262144,disjoint,16,24,unsafe_unpinned_baseline,1,4,0,26168163,25362779
262144,disjoint,16,24,unsafe_unpinned_baseline,1,4,1,22509346,22124497
262144,disjoint,16,24,unsafe_unpinned_baseline,1,4,2,23060690,22253351
262144,disjoint,16,24,unsafe_unpinned_baseline,1,4,3,24738717,24107501
262144,disjoint,16,24,unsafe_unpinned_baseline,1,5,0,21858735,20965514
262144,disjoint,16,24,unsafe_unpinned_baseline,1,5,1,27198985,26658371
262144,disjoint,16,24,unsafe_unpinned_baseline,1,5,2,22840022,22355765
262144,disjoint,16,24,unsafe_unpinned_baseline,1,5,3,24671950,24151255
262144,disjoint,16,24,unsafe_unpinned_baseline,1,6,0,23221434,20740938
262144,disjoint,16,24,unsafe_unpinned_baseline,1,6,1,25770020,25449652
262144,disjoint,16,24,unsafe_unpinned_baseline,1,6,2,21331946,20850385
262144,disjoint,16,24,unsafe_unpinned_baseline,1,6,3,25031271,23650327
262144,disjoint,16,24,unsafe_unpinned_baseline,1,7,0,25588225,24859305
262144,disjoint,16,24,unsafe_unpinned_baseline,1,7,1,23107940,22726367
262144,disjoint,16,24,unsafe_unpinned_baseline,1,7,2,23152223,22653288
262144,disjoint,16,24,unsafe_unpinned_baseline,1,7,3,25463128,24931121
262144,disjoint,16,24,unsafe_unpinned_baseline,1,8,0,23130292,22464341
262144,disjoint,16,24,unsafe_unpinned_baseline,1,8,1,25824001,25457588
262144,disjoint,16,24,unsafe_unpinned_baseline,1,8,2,22837147,22380512
262144,disjoint,16,24,unsafe_unpinned_baseline,1,8,3,24709411,24227178
262144,disjoint,16,24,unsafe_unpinned_baseline,1,9,0,21767121,21049262
262144,disjoint,16,24,unsafe_unpinned_baseline,1,9,1,24424070,23930326
262144,disjoint,16,24,unsafe_unpinned_baseline,1,9,2,23225081,22317423
262144,disjoint,16,24,unsafe_unpinned_baseline,1,9,3,22779227,22110682
262144,disjoint,16,24,unsafe_unpinned_baseline,1,10,0,21787710,20989559
262144,disjoint,16,24,unsafe_unpinned_baseline,1,10,1,24570358,24061445
262144,disjoint,16,24,unsafe_unpinned_baseline,1,10,2,23098471,22346638
262144,disjoint,16,24,unsafe_unpinned_baseline,1,10,3,22623231,22002457
262144,disjoint,16,24,unsafe_unpinned_baseline,1,11,0,33760808,33003745
262144,disjoint,16,24,unsafe_unpinned_baseline,1,11,1,15955808,14624218
262144,disjoint,16,24,unsafe_unpinned_baseline,1,11,2,22048172,21441454
262144,disjoint,16,24,unsafe_unpinned_baseline,1,11,3,24757222,24243519
262144,disjoint,16,24,unsafe_unpinned_baseline,1,12,0,35011396,34263280
262144,disjoint,16,24,unsafe_unpinned_baseline,1,12,1,14817543,14178353
262144,disjoint,16,24,unsafe_unpinned_baseline,1,12,2,21898850,21316998
262144,disjoint,16,24,unsafe_unpinned_baseline,1,12,3,24823447,24405716
262144,disjoint,16,24,unsafe_unpinned_baseline,1,13,0,22019458,21311078
262144,disjoint,16,24,unsafe_unpinned_baseline,1,13,1,24092412,23606894
262144,disjoint,16,24,unsafe_unpinned_baseline,1,13,2,25538962,24587641
262144,disjoint,16,24,unsafe_unpinned_baseline,1,13,3,24662172,24208614
262144,disjoint,16,24,unsafe_unpinned_baseline,1,14,0,26088322,25310088
262144,disjoint,16,24,unsafe_unpinned_baseline,1,14,1,22596841,22221982
262144,disjoint,16,24,unsafe_unpinned_baseline,1,14,2,21854095,21252717
262144,disjoint,16,24,unsafe_unpinned_baseline,1,14,3,26128418,24855107
262144,disjoint,16,24,unsafe_unpinned_baseline,1,15,0,33767670,33090759
262144,disjoint,16,24,unsafe_unpinned_baseline,1,15,1,15927986,14613528
262144,disjoint,16,24,unsafe_unpinned_baseline,1,15,2,21982638,21356222
262144,disjoint,16,24,unsafe_unpinned_baseline,1,15,3,24538248,24100970
262144,disjoint,16,24,pinned,1,0,0,27968933,24593021
262144,disjoint,16,24,pinned,1,0,1,25697532,23109843
262144,disjoint,16,24,pinned,1,0,2,26957848,24033912
262144,disjoint,16,24,pinned,1,0,3,21620974,18232679
262144,disjoint,16,24,pinned,1,1,0,29323577,24416376
262144,disjoint,16,24,pinned,1,1,1,28010601,24486830
262144,disjoint,16,24,pinned,1,1,2,25383227,22959939
262144,disjoint,16,24,pinned,1,1,3,23727412,21496258
262144,disjoint,16,24,pinned,1,2,0,30881587,25363660
262144,disjoint,16,24,pinned,1,2,1,26397557,23668591
262144,disjoint,16,24,pinned,1,2,2,23680242,21536093
262144,disjoint,16,24,pinned,1,2,3,24569937,21872581
262144,disjoint,16,24,pinned,1,3,0,30683833,26198039
262144,disjoint,16,24,pinned,1,3,1,26455858,23733173
262144,disjoint,16,24,pinned,1,3,2,26331802,24150152
262144,disjoint,16,24,pinned,1,3,3,22709865,20750957
262144,disjoint,16,24,pinned,1,4,0,28791330,24467012
262144,disjoint,16,24,pinned,1,4,1,27737074,24290017
262144,disjoint,16,24,pinned,1,4,2,24046576,22296714
262144,disjoint,16,24,pinned,1,4,3,23359225,20542312
262144,disjoint,16,24,pinned,1,5,0,28830554,25704455
262144,disjoint,16,24,pinned,1,5,1,28418474,25224316
262144,disjoint,16,24,pinned,1,5,2,26318167,24276552
262144,disjoint,16,24,pinned,1,5,3,22763187,20896863
262144,disjoint,16,24,pinned,1,6,0,31333092,26122857
262144,disjoint,16,24,pinned,1,6,1,26005435,23343194
262144,disjoint,16,24,pinned,1,6,2,23384964,21587691
262144,disjoint,16,24,pinned,1,6,3,24805042,22167519
262144,disjoint,16,24,pinned,1,7,0,28942095,24283565
262144,disjoint,16,24,pinned,1,7,1,26055609,23695261
262144,disjoint,16,24,pinned,1,7,2,25599957,22677634
262144,disjoint,16,24,pinned,1,7,3,23321755,21000499
262144,disjoint,16,24,pinned,1,8,0,27546804,23970984
262144,disjoint,16,24,pinned,1,8,1,28850802,25313686
262144,disjoint,16,24,pinned,1,8,2,27616946,24228090
262144,disjoint,16,24,pinned,1,8,3,22739171,20890210
262144,disjoint,16,24,pinned,1,9,0,28938067,25608584
262144,disjoint,16,24,pinned,1,9,1,25974226,23741208
262144,disjoint,16,24,pinned,1,9,2,25790378,23294732
262144,disjoint,16,24,pinned,1,9,3,25364732,22205471
262144,disjoint,16,24,pinned,1,10,0,30769985,25481132
262144,disjoint,16,24,pinned,1,10,1,27298623,23710379
262144,disjoint,16,24,pinned,1,10,2,25417863,23068364
262144,disjoint,16,24,pinned,1,10,3,22804625,20976764
262144,disjoint,16,24,pinned,1,11,0,28261486,23767438
262144,disjoint,16,24,pinned,1,11,1,26622924,23836779
262144,disjoint,16,24,pinned,1,11,2,25675441,23101677
262144,disjoint,16,24,pinned,1,11,3,25453059,22653629
262144,disjoint,16,24,pinned,1,12,0,27464267,24491189
262144,disjoint,16,24,pinned,1,12,1,28910806,25717941
262144,disjoint,16,24,pinned,1,12,2,24116619,22334816
262144,disjoint,16,24,pinned,1,12,3,23342513,20918314
262144,disjoint,16,24,pinned,1,13,0,28885629,24586018
262144,disjoint,16,24,pinned,1,13,1,25952395,23764733
262144,disjoint,16,24,pinned,1,13,2,25632278,22476975
262144,disjoint,16,24,pinned,1,13,3,25420397,22625386
262144,disjoint,16,24,pinned,1,14,0,27474045,24521005
262144,disjoint,16,24,pinned,1,14,1,26056001,23740166
262144,disjoint,16,24,pinned,1,14,2,27001000,24368346
262144,disjoint,16,24,pinned,1,14,3,23827201,20942059
262144,disjoint,16,24,pinned,1,15,0,28585760,25495930
262144,disjoint,16,24,pinned,1,15,1,24954976,22906558
262144,disjoint,16,24,pinned,1,15,2,26989388,24268898
262144,disjoint,16,24,pinned,1,15,3,25535816,22649270
262144,disjoint,16,24,pinned,2,0,0,26400223,23079745
262144,disjoint,16,24,pinned,2,0,1,17700091,15091973
262144,disjoint,16,24,pinned,2,0,2,21237999,19280303
262144,disjoint,16,24,pinned,2,0,3,21550881,19465763
262144,disjoint,16,24,pinned,2,1,0,20530309,18567803
262144,disjoint,16,24,pinned,2,1,1,18239332,16117254
262144,disjoint,16,24,pinned,2,1,2,23389101,21225295
262144,disjoint,16,24,pinned,2,1,3,22807450,20915679
262144,disjoint,16,24,pinned,2,2,0,20517936,18636924
262144,disjoint,16,24,pinned,2,2,1,18297572,16098850
262144,disjoint,16,24,pinned,2,2,2,25128985,23053506
262144,disjoint,16,24,pinned,2,2,3,23159457,21184668
262144,disjoint,16,24,pinned,2,3,0,22511621,19389740
262144,disjoint,16,24,pinned,2,3,1,22124187,20142184
262144,disjoint,16,24,pinned,2,3,2,20338977,18433038
262144,disjoint,16,24,pinned,2,3,3,22004521,19411571
262144,disjoint,16,24,pinned,2,4,0,21979754,19407773
262144,disjoint,16,24,pinned,2,4,1,22552057,18985234
262144,disjoint,16,24,pinned,2,4,2,20871825,18814791
262144,disjoint,16,24,pinned,2,4,3,21538789,19545775
262144,disjoint,16,24,pinned,2,5,0,20498830,18408563
262144,disjoint,16,24,pinned,2,5,1,18252677,16073591
262144,disjoint,16,24,pinned,2,5,2,23590383,21471071
262144,disjoint,16,24,pinned,2,5,3,22631166,19649552
262144,disjoint,16,24,pinned,2,6,0,21840360,19589278
262144,disjoint,16,24,pinned,2,6,1,23778048,21941641
262144,disjoint,16,24,pinned,2,6,2,20896312,19115020
262144,disjoint,16,24,pinned,2,6,3,22330638,19630536
262144,disjoint,16,24,pinned,2,7,0,20527213,18456663
262144,disjoint,16,24,pinned,2,7,1,20468392,18018173
262144,disjoint,16,24,pinned,2,7,2,24484205,22688545
262144,disjoint,16,24,pinned,2,7,3,22364542,19506511
262144,disjoint,16,24,pinned,2,8,0,22649161,19395210
262144,disjoint,16,24,pinned,2,8,1,21803219,18693481
262144,disjoint,16,24,pinned,2,8,2,21190489,18907056
262144,disjoint,16,24,pinned,2,8,3,22801128,19893083
262144,disjoint,16,24,pinned,2,9,0,22690759,19532099
262144,disjoint,16,24,pinned,2,9,1,27551703,25938608
262144,disjoint,16,24,pinned,2,9,2,17395083,14010496
262144,disjoint,16,24,pinned,2,9,3,21552004,19684378
262144,disjoint,16,24,pinned,2,10,0,19091395,17275507
262144,disjoint,16,24,pinned,2,10,1,17135843,15344370
262144,disjoint,16,24,pinned,2,10,2,26236563,22678937
262144,disjoint,16,24,pinned,2,10,3,22521730,20664293
262144,disjoint,16,24,pinned,2,11,0,26283311,23278712
262144,disjoint,16,24,pinned,2,11,1,17689962,14722514
262144,disjoint,16,24,pinned,2,11,2,21020567,19154675
262144,disjoint,16,24,pinned,2,11,3,21935028,19856123
262144,disjoint,16,24,pinned,2,12,0,21804622,18901235
262144,disjoint,16,24,pinned,2,12,1,17698007,15417990
262144,disjoint,16,24,pinned,2,12,2,26132185,23499621
262144,disjoint,16,24,pinned,2,12,3,22906598,19931826
262144,disjoint,16,24,pinned,2,13,0,21560870,19357158
262144,disjoint,16,24,pinned,2,13,1,18504644,16190653
262144,disjoint,16,24,pinned,2,13,2,23527534,21171964
262144,disjoint,16,24,pinned,2,13,3,23421312,21347266
262144,disjoint,16,24,pinned,2,14,0,21599233,19562647
262144,disjoint,16,24,pinned,2,14,1,23670634,21383515
262144,disjoint,16,24,pinned,2,14,2,21105949,19078330
262144,disjoint,16,24,pinned,2,14,3,22733280,19744261
262144,disjoint,16,24,pinned,2,15,0,24058790,21280840
262144,disjoint,16,24,pinned,2,15,1,26278802,24941510
262144,disjoint,16,24,pinned,2,15,2,15717848,14177682
262144,disjoint,16,24,pinned,2,15,3,22338483,19868427
262144,disjoint,16,24,unsafe_unpinned_baseline,2,0,0,27700133,27023222
262144,disjoint,16,24,unsafe_unpinned_baseline,2,0,1,18111630,17397448
262144,disjoint,16,24,unsafe_unpinned_baseline,2,0,2,18398282,17861827
262144,disjoint,16,24,unsafe_unpinned_baseline,2,0,3,6943486,6373607
262144,disjoint,16,24,unsafe_unpinned_baseline,2,1,0,20357632,19606050
262144,disjoint,16,24,unsafe_unpinned_baseline,2,1,1,13999454,13524185
262144,disjoint,16,24,unsafe_unpinned_baseline,2,1,2,22490831,21903378
262144,disjoint,16,24,unsafe_unpinned_baseline,2,1,3,10307725,9792249
262144,disjoint,16,24,unsafe_unpinned_baseline,2,2,0,26063896,25337571
262144,disjoint,16,24,unsafe_unpinned_baseline,2,2,1,17140211,16546517
262144,disjoint,16,24,unsafe_unpinned_baseline,2,2,2,15917355,15458928
262144,disjoint,16,24,unsafe_unpinned_baseline,2,2,3,7769399,7162090
262144,disjoint,16,24,unsafe_unpinned_baseline,2,3,0,19518724,18897989
262144,disjoint,16,24,unsafe_unpinned_baseline,2,3,1,14769011,14212498
262144,disjoint,16,24,unsafe_unpinned_baseline,2,3,2,12609113,12144323
262144,disjoint,16,24,unsafe_unpinned_baseline,2,3,3,19015461,18513420
262144,disjoint,16,24,unsafe_unpinned_baseline,2,4,0,26018008,25331559
262144,disjoint,16,24,unsafe_unpinned_baseline,2,4,1,13193468,12497421
262144,disjoint,16,24,unsafe_unpinned_baseline,2,4,2,16764720,15892469
262144,disjoint,16,24,unsafe_unpinned_baseline,2,4,3,9607760,9206120
262144,disjoint,16,24,unsafe_unpinned_baseline,2,5,0,17634266,16875089
262144,disjoint,16,24,unsafe_unpinned_baseline,2,5,1,11755075,10962945
262144,disjoint,16,24,unsafe_unpinned_baseline,2,5,2,15447035,15069390
262144,disjoint,16,24,unsafe_unpinned_baseline,2,5,3,19348461,18706266
262144,disjoint,16,24,unsafe_unpinned_baseline,2,6,0,27706636,27055163
262144,disjoint,16,24,unsafe_unpinned_baseline,2,6,1,18007222,17362712
262144,disjoint,16,24,unsafe_unpinned_baseline,2,6,2,19440956,18869555
262144,disjoint,16,24,unsafe_unpinned_baseline,2,6,3,5954694,5342195
262144,disjoint,16,24,unsafe_unpinned_baseline,2,7,0,17850465,16583607
262144,disjoint,16,24,unsafe_unpinned_baseline,2,7,1,16339525,15650380
262144,disjoint,16,24,unsafe_unpinned_baseline,2,7,2,16843449,16178269
262144,disjoint,16,24,unsafe_unpinned_baseline,2,7,3,13734273,13038415
262144,disjoint,16,24,unsafe_unpinned_baseline,2,8,0,20266911,19705458
262144,disjoint,16,24,unsafe_unpinned_baseline,2,8,1,17404140,16941515
262144,disjoint,16,24,unsafe_unpinned_baseline,2,8,2,12508793,12046217
262144,disjoint,16,24,unsafe_unpinned_baseline,2,8,3,14836800,14353084
262144,disjoint,16,24,unsafe_unpinned_baseline,2,9,0,27574105,27015087
262144,disjoint,16,24,unsafe_unpinned_baseline,2,9,1,18282393,17683089
262144,disjoint,16,24,unsafe_unpinned_baseline,2,9,2,19188018,18604193
262144,disjoint,16,24,unsafe_unpinned_baseline,2,9,3,6277625,5522476
262144,disjoint,16,24,unsafe_unpinned_baseline,2,10,0,20143938,19611520
262144,disjoint,16,24,unsafe_unpinned_baseline,2,10,1,14098121,13659951
262144,disjoint,16,24,unsafe_unpinned_baseline,2,10,2,12727586,12329443
262144,disjoint,16,24,unsafe_unpinned_baseline,2,10,3,17142575,16790198
262144,disjoint,16,24,unsafe_unpinned_baseline,2,11,0,17765695,17155530
262144,disjoint,16,24,unsafe_unpinned_baseline,2,11,1,11513658,10924873
262144,disjoint,16,24,unsafe_unpinned_baseline,2,11,2,15564738,15128342
262144,disjoint,16,24,unsafe_unpinned_baseline,2,11,3,17259276,16469771
262144,disjoint,16,24,unsafe_unpinned_baseline,2,12,0,20036033,19497434
262144,disjoint,16,24,unsafe_unpinned_baseline,2,12,1,14146082,13693284
262144,disjoint,16,24,unsafe_unpinned_baseline,2,12,2,12313944,11594091
262144,disjoint,16,24,unsafe_unpinned_baseline,2,12,3,17675023,17251401
262144,disjoint,16,24,unsafe_unpinned_baseline,2,13,0,17435510,16866112
262144,disjoint,16,24,unsafe_unpinned_baseline,2,13,1,16952565,15926152
262144,disjoint,16,24,unsafe_unpinned_baseline,2,13,2,24679274,24166393
262144,disjoint,16,24,unsafe_unpinned_baseline,2,13,3,7679520,7258051
262144,disjoint,16,24,unsafe_unpinned_baseline,2,14,0,27445772,26948821
262144,disjoint,16,24,unsafe_unpinned_baseline,2,14,1,19671303,19006535
262144,disjoint,16,24,unsafe_unpinned_baseline,2,14,2,18003545,17494301
262144,disjoint,16,24,unsafe_unpinned_baseline,2,14,3,6229213,5539999
262144,disjoint,16,24,unsafe_unpinned_baseline,2,15,0,27562373,26923894
262144,disjoint,16,24,unsafe_unpinned_baseline,2,15,1,18102412,17365808
262144,disjoint,16,24,unsafe_unpinned_baseline,2,15,2,19385692,18712417
262144,disjoint,16,24,unsafe_unpinned_baseline,2,15,3,6083107,5317007
262144,disjoint,16,24,unsafe_unpinned_baseline,3,0,0,16270123,15713359
262144,disjoint,16,24,unsafe_unpinned_baseline,3,0,1,14351481,13947928
262144,disjoint,16,24,unsafe_unpinned_baseline,3,0,2,14161832,13717210
262144,disjoint,16,24,unsafe_unpinned_baseline,3,0,3,16759060,16275163
262144,disjoint,16,24,unsafe_unpinned_baseline,3,1,0,16274041,15620734
262144,disjoint,16,24,unsafe_unpinned_baseline,3,1,1,15659738,15304195
262144,disjoint,16,24,unsafe_unpinned_baseline,3,1,2,22867624,22485912
262144,disjoint,16,24,unsafe_unpinned_baseline,3,1,3,9832315,9456614
262144,disjoint,16,24,unsafe_unpinned_baseline,3,2,0,19042412,18423600
262144,disjoint,16,24,unsafe_unpinned_baseline,3,2,1,12850469,12476190
262144,disjoint,16,24,unsafe_unpinned_baseline,3,2,2,15427838,15072255
262144,disjoint,16,24,unsafe_unpinned_baseline,3,2,3,15160382,14757991
262144,disjoint,16,24,unsafe_unpinned_baseline,3,3,0,21529000,20988226
262144,disjoint,16,24,unsafe_unpinned_baseline,3,3,1,10365034,9741774
262144,disjoint,16,24,unsafe_unpinned_baseline,3,3,2,18838025,18384256
262144,disjoint,16,24,unsafe_unpinned_baseline,3,3,3,12993541,12464158
262144,disjoint,16,24,unsafe_unpinned_baseline,3,4,0,19829752,19222964
262144,disjoint,16,24,unsafe_unpinned_baseline,3,4,1,12058620,11711403
262144,disjoint,16,24,unsafe_unpinned_baseline,3,4,2,18893800,18460580
262144,disjoint,16,24,unsafe_unpinned_baseline,3,4,3,12898510,12393995
262144,disjoint,16,24,unsafe_unpinned_baseline,3,5,0,14442132,13864429
262144,disjoint,16,24,unsafe_unpinned_baseline,3,5,1,16315881,15600756
262144,disjoint,16,24,unsafe_unpinned_baseline,3,5,2,15033553,14553013
262144,disjoint,16,24,unsafe_unpinned_baseline,3,5,3,17926119,17412477
262144,disjoint,16,24,unsafe_unpinned_baseline,3,6,0,14515221,13949790
262144,disjoint,16,24,unsafe_unpinned_baseline,3,6,1,16243323,15776840
262144,disjoint,16,24,unsafe_unpinned_baseline,3,6,2,15007663,14564875
262144,disjoint,16,24,unsafe_unpinned_baseline,3,6,3,18774185,18263388
262144,disjoint,16,24,unsafe_unpinned_baseline,3,7,0,16144246,15560570
262144,disjoint,16,24,unsafe_unpinned_baseline,3,7,1,14277811,13824162
262144,disjoint,16,24,unsafe_unpinned_baseline,3,7,2,15397872,14646649
262144,disjoint,16,24,unsafe_unpinned_baseline,3,7,3,17226424,16780590
262144,disjoint,16,24,unsafe_unpinned_baseline,3,8,0,16149845,15579926
262144,disjoint,16,24,unsafe_unpinned_baseline,3,8,1,14423358,13997792
262144,disjoint,16,24,unsafe_unpinned_baseline,3,8,2,14226454,13699136
262144,disjoint,16,24,unsafe_unpinned_baseline,3,8,3,16856173,16415339
262144,disjoint,16,24,unsafe_unpinned_baseline,3,9,0,14397949,13959740
262144,disjoint,16,24,unsafe_unpinned_baseline,3,9,1,16219228,15647164
262144,disjoint,16,24,unsafe_unpinned_baseline,3,9,2,15263698,14700882
262144,disjoint,16,24,unsafe_unpinned_baseline,3,9,3,18688743,18174328
262144,disjoint,16,24,unsafe_unpinned_baseline,3,10,0,15781338,15231637
262144,disjoint,16,24,unsafe_unpinned_baseline,3,10,1,14745447,14310373
262144,disjoint,16,24,unsafe_unpinned_baseline,3,10,2,14190546,13736256
262144,disjoint,16,24,unsafe_unpinned_baseline,3,10,3,16867665,16445706
262144,disjoint,16,24,unsafe_unpinned_baseline,3,11,0,15874124,15230895
262144,disjoint,16,24,unsafe_unpinned_baseline,3,11,1,14597537,14017028
262144,disjoint,16,24,unsafe_unpinned_baseline,3,11,2,15313573,14631461
262144,disjoint,16,24,unsafe_unpinned_baseline,3,11,3,17250019,16793625
262144,disjoint,16,24,unsafe_unpinned_baseline,3,12,0,21477482,20969109
262144,disjoint,16,24,unsafe_unpinned_baseline,3,12,1,10303107,9867743
262144,disjoint,16,24,unsafe_unpinned_baseline,3,12,2,14982335,14592226
262144,disjoint,16,24,unsafe_unpinned_baseline,3,12,3,15798631,15441615
262144,disjoint,16,24,unsafe_unpinned_baseline,3,13,0,16126612,15596669
262144,disjoint,16,24,unsafe_unpinned_baseline,3,13,1,15748035,15325355
262144,disjoint,16,24,unsafe_unpinned_baseline,3,13,2,21884754,21484806
262144,disjoint,16,24,unsafe_unpinned_baseline,3,13,3,10702563,10239866
262144,disjoint,16,24,unsafe_unpinned_baseline,3,14,0,14469053,13947957
262144,disjoint,16,24,unsafe_unpinned_baseline,3,14,1,16204920,15724711
262144,disjoint,16,24,unsafe_unpinned_baseline,3,14,2,15200899,14730469
262144,disjoint,16,24,unsafe_unpinned_baseline,3,14,3,18658766,18095689
262144,disjoint,16,24,unsafe_unpinned_baseline,3,15,0,14386517,13872824
262144,disjoint,16,24,unsafe_unpinned_baseline,3,15,1,16289861,15736504
262144,disjoint,16,24,unsafe_unpinned_baseline,3,15,2,14956947,14478863
262144,disjoint,16,24,unsafe_unpinned_baseline,3,15,3,17332325,16832578
262144,disjoint,16,24,pinned,3,0,0,28664990,22553239
262144,disjoint,16,24,pinned,3,0,1,26372901,22767264
262144,disjoint,16,24,pinned,3,0,2,23600823,21307971
262144,disjoint,16,24,pinned,3,0,3,27067226,24671720
262144,disjoint,16,24,pinned,3,1,0,30297732,25360013
262144,disjoint,16,24,pinned,3,1,1,26023499,23122046
262144,disjoint,16,24,pinned,3,1,2,26502136,24098675
262144,disjoint,16,24,pinned,3,1,3,25233774,22979016
262144,disjoint,16,24,pinned,3,2,0,23836900,20360368
262144,disjoint,16,24,pinned,3,2,1,30329462,24536363
262144,disjoint,16,24,pinned,3,2,2,28648879,25308516
262144,disjoint,16,24,pinned,3,2,3,25300821,23126595
262144,disjoint,16,24,pinned,3,3,0,23881213,20413508
262144,disjoint,16,24,pinned,3,3,1,30334842,24817396
262144,disjoint,16,24,pinned,3,3,2,24579615,21282514
262144,disjoint,16,24,pinned,3,3,3,27145504,24902707
262144,disjoint,16,24,pinned,3,4,0,30265100,25804835
262144,disjoint,16,24,pinned,3,4,1,24899411,22436829
262144,disjoint,16,24,pinned,3,4,2,27149772,24307811
262144,disjoint,16,24,pinned,3,4,3,24410626,22467907
262144,disjoint,16,24,pinned,3,5,0,28777223,22641696
262144,disjoint,16,24,pinned,3,5,1,26405613,23587908
262144,disjoint,16,24,pinned,3,5,2,25315048,22851965
262144,disjoint,16,24,pinned,3,5,3,25248893,22758207
262144,disjoint,16,24,pinned,3,6,0,28464481,22751464
262144,disjoint,16,24,pinned,3,6,1,26780252,23419509
262144,disjoint,16,24,pinned,3,6,2,27018083,24822565
262144,disjoint,16,24,pinned,3,6,3,25657286,23299612
262144,disjoint,16,24,pinned,3,7,0,30288274,24964925
262144,disjoint,16,24,pinned,3,7,1,24926342,22564801
262144,disjoint,16,24,pinned,3,7,2,25131831,22667155
262144,disjoint,16,24,pinned,3,7,3,25232642,22761824
262144,disjoint,16,24,pinned,3,8,0,23785141,20444527
262144,disjoint,16,24,pinned,3,8,1,29737811,24795074
262144,disjoint,16,24,pinned,3,8,2,27758173,25092196
262144,disjoint,16,24,pinned,3,8,3,26375015,23318438
262144,disjoint,16,24,pinned,3,9,0,27219243,22086044
262144,disjoint,16,24,pinned,3,9,1,26263363,21789393
262144,disjoint,16,24,pinned,3,9,2,24800684,21599964
262144,disjoint,16,24,pinned,3,9,3,27378885,24923467
262144,disjoint,16,24,pinned,3,10,0,28507442,22522210
262144,disjoint,16,24,pinned,3,10,1,27823738,22931746
262144,disjoint,16,24,pinned,3,10,2,26167842,24220435
262144,disjoint,16,24,pinned,3,10,3,25675080,23636360
262144,disjoint,16,24,pinned,3,11,0,28749350,25133895
262144,disjoint,16,24,pinned,3,11,1,26367450,23129841
262144,disjoint,16,24,pinned,3,11,2,27245543,24686227
262144,disjoint,16,24,pinned,3,11,3,25722489,23206596
262144,disjoint,16,24,pinned,3,12,0,27182233,22106283
262144,disjoint,16,24,pinned,3,12,1,26956165,22120450
262144,disjoint,16,24,pinned,3,12,2,26364264,23271078
262144,disjoint,16,24,pinned,3,12,3,26445298,24351113
262144,disjoint,16,24,pinned,3,13,0,28506881,22908141
262144,disjoint,16,24,pinned,3,13,1,27615433,23700161
262144,disjoint,16,24,pinned,3,13,2,26440218,24259720
262144,disjoint,16,24,pinned,3,13,3,25572465,23366839
262144,disjoint,16,24,pinned,3,14,0,30389134,25128395
262144,disjoint,16,24,pinned,3,14,1,24723949,22264422
262144,disjoint,16,24,pinned,3,14,2,27222229,24985824
262144,disjoint,16,24,pinned,3,14,3,25889786,23700952
262144,disjoint,16,24,pinned,3,15,0,28824172,22887051
262144,disjoint,16,24,pinned,3,15,1,26065058,23012949
262144,disjoint,16,24,pinned,3,15,2,23536020,20514169
262144,disjoint,16,24,pinned,3,15,3,27081994,23761517
262144,disjoint,16,24,pinned,4,0,0,25193729,21059742
262144,disjoint,16,24,pinned,4,0,1,18653797,17186649
262144,disjoint,16,24,pinned,4,0,2,20632934,19154014
262144,disjoint,16,24,pinned,4,0,3,29919956,27267154
262144,disjoint,16,24,pinned,4,1,0,28561895,24637816
262144,disjoint,16,24,pinned,4,1,1,16339906,15005039
262144,disjoint,16,24,pinned,4,1,2,19183039,17844444
262144,disjoint,16,24,pinned,4,1,3,30354920,28295390
262144,disjoint,16,24,pinned,4,2,0,24529040,21575508
262144,disjoint,16,24,pinned,4,2,1,19334135,17716823
262144,disjoint,16,24,pinned,4,2,2,20540539,19098849
262144,disjoint,16,24,pinned,4,2,3,29942619,28073270
262144,disjoint,16,24,pinned,4,3,0,24553897,21537546
262144,disjoint,16,24,pinned,4,3,1,19203287,17686536
262144,disjoint,16,24,pinned,4,3,2,19253632,17934164
262144,disjoint,16,24,pinned,4,3,3,30537415,28050506
262144,disjoint,16,24,pinned,4,4,0,24428539,20966214
262144,disjoint,16,24,pinned,4,4,1,19203928,17342374
262144,disjoint,16,24,pinned,4,4,2,23582478,21822766
262144,disjoint,16,24,pinned,4,4,3,32548542,30989832
262144,disjoint,16,24,pinned,4,5,0,29983036,26245439
262144,disjoint,16,24,pinned,4,5,1,15570209,14256301
262144,disjoint,16,24,pinned,4,5,2,21578704,20065930
262144,disjoint,16,24,pinned,4,5,3,31906618,28907529
262144,disjoint,16,24,pinned,4,6,0,21687891,18387523
262144,disjoint,16,24,pinned,4,6,1,22021312,20581937
262144,disjoint,16,24,pinned,4,6,2,20558162,19186395
262144,disjoint,16,24,pinned,4,6,3,29956926,27863633
262144,disjoint,16,24,pinned,4,7,0,31667245,28015049
262144,disjoint,16,24,pinned,4,7,1,22273579,20843092
262144,disjoint,16,24,pinned,4,7,2,15067397,13880720
262144,disjoint,16,24,pinned,4,7,3,28454081,26516052
262144,disjoint,16,24,pinned,4,8,0,29416102,25609866
262144,disjoint,16,24,pinned,4,8,1,16357539,15257998
262144,disjoint,16,24,pinned,4,8,2,25020982,23427584
262144,disjoint,16,24,pinned,4,8,3,26632683,23497758
262144,disjoint,16,24,pinned,4,9,0,31648750,28041119
262144,disjoint,16,24,pinned,4,9,1,22801900,21303644
262144,disjoint,16,24,pinned,4,9,2,14447322,12547065
262144,disjoint,16,24,pinned,4,9,3,28508665,26352883
262144,disjoint,16,24,pinned,4,10,0,31608513,27856139
262144,disjoint,16,24,pinned,4,10,1,21799282,20461559
262144,disjoint,16,24,pinned,4,10,2,17205865,15415917
262144,disjoint,16,24,pinned,4,10,3,26358674,24230014
262144,disjoint,16,24,pinned,4,11,0,31194539,27491598
262144,disjoint,16,24,pinned,4,11,1,14417516,13123607
262144,disjoint,16,24,pinned,4,11,2,20078284,18413672
262144,disjoint,16,24,pinned,4,11,3,28529824,26552841
262144,disjoint,16,24,pinned,4,12,0,26210414,21857362
262144,disjoint,16,24,pinned,4,12,1,22228484,20896763
262144,disjoint,16,24,pinned,4,12,2,38388639,36007622
262144,disjoint,16,24,pinned,4,12,3,12811696,10598386
262144,disjoint,16,24,pinned,4,13,0,25749450,21879754
262144,disjoint,16,24,pinned,4,13,1,20555637,19291194
262144,disjoint,16,24,pinned,4,13,2,18191391,17008101
262144,disjoint,16,24,pinned,4,13,3,29637041,27755378
262144,disjoint,16,24,pinned,4,14,0,25613113,22048935
262144,disjoint,16,24,pinned,4,14,1,19579379,17861286
262144,disjoint,16,24,pinned,4,14,2,18678273,17256310
262144,disjoint,16,24,pinned,4,14,3,30279287,28213796
262144,disjoint,16,24,pinned,4,15,0,25725625,21880776
262144,disjoint,16,24,pinned,4,15,1,21613059,20371840
262144,disjoint,16,24,pinned,4,15,2,17885322,16501111
262144,disjoint,16,24,pinned,4,15,3,33858303,31103618
262144,disjoint,16,24,unsafe_unpinned_baseline,4,0,0,25526538,24123361
262144,disjoint,16,24,unsafe_unpinned_baseline,4,0,1,18149682,16846835
262144,disjoint,16,24,unsafe_unpinned_baseline,4,0,2,30954986,30543487
262144,disjoint,16,24,unsafe_unpinned_baseline,4,0,3,23698407,23253044
262144,disjoint,16,24,unsafe_unpinned_baseline,4,1,0,25167519,23851848
262144,disjoint,16,24,unsafe_unpinned_baseline,4,1,1,19991680,18439631
262144,disjoint,16,24,unsafe_unpinned_baseline,4,1,2,24337477,23537653
262144,disjoint,16,24,unsafe_unpinned_baseline,4,1,3,26346491,25734232
262144,disjoint,16,24,unsafe_unpinned_baseline,4,2,0,23400724,22757095
262144,disjoint,16,24,unsafe_unpinned_baseline,4,2,1,19745964,19213336
262144,disjoint,16,24,unsafe_unpinned_baseline,4,2,2,26396175,25883204
262144,disjoint,16,24,unsafe_unpinned_baseline,4,2,3,26227385,25726406
262144,disjoint,16,24,unsafe_unpinned_baseline,4,3,0,26055650,24350572
262144,disjoint,16,24,unsafe_unpinned_baseline,4,3,1,22063732,19839531
262144,disjoint,16,24,unsafe_unpinned_baseline,4,3,2,26411223,25777213
262144,disjoint,16,24,unsafe_unpinned_baseline,4,3,3,23763210,23226975
262144,disjoint,16,24,unsafe_unpinned_baseline,4,4,0,22469711,21229112
262144,disjoint,16,24,unsafe_unpinned_baseline,4,4,1,20656348,20011567
262144,disjoint,16,24,unsafe_unpinned_baseline,4,4,2,26381256,25860340
262144,disjoint,16,24,unsafe_unpinned_baseline,4,4,3,28785197,28258511
262144,disjoint,16,24,unsafe_unpinned_baseline,4,5,0,25526618,23883708
262144,disjoint,16,24,unsafe_unpinned_baseline,4,5,1,17059698,15782911
262144,disjoint,16,24,unsafe_unpinned_baseline,4,5,2,27147878,26601834
262144,disjoint,16,24,unsafe_unpinned_baseline,4,5,3,28526408,27981887
262144,disjoint,16,24,unsafe_unpinned_baseline,4,6,0,25477906,24228571
262144,disjoint,16,24,unsafe_unpinned_baseline,4,6,1,17117659,16045578
262144,disjoint,16,24,unsafe_unpinned_baseline,4,6,2,26890030,26219961
262144,disjoint,16,24,unsafe_unpinned_baseline,4,6,3,26024772,25102396
262144,disjoint,16,24,unsafe_unpinned_baseline,4,7,0,23581576,22498175
262144,disjoint,16,24,unsafe_unpinned_baseline,4,7,1,19233664,18685566
262144,disjoint,16,24,unsafe_unpinned_baseline,4,7,2,31601610,31140276
262144,disjoint,16,24,unsafe_unpinned_baseline,4,7,3,23722964,23142244
262144,disjoint,16,24,unsafe_unpinned_baseline,4,8,0,25542258,24304134
262144,disjoint,16,24,unsafe_unpinned_baseline,4,8,1,21081613,19716599
262144,disjoint,16,24,unsafe_unpinned_baseline,4,8,2,24027891,23440659
262144,disjoint,16,24,unsafe_unpinned_baseline,4,8,3,27630281,27152557
262144,disjoint,16,24,unsafe_unpinned_baseline,4,9,0,26229018,24422318
262144,disjoint,16,24,unsafe_unpinned_baseline,4,9,1,20630819,19678868
262144,disjoint,16,24,unsafe_unpinned_baseline,4,9,2,26400252,25636397
262144,disjoint,16,24,unsafe_unpinned_baseline,4,9,3,22338223,21570969
262144,disjoint,16,24,unsafe_unpinned_baseline,4,10,0,24738707,23676646
262144,disjoint,16,24,unsafe_unpinned_baseline,4,10,1,17924386,17185918
262144,disjoint,16,24,unsafe_unpinned_baseline,4,10,2,34497262,33956799
262144,disjoint,16,24,unsafe_unpinned_baseline,4,10,3,20926519,20330762
262144,disjoint,16,24,unsafe_unpinned_baseline,4,11,0,25157640,23982635
262144,disjoint,16,24,unsafe_unpinned_baseline,4,11,1,17345650,16003669
262144,disjoint,16,24,unsafe_unpinned_baseline,4,11,2,31905585,31211772
262144,disjoint,16,24,unsafe_unpinned_baseline,4,11,3,23756648,22875649
262144,disjoint,16,24,unsafe_unpinned_baseline,4,12,0,20916189,19683536
262144,disjoint,16,24,unsafe_unpinned_baseline,4,12,1,20341501,18519712
262144,disjoint,16,24,unsafe_unpinned_baseline,4,12,2,26490313,25642047
262144,disjoint,16,24,unsafe_unpinned_baseline,4,12,3,26142304,25338402
262144,disjoint,16,24,unsafe_unpinned_baseline,4,13,0,20954121,19829372
262144,disjoint,16,24,unsafe_unpinned_baseline,4,13,1,20444456,19707812
262144,disjoint,16,24,unsafe_unpinned_baseline,4,13,2,26305142,25640444
262144,disjoint,16,24,unsafe_unpinned_baseline,4,13,3,26106787,25298567
262144,disjoint,16,24,unsafe_unpinned_baseline,4,14,0,25625546,24396429
262144,disjoint,16,24,unsafe_unpinned_baseline,4,14,1,17264757,16114399
262144,disjoint,16,24,unsafe_unpinned_baseline,4,14,2,25413785,24834298
262144,disjoint,16,24,unsafe_unpinned_baseline,4,14,3,25598936,24977939
262144,disjoint,16,24,unsafe_unpinned_baseline,4,15,0,20621322,19669048
262144,disjoint,16,24,unsafe_unpinned_baseline,4,15,1,20601774,19639092
262144,disjoint,16,24,unsafe_unpinned_baseline,4,15,2,27997055,27298483
262144,disjoint,16,24,unsafe_unpinned_baseline,4,15,3,26314430,25554923
262144,disjoint,16,24,unsafe_unpinned_baseline,5,0,0,27586478,26853741
262144,disjoint,16,24,unsafe_unpinned_baseline,5,0,1,23787275,23293070
262144,disjoint,16,24,unsafe_unpinned_baseline,5,0,2,20450277,20090286
262144,disjoint,16,24,unsafe_unpinned_baseline,5,0,3,19530627,19117004
262144,disjoint,16,24,unsafe_unpinned_baseline,5,1,0,31142801,30333900
262144,disjoint,16,24,unsafe_unpinned_baseline,5,1,1,23786214,23342864
262144,disjoint,16,24,unsafe_unpinned_baseline,5,1,2,18248649,17827703
262144,disjoint,16,24,unsafe_unpinned_baseline,5,1,3,20025323,18729460
262144,disjoint,16,24,unsafe_unpinned_baseline,5,2,0,31550222,30765477
262144,disjoint,16,24,unsafe_unpinned_baseline,5,2,1,23446941,22972764
262144,disjoint,16,24,unsafe_unpinned_baseline,5,2,2,18096782,17642100
262144,disjoint,16,24,unsafe_unpinned_baseline,5,2,3,20336282,19911047
262144,disjoint,16,24,unsafe_unpinned_baseline,5,3,0,26096497,25308927
262144,disjoint,16,24,unsafe_unpinned_baseline,5,3,1,25287707,24431074
262144,disjoint,16,24,unsafe_unpinned_baseline,5,3,2,20721471,20340830
262144,disjoint,16,24,unsafe_unpinned_baseline,5,3,3,21472783,21063869
262144,disjoint,16,24,unsafe_unpinned_baseline,5,4,0,31517912,30785856
262144,disjoint,16,24,unsafe_unpinned_baseline,5,4,1,23147313,22699947
262144,disjoint,16,24,unsafe_unpinned_baseline,5,4,2,18496328,18040635
262144,disjoint,16,24,unsafe_unpinned_baseline,5,4,3,20604509,20274014
262144,disjoint,16,24,unsafe_unpinned_baseline,5,5,0,31484749,30811223
262144,disjoint,16,24,unsafe_unpinned_baseline,5,5,1,32301185,31867754
262144,disjoint,16,24,unsafe_unpinned_baseline,5,5,2,21375018,20904147
262144,disjoint,16,24,unsafe_unpinned_baseline,5,5,3,8544006,8029352
262144,disjoint,16,24,unsafe_unpinned_baseline,5,6,0,30153368,29482037
262144,disjoint,16,24,unsafe_unpinned_baseline,5,6,1,23267512,22923860
262144,disjoint,16,24,unsafe_unpinned_baseline,5,6,2,19512963,18992728
262144,disjoint,16,24,unsafe_unpinned_baseline,5,6,3,20454125,20044990
262144,disjoint,16,24,unsafe_unpinned_baseline,5,7,0,25999814,25278098
262144,disjoint,16,24,unsafe_unpinned_baseline,5,7,1,25309628,24399985
262144,disjoint,16,24,unsafe_unpinned_baseline,5,7,2,20317226,19944691
262144,disjoint,16,24,unsafe_unpinned_baseline,5,7,3,19703173,19239195
262144,disjoint,16,24,unsafe_unpinned_baseline,5,8,0,31429625,30748215
262144,disjoint,16,24,unsafe_unpinned_baseline,5,8,1,32394201,31680590
262144,disjoint,16,24,unsafe_unpinned_baseline,5,8,2,16531118,16055647
262144,disjoint,16,24,unsafe_unpinned_baseline,5,8,3,13094902,12682461
262144,disjoint,16,24,unsafe_unpinned_baseline,5,9,0,26013039,25362688
262144,disjoint,16,24,unsafe_unpinned_baseline,5,9,1,37683374,36858683
262144,disjoint,16,24,unsafe_unpinned_baseline,5,9,2,21937112,21474907
262144,disjoint,16,24,unsafe_unpinned_baseline,5,9,3,8101448,7748018
262144,disjoint,16,24,unsafe_unpinned_baseline,5,10,0,31157059,29434527
262144,disjoint,16,24,unsafe_unpinned_baseline,5,10,1,23691795,23160209
262144,disjoint,16,24,unsafe_unpinned_baseline,5,10,2,18038662,17623876
262144,disjoint,16,24,unsafe_unpinned_baseline,5,10,3,20131304,18848755
262144,disjoint,16,24,unsafe_unpinned_baseline,5,11,0,27803348,27153729
262144,disjoint,16,24,unsafe_unpinned_baseline,5,11,1,36000057,35586304
262144,disjoint,16,24,unsafe_unpinned_baseline,5,11,2,16705628,16291834
262144,disjoint,16,24,unsafe_unpinned_baseline,5,11,3,12962551,12569187
262144,disjoint,16,24,unsafe_unpinned_baseline,5,12,0,25938869,25221101
262144,disjoint,16,24,unsafe_unpinned_baseline,5,12,1,25137962,24274067
262144,disjoint,16,24,unsafe_unpinned_baseline,5,12,2,20919285,20497467
262144,disjoint,16,24,unsafe_unpinned_baseline,5,12,3,21376191,20949784
262144,disjoint,16,24,unsafe_unpinned_baseline,5,13,0,31192646,30579364
262144,disjoint,16,24,unsafe_unpinned_baseline,5,13,1,23573932,23104373
262144,disjoint,16,24,unsafe_unpinned_baseline,5,13,2,18202031,17722664
262144,disjoint,16,24,unsafe_unpinned_baseline,5,13,3,20056743,18720954
262144,disjoint,16,24,unsafe_unpinned_baseline,5,14,0,41126773,39389955
262144,disjoint,16,24,unsafe_unpinned_baseline,5,14,1,18124074,17696034
262144,disjoint,16,24,unsafe_unpinned_baseline,5,14,2,19202074,18823147
262144,disjoint,16,24,unsafe_unpinned_baseline,5,14,3,14922702,14552893
262144,disjoint,16,24,unsafe_unpinned_baseline,5,15,0,25909714,24119935
262144,disjoint,16,24,unsafe_unpinned_baseline,5,15,1,25150717,24291661
262144,disjoint,16,24,unsafe_unpinned_baseline,5,15,2,20870974,20476497
262144,disjoint,16,24,unsafe_unpinned_baseline,5,15,3,21442456,21053089
262144,disjoint,16,24,pinned,5,0,0,23800942,19739512
262144,disjoint,16,24,pinned,5,0,1,21475018,18819109
262144,disjoint,16,24,pinned,5,0,2,18457184,16103147
262144,disjoint,16,24,pinned,5,0,3,25783465,22791059
262144,disjoint,16,24,pinned,5,1,0,24171763,21260211
262144,disjoint,16,24,pinned,5,1,1,21473505,18753024
262144,disjoint,16,24,pinned,5,1,2,20135212,18006311
262144,disjoint,16,24,pinned,5,1,3,24329041,20993697
262144,disjoint,16,24,pinned,5,2,0,25931054,22996538
262144,disjoint,16,24,pinned,5,2,1,23189123,21074109
262144,disjoint,16,24,pinned,5,2,2,25049375,22380001
262144,disjoint,16,24,pinned,5,2,3,17898597,15933005
262144,disjoint,16,24,pinned,5,3,0,24757613,21652795
262144,disjoint,16,24,pinned,5,3,1,23005426,20487809
262144,disjoint,16,24,pinned,5,3,2,18009637,15352066
262144,disjoint,16,24,pinned,5,3,3,25240026,22150216
262144,disjoint,16,24,pinned,5,4,0,25746254,22849430
262144,disjoint,16,24,pinned,5,4,1,23403529,21024916
262144,disjoint,16,24,pinned,5,4,2,18586259,16343463
262144,disjoint,16,24,pinned,5,4,3,24148509,22409988
262144,disjoint,16,24,pinned,5,5,0,26542702,22048924
262144,disjoint,16,24,pinned,5,5,1,22599256,20367320
262144,disjoint,16,24,pinned,5,5,2,25481112,22539764
262144,disjoint,16,24,pinned,5,5,3,17264737,14384704
262144,disjoint,16,24,pinned,5,6,0,25804795,22423784
262144,disjoint,16,24,pinned,5,6,1,21909511,19998582
262144,disjoint,16,24,pinned,5,6,2,18205087,15539039
262144,disjoint,16,24,pinned,5,6,3,24279889,21900032
262144,disjoint,16,24,pinned,5,7,0,25917939,22583095
262144,disjoint,16,24,pinned,5,7,1,21937133,20095526
262144,disjoint,16,24,pinned,5,7,2,17455547,15180511
262144,disjoint,16,24,pinned,5,7,3,24519411,20963840
262144,disjoint,16,24,pinned,5,8,0,23956005,21554989
262144,disjoint,16,24,pinned,5,8,1,21517478,18740120
262144,disjoint,16,24,pinned,5,8,2,18445683,16018557
262144,disjoint,16,24,pinned,5,8,3,25890317,22481784
262144,disjoint,16,24,pinned,5,9,0,23853821,21194928
262144,disjoint,16,24,pinned,5,9,1,21441976,18717788
262144,disjoint,16,24,pinned,5,9,2,20109222,18018143
262144,disjoint,16,24,pinned,5,9,3,24896886,22189881
262144,disjoint,16,24,pinned,5,10,0,25581422,22753549
262144,disjoint,16,24,pinned,5,10,1,22375453,20149809
262144,disjoint,16,24,pinned,5,10,2,18008876,15037510
262144,disjoint,16,24,pinned,5,10,3,24498261,22216601
262144,disjoint,16,24,pinned,5,11,0,24152527,21368937
262144,disjoint,16,24,pinned,5,11,1,24725572,22169643
262144,disjoint,16,24,pinned,5,11,2,25113887,22588195
262144,disjoint,16,24,pinned,5,11,3,17217397,14845136
262144,disjoint,16,24,pinned,5,12,0,26883507,23411504
262144,disjoint,16,24,pinned,5,12,1,22061648,20223388
262144,disjoint,16,24,pinned,5,12,2,25006314,20395293
262144,disjoint,16,24,pinned,5,12,3,17675274,15496178
262144,disjoint,16,24,pinned,5,13,0,25529243,22278559
262144,disjoint,16,24,pinned,5,13,1,23244237,20855415
262144,disjoint,16,24,pinned,5,13,2,16777674,14480425
262144,disjoint,16,24,pinned,5,13,3,24614582,21976688
262144,disjoint,16,24,pinned,5,14,0,23814527,21035917
262144,disjoint,16,24,pinned,5,14,1,21362695,18613751
262144,disjoint,16,24,pinned,5,14,2,18546994,16245818
262144,disjoint,16,24,pinned,5,14,3,26199322,22437440
262144,disjoint,16,24,pinned,5,15,0,27347216,23738473
262144,disjoint,16,24,pinned,5,15,1,22037864,20280497
262144,disjoint,16,24,pinned,5,15,2,24590326,20250740
262144,disjoint,16,24,pinned,5,15,3,18129814,15626094
262144,same_object,1,24,pinned,-2,0,0,5126095,3670759
262144,same_object,1,24,pinned,-2,0,1,3364670,1889527
262144,same_object,1,24,pinned,-2,0,2,2838905,1653139
262144,same_object,1,24,pinned,-2,0,3,3773034,2446773
262144,same_object,1,24,unsafe_unpinned_baseline,-2,0,0,3360753,2688751
262144,same_object,1,24,unsafe_unpinned_baseline,-2,0,1,2873321,2258957
262144,same_object,1,24,unsafe_unpinned_baseline,-2,0,2,2409221,1926667
262144,same_object,1,24,unsafe_unpinned_baseline,-2,0,3,2300014,1898004
262144,same_object,1,24,unsafe_unpinned_baseline,-1,0,0,3468337,3061657
262144,same_object,1,24,unsafe_unpinned_baseline,-1,0,1,3042500,2529970
262144,same_object,1,24,unsafe_unpinned_baseline,-1,0,2,2761949,2317407
262144,same_object,1,24,unsafe_unpinned_baseline,-1,0,3,5118380,4420749
262144,same_object,1,24,pinned,-1,0,0,7070717,4080286
262144,same_object,1,24,pinned,-1,0,1,6609333,3409716
262144,same_object,1,24,pinned,-1,0,2,4362349,2280437
262144,same_object,1,24,pinned,-1,0,3,5714499,2870755
262144,same_object,1,24,pinned,0,0,0,5960345,3356575
262144,same_object,1,24,pinned,0,0,1,4193018,2500975
262144,same_object,1,24,pinned,0,0,2,4717101,3007153
262144,same_object,1,24,pinned,0,0,3,4255006,2195416
262144,same_object,1,24,unsafe_unpinned_baseline,0,0,0,4171287,3778023
262144,same_object,1,24,unsafe_unpinned_baseline,0,0,1,2729137,2261712
262144,same_object,1,24,unsafe_unpinned_baseline,0,0,2,3153821,2782117
262144,same_object,1,24,unsafe_unpinned_baseline,0,0,3,2905330,2536032
262144,same_object,1,24,unsafe_unpinned_baseline,1,0,0,4540296,3818750
262144,same_object,1,24,unsafe_unpinned_baseline,1,0,1,3428861,2689592
262144,same_object,1,24,unsafe_unpinned_baseline,1,0,2,3453949,2771197
262144,same_object,1,24,unsafe_unpinned_baseline,1,0,3,4842528,4051901
262144,same_object,1,24,pinned,1,0,0,6166074,3212132
262144,same_object,1,24,pinned,1,0,1,6101061,3291943
262144,same_object,1,24,pinned,1,0,2,5374585,2858281
262144,same_object,1,24,pinned,1,0,3,5436442,3192955
262144,same_object,1,24,pinned,2,0,0,4262951,2609912
262144,same_object,1,24,pinned,2,0,1,4669140,2629429
262144,same_object,1,24,pinned,2,0,2,5340291,2833465
262144,same_object,1,24,pinned,2,0,3,5950025,3497863
262144,same_object,1,24,unsafe_unpinned_baseline,2,0,0,4543552,3804082
262144,same_object,1,24,unsafe_unpinned_baseline,2,0,1,5403671,4477507
262144,same_object,1,24,unsafe_unpinned_baseline,2,0,2,3082676,2462633
262144,same_object,1,24,unsafe_unpinned_baseline,2,0,3,3991147,3469789
262144,same_object,1,24,unsafe_unpinned_baseline,3,0,0,3691499,2978719
262144,same_object,1,24,unsafe_unpinned_baseline,3,0,1,4772155,4096847
262144,same_object,1,24,unsafe_unpinned_baseline,3,0,2,3465841,2787247
262144,same_object,1,24,unsafe_unpinned_baseline,3,0,3,5294093,4467168
262144,same_object,1,24,pinned,3,0,0,7955862,4242222
262144,same_object,1,24,pinned,3,0,1,6512691,3355353
262144,same_object,1,24,pinned,3,0,2,5616924,3237980
262144,same_object,1,24,pinned,3,0,3,6311950,4110913
262144,same_object,1,24,pinned,4,0,0,5045532,2933664
262144,same_object,1,24,pinned,4,0,1,5389735,3235145
262144,same_object,1,24,pinned,4,0,2,6809512,4161649
262144,same_object,1,24,pinned,4,0,3,5214012,2778049
262144,same_object,1,24,unsafe_unpinned_baseline,4,0,0,4091917,3682091
262144,same_object,1,24,unsafe_unpinned_baseline,4,0,1,2348116,2033459
262144,same_object,1,24,unsafe_unpinned_baseline,4,0,2,3074821,2704430
262144,same_object,1,24,unsafe_unpinned_baseline,4,0,3,2450380,1836748
262144,same_object,1,24,unsafe_unpinned_baseline,5,0,0,3356825,2594773
262144,same_object,1,24,unsafe_unpinned_baseline,5,0,1,2275979,1836237
262144,same_object,1,24,unsafe_unpinned_baseline,5,0,2,1829413,1509528
262144,same_object,1,24,unsafe_unpinned_baseline,5,0,3,2268736,1920385
262144,same_object,1,24,pinned,5,0,0,4267119,2285597
262144,same_object,1,24,pinned,5,0,1,3464470,1577878
262144,same_object,1,24,pinned,5,0,2,2865435,1598807
262144,same_object,1,24,pinned,5,0,3,4132434,2788800
262144,same_object,4,24,pinned,-2,0,0,6077806,4336240
262144,same_object,4,24,pinned,-2,0,1,8862359,6859276
262144,same_object,4,24,pinned,-2,0,2,5613788,4463882
262144,same_object,4,24,pinned,-2,0,3,7606711,6205810
262144,same_object,4,24,pinned,-2,1,0,7132243,5385236
262144,same_object,4,24,pinned,-2,1,1,6288486,4976992
262144,same_object,4,24,pinned,-2,1,2,7065146,5640729
262144,same_object,4,24,pinned,-2,1,3,6380330,5029062
262144,same_object,4,24,pinned,-2,2,0,7031492,5134090
262144,same_object,4,24,pinned,-2,2,1,7414657,6103505
262144,same_object,4,24,pinned,-2,2,2,6132640,5028440
262144,same_object,4,24,pinned,-2,2,3,7328345,5948011
262144,same_object,4,24,pinned,-2,3,0,6903129,5056974
262144,same_object,4,24,pinned,-2,3,1,7437751,5795602
262144,same_object,4,24,pinned,-2,3,2,6147529,4713954
262144,same_object,4,24,pinned,-2,3,3,7471886,6250804
262144,same_object,4,24,unsafe_unpinned_baseline,-2,0,0,8381599,7854651
262144,same_object,4,24,unsafe_unpinned_baseline,-2,0,1,7089672,6688082
262144,same_object,4,24,unsafe_unpinned_baseline,-2,0,2,5296988,4585031
262144,same_object,4,24,unsafe_unpinned_baseline,-2,0,3,7851214,7220310
262144,same_object,4,24,unsafe_unpinned_baseline,-2,1,0,9168668,8470136
262144,same_object,4,24,unsafe_unpinned_baseline,-2,1,1,6681179,6255313
262144,same_object,4,24,unsafe_unpinned_baseline,-2,1,2,5386528,4929362
262144,same_object,4,24,unsafe_unpinned_baseline,-2,1,3,7455215,7048154
262144,same_object,4,24,unsafe_unpinned_baseline,-2,2,0,8408008,7907050
262144,same_object,4,24,unsafe_unpinned_baseline,-2,2,1,6924159,6449210
262144,same_object,4,24,unsafe_unpinned_baseline,-2,2,2,6053671,5038299
262144,same_object,4,24,unsafe_unpinned_baseline,-2,2,3,7593306,6930812
262144,same_object,4,24,unsafe_unpinned_baseline,-2,3,0,8828264,7900758
262144,same_object,4,24,unsafe_unpinned_baseline,-2,3,1,6969104,6622658
262144,same_object,4,24,unsafe_unpinned_baseline,-2,3,2,5990732,5547323
262144,same_object,4,24,unsafe_unpinned_baseline,-2,3,3,6728549,6223914
262144,same_object,4,24,unsafe_unpinned_baseline,-1,0,0,6773133,6169852
262144,same_object,4,24,unsafe_unpinned_baseline,-1,0,1,6520705,5977276
262144,same_object,4,24,unsafe_unpinned_baseline,-1,0,2,7884677,5858201
262144,same_object,4,24,unsafe_unpinned_baseline,-1,0,3,9235736,8568482
262144,same_object,4,24,unsafe_unpinned_baseline,-1,1,0,6368928,5747361
262144,same_object,4,24,unsafe_unpinned_baseline,-1,1,1,7426320,6802529
262144,same_object,4,24,unsafe_unpinned_baseline,-1,1,2,7506361,6879785
262144,same_object,4,24,unsafe_unpinned_baseline,-1,1,3,8649305,7348162
262144,same_object,4,24,unsafe_unpinned_baseline,-1,2,0,6873844,6276172
262144,same_object,4,24,unsafe_unpinned_baseline,-1,2,1,6553868,6022452
262144,same_object,4,24,unsafe_unpinned_baseline,-1,2,2,7870521,7140990
262144,same_object,4,24,unsafe_unpinned_baseline,-1,2,3,8693128,8171962
262144,same_object,4,24,unsafe_unpinned_baseline,-1,3,0,7112024,6490037
262144,same_object,4,24,unsafe_unpinned_baseline,-1,3,1,6621195,6055655
262144,same_object,4,24,unsafe_unpinned_baseline,-1,3,2,7487296,7008850
262144,same_object,4,24,unsafe_unpinned_baseline,-1,3,3,9114817,8506805
262144,same_object,4,24,pinned,-1,0,0,14532994,11906041
262144,same_object,4,24,pinned,-1,0,1,7899876,6176574
262144,same_object,4,24,pinned,-1,0,2,8157074,5882788
262144,same_object,4,24,pinned,-1,0,3,9479307,7438433
262144,same_object,4,24,pinned,-1,1,0,14317407,11703157
262144,same_object,4,24,pinned,-1,1,1,8648454,6635613
262144,same_object,4,24,pinned,-1,1,2,7857366,5822013
262144,same_object,4,24,pinned,-1,1,3,9201491,6780006
262144,same_object,4,24,pinned,-1,2,0,14341432,11805250
262144,same_object,4,24,pinned,-1,2,1,8671648,6341136
262144,same_object,4,24,pinned,-1,2,2,7837579,5894339
262144,same_object,4,24,pinned,-1,2,3,9193416,6768214
262144,same_object,4,24,pinned,-1,3,0,14335331,8083394
262144,same_object,4,24,pinned,-1,3,1,8256231,6561673
262144,same_object,4,24,pinned,-1,3,2,7879798,6368347
262144,same_object,4,24,pinned,-1,3,3,9557766,7480372
262144,same_object,4,24,pinned,0,0,0,10276055,8245932
262144,same_object,4,24,pinned,0,0,1,9432688,7847708
262144,same_object,4,24,pinned,0,0,2,7980619,6218192
262144,same_object,4,24,pinned,0,0,3,6633750,4415029
262144,same_object,4,24,pinned,0,1,0,10831918,8526503
262144,same_object,4,24,pinned,0,1,1,9804443,7635787
262144,same_object,4,24,pinned,0,1,2,7654262,5243106
262144,same_object,4,24,pinned,0,1,3,6522499,4300211
262144,same_object,4,24,pinned,0,2,0,10296374,8420383
262144,same_object,4,24,pinned,0,2,1,11223509,8621333
262144,same_object,4,24,pinned,0,2,2,6929790,4470213
262144,same_object,4,24,pinned,0,2,3,5862500,4079774
262144,same_object,4,24,pinned,0,3,0,10773297,8649346
262144,same_object,4,24,pinned,0,3,1,10090874,7989025
262144,same_object,4,24,pinned,0,3,2,7407524,5662500
262144,same_object,4,24,pinned,0,3,3,6518121,4158974
262144,same_object,4,24,unsafe_unpinned_baseline,0,0,0,7053975,6583535
262144,same_object,4,24,unsafe_unpinned_baseline,0,0,1,7623593,7128305
262144,same_object,4,24,unsafe_unpinned_baseline,0,0,2,5707416,5276079
262144,same_object,4,24,unsafe_unpinned_baseline,0,0,3,5668192,5230392
262144,same_object,4,24,unsafe_unpinned_baseline,0,1,0,7050929,6543518
262144,same_object,4,24,unsafe_unpinned_baseline,0,1,1,7684549,7227353
262144,same_object,4,24,unsafe_unpinned_baseline,0,1,2,6032642,5637423
262144,same_object,4,24,unsafe_unpinned_baseline,0,1,3,4924714,4610228
262144,same_object,4,24,unsafe_unpinned_baseline,0,2,0,6491621,5997866
262144,same_object,4,24,unsafe_unpinned_baseline,0,2,1,7847357,7025742
262144,same_object,4,24,unsafe_unpinned_baseline,0,2,2,6219055,5747492
262144,same_object,4,24,unsafe_unpinned_baseline,0,2,3,5183042,4814105
262144,same_object,4,24,unsafe_unpinned_baseline,0,3,0,6968253,6427839
262144,same_object,4,24,unsafe_unpinned_baseline,0,3,1,7285614,6764737
262144,same_object,4,24,unsafe_unpinned_baseline,0,3,2,6171605,5679523
262144,same_object,4,24,unsafe_unpinned_baseline,0,3,3,5750928,5368614
262144,same_object,4,24,unsafe_unpinned_baseline,1,0,0,7718623,7211484
262144,same_object,4,24,unsafe_unpinned_baseline,1,0,1,7531038,7188129
262144,same_object,4,24,unsafe_unpinned_baseline,1,0,2,6908900,4990729
262144,same_object,4,24,unsafe_unpinned_baseline,1,0,3,2264026,1780290
262144,same_object,4,24,unsafe_unpinned_baseline,1,1,0,8140693,6585047
262144,same_object,4,24,unsafe_unpinned_baseline,1,1,1,5991414,5652181
262144,same_object,4,24,unsafe_unpinned_baseline,1,1,2,8780834,7535377
262144,same_object,4,24,unsafe_unpinned_baseline,1,1,3,3892299,3351034
262144,same_object,4,24,unsafe_unpinned_baseline,1,2,0,7607823,6963363
262144,same_object,4,24,unsafe_unpinned_baseline,1,2,1,6173468,5768822
262144,same_object,4,24,unsafe_unpinned_baseline,1,2,2,3538730,3149853
262144,same_object,4,24,unsafe_unpinned_baseline,1,2,3,5886685,5399443
262144,same_object,4,24,unsafe_unpinned_baseline,1,3,0,7938780,7446639
262144,same_object,4,24,unsafe_unpinned_baseline,1,3,1,6926523,6615935
262144,same_object,4,24,unsafe_unpinned_baseline,1,3,2,7948669,7552659
262144,same_object,4,24,unsafe_unpinned_baseline,1,3,3,4851656,4167871
262144,same_object,4,24,pinned,1,0,0,9317911,6745330
262144,same_object,4,24,pinned,1,0,1,8071842,5648204
262144,same_object,4,24,pinned,1,0,2,7870411,5829426
262144,same_object,4,24,pinned,1,0,3,8183002,6055685
262144,same_object,4,24,pinned,1,1,0,9167266,6806336
262144,same_object,4,24,pinned,1,1,1,8196108,5705182
262144,same_object,4,24,pinned,1,1,2,7892022,5749415
262144,same_object,4,24,pinned,1,1,3,8135703,6118053
262144,same_object,4,24,pinned,1,2,0,9280010,6854357
262144,same_object,4,24,pinned,1,2,1,8178674,5205736
262144,same_object,4,24,pinned,1,2,2,7989166,5820590
262144,same_object,4,24,pinned,1,2,3,8005095,5960765
262144,same_object,4,24,pinned,1,3,0,9070734,6518822
262144,same_object,4,24,pinned,1,3,1,8253967,5473924
262144,same_object,4,24,pinned,1,3,2,6368407,4895248
262144,same_object,4,24,pinned,1,3,3,7231952,5693590
262144,same_object,4,24,pinned,2,0,0,9633028,7625537
262144,same_object,4,24,pinned,2,0,1,6397302,4945393
262144,same_object,4,24,pinned,2,0,2,4693316,3420917
262144,same_object,4,24,pinned,2,0,3,5280507,3940720
262144,same_object,4,24,pinned,2,1,0,9377885,7091286
262144,same_object,4,24,pinned,2,1,1,6687271,5287080
262144,same_object,4,24,pinned,2,1,2,4323235,3244312
262144,same_object,4,24,pinned,2,1,3,5627504,4055538
262144,same_object,4,24,pinned,2,2,0,8826320,6575710
262144,same_object,4,24,pinned,2,2,1,7495681,5818827
262144,same_object,4,24,pinned,2,2,2,4331320,2998136
262144,same_object,4,24,pinned,2,2,3,5308350,3914571
262144,same_object,4,24,pinned,2,3,0,9177225,7246910
262144,same_object,4,24,pinned,2,3,1,5956989,4555434
262144,same_object,4,24,pinned,2,3,2,5250992,3876760
262144,same_object,4,24,pinned,2,3,3,5565407,4035741
262144,same_object,4,24,unsafe_unpinned_baseline,2,0,0,7832168,7369502
262144,same_object,4,24,unsafe_unpinned_baseline,2,0,1,5678902,5394133
262144,same_object,4,24,unsafe_unpinned_baseline,2,0,2,4735876,4431229
262144,same_object,4,24,unsafe_unpinned_baseline,2,0,3,4954820,4504368
262144,same_object,4,24,unsafe_unpinned_baseline,2,1,0,7688015,7205442
262144,same_object,4,24,unsafe_unpinned_baseline,2,1,1,5598059,5246743
262144,same_object,4,24,unsafe_unpinned_baseline,2,1,2,4162040,3784886
262144,same_object,4,24,unsafe_unpinned_baseline,2,1,3,5407688,5063457
262144,same_object,4,24,unsafe_unpinned_baseline,2,2,0,7975028,7515048
262144,same_object,4,24,unsafe_unpinned_baseline,2,2,1,5323589,5050372
262144,same_object,4,24,unsafe_unpinned_baseline,2,2,2,4490511,4015633
262144,same_object,4,24,unsafe_unpinned_baseline,2,2,3,5299554,4794998
262144,same_object,4,24,unsafe_unpinned_baseline,2,3,0,7334185,6846702
262144,same_object,4,24,unsafe_unpinned_baseline,2,3,1,6258058,5847521
262144,same_object,4,24,unsafe_unpinned_baseline,2,3,2,4424997,4044787
262144,same_object,4,24,unsafe_unpinned_baseline,2,3,3,5144159,4719626
262144,same_object,4,24,unsafe_unpinned_baseline,3,0,0,6567163,6181192
262144,same_object,4,24,unsafe_unpinned_baseline,3,0,1,5015276,4721088
262144,same_object,4,24,unsafe_unpinned_baseline,3,0,2,8317066,5967789
262144,same_object,4,24,unsafe_unpinned_baseline,3,0,3,8473713,7907561
262144,same_object,4,24,unsafe_unpinned_baseline,3,1,0,6599023,6218123
262144,same_object,4,24,unsafe_unpinned_baseline,3,1,1,7442120,6911956
262144,same_object,4,24,unsafe_unpinned_baseline,3,1,2,5796634,5259858
262144,same_object,4,24,unsafe_unpinned_baseline,3,1,3,9283466,8694551
262144,same_object,4,24,unsafe_unpinned_baseline,3,2,0,6505125,6086574
262144,same_object,4,24,unsafe_unpinned_baseline,3,2,1,5578161,5045462
262144,same_object,4,24,unsafe_unpinned_baseline,3,2,2,7942818,5907144
262144,same_object,4,24,unsafe_unpinned_baseline,3,2,3,8328218,7886311
262144,same_object,4,24,unsafe_unpinned_baseline,3,3,0,6163489,5796464
262144,same_object,4,24,unsafe_unpinned_baseline,3,3,1,5499142,5099335
262144,same_object,4,24,unsafe_unpinned_baseline,3,3,2,8063446,5793930
262144,same_object,4,24,unsafe_unpinned_baseline,3,3,3,9345754,8696384
262144,same_object,4,24,pinned,3,0,0,8912594,6313493
262144,same_object,4,24,pinned,3,0,1,3671862,2160019
262144,same_object,4,24,pinned,3,0,2,4961313,3421107
262144,same_object,4,24,pinned,3,0,3,7369071,5000006
262144,same_object,4,24,pinned,3,1,0,9495748,6413142
262144,same_object,4,24,pinned,3,1,1,7469672,4313948
262144,same_object,4,24,pinned,3,1,2,8097260,6090711
262144,same_object,4,24,pinned,3,1,3,4840474,3436847
262144,same_object,4,24,pinned,3,2,0,8909548,6246286
262144,same_object,4,24,pinned,3,2,1,8651810,5437705
262144,same_object,4,24,pinned,3,2,2,7556776,5718927
262144,same_object,4,24,pinned,3,2,3,4807271,3307462
262144,same_object,4,24,pinned,3,3,0,9526737,6621567
262144,same_object,4,24,pinned,3,3,1,7399609,4417544
262144,same_object,4,24,pinned,3,3,2,7915366,5675235
262144,same_object,4,24,pinned,3,3,3,4911068,3410417
262144,same_object,4,24,pinned,4,0,0,6993350,5341923
262144,same_object,4,24,pinned,4,0,1,5138128,3551684
262144,same_object,4,24,pinned,4,0,2,8350960,6933727
262144,same_object,4,24,pinned,4,0,3,6659578,5429991
262144,same_object,4,24,pinned,4,1,0,6833959,5031486
262144,same_object,4,24,pinned,4,1,1,5947580,3531245
262144,same_object,4,24,pinned,4,1,2,7953117,6258569
262144,same_object,4,24,pinned,4,1,3,6416017,4742369
262144,same_object,4,24,pinned,4,2,0,6854237,4995007
262144,same_object,4,24,pinned,4,2,1,5888228,3681349
262144,same_object,4,24,pinned,4,2,2,7824905,6386471
262144,same_object,4,24,pinned,4,2,3,6545533,5102160
262144,same_object,4,24,pinned,4,3,0,6621646,4780050
262144,same_object,4,24,pinned,4,3,1,5207348,3644379
262144,same_object,4,24,pinned,4,3,2,8572460,5941169
262144,same_object,4,24,pinned,4,3,3,6413122,5123711
262144,same_object,4,24,unsafe_unpinned_baseline,4,0,0,3248861,2556220
262144,same_object,4,24,unsafe_unpinned_baseline,4,0,1,3850801,3499545
262144,same_object,4,24,unsafe_unpinned_baseline,4,0,2,4581504,4219208
262144,same_object,4,24,unsafe_unpinned_baseline,4,0,3,6048691,5652912
262144,same_object,4,24,unsafe_unpinned_baseline,4,1,0,6865989,6400689
262144,same_object,4,24,unsafe_unpinned_baseline,4,1,1,4751556,4265836
262144,same_object,4,24,unsafe_unpinned_baseline,4,1,2,6588624,6157067
262144,same_object,4,24,unsafe_unpinned_baseline,4,1,3,4621520,4171578
262144,same_object,4,24,unsafe_unpinned_baseline,4,2,0,6715704,6161255
262144,same_object,4,24,unsafe_unpinned_baseline,4,2,1,5074578,4432412
262144,same_object,4,24,unsafe_unpinned_baseline,4,2,2,5599070,5226435
262144,same_object,4,24,unsafe_unpinned_baseline,4,2,3,5095317,4588237
262144,same_object,4,24,unsafe_unpinned_baseline,4,3,0,7049818,6336116
262144,same_object,4,24,unsafe_unpinned_baseline,4,3,1,4536017,4047763
262144,same_object,4,24,unsafe_unpinned_baseline,4,3,2,6560891,6061707
262144,same_object,4,24,unsafe_unpinned_baseline,4,3,3,4657969,4136201
262144,same_object,4,24,unsafe_unpinned_baseline,5,0,0,6300839,5863862
262144,same_object,4,24,unsafe_unpinned_baseline,5,0,1,5559556,5075760
262144,same_object,4,24,unsafe_unpinned_baseline,5,0,2,6055735,5541712
262144,same_object,4,24,unsafe_unpinned_baseline,5,0,3,7356769,6856151
262144,same_object,4,24,unsafe_unpinned_baseline,5,1,0,5956708,5329660
262144,same_object,4,24,unsafe_unpinned_baseline,5,1,1,5841690,4260436
262144,same_object,4,24,unsafe_unpinned_baseline,5,1,2,6181854,5633386
262144,same_object,4,24,unsafe_unpinned_baseline,5,1,3,7448271,6928878
262144,same_object,4,24,unsafe_unpinned_baseline,5,2,0,5809249,5447845
262144,same_object,4,24,unsafe_unpinned_baseline,5,2,1,4724195,4054406
262144,same_object,4,24,unsafe_unpinned_baseline,5,2,2,6922486,5595904
262144,same_object,4,24,unsafe_unpinned_baseline,5,2,3,7722711,6823518
262144,same_object,4,24,unsafe_unpinned_baseline,5,3,0,6023925,5356231
262144,same_object,4,24,unsafe_unpinned_baseline,5,3,1,5830238,5232576
262144,same_object,4,24,unsafe_unpinned_baseline,5,3,2,5818286,5299123
262144,same_object,4,24,unsafe_unpinned_baseline,5,3,3,7525056,6790747
262144,same_object,4,24,pinned,5,0,0,6966911,4969469
262144,same_object,4,24,pinned,5,0,1,6473206,4506462
262144,same_object,4,24,pinned,5,0,2,7409058,6123443
262144,same_object,4,24,pinned,5,0,3,6696408,5702336
262144,same_object,4,24,pinned,5,1,0,6729711,4678568
262144,same_object,4,24,pinned,5,1,1,6838717,4812832
262144,same_object,4,24,pinned,5,1,2,7714215,5743183
262144,same_object,4,24,pinned,5,1,3,7007116,5409341
262144,same_object,4,24,pinned,5,2,0,7110963,4934783
262144,same_object,4,24,pinned,5,2,1,6241748,4414087
262144,same_object,4,24,pinned,5,2,2,7911448,6302452
262144,same_object,4,24,pinned,5,2,3,6517379,5579042
262144,same_object,4,24,pinned,5,3,0,7293398,5008933
262144,same_object,4,24,pinned,5,3,1,6075913,4315350
262144,same_object,4,24,pinned,5,3,2,7077790,5702716
262144,same_object,4,24,pinned,5,3,3,7102306,5699881
262144,same_object,16,24,pinned,-2,0,0,20014613,18422128
262144,same_object,16,24,pinned,-2,0,1,25773906,23996411
262144,same_object,16,24,pinned,-2,0,2,19774098,16905987
262144,same_object,16,24,pinned,-2,0,3,12110228,9706948
262144,same_object,16,24,pinned,-2,1,0,20325742,18859216
262144,same_object,16,24,pinned,-2,1,1,20030653,17984700
262144,same_object,16,24,pinned,-2,1,2,13050608,11089886
262144,same_object,16,24,pinned,-2,1,3,20375376,18391920
262144,same_object,16,24,pinned,-2,2,0,22463148,20686104
262144,same_object,16,24,pinned,-2,2,1,25352198,24034944
262144,same_object,16,24,pinned,-2,2,2,19601510,17875453
262144,same_object,16,24,pinned,-2,2,3,14589101,12749758
262144,same_object,16,24,pinned,-2,3,0,22183510,20289023
262144,same_object,16,24,pinned,-2,3,1,23208559,21710493
262144,same_object,16,24,pinned,-2,3,2,21984953,20073435
262144,same_object,16,24,pinned,-2,3,3,14286828,12456904
262144,same_object,16,24,pinned,-2,4,0,31496021,29303148
262144,same_object,16,24,pinned,-2,4,1,21195087,19792803
262144,same_object,16,24,pinned,-2,4,2,20632633,18138420
262144,same_object,16,24,pinned,-2,4,3,20702445,18505095
262144,same_object,16,24,pinned,-2,5,0,22325718,20848622
262144,same_object,16,24,pinned,-2,5,1,23205454,22059024
262144,same_object,16,24,pinned,-2,5,2,22038274,20364265
262144,same_object,16,24,pinned,-2,5,3,14769032,12566512
262144,same_object,16,24,pinned,-2,6,0,23816310,21506087
262144,same_object,16,24,pinned,-2,6,1,26351560,23696784
262144,same_object,16,24,pinned,-2,6,2,23134360,20858651
262144,same_object,16,24,pinned,-2,6,3,18817477,16474501
262144,same_object,16,24,pinned,-2,7,0,28549922,26189473
262144,same_object,16,24,pinned,-2,7,1,20054578,18454019
262144,same_object,16,24,pinned,-2,7,2,24807828,21997377
262144,same_object,16,24,pinned,-2,7,3,18707478,16437862
262144,same_object,16,24,pinned,-2,8,0,31577795,28922298
262144,same_object,16,24,pinned,-2,8,1,21145794,19255595
262144,same_object,16,24,pinned,-2,8,2,20590603,18569166
262144,same_object,16,24,pinned,-2,8,3,18619953,15199717
262144,same_object,16,24,pinned,-2,9,0,28201263,25957975
262144,same_object,16,24,pinned,-2,9,1,20336803,18450963
262144,same_object,16,24,pinned,-2,9,2,25034597,22375132
262144,same_object,16,24,pinned,-2,9,3,20524729,18561171
262144,same_object,16,24,pinned,-2,10,0,27896947,25175193
262144,same_object,16,24,pinned,-2,10,1,20657530,18653846
262144,same_object,16,24,pinned,-2,10,2,26547351,22264923
262144,same_object,16,24,pinned,-2,10,3,18841853,17431553
262144,same_object,16,24,pinned,-2,11,0,31535044,28936985
262144,same_object,16,24,pinned,-2,11,1,21150093,18497310
262144,same_object,16,24,pinned,-2,11,2,20639627,18737695
262144,same_object,16,24,pinned,-2,11,3,19583416,17119773
262144,same_object,16,24,pinned,-2,12,0,31483947,28938378
262144,same_object,16,24,pinned,-2,12,1,21175651,19708834
262144,same_object,16,24,pinned,-2,12,2,20661297,18505997
262144,same_object,16,24,pinned,-2,12,3,20803597,18565319
262144,same_object,16,24,pinned,-2,13,0,28284710,26126113
262144,same_object,16,24,pinned,-2,13,1,24578764,22739872
262144,same_object,16,24,pinned,-2,13,2,20425160,18276382
262144,same_object,16,24,pinned,-2,13,3,19069364,16424636
262144,same_object,16,24,pinned,-2,14,0,28312342,25936724
262144,same_object,16,24,pinned,-2,14,1,20123959,18464258
262144,same_object,16,24,pinned,-2,14,2,24848665,22006104
262144,same_object,16,24,pinned,-2,14,3,20308039,17902063
262144,same_object,16,24,pinned,-2,15,0,28250676,25891680
262144,same_object,16,24,pinned,-2,15,1,24721885,22765611
262144,same_object,16,24,pinned,-2,15,2,21118373,17812754
262144,same_object,16,24,pinned,-2,15,3,19523242,17712855
262144,same_object,16,24,unsafe_unpinned_baseline,-2,0,0,25235147,24787268
262144,same_object,16,24,unsafe_unpinned_baseline,-2,0,1,17294152,16759309
262144,same_object,16,24,unsafe_unpinned_baseline,-2,0,2,17549025,17195345
262144,same_object,16,24,unsafe_unpinned_baseline,-2,0,3,19335627,18908679
262144,same_object,16,24,unsafe_unpinned_baseline,-2,1,0,21679245,21295618
262144,same_object,16,24,unsafe_unpinned_baseline,-2,1,1,18813769,18369448
262144,same_object,16,24,unsafe_unpinned_baseline,-2,1,2,19310850,18858554
262144,same_object,16,24,unsafe_unpinned_baseline,-2,1,3,18327709,17707355
262144,same_object,16,24,unsafe_unpinned_baseline,-2,2,0,18957551,18511948
262144,same_object,16,24,unsafe_unpinned_baseline,-2,2,1,19449974,18849296
262144,same_object,16,24,unsafe_unpinned_baseline,-2,2,2,19455064,18785205
262144,same_object,16,24,unsafe_unpinned_baseline,-2,2,3,18849848,18443108
262144,same_object,16,24,unsafe_unpinned_baseline,-2,3,0,18887239,18460320
262144,same_object,16,24,unsafe_unpinned_baseline,-2,3,1,20196256,19591652
262144,same_object,16,24,unsafe_unpinned_baseline,-2,3,2,21956740,21590947
262144,same_object,16,24,unsafe_unpinned_baseline,-2,3,3,19050858,18642736
262144,same_object,16,24,unsafe_unpinned_baseline,-2,4,0,23664884,23256961
262144,same_object,16,24,unsafe_unpinned_baseline,-2,4,1,17756958,17204703
262144,same_object,16,24,unsafe_unpinned_baseline,-2,4,2,18331105,17967256
262144,same_object,16,24,unsafe_unpinned_baseline,-2,4,3,18369789,17746619
262144,same_object,16,24,unsafe_unpinned_baseline,-2,5,0,20444236,20030443
262144,same_object,16,24,unsafe_unpinned_baseline,-2,5,1,33178776,32745486
262144,same_object,16,24,unsafe_unpinned_baseline,-2,5,2,16742809,16329235
262144,same_object,16,24,unsafe_unpinned_baseline,-2,5,3,9672072,9236747
262144,same_object,16,24,unsafe_unpinned_baseline,-2,6,0,19812820,19477597
262144,same_object,16,24,unsafe_unpinned_baseline,-2,6,1,18921042,18481089
262144,same_object,16,24,unsafe_unpinned_baseline,-2,6,2,19453781,19000202
262144,same_object,16,24,unsafe_unpinned_baseline,-2,6,3,21276983,20908626
262144,same_object,16,24,unsafe_unpinned_baseline,-2,7,0,20175718,19775280
262144,same_object,16,24,unsafe_unpinned_baseline,-2,7,1,22717100,22265074
262144,same_object,16,24,unsafe_unpinned_baseline,-2,7,2,17859743,17351000
262144,same_object,16,24,unsafe_unpinned_baseline,-2,7,3,16620887,16012636
262144,same_object,16,24,unsafe_unpinned_baseline,-2,8,0,19192506,18812337
262144,same_object,16,24,unsafe_unpinned_baseline,-2,8,1,19614535,19096444
262144,same_object,16,24,unsafe_unpinned_baseline,-2,8,2,19725926,19307113
262144,same_object,16,24,unsafe_unpinned_baseline,-2,8,3,20896843,20319720
262144,same_object,16,24,unsafe_unpinned_baseline,-2,9,0,18988700,18611066
262144,same_object,16,24,unsafe_unpinned_baseline,-2,9,1,19553810,18973802
262144,same_object,16,24,unsafe_unpinned_baseline,-2,9,2,22250556,21754327
262144,same_object,16,24,unsafe_unpinned_baseline,-2,9,3,17247424,16771143
262144,same_object,16,24,unsafe_unpinned_baseline,-2,10,0,20533565,20152043
262144,same_object,16,24,unsafe_unpinned_baseline,-2,10,1,32666867,32311594
262144,same_object,16,24,unsafe_unpinned_baseline,-2,10,2,17630429,17207960
262144,same_object,16,24,unsafe_unpinned_baseline,-2,10,3,9226248,8914417
262144,same_object,16,24,unsafe_unpinned_baseline,-2,11,0,29657729,29226483
262144,same_object,16,24,unsafe_unpinned_baseline,-2,11,1,16083149,15640011
262144,same_object,16,24,unsafe_unpinned_baseline,-2,11,2,17080708,16678085
262144,same_object,16,24,unsafe_unpinned_baseline,-2,11,3,15816354,15437687
262144,same_object,16,24,unsafe_unpinned_baseline,-2,12,0,20516734,20148747
262144,same_object,16,24,unsafe_unpinned_baseline,-2,12,1,27660108,27305537
262144,same_object,16,24,unsafe_unpinned_baseline,-2,12,2,15778503,15383535
262144,same_object,16,24,unsafe_unpinned_baseline,-2,12,3,15366242,15004858
262144,same_object,16,24,unsafe_unpinned_baseline,-2,13,0,19153854,18752754
262144,same_object,16,24,unsafe_unpinned_baseline,-2,13,1,19584018,19056198
262144,same_object,16,24,unsafe_unpinned_baseline,-2,13,2,32275336,31836986
262144,same_object,16,24,unsafe_unpinned_baseline,-2,13,3,9009286,8683670
262144,same_object,16,24,unsafe_unpinned_baseline,-2,14,0,29756647,29318928
262144,same_object,16,24,unsafe_unpinned_baseline,-2,14,1,15401950,14955866
262144,same_object,16,24,unsafe_unpinned_baseline,-2,14,2,17204933,16864148
262144,same_object,16,24,unsafe_unpinned_baseline,-2,14,3,16766814,16261437
262144,same_object,16,24,unsafe_unpinned_baseline,-2,15,0,20419670,20108921
262144,same_object,16,24,unsafe_unpinned_baseline,-2,15,1,23126154,22718331
262144,same_object,16,24,unsafe_unpinned_baseline,-2,15,2,21169098,20643333
262144,same_object,16,24,unsafe_unpinned_baseline,-2,15,3,14598459,14238747
262144,same_object,16,24,unsafe_unpinned_baseline,-1,0,0,22757405,22158412
262144,same_object,16,24,unsafe_unpinned_baseline,-1,0,1,19798403,19437230
262144,same_object,16,24,unsafe_unpinned_baseline,-1,0,2,20481005,19756895
262144,same_object,16,24,unsafe_unpinned_baseline,-1,0,3,17271320,16727650
262144,same_object,16,24,unsafe_unpinned_baseline,-1,1,0,23651478,23046564
262144,same_object,16,24,unsafe_unpinned_baseline,-1,1,1,16770921,16419606
262144,same_object,16,24,unsafe_unpinned_baseline,-1,1,2,22706950,22303697
262144,same_object,16,24,unsafe_unpinned_baseline,-1,1,3,17521823,17069447
262144,same_object,16,24,unsafe_unpinned_baseline,-1,2,0,17250440,16669079
262144,same_object,16,24,unsafe_unpinned_baseline,-1,2,1,13178199,12751051
262144,same_object,16,24,unsafe_unpinned_baseline,-1,2,2,12636374,12275792
262144,same_object,16,24,unsafe_unpinned_baseline,-1,2,3,21930179,21412379
262144,same_object,16,24,unsafe_unpinned_baseline,-1,3,0,24356303,23772948
262144,same_object,16,24,unsafe_unpinned_baseline,-1,3,1,18242067,17911742
262144,same_object,16,24,unsafe_unpinned_baseline,-1,3,2,22143052,21487061
262144,same_object,16,24,unsafe_unpinned_baseline,-1,3,3,15539550,15079289
262144,same_object,16,24,unsafe_unpinned_baseline,-1,4,0,22731006,22143142
262144,same_object,16,24,unsafe_unpinned_baseline,-1,4,1,19867254,19506010
262144,same_object,16,24,unsafe_unpinned_baseline,-1,4,2,20490384,19964848
262144,same_object,16,24,unsafe_unpinned_baseline,-1,4,3,16080965,15600296
262144,same_object,16,24,unsafe_unpinned_baseline,-1,5,0,16564521,16013267
262144,same_object,16,24,unsafe_unpinned_baseline,-1,5,1,13893264,13450666
262144,same_object,16,24,unsafe_unpinned_baseline,-1,5,2,12485709,12115147
262144,same_object,16,24,unsafe_unpinned_baseline,-1,5,3,22692683,22144334
262144,same_object,16,24,unsafe_unpinned_baseline,-1,6,0,17160088,16641887
262144,same_object,16,24,unsafe_unpinned_baseline,-1,6,1,13150838,12672522
262144,same_object,16,24,unsafe_unpinned_baseline,-1,6,2,12719170,12315156
262144,same_object,16,24,unsafe_unpinned_baseline,-1,6,3,20013641,19502083
262144,same_object,16,24,unsafe_unpinned_baseline,-1,7,0,21368717,20851918
262144,same_object,16,24,unsafe_unpinned_baseline,-1,7,1,18060383,17645808
262144,same_object,16,24,unsafe_unpinned_baseline,-1,7,2,22343191,21916443
262144,same_object,16,24,unsafe_unpinned_baseline,-1,7,3,17431673,16625447
262144,same_object,16,24,unsafe_unpinned_baseline,-1,8,0,22621909,22049816
262144,same_object,16,24,unsafe_unpinned_baseline,-1,8,1,17952759,17585033
262144,same_object,16,24,unsafe_unpinned_baseline,-1,8,2,22495731,21908047
262144,same_object,16,24,unsafe_unpinned_baseline,-1,8,3,16054114,15523299
262144,same_object,16,24,unsafe_unpinned_baseline,-1,9,0,24276652,23758231
262144,same_object,16,24,unsafe_unpinned_baseline,-1,9,1,18194056,17854373
262144,same_object,16,24,unsafe_unpinned_baseline,-1,9,2,23713856,22860661
262144,same_object,16,24,unsafe_unpinned_baseline,-1,9,3,13998983,13632089
262144,same_object,16,24,unsafe_unpinned_baseline,-1,10,0,24272234,23724898
262144,same_object,16,24,unsafe_unpinned_baseline,-1,10,1,18233281,17897605
262144,same_object,16,24,unsafe_unpinned_baseline,-1,10,2,21883942,21324473
262144,same_object,16,24,unsafe_unpinned_baseline,-1,10,3,14533826,14140021
262144,same_object,16,24,unsafe_unpinned_baseline,-1,11,0,22618453,22123425
262144,same_object,16,24,unsafe_unpinned_baseline,-1,11,1,17760355,17406956
262144,same_object,16,24,unsafe_unpinned_baseline,-1,11,2,21359740,20924505
262144,same_object,16,24,unsafe_unpinned_baseline,-1,11,3,19002617,18192634
262144,same_object,16,24,unsafe_unpinned_baseline,-1,12,0,24337737,23722804
262144,same_object,16,24,unsafe_unpinned_baseline,-1,12,1,18691498,18322620
262144,same_object,16,24,unsafe_unpinned_baseline,-1,12,2,19851664,19355525
262144,same_object,16,24,unsafe_unpinned_baseline,-1,12,3,17840597,17242445
262144,same_object,16,24,unsafe_unpinned_baseline,-1,13,0,24226126,23556309
262144,same_object,16,24,unsafe_unpinned_baseline,-1,13,1,18204085,17811282
262144,same_object,16,24,unsafe_unpinned_baseline,-1,13,2,20627763,19819153
262144,same_object,16,24,unsafe_unpinned_baseline,-1,13,3,16100112,15635512
262144,same_object,16,24,unsafe_unpinned_baseline,-1,14,0,21326236,20839695
262144,same_object,16,24,unsafe_unpinned_baseline,-1,14,1,19188268,18819560
262144,same_object,16,24,unsafe_unpinned_baseline,-1,14,2,22600809,22223675
262144,same_object,16,24,unsafe_unpinned_baseline,-1,14,3,16193599,15677962
262144,same_object,16,24,unsafe_unpinned_baseline,-1,15,0,24336004,23652791
262144,same_object,16,24,unsafe_unpinned_baseline,-1,15,1,19027764,18663245
262144,same_object,16,24,unsafe_unpinned_baseline,-1,15,2,21653616,21281050
262144,same_object,16,24,unsafe_unpinned_baseline,-1,15,3,15139864,14644145
262144,same_object,16,24,pinned,-1,0,0,23616833,20905580
262144,same_object,16,24,pinned,-1,0,1,25320939,22626438
262144,same_object,16,24,pinned,-1,0,2,23851728,21912366
262144,same_object,16,24,pinned,-1,0,3,19808122,18119024
262144,same_object,16,24,pinned,-1,1,0,22135569,19473388
262144,same_object,16,24,pinned,-1,1,1,26212196,23889679
262144,same_object,16,24,pinned,-1,1,2,25569790,23847580
262144,same_object,16,24,pinned,-1,1,3,20160830,18674726
262144,same_object,16,24,pinned,-1,2,0,25671493,22909033
262144,same_object,16,24,pinned,-1,2,1,24125666,22491443
262144,same_object,16,24,pinned,-1,2,2,24050594,22259583
262144,same_object,16,24,pinned,-1,2,3,19892863,18345042
262144,same_object,16,24,pinned,-1,3,0,24856219,22330117
262144,same_object,16,24,pinned,-1,3,1,24361192,21798931
262144,same_object,16,24,pinned,-1,3,2,22031060,19712561
262144,same_object,16,24,pinned,-1,3,3,20183191,17951957
262144,same_object,16,24,pinned,-1,4,0,23379093,20369304
262144,same_object,16,24,pinned,-1,4,1,25626799,22876832
262144,same_object,16,24,pinned,-1,4,2,22197967,19690580
262144,same_object,16,24,pinned,-1,4,3,20095676,18002984
262144,same_object,16,24,pinned,-1,5,0,25701540,22792462
262144,same_object,16,24,pinned,-1,5,1,24523299,22692353
262144,same_object,16,24,pinned,-1,5,2,23651809,22094070
262144,same_object,16,24,pinned,-1,5,3,19915606,18349019
262144,same_object,16,24,pinned,-1,6,0,23449576,20782457
262144,same_object,16,24,pinned,-1,6,1,21779314,19813372
262144,same_object,16,24,pinned,-1,6,2,25700568,23894889
262144,same_object,16,24,pinned,-1,6,3,22143414,20142245
262144,same_object,16,24,pinned,-1,7,0,22184131,19607552
262144,same_object,16,24,pinned,-1,7,1,26098952,24048820
262144,same_object,16,24,pinned,-1,7,2,24936151,22833400
262144,same_object,16,24,pinned,-1,7,3,20704159,18511958
262144,same_object,16,24,pinned,-1,8,0,22252991,19592674
262144,same_object,16,24,pinned,-1,8,1,23079566,21262976
262144,same_object,16,24,pinned,-1,8,2,25666363,22118477
262144,same_object,16,24,pinned,-1,8,3,21961018,19841194
262144,same_object,16,24,pinned,-1,9,0,22236129,19431459
262144,same_object,16,24,pinned,-1,9,1,22948247,20803877
262144,same_object,16,24,pinned,-1,9,2,25863166,22572506
262144,same_object,16,24,pinned,-1,9,3,20353134,18436204
262144,same_object,16,24,pinned,-1,10,0,23740156,21034644
262144,same_object,16,24,pinned,-1,10,1,25014059,21966318
262144,same_object,16,24,pinned,-1,10,2,24458055,22411981
262144,same_object,16,24,pinned,-1,10,3,19476384,17832341
262144,same_object,16,24,pinned,-1,11,0,24840369,21995843
262144,same_object,16,24,pinned,-1,11,1,24188415,21672372
262144,same_object,16,24,pinned,-1,11,2,23472600,21328150
262144,same_object,16,24,pinned,-1,11,3,20156893,18210487
262144,same_object,16,24,pinned,-1,12,0,22008888,19426480
262144,same_object,16,24,pinned,-1,12,1,26921960,23916640
262144,same_object,16,24,pinned,-1,12,2,24356573,22113146
262144,same_object,16,24,pinned,-1,12,3,20558763,18826513
262144,same_object,16,24,pinned,-1,13,0,24728447,21999321
262144,same_object,16,24,pinned,-1,13,1,23765915,21893089
262144,same_object,16,24,pinned,-1,13,2,22568778,20081629
262144,same_object,16,24,pinned,-1,13,3,20320021,18063409
262144,same_object,16,24,pinned,-1,14,0,24848915,22285743
262144,same_object,16,24,pinned,-1,14,1,24076433,21658475
262144,same_object,16,24,pinned,-1,14,2,22005653,19828420
262144,same_object,16,24,pinned,-1,14,3,20396997,18305928
262144,same_object,16,24,pinned,-1,15,0,24531585,21973441
262144,same_object,16,24,pinned,-1,15,1,24283465,21862010
262144,same_object,16,24,pinned,-1,15,2,24508782,21765548
262144,same_object,16,24,pinned,-1,15,3,20016767,18019255
262144,same_object,16,24,pinned,0,0,0,24789022,23294733
262144,same_object,16,24,pinned,0,0,1,24477142,22992080
262144,same_object,16,24,pinned,0,0,2,25263390,23212247
262144,same_object,16,24,pinned,0,0,3,19067550,17106297
262144,same_object,16,24,pinned,0,1,0,27589934,25623592
262144,same_object,16,24,pinned,0,1,1,23361649,21289948
262144,same_object,16,24,pinned,0,1,2,29590502,27687480
262144,same_object,16,24,pinned,0,1,3,13579269,11930458
262144,same_object,16,24,pinned,0,2,0,27532797,25749260
262144,same_object,16,24,pinned,0,2,1,23315362,21284648
262144,same_object,16,24,pinned,0,2,2,25766382,23993766
262144,same_object,16,24,pinned,0,2,3,17944464,16254975
262144,same_object,16,24,pinned,0,3,0,20846869,18570799
262144,same_object,16,24,pinned,0,3,1,19673247,17104253
262144,same_object,16,24,pinned,0,3,2,12395779,10154646
262144,same_object,16,24,pinned,0,3,3,21276972,19533401
262144,same_object,16,24,pinned,0,4,0,27608751,25926325
262144,same_object,16,24,pinned,0,4,1,27477061,25738079
262144,same_object,16,24,pinned,0,4,2,31120479,29404580
262144,same_object,16,24,pinned,0,4,3,8333007,6687761
262144,same_object,16,24,pinned,0,5,0,27200117,25297595
262144,same_object,16,24,pinned,0,5,1,23630518,21485217
262144,same_object,16,24,pinned,0,5,2,21980434,20396065
262144,same_object,16,24,pinned,0,5,3,18359499,16837447
262144,same_object,16,24,pinned,0,6,0,23639827,21606467
262144,same_object,16,24,pinned,0,6,1,25686271,24032580
262144,same_object,16,24,pinned,0,6,2,25251628,22756624
262144,same_object,16,24,pinned,0,6,3,18342597,16788505
262144,same_object,16,24,pinned,0,7,0,32073684,29865042
262144,same_object,16,24,pinned,0,7,1,21347156,18411107
262144,same_object,16,24,pinned,0,7,2,20735918,18859956
262144,same_object,16,24,pinned,0,7,3,19651576,17477379
262144,same_object,16,24,pinned,0,8,0,23575835,21658796
262144,same_object,16,24,pinned,0,8,1,23244357,21146826
262144,same_object,16,24,pinned,0,8,2,22117774,19433032
262144,same_object,16,24,pinned,0,8,3,19275674,17235872
262144,same_object,16,24,pinned,0,9,0,27414863,25542739
262144,same_object,16,24,pinned,0,9,1,23398159,21284417
262144,same_object,16,24,pinned,0,9,2,23385344,21842524
262144,same_object,16,24,pinned,0,9,3,19335247,17019272
262144,same_object,16,24,pinned,0,10,0,25712600,24236856
262144,same_object,16,24,pinned,0,10,1,23535358,21756220
262144,same_object,16,24,pinned,0,10,2,21774475,19591201
262144,same_object,16,24,pinned,0,10,3,19310239,17468062
262144,same_object,16,24,pinned,0,11,0,27545711,25035990
262144,same_object,16,24,pinned,0,11,1,27536053,25778115
262144,same_object,16,24,pinned,0,11,2,30344129,28514916
262144,same_object,16,24,pinned,0,11,3,9098827,7278240
262144,same_object,16,24,pinned,0,12,0,32039119,29851907
262144,same_object,16,24,pinned,0,12,1,19291664,16503365
262144,same_object,16,24,pinned,0,12,2,21797298,20083764
262144,same_object,16,24,pinned,0,12,3,17854173,16360695
262144,same_object,16,24,pinned,0,13,0,23733062,21742444
262144,same_object,16,24,pinned,0,13,1,25522761,23534367
262144,same_object,16,24,pinned,0,13,2,22784917,20425381
262144,same_object,16,24,pinned,0,13,3,18293604,16629194
262144,same_object,16,24,pinned,0,14,0,27574957,25920053
262144,same_object,16,24,pinned,0,14,1,23242855,21427799
262144,same_object,16,24,pinned,0,14,2,35270867,33251954
262144,same_object,16,24,pinned,0,14,3,8956718,7325219
262144,same_object,16,24,pinned,0,15,0,31930353,29885681
262144,same_object,16,24,pinned,0,15,1,23073233,19998973
262144,same_object,16,24,pinned,0,15,2,25497313,23903736
262144,same_object,16,24,pinned,0,15,3,13456537,11823084
262144,same_object,16,24,unsafe_unpinned_baseline,0,0,0,21161584,20559385
262144,same_object,16,24,unsafe_unpinned_baseline,0,0,1,22098118,21727636
262144,same_object,16,24,unsafe_unpinned_baseline,0,0,2,28385161,27830992
262144,same_object,16,24,unsafe_unpinned_baseline,0,0,3,13666514,13334326
262144,same_object,16,24,unsafe_unpinned_baseline,0,1,0,21209024,20559935
262144,same_object,16,24,unsafe_unpinned_baseline,0,1,1,21979222,21658966
262144,same_object,16,24,unsafe_unpinned_baseline,0,1,2,21278877,20753783
262144,same_object,16,24,unsafe_unpinned_baseline,0,1,3,19809524,19255285
262144,same_object,16,24,unsafe_unpinned_baseline,0,2,0,20093693,19582245
262144,same_object,16,24,unsafe_unpinned_baseline,0,2,1,22975649,22394639
262144,same_object,16,24,unsafe_unpinned_baseline,0,2,2,21395958,20862769
262144,same_object,16,24,unsafe_unpinned_baseline,0,2,3,20303009,19982742
262144,same_object,16,24,unsafe_unpinned_baseline,0,3,0,18893090,18373286
262144,same_object,16,24,unsafe_unpinned_baseline,0,3,1,23305182,22701510
262144,same_object,16,24,unsafe_unpinned_baseline,0,3,2,20907884,20474043
262144,same_object,16,24,unsafe_unpinned_baseline,0,3,3,20300574,19921436
262144,same_object,16,24,unsafe_unpinned_baseline,0,4,0,18878852,18380129
262144,same_object,16,24,unsafe_unpinned_baseline,0,4,1,24625562,24121148
262144,same_object,16,24,unsafe_unpinned_baseline,0,4,2,20904938,20477349
262144,same_object,16,24,unsafe_unpinned_baseline,0,4,3,21000278,20663140
262144,same_object,16,24,unsafe_unpinned_baseline,0,5,0,30747092,30167595
262144,same_object,16,24,unsafe_unpinned_baseline,0,5,1,16925745,16412964
262144,same_object,16,24,unsafe_unpinned_baseline,0,5,2,18382633,17908917
262144,same_object,16,24,unsafe_unpinned_baseline,0,5,3,18310676,17725830
262144,same_object,16,24,unsafe_unpinned_baseline,0,6,0,20983607,20518036
262144,same_object,16,24,unsafe_unpinned_baseline,0,6,1,22265164,21918427
262144,same_object,16,24,unsafe_unpinned_baseline,0,6,2,21075571,20583370
262144,same_object,16,24,unsafe_unpinned_baseline,0,6,3,20372991,20027788
262144,same_object,16,24,unsafe_unpinned_baseline,0,7,0,30842643,30229933
262144,same_object,16,24,unsafe_unpinned_baseline,0,7,1,16729693,16254674
262144,same_object,16,24,unsafe_unpinned_baseline,0,7,2,17396576,16863366
262144,same_object,16,24,unsafe_unpinned_baseline,0,7,3,19412643,19090393
262144,same_object,16,24,unsafe_unpinned_baseline,0,8,0,20825809,20423828
262144,same_object,16,24,unsafe_unpinned_baseline,0,8,1,22556996,22175805
262144,same_object,16,24,unsafe_unpinned_baseline,0,8,2,20298480,19881010
262144,same_object,16,24,unsafe_unpinned_baseline,0,8,3,21018002,20670043
262144,same_object,16,24,unsafe_unpinned_baseline,0,9,0,25331870,23084696
262144,same_object,16,24,unsafe_unpinned_baseline,0,9,1,22365644,21872871
262144,same_object,16,24,unsafe_unpinned_baseline,0,9,2,17520561,17070659
262144,same_object,16,24,unsafe_unpinned_baseline,0,9,3,20187901,19957315
262144,same_object,16,24,unsafe_unpinned_baseline,0,10,0,30757101,30197141
262144,same_object,16,24,unsafe_unpinned_baseline,0,10,1,13390321,12875948
262144,same_object,16,24,unsafe_unpinned_baseline,0,10,2,35617223,35190224
262144,same_object,16,24,unsafe_unpinned_baseline,0,10,3,5768892,5224862
262144,same_object,16,24,unsafe_unpinned_baseline,0,11,0,21086833,20691895
262144,same_object,16,24,unsafe_unpinned_baseline,0,11,1,22084853,21760909
262144,same_object,16,24,unsafe_unpinned_baseline,0,11,2,30179869,29679250
262144,same_object,16,24,unsafe_unpinned_baseline,0,11,3,11947549,11518929
262144,same_object,16,24,unsafe_unpinned_baseline,0,12,0,18814691,18330916
262144,same_object,16,24,unsafe_unpinned_baseline,0,12,1,23295424,22731988
262144,same_object,16,24,unsafe_unpinned_baseline,0,12,2,21015267,20610041
262144,same_object,16,24,unsafe_unpinned_baseline,0,12,3,20441521,20060459
262144,same_object,16,24,unsafe_unpinned_baseline,0,13,0,21146145,20144770
262144,same_object,16,24,unsafe_unpinned_baseline,0,13,1,26515010,26112758
262144,same_object,16,24,unsafe_unpinned_baseline,0,13,2,18180090,17765806
262144,same_object,16,24,unsafe_unpinned_baseline,0,13,3,18640811,18338499
262144,same_object,16,24,unsafe_unpinned_baseline,0,14,0,29824415,29373582
262144,same_object,16,24,unsafe_unpinned_baseline,0,14,1,17828283,17329770
262144,same_object,16,24,unsafe_unpinned_baseline,0,14,2,18237068,17792276
262144,same_object,16,24,unsafe_unpinned_baseline,0,14,3,18615344,18316959
262144,same_object,16,24,unsafe_unpinned_baseline,0,15,0,19998172,19540355
262144,same_object,16,24,unsafe_unpinned_baseline,0,15,1,23390514,22782493
262144,same_object,16,24,unsafe_unpinned_baseline,0,15,2,29613325,29204231
262144,same_object,16,24,unsafe_unpinned_baseline,0,15,3,12320115,11953471
262144,same_object,16,24,unsafe_unpinned_baseline,1,0,0,18547946,18059942
262144,same_object,16,24,unsafe_unpinned_baseline,1,0,1,20027598,19303096
262144,same_object,16,24,unsafe_unpinned_baseline,1,0,2,19759380,19030960
262144,same_object,16,24,unsafe_unpinned_baseline,1,0,3,15173137,14820389
262144,same_object,16,24,unsafe_unpinned_baseline,1,1,0,31328082,30839918
262144,same_object,16,24,unsafe_unpinned_baseline,1,1,1,30192241,29724987
262144,same_object,16,24,unsafe_unpinned_baseline,1,1,2,14661338,13758559
262144,same_object,16,24,unsafe_unpinned_baseline,1,1,3,6653226,6326027
262144,same_object,16,24,unsafe_unpinned_baseline,1,2,0,31422741,30878751
262144,same_object,16,24,unsafe_unpinned_baseline,1,2,1,25060196,24636854
262144,same_object,16,24,unsafe_unpinned_baseline,1,2,2,16287837,15846041
262144,same_object,16,24,unsafe_unpinned_baseline,1,2,3,9543840,9241777
262144,same_object,16,24,unsafe_unpinned_baseline,1,3,0,28464311,27955838
262144,same_object,16,24,unsafe_unpinned_baseline,1,3,1,24701697,23973438
262144,same_object,16,24,unsafe_unpinned_baseline,1,3,2,18804572,18444661
262144,same_object,16,24,unsafe_unpinned_baseline,1,3,3,9894654,9573665
262144,same_object,16,24,unsafe_unpinned_baseline,1,4,0,18259320,17752490
262144,same_object,16,24,unsafe_unpinned_baseline,1,4,1,33592429,32985239
262144,same_object,16,24,unsafe_unpinned_baseline,1,4,2,20941307,20531441
262144,same_object,16,24,unsafe_unpinned_baseline,1,4,3,9458918,9166225
262144,same_object,16,24,unsafe_unpinned_baseline,1,5,0,28448390,27929798
262144,same_object,16,24,unsafe_unpinned_baseline,1,5,1,28009890,27281050
262144,same_object,16,24,unsafe_unpinned_baseline,1,5,2,16277678,15833897
262144,same_object,16,24,unsafe_unpinned_baseline,1,5,3,10053595,9748957
262144,same_object,16,24,unsafe_unpinned_baseline,1,6,0,20257773,19692172
262144,same_object,16,24,unsafe_unpinned_baseline,1,6,1,24906715,24132669
262144,same_object,16,24,unsafe_unpinned_baseline,1,6,2,17576908,17114732
262144,same_object,16,24,unsafe_unpinned_baseline,1,6,3,13343994,13068542
262144,same_object,16,24,unsafe_unpinned_baseline,1,7,0,18399375,17922021
262144,same_object,16,24,unsafe_unpinned_baseline,1,7,1,20118039,19575070
262144,same_object,16,24,unsafe_unpinned_baseline,1,7,2,19763818,19047361
262144,same_object,16,24,unsafe_unpinned_baseline,1,7,3,14998396,14269396
262144,same_object,16,24,unsafe_unpinned_baseline,1,8,0,21912396,21477903
262144,same_object,16,24,unsafe_unpinned_baseline,1,8,1,23192208,22799826
262144,same_object,16,24,unsafe_unpinned_baseline,1,8,2,17107299,16617010
262144,same_object,16,24,unsafe_unpinned_baseline,1,8,3,15237979,14775143
262144,same_object,16,24,unsafe_unpinned_baseline,1,9,0,28418504,27957841
262144,same_object,16,24,unsafe_unpinned_baseline,1,9,1,24659357,23930897
262144,same_object,16,24,unsafe_unpinned_baseline,1,9,2,18827726,18467443
262144,same_object,16,24,unsafe_unpinned_baseline,1,9,3,9841162,9540663
262144,same_object,16,24,unsafe_unpinned_baseline,1,10,0,18841521,18393043
262144,same_object,16,24,unsafe_unpinned_baseline,1,10,1,19673497,19308536
262144,same_object,16,24,unsafe_unpinned_baseline,1,10,2,19743540,19027034
262144,same_object,16,24,unsafe_unpinned_baseline,1,10,3,15168999,14812183
262144,same_object,16,24,unsafe_unpinned_baseline,1,11,0,31346707,30906655
262144,same_object,16,24,unsafe_unpinned_baseline,1,11,1,29653472,29265106
262144,same_object,16,24,unsafe_unpinned_baseline,1,11,2,15939387,14544076
262144,same_object,16,24,unsafe_unpinned_baseline,1,11,3,5695754,5403941
262144,same_object,16,24,unsafe_unpinned_baseline,1,12,0,31274711,30818487
262144,same_object,16,24,unsafe_unpinned_baseline,1,12,1,23283060,22875069
262144,same_object,16,24,unsafe_unpinned_baseline,1,12,2,18128592,17674823
262144,same_object,16,24,unsafe_unpinned_baseline,1,12,3,10000444,9678334
262144,same_object,16,24,unsafe_unpinned_baseline,1,13,0,18815072,18392932
262144,same_object,16,24,unsafe_unpinned_baseline,1,13,1,19680380,19278409
262144,same_object,16,24,unsafe_unpinned_baseline,1,13,2,19739452,19044987
262144,same_object,16,24,unsafe_unpinned_baseline,1,13,3,15207832,14853531
262144,same_object,16,24,unsafe_unpinned_baseline,1,14,0,21859556,21322419
262144,same_object,16,24,unsafe_unpinned_baseline,1,14,1,23327415,22848137
262144,same_object,16,24,unsafe_unpinned_baseline,1,14,2,17603919,17014743
262144,same_object,16,24,unsafe_unpinned_baseline,1,14,3,13247300,12862061
262144,same_object,16,24,unsafe_unpinned_baseline,1,15,0,31352108,30881517
262144,same_object,16,24,unsafe_unpinned_baseline,1,15,1,25073250,24633297
262144,same_object,16,24,unsafe_unpinned_baseline,1,15,2,16306162,15887068
262144,same_object,16,24,unsafe_unpinned_baseline,1,15,3,10027565,9732466
262144,same_object,16,24,pinned,1,0,0,20539095,16843248
262144,same_object,16,24,pinned,1,0,1,28151047,26052965
262144,same_object,16,24,pinned,1,0,2,13246730,11511204
262144,same_object,16,24,pinned,1,0,3,24065061,22273660
262144,same_object,16,24,pinned,1,1,0,20020313,16320349
262144,same_object,16,24,pinned,1,1,1,21984101,19356688
262144,same_object,16,24,pinned,1,1,2,19878976,18224934
262144,same_object,16,24,pinned,1,1,3,23457652,20505452
262144,same_object,16,24,pinned,1,2,0,20060089,17607535
262144,same_object,16,24,pinned,1,2,1,19599898,16829082
262144,same_object,16,24,pinned,1,2,2,20725429,18862702
262144,same_object,16,24,pinned,1,2,3,22611430,20962558
262144,same_object,16,24,pinned,1,3,0,20366819,17484362
262144,same_object,16,24,pinned,1,3,1,16577045,14925358
262144,same_object,16,24,pinned,1,3,2,23709187,21792929
262144,same_object,16,24,pinned,1,3,3,24660027,21521306
262144,same_object,16,24,pinned,1,4,0,20364765,17170849
262144,same_object,16,24,pinned,1,4,1,17619448,15933146
262144,same_object,16,24,pinned,1,4,2,21129523,19530376
262144,same_object,16,24,pinned,1,4,3,22929812,21024816
262144,same_object,16,24,pinned,1,5,0,20014191,17596284
262144,same_object,16,24,pinned,1,5,1,16484760,14562921
262144,same_object,16,24,pinned,1,5,2,22918230,20799850
262144,same_object,16,24,pinned,1,5,3,22583036,20411184
262144,same_object,16,24,pinned,1,6,0,21191190,17631191
262144,same_object,16,24,pinned,1,6,1,29225591,27493752
262144,same_object,16,24,pinned,1,6,2,16439604,14738834
262144,same_object,16,24,pinned,1,6,3,18220827,15465060
262144,same_object,16,24,pinned,1,7,0,20435118,17703798
262144,same_object,16,24,pinned,1,7,1,20228387,18268057
262144,same_object,16,24,pinned,1,7,2,19947466,17788909
262144,same_object,16,24,pinned,1,7,3,22621248,20833022
262144,same_object,16,24,pinned,1,8,0,20500512,16897481
262144,same_object,16,24,pinned,1,8,1,20399351,18226558
262144,same_object,16,24,pinned,1,8,2,19628953,17786725
262144,same_object,16,24,pinned,1,8,3,24769876,21635763
262144,same_object,16,24,pinned,1,9,0,20292909,16902330
262144,same_object,16,24,pinned,1,9,1,16261698,14196097
262144,same_object,16,24,pinned,1,9,2,24133311,22051069
262144,same_object,16,24,pinned,1,9,3,24630031,21577612
262144,same_object,16,24,pinned,1,10,0,20404211,17577408
262144,same_object,16,24,pinned,1,10,1,17595593,15788392
262144,same_object,16,24,pinned,1,10,2,22654040,21062296
262144,same_object,16,24,pinned,1,10,3,22385221,20890321
262144,same_object,16,24,pinned,1,11,0,20313529,15749308
262144,same_object,16,24,pinned,1,11,1,27620663,25463168
262144,same_object,16,24,pinned,1,11,2,13819133,12210898
262144,same_object,16,24,pinned,1,11,3,24147998,21094156
262144,same_object,16,24,pinned,1,12,0,21029103,17414520
262144,same_object,16,24,pinned,1,12,1,28374380,26668781
262144,same_object,16,24,pinned,1,12,2,17265508,15538829
262144,same_object,16,24,pinned,1,12,3,16993433,15386621
262144,same_object,16,24,pinned,1,13,0,19948147,17573350
262144,same_object,16,24,pinned,1,13,1,29527593,27497160
262144,same_object,16,24,pinned,1,13,2,17147865,15499224
262144,same_object,16,24,pinned,1,13,3,18610665,15611356
262144,same_object,16,24,pinned,1,14,0,20456139,17301636
262144,same_object,16,24,pinned,1,14,1,21350302,19392194
262144,same_object,16,24,pinned,1,14,2,18044323,16077789
262144,same_object,16,24,pinned,1,14,3,22052721,19895908
262144,same_object,16,24,pinned,1,15,0,20195976,17585133
262144,same_object,16,24,pinned,1,15,1,27202371,25246629
262144,same_object,16,24,pinned,1,15,2,14405413,12623159
262144,same_object,16,24,pinned,1,15,3,23454866,20482669
262144,same_object,16,24,pinned,2,0,0,27114214,22848628
262144,same_object,16,24,pinned,2,0,1,23047345,20383932
262144,same_object,16,24,pinned,2,0,2,21257396,19366245
262144,same_object,16,24,pinned,2,0,3,20267001,18860888
262144,same_object,16,24,pinned,2,1,0,28559931,25516389
262144,same_object,16,24,pinned,2,1,1,24107612,22191785
262144,same_object,16,24,pinned,2,1,2,19472847,17456289
262144,same_object,16,24,pinned,2,1,3,20406294,19029097
262144,same_object,16,24,pinned,2,2,0,28550253,24602299
262144,same_object,16,24,pinned,2,2,1,23941056,22116412
262144,same_object,16,24,pinned,2,2,2,19604797,17688659
262144,same_object,16,24,pinned,2,2,3,20498068,19087087
262144,same_object,16,24,pinned,2,3,0,26464996,23487057
262144,same_object,16,24,pinned,2,3,1,21527097,18910142
262144,same_object,16,24,pinned,2,3,2,22122112,20383761
262144,same_object,16,24,pinned,2,3,3,20280806,18126428
262144,same_object,16,24,pinned,2,4,0,25750623,21365010
262144,same_object,16,24,pinned,2,4,1,22136921,19017486
262144,same_object,16,24,pinned,2,4,2,20710540,19168371
262144,same_object,16,24,pinned,2,4,3,21744378,19612882
262144,same_object,16,24,pinned,2,5,0,25711258,22439924
262144,same_object,16,24,pinned,2,5,1,24580517,22302043
262144,same_object,16,24,pinned,2,5,2,21157657,18977179
262144,same_object,16,24,pinned,2,5,3,20257943,18721895
262144,same_object,16,24,pinned,2,6,0,27981817,24252496
262144,same_object,16,24,pinned,2,6,1,22325738,20493099
262144,same_object,16,24,pinned,2,6,2,19974487,17864241
262144,same_object,16,24,pinned,2,6,3,21812066,19624273
262144,same_object,16,24,pinned,2,7,0,25653438,21285379
262144,same_object,16,24,pinned,2,7,1,22223695,19849330
262144,same_object,16,24,pinned,2,7,2,20453253,18671680
262144,same_object,16,24,pinned,2,7,3,20489873,19134106
262144,same_object,16,24,pinned,2,8,0,27092603,22825976
262144,same_object,16,24,pinned,2,8,1,25498886,22200010
262144,same_object,16,24,pinned,2,8,2,19620868,17432214
262144,same_object,16,24,pinned,2,8,3,20549866,18861209
262144,same_object,16,24,pinned,2,9,0,28003658,22234365
262144,same_object,16,24,pinned,2,9,1,22252550,20437924
262144,same_object,16,24,pinned,2,9,2,19979266,17637432
262144,same_object,16,24,pinned,2,9,3,21102322,18826303
262144,same_object,16,24,pinned,2,10,0,25632358,22182277
262144,same_object,16,24,pinned,2,10,1,24766028,22338493
262144,same_object,16,24,pinned,2,10,2,20808586,18887949
262144,same_object,16,24,pinned,2,10,3,20471117,18691348
262144,same_object,16,24,pinned,2,11,0,27047518,22973855
262144,same_object,16,24,pinned,2,11,1,22933339,20219151
262144,same_object,16,24,pinned,2,11,2,19785680,17860955
262144,same_object,16,24,pinned,2,11,3,20776104,18530372
262144,same_object,16,24,pinned,2,12,0,27068498,21081813
262144,same_object,16,24,pinned,2,12,1,20887416,18420956
262144,same_object,16,24,pinned,2,12,2,22993533,20359996
262144,same_object,16,24,pinned,2,12,3,21142808,18782750
262144,same_object,16,24,pinned,2,13,0,27056896,21290388
262144,same_object,16,24,pinned,2,13,1,23314581,21344180
262144,same_object,16,24,pinned,2,13,2,19288017,17578811
262144,same_object,16,24,pinned,2,13,3,21275901,19474720
262144,same_object,16,24,pinned,2,14,0,26215302,22388457
262144,same_object,16,24,pinned,2,14,1,21709823,18870897
262144,same_object,16,24,pinned,2,14,2,22613874,20529137
262144,same_object,16,24,pinned,2,14,3,21265831,19676152
262144,same_object,16,24,pinned,2,15,0,25644883,20864752
262144,same_object,16,24,pinned,2,15,1,24709141,22358511
262144,same_object,16,24,pinned,2,15,2,19272037,17617715
262144,same_object,16,24,pinned,2,15,3,21338098,19458971
262144,same_object,16,24,unsafe_unpinned_baseline,2,0,0,25150858,24729970
262144,same_object,16,24,unsafe_unpinned_baseline,2,0,1,17352142,16994795
262144,same_object,16,24,unsafe_unpinned_baseline,2,0,2,19445004,19065526
262144,same_object,16,24,unsafe_unpinned_baseline,2,0,3,22085964,21475388
262144,same_object,16,24,unsafe_unpinned_baseline,2,1,0,31142541,30706565
262144,same_object,16,24,unsafe_unpinned_baseline,2,1,1,18418921,18074489
262144,same_object,16,24,unsafe_unpinned_baseline,2,1,2,18928196,18636063
262144,same_object,16,24,unsafe_unpinned_baseline,2,1,3,16657437,16296022
262144,same_object,16,24,unsafe_unpinned_baseline,2,2,0,21344671,20969080
262144,same_object,16,24,unsafe_unpinned_baseline,2,2,1,19690890,19202024
262144,same_object,16,24,unsafe_unpinned_baseline,2,2,2,19065807,18623880
262144,same_object,16,24,unsafe_unpinned_baseline,2,2,3,21260231,20907483
262144,same_object,16,24,unsafe_unpinned_baseline,2,3,0,21437296,21004047
262144,same_object,16,24,unsafe_unpinned_baseline,2,3,1,19390882,18875075
262144,same_object,16,24,unsafe_unpinned_baseline,2,3,2,19489619,19182127
262144,same_object,16,24,unsafe_unpinned_baseline,2,3,3,20997553,20614729
262144,same_object,16,24,unsafe_unpinned_baseline,2,4,0,22721167,22335507
262144,same_object,16,24,unsafe_unpinned_baseline,2,4,1,24630111,24282403
262144,same_object,16,24,unsafe_unpinned_baseline,2,4,2,29055510,28706940
262144,same_object,16,24,unsafe_unpinned_baseline,2,4,3,9453749,8919046
262144,same_object,16,24,unsafe_unpinned_baseline,2,5,0,21345482,20956566
262144,same_object,16,24,unsafe_unpinned_baseline,2,5,1,18955177,18501678
262144,same_object,16,24,unsafe_unpinned_baseline,2,5,2,20144128,19733341
262144,same_object,16,24,unsafe_unpinned_baseline,2,5,3,20809207,20460387
262144,same_object,16,24,unsafe_unpinned_baseline,2,6,0,21426957,21063559
262144,same_object,16,24,unsafe_unpinned_baseline,2,6,1,19525216,18828267
262144,same_object,16,24,unsafe_unpinned_baseline,2,6,2,27749678,27272514
262144,same_object,16,24,unsafe_unpinned_baseline,2,6,3,16346989,15813078
262144,same_object,16,24,unsafe_unpinned_baseline,2,7,0,22710978,22323093
262144,same_object,16,24,unsafe_unpinned_baseline,2,7,1,24033852,23671376
262144,same_object,16,24,unsafe_unpinned_baseline,2,7,2,31632368,30994491
262144,same_object,16,24,unsafe_unpinned_baseline,2,7,3,7897863,7166979
262144,same_object,16,24,unsafe_unpinned_baseline,2,8,0,22587294,22099831
262144,same_object,16,24,unsafe_unpinned_baseline,2,8,1,17941308,17552141
262144,same_object,16,24,unsafe_unpinned_baseline,2,8,2,19951744,19606310
262144,same_object,16,24,unsafe_unpinned_baseline,2,8,3,24718569,24414553
262144,same_object,16,24,unsafe_unpinned_baseline,2,9,0,31527680,31039987
262144,same_object,16,24,unsafe_unpinned_baseline,2,9,1,17879771,17532243
262144,same_object,16,24,unsafe_unpinned_baseline,2,9,2,18995654,18710654
262144,same_object,16,24,unsafe_unpinned_baseline,2,9,3,16622220,16275544
262144,same_object,16,24,unsafe_unpinned_baseline,2,10,0,31614264,31192256
262144,same_object,16,24,unsafe_unpinned_baseline,2,10,1,16988724,16644121
262144,same_object,16,24,unsafe_unpinned_baseline,2,10,2,18795074,18470830
262144,same_object,16,24,unsafe_unpinned_baseline,2,10,3,17295495,16996308
262144,same_object,16,24,unsafe_unpinned_baseline,2,11,0,21228220,20749314
262144,same_object,16,24,unsafe_unpinned_baseline,2,11,1,19635675,19133715
262144,same_object,16,24,unsafe_unpinned_baseline,2,11,2,19257730,18879534
262144,same_object,16,24,unsafe_unpinned_baseline,2,11,3,24064711,23465756
262144,same_object,16,24,unsafe_unpinned_baseline,2,12,0,22721508,22342911
262144,same_object,16,24,unsafe_unpinned_baseline,2,12,1,32922460,32567990
262144,same_object,16,24,unsafe_unpinned_baseline,2,12,2,23329599,22997982
262144,same_object,16,24,unsafe_unpinned_baseline,2,12,3,7125401,6765990
262144,same_object,16,24,unsafe_unpinned_baseline,2,13,0,22454382,22104630
262144,same_object,16,24,unsafe_unpinned_baseline,2,13,1,18245183,17891393
262144,same_object,16,24,unsafe_unpinned_baseline,2,13,2,19954339,19624064
262144,same_object,16,24,unsafe_unpinned_baseline,2,13,3,19986480,19686482
262144,same_object,16,24,unsafe_unpinned_baseline,2,14,0,31499427,31058151
262144,same_object,16,24,unsafe_unpinned_baseline,2,14,1,17966455,17580585
262144,same_object,16,24,unsafe_unpinned_baseline,2,14,2,18853565,18514783
262144,same_object,16,24,unsafe_unpinned_baseline,2,14,3,16737829,16415169
262144,same_object,16,24,unsafe_unpinned_baseline,2,15,0,22731898,22294259
262144,same_object,16,24,unsafe_unpinned_baseline,2,15,1,32991611,32653492
262144,same_object,16,24,unsafe_unpinned_baseline,2,15,2,20386157,20073615
262144,same_object,16,24,unsafe_unpinned_baseline,2,15,3,9659629,9276563
262144,same_object,16,24,unsafe_unpinned_baseline,3,0,0,22509296,19364091
262144,same_object,16,24,unsafe_unpinned_baseline,3,0,1,22308015,21660829
262144,same_object,16,24,unsafe_unpinned_baseline,3,0,2,22439093,21774985
262144,same_object,16,24,unsafe_unpinned_baseline,3,0,3,20325512,19842798
262144,same_object,16,24,unsafe_unpinned_baseline,3,1,0,22546065,19364933
262144,same_object,16,24,unsafe_unpinned_baseline,3,1,1,23741248,23148115
262144,same_object,16,24,unsafe_unpinned_baseline,3,1,2,20875473,20457341
262144,same_object,16,24,unsafe_unpinned_baseline,3,1,3,20996903,20539687
262144,same_object,16,24,unsafe_unpinned_baseline,3,2,0,31452588,28388176
262144,same_object,16,24,unsafe_unpinned_baseline,3,2,1,16342761,15689975
262144,same_object,16,24,unsafe_unpinned_baseline,3,2,2,20340520,19993132
262144,same_object,16,24,unsafe_unpinned_baseline,3,2,3,21185009,20688289
262144,same_object,16,24,unsafe_unpinned_baseline,3,3,0,24915431,21809651
262144,same_object,16,24,unsafe_unpinned_baseline,3,3,1,21240254,20881364
262144,same_object,16,24,unsafe_unpinned_baseline,3,3,2,29570825,28933278
262144,same_object,16,24,unsafe_unpinned_baseline,3,3,3,14229259,13878446
262144,same_object,16,24,unsafe_unpinned_baseline,3,4,0,24577982,21480028
262144,same_object,16,24,unsafe_unpinned_baseline,3,4,1,26704729,26295274
262144,same_object,16,24,unsafe_unpinned_baseline,3,4,2,17172892,16622641
262144,same_object,16,24,unsafe_unpinned_baseline,3,4,3,22930403,22541567
262144,same_object,16,24,unsafe_unpinned_baseline,3,5,0,32203610,29136313
262144,same_object,16,24,unsafe_unpinned_baseline,3,5,1,16710397,16318024
262144,same_object,16,24,unsafe_unpinned_baseline,3,5,2,19386894,19013678
262144,same_object,16,24,unsafe_unpinned_baseline,3,5,3,22545725,22052120
262144,same_object,16,24,unsafe_unpinned_baseline,3,6,0,32333215,29194713
262144,same_object,16,24,unsafe_unpinned_baseline,3,6,1,25194149,24710574
262144,same_object,16,24,unsafe_unpinned_baseline,3,6,2,12992918,12424532
262144,same_object,16,24,unsafe_unpinned_baseline,3,6,3,18339050,17938082
262144,same_object,16,24,unsafe_unpinned_baseline,3,7,0,32254225,29075908
262144,same_object,16,24,unsafe_unpinned_baseline,3,7,1,16616499,16061288
262144,same_object,16,24,unsafe_unpinned_baseline,3,7,2,19517161,19168901
262144,same_object,16,24,unsafe_unpinned_baseline,3,7,3,22489428,21809782
262144,same_object,16,24,unsafe_unpinned_baseline,3,8,0,24592530,21453247
262144,same_object,16,24,unsafe_unpinned_baseline,3,8,1,21435804,21030185
262144,same_object,16,24,unsafe_unpinned_baseline,3,8,2,21092704,20566538
262144,same_object,16,24,unsafe_unpinned_baseline,3,8,3,20542282,20062504
262144,same_object,16,24,unsafe_unpinned_baseline,3,9,0,24514332,20531802
262144,same_object,16,24,unsafe_unpinned_baseline,3,9,1,21397561,20877185
262144,same_object,16,24,unsafe_unpinned_baseline,3,9,2,21182605,20718516
262144,same_object,16,24,unsafe_unpinned_baseline,3,9,3,20558092,20142895
262144,same_object,16,24,unsafe_unpinned_baseline,3,10,0,23663892,20548785
262144,same_object,16,24,unsafe_unpinned_baseline,3,10,1,22310088,21864796
262144,same_object,16,24,unsafe_unpinned_baseline,3,10,2,21207752,20730408
262144,same_object,16,24,unsafe_unpinned_baseline,3,10,3,20733784,20326183
262144,same_object,16,24,unsafe_unpinned_baseline,3,11,0,32239067,29209471
262144,same_object,16,24,unsafe_unpinned_baseline,3,11,1,28956652,28439844
262144,same_object,16,24,unsafe_unpinned_baseline,3,11,2,17235170,16871613
262144,same_object,16,24,unsafe_unpinned_baseline,3,11,3,12005048,11657951
262144,same_object,16,24,unsafe_unpinned_baseline,3,12,0,32330871,29340849
262144,same_object,16,24,unsafe_unpinned_baseline,3,12,1,15943445,15478174
262144,same_object,16,24,unsafe_unpinned_baseline,3,12,2,19955420,19523473
262144,same_object,16,24,unsafe_unpinned_baseline,3,12,3,23165127,22455264
262144,same_object,16,24,unsafe_unpinned_baseline,3,13,0,23638684,20632122
262144,same_object,16,24,unsafe_unpinned_baseline,3,13,1,22546005,22168861
262144,same_object,16,24,unsafe_unpinned_baseline,3,13,2,29396215,28998322
262144,same_object,16,24,unsafe_unpinned_baseline,3,13,3,14089455,13664330
262144,same_object,16,24,unsafe_unpinned_baseline,3,14,0,32062773,29084744
262144,same_object,16,24,unsafe_unpinned_baseline,3,14,1,16794967,16353582
262144,same_object,16,24,unsafe_unpinned_baseline,3,14,2,19376635,19014038
262144,same_object,16,24,unsafe_unpinned_baseline,3,14,3,23076210,22380953
262144,same_object,16,24,unsafe_unpinned_baseline,3,15,0,22392785,19329194
262144,same_object,16,24,unsafe_unpinned_baseline,3,15,1,23769201,23176920
262144,same_object,16,24,unsafe_unpinned_baseline,3,15,2,32147714,31613252
262144,same_object,16,24,unsafe_unpinned_baseline,3,15,3,12416468,12047148
262144,same_object,16,24,pinned,3,0,0,26126214,23664062
262144,same_object,16,24,pinned,3,0,1,21692860,20059959
262144,same_object,16,24,pinned,3,0,2,26414950,24091041
262144,same_object,16,24,pinned,3,0,3,22812780,20773039
262144,same_object,16,24,pinned,3,1,0,22393877,20098472
262144,same_object,16,24,pinned,3,1,1,24043711,21736543
262144,same_object,16,24,pinned,3,1,2,26169516,23742712
262144,same_object,16,24,pinned,3,1,3,23854393,21611466
262144,same_object,16,24,pinned,3,2,0,22672345,20130012
262144,same_object,16,24,pinned,3,2,1,23728875,21654458
262144,same_object,16,24,pinned,3,2,2,25429966,22196524
262144,same_object,16,24,pinned,3,2,3,24412900,22126762
262144,same_object,16,24,pinned,3,3,0,23676475,21347727
262144,same_object,16,24,pinned,3,3,1,22784367,21279578
262144,same_object,16,24,pinned,3,3,2,22976290,21292993
262144,same_object,16,24,pinned,3,3,3,25767655,21780556
262144,same_object,16,24,pinned,3,4,0,24290758,21769735
262144,same_object,16,24,pinned,3,4,1,22095232,20273042
262144,same_object,16,24,pinned,3,4,2,25425487,22179131
262144,same_object,16,24,pinned,3,4,3,23322225,20969420
262144,same_object,16,24,pinned,3,5,0,22539874,20266039
262144,same_object,16,24,pinned,3,5,1,23886905,21779274
262144,same_object,16,24,pinned,3,5,2,25348040,22002316
262144,same_object,16,24,pinned,3,5,3,23365116,21410075
262144,same_object,16,24,pinned,3,6,0,22245186,20172382
262144,same_object,16,24,pinned,3,6,1,23135151,20931068
262144,same_object,16,24,pinned,3,6,2,26362592,23176980
262144,same_object,16,24,pinned,3,6,3,23338996,21025387
262144,same_object,16,24,pinned,3,7,0,26765534,24147277
262144,same_object,16,24,pinned,3,7,1,21359178,19646987
262144,same_object,16,24,pinned,3,7,2,25918781,23433556
262144,same_object,16,24,pinned,3,7,3,23762338,21500797
262144,same_object,16,24,pinned,3,8,0,25172849,22782463
262144,same_object,16,24,pinned,3,8,1,21418440,19643090
262144,same_object,16,24,pinned,3,8,2,27561340,25500219
262144,same_object,16,24,pinned,3,8,3,22302565,20113340
262144,same_object,16,24,pinned,3,9,0,23912402,21421947
262144,same_object,16,24,pinned,3,9,1,22369481,20631942
262144,same_object,16,24,pinned,3,9,2,25486412,22167630
262144,same_object,16,24,pinned,3,9,3,23337164,20709508
262144,same_object,16,24,pinned,3,10,0,23870954,21660610
262144,same_object,16,24,pinned,3,10,1,24955367,22829312
262144,same_object,16,24,pinned,3,10,2,25170394,23198871
262144,same_object,16,24,pinned,3,10,3,24041798,21652664
262144,same_object,16,24,pinned,3,11,0,22242341,20341282
262144,same_object,16,24,pinned,3,11,1,22469701,20874501
262144,same_object,16,24,pinned,3,11,2,21239662,18916103
262144,same_object,16,24,pinned,3,11,3,15181202,12924329
262144,same_object,16,24,pinned,3,12,0,26137425,23602085
262144,same_object,16,24,pinned,3,12,1,22578607,20585684
262144,same_object,16,24,pinned,3,12,2,26525389,23275507
262144,same_object,16,24,pinned,3,12,3,22744020,20513518
262144,same_object,16,24,pinned,3,13,0,26609950,24275690
262144,same_object,16,24,pinned,3,13,1,22239365,19727449
262144,same_object,16,24,pinned,3,13,2,27620543,25721136
262144,same_object,16,24,pinned,3,13,3,21620393,19911527
262144,same_object,16,24,pinned,3,14,0,26707354,24182955
262144,same_object,16,24,pinned,3,14,1,20837932,19052802
262144,same_object,16,24,pinned,3,14,2,26580013,24206459
262144,same_object,16,24,pinned,3,14,3,21584035,19683837
262144,same_object,16,24,pinned,3,15,0,28096394,26035923
262144,same_object,16,24,pinned,3,15,1,20802645,19242502
262144,same_object,16,24,pinned,3,15,2,25240968,23257453
262144,same_object,16,24,pinned,3,15,3,23790371,20950986
262144,same_object,16,24,pinned,4,0,0,26855224,23198872
262144,same_object,16,24,pinned,4,0,1,23025073,21176793
262144,same_object,16,24,pinned,4,0,2,28360924,26701163
262144,same_object,16,24,pinned,4,0,3,21627527,20219270
262144,same_object,16,24,pinned,4,1,0,24053389,21935980
262144,same_object,16,24,pinned,4,1,1,24338499,22614055
262144,same_object,16,24,pinned,4,1,2,22903963,21253278
262144,same_object,16,24,pinned,4,1,3,26029020,24871038
262144,same_object,16,24,pinned,4,2,0,24778302,21621405
262144,same_object,16,24,pinned,4,2,1,21761661,20013250
262144,same_object,16,24,pinned,4,2,2,22882964,21205898
262144,same_object,16,24,pinned,4,2,3,26688718,25525696
262144,same_object,16,24,pinned,4,3,0,25953116,22685149
262144,same_object,16,24,pinned,4,3,1,22260905,20303410
262144,same_object,16,24,pinned,4,3,2,22780269,20991892
262144,same_object,16,24,pinned,4,3,3,26331272,24993900
262144,same_object,16,24,pinned,4,4,0,26895009,23260578
262144,same_object,16,24,pinned,4,4,1,23222897,20970983
262144,same_object,16,24,pinned,4,4,2,39797677,37922217
262144,same_object,16,24,pinned,4,4,3,10176236,8186138
262144,same_object,16,24,pinned,4,5,0,23947880,21894673
262144,same_object,16,24,pinned,4,5,1,24574035,22712030
262144,same_object,16,24,pinned,4,5,2,22745052,20653472
262144,same_object,16,24,pinned,4,5,3,26158325,24859685
262144,same_object,16,24,pinned,4,6,0,24012762,20552842
262144,same_object,16,24,pinned,4,6,1,25154694,22650764
262144,same_object,16,24,pinned,4,6,2,28971992,26862397
262144,same_object,16,24,pinned,4,6,3,22232181,19206032
262144,same_object,16,24,pinned,4,7,0,26942079,22787853
262144,same_object,16,24,pinned,4,7,1,22916687,20858360
262144,same_object,16,24,pinned,4,7,2,28487334,26867547
262144,same_object,16,24,pinned,4,7,3,20289844,19024418
262144,same_object,16,24,pinned,4,8,0,24000810,21945608
262144,same_object,16,24,pinned,4,8,1,22467406,20726090
262144,same_object,16,24,pinned,4,8,2,22980387,21312881
262144,same_object,16,24,pinned,4,8,3,28323775,26868640
262144,same_object,16,24,pinned,4,9,0,25926475,22541888
262144,same_object,16,24,pinned,4,9,1,23521843,21422038
262144,same_object,16,24,pinned,4,9,2,28832788,27216829
262144,same_object,16,24,pinned,4,9,3,21198775,19800988
262144,same_object,16,24,pinned,4,10,0,23965262,21791868
262144,same_object,16,24,pinned,4,10,1,24571640,22685379
262144,same_object,16,24,pinned,4,10,2,22548520,20825218
262144,same_object,16,24,pinned,4,10,3,26173724,24880405
262144,same_object,16,24,pinned,4,11,0,26006647,22664950
262144,same_object,16,24,pinned,4,11,1,23548153,21513070
262144,same_object,16,24,pinned,4,11,2,28639742,27005749
262144,same_object,16,24,pinned,4,11,3,20428286,18996295
262144,same_object,16,24,pinned,4,12,0,25694386,22388367
262144,same_object,16,24,pinned,4,12,1,22435286,20467701
262144,same_object,16,24,pinned,4,12,2,23920878,21477783
262144,same_object,16,24,pinned,4,12,3,26408348,25249664
262144,same_object,16,24,pinned,4,13,0,26759864,23416854
262144,same_object,16,24,pinned,4,13,1,22918270,21110478
262144,same_object,16,24,pinned,4,13,2,27117160,25212584
262144,same_object,16,24,pinned,4,13,3,21759036,20553904
262144,same_object,16,24,pinned,4,14,0,25693133,23783799
262144,same_object,16,24,pinned,4,14,1,22344554,20500743
262144,same_object,16,24,pinned,4,14,2,23060850,21164560
262144,same_object,16,24,pinned,4,14,3,26186798,24886046
262144,same_object,16,24,pinned,4,15,0,25886620,22500039
262144,same_object,16,24,pinned,4,15,1,23630508,21398423
262144,same_object,16,24,pinned,4,15,2,28677003,26741980
262144,same_object,16,24,pinned,4,15,3,20155470,18976147
262144,same_object,16,24,unsafe_unpinned_baseline,4,0,0,27868802,27322479
262144,same_object,16,24,unsafe_unpinned_baseline,4,0,1,23237946,22864208
262144,same_object,16,24,unsafe_unpinned_baseline,4,0,2,21101370,20553503
262144,same_object,16,24,unsafe_unpinned_baseline,4,0,3,15840410,15371151
262144,same_object,16,24,unsafe_unpinned_baseline,4,1,0,27688322,27089277
262144,same_object,16,24,unsafe_unpinned_baseline,4,1,1,19896078,19492384
262144,same_object,16,24,unsafe_unpinned_baseline,4,1,2,23061572,22412824
262144,same_object,16,24,unsafe_unpinned_baseline,4,1,3,17419229,16689538
262144,same_object,16,24,unsafe_unpinned_baseline,4,2,0,20410191,19985407
262144,same_object,16,24,unsafe_unpinned_baseline,4,2,1,14620260,14209713
262144,same_object,16,24,unsafe_unpinned_baseline,4,2,2,15941412,15566131
262144,same_object,16,24,unsafe_unpinned_baseline,4,2,3,22042593,21446664
262144,same_object,16,24,unsafe_unpinned_baseline,4,3,0,27596657,27005158
262144,same_object,16,24,unsafe_unpinned_baseline,4,3,1,19816808,19422752
262144,same_object,16,24,unsafe_unpinned_baseline,4,3,2,23229750,22527981
262144,same_object,16,24,unsafe_unpinned_baseline,4,3,3,17506634,16769569
262144,same_object,16,24,unsafe_unpinned_baseline,4,4,0,27693190,27225855
262144,same_object,16,24,unsafe_unpinned_baseline,4,4,1,19862244,19432441
262144,same_object,16,24,unsafe_unpinned_baseline,4,4,2,23105745,22297866
262144,same_object,16,24,unsafe_unpinned_baseline,4,4,3,18108764,17425841
262144,same_object,16,24,unsafe_unpinned_baseline,4,5,0,27865797,27348829
262144,same_object,16,24,unsafe_unpinned_baseline,4,5,1,19642579,19294750
262144,same_object,16,24,unsafe_unpinned_baseline,4,5,2,23200264,22642337
262144,same_object,16,24,unsafe_unpinned_baseline,4,5,3,17469575,16781211
262144,same_object,16,24,unsafe_unpinned_baseline,4,6,0,27697678,27261232
262144,same_object,16,24,unsafe_unpinned_baseline,4,6,1,19781141,19427361
262144,same_object,16,24,unsafe_unpinned_baseline,4,6,2,23339147,22734763
262144,same_object,16,24,unsafe_unpinned_baseline,4,6,3,17177943,16646225
262144,same_object,16,24,unsafe_unpinned_baseline,4,7,0,20368542,19967062
262144,same_object,16,24,unsafe_unpinned_baseline,4,7,1,14697156,14214802
262144,same_object,16,24,unsafe_unpinned_baseline,4,7,2,15834409,15343539
262144,same_object,16,24,unsafe_unpinned_baseline,4,7,3,25671383,25049325
262144,same_object,16,24,unsafe_unpinned_baseline,4,8,0,20399371,19959658
262144,same_object,16,24,unsafe_unpinned_baseline,4,8,1,14781866,14336964
262144,same_object,16,24,unsafe_unpinned_baseline,4,8,2,15869195,15452846
262144,same_object,16,24,unsafe_unpinned_baseline,4,8,3,24217710,23674712
262144,same_object,16,24,unsafe_unpinned_baseline,4,9,0,24295758,23880181
262144,same_object,16,24,unsafe_unpinned_baseline,4,9,1,18165231,17803376
262144,same_object,16,24,unsafe_unpinned_baseline,4,9,2,11678440,11218660
262144,same_object,16,24,unsafe_unpinned_baseline,4,9,3,17963880,17453684
262144,same_object,16,24,unsafe_unpinned_baseline,4,10,0,27778291,27329832
262144,same_object,16,24,unsafe_unpinned_baseline,4,10,1,23235370,22850451
262144,same_object,16,24,unsafe_unpinned_baseline,4,10,2,21991505,21433529
262144,same_object,16,24,unsafe_unpinned_baseline,4,10,3,16076467,15524842
262144,same_object,16,24,unsafe_unpinned_baseline,4,11,0,27804932,27280850
262144,same_object,16,24,unsafe_unpinned_baseline,4,11,1,23238376,22844150
262144,same_object,16,24,unsafe_unpinned_baseline,4,11,2,22164413,21593101
262144,same_object,16,24,unsafe_unpinned_baseline,4,11,3,16079854,15646393
262144,same_object,16,24,unsafe_unpinned_baseline,4,12,0,25485561,25059293
262144,same_object,16,24,unsafe_unpinned_baseline,4,12,1,22129948,21724019
262144,same_object,16,24,unsafe_unpinned_baseline,4,12,2,23051943,22547979
262144,same_object,16,24,unsafe_unpinned_baseline,4,12,3,17453163,16791220
262144,same_object,16,24,unsafe_unpinned_baseline,4,13,0,27790705,27264218
262144,same_object,16,24,unsafe_unpinned_baseline,4,13,1,23235782,22867935
262144,same_object,16,24,unsafe_unpinned_baseline,4,13,2,24745169,24199266
262144,same_object,16,24,unsafe_unpinned_baseline,4,13,3,12948916,12588694
262144,same_object,16,24,unsafe_unpinned_baseline,4,14,0,27826232,27291600
262144,same_object,16,24,unsafe_unpinned_baseline,4,14,1,23141243,22737388
262144,same_object,16,24,unsafe_unpinned_baseline,4,14,2,30204344,29603336
262144,same_object,16,24,unsafe_unpinned_baseline,4,14,3,7759481,7390772
262144,same_object,16,24,unsafe_unpinned_baseline,4,15,0,20382619,19961122
262144,same_object,16,24,unsafe_unpinned_baseline,4,15,1,14632884,14122648
262144,same_object,16,24,unsafe_unpinned_baseline,4,15,2,16025811,15497561
262144,same_object,16,24,unsafe_unpinned_baseline,4,15,3,21097823,20461549
262144,same_object,16,24,unsafe_unpinned_baseline,5,0,0,24148028,23617143
262144,same_object,16,24,unsafe_unpinned_baseline,5,0,1,18715313,18387773
262144,same_object,16,24,unsafe_unpinned_baseline,5,0,2,15724701,15329352
262144,same_object,16,24,unsafe_unpinned_baseline,5,0,3,6796558,6010589
262144,same_object,16,24,unsafe_unpinned_baseline,5,1,0,18549489,17918565
262144,same_object,16,24,unsafe_unpinned_baseline,5,1,1,16146710,14959652
262144,same_object,16,24,unsafe_unpinned_baseline,5,1,2,13019840,12672974
262144,same_object,16,24,unsafe_unpinned_baseline,5,1,3,14515481,14235842
262144,same_object,16,24,unsafe_unpinned_baseline,5,2,0,24131077,23459505
262144,same_object,16,24,unsafe_unpinned_baseline,5,2,1,18698010,18354550
262144,same_object,16,24,unsafe_unpinned_baseline,5,2,2,15764065,15382383
262144,same_object,16,24,unsafe_unpinned_baseline,5,2,3,6697380,6328612
262144,same_object,16,24,unsafe_unpinned_baseline,5,3,0,17365959,16916988
262144,same_object,16,24,unsafe_unpinned_baseline,5,3,1,14463442,14079616
262144,same_object,16,24,unsafe_unpinned_baseline,5,3,2,13103899,12770288
262144,same_object,16,24,unsafe_unpinned_baseline,5,3,3,16728361,16270745
262144,same_object,16,24,unsafe_unpinned_baseline,5,4,0,15776129,15326848
262144,same_object,16,24,unsafe_unpinned_baseline,5,4,1,10205361,9897188
262144,same_object,16,24,unsafe_unpinned_baseline,5,4,2,17825759,17415933
262144,same_object,16,24,unsafe_unpinned_baseline,5,4,3,15553988,15233621
262144,same_object,16,24,unsafe_unpinned_baseline,5,5,0,17369816,16923130
262144,same_object,16,24,unsafe_unpinned_baseline,5,5,1,14373152,14016336
262144,same_object,16,24,unsafe_unpinned_baseline,5,5,2,13015532,12690466
262144,same_object,16,24,unsafe_unpinned_baseline,5,5,3,17331463,16903793
262144,same_object,16,24,unsafe_unpinned_baseline,5,6,0,20730749,20295976
262144,same_object,16,24,unsafe_unpinned_baseline,5,6,1,22207194,21834398
262144,same_object,16,24,unsafe_unpinned_baseline,5,6,2,15592331,15246425
262144,same_object,16,24,unsafe_unpinned_baseline,5,6,3,6775368,6021220
262144,same_object,16,24,unsafe_unpinned_baseline,5,7,0,17401476,16972202
262144,same_object,16,24,unsafe_unpinned_baseline,5,7,1,14333648,14023510
262144,same_object,16,24,unsafe_unpinned_baseline,5,7,2,13156709,12833717
262144,same_object,16,24,unsafe_unpinned_baseline,5,7,3,14331032,13953157
262144,same_object,16,24,unsafe_unpinned_baseline,5,8,0,24122671,23493540
262144,same_object,16,24,unsafe_unpinned_baseline,5,8,1,20115454,19775700
262144,same_object,16,24,unsafe_unpinned_baseline,5,8,2,15082715,14286779
262144,same_object,16,24,unsafe_unpinned_baseline,5,8,3,6400258,6025829
262144,same_object,16,24,unsafe_unpinned_baseline,5,9,0,24157967,23656358
262144,same_object,16,24,unsafe_unpinned_baseline,5,9,1,19966221,19665642
262144,same_object,16,24,unsafe_unpinned_baseline,5,9,2,15287864,14945806
262144,same_object,16,24,unsafe_unpinned_baseline,5,9,3,6455231,6125347
262144,same_object,16,24,unsafe_unpinned_baseline,5,10,0,18421075,18023003
262144,same_object,16,24,unsafe_unpinned_baseline,5,10,1,16213295,15026639
262144,same_object,16,24,unsafe_unpinned_baseline,5,10,2,12972600,12600506
262144,same_object,16,24,unsafe_unpinned_baseline,5,10,3,11322196,11065660
262144,same_object,16,24,unsafe_unpinned_baseline,5,11,0,23976904,23257032
262144,same_object,16,24,unsafe_unpinned_baseline,5,11,1,20169937,19866052
262144,same_object,16,24,unsafe_unpinned_baseline,5,11,2,18041667,17697816
262144,same_object,16,24,unsafe_unpinned_baseline,5,11,3,3731445,3432579
262144,same_object,16,24,unsafe_unpinned_baseline,5,12,0,17323749,16952295
262144,same_object,16,24,unsafe_unpinned_baseline,5,12,1,14445008,14141223
262144,same_object,16,24,unsafe_unpinned_baseline,5,12,2,13079884,12736023
262144,same_object,16,24,unsafe_unpinned_baseline,5,12,3,15288585,14935847
262144,same_object,16,24,unsafe_unpinned_baseline,5,13,0,18447306,18044012
262144,same_object,16,24,unsafe_unpinned_baseline,5,13,1,16206853,15033412
262144,same_object,16,24,unsafe_unpinned_baseline,5,13,2,12773053,12235775
262144,same_object,16,24,unsafe_unpinned_baseline,5,13,3,13674810,13339886
262144,same_object,16,24,unsafe_unpinned_baseline,5,14,0,18405056,17998035
262144,same_object,16,24,unsafe_unpinned_baseline,5,14,1,16387045,16044076
262144,same_object,16,24,unsafe_unpinned_baseline,5,14,2,12139163,11647071
262144,same_object,16,24,unsafe_unpinned_baseline,5,14,3,12299957,11891564
262144,same_object,16,24,unsafe_unpinned_baseline,5,15,0,24074389,23578470
262144,same_object,16,24,unsafe_unpinned_baseline,5,15,1,18650831,18317740
262144,same_object,16,24,unsafe_unpinned_baseline,5,15,2,15791117,15377053
262144,same_object,16,24,unsafe_unpinned_baseline,5,15,3,6801056,6394466
262144,same_object,16,24,pinned,5,0,0,20616172,17056492
262144,same_object,16,24,pinned,5,0,1,18021269,15828868
262144,same_object,16,24,pinned,5,0,2,14449647,12257136
262144,same_object,16,24,pinned,5,0,3,14157945,12375080
262144,same_object,16,24,pinned,5,1,0,21778272,18910242
262144,same_object,16,24,pinned,5,1,1,16899796,14624778
262144,same_object,16,24,pinned,5,1,2,16280263,14246262
262144,same_object,16,24,pinned,5,1,3,13920134,11991153
262144,same_object,16,24,pinned,5,2,0,21749537,18822375
262144,same_object,16,24,pinned,5,2,1,16910737,15118142
262144,same_object,16,24,pinned,5,2,2,19696411,17357061
262144,same_object,16,24,pinned,5,2,3,10149977,8507256
262144,same_object,16,24,pinned,5,3,0,21662031,18340113
262144,same_object,16,24,pinned,5,3,1,17581857,15162927
262144,same_object,16,24,pinned,5,3,2,13940293,12321097
262144,same_object,16,24,pinned,5,3,3,14055050,12538328
262144,same_object,16,24,pinned,5,4,0,19863426,17057654
262144,same_object,16,24,pinned,5,4,1,18280559,15850058
262144,same_object,16,24,pinned,5,4,2,14426423,12278607
262144,same_object,16,24,pinned,5,4,3,15158590,13234877
262144,same_object,16,24,pinned,5,5,0,18091301,15495507
262144,same_object,16,24,pinned,5,5,1,19618293,16430939
262144,same_object,16,24,pinned,5,5,2,13666474,11455208
262144,same_object,16,24,pinned,5,5,3,14656118,13307304
262144,same_object,16,24,pinned,5,6,0,21475439,18642475
262144,same_object,16,24,pinned,5,6,1,17181920,15042570
262144,same_object,16,24,pinned,5,6,2,19128937,16948719
262144,same_object,16,24,pinned,5,6,3,10607422,8938272
262144,same_object,16,24,pinned,5,7,0,21046266,17971024
262144,same_object,16,24,pinned,5,7,1,18170681,15464949
262144,same_object,16,24,pinned,5,7,2,15788793,14222267
262144,same_object,16,24,pinned,5,7,3,13148173,11242655
262144,same_object,16,24,pinned,5,8,0,20938692,17920257
262144,same_object,16,24,pinned,5,8,1,17670985,15418431
262144,same_object,16,24,pinned,5,8,2,14524549,12161174
262144,same_object,16,24,pinned,5,8,3,14530370,12511828
262144,same_object,16,24,pinned,5,9,0,19671754,17113290
262144,same_object,16,24,pinned,5,9,1,18521757,15907608
262144,same_object,16,24,pinned,5,9,2,14164878,11570236
262144,same_object,16,24,pinned,5,9,3,14802645,12865027
262144,same_object,16,24,pinned,5,10,0,21501708,18397711
262144,same_object,16,24,pinned,5,10,1,17756879,15058019
262144,same_object,16,24,pinned,5,10,2,15312250,13155668
262144,same_object,16,24,pinned,5,10,3,13839011,12130135
262144,same_object,16,24,pinned,5,11,0,19257519,16689778
262144,same_object,16,24,pinned,5,11,1,18790505,16705408
262144,same_object,16,24,pinned,5,11,2,16244566,13642259
262144,same_object,16,24,pinned,5,11,3,13882073,12026910
262144,same_object,16,24,pinned,5,12,0,20932631,17926108
262144,same_object,16,24,pinned,5,12,1,16945202,15101561
262144,same_object,16,24,pinned,5,12,2,14704981,12228100
262144,same_object,16,24,pinned,5,12,3,14663352,12893952
262144,same_object,16,24,pinned,5,13,0,20728444,17002661
262144,same_object,16,24,pinned,5,13,1,18296701,15408562
262144,same_object,16,24,pinned,5,13,2,15895704,14182872
262144,same_object,16,24,pinned,5,13,3,13900968,11921781
262144,same_object,16,24,pinned,5,14,0,20699379,18022941
262144,same_object,16,24,pinned,5,14,1,17309392,14981514
262144,same_object,16,24,pinned,5,14,2,13460444,11256311
262144,same_object,16,24,pinned,5,14,3,14636891,13014850
262144,same_object,16,24,pinned,5,15,0,20688839,18060282
262144,same_object,16,24,pinned,5,15,1,18310597,15600797
262144,same_object,16,24,pinned,5,15,2,16175575,14384434
262144,same_object,16,24,pinned,5,15,3,13700649,12015087
