payload_bytes,sharing,concurrency,pool,path,sample,worker,read,elapsed_nanos,provider_nanos
4096,disjoint,1,24,pinned,-2,0,0,51147533,32044263
4096,disjoint,1,24,pinned,-2,0,1,11129022,4782445
4096,disjoint,1,24,pinned,-2,0,2,6466784,2554016
4096,disjoint,1,24,pinned,-2,0,3,6155795,2292882
4096,disjoint,1,24,unsafe_unpinned_baseline,-2,0,0,4716641,3100080
4096,disjoint,1,24,unsafe_unpinned_baseline,-2,0,1,2701965,1994657
4096,disjoint,1,24,unsafe_unpinned_baseline,-2,0,2,4038396,3103115
4096,disjoint,1,24,unsafe_unpinned_baseline,-2,0,3,2748775,2072384
4096,disjoint,1,24,unsafe_unpinned_baseline,-1,0,0,2576398,1984777
4096,disjoint,1,24,unsafe_unpinned_baseline,-1,0,1,2513940,1964489
4096,disjoint,1,24,unsafe_unpinned_baseline,-1,0,2,2624981,2167094
4096,disjoint,1,24,unsafe_unpinned_baseline,-1,0,3,2410003,1955292
4096,disjoint,1,24,pinned,-1,0,0,5776768,1899086
4096,disjoint,1,24,pinned,-1,0,1,5547163,2151544
4096,disjoint,1,24,pinned,-1,0,2,8046675,2204655
4096,disjoint,1,24,pinned,-1,0,3,6220358,2503611
4096,disjoint,1,24,pinned,0,0,0,5564195,1793336
4096,disjoint,1,24,pinned,0,0,1,10902292,3830613
4096,disjoint,1,24,pinned,0,0,2,8278565,3862643
4096,disjoint,1,24,pinned,0,0,3,4470945,2242596
4096,disjoint,1,24,unsafe_unpinned_baseline,0,0,0,2596286,2161472
4096,disjoint,1,24,unsafe_unpinned_baseline,0,0,1,2135874,1738903
4096,disjoint,1,24,unsafe_unpinned_baseline,0,0,2,1998584,1625618
4096,disjoint,1,24,unsafe_unpinned_baseline,0,0,3,2320504,1862406
4096,disjoint,1,24,unsafe_unpinned_baseline,1,0,0,2791535,2353145
4096,disjoint,1,24,unsafe_unpinned_baseline,1,0,1,2261722,1901060
4096,disjoint,1,24,unsafe_unpinned_baseline,1,0,2,2253076,1827510
4096,disjoint,1,24,unsafe_unpinned_baseline,1,0,3,2080960,1676755
4096,disjoint,1,24,pinned,1,0,0,6919531,1790921
4096,disjoint,1,24,pinned,1,0,1,9011863,3120278
4096,disjoint,1,24,pinned,1,0,2,7194962,2715702
4096,disjoint,1,24,pinned,1,0,3,4608877,2141886
4096,disjoint,1,24,pinned,2,0,0,8484996,2202951
4096,disjoint,1,24,pinned,2,0,1,6224405,1963387
4096,disjoint,1,24,pinned,2,0,2,4180215,1981702
4096,disjoint,1,24,pinned,2,0,3,4484632,1868989
4096,disjoint,1,24,unsafe_unpinned_baseline,2,0,0,2099064,1788116
4096,disjoint,1,24,unsafe_unpinned_baseline,2,0,1,1977674,1597384
4096,disjoint,1,24,unsafe_unpinned_baseline,2,0,2,1885029,1529125
4096,disjoint,1,24,unsafe_unpinned_baseline,2,0,3,2054680,1687946
4096,disjoint,1,24,unsafe_unpinned_baseline,3,0,0,2598330,2191009
4096,disjoint,1,24,unsafe_unpinned_baseline,3,0,1,2072645,1711821
4096,disjoint,1,24,unsafe_unpinned_baseline,3,0,2,3174350,2395686
4096,disjoint,1,24,unsafe_unpinned_baseline,3,0,3,2586557,1976642
4096,disjoint,1,24,pinned,3,0,0,5555007,2228409
4096,disjoint,1,24,pinned,3,0,1,3481933,1537552
4096,disjoint,1,24,pinned,3,0,2,6319706,1897643
4096,disjoint,1,24,pinned,3,0,3,5769083,1916448
4096,disjoint,1,24,pinned,4,0,0,6171234,1824084
4096,disjoint,1,24,pinned,4,0,1,5763903,1807082
4096,disjoint,1,24,pinned,4,0,2,5552112,1602474
4096,disjoint,1,24,pinned,4,0,3,4320580,1754753
4096,disjoint,1,24,unsafe_unpinned_baseline,4,0,0,2196208,1908815
4096,disjoint,1,24,unsafe_unpinned_baseline,4,0,1,1981201,1664992
4096,disjoint,1,24,unsafe_unpinned_baseline,4,0,2,2479184,2146985
4096,disjoint,1,24,unsafe_unpinned_baseline,4,0,3,2399393,1986441
4096,disjoint,1,24,unsafe_unpinned_baseline,5,0,0,2752953,2389715
4096,disjoint,1,24,unsafe_unpinned_baseline,5,0,1,1973717,1611131
4096,disjoint,1,24,unsafe_unpinned_baseline,5,0,2,1625497,1353673
4096,disjoint,1,24,unsafe_unpinned_baseline,5,0,3,2877659,2549347
4096,disjoint,1,24,pinned,5,0,0,6677203,1563300
4096,disjoint,1,24,pinned,5,0,1,3623290,1576626
4096,disjoint,1,24,pinned,5,0,2,3340866,1390513
4096,disjoint,1,24,pinned,5,0,3,6680418,2170189
4096,disjoint,4,24,pinned,-2,0,0,10511192,4913773
4096,disjoint,4,24,pinned,-2,0,1,13786183,9391342
4096,disjoint,4,24,pinned,-2,0,2,9016672,4803474
4096,disjoint,4,24,pinned,-2,0,3,12004058,6092726
4096,disjoint,4,24,pinned,-2,1,0,20397190,6825123
4096,disjoint,4,24,pinned,-2,1,1,11982327,5582700
4096,disjoint,4,24,pinned,-2,1,2,10733303,4252802
4096,disjoint,4,24,pinned,-2,1,3,8272984,3623621
4096,disjoint,4,24,pinned,-2,2,0,26918517,7711992
4096,disjoint,4,24,pinned,-2,2,1,12749741,7004563
4096,disjoint,4,24,pinned,-2,2,2,12259652,5329951
4096,disjoint,4,24,pinned,-2,2,3,11683501,6653908
4096,disjoint,4,24,pinned,-2,3,0,26486529,7366788
4096,disjoint,4,24,pinned,-2,3,1,13705760,6751052
4096,disjoint,4,24,pinned,-2,3,2,11632945,4374974
4096,disjoint,4,24,pinned,-2,3,3,11713028,6666933
4096,disjoint,4,24,unsafe_unpinned_baseline,-2,0,0,6421659,5229631
4096,disjoint,4,24,unsafe_unpinned_baseline,-2,0,1,5004124,3457857
4096,disjoint,4,24,unsafe_unpinned_baseline,-2,0,2,7366758,6399417
4096,disjoint,4,24,unsafe_unpinned_baseline,-2,0,3,5586648,4712743
4096,disjoint,4,24,unsafe_unpinned_baseline,-2,1,0,9799544,8684293
4096,disjoint,4,24,unsafe_unpinned_baseline,-2,1,1,8391879,7344596
4096,disjoint,4,24,unsafe_unpinned_baseline,-2,1,2,3702170,3033073
4096,disjoint,4,24,unsafe_unpinned_baseline,-2,1,3,6914001,4033777
4096,disjoint,4,24,unsafe_unpinned_baseline,-2,2,0,9789646,8680816
4096,disjoint,4,24,unsafe_unpinned_baseline,-2,2,1,7450888,6403484
4096,disjoint,4,24,unsafe_unpinned_baseline,-2,2,2,3043282,2369617
4096,disjoint,4,24,unsafe_unpinned_baseline,-2,2,3,5485647,4539184
4096,disjoint,4,24,unsafe_unpinned_baseline,-2,3,0,8308632,7455938
4096,disjoint,4,24,unsafe_unpinned_baseline,-2,3,1,5286550,4318096
4096,disjoint,4,24,unsafe_unpinned_baseline,-2,3,2,5057996,4528765
4096,disjoint,4,24,unsafe_unpinned_baseline,-2,3,3,5083616,4083873
4096,disjoint,4,24,unsafe_unpinned_baseline,-1,0,0,11952250,10910648
4096,disjoint,4,24,unsafe_unpinned_baseline,-1,0,1,5059089,4440237
4096,disjoint,4,24,unsafe_unpinned_baseline,-1,0,2,5523889,4607955
4096,disjoint,4,24,unsafe_unpinned_baseline,-1,0,3,7315021,6875328
4096,disjoint,4,24,unsafe_unpinned_baseline,-1,1,0,10748682,9781039
4096,disjoint,4,24,unsafe_unpinned_baseline,-1,1,1,5026918,4222204
4096,disjoint,4,24,unsafe_unpinned_baseline,-1,1,2,5080149,4667037
4096,disjoint,4,24,unsafe_unpinned_baseline,-1,1,3,7836087,7471717
4096,disjoint,4,24,unsafe_unpinned_baseline,-1,2,0,12916216,9777223
4096,disjoint,4,24,unsafe_unpinned_baseline,-1,2,1,5046945,4194732
4096,disjoint,4,24,unsafe_unpinned_baseline,-1,2,2,4245218,3917337
4096,disjoint,4,24,unsafe_unpinned_baseline,-1,2,3,8231796,7749272
4096,disjoint,4,24,unsafe_unpinned_baseline,-1,3,0,10730597,9722810
4096,disjoint,4,24,unsafe_unpinned_baseline,-1,3,1,6238622,4959541
4096,disjoint,4,24,unsafe_unpinned_baseline,-1,3,2,4886943,4213257
4096,disjoint,4,24,unsafe_unpinned_baseline,-1,3,3,6821916,6388496
4096,disjoint,4,24,pinned,-1,0,0,11279527,6889644
4096,disjoint,4,24,pinned,-1,0,1,12535475,7364003
4096,disjoint,4,24,pinned,-1,0,2,13635838,8523999
4096,disjoint,4,24,pinned,-1,0,3,11950397,7015694
4096,disjoint,4,24,pinned,-1,1,0,13046081,6149905
4096,disjoint,4,24,pinned,-1,1,1,12790236,7921618
4096,disjoint,4,24,pinned,-1,1,2,11251894,6325357
4096,disjoint,4,24,pinned,-1,1,3,12408844,7582336
4096,disjoint,4,24,pinned,-1,2,0,11618969,6963895
4096,disjoint,4,24,pinned,-1,2,1,16327344,9836825
4096,disjoint,4,24,pinned,-1,2,2,10402897,5935769
4096,disjoint,4,24,pinned,-1,2,3,11102782,6284810
4096,disjoint,4,24,pinned,-1,3,0,11661890,6638369
4096,disjoint,4,24,pinned,-1,3,1,10773097,5903278
4096,disjoint,4,24,pinned,-1,3,2,14644789,9068350
4096,disjoint,4,24,pinned,-1,3,3,12758968,7430338
4096,disjoint,4,24,pinned,0,0,0,11398562,6888423
4096,disjoint,4,24,pinned,0,0,1,9208295,6514364
4096,disjoint,4,24,pinned,0,0,2,8578903,4859260
4096,disjoint,4,24,pinned,0,0,3,5715231,3693613
4096,disjoint,4,24,pinned,0,1,0,12665270,8194526
4096,disjoint,4,24,pinned,0,1,1,10167080,4411032
4096,disjoint,4,24,pinned,0,1,2,7550806,4613725
4096,disjoint,4,24,pinned,0,1,3,5053368,3103005
4096,disjoint,4,24,pinned,0,2,0,10435369,6174551
4096,disjoint,4,24,pinned,0,2,1,5419060,2066993
4096,disjoint,4,24,pinned,0,2,2,7451599,3892390
4096,disjoint,4,24,pinned,0,2,3,7072210,4815908
4096,disjoint,4,24,pinned,0,3,0,10900309,5852651
4096,disjoint,4,24,pinned,0,3,1,9418062,6475641
4096,disjoint,4,24,pinned,0,3,2,9332831,6854438
4096,disjoint,4,24,pinned,0,3,3,6085882,3862082
4096,disjoint,4,24,unsafe_unpinned_baseline,0,0,0,3299978,2477150
4096,disjoint,4,24,unsafe_unpinned_baseline,0,0,1,5233118,4829334
4096,disjoint,4,24,unsafe_unpinned_baseline,0,0,2,5611975,4591914
4096,disjoint,4,24,unsafe_unpinned_baseline,0,0,3,4541669,3895796
4096,disjoint,4,24,unsafe_unpinned_baseline,0,1,0,4556096,3932486
4096,disjoint,4,24,unsafe_unpinned_baseline,0,1,1,4069215,3504876
4096,disjoint,4,24,unsafe_unpinned_baseline,0,1,2,5892116,4937980
4096,disjoint,4,24,unsafe_unpinned_baseline,0,1,3,4488368,4126403
4096,disjoint,4,24,unsafe_unpinned_baseline,0,2,0,2978550,2573583
4096,disjoint,4,24,unsafe_unpinned_baseline,0,2,1,5664415,4920567
4096,disjoint,4,24,unsafe_unpinned_baseline,0,2,2,5446322,4531490
4096,disjoint,4,24,unsafe_unpinned_baseline,0,2,3,4549764,3833969
4096,disjoint,4,24,unsafe_unpinned_baseline,0,3,0,8345792,7899246
4096,disjoint,4,24,unsafe_unpinned_baseline,0,3,1,6180983,5309232
4096,disjoint,4,24,unsafe_unpinned_baseline,0,3,2,4420260,4001997
4096,disjoint,4,24,unsafe_unpinned_baseline,0,3,3,2379255,1836087
4096,disjoint,4,24,unsafe_unpinned_baseline,1,0,0,8195618,7571215
4096,disjoint,4,24,unsafe_unpinned_baseline,1,0,1,2827805,2131706
4096,disjoint,4,24,unsafe_unpinned_baseline,1,0,2,5873300,5192220
4096,disjoint,4,24,unsafe_unpinned_baseline,1,0,3,5175088,4504038
4096,disjoint,4,24,unsafe_unpinned_baseline,1,1,0,3517550,3109658
4096,disjoint,4,24,unsafe_unpinned_baseline,1,1,1,4681143,4216464
4096,disjoint,4,24,unsafe_unpinned_baseline,1,1,2,4693777,4044729
4096,disjoint,4,24,unsafe_unpinned_baseline,1,1,3,4907542,4336971
4096,disjoint,4,24,unsafe_unpinned_baseline,1,2,0,7027275,6466093
4096,disjoint,4,24,unsafe_unpinned_baseline,1,2,1,5157004,4446820
4096,disjoint,4,24,unsafe_unpinned_baseline,1,2,2,4175155,3677282
4096,disjoint,4,24,unsafe_unpinned_baseline,1,2,3,5721854,4995769
4096,disjoint,4,24,unsafe_unpinned_baseline,1,3,0,6691710,6193837
4096,disjoint,4,24,unsafe_unpinned_baseline,1,3,1,3516458,2792307
4096,disjoint,4,24,unsafe_unpinned_baseline,1,3,2,3626726,2890383
4096,disjoint,4,24,unsafe_unpinned_baseline,1,3,3,4004392,3428882
4096,disjoint,4,24,pinned,1,0,0,10061460,5164749
4096,disjoint,4,24,pinned,1,0,1,8551081,6015660
4096,disjoint,4,24,pinned,1,0,2,8885975,5587179
4096,disjoint,4,24,pinned,1,0,3,4830316,2908026
4096,disjoint,4,24,pinned,1,1,0,11544488,7658872
4096,disjoint,4,24,pinned,1,1,1,7682395,4513626
4096,disjoint,4,24,pinned,1,1,2,8298703,5500745
4096,disjoint,4,24,pinned,1,1,3,7091657,5085208
4096,disjoint,4,24,pinned,1,2,0,10091146,6299337
4096,disjoint,4,24,pinned,1,2,1,9106763,6108325
4096,disjoint,4,24,pinned,1,2,2,8453736,5037167
4096,disjoint,4,24,pinned,1,2,3,7620148,4981282
4096,disjoint,4,24,pinned,1,3,0,10097639,5821533
4096,disjoint,4,24,pinned,1,3,1,7468501,4562809
4096,disjoint,4,24,pinned,1,3,2,6030899,2546862
4096,disjoint,4,24,pinned,1,3,3,7847529,4001747
4096,disjoint,4,24,pinned,2,0,0,8945668,5030214
4096,disjoint,4,24,pinned,2,0,1,6935692,3582152
4096,disjoint,4,24,pinned,2,0,2,3168279,1536319
4096,disjoint,4,24,pinned,2,0,3,6112363,4313267
4096,disjoint,4,24,pinned,2,1,0,8886044,5392581
4096,disjoint,4,24,pinned,2,1,1,5358796,3258990
4096,disjoint,4,24,pinned,2,1,2,3629532,1432743
4096,disjoint,4,24,pinned,2,1,3,5070590,3161546
4096,disjoint,4,24,pinned,2,2,0,9617309,5411075
4096,disjoint,4,24,pinned,2,2,1,6797050,4614387
4096,disjoint,4,24,pinned,2,2,2,3983342,1870080
4096,disjoint,4,24,pinned,2,2,3,5626102,3837245
4096,disjoint,4,24,pinned,2,3,0,9259732,5860226
4096,disjoint,4,24,pinned,2,3,1,7219840,5101049
4096,disjoint,4,24,pinned,2,3,2,4765463,2961627
4096,disjoint,4,24,pinned,2,3,3,5173325,3127051
4096,disjoint,4,24,unsafe_unpinned_baseline,2,0,0,5873901,4509448
4096,disjoint,4,24,unsafe_unpinned_baseline,2,0,1,7026755,6462025
4096,disjoint,4,24,unsafe_unpinned_baseline,2,0,2,4460897,4161238
4096,disjoint,4,24,unsafe_unpinned_baseline,2,0,3,2234441,1950643
4096,disjoint,4,24,unsafe_unpinned_baseline,2,1,0,7221383,5859264
4096,disjoint,4,24,unsafe_unpinned_baseline,2,1,1,4812201,4444295
4096,disjoint,4,24,unsafe_unpinned_baseline,2,1,2,3914301,3648097
4096,disjoint,4,24,unsafe_unpinned_baseline,2,1,3,3416839,3060385
4096,disjoint,4,24,unsafe_unpinned_baseline,2,2,0,10325310,7795900
4096,disjoint,4,24,unsafe_unpinned_baseline,2,2,1,2452834,2136545
4096,disjoint,4,24,unsafe_unpinned_baseline,2,2,2,4326211,4029249
4096,disjoint,4,24,unsafe_unpinned_baseline,2,2,3,4159505,3825703
4096,disjoint,4,24,unsafe_unpinned_baseline,2,3,0,8659726,7334066
4096,disjoint,4,24,unsafe_unpinned_baseline,2,3,1,3033764,2641592
4096,disjoint,4,24,unsafe_unpinned_baseline,2,3,2,6577083,6250344
4096,disjoint,4,24,unsafe_unpinned_baseline,2,3,3,3051818,2745688
4096,disjoint,4,24,unsafe_unpinned_baseline,3,0,0,4993044,4643943
4096,disjoint,4,24,unsafe_unpinned_baseline,3,0,1,4598277,4249877
4096,disjoint,4,24,unsafe_unpinned_baseline,3,0,2,2783160,2470648
4096,disjoint,4,24,unsafe_unpinned_baseline,3,0,3,3513352,3212853
4096,disjoint,4,24,unsafe_unpinned_baseline,3,1,0,5200446,4905769
4096,disjoint,4,24,unsafe_unpinned_baseline,3,1,1,5611676,5313361
4096,disjoint,4,24,unsafe_unpinned_baseline,3,1,2,2556410,2282301
4096,disjoint,4,24,unsafe_unpinned_baseline,3,1,3,3667614,3362507
4096,disjoint,4,24,unsafe_unpinned_baseline,3,2,0,5062525,4805599
4096,disjoint,4,24,unsafe_unpinned_baseline,3,2,1,5385908,5070039
4096,disjoint,4,24,unsafe_unpinned_baseline,3,2,2,2084627,1796561
4096,disjoint,4,24,unsafe_unpinned_baseline,3,2,3,4023438,3710916
4096,disjoint,4,24,unsafe_unpinned_baseline,3,3,0,5368806,5027740
4096,disjoint,4,24,unsafe_unpinned_baseline,3,3,1,6298095,6031129
4096,disjoint,4,24,unsafe_unpinned_baseline,3,3,2,2301167,2019975
4096,disjoint,4,24,unsafe_unpinned_baseline,3,3,3,3063650,2778181
4096,disjoint,4,24,pinned,3,0,0,6549782,3974335
4096,disjoint,4,24,pinned,3,0,1,8833856,6606468
4096,disjoint,4,24,pinned,3,0,2,8133129,6127531
4096,disjoint,4,24,pinned,3,0,3,10474352,6980738
4096,disjoint,4,24,pinned,3,1,0,7558581,4787625
4096,disjoint,4,24,pinned,3,1,1,7503767,4447741
4096,disjoint,4,24,pinned,3,1,2,8385066,4417364
4096,disjoint,4,24,pinned,3,1,3,10287058,6118625
4096,disjoint,4,24,pinned,3,2,0,5493892,3083197
4096,disjoint,4,24,pinned,3,2,1,4860813,2538707
4096,disjoint,4,24,pinned,3,2,2,5466600,3880688
4096,disjoint,4,24,pinned,3,2,3,9210409,5288333
4096,disjoint,4,24,pinned,3,3,0,7067040,4415751
4096,disjoint,4,24,pinned,3,3,1,7204681,3917607
4096,disjoint,4,24,pinned,3,3,2,9059042,6558378
4096,disjoint,4,24,pinned,3,3,3,10711210,7414689
4096,disjoint,4,24,pinned,4,0,0,10382529,6504105
4096,disjoint,4,24,pinned,4,0,1,8597568,6154543
4096,disjoint,4,24,pinned,4,0,2,7768208,4168342
4096,disjoint,4,24,pinned,4,0,3,8351553,5087122
4096,disjoint,4,24,pinned,4,1,0,10102899,6480621
4096,disjoint,4,24,pinned,4,1,1,8040193,5636662
4096,disjoint,4,24,pinned,4,1,2,6133904,2939906
4096,disjoint,4,24,pinned,4,1,3,5113362,2357964
4096,disjoint,4,24,pinned,4,2,0,10157442,6461555
4096,disjoint,4,24,pinned,4,2,1,7442692,4827831
4096,disjoint,4,24,pinned,4,2,2,5211277,2758833
4096,disjoint,4,24,pinned,4,2,3,6219787,2564245
4096,disjoint,4,24,pinned,4,3,0,10513596,6481532
4096,disjoint,4,24,pinned,4,3,1,8842082,6177296
4096,disjoint,4,24,pinned,4,3,2,8282362,4886092
4096,disjoint,4,24,pinned,4,3,3,6528370,3899604
4096,disjoint,4,24,unsafe_unpinned_baseline,4,0,0,6261685,5694151
4096,disjoint,4,24,unsafe_unpinned_baseline,4,0,1,4216273,3786389
4096,disjoint,4,24,unsafe_unpinned_baseline,4,0,2,2638416,1780160
4096,disjoint,4,24,unsafe_unpinned_baseline,4,0,3,3876400,3500718
4096,disjoint,4,24,unsafe_unpinned_baseline,4,1,0,5876246,5342234
4096,disjoint,4,24,unsafe_unpinned_baseline,4,1,1,5285127,4722331
4096,disjoint,4,24,unsafe_unpinned_baseline,4,1,2,4362630,3574328
4096,disjoint,4,24,unsafe_unpinned_baseline,4,1,3,4057633,3537007
4096,disjoint,4,24,unsafe_unpinned_baseline,4,2,0,7314108,6752285
4096,disjoint,4,24,unsafe_unpinned_baseline,4,2,1,3880697,3166225
4096,disjoint,4,24,unsafe_unpinned_baseline,4,2,2,5179086,4358502
4096,disjoint,4,24,unsafe_unpinned_baseline,4,2,3,2985383,2516735
4096,disjoint,4,24,unsafe_unpinned_baseline,4,3,0,5092662,4575133
4096,disjoint,4,24,unsafe_unpinned_baseline,4,3,1,4530779,3863274
4096,disjoint,4,24,unsafe_unpinned_baseline,4,3,2,2554858,1805799
4096,disjoint,4,24,unsafe_unpinned_baseline,4,3,3,4557389,3946162
4096,disjoint,4,24,unsafe_unpinned_baseline,5,0,0,6622138,5766819
4096,disjoint,4,24,unsafe_unpinned_baseline,5,0,1,6945801,5694822
4096,disjoint,4,24,unsafe_unpinned_baseline,5,0,2,3628180,2914999
4096,disjoint,4,24,unsafe_unpinned_baseline,5,0,3,2375177,1891301
4096,disjoint,4,24,unsafe_unpinned_baseline,5,1,0,6143522,5440922
4096,disjoint,4,24,unsafe_unpinned_baseline,5,1,1,2298622,1922730
4096,disjoint,4,24,unsafe_unpinned_baseline,5,1,2,4091376,3805075
4096,disjoint,4,24,unsafe_unpinned_baseline,5,1,3,4824986,4479391
4096,disjoint,4,24,unsafe_unpinned_baseline,5,2,0,7437713,6700477
4096,disjoint,4,24,unsafe_unpinned_baseline,5,2,1,4840234,4461919
4096,disjoint,4,24,unsafe_unpinned_baseline,5,2,2,5118612,4432031
4096,disjoint,4,24,unsafe_unpinned_baseline,5,2,3,2938714,2270780
4096,disjoint,4,24,unsafe_unpinned_baseline,5,3,0,7375043,6660641
4096,disjoint,4,24,unsafe_unpinned_baseline,5,3,1,1897713,1403949
4096,disjoint,4,24,unsafe_unpinned_baseline,5,3,2,3654259,3415547
4096,disjoint,4,24,unsafe_unpinned_baseline,5,3,3,4298188,4039729
4096,disjoint,4,24,pinned,5,0,0,8224292,4896441
4096,disjoint,4,24,pinned,5,0,1,7508216,3557415
4096,disjoint,4,24,pinned,5,0,2,6907158,4337152
4096,disjoint,4,24,pinned,5,0,3,6854448,4328245
4096,disjoint,4,24,pinned,5,1,0,7536780,4222184
4096,disjoint,4,24,pinned,5,1,1,9510888,6075222
4096,disjoint,4,24,pinned,5,1,2,6338562,3705486
4096,disjoint,4,24,pinned,5,1,3,3600948,1689338
4096,disjoint,4,24,pinned,5,2,0,8052257,4668279
4096,disjoint,4,24,pinned,5,2,1,9014368,6356576
4096,disjoint,4,24,pinned,5,2,2,7072010,4237113
4096,disjoint,4,24,pinned,5,2,3,5400876,3639000
4096,disjoint,4,24,pinned,5,3,0,8429560,5240944
4096,disjoint,4,24,pinned,5,3,1,8617857,5997786
4096,disjoint,4,24,pinned,5,3,2,6667745,3951581
4096,disjoint,4,24,pinned,5,3,3,6036559,4000715
4096,disjoint,16,24,pinned,-2,0,0,40342364,20497059
4096,disjoint,16,24,pinned,-2,0,1,26513882,21139876
4096,disjoint,16,24,pinned,-2,0,2,22522464,15677023
4096,disjoint,16,24,pinned,-2,0,3,9975167,6240757
4096,disjoint,16,24,pinned,-2,1,0,39369552,21258420
4096,disjoint,16,24,pinned,-2,1,1,12262938,6966851
4096,disjoint,16,24,pinned,-2,1,2,16643292,9673927
4096,disjoint,16,24,pinned,-2,1,3,18317161,13415090
4096,disjoint,16,24,pinned,-2,2,0,13537883,8734217
4096,disjoint,16,24,pinned,-2,2,1,12005281,6969887
4096,disjoint,16,24,pinned,-2,2,2,15536838,12782772
4096,disjoint,16,24,pinned,-2,2,3,10648051,6535064
4096,disjoint,16,24,pinned,-2,3,0,14765497,9467676
4096,disjoint,16,24,pinned,-2,3,1,24740523,19901923
4096,disjoint,16,24,pinned,-2,3,2,23575357,20058348
4096,disjoint,16,24,pinned,-2,3,3,8389324,4149316
4096,disjoint,16,24,pinned,-2,4,0,40995781,19614638
4096,disjoint,16,24,pinned,-2,4,1,26116028,21580560
4096,disjoint,16,24,pinned,-2,4,2,21188358,15163511
4096,disjoint,16,24,pinned,-2,4,3,10857237,6426689
4096,disjoint,16,24,pinned,-2,5,0,42002307,20263517
4096,disjoint,16,24,pinned,-2,5,1,25118279,19332604
4096,disjoint,16,24,pinned,-2,5,2,21401512,14972479
4096,disjoint,16,24,pinned,-2,5,3,10813454,7314309
4096,disjoint,16,24,pinned,-2,6,0,12797170,8935068
4096,disjoint,16,24,pinned,-2,6,1,27060266,22830306
4096,disjoint,16,24,pinned,-2,6,2,23240222,18476824
4096,disjoint,16,24,pinned,-2,6,3,10450116,6786429
4096,disjoint,16,24,pinned,-2,7,0,41624351,20701536
4096,disjoint,16,24,pinned,-2,7,1,25465907,20242677
4096,disjoint,16,24,pinned,-2,7,2,21419495,15180914
4096,disjoint,16,24,pinned,-2,7,3,10324248,6443370
4096,disjoint,16,24,pinned,-2,8,0,26876137,6639471
4096,disjoint,16,24,pinned,-2,8,1,13220372,10061931
4096,disjoint,16,24,pinned,-2,8,2,12841534,6537258
4096,disjoint,16,24,pinned,-2,8,3,14144281,9241298
4096,disjoint,16,24,pinned,-2,9,0,12288788,7159796
4096,disjoint,16,24,pinned,-2,9,1,13390673,8492860
4096,disjoint,16,24,pinned,-2,9,2,16987945,13784941
4096,disjoint,16,24,pinned,-2,9,3,24058021,19280916
4096,disjoint,16,24,pinned,-2,10,0,40698608,19536140
4096,disjoint,16,24,pinned,-2,10,1,25990070,20883220
4096,disjoint,16,24,pinned,-2,10,2,10726019,4642800
4096,disjoint,16,24,pinned,-2,10,3,10200353,5716563
4096,disjoint,16,24,pinned,-2,11,0,36173070,18652116
4096,disjoint,16,24,pinned,-2,11,1,7553211,4385884
4096,disjoint,16,24,pinned,-2,11,2,24562867,18497563
4096,disjoint,16,24,pinned,-2,11,3,10030111,5251053
4096,disjoint,16,24,pinned,-2,12,0,40115614,21453330
4096,disjoint,16,24,pinned,-2,12,1,26942292,21284330
4096,disjoint,16,24,pinned,-2,12,2,21133784,14240193
4096,disjoint,16,24,pinned,-2,12,3,11165480,7833622
4096,disjoint,16,24,pinned,-2,13,0,41569758,20224253
4096,disjoint,16,24,pinned,-2,13,1,24621829,19453092
4096,disjoint,16,24,pinned,-2,13,2,12659138,7148234
4096,disjoint,16,24,pinned,-2,13,3,9931454,5754556
4096,disjoint,16,24,pinned,-2,14,0,41721275,19879700
4096,disjoint,16,24,pinned,-2,14,1,25292739,20411196
4096,disjoint,16,24,pinned,-2,14,2,20901244,13340358
4096,disjoint,16,24,pinned,-2,14,3,12695397,9326629
4096,disjoint,16,24,pinned,-2,15,0,41756612,19125983
4096,disjoint,16,24,pinned,-2,15,1,25244418,20151535
4096,disjoint,16,24,pinned,-2,15,2,10046953,4914826
4096,disjoint,16,24,pinned,-2,15,3,11056023,7382749
4096,disjoint,16,24,unsafe_unpinned_baseline,-2,0,0,25833303,24597383
4096,disjoint,16,24,unsafe_unpinned_baseline,-2,0,1,14696817,14135354
4096,disjoint,16,24,unsafe_unpinned_baseline,-2,0,2,11696516,11169789
4096,disjoint,16,24,unsafe_unpinned_baseline,-2,0,3,13409058,12591070
4096,disjoint,16,24,unsafe_unpinned_baseline,-2,1,0,7281036,6230877
4096,disjoint,16,24,unsafe_unpinned_baseline,-2,1,1,17639258,17015818
4096,disjoint,16,24,unsafe_unpinned_baseline,-2,1,2,9310739,8829898
4096,disjoint,16,24,unsafe_unpinned_baseline,-2,1,3,14174779,13174264
4096,disjoint,16,24,unsafe_unpinned_baseline,-2,2,0,6438501,5540911
4096,disjoint,16,24,unsafe_unpinned_baseline,-2,2,1,14634549,13621120
4096,disjoint,16,24,unsafe_unpinned_baseline,-2,2,2,11387190,10633163
4096,disjoint,16,24,unsafe_unpinned_baseline,-2,2,3,12646414,11667521
4096,disjoint,16,24,unsafe_unpinned_baseline,-2,3,0,17050213,16381567
4096,disjoint,16,24,unsafe_unpinned_baseline,-2,3,1,10853820,10026915
4096,disjoint,16,24,unsafe_unpinned_baseline,-2,3,2,11852000,11241585
4096,disjoint,16,24,unsafe_unpinned_baseline,-2,3,3,12487444,12061387
4096,disjoint,16,24,unsafe_unpinned_baseline,-2,4,0,17024254,16382999
4096,disjoint,16,24,unsafe_unpinned_baseline,-2,4,1,9686941,8695073
4096,disjoint,16,24,unsafe_unpinned_baseline,-2,4,2,13016456,12595067
4096,disjoint,16,24,unsafe_unpinned_baseline,-2,4,3,12379138,11609582
4096,disjoint,16,24,unsafe_unpinned_baseline,-2,5,0,17066594,16452020
4096,disjoint,16,24,unsafe_unpinned_baseline,-2,5,1,10834524,9860219
4096,disjoint,16,24,unsafe_unpinned_baseline,-2,5,2,21552247,20854266
4096,disjoint,16,24,unsafe_unpinned_baseline,-2,5,3,14988188,14099205
4096,disjoint,16,24,unsafe_unpinned_baseline,-2,6,0,25211506,24254604
4096,disjoint,16,24,unsafe_unpinned_baseline,-2,6,1,18652196,18140046
4096,disjoint,16,24,unsafe_unpinned_baseline,-2,6,2,10386536,9779697
4096,disjoint,16,24,unsafe_unpinned_baseline,-2,6,3,8772199,7933681
4096,disjoint,16,24,unsafe_unpinned_baseline,-2,7,0,6889615,6352918
4096,disjoint,16,24,unsafe_unpinned_baseline,-2,7,1,17777140,17103263
4096,disjoint,16,24,unsafe_unpinned_baseline,-2,7,2,18400739,17972789
4096,disjoint,16,24,unsafe_unpinned_baseline,-2,7,3,11289716,10551859
4096,disjoint,16,24,unsafe_unpinned_baseline,-2,8,0,15789756,14928625
4096,disjoint,16,24,unsafe_unpinned_baseline,-2,8,1,11702738,11078977
4096,disjoint,16,24,unsafe_unpinned_baseline,-2,8,2,22811792,22243787
4096,disjoint,16,24,unsafe_unpinned_baseline,-2,8,3,14239731,13153996
4096,disjoint,16,24,unsafe_unpinned_baseline,-2,9,0,6413864,5447905
4096,disjoint,16,24,unsafe_unpinned_baseline,-2,9,1,16062804,15039556
4096,disjoint,16,24,unsafe_unpinned_baseline,-2,9,2,10738412,10180025
4096,disjoint,16,24,unsafe_unpinned_baseline,-2,9,3,11318450,10917481
4096,disjoint,16,24,unsafe_unpinned_baseline,-2,10,0,25887595,24964097
4096,disjoint,16,24,unsafe_unpinned_baseline,-2,10,1,14046456,13436831
4096,disjoint,16,24,unsafe_unpinned_baseline,-2,10,2,11477882,10508928
4096,disjoint,16,24,unsafe_unpinned_baseline,-2,10,3,10186186,9395098
4096,disjoint,16,24,unsafe_unpinned_baseline,-2,11,0,16684390,15700276
4096,disjoint,16,24,unsafe_unpinned_baseline,-2,11,1,10777776,10186377
4096,disjoint,16,24,unsafe_unpinned_baseline,-2,11,2,12148041,11566490
4096,disjoint,16,24,unsafe_unpinned_baseline,-2,11,3,12515597,11373013
4096,disjoint,16,24,unsafe_unpinned_baseline,-2,12,0,25971044,24759961
4096,disjoint,16,24,unsafe_unpinned_baseline,-2,12,1,24171206,23646111
4096,disjoint,16,24,unsafe_unpinned_baseline,-2,12,2,14389235,13606603
4096,disjoint,16,24,unsafe_unpinned_baseline,-2,12,3,3180562,1978216
4096,disjoint,16,24,unsafe_unpinned_baseline,-2,13,0,26041637,25003913
4096,disjoint,16,24,unsafe_unpinned_baseline,-2,13,1,24066137,23236626
4096,disjoint,16,24,unsafe_unpinned_baseline,-2,13,2,10198569,9490780
4096,disjoint,16,24,unsafe_unpinned_baseline,-2,13,3,5263045,4004613
4096,disjoint,16,24,unsafe_unpinned_baseline,-2,14,0,6394167,5754756
4096,disjoint,16,24,unsafe_unpinned_baseline,-2,14,1,18166967,17101390
4096,disjoint,16,24,unsafe_unpinned_baseline,-2,14,2,18402503,17691357
4096,disjoint,16,24,unsafe_unpinned_baseline,-2,14,3,13163604,12210329
4096,disjoint,16,24,unsafe_unpinned_baseline,-2,15,0,7492045,6651083
4096,disjoint,16,24,unsafe_unpinned_baseline,-2,15,1,20650780,19874540
4096,disjoint,16,24,unsafe_unpinned_baseline,-2,15,2,20430974,19961335
4096,disjoint,16,24,unsafe_unpinned_baseline,-2,15,3,13245568,12458309
4096,disjoint,16,24,unsafe_unpinned_baseline,-1,0,0,7514247,6642877
4096,disjoint,16,24,unsafe_unpinned_baseline,-1,0,1,24861563,23803369
4096,disjoint,16,24,unsafe_unpinned_baseline,-1,0,2,16007288,15468718
4096,disjoint,16,24,unsafe_unpinned_baseline,-1,0,3,8459738,8091600
4096,disjoint,16,24,unsafe_unpinned_baseline,-1,1,0,7506413,6646946
4096,disjoint,16,24,unsafe_unpinned_baseline,-1,1,1,24868867,23811935
4096,disjoint,16,24,unsafe_unpinned_baseline,-1,1,2,16878197,16179494
4096,disjoint,16,24,unsafe_unpinned_baseline,-1,1,3,8832273,7985430
4096,disjoint,16,24,unsafe_unpinned_baseline,-1,2,0,21014740,20250783
4096,disjoint,16,24,unsafe_unpinned_baseline,-1,2,1,30198748,29167376
4096,disjoint,16,24,unsafe_unpinned_baseline,-1,2,2,11104996,10735015
4096,disjoint,16,24,unsafe_unpinned_baseline,-1,2,3,3856773,3517991
4096,disjoint,16,24,unsafe_unpinned_baseline,-1,3,0,18913461,18094771
4096,disjoint,16,24,unsafe_unpinned_baseline,-1,3,1,8199084,6854128
4096,disjoint,16,24,unsafe_unpinned_baseline,-1,3,2,16782376,16320280
4096,disjoint,16,24,unsafe_unpinned_baseline,-1,3,3,10063124,9405929
4096,disjoint,16,24,unsafe_unpinned_baseline,-1,4,0,8397991,7463311
4096,disjoint,16,24,unsafe_unpinned_baseline,-1,4,1,14798379,14189626
4096,disjoint,16,24,unsafe_unpinned_baseline,-1,4,2,9723270,9348711
4096,disjoint,16,24,unsafe_unpinned_baseline,-1,4,3,23590516,20867391
4096,disjoint,16,24,unsafe_unpinned_baseline,-1,5,0,21760270,20995793
4096,disjoint,16,24,unsafe_unpinned_baseline,-1,5,1,29608861,28832852
4096,disjoint,16,24,unsafe_unpinned_baseline,-1,5,2,13019181,12445735
4096,disjoint,16,24,unsafe_unpinned_baseline,-1,5,3,2325002,1958688
4096,disjoint,16,24,unsafe_unpinned_baseline,-1,6,0,21803923,20956458
4096,disjoint,16,24,unsafe_unpinned_baseline,-1,6,1,12519144,11972539
4096,disjoint,16,24,unsafe_unpinned_baseline,-1,6,2,23060834,22511083
4096,disjoint,16,24,unsafe_unpinned_baseline,-1,6,3,6209707,5624650
4096,disjoint,16,24,unsafe_unpinned_baseline,-1,7,0,9019037,8114194
4096,disjoint,16,24,unsafe_unpinned_baseline,-1,7,1,23306809,22795130
4096,disjoint,16,24,unsafe_unpinned_baseline,-1,7,2,16767056,16128347
4096,disjoint,16,24,unsafe_unpinned_baseline,-1,7,3,7689870,7004412
4096,disjoint,16,24,unsafe_unpinned_baseline,-1,8,0,21619654,20764917
4096,disjoint,16,24,unsafe_unpinned_baseline,-1,8,1,23270480,22522875
4096,disjoint,16,24,unsafe_unpinned_baseline,-1,8,2,9255394,8849847
4096,disjoint,16,24,unsafe_unpinned_baseline,-1,8,3,10795229,7255127
4096,disjoint,16,24,unsafe_unpinned_baseline,-1,9,0,21752496,20951780
4096,disjoint,16,24,unsafe_unpinned_baseline,-1,9,1,23147327,22587527
4096,disjoint,16,24,unsafe_unpinned_baseline,-1,9,2,7975731,7565515
4096,disjoint,16,24,unsafe_unpinned_baseline,-1,9,3,11266763,10683217
4096,disjoint,16,24,unsafe_unpinned_baseline,-1,10,0,21739712,20877289
4096,disjoint,16,24,unsafe_unpinned_baseline,-1,10,1,29407881,28678470
4096,disjoint,16,24,unsafe_unpinned_baseline,-1,10,2,9857845,9291592
4096,disjoint,16,24,unsafe_unpinned_baseline,-1,10,3,5480176,4362600
4096,disjoint,16,24,unsafe_unpinned_baseline,-1,11,0,21689497,20970877
4096,disjoint,16,24,unsafe_unpinned_baseline,-1,11,1,12546125,11805322
4096,disjoint,16,24,unsafe_unpinned_baseline,-1,11,2,14788050,14446693
4096,disjoint,16,24,unsafe_unpinned_baseline,-1,11,3,8413550,7671806
4096,disjoint,16,24,unsafe_unpinned_baseline,-1,12,0,7494009,6836474
4096,disjoint,16,24,unsafe_unpinned_baseline,-1,12,1,19071249,18192396
4096,disjoint,16,24,unsafe_unpinned_baseline,-1,12,2,13743782,12987691
4096,disjoint,16,24,unsafe_unpinned_baseline,-1,12,3,11717295,10847699
4096,disjoint,16,24,unsafe_unpinned_baseline,-1,13,0,20899200,20080470
4096,disjoint,16,24,unsafe_unpinned_baseline,-1,13,1,13205373,11919709
4096,disjoint,16,24,unsafe_unpinned_baseline,-1,13,2,15018355,14629730
4096,disjoint,16,24,unsafe_unpinned_baseline,-1,13,3,8326826,7499029
4096,disjoint,16,24,unsafe_unpinned_baseline,-1,14,0,21694777,20964283
4096,disjoint,16,24,unsafe_unpinned_baseline,-1,14,1,11438027,10833352
4096,disjoint,16,24,unsafe_unpinned_baseline,-1,14,2,17301428,16968788
4096,disjoint,16,24,unsafe_unpinned_baseline,-1,14,3,7054417,6652466
4096,disjoint,16,24,unsafe_unpinned_baseline,-1,15,0,21497894,20666620
4096,disjoint,16,24,unsafe_unpinned_baseline,-1,15,1,29791187,29031949
4096,disjoint,16,24,unsafe_unpinned_baseline,-1,15,2,12483196,11997746
4096,disjoint,16,24,unsafe_unpinned_baseline,-1,15,3,3699835,2883109
4096,disjoint,16,24,pinned,-1,0,0,9582513,5285357
4096,disjoint,16,24,pinned,-1,0,1,26937233,23349901
4096,disjoint,16,24,pinned,-1,0,2,18565923,15272547
4096,disjoint,16,24,pinned,-1,0,3,9603063,7398759
4096,disjoint,16,24,pinned,-1,1,0,15839000,11394665
4096,disjoint,16,24,pinned,-1,1,1,18229115,14357204
4096,disjoint,16,24,pinned,-1,1,2,29464548,26194126
4096,disjoint,16,24,pinned,-1,1,3,10652750,7860363
4096,disjoint,16,24,pinned,-1,2,0,30917248,27838089
4096,disjoint,16,24,pinned,-1,2,1,14973300,11711164
4096,disjoint,16,24,pinned,-1,2,2,13919645,11139902
4096,disjoint,16,24,pinned,-1,2,3,13529787,11186110
4096,disjoint,16,24,pinned,-1,3,0,30877283,27371304
4096,disjoint,16,24,pinned,-1,3,1,13594981,11363756
4096,disjoint,16,24,pinned,-1,3,2,13793005,10720669
4096,disjoint,16,24,pinned,-1,3,3,12856222,10079494
4096,disjoint,16,24,pinned,-1,4,0,36542920,32688793
4096,disjoint,16,24,pinned,-1,4,1,18445906,15145477
4096,disjoint,16,24,pinned,-1,4,2,9712409,7419287
4096,disjoint,16,24,pinned,-1,4,3,9321469,7302286
4096,disjoint,16,24,pinned,-1,5,0,16112186,11856209
4096,disjoint,16,24,pinned,-1,5,1,17098164,13646068
4096,disjoint,16,24,pinned,-1,5,2,27880158,25460937
4096,disjoint,16,24,pinned,-1,5,3,13526060,10126373
4096,disjoint,16,24,pinned,-1,6,0,17631172,11799101
4096,disjoint,16,24,pinned,-1,6,1,23179848,19306365
4096,disjoint,16,24,pinned,-1,6,2,25430490,23259179
4096,disjoint,16,24,pinned,-1,6,3,10136232,7176709
4096,disjoint,16,24,pinned,-1,7,0,9628591,4919304
4096,disjoint,16,24,pinned,-1,7,1,17620582,14202972
4096,disjoint,16,24,pinned,-1,7,2,12501640,9533921
4096,disjoint,16,24,pinned,-1,7,3,26449960,24014439
4096,disjoint,16,24,pinned,-1,8,0,16728714,12277375
4096,disjoint,16,24,pinned,-1,8,1,15651214,11715763
4096,disjoint,16,24,pinned,-1,8,2,14708920,12218945
4096,disjoint,16,24,pinned,-1,8,3,11835810,9636837
4096,disjoint,16,24,pinned,-1,9,0,14104947,10142804
4096,disjoint,16,24,pinned,-1,9,1,19139608,15908962
4096,disjoint,16,24,pinned,-1,9,2,18071807,15164402
4096,disjoint,16,24,pinned,-1,9,3,13303007,11013543
4096,disjoint,16,24,pinned,-1,10,0,9624483,4687806
4096,disjoint,16,24,pinned,-1,10,1,16839704,13367099
4096,disjoint,16,24,pinned,-1,10,2,11212720,8430572
4096,disjoint,16,24,pinned,-1,10,3,17547465,14713118
4096,disjoint,16,24,pinned,-1,11,0,16666476,12403916
4096,disjoint,16,24,pinned,-1,11,1,15694837,11676909
4096,disjoint,16,24,pinned,-1,11,2,15829221,13091387
4096,disjoint,16,24,pinned,-1,11,3,26276262,24076927
4096,disjoint,16,24,pinned,-1,12,0,35327248,30801279
4096,disjoint,16,24,pinned,-1,12,1,28868149,24394418
4096,disjoint,16,24,pinned,-1,12,2,9975287,7653180
4096,disjoint,16,24,pinned,-1,12,3,5554016,2798549
4096,disjoint,16,24,pinned,-1,13,0,36017926,31680183
4096,disjoint,16,24,pinned,-1,13,1,27630736,24458670
4096,disjoint,16,24,pinned,-1,13,2,10263383,7661697
4096,disjoint,16,24,pinned,-1,13,3,5038460,1834594
4096,disjoint,16,24,pinned,-1,14,0,9593635,4735926
4096,disjoint,16,24,pinned,-1,14,1,21193617,18203316
4096,disjoint,16,24,pinned,-1,14,2,12832677,10291516
4096,disjoint,16,24,pinned,-1,14,3,16051602,12770359
4096,disjoint,16,24,pinned,-1,15,0,16501263,12431608
4096,disjoint,16,24,pinned,-1,15,1,24576233,20088616
4096,disjoint,16,24,pinned,-1,15,2,17069550,14936490
4096,disjoint,16,24,pinned,-1,15,3,13657819,10584321
4096,disjoint,16,24,pinned,0,0,0,24090152,19368883
4096,disjoint,16,24,pinned,0,0,1,15555072,12298156
4096,disjoint,16,24,pinned,0,0,2,18641666,16884860
4096,disjoint,16,24,pinned,0,0,3,12252529,9757765
4096,disjoint,16,24,pinned,0,1,0,20984101,18265965
4096,disjoint,16,24,pinned,0,1,1,10224119,7540266
4096,disjoint,16,24,pinned,0,1,2,17540421,15215138
4096,disjoint,16,24,pinned,0,1,3,12665500,10550265
4096,disjoint,16,24,pinned,0,2,0,24548360,19350759
4096,disjoint,16,24,pinned,0,2,1,15036200,12477505
4096,disjoint,16,24,pinned,0,2,2,16196897,14321016
4096,disjoint,16,24,pinned,0,2,3,14718788,12136790
4096,disjoint,16,24,pinned,0,3,0,11068236,8270379
4096,disjoint,16,24,pinned,0,3,1,25984208,23738707
4096,disjoint,16,24,pinned,0,3,2,20128481,17534189
4096,disjoint,16,24,pinned,0,3,3,15848948,13429568
4096,disjoint,16,24,pinned,0,4,0,21652616,17730080
4096,disjoint,16,24,pinned,0,4,1,9485870,6878103
4096,disjoint,16,24,pinned,0,4,2,16848791,15053192
4096,disjoint,16,24,pinned,0,4,3,13548913,10753481
4096,disjoint,16,24,pinned,0,5,0,10351209,7162902
4096,disjoint,16,24,pinned,0,5,1,15702922,13139899
4096,disjoint,16,24,pinned,0,5,2,26602839,23940639
4096,disjoint,16,24,pinned,0,5,3,9042631,6852204
4096,disjoint,16,24,pinned,0,6,0,11646201,7947338
4096,disjoint,16,24,pinned,0,6,1,24096044,22312917
4096,disjoint,16,24,pinned,0,6,2,20745349,17546993
4096,disjoint,16,24,pinned,0,6,3,14199195,11768192
4096,disjoint,16,24,pinned,0,7,0,24318605,19413136
4096,disjoint,16,24,pinned,0,7,1,28256852,24755943
4096,disjoint,16,24,pinned,0,7,2,28299743,25097609
4096,disjoint,16,24,pinned,0,7,3,5680365,2961116
4096,disjoint,16,24,pinned,0,8,0,24549051,19285304
4096,disjoint,16,24,pinned,0,8,1,28083233,24706479
4096,disjoint,16,24,pinned,0,8,2,20855958,18405359
4096,disjoint,16,24,pinned,0,8,3,6903752,5068858
4096,disjoint,16,24,pinned,0,9,0,23229773,18824853
4096,disjoint,16,24,pinned,0,9,1,14227348,10023408
4096,disjoint,16,24,pinned,0,9,2,19733804,17591418
4096,disjoint,16,24,pinned,0,9,3,18729332,15470181
4096,disjoint,16,24,pinned,0,10,0,24259403,19398529
4096,disjoint,16,24,pinned,0,10,1,15302935,12127041
4096,disjoint,16,24,pinned,0,10,2,25767979,23153909
4096,disjoint,16,24,pinned,0,10,3,12595378,10237263
4096,disjoint,16,24,pinned,0,11,0,24213666,19368472
4096,disjoint,16,24,pinned,0,11,1,28220242,24597202
4096,disjoint,16,24,pinned,0,11,2,12459751,9107504
4096,disjoint,16,24,pinned,0,11,3,13086107,10594289
4096,disjoint,16,24,pinned,0,12,0,24578426,19311895
4096,disjoint,16,24,pinned,0,12,1,35721014,32378976
4096,disjoint,16,24,pinned,0,12,2,15558158,13119821
4096,disjoint,16,24,pinned,0,12,3,5416295,3719673
4096,disjoint,16,24,pinned,0,13,0,24561534,19394612
4096,disjoint,16,24,pinned,0,13,1,26666601,23833366
4096,disjoint,16,24,pinned,0,13,2,13747108,10470445
4096,disjoint,16,24,pinned,0,13,3,10830526,8428648
4096,disjoint,16,24,pinned,0,14,0,24548700,19368903
4096,disjoint,16,24,pinned,0,14,1,28099864,24849680
4096,disjoint,16,24,pinned,0,14,2,20743004,18235908
4096,disjoint,16,24,pinned,0,14,3,7365305,4973066
4096,disjoint,16,24,pinned,0,15,0,21508283,17756671
4096,disjoint,16,24,pinned,0,15,1,17104065,13612033
4096,disjoint,16,24,pinned,0,15,2,18461024,16354886
4096,disjoint,16,24,pinned,0,15,3,13213478,10406514
4096,disjoint,16,24,unsafe_unpinned_baseline,0,0,0,22993866,22165739
4096,disjoint,16,24,unsafe_unpinned_baseline,0,0,1,23189366,22396927
4096,disjoint,16,24,unsafe_unpinned_baseline,0,0,2,15848217,15530786
4096,disjoint,16,24,unsafe_unpinned_baseline,0,0,3,3839249,3534412
4096,disjoint,16,24,unsafe_unpinned_baseline,0,1,0,21977211,21243322
4096,disjoint,16,24,unsafe_unpinned_baseline,0,1,1,8791025,7985499
4096,disjoint,16,24,unsafe_unpinned_baseline,0,1,2,18667585,18191553
4096,disjoint,16,24,unsafe_unpinned_baseline,0,1,3,8481619,7778828
4096,disjoint,16,24,unsafe_unpinned_baseline,0,2,0,19249937,18770690
4096,disjoint,16,24,unsafe_unpinned_baseline,0,2,1,11955266,10983145
4096,disjoint,16,24,unsafe_unpinned_baseline,0,2,2,19619878,19002139
4096,disjoint,16,24,unsafe_unpinned_baseline,0,2,3,5922523,5613248
4096,disjoint,16,24,unsafe_unpinned_baseline,0,3,0,22924085,22488961
4096,disjoint,16,24,unsafe_unpinned_baseline,0,3,1,23422518,22587578
4096,disjoint,16,24,unsafe_unpinned_baseline,0,3,2,16214921,15057831
4096,disjoint,16,24,unsafe_unpinned_baseline,0,3,3,4667467,3503764
4096,disjoint,16,24,unsafe_unpinned_baseline,0,4,0,20244100,19425500
4096,disjoint,16,24,unsafe_unpinned_baseline,0,4,1,10974920,10171108
4096,disjoint,16,24,unsafe_unpinned_baseline,0,4,2,12102003,11468194
4096,disjoint,16,24,unsafe_unpinned_baseline,0,4,3,10044829,9518862
4096,disjoint,16,24,unsafe_unpinned_baseline,0,5,0,9062519,8584734
4096,disjoint,16,24,unsafe_unpinned_baseline,0,5,1,14155602,12943187
4096,disjoint,16,24,unsafe_unpinned_baseline,0,5,2,16839985,16186888
4096,disjoint,16,24,unsafe_unpinned_baseline,0,5,3,6986308,6542357
4096,disjoint,16,24,unsafe_unpinned_baseline,0,6,0,2740058,2095677
4096,disjoint,16,24,unsafe_unpinned_baseline,0,6,1,18139766,17547154
4096,disjoint,16,24,unsafe_unpinned_baseline,0,6,2,9506299,9013105
4096,disjoint,16,24,unsafe_unpinned_baseline,0,6,3,13429437,12653759
4096,disjoint,16,24,unsafe_unpinned_baseline,0,7,0,22533325,21734542
4096,disjoint,16,24,unsafe_unpinned_baseline,0,7,1,8343938,7817021
4096,disjoint,16,24,unsafe_unpinned_baseline,0,7,2,13248044,12780278
4096,disjoint,16,24,unsafe_unpinned_baseline,0,7,3,8394714,7870612
4096,disjoint,16,24,unsafe_unpinned_baseline,0,8,0,22830687,22051392
4096,disjoint,16,24,unsafe_unpinned_baseline,0,8,1,23249200,22385725
4096,disjoint,16,24,unsafe_unpinned_baseline,0,8,2,15101533,14788511
4096,disjoint,16,24,unsafe_unpinned_baseline,0,8,3,4536098,4001286
4096,disjoint,16,24,unsafe_unpinned_baseline,0,9,0,7645275,6976469
4096,disjoint,16,24,unsafe_unpinned_baseline,0,9,1,15611659,14837433
4096,disjoint,16,24,unsafe_unpinned_baseline,0,9,2,22851176,22211956
4096,disjoint,16,24,unsafe_unpinned_baseline,0,9,3,15232200,14941710
4096,disjoint,16,24,unsafe_unpinned_baseline,0,10,0,22825538,22131443
4096,disjoint,16,24,unsafe_unpinned_baseline,0,10,1,21372266,20570959
4096,disjoint,16,24,unsafe_unpinned_baseline,0,10,2,7679230,7227324
4096,disjoint,16,24,unsafe_unpinned_baseline,0,10,3,10076169,9822328
4096,disjoint,16,24,unsafe_unpinned_baseline,0,11,0,22472780,21774197
4096,disjoint,16,24,unsafe_unpinned_baseline,0,11,1,8598971,8080680
4096,disjoint,16,24,unsafe_unpinned_baseline,0,11,2,12080403,11430783
4096,disjoint,16,24,unsafe_unpinned_baseline,0,11,3,8673232,8323850
4096,disjoint,16,24,unsafe_unpinned_baseline,0,12,0,22800881,22081650
4096,disjoint,16,24,unsafe_unpinned_baseline,0,12,1,23199295,22252172
4096,disjoint,16,24,unsafe_unpinned_baseline,0,12,2,15323623,14993919
4096,disjoint,16,24,unsafe_unpinned_baseline,0,12,3,1619376,1334105
4096,disjoint,16,24,unsafe_unpinned_baseline,0,13,0,22374123,21683706
4096,disjoint,16,24,unsafe_unpinned_baseline,0,13,1,8362654,7698386
4096,disjoint,16,24,unsafe_unpinned_baseline,0,13,2,19903155,19415471
4096,disjoint,16,24,unsafe_unpinned_baseline,0,13,3,11509572,11081601
4096,disjoint,16,24,unsafe_unpinned_baseline,0,14,0,22306846,21643420
4096,disjoint,16,24,unsafe_unpinned_baseline,0,14,1,8592619,7965171
4096,disjoint,16,24,unsafe_unpinned_baseline,0,14,2,12251618,11880885
4096,disjoint,16,24,unsafe_unpinned_baseline,0,14,3,8773331,8456591
4096,disjoint,16,24,unsafe_unpinned_baseline,0,15,0,22731390,22053887
4096,disjoint,16,24,unsafe_unpinned_baseline,0,15,1,23459367,23012401
4096,disjoint,16,24,unsafe_unpinned_baseline,0,15,2,8249430,7561076
4096,disjoint,16,24,unsafe_unpinned_baseline,0,15,3,7169124,6849849
4096,disjoint,16,24,unsafe_unpinned_baseline,1,0,0,19501985,18826616
4096,disjoint,16,24,unsafe_unpinned_baseline,1,0,1,9120619,8752161
4096,disjoint,16,24,unsafe_unpinned_baseline,1,0,2,20886707,19896222
4096,disjoint,16,24,unsafe_unpinned_baseline,1,0,3,14010958,13719597
4096,disjoint,16,24,unsafe_unpinned_baseline,1,1,0,22719527,22143647
4096,disjoint,16,24,unsafe_unpinned_baseline,1,1,1,26907987,26557623
4096,disjoint,16,24,unsafe_unpinned_baseline,1,1,2,10203209,9913771
4096,disjoint,16,24,unsafe_unpinned_baseline,1,1,3,9057620,8263957
4096,disjoint,16,24,unsafe_unpinned_baseline,1,2,0,22624908,22040271
4096,disjoint,16,24,unsafe_unpinned_baseline,1,2,1,17429020,16987814
4096,disjoint,16,24,unsafe_unpinned_baseline,1,2,2,26465700,26106470
4096,disjoint,16,24,unsafe_unpinned_baseline,1,2,3,5633316,5291959
4096,disjoint,16,24,unsafe_unpinned_baseline,1,3,0,18593485,17961638
4096,disjoint,16,24,unsafe_unpinned_baseline,1,3,1,5370729,5027499
4096,disjoint,16,24,unsafe_unpinned_baseline,1,3,2,32193695,31943352
4096,disjoint,16,24,unsafe_unpinned_baseline,1,3,3,7993034,7051772
4096,disjoint,16,24,unsafe_unpinned_baseline,1,4,0,13699118,12980537
4096,disjoint,16,24,unsafe_unpinned_baseline,1,4,1,9962363,9516178
4096,disjoint,16,24,unsafe_unpinned_baseline,1,4,2,14429561,14048870
4096,disjoint,16,24,unsafe_unpinned_baseline,1,4,3,13724766,12872613
4096,disjoint,16,24,unsafe_unpinned_baseline,1,5,0,3068139,2694211
4096,disjoint,16,24,unsafe_unpinned_baseline,1,5,1,22384462,21545895
4096,disjoint,16,24,unsafe_unpinned_baseline,1,5,2,14508931,14157876
4096,disjoint,16,24,unsafe_unpinned_baseline,1,5,3,11646702,11258728
4096,disjoint,16,24,unsafe_unpinned_baseline,1,6,0,22055250,21037181
4096,disjoint,16,24,unsafe_unpinned_baseline,1,6,1,6078229,5757020
4096,disjoint,16,24,unsafe_unpinned_baseline,1,6,2,16156401,15947265
4096,disjoint,16,24,unsafe_unpinned_baseline,1,6,3,14564096,14268195
4096,disjoint,16,24,unsafe_unpinned_baseline,1,7,0,22701893,21995476
4096,disjoint,16,24,unsafe_unpinned_baseline,1,7,1,17473394,17036206
4096,disjoint,16,24,unsafe_unpinned_baseline,1,7,2,12329585,11942071
4096,disjoint,16,24,unsafe_unpinned_baseline,1,7,3,9423112,8655008
4096,disjoint,16,24,unsafe_unpinned_baseline,1,8,0,5563534,5104755
4096,disjoint,16,24,unsafe_unpinned_baseline,1,8,1,20917956,20109695
4096,disjoint,16,24,unsafe_unpinned_baseline,1,8,2,16963659,16352912
4096,disjoint,16,24,unsafe_unpinned_baseline,1,8,3,15255595,14927103
4096,disjoint,16,24,unsafe_unpinned_baseline,1,9,0,23325385,22843071
4096,disjoint,16,24,unsafe_unpinned_baseline,1,9,1,14041246,13332424
4096,disjoint,16,24,unsafe_unpinned_baseline,1,9,2,13287388,12824873
4096,disjoint,16,24,unsafe_unpinned_baseline,1,9,3,11096430,10874119
4096,disjoint,16,24,unsafe_unpinned_baseline,1,10,0,22560617,21657876
4096,disjoint,16,24,unsafe_unpinned_baseline,1,10,1,17488773,17119494
4096,disjoint,16,24,unsafe_unpinned_baseline,1,10,2,20481740,20054110
4096,disjoint,16,24,unsafe_unpinned_baseline,1,10,3,8448607,7702464
4096,disjoint,16,24,unsafe_unpinned_baseline,1,11,0,5499383,5051464
4096,disjoint,16,24,unsafe_unpinned_baseline,1,11,1,20120917,19829945
4096,disjoint,16,24,unsafe_unpinned_baseline,1,11,2,13874019,13481816
4096,disjoint,16,24,unsafe_unpinned_baseline,1,11,3,12995746,12534373
4096,disjoint,16,24,unsafe_unpinned_baseline,1,12,0,4912291,4571636
4096,disjoint,16,24,unsafe_unpinned_baseline,1,12,1,15577364,15255575
4096,disjoint,16,24,unsafe_unpinned_baseline,1,12,2,7322354,7020974
4096,disjoint,16,24,unsafe_unpinned_baseline,1,12,3,15441036,15132773
4096,disjoint,16,24,unsafe_unpinned_baseline,1,13,0,22662610,22046713
4096,disjoint,16,24,unsafe_unpinned_baseline,1,13,1,26959034,26585808
4096,disjoint,16,24,unsafe_unpinned_baseline,1,13,2,10327224,10052724
4096,disjoint,16,24,unsafe_unpinned_baseline,1,13,3,9043382,7793706
4096,disjoint,16,24,unsafe_unpinned_baseline,1,14,0,22582357,21977532
4096,disjoint,16,24,unsafe_unpinned_baseline,1,14,1,17413150,16981273
4096,disjoint,16,24,unsafe_unpinned_baseline,1,14,2,11714530,11362504
4096,disjoint,16,24,unsafe_unpinned_baseline,1,14,3,10150398,9864016
4096,disjoint,16,24,unsafe_unpinned_baseline,1,15,0,5490957,5135945
4096,disjoint,16,24,unsafe_unpinned_baseline,1,15,1,20893880,20320445
4096,disjoint,16,24,unsafe_unpinned_baseline,1,15,2,20904831,20563996
4096,disjoint,16,24,unsafe_unpinned_baseline,1,15,3,11959384,11688962
4096,disjoint,16,24,pinned,1,0,0,13681775,7193861
4096,disjoint,16,24,pinned,1,0,1,15725845,13468902
4096,disjoint,16,24,pinned,1,0,2,11841300,10210242
4096,disjoint,16,24,pinned,1,0,3,24207895,21879216
4096,disjoint,16,24,pinned,1,1,0,32625242,27283970
4096,disjoint,16,24,pinned,1,1,1,13316443,11206648
4096,disjoint,16,24,pinned,1,1,2,13160618,10429958
4096,disjoint,16,24,pinned,1,1,3,7792144,5234972
4096,disjoint,16,24,pinned,1,2,0,32787950,27469751
4096,disjoint,16,24,pinned,1,2,1,31849253,28404501
4096,disjoint,16,24,pinned,1,2,2,9579488,6866611
4096,disjoint,16,24,pinned,1,2,3,4315861,2328179
4096,disjoint,16,24,pinned,1,3,0,24671122,19951726
4096,disjoint,16,24,pinned,1,3,1,9804985,7956044
4096,disjoint,16,24,pinned,1,3,2,30133114,27351567
4096,disjoint,16,24,pinned,1,3,3,9747826,7016365
4096,disjoint,16,24,pinned,1,4,0,13689600,7266288
4096,disjoint,16,24,pinned,1,4,1,16586455,14640961
4096,disjoint,16,24,pinned,1,4,2,18191082,16157152
4096,disjoint,16,24,pinned,1,4,3,13733503,11529950
4096,disjoint,16,24,pinned,1,5,0,31710791,26780456
4096,disjoint,16,24,pinned,1,5,1,14141505,11746521
4096,disjoint,16,24,pinned,1,5,2,18664449,15765431
4096,disjoint,16,24,pinned,1,5,3,9071586,6346216
4096,disjoint,16,24,pinned,1,6,0,24414968,19661146
4096,disjoint,16,24,pinned,1,6,1,9238752,7104832
4096,disjoint,16,24,pinned,1,6,2,12734100,10097258
4096,disjoint,16,24,pinned,1,6,3,16977635,14765067
4096,disjoint,16,24,pinned,1,7,0,13718264,8645239
4096,disjoint,16,24,pinned,1,7,1,22840095,20444850
4096,disjoint,16,24,pinned,1,7,2,13613626,11200978
4096,disjoint,16,24,pinned,1,7,3,19092309,16865132
4096,disjoint,16,24,pinned,1,8,0,32682681,27015430
4096,disjoint,16,24,pinned,1,8,1,27901388,25001477
4096,disjoint,16,24,pinned,1,8,2,12131440,9075323
4096,disjoint,16,24,pinned,1,8,3,5645930,3608572
4096,disjoint,16,24,pinned,1,9,0,14503541,10453242
4096,disjoint,16,24,pinned,1,9,1,13503738,12005992
4096,disjoint,16,24,pinned,1,9,2,9716547,8175249
4096,disjoint,16,24,pinned,1,9,3,12478426,10024661
4096,disjoint,16,24,pinned,1,10,0,32604654,27547729
4096,disjoint,16,24,pinned,1,10,1,14537966,11825851
4096,disjoint,16,24,pinned,1,10,2,15445835,12465692
4096,disjoint,16,24,pinned,1,10,3,10335589,7685752
4096,disjoint,16,24,pinned,1,11,0,24328253,20052587
4096,disjoint,16,24,pinned,1,11,1,9971510,7957547
4096,disjoint,16,24,pinned,1,11,2,24979376,22432424
4096,disjoint,16,24,pinned,1,11,3,7110032,5140042
4096,disjoint,16,24,pinned,1,12,0,13654063,9336497
4096,disjoint,16,24,pinned,1,12,1,14075982,12184871
4096,disjoint,16,24,pinned,1,12,2,11626604,10111886
4096,disjoint,16,24,pinned,1,12,3,10336441,7647259
4096,disjoint,16,24,pinned,1,13,0,14564276,9555452
4096,disjoint,16,24,pinned,1,13,1,16743312,14572352
4096,disjoint,16,24,pinned,1,13,2,16144829,12739330
4096,disjoint,16,24,pinned,1,13,3,14718397,11793400
4096,disjoint,16,24,pinned,1,14,0,32513130,27375042
4096,disjoint,16,24,pinned,1,14,1,12491361,10025873
4096,disjoint,16,24,pinned,1,14,2,12452097,10507564
4096,disjoint,16,24,pinned,1,14,3,8963501,6275803
4096,disjoint,16,24,pinned,1,15,0,24419025,20056455
4096,disjoint,16,24,pinned,1,15,1,10667919,7930906
4096,disjoint,16,24,pinned,1,15,2,30778206,28126715
4096,disjoint,16,24,pinned,1,15,3,8197481,5920219
4096,disjoint,16,24,pinned,2,0,0,23297983,20104356
4096,disjoint,16,24,pinned,2,0,1,9740683,7532482
4096,disjoint,16,24,pinned,2,0,2,17018513,15029868
4096,disjoint,16,24,pinned,2,0,3,10240089,8130665
4096,disjoint,16,24,pinned,2,1,0,11137648,8224763
4096,disjoint,16,24,pinned,2,1,1,13448964,10460846
4096,disjoint,16,24,pinned,2,1,2,19138276,16811671
4096,disjoint,16,24,pinned,2,1,3,16375776,14484795
4096,disjoint,16,24,pinned,2,2,0,14864144,11193374
4096,disjoint,16,24,pinned,2,2,1,17325133,15310498
4096,disjoint,16,24,pinned,2,2,2,10714687,8467713
4096,disjoint,16,24,pinned,2,2,3,13016686,11129823
4096,disjoint,16,24,pinned,2,3,0,13630138,10321633
4096,disjoint,16,24,pinned,2,3,1,10845374,8065431
4096,disjoint,16,24,pinned,2,3,2,18577554,16287138
4096,disjoint,16,24,pinned,2,3,3,9863736,7761356
4096,disjoint,16,24,pinned,2,4,0,14526314,11014656
4096,disjoint,16,24,pinned,2,4,1,9682663,7661776
4096,disjoint,16,24,pinned,2,4,2,16203470,14153488
4096,disjoint,16,24,pinned,2,4,3,9206432,6609344
4096,disjoint,16,24,pinned,2,5,0,14779303,11170891
4096,disjoint,16,24,pinned,2,5,1,17034043,14912004
4096,disjoint,16,24,pinned,2,5,2,11900322,9284850
4096,disjoint,16,24,pinned,2,5,3,16302788,14329552
4096,disjoint,16,24,pinned,2,6,0,13764252,9875498
4096,disjoint,16,24,pinned,2,6,1,10919064,8493832
4096,disjoint,16,24,pinned,2,6,2,16134990,13755414
4096,disjoint,16,24,pinned,2,6,3,8987276,6589296
4096,disjoint,16,24,pinned,2,7,0,23299736,19542732
4096,disjoint,16,24,pinned,2,7,1,9617529,7044929
4096,disjoint,16,24,pinned,2,7,2,16953359,14991866
4096,disjoint,16,24,pinned,2,7,3,10320751,8012260
4096,disjoint,16,24,pinned,2,8,0,12984665,9971751
4096,disjoint,16,24,pinned,2,8,1,11599383,9030348
4096,disjoint,16,24,pinned,2,8,2,15998993,13857447
4096,disjoint,16,24,pinned,2,8,3,9008557,5962350
4096,disjoint,16,24,pinned,2,9,0,14901124,11100528
4096,disjoint,16,24,pinned,2,9,1,16764843,14921663
4096,disjoint,16,24,pinned,2,9,2,12068250,9872563
4096,disjoint,16,24,pinned,2,9,3,16680182,14491739
4096,disjoint,16,24,pinned,2,10,0,14673833,11137408
4096,disjoint,16,24,pinned,2,10,1,17560449,15195281
4096,disjoint,16,24,pinned,2,10,2,10344527,8085189
4096,disjoint,16,24,pinned,2,10,3,10479201,8776789
4096,disjoint,16,24,pinned,2,11,0,23394375,19132014
4096,disjoint,16,24,pinned,2,11,1,9315648,6947414
4096,disjoint,16,24,pinned,2,11,2,12399537,10399741
4096,disjoint,16,24,pinned,2,11,3,16253234,14975294
4096,disjoint,16,24,pinned,2,12,0,27218655,23002412
4096,disjoint,16,24,pinned,2,12,1,15788283,14163968
4096,disjoint,16,24,pinned,2,12,2,18218695,16411563
4096,disjoint,16,24,pinned,2,12,3,5921281,2912614
4096,disjoint,16,24,pinned,2,13,0,22147785,18840102
4096,disjoint,16,24,pinned,2,13,1,10668219,8671258
4096,disjoint,16,24,pinned,2,13,2,17066093,15189640
4096,disjoint,16,24,pinned,2,13,3,10344045,8337316
4096,disjoint,16,24,pinned,2,14,0,17853263,14773703
4096,disjoint,16,24,pinned,2,14,1,13122456,11532005
4096,disjoint,16,24,pinned,2,14,2,11887057,9552998
4096,disjoint,16,24,pinned,2,14,3,12923309,11115596
4096,disjoint,16,24,pinned,2,15,0,21951633,18700798
4096,disjoint,16,24,pinned,2,15,1,10755635,8566240
4096,disjoint,16,24,pinned,2,15,2,17125836,15101884
4096,disjoint,16,24,pinned,2,15,3,10251660,8092582
4096,disjoint,16,24,unsafe_unpinned_baseline,2,0,0,17858844,17176161
4096,disjoint,16,24,unsafe_unpinned_baseline,2,0,1,10009241,9539121
4096,disjoint,16,24,unsafe_unpinned_baseline,2,0,2,14008934,13647580
4096,disjoint,16,24,unsafe_unpinned_baseline,2,0,3,10457039,10196386
4096,disjoint,16,24,unsafe_unpinned_baseline,2,1,0,8263065,7486355
4096,disjoint,16,24,unsafe_unpinned_baseline,2,1,1,25001928,24650183
4096,disjoint,16,24,unsafe_unpinned_baseline,2,1,2,16066019,15504025
4096,disjoint,16,24,unsafe_unpinned_baseline,2,1,3,7000926,6715545
4096,disjoint,16,24,unsafe_unpinned_baseline,2,2,0,13967065,13315882
4096,disjoint,16,24,unsafe_unpinned_baseline,2,2,1,11930208,11533347
4096,disjoint,16,24,unsafe_unpinned_baseline,2,2,2,12958245,12631487
4096,disjoint,16,24,unsafe_unpinned_baseline,2,2,3,9767874,9443359
4096,disjoint,16,24,unsafe_unpinned_baseline,2,3,0,17900492,16405252
4096,disjoint,16,24,unsafe_unpinned_baseline,2,3,1,21686862,21010251
4096,disjoint,16,24,unsafe_unpinned_baseline,2,3,2,9569128,9251837
4096,disjoint,16,24,unsafe_unpinned_baseline,2,3,3,7056901,6789625
4096,disjoint,16,24,unsafe_unpinned_baseline,2,4,0,17831281,17168847
4096,disjoint,16,24,unsafe_unpinned_baseline,2,4,1,10358292,9937496
4096,disjoint,16,24,unsafe_unpinned_baseline,2,4,2,13632000,13068383
4096,disjoint,16,24,unsafe_unpinned_baseline,2,4,3,10405772,10103420
4096,disjoint,16,24,unsafe_unpinned_baseline,2,5,0,6455412,6083970
4096,disjoint,16,24,unsafe_unpinned_baseline,2,5,1,11034653,10459234
4096,disjoint,16,24,unsafe_unpinned_baseline,2,5,2,10472078,10140049
4096,disjoint,16,24,unsafe_unpinned_baseline,2,5,3,13946767,13574451
4096,disjoint,16,24,unsafe_unpinned_baseline,2,6,0,18001374,17267935
4096,disjoint,16,24,unsafe_unpinned_baseline,2,6,1,21723521,21059635
4096,disjoint,16,24,unsafe_unpinned_baseline,2,6,2,9071616,8762230
4096,disjoint,16,24,unsafe_unpinned_baseline,2,6,3,7463051,7238305
4096,disjoint,16,24,unsafe_unpinned_baseline,2,7,0,18006814,17573003
4096,disjoint,16,24,unsafe_unpinned_baseline,2,7,1,9918229,9292364
4096,disjoint,16,24,unsafe_unpinned_baseline,2,7,2,14004877,13446119
4096,disjoint,16,24,unsafe_unpinned_baseline,2,7,3,10424578,10183712
4096,disjoint,16,24,unsafe_unpinned_baseline,2,8,0,17966147,17163087
4096,disjoint,16,24,unsafe_unpinned_baseline,2,8,1,9994674,9555171
4096,disjoint,16,24,unsafe_unpinned_baseline,2,8,2,14003825,13642541
4096,disjoint,16,24,unsafe_unpinned_baseline,2,8,3,11227929,10959902
4096,disjoint,16,24,unsafe_unpinned_baseline,2,9,0,18703734,17151074
4096,disjoint,16,24,unsafe_unpinned_baseline,2,9,1,26188215,25651088
4096,disjoint,16,24,unsafe_unpinned_baseline,2,9,2,9788885,9502171
4096,disjoint,16,24,unsafe_unpinned_baseline,2,9,3,2682690,1915957
4096,disjoint,16,24,unsafe_unpinned_baseline,2,10,0,17981205,17235123
4096,disjoint,16,24,unsafe_unpinned_baseline,2,10,1,22233717,21323093
4096,disjoint,16,24,unsafe_unpinned_baseline,2,10,2,16226433,15634262
4096,disjoint,16,24,unsafe_unpinned_baseline,2,10,3,2120685,1701061
4096,disjoint,16,24,unsafe_unpinned_baseline,2,11,0,17946069,17236957
4096,disjoint,16,24,unsafe_unpinned_baseline,2,11,1,9341437,8686527
4096,disjoint,16,24,unsafe_unpinned_baseline,2,11,2,23802788,23481490
4096,disjoint,16,24,unsafe_unpinned_baseline,2,11,3,5222398,4845555
4096,disjoint,16,24,unsafe_unpinned_baseline,2,12,0,7830686,7150549
4096,disjoint,16,24,unsafe_unpinned_baseline,2,12,1,18333402,17929928
4096,disjoint,16,24,unsafe_unpinned_baseline,2,12,2,15199488,14615964
4096,disjoint,16,24,unsafe_unpinned_baseline,2,12,3,10965001,10669571
4096,disjoint,16,24,unsafe_unpinned_baseline,2,13,0,14495355,13819946
4096,disjoint,16,24,unsafe_unpinned_baseline,2,13,1,11229512,10884639
4096,disjoint,16,24,unsafe_unpinned_baseline,2,13,2,13881964,13294211
4096,disjoint,16,24,unsafe_unpinned_baseline,2,13,3,9763476,9421619
4096,disjoint,16,24,unsafe_unpinned_baseline,2,14,0,7518977,6795186
4096,disjoint,16,24,unsafe_unpinned_baseline,2,14,1,13990259,13468631
4096,disjoint,16,24,unsafe_unpinned_baseline,2,14,2,13286767,12580480
4096,disjoint,16,24,unsafe_unpinned_baseline,2,14,3,11071072,10658771
4096,disjoint,16,24,unsafe_unpinned_baseline,2,15,0,17860667,17176982
4096,disjoint,16,24,unsafe_unpinned_baseline,2,15,1,21840602,21084101
4096,disjoint,16,24,unsafe_unpinned_baseline,2,15,2,8990643,8642453
4096,disjoint,16,24,unsafe_unpinned_baseline,2,15,3,7500522,7262430
4096,disjoint,16,24,unsafe_unpinned_baseline,3,0,0,19969330,19488860
4096,disjoint,16,24,unsafe_unpinned_baseline,3,0,1,10413978,9729312
4096,disjoint,16,24,unsafe_unpinned_baseline,3,0,2,13510571,13148376
4096,disjoint,16,24,unsafe_unpinned_baseline,3,0,3,9172187,8798459
4096,disjoint,16,24,unsafe_unpinned_baseline,3,1,0,27043354,26649328
4096,disjoint,16,24,unsafe_unpinned_baseline,3,1,1,20382632,19881513
4096,disjoint,16,24,unsafe_unpinned_baseline,3,1,2,8748855,8506757
4096,disjoint,16,24,unsafe_unpinned_baseline,3,1,3,1427463,1183571
4096,disjoint,16,24,unsafe_unpinned_baseline,3,2,0,20564136,20096411
4096,disjoint,16,24,unsafe_unpinned_baseline,3,2,1,11941180,11586538
4096,disjoint,16,24,unsafe_unpinned_baseline,3,2,2,13574152,13281848
4096,disjoint,16,24,unsafe_unpinned_baseline,3,2,3,6513843,6265453
4096,disjoint,16,24,unsafe_unpinned_baseline,3,3,0,20041737,19517975
4096,disjoint,16,24,unsafe_unpinned_baseline,3,3,1,13426672,12767073
4096,disjoint,16,24,unsafe_unpinned_baseline,3,3,2,17400876,17084527
4096,disjoint,16,24,unsafe_unpinned_baseline,3,3,3,5311327,5093664
4096,disjoint,16,24,unsafe_unpinned_baseline,3,4,0,3410818,3102754
4096,disjoint,16,24,unsafe_unpinned_baseline,3,4,1,6777563,6230406
4096,disjoint,16,24,unsafe_unpinned_baseline,3,4,2,12277957,11753403
4096,disjoint,16,24,unsafe_unpinned_baseline,3,4,3,14268857,13969651
4096,disjoint,16,24,unsafe_unpinned_baseline,3,5,0,5616794,5262514
4096,disjoint,16,24,unsafe_unpinned_baseline,3,5,1,12336418,11784513
4096,disjoint,16,24,unsafe_unpinned_baseline,3,5,2,14493252,13412245
4096,disjoint,16,24,unsafe_unpinned_baseline,3,5,3,13445307,13117626
4096,disjoint,16,24,unsafe_unpinned_baseline,3,6,0,19562239,19177400
4096,disjoint,16,24,unsafe_unpinned_baseline,3,6,1,12205490,11868461
4096,disjoint,16,24,unsafe_unpinned_baseline,3,6,2,13554414,13297798
4096,disjoint,16,24,unsafe_unpinned_baseline,3,6,3,7101185,6852294
4096,disjoint,16,24,unsafe_unpinned_baseline,3,7,0,9079261,8719389
4096,disjoint,16,24,unsafe_unpinned_baseline,3,7,1,17073377,16533374
4096,disjoint,16,24,unsafe_unpinned_baseline,3,7,2,15312633,14835840
4096,disjoint,16,24,unsafe_unpinned_baseline,3,7,3,8490866,8227488
4096,disjoint,16,24,unsafe_unpinned_baseline,3,8,0,8997776,8651841
4096,disjoint,16,24,unsafe_unpinned_baseline,3,8,1,13210823,12573696
4096,disjoint,16,24,unsafe_unpinned_baseline,3,8,2,15771431,15385781
4096,disjoint,16,24,unsafe_unpinned_baseline,3,8,3,10799348,10510480
4096,disjoint,16,24,unsafe_unpinned_baseline,3,9,0,6023545,5677500
4096,disjoint,16,24,unsafe_unpinned_baseline,3,9,1,11021037,10613736
4096,disjoint,16,24,unsafe_unpinned_baseline,3,9,2,12773826,12440965
4096,disjoint,16,24,unsafe_unpinned_baseline,3,9,3,14039642,13759873
4096,disjoint,16,24,unsafe_unpinned_baseline,3,10,0,11179617,10547951
4096,disjoint,16,24,unsafe_unpinned_baseline,3,10,1,12040788,11455920
4096,disjoint,16,24,unsafe_unpinned_baseline,3,10,2,15217072,14888229
4096,disjoint,16,24,unsafe_unpinned_baseline,3,10,3,9759639,9486181
4096,disjoint,16,24,unsafe_unpinned_baseline,3,11,0,21060045,20501096
4096,disjoint,16,24,unsafe_unpinned_baseline,3,11,1,11411426,11080259
4096,disjoint,16,24,unsafe_unpinned_baseline,3,11,2,13614638,13365877
4096,disjoint,16,24,unsafe_unpinned_baseline,3,11,3,6590979,6374820
4096,disjoint,16,24,unsafe_unpinned_baseline,3,12,0,27749450,27318004
4096,disjoint,16,24,unsafe_unpinned_baseline,3,12,1,12410388,12020851
4096,disjoint,16,24,unsafe_unpinned_baseline,3,12,2,9654479,9405638
4096,disjoint,16,24,unsafe_unpinned_baseline,3,12,3,6275072,6013405
4096,disjoint,16,24,unsafe_unpinned_baseline,3,13,0,20049371,19542261
4096,disjoint,16,24,unsafe_unpinned_baseline,3,13,1,13910488,13245438
4096,disjoint,16,24,unsafe_unpinned_baseline,3,13,2,13112176,12830854
4096,disjoint,16,24,unsafe_unpinned_baseline,3,13,3,9247469,9024868
4096,disjoint,16,24,unsafe_unpinned_baseline,3,14,0,12116601,11673612
4096,disjoint,16,24,unsafe_unpinned_baseline,3,14,1,14493772,13979088
4096,disjoint,16,24,unsafe_unpinned_baseline,3,14,2,20467594,20050213
4096,disjoint,16,24,unsafe_unpinned_baseline,3,14,3,5781306,5498881
4096,disjoint,16,24,unsafe_unpinned_baseline,3,15,0,11452865,11046205
4096,disjoint,16,24,unsafe_unpinned_baseline,3,15,1,12118345,11723838
4096,disjoint,16,24,unsafe_unpinned_baseline,3,15,2,14782479,14509432
4096,disjoint,16,24,unsafe_unpinned_baseline,3,15,3,10263373,10003390
4096,disjoint,16,24,pinned,3,0,0,16327965,13607695
4096,disjoint,16,24,pinned,3,0,1,14428609,12613703
4096,disjoint,16,24,pinned,3,0,2,13836708,11839156
4096,disjoint,16,24,pinned,3,0,3,11729378,9713692
4096,disjoint,16,24,pinned,3,1,0,16524517,13641298
4096,disjoint,16,24,pinned,3,1,1,14035405,12080363
4096,disjoint,16,24,pinned,3,1,2,15037632,12932576
4096,disjoint,16,24,pinned,3,1,3,10647921,8622125
4096,disjoint,16,24,pinned,3,2,0,8818097,6083017
4096,disjoint,16,24,pinned,3,2,1,14999731,13330129
4096,disjoint,16,24,pinned,3,2,2,11843214,9675360
4096,disjoint,16,24,pinned,3,2,3,15907459,14328660
4096,disjoint,16,24,pinned,3,3,0,25967637,23232348
4096,disjoint,16,24,pinned,3,3,1,23377963,19884980
4096,disjoint,16,24,pinned,3,3,2,14733105,13289472
4096,disjoint,16,24,pinned,3,3,3,4066410,2853242
4096,disjoint,16,24,pinned,3,4,0,26630291,23409443
4096,disjoint,16,24,pinned,3,4,1,22058726,19990389
4096,disjoint,16,24,pinned,3,4,2,12991949,10993325
4096,disjoint,16,24,pinned,3,4,3,4518735,3151417
4096,disjoint,16,24,pinned,3,5,0,8606245,6101122
4096,disjoint,16,24,pinned,3,5,1,13947868,10182400
4096,disjoint,16,24,pinned,3,5,2,12311410,10517233
4096,disjoint,16,24,pinned,3,5,3,17884372,15944840
4096,disjoint,16,24,pinned,3,6,0,15649501,13134288
4096,disjoint,16,24,pinned,3,6,1,14921412,12586732
4096,disjoint,16,24,pinned,3,6,2,16066420,14253117
4096,disjoint,16,24,pinned,3,6,3,10216503,8383454
4096,disjoint,16,24,pinned,3,7,0,11947922,9104208
4096,disjoint,16,24,pinned,3,7,1,19888857,18381033
4096,disjoint,16,24,pinned,3,7,2,22506604,20848374
4096,disjoint,16,24,pinned,3,7,3,7801441,5865025
4096,disjoint,16,24,pinned,3,8,0,8677289,6112693
4096,disjoint,16,24,pinned,3,8,1,13907362,12505157
4096,disjoint,16,24,pinned,3,8,2,11150452,9400409
4096,disjoint,16,24,pinned,3,8,3,19130962,17345783
4096,disjoint,16,24,pinned,3,9,0,16256039,13637291
4096,disjoint,16,24,pinned,3,9,1,13430259,10962386
4096,disjoint,16,24,pinned,3,9,2,15366385,13253845
4096,disjoint,16,24,pinned,3,9,3,11453226,8824418
4096,disjoint,16,24,pinned,3,10,0,25099834,22400603
4096,disjoint,16,24,pinned,3,10,1,10724646,8910091
4096,disjoint,16,24,pinned,3,10,2,22622494,21160475
4096,disjoint,16,24,pinned,3,10,3,5594082,4424958
4096,disjoint,16,24,pinned,3,11,0,25476477,22821830
4096,disjoint,16,24,pinned,3,11,1,33587895,31975062
4096,disjoint,16,24,pinned,3,11,2,5815401,4566045
4096,disjoint,16,24,pinned,3,11,3,3219085,2137047
4096,disjoint,16,24,pinned,3,12,0,26552224,23866990
4096,disjoint,16,24,pinned,3,12,1,22051011,19994578
4096,disjoint,16,24,pinned,3,12,2,13429448,11305906
4096,disjoint,16,24,pinned,3,12,3,5087333,3883283
4096,disjoint,16,24,pinned,3,13,0,25392808,22827792
4096,disjoint,16,24,pinned,3,13,1,23112671,20651331
4096,disjoint,16,24,pinned,3,13,2,11987537,10610841
4096,disjoint,16,24,pinned,3,13,3,5409292,3634842
4096,disjoint,16,24,pinned,3,14,0,8783971,6091223
4096,disjoint,16,24,pinned,3,14,1,13826670,11699532
4096,disjoint,16,24,pinned,3,14,2,10880401,9346647
4096,disjoint,16,24,pinned,3,14,3,18508794,16890290
4096,disjoint,16,24,pinned,3,15,0,32532016,29851160
4096,disjoint,16,24,pinned,3,15,1,19209220,17475969
4096,disjoint,16,24,pinned,3,15,2,7799136,6360683
4096,disjoint,16,24,pinned,3,15,3,4976493,3145436
4096,disjoint,16,24,pinned,4,0,0,35378976,31506764
4096,disjoint,16,24,pinned,4,0,1,15417562,12617189
4096,disjoint,16,24,pinned,4,0,2,15385440,13314590
4096,disjoint,16,24,pinned,4,0,3,12073309,10021695
4096,disjoint,16,24,pinned,4,1,0,36753048,32989261
4096,disjoint,16,24,pinned,4,1,1,15017955,12447788
4096,disjoint,16,24,pinned,4,1,2,15015711,12840843
4096,disjoint,16,24,pinned,4,1,3,11810652,9608342
4096,disjoint,16,24,pinned,4,2,0,24171437,21043183
4096,disjoint,16,24,pinned,4,2,1,13798686,11395136
4096,disjoint,16,24,pinned,4,2,2,25591535,23395687
4096,disjoint,16,24,pinned,4,2,3,14428799,11990172
4096,disjoint,16,24,pinned,4,3,0,24833389,21389488
4096,disjoint,16,24,pinned,4,3,1,13023138,10635207
4096,disjoint,16,24,pinned,4,3,2,26403602,23780155
4096,disjoint,16,24,pinned,4,3,3,12952936,10274514
4096,disjoint,16,24,pinned,4,4,0,12318464,9399567
4096,disjoint,16,24,pinned,4,4,1,22663922,20387461
4096,disjoint,16,24,pinned,4,4,2,11086160,7732521
4096,disjoint,16,24,pinned,4,4,3,7045070,4961935
4096,disjoint,16,24,pinned,4,5,0,12025820,8483813
4096,disjoint,16,24,pinned,4,5,1,22017779,19326091
4096,disjoint,16,24,pinned,4,5,2,11303793,8898288
4096,disjoint,16,24,pinned,4,5,3,18164082,15330236
4096,disjoint,16,24,pinned,4,6,0,23741161,20525713
4096,disjoint,16,24,pinned,4,6,1,14344400,11560178
4096,disjoint,16,24,pinned,4,6,2,25706472,23052577
4096,disjoint,16,24,pinned,4,6,3,13596243,11428729
4096,disjoint,16,24,pinned,4,7,0,36436819,33276446
4096,disjoint,16,24,pinned,4,7,1,28835266,26198534
4096,disjoint,16,24,pinned,4,7,2,12874857,10562929
4096,disjoint,16,24,pinned,4,7,3,4989698,3089761
4096,disjoint,16,24,pinned,4,8,0,13582377,10236682
4096,disjoint,16,24,pinned,4,8,1,24941995,22536040
4096,disjoint,16,24,pinned,4,8,2,28114101,25737652
4096,disjoint,16,24,pinned,4,8,3,11927223,9619303
4096,disjoint,16,24,pinned,4,9,0,12133524,8806324
4096,disjoint,16,24,pinned,4,9,1,22280286,19513617
4096,disjoint,16,24,pinned,4,9,2,11165852,8471209
4096,disjoint,16,24,pinned,4,9,3,7628033,4995298
4096,disjoint,16,24,pinned,4,10,0,24301673,21087306
4096,disjoint,16,24,pinned,4,10,1,13723273,11303773
4096,disjoint,16,24,pinned,4,10,2,26011400,23121989
4096,disjoint,16,24,pinned,4,10,3,9806287,7425129
4096,disjoint,16,24,pinned,4,11,0,10669391,6864357
4096,disjoint,16,24,pinned,4,11,1,20835490,16857347
4096,disjoint,16,24,pinned,4,11,2,17778652,15033294
4096,disjoint,16,24,pinned,4,11,3,13258895,11428950
4096,disjoint,16,24,pinned,4,12,0,24895297,21131991
4096,disjoint,16,24,pinned,4,12,1,13268322,10362220
4096,disjoint,16,24,pinned,4,12,2,25510892,22867828
4096,disjoint,16,24,pinned,4,12,3,10139197,7628063
4096,disjoint,16,24,pinned,4,13,0,36706710,33348211
4096,disjoint,16,24,pinned,4,13,1,15206131,12497223
4096,disjoint,16,24,pinned,4,13,2,14981145,12571282
4096,disjoint,16,24,pinned,4,13,3,11695053,9618031
4096,disjoint,16,24,pinned,4,14,0,36678016,32413582
4096,disjoint,16,24,pinned,4,14,1,15259282,12440885
4096,disjoint,16,24,pinned,4,14,2,14722025,12430175
4096,disjoint,16,24,pinned,4,14,3,11760407,9673957
4096,disjoint,16,24,pinned,4,15,0,13618745,10730658
4096,disjoint,16,24,pinned,4,15,1,21416970,19672337
4096,disjoint,16,24,pinned,4,15,2,10660554,7778398
4096,disjoint,16,24,pinned,4,15,3,18060716,15331639
4096,disjoint,16,24,unsafe_unpinned_baseline,4,0,0,28992875,28406415
4096,disjoint,16,24,unsafe_unpinned_baseline,4,0,1,17435231,17107732
4096,disjoint,16,24,unsafe_unpinned_baseline,4,0,2,13610060,13219309
4096,disjoint,16,24,unsafe_unpinned_baseline,4,0,3,2764083,2436152
4096,disjoint,16,24,unsafe_unpinned_baseline,4,1,0,8053008,7433655
4096,disjoint,16,24,unsafe_unpinned_baseline,4,1,1,20950137,20653616
4096,disjoint,16,24,unsafe_unpinned_baseline,4,1,2,14280689,13878537
4096,disjoint,16,24,unsafe_unpinned_baseline,4,1,3,5148888,4743993
4096,disjoint,16,24,unsafe_unpinned_baseline,4,2,0,12022553,11564285
4096,disjoint,16,24,unsafe_unpinned_baseline,4,2,1,12812368,12503805
4096,disjoint,16,24,unsafe_unpinned_baseline,4,2,2,10147734,9638610
4096,disjoint,16,24,unsafe_unpinned_baseline,4,2,3,13171138,12581281
4096,disjoint,16,24,unsafe_unpinned_baseline,4,3,0,3455753,2978910
4096,disjoint,16,24,unsafe_unpinned_baseline,4,3,1,8074458,7590833
4096,disjoint,16,24,unsafe_unpinned_baseline,4,3,2,13981763,13682155
4096,disjoint,16,24,unsafe_unpinned_baseline,4,3,3,7530078,7106806
4096,disjoint,16,24,unsafe_unpinned_baseline,4,4,0,28947940,28409099
4096,disjoint,16,24,unsafe_unpinned_baseline,4,4,1,17483402,17135965
4096,disjoint,16,24,unsafe_unpinned_baseline,4,4,2,6283226,5969793
4096,disjoint,16,24,unsafe_unpinned_baseline,4,4,3,8094726,7829875
4096,disjoint,16,24,unsafe_unpinned_baseline,4,5,0,6727047,6190100
4096,disjoint,16,24,unsafe_unpinned_baseline,4,5,1,14316377,13960894
4096,disjoint,16,24,unsafe_unpinned_baseline,4,5,2,9244814,8693020
4096,disjoint,16,24,unsafe_unpinned_baseline,4,5,3,14066113,13850675
4096,disjoint,16,24,unsafe_unpinned_baseline,4,6,0,28927832,28350820
4096,disjoint,16,24,unsafe_unpinned_baseline,4,6,1,17441254,17101240
4096,disjoint,16,24,unsafe_unpinned_baseline,4,6,2,6443680,6164361
4096,disjoint,16,24,unsafe_unpinned_baseline,4,6,3,7929934,7692054
4096,disjoint,16,24,unsafe_unpinned_baseline,4,7,0,7174584,6617329
4096,disjoint,16,24,unsafe_unpinned_baseline,4,7,1,13757749,13389612
4096,disjoint,16,24,unsafe_unpinned_baseline,4,7,2,9292475,8740079
4096,disjoint,16,24,unsafe_unpinned_baseline,4,7,3,14007161,13750224
4096,disjoint,16,24,unsafe_unpinned_baseline,4,8,0,28985932,28486796
4096,disjoint,16,24,unsafe_unpinned_baseline,4,8,1,17290448,16885611
4096,disjoint,16,24,unsafe_unpinned_baseline,4,8,2,7521271,7208158
4096,disjoint,16,24,unsafe_unpinned_baseline,4,8,3,6853176,6596871
4096,disjoint,16,24,unsafe_unpinned_baseline,4,9,0,12582173,12066747
4096,disjoint,16,24,unsafe_unpinned_baseline,4,9,1,19255679,18958837
4096,disjoint,16,24,unsafe_unpinned_baseline,4,9,2,14350561,13989037
4096,disjoint,16,24,unsafe_unpinned_baseline,4,9,3,7672788,7203209
4096,disjoint,16,24,unsafe_unpinned_baseline,4,10,0,23613800,23041547
4096,disjoint,16,24,unsafe_unpinned_baseline,4,10,1,7979608,7625257
4096,disjoint,16,24,unsafe_unpinned_baseline,4,10,2,14785044,14425904
4096,disjoint,16,24,unsafe_unpinned_baseline,4,10,3,7375264,6996617
4096,disjoint,16,24,unsafe_unpinned_baseline,4,11,0,7253995,6759759
4096,disjoint,16,24,unsafe_unpinned_baseline,4,11,1,14234211,13928432
4096,disjoint,16,24,unsafe_unpinned_baseline,4,11,2,10061370,9773775
4096,disjoint,16,24,unsafe_unpinned_baseline,4,11,3,14735761,14348418
4096,disjoint,16,24,unsafe_unpinned_baseline,4,12,0,27108908,26591318
4096,disjoint,16,24,unsafe_unpinned_baseline,4,12,1,8744096,8387240
4096,disjoint,16,24,unsafe_unpinned_baseline,4,12,2,12444633,12061027
4096,disjoint,16,24,unsafe_unpinned_baseline,4,12,3,9216731,8682410
4096,disjoint,16,24,unsafe_unpinned_baseline,4,13,0,13116835,12635785
4096,disjoint,16,24,unsafe_unpinned_baseline,4,13,1,13651678,13416082
4096,disjoint,16,24,unsafe_unpinned_baseline,4,13,2,19973387,19552982
4096,disjoint,16,24,unsafe_unpinned_baseline,4,13,3,13805940,13349386
4096,disjoint,16,24,unsafe_unpinned_baseline,4,14,0,27761714,27298997
4096,disjoint,16,24,unsafe_unpinned_baseline,4,14,1,18592953,18293367
4096,disjoint,16,24,unsafe_unpinned_baseline,4,14,2,13781855,13459074
4096,disjoint,16,24,unsafe_unpinned_baseline,4,14,3,3059894,2705072
4096,disjoint,16,24,unsafe_unpinned_baseline,4,15,0,21863857,21422482
4096,disjoint,16,24,unsafe_unpinned_baseline,4,15,1,7687295,7302226
4096,disjoint,16,24,unsafe_unpinned_baseline,4,15,2,18505688,18196453
4096,disjoint,16,24,unsafe_unpinned_baseline,4,15,3,7303188,7017107
4096,disjoint,16,24,unsafe_unpinned_baseline,5,0,0,22653642,21872323
4096,disjoint,16,24,unsafe_unpinned_baseline,5,0,1,29475319,29111089
4096,disjoint,16,24,unsafe_unpinned_baseline,5,0,2,6834861,6522330
4096,disjoint,16,24,unsafe_unpinned_baseline,5,0,3,8555118,8288003
4096,disjoint,16,24,unsafe_unpinned_baseline,5,1,0,27790488,27161207
4096,disjoint,16,24,unsafe_unpinned_baseline,5,1,1,22544796,22210143
4096,disjoint,16,24,unsafe_unpinned_baseline,5,1,2,8150543,7507765
4096,disjoint,16,24,unsafe_unpinned_baseline,5,1,3,8804040,8538987
4096,disjoint,16,24,unsafe_unpinned_baseline,5,2,0,27713202,26923257
4096,disjoint,16,24,unsafe_unpinned_baseline,5,2,1,19884890,19532573
4096,disjoint,16,24,unsafe_unpinned_baseline,5,2,2,9099148,8867771
4096,disjoint,16,24,unsafe_unpinned_baseline,5,2,3,11784643,11519290
4096,disjoint,16,24,unsafe_unpinned_baseline,5,3,0,27821878,27198868
4096,disjoint,16,24,unsafe_unpinned_baseline,5,3,1,15859849,15526468
4096,disjoint,16,24,unsafe_unpinned_baseline,5,3,2,12968745,12742206
4096,disjoint,16,24,unsafe_unpinned_baseline,5,3,3,11582019,11333839
4096,disjoint,16,24,unsafe_unpinned_baseline,5,4,0,23154751,22488450
4096,disjoint,16,24,unsafe_unpinned_baseline,5,4,1,28555828,28142255
4096,disjoint,16,24,unsafe_unpinned_baseline,5,4,2,6828629,6529162
4096,disjoint,16,24,unsafe_unpinned_baseline,5,4,3,8883971,8605354
4096,disjoint,16,24,unsafe_unpinned_baseline,5,5,0,12593043,12064042
4096,disjoint,16,24,unsafe_unpinned_baseline,5,5,1,11955948,11673172
4096,disjoint,16,24,unsafe_unpinned_baseline,5,5,2,15492504,15141088
4096,disjoint,16,24,unsafe_unpinned_baseline,5,5,3,12147270,11460670
4096,disjoint,16,24,unsafe_unpinned_baseline,5,6,0,27707582,27092266
4096,disjoint,16,24,unsafe_unpinned_baseline,5,6,1,22315492,21944028
4096,disjoint,16,24,unsafe_unpinned_baseline,5,6,2,8481408,8242487
4096,disjoint,16,24,unsafe_unpinned_baseline,5,6,3,8594432,8344600
4096,disjoint,16,24,unsafe_unpinned_baseline,5,7,0,25924705,25463342
4096,disjoint,16,24,unsafe_unpinned_baseline,5,7,1,16796562,16524487
4096,disjoint,16,24,unsafe_unpinned_baseline,5,7,2,13941597,13544014
4096,disjoint,16,24,unsafe_unpinned_baseline,5,7,3,10935766,10652820
4096,disjoint,16,24,unsafe_unpinned_baseline,5,8,0,27682373,26979183
4096,disjoint,16,24,unsafe_unpinned_baseline,5,8,1,21792471,21448951
4096,disjoint,16,24,unsafe_unpinned_baseline,5,8,2,3052510,2822514
4096,disjoint,16,24,unsafe_unpinned_baseline,5,8,3,14238229,14000248
4096,disjoint,16,24,unsafe_unpinned_baseline,5,9,0,26729379,26004697
4096,disjoint,16,24,unsafe_unpinned_baseline,5,9,1,15986459,15652376
4096,disjoint,16,24,unsafe_unpinned_baseline,5,9,2,13742590,13420741
4096,disjoint,16,24,unsafe_unpinned_baseline,5,9,3,5172985,4865542
4096,disjoint,16,24,unsafe_unpinned_baseline,5,10,0,7186918,6659429
4096,disjoint,16,24,unsafe_unpinned_baseline,5,10,1,14500045,13765403
4096,disjoint,16,24,unsafe_unpinned_baseline,5,10,2,7132815,6701208
4096,disjoint,16,24,unsafe_unpinned_baseline,5,10,3,23352926,23079699
4096,disjoint,16,24,unsafe_unpinned_baseline,5,11,0,8388282,7897913
4096,disjoint,16,24,unsafe_unpinned_baseline,5,11,1,13840586,13553673
4096,disjoint,16,24,unsafe_unpinned_baseline,5,11,2,7236040,6619454
4096,disjoint,16,24,unsafe_unpinned_baseline,5,11,3,27184912,26433138
4096,disjoint,16,24,unsafe_unpinned_baseline,5,12,0,28596173,28184815
4096,disjoint,16,24,unsafe_unpinned_baseline,5,12,1,23464176,22668620
4096,disjoint,16,24,unsafe_unpinned_baseline,5,12,2,14009305,13583458
4096,disjoint,16,24,unsafe_unpinned_baseline,5,12,3,2585144,2233379
4096,disjoint,16,24,unsafe_unpinned_baseline,5,13,0,6639251,6262207
4096,disjoint,16,24,unsafe_unpinned_baseline,5,13,1,15560032,15266195
4096,disjoint,16,24,unsafe_unpinned_baseline,5,13,2,29375990,28671917
4096,disjoint,16,24,unsafe_unpinned_baseline,5,13,3,5833975,5491708
4096,disjoint,16,24,unsafe_unpinned_baseline,5,14,0,7132565,6613803
4096,disjoint,16,24,unsafe_unpinned_baseline,5,14,1,19425319,18731947
4096,disjoint,16,24,unsafe_unpinned_baseline,5,14,2,16579180,16278632
4096,disjoint,16,24,unsafe_unpinned_baseline,5,14,3,13497106,13204261
4096,disjoint,16,24,unsafe_unpinned_baseline,5,15,0,7167151,6758386
4096,disjoint,16,24,unsafe_unpinned_baseline,5,15,1,14120917,13425049
4096,disjoint,16,24,unsafe_unpinned_baseline,5,15,2,10320160,9593875
4096,disjoint,16,24,unsafe_unpinned_baseline,5,15,3,23421787,22634386
4096,disjoint,16,24,pinned,5,0,0,17442967,13604708
4096,disjoint,16,24,pinned,5,0,1,12499186,10181408
4096,disjoint,16,24,pinned,5,0,2,15144664,12367777
4096,disjoint,16,24,pinned,5,0,3,14357544,10202578
4096,disjoint,16,24,pinned,5,1,0,27625747,23878722
4096,disjoint,16,24,pinned,5,1,1,12912338,10898044
4096,disjoint,16,24,pinned,5,1,2,14688200,12239144
4096,disjoint,16,24,pinned,5,1,3,9393095,7516522
4096,disjoint,16,24,pinned,5,2,0,15800437,12200801
4096,disjoint,16,24,pinned,5,2,1,14774504,11931441
4096,disjoint,16,24,pinned,5,2,2,31175958,29142108
4096,disjoint,16,24,pinned,5,2,3,9867844,8411636
4096,disjoint,16,24,pinned,5,3,0,18028365,13810117
4096,disjoint,16,24,pinned,5,3,1,31132065,28421643
4096,disjoint,16,24,pinned,5,3,2,15553199,13807423
4096,disjoint,16,24,pinned,5,3,3,10087139,8079939
4096,disjoint,16,24,pinned,5,4,0,17671129,14154940
4096,disjoint,16,24,pinned,5,4,1,22984809,20060563
4096,disjoint,16,24,pinned,5,4,2,14382592,12152549
4096,disjoint,16,24,pinned,5,4,3,9671943,7705911
4096,disjoint,16,24,pinned,5,5,0,15747246,12164943
4096,disjoint,16,24,pinned,5,5,1,14568724,12277666
4096,disjoint,16,24,pinned,5,5,2,14750379,12441146
4096,disjoint,16,24,pinned,5,5,3,13616531,9134295
4096,disjoint,16,24,pinned,5,6,0,17953523,14058468
4096,disjoint,16,24,pinned,5,6,1,31324730,28445569
4096,disjoint,16,24,pinned,5,6,2,25210474,23227398
4096,disjoint,16,24,pinned,5,6,3,4813534,2866457
4096,disjoint,16,24,pinned,5,7,0,16417134,13038767
4096,disjoint,16,24,pinned,5,7,1,13599038,11605403
4096,disjoint,16,24,pinned,5,7,2,15059434,12976099
4096,disjoint,16,24,pinned,5,7,3,14759305,11255942
4096,disjoint,16,24,pinned,5,8,0,34126976,30062360
4096,disjoint,16,24,pinned,5,8,1,22473200,20201620
4096,disjoint,16,24,pinned,5,8,2,12789024,10710269
4096,disjoint,16,24,pinned,5,8,3,5499563,4139738
4096,disjoint,16,24,pinned,5,9,0,17638126,13643201
4096,disjoint,16,24,pinned,5,9,1,23007132,20232377
4096,disjoint,16,24,pinned,5,9,2,14546652,12126050
4096,disjoint,16,24,pinned,5,9,3,7898355,6034426
4096,disjoint,16,24,pinned,5,10,0,17642985,13951456
4096,disjoint,16,24,pinned,5,10,1,31448825,28450649
4096,disjoint,16,24,pinned,5,10,2,25366328,23499994
4096,disjoint,16,24,pinned,5,10,3,4864050,2588541
4096,disjoint,16,24,pinned,5,11,0,34986303,31056872
4096,disjoint,16,24,pinned,5,11,1,21697132,19256330
4096,disjoint,16,24,pinned,5,11,2,11718858,9566112
4096,disjoint,16,24,pinned,5,11,3,6983934,5094596
4096,disjoint,16,24,pinned,5,12,0,15214267,11008083
4096,disjoint,16,24,pinned,5,12,1,14789993,12293476
4096,disjoint,16,24,pinned,5,12,2,14973571,12470090
4096,disjoint,16,24,pinned,5,12,3,14261102,10530579
4096,disjoint,16,24,pinned,5,13,0,17676489,13963969
4096,disjoint,16,24,pinned,5,13,1,22828343,20306037
4096,disjoint,16,24,pinned,5,13,2,14449559,12247299
4096,disjoint,16,24,pinned,5,13,3,13312386,10852047
4096,disjoint,16,24,pinned,5,14,0,28846398,25751046
4096,disjoint,16,24,pinned,5,14,1,16362060,14031857
4096,disjoint,16,24,pinned,5,14,2,12824582,8579104
4096,disjoint,16,24,pinned,5,14,3,10715569,8545660
4096,disjoint,16,24,pinned,5,15,0,8641803,5317818
4096,disjoint,16,24,pinned,5,15,1,26398974,24132372
4096,disjoint,16,24,pinned,5,15,2,27112023,24916166
4096,disjoint,16,24,pinned,5,15,3,10272359,8638356
4096,same_object,1,24,pinned,-2,0,0,8564957,4774270
4096,same_object,1,24,pinned,-2,0,1,3965318,2357674
4096,same_object,1,24,pinned,-2,0,2,7472338,3869717
4096,same_object,1,24,pinned,-2,0,3,4948149,2813487
4096,same_object,1,24,unsafe_unpinned_baseline,-2,0,0,2964863,2692578
4096,same_object,1,24,unsafe_unpinned_baseline,-2,0,1,2440812,2129943
4096,same_object,1,24,unsafe_unpinned_baseline,-2,0,2,1842037,1623063
4096,same_object,1,24,unsafe_unpinned_baseline,-2,0,3,2747953,2484725
4096,same_object,1,24,unsafe_unpinned_baseline,-1,0,0,2979040,2549147
4096,same_object,1,24,unsafe_unpinned_baseline,-1,0,1,1249826,1015943
4096,same_object,1,24,unsafe_unpinned_baseline,-1,0,2,1137333,956972
4096,same_object,1,24,unsafe_unpinned_baseline,-1,0,3,1203408,988041
4096,same_object,1,24,pinned,-1,0,0,2711594,1006185
4096,same_object,1,24,pinned,-1,0,1,2959113,1630137
4096,same_object,1,24,pinned,-1,0,2,2766919,1614327
4096,same_object,1,24,pinned,-1,0,3,2789471,1632902
4096,same_object,1,24,pinned,0,0,0,2132738,1150027
4096,same_object,1,24,pinned,0,0,1,2037157,1137464
4096,same_object,1,24,pinned,0,0,2,2097751,1186166
4096,same_object,1,24,pinned,0,0,3,1929783,1107517
4096,same_object,1,24,unsafe_unpinned_baseline,0,0,0,1447781,1319688
4096,same_object,1,24,unsafe_unpinned_baseline,0,0,1,1209420,1045760
4096,same_object,1,24,unsafe_unpinned_baseline,0,0,2,1363712,1156149
4096,same_object,1,24,unsafe_unpinned_baseline,0,0,3,1586053,1357000
4096,same_object,1,24,unsafe_unpinned_baseline,1,0,0,1631900,1308027
4096,same_object,1,24,unsafe_unpinned_baseline,1,0,1,1248403,1106806
4096,same_object,1,24,unsafe_unpinned_baseline,1,0,2,1131662,969375
4096,same_object,1,24,unsafe_unpinned_baseline,1,0,3,1015964,857955
4096,same_object,1,24,pinned,1,0,0,2792447,1515750
4096,same_object,1,24,pinned,1,0,1,2093364,1256098
4096,same_object,1,24,pinned,1,0,2,2191850,1204040
4096,same_object,1,24,pinned,1,0,3,2475607,1271297
4096,same_object,1,24,pinned,2,0,0,3316108,1638492
4096,same_object,1,24,pinned,2,0,1,2403461,1336580
4096,same_object,1,24,pinned,2,0,2,2938604,1459253
4096,same_object,1,24,pinned,2,0,3,3484808,1233034
4096,same_object,1,24,unsafe_unpinned_baseline,2,0,0,3215067,2587178
4096,same_object,1,24,unsafe_unpinned_baseline,2,0,1,3614774,3170052
4096,same_object,1,24,unsafe_unpinned_baseline,2,0,2,2473734,1947197
4096,same_object,1,24,unsafe_unpinned_baseline,2,0,3,3090422,2614099
4096,same_object,1,24,unsafe_unpinned_baseline,3,0,0,2605804,2237807
4096,same_object,1,24,unsafe_unpinned_baseline,3,0,1,2247615,1854922
4096,same_object,1,24,unsafe_unpinned_baseline,3,0,2,2891956,2512167
4096,same_object,1,24,unsafe_unpinned_baseline,3,0,3,2984401,2494022
4096,same_object,1,24,pinned,3,0,0,4860903,2508610
4096,same_object,1,24,pinned,3,0,1,4187268,2859344
4096,same_object,1,24,pinned,3,0,2,2980684,1824985
4096,same_object,1,24,pinned,3,0,3,2685856,1650124
4096,same_object,1,24,pinned,4,0,0,2445069,1395762
4096,same_object,1,24,pinned,4,0,1,2392430,1387277
4096,same_object,1,24,pinned,4,0,2,2128129,1202557
4096,same_object,1,24,pinned,4,0,3,2267353,1074745
4096,same_object,1,24,unsafe_unpinned_baseline,4,0,0,1983025,1821609
4096,same_object,1,24,unsafe_unpinned_baseline,4,0,1,1301996,1094953
4096,same_object,1,24,unsafe_unpinned_baseline,4,0,2,1065247,900876
4096,same_object,1,24,unsafe_unpinned_baseline,4,0,3,1131823,927897
4096,same_object,1,24,unsafe_unpinned_baseline,5,0,0,1127725,940551
4096,same_object,1,24,unsafe_unpinned_baseline,5,0,1,1721510,1527271
4096,same_object,1,24,unsafe_unpinned_baseline,5,0,2,1404509,1207967
4096,same_object,1,24,unsafe_unpinned_baseline,5,0,3,1249696,1017316
4096,same_object,1,24,pinned,5,0,0,2100808,971009
4096,same_object,1,24,pinned,5,0,1,3496350,1818243
4096,same_object,1,24,pinned,5,0,2,6912318,3681020
4096,same_object,1,24,pinned,5,0,3,5892216,3421879
4096,same_object,4,24,pinned,-2,0,0,8786928,5543135
4096,same_object,4,24,pinned,-2,0,1,6563818,4027285
4096,same_object,4,24,pinned,-2,0,2,4123497,1894808
4096,same_object,4,24,pinned,-2,0,3,8837623,6554962
4096,same_object,4,24,pinned,-2,1,0,8338959,4413266
4096,same_object,4,24,pinned,-2,1,1,6083107,4133597
4096,same_object,4,24,pinned,-2,1,2,5958071,3603112
4096,same_object,4,24,pinned,-2,1,3,3729862,1784759
4096,same_object,4,24,pinned,-2,2,0,8861228,5860747
4096,same_object,4,24,pinned,-2,2,1,6710385,4069425
4096,same_object,4,24,pinned,-2,2,2,5297601,2702878
4096,same_object,4,24,pinned,-2,2,3,7915086,6177236
4096,same_object,4,24,pinned,-2,3,0,8782769,5743354
4096,same_object,4,24,pinned,-2,3,1,6402713,4153084
4096,same_object,4,24,pinned,-2,3,2,6038694,3951542
4096,same_object,4,24,pinned,-2,3,3,7612964,5863452
4096,same_object,4,24,unsafe_unpinned_baseline,-2,0,0,2917454,2660498
4096,same_object,4,24,unsafe_unpinned_baseline,-2,0,1,3029707,2675085
4096,same_object,4,24,unsafe_unpinned_baseline,-2,0,2,4412966,4184653
4096,same_object,4,24,unsafe_unpinned_baseline,-2,0,3,3261425,3047450
4096,same_object,4,24,unsafe_unpinned_baseline,-2,1,0,6286733,5614160
4096,same_object,4,24,unsafe_unpinned_baseline,-2,1,1,6366885,6109648
4096,same_object,4,24,unsafe_unpinned_baseline,-2,1,2,2237577,2014504
4096,same_object,4,24,unsafe_unpinned_baseline,-2,1,3,2980272,2761940
4096,same_object,4,24,unsafe_unpinned_baseline,-2,2,0,4974298,4718545
4096,same_object,4,24,unsafe_unpinned_baseline,-2,2,1,2213631,2006860
4096,same_object,4,24,unsafe_unpinned_baseline,-2,2,2,6062348,5910190
4096,same_object,4,24,unsafe_unpinned_baseline,-2,2,3,3529814,3317160
4096,same_object,4,24,unsafe_unpinned_baseline,-2,3,0,5671258,5422457
4096,same_object,4,24,unsafe_unpinned_baseline,-2,3,1,3554120,3326438
4096,same_object,4,24,unsafe_unpinned_baseline,-2,3,2,3062117,2828815
4096,same_object,4,24,unsafe_unpinned_baseline,-2,3,3,3827887,3567515
4096,same_object,4,24,unsafe_unpinned_baseline,-1,0,0,3855320,3596620
4096,same_object,4,24,unsafe_unpinned_baseline,-1,0,1,2926882,2702917
4096,same_object,4,24,unsafe_unpinned_baseline,-1,0,2,3929981,3718200
4096,same_object,4,24,unsafe_unpinned_baseline,-1,0,3,2974121,2761989
4096,same_object,4,24,unsafe_unpinned_baseline,-1,1,0,4425649,4170056
4096,same_object,4,24,unsafe_unpinned_baseline,-1,1,1,5588511,5397139
4096,same_object,4,24,unsafe_unpinned_baseline,-1,1,2,4369272,4120953
4096,same_object,4,24,unsafe_unpinned_baseline,-1,1,3,2984962,2723607
4096,same_object,4,24,unsafe_unpinned_baseline,-1,2,0,4388910,4155037
4096,same_object,4,24,unsafe_unpinned_baseline,-1,2,1,5734107,5530983
4096,same_object,4,24,unsafe_unpinned_baseline,-1,2,2,4662247,4438694
4096,same_object,4,24,unsafe_unpinned_baseline,-1,2,3,2830058,2618147
4096,same_object,4,24,unsafe_unpinned_baseline,-1,3,0,4451839,4209540
4096,same_object,4,24,unsafe_unpinned_baseline,-1,3,1,4936787,4741979
4096,same_object,4,24,unsafe_unpinned_baseline,-1,3,2,5150151,4878206
4096,same_object,4,24,unsafe_unpinned_baseline,-1,3,3,3097074,2708008
4096,same_object,4,24,pinned,-1,0,0,7858219,5557232
4096,same_object,4,24,pinned,-1,0,1,4023999,2539779
4096,same_object,4,24,pinned,-1,0,2,4721019,2734979
4096,same_object,4,24,pinned,-1,0,3,3360423,1897994
4096,same_object,4,24,pinned,-1,1,0,7365897,5365990
4096,same_object,4,24,pinned,-1,1,1,4762908,3080793
4096,same_object,4,24,pinned,-1,1,2,5992406,4263603
4096,same_object,4,24,pinned,-1,1,3,2540571,1227193
4096,same_object,4,24,pinned,-1,2,0,6490008,4884117
4096,same_object,4,24,pinned,-1,2,1,4251079,2477631
4096,same_object,4,24,pinned,-1,2,2,4439115,2414021
4096,same_object,4,24,pinned,-1,2,3,4027175,2478993
4096,same_object,4,24,pinned,-1,3,0,3728840,2348046
4096,same_object,4,24,pinned,-1,3,1,5644768,3472525
4096,same_object,4,24,pinned,-1,3,2,3619904,1582246
4096,same_object,4,24,pinned,-1,3,3,5214814,3503835
4096,same_object,4,24,pinned,0,0,0,5728286,4314709
4096,same_object,4,24,pinned,0,0,1,3608443,2380377
4096,same_object,4,24,pinned,0,0,2,4968097,3110779
4096,same_object,4,24,pinned,0,0,3,4414749,3058300
4096,same_object,4,24,pinned,0,1,0,6143412,4718865
4096,same_object,4,24,pinned,0,1,1,4924835,3618170
4096,same_object,4,24,pinned,0,1,2,4204440,2848884
4096,same_object,4,24,pinned,0,1,3,4695661,3470671
4096,same_object,4,24,pinned,0,2,0,5627565,4163543
4096,same_object,4,24,pinned,0,2,1,5013853,3362276
4096,same_object,4,24,pinned,0,2,2,4393629,3063610
4096,same_object,4,24,pinned,0,2,3,4914836,3700206
4096,same_object,4,24,pinned,0,3,0,5844336,4484261
4096,same_object,4,24,pinned,0,3,1,5106569,3786600
4096,same_object,4,24,pinned,0,3,2,3933157,2849195
4096,same_object,4,24,pinned,0,3,3,4755114,3565872
4096,same_object,4,24,unsafe_unpinned_baseline,0,0,0,6962172,6768275
4096,same_object,4,24,unsafe_unpinned_baseline,0,0,1,3905605,3669147
4096,same_object,4,24,unsafe_unpinned_baseline,0,0,2,3680038,3475751
4096,same_object,4,24,unsafe_unpinned_baseline,0,0,3,2884761,2667891
4096,same_object,4,24,unsafe_unpinned_baseline,0,1,0,1516902,1345086
4096,same_object,4,24,unsafe_unpinned_baseline,0,1,1,4510761,4303668
4096,same_object,4,24,unsafe_unpinned_baseline,0,1,2,4260787,4048204
4096,same_object,4,24,unsafe_unpinned_baseline,0,1,3,1646858,1430950
4096,same_object,4,24,unsafe_unpinned_baseline,0,2,0,4748551,4579420
4096,same_object,4,24,unsafe_unpinned_baseline,0,2,1,1985108,1747589
4096,same_object,4,24,unsafe_unpinned_baseline,0,2,2,3727126,3537288
4096,same_object,4,24,unsafe_unpinned_baseline,0,2,3,3941864,3772964
4096,same_object,4,24,unsafe_unpinned_baseline,0,3,0,6585048,6404096
4096,same_object,4,24,unsafe_unpinned_baseline,0,3,1,3733850,3533350
4096,same_object,4,24,unsafe_unpinned_baseline,0,3,2,4073423,3884946
4096,same_object,4,24,unsafe_unpinned_baseline,0,3,3,1961644,1764300
4096,same_object,4,24,unsafe_unpinned_baseline,1,0,0,4047464,3824682
4096,same_object,4,24,unsafe_unpinned_baseline,1,0,1,2940297,2767810
4096,same_object,4,24,unsafe_unpinned_baseline,1,0,2,2581187,2305676
4096,same_object,4,24,unsafe_unpinned_baseline,1,0,3,3278328,3088287
4096,same_object,4,24,unsafe_unpinned_baseline,1,1,0,4110072,3875839
4096,same_object,4,24,unsafe_unpinned_baseline,1,1,1,3989053,3823459
4096,same_object,4,24,unsafe_unpinned_baseline,1,1,2,3064342,2866307
4096,same_object,4,24,unsafe_unpinned_baseline,1,1,3,1840315,1659152
4096,same_object,4,24,unsafe_unpinned_baseline,1,2,0,3866200,3646414
4096,same_object,4,24,unsafe_unpinned_baseline,1,2,1,2486157,2286970
4096,same_object,4,24,unsafe_unpinned_baseline,1,2,2,2778701,2569305
4096,same_object,4,24,unsafe_unpinned_baseline,1,2,3,2847501,2685094
4096,same_object,4,24,unsafe_unpinned_baseline,1,3,0,4191456,3925042
4096,same_object,4,24,unsafe_unpinned_baseline,1,3,1,3935672,3713541
4096,same_object,4,24,unsafe_unpinned_baseline,1,3,2,3007504,2808317
4096,same_object,4,24,unsafe_unpinned_baseline,1,3,3,2939325,2740358
4096,same_object,4,24,pinned,1,0,0,5811473,4024810
4096,same_object,4,24,pinned,1,0,1,2754845,1744063
4096,same_object,4,24,pinned,1,0,2,3037973,2053769
4096,same_object,4,24,pinned,1,0,3,7050970,5622375
4096,same_object,4,24,pinned,1,1,0,6055876,4260807
4096,same_object,4,24,pinned,1,1,1,5372221,4128807
4096,same_object,4,24,pinned,1,1,2,3209577,1836336
4096,same_object,4,24,pinned,1,1,3,4008289,2792648
4096,same_object,4,24,pinned,1,2,0,6695508,5035674
4096,same_object,4,24,pinned,1,2,1,3840562,2625090
4096,same_object,4,24,pinned,1,2,2,2391028,1218117
4096,same_object,4,24,pinned,1,2,3,4025301,2856499
4096,same_object,4,24,pinned,1,3,0,6347698,4685522
4096,same_object,4,24,pinned,1,3,1,5092592,4089433
4096,same_object,4,24,pinned,1,3,2,2570217,1308437
4096,same_object,4,24,pinned,1,3,3,4619767,3517971
4096,same_object,4,24,pinned,2,0,0,5898839,3962132
4096,same_object,4,24,pinned,2,0,1,6537087,4873657
4096,same_object,4,24,pinned,2,0,2,4058183,2768843
4096,same_object,4,24,pinned,2,0,3,4011666,2684132
4096,same_object,4,24,pinned,2,1,0,6598294,4718924
4096,same_object,4,24,pinned,2,1,1,5539609,3797510
4096,same_object,4,24,pinned,2,1,2,3285942,1964740
4096,same_object,4,24,pinned,2,1,3,3525915,2232527
4096,same_object,4,24,pinned,2,2,0,5827774,3760069
4096,same_object,4,24,pinned,2,2,1,6397443,3988161
4096,same_object,4,24,pinned,2,2,2,3596099,2469266
4096,same_object,4,24,pinned,2,2,3,3165013,2116397
4096,same_object,4,24,pinned,2,3,0,3564328,1306313
4096,same_object,4,24,pinned,2,3,1,4816169,2977738
4096,same_object,4,24,pinned,2,3,2,4963237,2965656
4096,same_object,4,24,pinned,2,3,3,3213996,2024864
4096,same_object,4,24,unsafe_unpinned_baseline,2,0,0,4831819,4625027
4096,same_object,4,24,unsafe_unpinned_baseline,2,0,1,4383971,4175576
4096,same_object,4,24,unsafe_unpinned_baseline,2,0,2,3778334,3524784
4096,same_object,4,24,unsafe_unpinned_baseline,2,0,3,1732861,1503678
4096,same_object,4,24,unsafe_unpinned_baseline,2,1,0,4637540,4430799
4096,same_object,4,24,unsafe_unpinned_baseline,2,1,1,3676842,3454691
4096,same_object,4,24,unsafe_unpinned_baseline,2,1,2,3276774,3075202
4096,same_object,4,24,unsafe_unpinned_baseline,2,1,3,2266551,1768709
4096,same_object,4,24,unsafe_unpinned_baseline,2,2,0,3115880,2925059
4096,same_object,4,24,unsafe_unpinned_baseline,2,2,1,2050333,1854742
4096,same_object,4,24,unsafe_unpinned_baseline,2,2,2,4028347,3810775
4096,same_object,4,24,unsafe_unpinned_baseline,2,2,3,2936059,2673162
4096,same_object,4,24,unsafe_unpinned_baseline,2,3,0,4399430,4188871
4096,same_object,4,24,unsafe_unpinned_baseline,2,3,1,3205659,2967449
4096,same_object,4,24,unsafe_unpinned_baseline,2,3,2,1758459,1567829
4096,same_object,4,24,unsafe_unpinned_baseline,2,3,3,4252622,4043877
4096,same_object,4,24,unsafe_unpinned_baseline,3,0,0,3575961,2912465
4096,same_object,4,24,unsafe_unpinned_baseline,3,0,1,5063106,4801381
4096,same_object,4,24,unsafe_unpinned_baseline,3,0,2,2900803,2502307
4096,same_object,4,24,unsafe_unpinned_baseline,3,0,3,2666168,2375718
4096,same_object,4,24,unsafe_unpinned_baseline,3,1,0,2327867,2104384
4096,same_object,4,24,unsafe_unpinned_baseline,3,1,1,2691135,2161933
4096,same_object,4,24,unsafe_unpinned_baseline,3,1,2,3970599,3313754
4096,same_object,4,24,unsafe_unpinned_baseline,3,1,3,4244557,3873574
4096,same_object,4,24,unsafe_unpinned_baseline,3,2,0,2909499,2625702
4096,same_object,4,24,unsafe_unpinned_baseline,3,2,1,2697909,2437516
4096,same_object,4,24,unsafe_unpinned_baseline,3,2,2,3564038,3071676
4096,same_object,4,24,unsafe_unpinned_baseline,3,2,3,2496647,2165831
4096,same_object,4,24,unsafe_unpinned_baseline,3,3,0,3538570,2891134
4096,same_object,4,24,unsafe_unpinned_baseline,3,3,1,5536694,5260169
4096,same_object,4,24,unsafe_unpinned_baseline,3,3,2,4683888,4375945
4096,same_object,4,24,unsafe_unpinned_baseline,3,3,3,1404059,1181627
4096,same_object,4,24,pinned,3,0,0,5224432,3651404
4096,same_object,4,24,pinned,3,0,1,4888676,3512350
4096,same_object,4,24,pinned,3,0,2,3298094,1313046
4096,same_object,4,24,pinned,3,0,3,5163196,3555232
4096,same_object,4,24,pinned,3,1,0,5434309,3517380
4096,same_object,4,24,pinned,3,1,1,6232491,4770522
4096,same_object,4,24,pinned,3,1,2,6357818,3791559
4096,same_object,4,24,pinned,3,1,3,3784746,1555114
4096,same_object,4,24,pinned,3,2,0,5592238,3905024
4096,same_object,4,24,pinned,3,2,1,5293493,3894925
4096,same_object,4,24,pinned,3,2,2,4753139,3209767
4096,same_object,4,24,pinned,3,2,3,4975380,3140376
4096,same_object,4,24,pinned,3,3,0,4373271,2698109
4096,same_object,4,24,pinned,3,3,1,4370535,2549156
4096,same_object,4,24,pinned,3,3,2,2928725,1667998
4096,same_object,4,24,pinned,3,3,3,5843764,2674143
4096,same_object,4,24,pinned,4,0,0,4127625,1612853
4096,same_object,4,24,pinned,4,0,1,3334203,1692735
4096,same_object,4,24,pinned,4,0,2,5360099,3669758
4096,same_object,4,24,pinned,4,0,3,6158120,4186807
4096,same_object,4,24,pinned,4,1,0,7106436,4642059
4096,same_object,4,24,pinned,4,1,1,5770716,3746964
4096,same_object,4,24,pinned,4,1,2,6082837,4000364
4096,same_object,4,24,pinned,4,1,3,3517851,2130744
4096,same_object,4,24,pinned,4,2,0,2893619,1224919
4096,same_object,4,24,pinned,4,2,1,4058474,2054680
4096,same_object,4,24,pinned,4,2,2,5881015,3543991
4096,same_object,4,24,pinned,4,2,3,4048576,2497328
4096,same_object,4,24,pinned,4,3,0,6428081,3944749
4096,same_object,4,24,pinned,4,3,1,6734492,4089363
4096,same_object,4,24,pinned,4,3,2,5482530,3711086
4096,same_object,4,24,pinned,4,3,3,3879836,1824224
4096,same_object,4,24,unsafe_unpinned_baseline,4,0,0,6353098,6114327
4096,same_object,4,24,unsafe_unpinned_baseline,4,0,1,5232678,5013112
4096,same_object,4,24,unsafe_unpinned_baseline,4,0,2,2054309,1822931
4096,same_object,4,24,unsafe_unpinned_baseline,4,0,3,2800743,2599331
4096,same_object,4,24,unsafe_unpinned_baseline,4,1,0,4262100,4010744
4096,same_object,4,24,unsafe_unpinned_baseline,4,1,1,2902365,2692838
4096,same_object,4,24,unsafe_unpinned_baseline,4,1,2,4741337,4543773
4096,same_object,4,24,unsafe_unpinned_baseline,4,1,3,2343707,2175870
4096,same_object,4,24,unsafe_unpinned_baseline,4,2,0,6945591,6699204
4096,same_object,4,24,unsafe_unpinned_baseline,4,2,1,4812202,4617142
4096,same_object,4,24,unsafe_unpinned_baseline,4,2,2,4387237,4164815
4096,same_object,4,24,unsafe_unpinned_baseline,4,2,3,2343367,1802323
4096,same_object,4,24,unsafe_unpinned_baseline,4,3,0,4328505,4087379
4096,same_object,4,24,unsafe_unpinned_baseline,4,3,1,1986110,1767276
4096,same_object,4,24,unsafe_unpinned_baseline,4,3,2,1576836,1317214
4096,same_object,4,24,unsafe_unpinned_baseline,4,3,3,4003490,3792430
4096,same_object,4,24,unsafe_unpinned_baseline,5,0,0,4907051,4714346
4096,same_object,4,24,unsafe_unpinned_baseline,5,0,1,9315518,9058160
4096,same_object,4,24,unsafe_unpinned_baseline,5,0,2,5057075,4519286
4096,same_object,4,24,unsafe_unpinned_baseline,5,0,3,3595257,2874122
4096,same_object,4,24,unsafe_unpinned_baseline,5,1,0,14231035,13974369
4096,same_object,4,24,unsafe_unpinned_baseline,5,1,1,3319856,2820801
4096,same_object,4,24,unsafe_unpinned_baseline,5,1,2,3150294,2906783
4096,same_object,4,24,unsafe_unpinned_baseline,5,1,3,3505167,2578962
4096,same_object,4,24,unsafe_unpinned_baseline,5,2,0,5081071,4853560
4096,same_object,4,24,unsafe_unpinned_baseline,5,2,1,9136509,8881717
4096,same_object,4,24,unsafe_unpinned_baseline,5,2,2,3605667,3107022
4096,same_object,4,24,unsafe_unpinned_baseline,5,2,3,2864593,2599021
4096,same_object,4,24,unsafe_unpinned_baseline,5,3,0,5596937,5416205
4096,same_object,4,24,unsafe_unpinned_baseline,5,3,1,8612086,8364457
4096,same_object,4,24,unsafe_unpinned_baseline,5,3,2,4055939,3560812
4096,same_object,4,24,unsafe_unpinned_baseline,5,3,3,2398731,2192732
4096,same_object,4,24,pinned,5,0,0,4158784,2457483
4096,same_object,4,24,pinned,5,0,1,3346657,2365689
4096,same_object,4,24,pinned,5,0,2,2827493,1842048
4096,same_object,4,24,pinned,5,0,3,5832092,4658130
4096,same_object,4,24,pinned,5,1,0,5415534,3531737
4096,same_object,4,24,pinned,5,1,1,4853219,2908106
4096,same_object,4,24,pinned,5,1,2,4375064,2905732
4096,same_object,4,24,pinned,5,1,3,3094128,1522864
4096,same_object,4,24,pinned,5,2,0,5255601,3467826
4096,same_object,4,24,pinned,5,2,1,4980750,3651774
4096,same_object,4,24,pinned,5,2,2,5969943,4589850
4096,same_object,4,24,pinned,5,2,3,3009488,1210733
4096,same_object,4,24,pinned,5,3,0,6932445,5212870
4096,same_object,4,24,pinned,5,3,1,3366203,2250522
4096,same_object,4,24,pinned,5,3,2,2755588,1575503
4096,same_object,4,24,pinned,5,3,3,4197227,2400165
4096,same_object,16,24,pinned,-2,0,0,24269892,20863082
4096,same_object,16,24,pinned,-2,0,1,13542742,11620853
4096,same_object,16,24,pinned,-2,0,2,18255715,16238776
4096,same_object,16,24,pinned,-2,0,3,13357471,11886025
4096,same_object,16,24,pinned,-2,1,0,10192959,5974142
4096,same_object,16,24,pinned,-2,1,1,20188625,17651522
4096,same_object,16,24,pinned,-2,1,2,8349569,6498554
4096,same_object,16,24,pinned,-2,1,3,30736316,29319002
4096,same_object,16,24,pinned,-2,2,0,35324303,30888774
4096,same_object,16,24,pinned,-2,2,1,10271839,8406567
4096,same_object,16,24,pinned,-2,2,2,16844263,15160145
4096,same_object,16,24,pinned,-2,2,3,8652052,7642421
4096,same_object,16,24,pinned,-2,3,0,19427534,15757134
4096,same_object,16,24,pinned,-2,3,1,15144605,13389571
4096,same_object,16,24,pinned,-2,3,2,10682556,9194619
4096,same_object,16,24,pinned,-2,3,3,17379226,15505709
4096,same_object,16,24,pinned,-2,4,0,23825711,20176142
4096,same_object,16,24,pinned,-2,4,1,13894968,12141128
4096,same_object,16,24,pinned,-2,4,2,27897902,26337126
4096,same_object,16,24,pinned,-2,4,3,6600347,5355831
4096,same_object,16,24,pinned,-2,5,0,23952982,20818488
4096,same_object,16,24,pinned,-2,5,1,13945224,11123972
4096,same_object,16,24,pinned,-2,5,2,18163601,16302717
4096,same_object,16,24,pinned,-2,5,3,12274330,10789900
4096,same_object,16,24,pinned,-2,6,0,35172625,31489342
4096,same_object,16,24,pinned,-2,6,1,23035195,21494698
4096,same_object,16,24,pinned,-2,6,2,12947535,11727795
4096,same_object,16,24,pinned,-2,6,3,2280197,1281126
4096,same_object,16,24,pinned,-2,7,0,22228978,19255869
4096,same_object,16,24,pinned,-2,7,1,14437195,13265347
4096,same_object,16,24,pinned,-2,7,2,18848117,17306608
4096,same_object,16,24,pinned,-2,7,3,13852939,12226901
4096,same_object,16,24,pinned,-2,8,0,11943213,8525552
4096,same_object,16,24,pinned,-2,8,1,25813485,24232712
4096,same_object,16,24,pinned,-2,8,2,27771072,26286351
4096,same_object,16,24,pinned,-2,8,3,6704465,5677159
4096,same_object,16,24,pinned,-2,9,0,21726737,18722930
4096,same_object,16,24,pinned,-2,9,1,15248161,14023862
4096,same_object,16,24,pinned,-2,9,2,15621468,13126553
4096,same_object,16,24,pinned,-2,9,3,14591929,12591591
4096,same_object,16,24,pinned,-2,10,0,10895630,7718233
4096,same_object,16,24,pinned,-2,10,1,19438374,17009816
4096,same_object,16,24,pinned,-2,10,2,8332888,6277866
4096,same_object,16,24,pinned,-2,10,3,31195506,29936151
4096,same_object,16,24,pinned,-2,11,0,11956488,8483723
4096,same_object,16,24,pinned,-2,11,1,26168878,24386022
4096,same_object,16,24,pinned,-2,11,2,17848865,15819773
4096,same_object,16,24,pinned,-2,11,3,12755030,10994587
4096,same_object,16,24,pinned,-2,12,0,34933232,30948367
4096,same_object,16,24,pinned,-2,12,1,11737404,9769938
4096,same_object,16,24,pinned,-2,12,2,13297007,11427316
4096,same_object,16,24,pinned,-2,12,3,10962486,9976941
4096,same_object,16,24,pinned,-2,13,0,24026080,20205527
4096,same_object,16,24,pinned,-2,13,1,13596875,11993969
4096,same_object,16,24,pinned,-2,13,2,14983891,12367376
4096,same_object,16,24,pinned,-2,13,3,14579605,12948436
4096,same_object,16,24,pinned,-2,14,0,18308926,15077307
4096,same_object,16,24,pinned,-2,14,1,16941036,14774414
4096,same_object,16,24,pinned,-2,14,2,11083936,9055916
4096,same_object,16,24,pinned,-2,14,3,15385370,13564774
4096,same_object,16,24,pinned,-2,15,0,11151093,7727922
4096,same_object,16,24,pinned,-2,15,1,23733467,21654090
4096,same_object,16,24,pinned,-2,15,2,9744170,8247065
4096,same_object,16,24,pinned,-2,15,3,17779003,16114251
4096,same_object,16,24,unsafe_unpinned_baseline,-2,0,0,10069035,9351095
4096,same_object,16,24,unsafe_unpinned_baseline,-2,0,1,14900322,14341905
4096,same_object,16,24,unsafe_unpinned_baseline,-2,0,2,14664426,14387511
4096,same_object,16,24,unsafe_unpinned_baseline,-2,0,3,19014713,18490840
4096,same_object,16,24,unsafe_unpinned_baseline,-2,1,0,22668370,22013941
4096,same_object,16,24,unsafe_unpinned_baseline,-2,1,1,18061177,17699021
4096,same_object,16,24,unsafe_unpinned_baseline,-2,1,2,10428956,10178792
4096,same_object,16,24,unsafe_unpinned_baseline,-2,1,3,7281637,7022526
4096,same_object,16,24,unsafe_unpinned_baseline,-2,2,0,22538234,21871251
4096,same_object,16,24,unsafe_unpinned_baseline,-2,2,1,18150526,17867731
4096,same_object,16,24,unsafe_unpinned_baseline,-2,2,2,10574312,10312756
4096,same_object,16,24,unsafe_unpinned_baseline,-2,2,3,7147012,6925383
4096,same_object,16,24,unsafe_unpinned_baseline,-2,3,0,10532723,9866551
4096,same_object,16,24,unsafe_unpinned_baseline,-2,3,1,13118458,12870780
4096,same_object,16,24,unsafe_unpinned_baseline,-2,3,2,14838736,14561190
4096,same_object,16,24,unsafe_unpinned_baseline,-2,3,3,12498775,12267026
4096,same_object,16,24,unsafe_unpinned_baseline,-2,4,0,7931257,7629436
4096,same_object,16,24,unsafe_unpinned_baseline,-2,4,1,12354292,12047170
4096,same_object,16,24,unsafe_unpinned_baseline,-2,4,2,9953796,9542558
4096,same_object,16,24,unsafe_unpinned_baseline,-2,4,3,14672461,14460720
4096,same_object,16,24,unsafe_unpinned_baseline,-2,5,0,26007533,24784507
4096,same_object,16,24,unsafe_unpinned_baseline,-2,5,1,14501917,14072014
4096,same_object,16,24,unsafe_unpinned_baseline,-2,5,2,11358998,10977916
4096,same_object,16,24,unsafe_unpinned_baseline,-2,5,3,9951472,9403314
4096,same_object,16,24,unsafe_unpinned_baseline,-2,6,0,2901263,2594192
4096,same_object,16,24,unsafe_unpinned_baseline,-2,6,1,7136903,6884665
4096,same_object,16,24,unsafe_unpinned_baseline,-2,6,2,13668911,13217416
4096,same_object,16,24,unsafe_unpinned_baseline,-2,6,3,14580106,14286039
4096,same_object,16,24,unsafe_unpinned_baseline,-2,7,0,4587927,4303578
4096,same_object,16,24,unsafe_unpinned_baseline,-2,7,1,17394956,17208112
4096,same_object,16,24,unsafe_unpinned_baseline,-2,7,2,8844556,8452323
4096,same_object,16,24,unsafe_unpinned_baseline,-2,7,3,15050146,14799211
4096,same_object,16,24,unsafe_unpinned_baseline,-2,8,0,26752864,26135786
4096,same_object,16,24,unsafe_unpinned_baseline,-2,8,1,24720215,24394828
4096,same_object,16,24,unsafe_unpinned_baseline,-2,8,2,6889675,6672494
4096,same_object,16,24,unsafe_unpinned_baseline,-2,8,3,2392250,2182623
4096,same_object,16,24,unsafe_unpinned_baseline,-2,9,0,22648082,22302407
4096,same_object,16,24,unsafe_unpinned_baseline,-2,9,1,17966798,17650860
4096,same_object,16,24,unsafe_unpinned_baseline,-2,9,2,10579822,10319008
4096,same_object,16,24,unsafe_unpinned_baseline,-2,9,3,7149286,6925002
4096,same_object,16,24,unsafe_unpinned_baseline,-2,10,0,5566670,4990209
4096,same_object,16,24,unsafe_unpinned_baseline,-2,10,1,13097479,12878954
4096,same_object,16,24,unsafe_unpinned_baseline,-2,10,2,10585142,9971019
4096,same_object,16,24,unsafe_unpinned_baseline,-2,10,3,13996491,13728864
4096,same_object,16,24,unsafe_unpinned_baseline,-2,11,0,3629812,3373447
4096,same_object,16,24,unsafe_unpinned_baseline,-2,11,1,6008546,5787568
4096,same_object,16,24,unsafe_unpinned_baseline,-2,11,2,26376671,26079529
4096,same_object,16,24,unsafe_unpinned_baseline,-2,11,3,12901868,12566122
4096,same_object,16,24,unsafe_unpinned_baseline,-2,12,0,25159997,24823180
4096,same_object,16,24,unsafe_unpinned_baseline,-2,12,1,13864251,13631559
4096,same_object,16,24,unsafe_unpinned_baseline,-2,12,2,12083579,11853523
4096,same_object,16,24,unsafe_unpinned_baseline,-2,12,3,7255578,7007958
4096,same_object,16,24,unsafe_unpinned_baseline,-2,13,0,10449344,9885458
4096,same_object,16,24,unsafe_unpinned_baseline,-2,13,1,26759086,26501547
4096,same_object,16,24,unsafe_unpinned_baseline,-2,13,2,13977925,13525098
4096,same_object,16,24,unsafe_unpinned_baseline,-2,13,3,8434830,8174828
4096,same_object,16,24,unsafe_unpinned_baseline,-2,14,0,22342473,21776662
4096,same_object,16,24,unsafe_unpinned_baseline,-2,14,1,18284319,17857611
4096,same_object,16,24,unsafe_unpinned_baseline,-2,14,2,10422865,10159025
4096,same_object,16,24,unsafe_unpinned_baseline,-2,14,3,7253524,6980848
4096,same_object,16,24,unsafe_unpinned_baseline,-2,15,0,10427363,9885767
4096,same_object,16,24,unsafe_unpinned_baseline,-2,15,1,13566517,13373892
4096,same_object,16,24,unsafe_unpinned_baseline,-2,15,2,14100638,13763480
4096,same_object,16,24,unsafe_unpinned_baseline,-2,15,3,12912188,12641145
4096,same_object,16,24,unsafe_unpinned_baseline,-1,0,0,17522948,16738262
4096,same_object,16,24,unsafe_unpinned_baseline,-1,0,1,20217870,19854052
4096,same_object,16,24,unsafe_unpinned_baseline,-1,0,2,13446690,13167261
4096,same_object,16,24,unsafe_unpinned_baseline,-1,0,3,9448780,9157750
4096,same_object,16,24,unsafe_unpinned_baseline,-1,1,0,17468034,16787525
4096,same_object,16,24,unsafe_unpinned_baseline,-1,1,1,20387131,19958119
4096,same_object,16,24,unsafe_unpinned_baseline,-1,1,2,13259836,13000725
4096,same_object,16,24,unsafe_unpinned_baseline,-1,1,3,9430726,9085402
4096,same_object,16,24,unsafe_unpinned_baseline,-1,2,0,17303683,16751777
4096,same_object,16,24,unsafe_unpinned_baseline,-1,2,1,29783592,29452505
4096,same_object,16,24,unsafe_unpinned_baseline,-1,2,2,7884468,7382508
4096,same_object,16,24,unsafe_unpinned_baseline,-1,2,3,6777552,6517650
4096,same_object,16,24,unsafe_unpinned_baseline,-1,3,0,15655462,15273048
4096,same_object,16,24,unsafe_unpinned_baseline,-1,3,1,9918299,9234424
4096,same_object,16,24,unsafe_unpinned_baseline,-1,3,2,13523135,13095334
4096,same_object,16,24,unsafe_unpinned_baseline,-1,3,3,12689266,12463088
4096,same_object,16,24,unsafe_unpinned_baseline,-1,4,0,15649631,15354623
4096,same_object,16,24,unsafe_unpinned_baseline,-1,4,1,9898873,9212923
4096,same_object,16,24,unsafe_unpinned_baseline,-1,4,2,13741348,13299270
4096,same_object,16,24,unsafe_unpinned_baseline,-1,4,3,12463729,12237460
4096,same_object,16,24,unsafe_unpinned_baseline,-1,5,0,17427347,16876284
4096,same_object,16,24,unsafe_unpinned_baseline,-1,5,1,20317850,19905279
4096,same_object,16,24,unsafe_unpinned_baseline,-1,5,2,13338955,13079795
4096,same_object,16,24,unsafe_unpinned_baseline,-1,5,3,8806104,8491969
4096,same_object,16,24,unsafe_unpinned_baseline,-1,6,0,17397210,16841738
4096,same_object,16,24,unsafe_unpinned_baseline,-1,6,1,19641178,19218037
4096,same_object,16,24,unsafe_unpinned_baseline,-1,6,2,13351008,13115222
4096,same_object,16,24,unsafe_unpinned_baseline,-1,6,3,10826699,10531461
4096,same_object,16,24,unsafe_unpinned_baseline,-1,7,0,17314193,16730418
4096,same_object,16,24,unsafe_unpinned_baseline,-1,7,1,20333950,19858150
4096,same_object,16,24,unsafe_unpinned_baseline,-1,7,2,13402907,13142134
4096,same_object,16,24,unsafe_unpinned_baseline,-1,7,3,10635687,10310171
4096,same_object,16,24,unsafe_unpinned_baseline,-1,8,0,14356823,14090169
4096,same_object,16,24,unsafe_unpinned_baseline,-1,8,1,8680104,8425794
4096,same_object,16,24,unsafe_unpinned_baseline,-1,8,2,13065067,12749600
4096,same_object,16,24,unsafe_unpinned_baseline,-1,8,3,13680202,13454535
4096,same_object,16,24,unsafe_unpinned_baseline,-1,9,0,5019905,4724576
4096,same_object,16,24,unsafe_unpinned_baseline,-1,9,1,12084130,11599503
4096,same_object,16,24,unsafe_unpinned_baseline,-1,9,2,8425102,7934664
4096,same_object,16,24,unsafe_unpinned_baseline,-1,9,3,13304721,12859828
4096,same_object,16,24,unsafe_unpinned_baseline,-1,10,0,17139872,16894347
4096,same_object,16,24,unsafe_unpinned_baseline,-1,10,1,8777530,8516835
4096,same_object,16,24,unsafe_unpinned_baseline,-1,10,2,25199803,24683395
4096,same_object,16,24,unsafe_unpinned_baseline,-1,10,3,9436166,9161155
4096,same_object,16,24,unsafe_unpinned_baseline,-1,11,0,17721684,17388403
4096,same_object,16,24,unsafe_unpinned_baseline,-1,11,1,20111920,19709228
4096,same_object,16,24,unsafe_unpinned_baseline,-1,11,2,12673987,12323173
4096,same_object,16,24,unsafe_unpinned_baseline,-1,11,3,10284643,10043046
4096,same_object,16,24,unsafe_unpinned_baseline,-1,12,0,17126197,16825106
4096,same_object,16,24,unsafe_unpinned_baseline,-1,12,1,8811264,8333088
4096,same_object,16,24,unsafe_unpinned_baseline,-1,12,2,13056320,12548379
4096,same_object,16,24,unsafe_unpinned_baseline,-1,12,3,12843858,12577163
4096,same_object,16,24,unsafe_unpinned_baseline,-1,13,0,17301388,17033972
4096,same_object,16,24,unsafe_unpinned_baseline,-1,13,1,8198543,7935355
4096,same_object,16,24,unsafe_unpinned_baseline,-1,13,2,13532492,13088141
4096,same_object,16,24,unsafe_unpinned_baseline,-1,13,3,12729592,12508343
4096,same_object,16,24,unsafe_unpinned_baseline,-1,14,0,17436304,16730177
4096,same_object,16,24,unsafe_unpinned_baseline,-1,14,1,20277804,19900639
4096,same_object,16,24,unsafe_unpinned_baseline,-1,14,2,23531885,23081773
4096,same_object,16,24,unsafe_unpinned_baseline,-1,14,3,1371717,1083110
4096,same_object,16,24,unsafe_unpinned_baseline,-1,15,0,15925192,15652086
4096,same_object,16,24,unsafe_unpinned_baseline,-1,15,1,9575541,8912745
4096,same_object,16,24,unsafe_unpinned_baseline,-1,15,2,29000980,28460868
4096,same_object,16,24,unsafe_unpinned_baseline,-1,15,3,7075226,6775730
4096,same_object,16,24,pinned,-1,0,0,29764475,25612765
4096,same_object,16,24,pinned,-1,0,1,32744187,28948080
4096,same_object,16,24,pinned,-1,0,2,15104679,12395139
4096,same_object,16,24,pinned,-1,0,3,9555583,7174714
4096,same_object,16,24,pinned,-1,1,0,30174592,26012462
4096,same_object,16,24,pinned,-1,1,1,17666920,14685425
4096,same_object,16,24,pinned,-1,1,2,25412836,23049402
4096,same_object,16,24,pinned,-1,1,3,11442815,8271722
4096,same_object,16,24,pinned,-1,2,0,8062225,5228970
4096,same_object,16,24,pinned,-1,2,1,29896446,27078070
4096,same_object,16,24,pinned,-1,2,2,20030445,17517517
4096,same_object,16,24,pinned,-1,2,3,14222870,11882889
4096,same_object,16,24,pinned,-1,3,0,30402112,25802134
4096,same_object,16,24,pinned,-1,3,1,31481227,28599270
4096,same_object,16,24,pinned,-1,3,2,24043043,21472706
4096,same_object,16,24,pinned,-1,3,3,5148147,3422951
4096,same_object,16,24,pinned,-1,4,0,29571430,25885672
4096,same_object,16,24,pinned,-1,4,1,32270150,28580524
4096,same_object,16,24,pinned,-1,4,2,24116853,21350455
4096,same_object,16,24,pinned,-1,4,3,4370164,2787257
4096,same_object,16,24,pinned,-1,5,0,27581313,24347489
4096,same_object,16,24,pinned,-1,5,1,12909011,10020863
4096,same_object,16,24,pinned,-1,5,2,19928633,18018917
4096,same_object,16,24,pinned,-1,5,3,12685438,9893673
4096,same_object,16,24,pinned,-1,6,0,29959785,26059000
4096,same_object,16,24,pinned,-1,6,1,17768814,14560128
4096,same_object,16,24,pinned,-1,6,2,20745018,18616458
4096,same_object,16,24,pinned,-1,6,3,16201676,13170557
4096,same_object,16,24,pinned,-1,7,0,8234671,5647864
4096,same_object,16,24,pinned,-1,7,1,30461817,28340369
4096,same_object,16,24,pinned,-1,7,2,19155288,16931318
4096,same_object,16,24,pinned,-1,7,3,14102532,11574876
4096,same_object,16,24,pinned,-1,8,0,9238582,6463628
4096,same_object,16,24,pinned,-1,8,1,35935500,31385244
4096,same_object,16,24,pinned,-1,8,2,21588445,18934370
4096,same_object,16,24,pinned,-1,8,3,17829539,14889422
4096,same_object,16,24,pinned,-1,9,0,39220780,36072700
4096,same_object,16,24,pinned,-1,9,1,18167408,15836394
4096,same_object,16,24,pinned,-1,9,2,15661523,13626670
4096,same_object,16,24,pinned,-1,9,3,13927330,11730450
4096,same_object,16,24,pinned,-1,10,0,7943730,5221807
4096,same_object,16,24,pinned,-1,10,1,37648082,34976955
4096,same_object,16,24,pinned,-1,10,2,21037432,18757255
4096,same_object,16,24,pinned,-1,10,3,17883441,14779122
4096,same_object,16,24,pinned,-1,11,0,27550894,24350034
4096,same_object,16,24,pinned,-1,11,1,12848857,9225608
4096,same_object,16,24,pinned,-1,11,2,29865958,26900042
4096,same_object,16,24,pinned,-1,11,3,14530532,10485633
4096,same_object,16,24,pinned,-1,12,0,30775300,25662920
4096,same_object,16,24,pinned,-1,12,1,38559929,35867821
4096,same_object,16,24,pinned,-1,12,2,15227461,11656300
4096,same_object,16,24,pinned,-1,12,3,5700423,3537327
4096,same_object,16,24,pinned,-1,13,0,24258281,20989541
4096,same_object,16,24,pinned,-1,13,1,16219119,12856783
4096,same_object,16,24,pinned,-1,13,2,18502964,16470946
4096,same_object,16,24,pinned,-1,13,3,14016639,11931881
4096,same_object,16,24,pinned,-1,14,0,30341057,25611933
4096,same_object,16,24,pinned,-1,14,1,14943424,11761118
4096,same_object,16,24,pinned,-1,14,2,21231349,18577404
4096,same_object,16,24,pinned,-1,14,3,13019050,10621080
4096,same_object,16,24,pinned,-1,15,0,7936747,5227879
4096,same_object,16,24,pinned,-1,15,1,26717477,24365644
4096,same_object,16,24,pinned,-1,15,2,13037435,10574532
4096,same_object,16,24,pinned,-1,15,3,17052758,15123044
4096,same_object,16,24,pinned,0,0,0,27277086,24653459
4096,same_object,16,24,pinned,0,0,1,24883063,22953249
4096,same_object,16,24,pinned,0,0,2,13950324,12609795
4096,same_object,16,24,pinned,0,0,3,5883269,3889444
4096,same_object,16,24,pinned,0,1,0,26225816,23525743
4096,same_object,16,24,pinned,0,1,1,13413337,10949471
4096,same_object,16,24,pinned,0,1,2,15613603,13970261
4096,same_object,16,24,pinned,0,1,3,11687890,10553652
4096,same_object,16,24,pinned,0,2,0,19383550,16679651
4096,same_object,16,24,pinned,0,2,1,8657442,6257398
4096,same_object,16,24,pinned,0,2,2,24272838,22640237
4096,same_object,16,24,pinned,0,2,3,15365913,13986271
4096,same_object,16,24,pinned,0,3,0,10484651,7604318
4096,same_object,16,24,pinned,0,3,1,14134753,12542487
4096,same_object,16,24,pinned,0,3,2,8766538,7193911
4096,same_object,16,24,pinned,0,3,3,16155399,14307209
4096,same_object,16,24,pinned,0,4,0,5820090,2969503
4096,same_object,16,24,pinned,0,4,1,21372176,19241662
4096,same_object,16,24,pinned,0,4,2,14050773,11880885
4096,same_object,16,24,pinned,0,4,3,13263322,11635140
4096,same_object,16,24,pinned,0,5,0,27328604,23694343
4096,same_object,16,24,pinned,0,5,1,24837537,23070311
4096,same_object,16,24,pinned,0,5,2,15422120,14084106
4096,same_object,16,24,pinned,0,5,3,4578909,2809099
4096,same_object,16,24,pinned,0,6,0,10908805,7905127
4096,same_object,16,24,pinned,0,6,1,14105818,12380141
4096,same_object,16,24,pinned,0,6,2,15222392,13348164
4096,same_object,16,24,pinned,0,6,3,14961308,13444585
4096,same_object,16,24,pinned,0,7,0,11639137,9002515
4096,same_object,16,24,pinned,0,7,1,20082103,17906403
4096,same_object,16,24,pinned,0,7,2,16655826,15026211
4096,same_object,16,24,pinned,0,7,3,10281567,8906734
4096,same_object,16,24,pinned,0,8,0,21750643,19002640
4096,same_object,16,24,pinned,0,8,1,12494367,10554474
4096,same_object,16,24,pinned,0,8,2,17043550,15589216
4096,same_object,16,24,pinned,0,8,3,14638066,13181337
4096,same_object,16,24,pinned,0,9,0,22206686,19749423
4096,same_object,16,24,pinned,0,9,1,24102455,22130612
4096,same_object,16,24,pinned,0,9,2,12415167,10693938
4096,same_object,16,24,pinned,0,9,3,10719656,9369971
4096,same_object,16,24,pinned,0,10,0,18330136,15640083
4096,same_object,16,24,pinned,0,10,1,9582183,7416452
4096,same_object,16,24,pinned,0,10,2,24296473,22720359
4096,same_object,16,24,pinned,0,10,3,14860617,13585343
4096,same_object,16,24,pinned,0,11,0,27188509,24609706
4096,same_object,16,24,pinned,0,11,1,14802516,12739902
4096,same_object,16,24,pinned,0,11,2,10995488,9505597
4096,same_object,16,24,pinned,0,11,3,18875208,17314132
4096,same_object,16,24,pinned,0,12,0,21898443,19204973
4096,same_object,16,24,pinned,0,12,1,11409493,9819362
4096,same_object,16,24,pinned,0,12,2,15898863,14175530
4096,same_object,16,24,pinned,0,12,3,10304139,9138984
4096,same_object,16,24,pinned,0,13,0,21424895,18693495
4096,same_object,16,24,pinned,0,13,1,24732468,22448785
4096,same_object,16,24,pinned,0,13,2,11245102,9432229
4096,same_object,16,24,pinned,0,13,3,12490599,10527213
4096,same_object,16,24,pinned,0,14,0,26779233,24194880
4096,same_object,16,24,pinned,0,14,1,11815862,9960479
4096,same_object,16,24,pinned,0,14,2,16531851,14788791
4096,same_object,16,24,pinned,0,14,3,10897232,9875177
4096,same_object,16,24,pinned,0,15,0,27128345,24791590
4096,same_object,16,24,pinned,0,15,1,14654256,12503765
4096,same_object,16,24,pinned,0,15,2,11198403,9574598
4096,same_object,16,24,pinned,0,15,3,14645409,13451028
4096,same_object,16,24,unsafe_unpinned_baseline,0,0,0,22857959,21089070
4096,same_object,16,24,unsafe_unpinned_baseline,0,0,1,10958839,10197207
4096,same_object,16,24,unsafe_unpinned_baseline,0,0,2,35509103,35073689
4096,same_object,16,24,unsafe_unpinned_baseline,0,0,3,6163140,5901684
4096,same_object,16,24,unsafe_unpinned_baseline,0,1,0,23081302,21372266
4096,same_object,16,24,unsafe_unpinned_baseline,0,1,1,21713201,21105261
4096,same_object,16,24,unsafe_unpinned_baseline,0,1,2,16944293,16633634
4096,same_object,16,24,unsafe_unpinned_baseline,0,1,3,9568928,9211160
4096,same_object,16,24,unsafe_unpinned_baseline,0,2,0,10852558,10389311
4096,same_object,16,24,unsafe_unpinned_baseline,0,2,1,22209761,21551295
4096,same_object,16,24,unsafe_unpinned_baseline,0,2,2,15258781,14790745
4096,same_object,16,24,unsafe_unpinned_baseline,0,2,3,17938885,17384526
4096,same_object,16,24,unsafe_unpinned_baseline,0,3,0,10838251,10389691
4096,same_object,16,24,unsafe_unpinned_baseline,0,3,1,22209801,21576713
4096,same_object,16,24,unsafe_unpinned_baseline,0,3,2,15240857,14684504
4096,same_object,16,24,unsafe_unpinned_baseline,0,3,3,17863533,17577331
4096,same_object,16,24,unsafe_unpinned_baseline,0,4,0,11232698,10756276
4096,same_object,16,24,unsafe_unpinned_baseline,0,4,1,26258948,25590472
4096,same_object,16,24,unsafe_unpinned_baseline,0,4,2,12398095,12108385
4096,same_object,16,24,unsafe_unpinned_baseline,0,4,3,22979990,22536891
4096,same_object,16,24,unsafe_unpinned_baseline,0,5,0,11174929,10741227
4096,same_object,16,24,unsafe_unpinned_baseline,0,5,1,26152557,25486415
4096,same_object,16,24,unsafe_unpinned_baseline,0,5,2,12833760,12539762
4096,same_object,16,24,unsafe_unpinned_baseline,0,5,3,21747917,21524204
4096,same_object,16,24,unsafe_unpinned_baseline,0,6,0,22790762,21172818
4096,same_object,16,24,unsafe_unpinned_baseline,0,6,1,11052637,10288080
4096,same_object,16,24,unsafe_unpinned_baseline,0,6,2,14074599,13759853
4096,same_object,16,24,unsafe_unpinned_baseline,0,6,3,18072147,17770837
4096,same_object,16,24,unsafe_unpinned_baseline,0,7,0,23005088,21388647
4096,same_object,16,24,unsafe_unpinned_baseline,0,7,1,28512476,27891630
4096,same_object,16,24,unsafe_unpinned_baseline,0,7,2,22050380,21557657
4096,same_object,16,24,unsafe_unpinned_baseline,0,7,3,3874276,3042981
4096,same_object,16,24,unsafe_unpinned_baseline,0,8,0,33035819,31350509
4096,same_object,16,24,unsafe_unpinned_baseline,0,8,1,14980715,14551862
4096,same_object,16,24,unsafe_unpinned_baseline,0,8,2,18001163,17655178
4096,same_object,16,24,unsafe_unpinned_baseline,0,8,3,7613715,7334397
4096,same_object,16,24,unsafe_unpinned_baseline,0,9,0,11088896,10749292
4096,same_object,16,24,unsafe_unpinned_baseline,0,9,1,21564600,20832233
4096,same_object,16,24,unsafe_unpinned_baseline,0,9,2,15514435,14961969
4096,same_object,16,24,unsafe_unpinned_baseline,0,9,3,17703730,17213251
4096,same_object,16,24,unsafe_unpinned_baseline,0,10,0,22987014,21405860
4096,same_object,16,24,unsafe_unpinned_baseline,0,10,1,21658698,20955948
4096,same_object,16,24,unsafe_unpinned_baseline,0,10,2,16533304,16113048
4096,same_object,16,24,unsafe_unpinned_baseline,0,10,3,9969115,9421438
4096,same_object,16,24,unsafe_unpinned_baseline,0,11,0,22708305,21107014
4096,same_object,16,24,unsafe_unpinned_baseline,0,11,1,11052527,10289322
4096,same_object,16,24,unsafe_unpinned_baseline,0,11,2,34890051,34576417
4096,same_object,16,24,unsafe_unpinned_baseline,0,11,3,5345821,5079327
4096,same_object,16,24,unsafe_unpinned_baseline,0,12,0,22712033,21181636
4096,same_object,16,24,unsafe_unpinned_baseline,0,12,1,29413782,28644596
4096,same_object,16,24,unsafe_unpinned_baseline,0,12,2,20779013,20454108
4096,same_object,16,24,unsafe_unpinned_baseline,0,12,3,3758807,3398184
4096,same_object,16,24,unsafe_unpinned_baseline,0,13,0,27036560,25418016
4096,same_object,16,24,unsafe_unpinned_baseline,0,13,1,16794158,16152042
4096,same_object,16,24,unsafe_unpinned_baseline,0,13,2,16431872,16117707
4096,same_object,16,24,unsafe_unpinned_baseline,0,13,3,10712693,10492235
4096,same_object,16,24,unsafe_unpinned_baseline,0,14,0,22916851,21309066
4096,same_object,16,24,unsafe_unpinned_baseline,0,14,1,10881132,10151681
4096,same_object,16,24,unsafe_unpinned_baseline,0,14,2,34732933,34367491
4096,same_object,16,24,unsafe_unpinned_baseline,0,14,3,5107952,4841567
4096,same_object,16,24,unsafe_unpinned_baseline,0,15,0,22972717,21405279
4096,same_object,16,24,unsafe_unpinned_baseline,0,15,1,10848050,10190885
4096,same_object,16,24,unsafe_unpinned_baseline,0,15,2,27920174,27572716
4096,same_object,16,24,unsafe_unpinned_baseline,0,15,3,8600745,8219142
4096,same_object,16,24,unsafe_unpinned_baseline,1,0,0,30343062,28979429
4096,same_object,16,24,unsafe_unpinned_baseline,1,0,1,16528725,16184784
4096,same_object,16,24,unsafe_unpinned_baseline,1,0,2,12446005,12152108
4096,same_object,16,24,unsafe_unpinned_baseline,1,0,3,8004376,7659553
4096,same_object,16,24,unsafe_unpinned_baseline,1,1,0,8786236,8283824
4096,same_object,16,24,unsafe_unpinned_baseline,1,1,1,15659861,15029556
4096,same_object,16,24,unsafe_unpinned_baseline,1,1,2,13119250,12684527
4096,same_object,16,24,unsafe_unpinned_baseline,1,1,3,13015754,12655902
4096,same_object,16,24,unsafe_unpinned_baseline,1,2,0,28174195,26876298
4096,same_object,16,24,unsafe_unpinned_baseline,1,2,1,20564636,20053019
4096,same_object,16,24,unsafe_unpinned_baseline,1,2,2,12466574,12210880
4096,same_object,16,24,unsafe_unpinned_baseline,1,2,3,6140937,5729969
4096,same_object,16,24,unsafe_unpinned_baseline,1,3,0,2311146,1944812
4096,same_object,16,24,unsafe_unpinned_baseline,1,3,1,5995481,5755898
4096,same_object,16,24,unsafe_unpinned_baseline,1,3,2,16342152,16066651
4096,same_object,16,24,unsafe_unpinned_baseline,1,3,3,12890437,12625375
4096,same_object,16,24,unsafe_unpinned_baseline,1,4,0,8760838,8284275
4096,same_object,16,24,unsafe_unpinned_baseline,1,4,1,26016881,25419109
4096,same_object,16,24,unsafe_unpinned_baseline,1,4,2,12045026,11652132
4096,same_object,16,24,unsafe_unpinned_baseline,1,4,3,12550784,12259161
4096,same_object,16,24,unsafe_unpinned_baseline,1,5,0,22931288,21644682
4096,same_object,16,24,unsafe_unpinned_baseline,1,5,1,11237047,10878217
4096,same_object,16,24,unsafe_unpinned_baseline,1,5,2,12500999,12267227
4096,same_object,16,24,unsafe_unpinned_baseline,1,5,3,12639451,12420777
4096,same_object,16,24,unsafe_unpinned_baseline,1,6,0,7995559,7570234
4096,same_object,16,24,unsafe_unpinned_baseline,1,6,1,16482899,16080206
4096,same_object,16,24,unsafe_unpinned_baseline,1,6,2,12951413,12607041
4096,same_object,16,24,unsafe_unpinned_baseline,1,6,3,13129860,12740483
4096,same_object,16,24,unsafe_unpinned_baseline,1,7,0,22080747,20885555
4096,same_object,16,24,unsafe_unpinned_baseline,1,7,1,20124684,19756046
4096,same_object,16,24,unsafe_unpinned_baseline,1,7,2,14162665,13928522
4096,same_object,16,24,unsafe_unpinned_baseline,1,7,3,9230577,8968270
4096,same_object,16,24,unsafe_unpinned_baseline,1,8,0,22689921,21457638
4096,same_object,16,24,unsafe_unpinned_baseline,1,8,1,19526471,19198931
4096,same_object,16,24,unsafe_unpinned_baseline,1,8,2,13051421,12807099
4096,same_object,16,24,unsafe_unpinned_baseline,1,8,3,10264505,10005304
4096,same_object,16,24,unsafe_unpinned_baseline,1,9,0,22898526,21626648
4096,same_object,16,24,unsafe_unpinned_baseline,1,9,1,26513691,26087975
4096,same_object,16,24,unsafe_unpinned_baseline,1,9,2,17312068,17045044
4096,same_object,16,24,unsafe_unpinned_baseline,1,9,3,3220838,2958772
4096,same_object,16,24,unsafe_unpinned_baseline,1,10,0,22682106,21496321
4096,same_object,16,24,unsafe_unpinned_baseline,1,10,1,11507849,11168226
4096,same_object,16,24,unsafe_unpinned_baseline,1,10,2,12502202,12271815
4096,same_object,16,24,unsafe_unpinned_baseline,1,10,3,12489819,12262347
4096,same_object,16,24,unsafe_unpinned_baseline,1,11,0,22110223,20907336
4096,same_object,16,24,unsafe_unpinned_baseline,1,11,1,18739361,18337971
4096,same_object,16,24,unsafe_unpinned_baseline,1,11,2,14307941,14057175
4096,same_object,16,24,unsafe_unpinned_baseline,1,11,3,9644040,9264602
4096,same_object,16,24,unsafe_unpinned_baseline,1,12,0,20614962,19452051
4096,same_object,16,24,unsafe_unpinned_baseline,1,12,1,12695057,12319315
4096,same_object,16,24,unsafe_unpinned_baseline,1,12,2,12675811,12412191
4096,same_object,16,24,unsafe_unpinned_baseline,1,12,3,12959137,12753547
4096,same_object,16,24,unsafe_unpinned_baseline,1,13,0,8616565,7450397
4096,same_object,16,24,unsafe_unpinned_baseline,1,13,1,15823810,15380471
4096,same_object,16,24,unsafe_unpinned_baseline,1,13,2,13083582,12822858
4096,same_object,16,24,unsafe_unpinned_baseline,1,13,3,12806097,12553549
4096,same_object,16,24,unsafe_unpinned_baseline,1,14,0,29456503,28294002
4096,same_object,16,24,unsafe_unpinned_baseline,1,14,1,20017872,19675113
4096,same_object,16,24,unsafe_unpinned_baseline,1,14,2,16281477,15953867
4096,same_object,16,24,unsafe_unpinned_baseline,1,14,3,3051848,2799801
4096,same_object,16,24,unsafe_unpinned_baseline,1,15,0,20343829,19146231
4096,same_object,16,24,unsafe_unpinned_baseline,1,15,1,13604519,13131192
4096,same_object,16,24,unsafe_unpinned_baseline,1,15,2,13097539,12862553
4096,same_object,16,24,unsafe_unpinned_baseline,1,15,3,11988118,11495736
4096,same_object,16,24,pinned,1,0,0,27899835,24750964
4096,same_object,16,24,pinned,1,0,1,19318658,17676658
4096,same_object,16,24,pinned,1,0,2,9855991,8379907
4096,same_object,16,24,pinned,1,0,3,13832470,11585135
4096,same_object,16,24,pinned,1,1,0,24853708,21275533
4096,same_object,16,24,pinned,1,1,1,17235353,14847472
4096,same_object,16,24,pinned,1,1,2,9526688,7708575
4096,same_object,16,24,pinned,1,1,3,12159633,10342583
4096,same_object,16,24,pinned,1,2,0,6557406,3674076
4096,same_object,16,24,pinned,1,2,1,16578329,13989367
4096,same_object,16,24,pinned,1,2,2,6969116,4783067
4096,same_object,16,24,pinned,1,2,3,24052441,22419228
4096,same_object,16,24,pinned,1,3,0,27460604,23910482
4096,same_object,16,24,pinned,1,3,1,21027273,18932727
4096,same_object,16,24,pinned,1,3,2,14760978,12233794
4096,same_object,16,24,pinned,1,3,3,9400619,7680813
4096,same_object,16,24,pinned,1,4,0,29659056,26700264
4096,same_object,16,24,pinned,1,4,1,18322682,16385725
4096,same_object,16,24,pinned,1,4,2,18083760,16733493
4096,same_object,16,24,pinned,1,4,3,6977421,4569001
4096,same_object,16,24,pinned,1,5,0,11116127,7983376
4096,same_object,16,24,pinned,1,5,1,18875338,16768038
4096,same_object,16,24,pinned,1,5,2,21447859,19178171
4096,same_object,16,24,pinned,1,5,3,14148759,12529473
4096,same_object,16,24,pinned,1,6,0,24814643,21275943
4096,same_object,16,24,pinned,1,6,1,6376944,3854829
4096,same_object,16,24,pinned,1,6,2,23447836,21729573
4096,same_object,16,24,pinned,1,6,3,18256327,16618515
4096,same_object,16,24,pinned,1,7,0,29780697,26180180
4096,same_object,16,24,pinned,1,7,1,24868476,23028121
4096,same_object,16,24,pinned,1,7,2,18217683,16657049
4096,same_object,16,24,pinned,1,7,3,5167053,2574074
4096,same_object,16,24,pinned,1,8,0,27773576,24924572
4096,same_object,16,24,pinned,1,8,1,8684032,6981820
4096,same_object,16,24,pinned,1,8,2,15920624,14232999
4096,same_object,16,24,pinned,1,8,3,19420982,17513009
4096,same_object,16,24,pinned,1,9,0,7530168,3944097
4096,same_object,16,24,pinned,1,9,1,22241612,19770554
4096,same_object,16,24,pinned,1,9,2,22610321,20732214
4096,same_object,16,24,pinned,1,9,3,10883837,9619283
4096,same_object,16,24,pinned,1,10,0,19872957,15881660
4096,same_object,16,24,pinned,1,10,1,8839406,6885116
4096,same_object,16,24,pinned,1,10,2,19345499,17259048
4096,same_object,16,24,pinned,1,10,3,19526962,17023933
4096,same_object,16,24,pinned,1,11,0,27623312,24110030
4096,same_object,16,24,pinned,1,11,1,16693096,14952631
4096,same_object,16,24,pinned,1,11,2,13184514,12035328
4096,same_object,16,24,pinned,1,11,3,13815007,11571079
4096,same_object,16,24,pinned,1,12,0,24990046,21623712
4096,same_object,16,24,pinned,1,12,1,18011393,15914202
4096,same_object,16,24,pinned,1,12,2,19164546,17956839
4096,same_object,16,24,pinned,1,12,3,10526551,8649066
4096,same_object,16,24,pinned,1,13,0,11033691,7973247
4096,same_object,16,24,pinned,1,13,1,18721197,16757629
4096,same_object,16,24,pinned,1,13,2,17914590,16116725
4096,same_object,16,24,pinned,1,13,3,9308956,7703526
4096,same_object,16,24,pinned,1,14,0,27511039,24147761
4096,same_object,16,24,pinned,1,14,1,16950254,15480961
4096,same_object,16,24,pinned,1,14,2,13250979,11825741
4096,same_object,16,24,pinned,1,14,3,11218271,9312963
4096,same_object,16,24,pinned,1,15,0,26503572,23005679
4096,same_object,16,24,pinned,1,15,1,17397571,15807460
4096,same_object,16,24,pinned,1,15,2,6570911,5087793
4096,same_object,16,24,pinned,1,15,3,15077497,13486685
4096,same_object,16,24,pinned,2,0,0,7008610,4366337
4096,same_object,16,24,pinned,2,0,1,14953914,13081127
4096,same_object,16,24,pinned,2,0,2,15331268,13906651
4096,same_object,16,24,pinned,2,0,3,21415428,20149091
4096,same_object,16,24,pinned,2,1,0,22865223,19252904
4096,same_object,16,24,pinned,2,1,1,14485957,13145449
4096,same_object,16,24,pinned,2,1,2,22492087,20907566
4096,same_object,16,24,pinned,2,1,3,6366004,4485413
4096,same_object,16,24,pinned,2,2,0,7267701,3901768
4096,same_object,16,24,pinned,2,2,1,14639578,12733409
4096,same_object,16,24,pinned,2,2,2,15430717,13748601
4096,same_object,16,24,pinned,2,2,3,22215223,20951279
4096,same_object,16,24,pinned,2,3,0,10346310,7307235
4096,same_object,16,24,pinned,2,3,1,22383391,21233664
4096,same_object,16,24,pinned,2,3,2,6091053,5051124
4096,same_object,16,24,pinned,2,3,3,17701355,16494621
4096,same_object,16,24,pinned,2,4,0,13857187,10621231
4096,same_object,16,24,pinned,2,4,1,19889388,18635845
4096,same_object,16,24,pinned,2,4,2,10586965,7356379
4096,same_object,16,24,pinned,2,4,3,17579755,15593134
4096,same_object,16,24,pinned,2,5,0,27250906,23879594
4096,same_object,16,24,pinned,2,5,1,7374413,5826201
4096,same_object,16,24,pinned,2,5,2,24965469,23505365
4096,same_object,16,24,pinned,2,5,3,5950296,4593998
4096,same_object,16,24,pinned,2,6,0,14607537,11558926
4096,same_object,16,24,pinned,2,6,1,18295871,17009676
4096,same_object,16,24,pinned,2,6,2,11435051,10289472
4096,same_object,16,24,pinned,2,6,3,15260624,13870643
4096,same_object,16,24,pinned,2,7,0,7328115,4007277
4096,same_object,16,24,pinned,2,7,1,14608099,12928749
4096,same_object,16,24,pinned,2,7,2,14868091,13281998
4096,same_object,16,24,pinned,2,7,3,19765914,18705928
4096,same_object,16,24,pinned,2,8,0,8049971,4425970
4096,same_object,16,24,pinned,2,8,1,21150256,19389322
4096,same_object,16,24,pinned,2,8,2,11567472,10591975
4096,same_object,16,24,pinned,2,8,3,20627045,19401244
4096,same_object,16,24,pinned,2,9,0,23847613,20087043
4096,same_object,16,24,pinned,2,9,1,10713375,8918646
4096,same_object,16,24,pinned,2,9,2,9539732,6472836
4096,same_object,16,24,pinned,2,9,3,17217449,15797161
4096,same_object,16,24,pinned,2,10,0,24654360,21286954
4096,same_object,16,24,pinned,2,10,1,9633921,8335061
4096,same_object,16,24,pinned,2,10,2,9849418,6662985
4096,same_object,16,24,pinned,2,10,3,17701335,15690649
4096,same_object,16,24,pinned,2,11,0,24841635,21266666
4096,same_object,16,24,pinned,2,11,1,9738860,8210896
4096,same_object,16,24,pinned,2,11,2,25001227,23506677
4096,same_object,16,24,pinned,2,11,3,5806474,4423335
4096,same_object,16,24,pinned,2,12,0,23629470,20567182
4096,same_object,16,24,pinned,2,12,1,10605771,9330546
4096,same_object,16,24,pinned,2,12,2,10005384,6898862
4096,same_object,16,24,pinned,2,12,3,15353049,13933381
4096,same_object,16,24,pinned,2,13,0,27884146,24683616
4096,same_object,16,24,pinned,2,13,1,11386469,10370074
4096,same_object,16,24,pinned,2,13,2,11874923,10801782
4096,same_object,16,24,pinned,2,13,3,10653251,8869934
4096,same_object,16,24,pinned,2,14,0,27798764,24683355
4096,same_object,16,24,pinned,2,14,1,12594637,11182884
4096,same_object,16,24,pinned,2,14,2,14975415,13819176
4096,same_object,16,24,pinned,2,14,3,5544848,4222424
4096,same_object,16,24,pinned,2,15,0,14717155,11606746
4096,same_object,16,24,pinned,2,15,1,18988242,17862942
4096,same_object,16,24,pinned,2,15,2,10533674,7237253
4096,same_object,16,24,pinned,2,15,3,17619431,15686942
4096,same_object,16,24,unsafe_unpinned_baseline,2,0,0,28504531,27896419
4096,same_object,16,24,unsafe_unpinned_baseline,2,0,1,26497681,26028883
4096,same_object,16,24,unsafe_unpinned_baseline,2,0,2,12055306,11780956
4096,same_object,16,24,unsafe_unpinned_baseline,2,0,3,4234127,3906747
4096,same_object,16,24,unsafe_unpinned_baseline,2,1,0,32755248,32318581
4096,same_object,16,24,unsafe_unpinned_baseline,2,1,1,18344063,17997116
4096,same_object,16,24,unsafe_unpinned_baseline,2,1,2,4500571,3963794
4096,same_object,16,24,unsafe_unpinned_baseline,2,1,3,11566531,11277974
4096,same_object,16,24,unsafe_unpinned_baseline,2,2,0,5372893,5108523
4096,same_object,16,24,unsafe_unpinned_baseline,2,2,1,5723247,5262704
4096,same_object,16,24,unsafe_unpinned_baseline,2,2,2,18725595,18278288
4096,same_object,16,24,unsafe_unpinned_baseline,2,2,3,8781066,8420884
4096,same_object,16,24,unsafe_unpinned_baseline,2,3,0,28626732,28304672
4096,same_object,16,24,unsafe_unpinned_baseline,2,3,1,12191323,11590535
4096,same_object,16,24,unsafe_unpinned_baseline,2,3,2,13282549,12984294
4096,same_object,16,24,unsafe_unpinned_baseline,2,3,3,6775789,6465081
4096,same_object,16,24,unsafe_unpinned_baseline,2,4,0,8860637,8521575
4096,same_object,16,24,unsafe_unpinned_baseline,2,4,1,17959735,17475077
4096,same_object,16,24,unsafe_unpinned_baseline,2,4,2,9644521,8910942
4096,same_object,16,24,unsafe_unpinned_baseline,2,4,3,14215816,13796061
4096,same_object,16,24,unsafe_unpinned_baseline,2,5,0,8395696,8094176
4096,same_object,16,24,unsafe_unpinned_baseline,2,5,1,18408906,17798490
4096,same_object,16,24,unsafe_unpinned_baseline,2,5,2,9620085,8909870
4096,same_object,16,24,unsafe_unpinned_baseline,2,5,3,14216056,13832110
4096,same_object,16,24,unsafe_unpinned_baseline,2,6,0,28412125,28071270
4096,same_object,16,24,unsafe_unpinned_baseline,2,6,1,26497841,25988797
4096,same_object,16,24,unsafe_unpinned_baseline,2,6,2,12309277,11990423
4096,same_object,16,24,unsafe_unpinned_baseline,2,6,3,4153053,3695006
4096,same_object,16,24,unsafe_unpinned_baseline,2,7,0,28568922,27975790
4096,same_object,16,24,unsafe_unpinned_baseline,2,7,1,24111472,23701036
4096,same_object,16,24,unsafe_unpinned_baseline,2,7,2,11268305,10834795
4096,same_object,16,24,unsafe_unpinned_baseline,2,7,3,6939850,6665240
4096,same_object,16,24,unsafe_unpinned_baseline,2,8,0,5304944,4997623
4096,same_object,16,24,unsafe_unpinned_baseline,2,8,1,5723678,5261562
4096,same_object,16,24,unsafe_unpinned_baseline,2,8,2,18722809,18273499
4096,same_object,16,24,unsafe_unpinned_baseline,2,8,3,8775245,8423089
4096,same_object,16,24,unsafe_unpinned_baseline,2,9,0,28600282,28153576
4096,same_object,16,24,unsafe_unpinned_baseline,2,9,1,24166717,23731483
4096,same_object,16,24,unsafe_unpinned_baseline,2,9,2,7978406,7605210
4096,same_object,16,24,unsafe_unpinned_baseline,2,9,3,6776260,6296442
4096,same_object,16,24,unsafe_unpinned_baseline,2,10,0,28594821,28303751
4096,same_object,16,24,unsafe_unpinned_baseline,2,10,1,24117665,23747754
4096,same_object,16,24,unsafe_unpinned_baseline,2,10,2,10063555,9546245
4096,same_object,16,24,unsafe_unpinned_baseline,2,10,3,4782114,4504630
4096,same_object,16,24,unsafe_unpinned_baseline,2,11,0,28599610,28189293
4096,same_object,16,24,unsafe_unpinned_baseline,2,11,1,11460940,11058297
4096,same_object,16,24,unsafe_unpinned_baseline,2,11,2,13957437,13605310
4096,same_object,16,24,unsafe_unpinned_baseline,2,11,3,6970197,6598313
4096,same_object,16,24,unsafe_unpinned_baseline,2,12,0,28552100,28179204
4096,same_object,16,24,unsafe_unpinned_baseline,2,12,1,26285129,25830147
4096,same_object,16,24,unsafe_unpinned_baseline,2,12,2,11489724,11206429
4096,same_object,16,24,unsafe_unpinned_baseline,2,12,3,3246937,2961888
4096,same_object,16,24,unsafe_unpinned_baseline,2,13,0,28565275,28209562
4096,same_object,16,24,unsafe_unpinned_baseline,2,13,1,24127953,23742203
4096,same_object,16,24,unsafe_unpinned_baseline,2,13,2,8980033,8569466
4096,same_object,16,24,unsafe_unpinned_baseline,2,13,3,5787628,5524079
4096,same_object,16,24,unsafe_unpinned_baseline,2,14,0,12051688,11765687
4096,same_object,16,24,unsafe_unpinned_baseline,2,14,1,17932173,17597960
4096,same_object,16,24,unsafe_unpinned_baseline,2,14,2,8516445,8231034
4096,same_object,16,24,unsafe_unpinned_baseline,2,14,3,15136068,14748244
4096,same_object,16,24,unsafe_unpinned_baseline,2,15,0,9452868,9205810
4096,same_object,16,24,unsafe_unpinned_baseline,2,15,1,17293563,16922692
4096,same_object,16,24,unsafe_unpinned_baseline,2,15,2,7717041,6944840
4096,same_object,16,24,unsafe_unpinned_baseline,2,15,3,14739448,14236535
4096,same_object,16,24,unsafe_unpinned_baseline,3,0,0,31903577,31324410
4096,same_object,16,24,unsafe_unpinned_baseline,3,0,1,17844507,17602869
4096,same_object,16,24,unsafe_unpinned_baseline,3,0,2,6566413,6380861
4096,same_object,16,24,unsafe_unpinned_baseline,3,0,3,4978997,4791151
4096,same_object,16,24,unsafe_unpinned_baseline,3,1,0,16536380,16116415
4096,same_object,16,24,unsafe_unpinned_baseline,3,1,1,21524214,21238352
4096,same_object,16,24,unsafe_unpinned_baseline,3,1,2,17236205,16983667
4096,same_object,16,24,unsafe_unpinned_baseline,3,1,3,3733749,3461995
4096,same_object,16,24,unsafe_unpinned_baseline,3,2,0,6678004,6336658
4096,same_object,16,24,unsafe_unpinned_baseline,3,2,1,15055125,14749457
4096,same_object,16,24,unsafe_unpinned_baseline,3,2,2,12395089,11913877
4096,same_object,16,24,unsafe_unpinned_baseline,3,2,3,12968043,12742306
4096,same_object,16,24,unsafe_unpinned_baseline,3,3,0,32325515,31259086
4096,same_object,16,24,unsafe_unpinned_baseline,3,3,1,17123992,16879439
4096,same_object,16,24,unsafe_unpinned_baseline,3,3,2,6804343,6588575
4096,same_object,16,24,unsafe_unpinned_baseline,3,3,3,5682760,5468614
4096,same_object,16,24,unsafe_unpinned_baseline,3,4,0,16515741,15962113
4096,same_object,16,24,unsafe_unpinned_baseline,3,4,1,22172862,21886931
4096,same_object,16,24,unsafe_unpinned_baseline,3,4,2,8947902,8684494
4096,same_object,16,24,unsafe_unpinned_baseline,3,4,3,8551461,8347796
4096,same_object,16,24,unsafe_unpinned_baseline,3,5,0,7021023,6608854
4096,same_object,16,24,unsafe_unpinned_baseline,3,5,1,14687038,14442786
4096,same_object,16,24,unsafe_unpinned_baseline,3,5,2,11390146,10946677
4096,same_object,16,24,unsafe_unpinned_baseline,3,5,3,13827230,13603767
4096,same_object,16,24,unsafe_unpinned_baseline,3,6,0,7110664,6722098
4096,same_object,16,24,unsafe_unpinned_baseline,3,6,1,14178446,13950454
4096,same_object,16,24,unsafe_unpinned_baseline,3,6,2,12769207,12147670
4096,same_object,16,24,unsafe_unpinned_baseline,3,6,3,12900696,12665611
4096,same_object,16,24,unsafe_unpinned_baseline,3,7,0,12788354,12398946
4096,same_object,16,24,unsafe_unpinned_baseline,3,7,1,18323023,17980654
4096,same_object,16,24,unsafe_unpinned_baseline,3,7,2,11143789,10896201
4096,same_object,16,24,unsafe_unpinned_baseline,3,7,3,14067425,13883126
4096,same_object,16,24,unsafe_unpinned_baseline,3,8,0,16505452,15792111
4096,same_object,16,24,unsafe_unpinned_baseline,3,8,1,14388613,14095549
4096,same_object,16,24,unsafe_unpinned_baseline,3,8,2,11428528,11204815
4096,same_object,16,24,unsafe_unpinned_baseline,3,8,3,9805656,9627138
4096,same_object,16,24,unsafe_unpinned_baseline,3,9,0,32298404,31834656
4096,same_object,16,24,unsafe_unpinned_baseline,3,9,1,22997262,22752269
4096,same_object,16,24,unsafe_unpinned_baseline,3,9,2,3718661,3437248
4096,same_object,16,24,unsafe_unpinned_baseline,3,9,3,2849214,2659896
4096,same_object,16,24,unsafe_unpinned_baseline,3,10,0,16514088,16098761
4096,same_object,16,24,unsafe_unpinned_baseline,3,10,1,14273255,13980241
4096,same_object,16,24,unsafe_unpinned_baseline,3,10,2,18756774,18560573
4096,same_object,16,24,unsafe_unpinned_baseline,3,10,3,6595027,6371143
4096,same_object,16,24,unsafe_unpinned_baseline,3,11,0,3649209,3315207
4096,same_object,16,24,unsafe_unpinned_baseline,3,11,1,10126773,9684747
4096,same_object,16,24,unsafe_unpinned_baseline,3,11,2,14321356,14072565
4096,same_object,16,24,unsafe_unpinned_baseline,3,11,3,11489404,11292071
4096,same_object,16,24,unsafe_unpinned_baseline,3,12,0,16381316,15344013
4096,same_object,16,24,unsafe_unpinned_baseline,3,12,1,13810860,13531210
4096,same_object,16,24,unsafe_unpinned_baseline,3,12,2,11986345,11815462
4096,same_object,16,24,unsafe_unpinned_baseline,3,12,3,9933729,9747606
4096,same_object,16,24,unsafe_unpinned_baseline,3,13,0,24746074,24325157
4096,same_object,16,24,unsafe_unpinned_baseline,3,13,1,9800516,9530335
4096,same_object,16,24,unsafe_unpinned_baseline,3,13,2,20705253,20512748
4096,same_object,16,24,unsafe_unpinned_baseline,3,13,3,3754148,3531897
4096,same_object,16,24,unsafe_unpinned_baseline,3,14,0,16268713,15841925
4096,same_object,16,24,unsafe_unpinned_baseline,3,14,1,13251811,13042274
4096,same_object,16,24,unsafe_unpinned_baseline,3,14,2,12597602,12418403
4096,same_object,16,24,unsafe_unpinned_baseline,3,14,3,14183706,13990580
4096,same_object,16,24,unsafe_unpinned_baseline,3,15,0,15542048,15045808
4096,same_object,16,24,unsafe_unpinned_baseline,3,15,1,13264024,13039058
4096,same_object,16,24,unsafe_unpinned_baseline,3,15,2,12595989,12447969
4096,same_object,16,24,unsafe_unpinned_baseline,3,15,3,14862230,14655038
4096,same_object,16,24,pinned,3,0,0,9750923,6642988
4096,same_object,16,24,pinned,3,0,1,16499249,14290327
4096,same_object,16,24,pinned,3,0,2,11228120,10132555
4096,same_object,16,24,pinned,3,0,3,14962580,14042908
4096,same_object,16,24,pinned,3,1,0,11536453,8456431
4096,same_object,16,24,pinned,3,1,1,18039836,16398068
4096,same_object,16,24,pinned,3,1,2,21535725,20270711
4096,same_object,16,24,pinned,3,1,3,20003765,18799155
4096,same_object,16,24,pinned,3,2,0,11501457,8354638
4096,same_object,16,24,pinned,3,2,1,23310446,21801709
4096,same_object,16,24,pinned,3,2,2,14329031,13146411
4096,same_object,16,24,pinned,3,2,3,21052952,19559163
4096,same_object,16,24,pinned,3,3,0,20747413,18041690
4096,same_object,16,24,pinned,3,3,1,12894314,11531835
4096,same_object,16,24,pinned,3,3,2,13742410,12308746
4096,same_object,16,24,pinned,3,3,3,16083171,14340793
4096,same_object,16,24,pinned,3,4,0,30927678,28212979
4096,same_object,16,24,pinned,3,4,1,19825266,18419225
4096,same_object,16,24,pinned,3,4,2,12284499,10977084
4096,same_object,16,24,pinned,3,4,3,6708592,5372572
4096,same_object,16,24,pinned,3,5,0,20712306,18003217
4096,same_object,16,24,pinned,3,5,1,14627145,12693484
4096,same_object,16,24,pinned,3,5,2,24636316,23494474
4096,same_object,16,24,pinned,3,5,3,6803993,5831221
4096,same_object,16,24,pinned,3,6,0,8007882,4573620
4096,same_object,16,24,pinned,3,6,1,20381450,18174742
4096,same_object,16,24,pinned,3,6,2,13659433,12278669
4096,same_object,16,24,pinned,3,6,3,14132909,12742006
4096,same_object,16,24,pinned,3,7,0,32172515,29237769
4096,same_object,16,24,pinned,3,7,1,15778435,14380107
4096,same_object,16,24,pinned,3,7,2,15096584,13612364
4096,same_object,16,24,pinned,3,7,3,7069195,5376219
4096,same_object,16,24,pinned,3,8,0,20784052,17947151
4096,same_object,16,24,pinned,3,8,1,11982237,10200985
4096,same_object,16,24,pinned,3,8,2,15390169,13636990
4096,same_object,16,24,pinned,3,8,3,14945789,13352071
4096,same_object,16,24,pinned,3,9,0,11758033,8355761
4096,same_object,16,24,pinned,3,9,1,17713409,16157793
4096,same_object,16,24,pinned,3,9,2,13749644,12354131
4096,same_object,16,24,pinned,3,9,3,11884071,10524277
4096,same_object,16,24,pinned,3,10,0,30869529,28403018
4096,same_object,16,24,pinned,3,10,1,18893432,17818568
4096,same_object,16,24,pinned,3,10,2,13340449,12165614
4096,same_object,16,24,pinned,3,10,3,7771535,6460383
4096,same_object,16,24,pinned,3,11,0,31773119,29203614
4096,same_object,16,24,pinned,3,11,1,16069376,14659557
4096,same_object,16,24,pinned,3,11,2,15089080,13532332
4096,same_object,16,24,pinned,3,11,3,6751163,5472121
4096,same_object,16,24,pinned,3,12,0,10686423,7521682
4096,same_object,16,24,pinned,3,12,1,17981697,16364564
4096,same_object,16,24,pinned,3,12,2,10605370,9273388
4096,same_object,16,24,pinned,3,12,3,14947281,13855805
4096,same_object,16,24,pinned,3,13,0,20752813,18031781
4096,same_object,16,24,pinned,3,13,1,12784436,11304835
4096,same_object,16,24,pinned,3,13,2,17220615,15908942
4096,same_object,16,24,pinned,3,13,3,12254563,11069950
4096,same_object,16,24,pinned,3,14,0,20510694,17450130
4096,same_object,16,24,pinned,3,14,1,13130712,11585796
4096,same_object,16,24,pinned,3,14,2,15394198,14114394
4096,same_object,16,24,pinned,3,14,3,13765063,12397192
4096,same_object,16,24,pinned,3,15,0,20802607,17936180
4096,same_object,16,24,pinned,3,15,1,11913868,10423626
4096,same_object,16,24,pinned,3,15,2,15229315,13505501
4096,same_object,16,24,pinned,3,15,3,15041780,13622312
4096,same_object,16,24,pinned,4,0,0,17870806,15654920
4096,same_object,16,24,pinned,4,0,1,7556507,5498000
4096,same_object,16,24,pinned,4,0,2,26453597,25097420
4096,same_object,16,24,pinned,4,0,3,11928705,10526521
4096,same_object,16,24,pinned,4,1,0,20022099,17377422
4096,same_object,16,24,pinned,4,1,1,26908709,25176509
4096,same_object,16,24,pinned,4,1,2,12919021,11653896
4096,same_object,16,24,pinned,4,1,3,7411974,6310528
4096,same_object,16,24,pinned,4,2,0,19649183,15825354
4096,same_object,16,24,pinned,4,2,1,27308986,25523235
4096,same_object,16,24,pinned,4,2,2,14809340,13135671
4096,same_object,16,24,pinned,4,2,3,9902128,8526935
4096,same_object,16,24,pinned,4,3,0,19523556,16556508
4096,same_object,16,24,pinned,4,3,1,27456556,25361609
4096,same_object,16,24,pinned,4,3,2,11443868,9867644
4096,same_object,16,24,pinned,4,3,3,8016539,6992078
4096,same_object,16,24,pinned,4,4,0,19400914,16550236
4096,same_object,16,24,pinned,4,4,1,9046329,7645997
4096,same_object,16,24,pinned,4,4,2,14437346,13597315
4096,same_object,16,24,pinned,4,4,3,10491164,8939195
4096,same_object,16,24,pinned,4,5,0,19582517,16523656
4096,same_object,16,24,pinned,4,5,1,21341789,19754403
4096,same_object,16,24,pinned,4,5,2,13490192,12155966
4096,same_object,16,24,pinned,4,5,3,9308334,7834614
4096,same_object,16,24,pinned,4,6,0,19487277,16551188
4096,same_object,16,24,pinned,4,6,1,20991265,19516162
4096,same_object,16,24,pinned,4,6,2,13813705,12442329
4096,same_object,16,24,pinned,4,6,3,10841878,9154663
4096,same_object,16,24,pinned,4,7,0,17758404,15761382
4096,same_object,16,24,pinned,4,7,1,7133036,5739777
4096,same_object,16,24,pinned,4,7,2,14104024,12935752
4096,same_object,16,24,pinned,4,7,3,10051772,8387030
4096,same_object,16,24,pinned,4,8,0,19432924,16473661
4096,same_object,16,24,pinned,4,8,1,26471331,24843980
4096,same_object,16,24,pinned,4,8,2,7456338,6130147
4096,same_object,16,24,pinned,4,8,3,11999429,10114451
4096,same_object,16,24,pinned,4,9,0,19356960,16126865
4096,same_object,16,24,pinned,4,9,1,27540706,25706282
4096,same_object,16,24,pinned,4,9,2,18226700,16389662
4096,same_object,16,24,pinned,4,9,3,7063163,5715943
4096,same_object,16,24,pinned,4,10,0,16765043,14401928
4096,same_object,16,24,pinned,4,10,1,6263770,5230533
4096,same_object,16,24,pinned,4,10,2,3846553,2990903
4096,same_object,16,24,pinned,4,10,3,15949659,15015390
4096,same_object,16,24,pinned,4,11,0,18245145,15663998
4096,same_object,16,24,pinned,4,11,1,6562665,4640045
4096,same_object,16,24,pinned,4,11,2,14424932,12956642
4096,same_object,16,24,pinned,4,11,3,9781971,8194696
4096,same_object,16,24,pinned,4,12,0,19811461,16121896
4096,same_object,16,24,pinned,4,12,1,27164373,25124190
4096,same_object,16,24,pinned,4,12,2,14636052,13212767
4096,same_object,16,24,pinned,4,12,3,10062312,8652141
4096,same_object,16,24,pinned,4,13,0,17802096,15702701
4096,same_object,16,24,pinned,4,13,1,7002879,4885219
4096,same_object,16,24,pinned,4,13,2,14465820,12704245
4096,same_object,16,24,pinned,4,13,3,9819371,8139391
4096,same_object,16,24,pinned,4,14,0,19460185,16589711
4096,same_object,16,24,pinned,4,14,1,27380061,25848361
4096,same_object,16,24,pinned,4,14,2,14912906,13162732
4096,same_object,16,24,pinned,4,14,3,9016241,7536870
4096,same_object,16,24,pinned,4,15,0,19527203,16556197
4096,same_object,16,24,pinned,4,15,1,21419386,19564403
4096,same_object,16,24,pinned,4,15,2,21475030,19912532
4096,same_object,16,24,pinned,4,15,3,7994006,6792841
4096,same_object,16,24,unsafe_unpinned_baseline,4,0,0,27226350,26829118
4096,same_object,16,24,unsafe_unpinned_baseline,4,0,1,18222933,17763764
4096,same_object,16,24,unsafe_unpinned_baseline,4,0,2,11649387,10936948
4096,same_object,16,24,unsafe_unpinned_baseline,4,0,3,5900462,5662291
4096,same_object,16,24,unsafe_unpinned_baseline,4,1,0,15677293,15285381
4096,same_object,16,24,unsafe_unpinned_baseline,4,1,1,18120971,17888781
4096,same_object,16,24,unsafe_unpinned_baseline,4,1,2,17090078,16799679
4096,same_object,16,24,unsafe_unpinned_baseline,4,1,3,7839173,7420240
4096,same_object,16,24,unsafe_unpinned_baseline,4,2,0,15877402,15522229
4096,same_object,16,24,unsafe_unpinned_baseline,4,2,1,17707989,17479565
4096,same_object,16,24,unsafe_unpinned_baseline,4,2,2,24570362,24108678
4096,same_object,16,24,unsafe_unpinned_baseline,4,2,3,8957260,8628226
4096,same_object,16,24,unsafe_unpinned_baseline,4,3,0,27193217,26646573
4096,same_object,16,24,unsafe_unpinned_baseline,4,3,1,19176819,18745152
4096,same_object,16,24,unsafe_unpinned_baseline,4,3,2,13875351,13162121
4096,same_object,16,24,unsafe_unpinned_baseline,4,3,3,7348583,6761552
4096,same_object,16,24,unsafe_unpinned_baseline,4,4,0,18332380,17936852
4096,same_object,16,24,unsafe_unpinned_baseline,4,4,1,10581846,10351549
4096,same_object,16,24,unsafe_unpinned_baseline,4,4,2,16528535,16220943
4096,same_object,16,24,unsafe_unpinned_baseline,4,4,3,10941727,10232734
4096,same_object,16,24,unsafe_unpinned_baseline,4,5,0,14494804,14122720
4096,same_object,16,24,unsafe_unpinned_baseline,4,5,1,10193370,9889234
4096,same_object,16,24,unsafe_unpinned_baseline,4,5,2,14110847,13633563
4096,same_object,16,24,unsafe_unpinned_baseline,4,5,3,19230591,18816207
4096,same_object,16,24,unsafe_unpinned_baseline,4,6,0,18315218,17962119
4096,same_object,16,24,unsafe_unpinned_baseline,4,6,1,10527322,10138547
4096,same_object,16,24,unsafe_unpinned_baseline,4,6,2,16569803,16185345
4096,same_object,16,24,unsafe_unpinned_baseline,4,6,3,11676528,10964089
4096,same_object,16,24,unsafe_unpinned_baseline,4,7,0,15713361,15415007
4096,same_object,16,24,unsafe_unpinned_baseline,4,7,1,17467673,17195228
4096,same_object,16,24,unsafe_unpinned_baseline,4,7,2,24907088,24107546
4096,same_object,16,24,unsafe_unpinned_baseline,4,7,3,10188381,9884535
4096,same_object,16,24,unsafe_unpinned_baseline,4,8,0,7078212,6693603
4096,same_object,16,24,unsafe_unpinned_baseline,4,8,1,15244423,14991454
4096,same_object,16,24,unsafe_unpinned_baseline,4,8,2,12211582,11677380
4096,same_object,16,24,unsafe_unpinned_baseline,4,8,3,23620292,23159641
4096,same_object,16,24,unsafe_unpinned_baseline,4,9,0,18687463,18372607
4096,same_object,16,24,unsafe_unpinned_baseline,4,9,1,20641262,20246694
4096,same_object,16,24,unsafe_unpinned_baseline,4,9,2,18052691,17551451
4096,same_object,16,24,unsafe_unpinned_baseline,4,9,3,5124833,4838572
4096,same_object,16,24,unsafe_unpinned_baseline,4,10,0,5834367,5491017
4096,same_object,16,24,unsafe_unpinned_baseline,4,10,1,11659246,11461712
4096,same_object,16,24,unsafe_unpinned_baseline,4,10,2,11370259,10846687
4096,same_object,16,24,unsafe_unpinned_baseline,4,10,3,16542712,16229790
4096,same_object,16,24,unsafe_unpinned_baseline,4,11,0,18710616,18172267
4096,same_object,16,24,unsafe_unpinned_baseline,4,11,1,20041446,19520861
4096,same_object,16,24,unsafe_unpinned_baseline,4,11,2,19239829,18785628
4096,same_object,16,24,unsafe_unpinned_baseline,4,11,3,9697652,9411650
4096,same_object,16,24,unsafe_unpinned_baseline,4,12,0,18701549,18172057
4096,same_object,16,24,unsafe_unpinned_baseline,4,12,1,20640581,20230184
4096,same_object,16,24,unsafe_unpinned_baseline,4,12,2,18667615,18182307
4096,same_object,16,24,unsafe_unpinned_baseline,4,12,3,9635614,9312512
4096,same_object,16,24,unsafe_unpinned_baseline,4,13,0,27172408,26822405
4096,same_object,16,24,unsafe_unpinned_baseline,4,13,1,18293086,17864725
4096,same_object,16,24,unsafe_unpinned_baseline,4,13,2,11467282,10773959
4096,same_object,16,24,unsafe_unpinned_baseline,4,13,3,6192455,5951720
4096,same_object,16,24,unsafe_unpinned_baseline,4,14,0,18303365,17808949
4096,same_object,16,24,unsafe_unpinned_baseline,4,14,1,9493425,9087477
4096,same_object,16,24,unsafe_unpinned_baseline,4,14,2,27510238,27030960
4096,same_object,16,24,unsafe_unpinned_baseline,4,14,3,12462126,12210549
4096,same_object,16,24,unsafe_unpinned_baseline,4,15,0,18203667,17877349
4096,same_object,16,24,unsafe_unpinned_baseline,4,15,1,10660635,10315251
4096,same_object,16,24,unsafe_unpinned_baseline,4,15,2,16537162,16206285
4096,same_object,16,24,unsafe_unpinned_baseline,4,15,3,11656831,10948710
4096,same_object,16,24,unsafe_unpinned_baseline,5,0,0,15557286,15105301
4096,same_object,16,24,unsafe_unpinned_baseline,5,0,1,9785137,9553769
4096,same_object,16,24,unsafe_unpinned_baseline,5,0,2,14603730,14362524
4096,same_object,16,24,unsafe_unpinned_baseline,5,0,3,13125331,12881219
4096,same_object,16,24,unsafe_unpinned_baseline,5,1,0,16794349,16327545
4096,same_object,16,24,unsafe_unpinned_baseline,5,1,1,23046356,22820488
4096,same_object,16,24,unsafe_unpinned_baseline,5,1,2,12997239,12716537
4096,same_object,16,24,unsafe_unpinned_baseline,5,1,3,9565882,9377134
4096,same_object,16,24,unsafe_unpinned_baseline,5,2,0,16187228,15672695
4096,same_object,16,24,unsafe_unpinned_baseline,5,2,1,10463031,9992149
4096,same_object,16,24,unsafe_unpinned_baseline,5,2,2,15176976,14855417
4096,same_object,16,24,unsafe_unpinned_baseline,5,2,3,15886790,15478507
4096,same_object,16,24,unsafe_unpinned_baseline,5,3,0,16815919,15669429
4096,same_object,16,24,unsafe_unpinned_baseline,5,3,1,23128521,22821370
4096,same_object,16,24,unsafe_unpinned_baseline,5,3,2,21499006,21222452
4096,same_object,16,24,unsafe_unpinned_baseline,5,3,3,2186400,2000178
4096,same_object,16,24,unsafe_unpinned_baseline,5,4,0,16920136,16448002
4096,same_object,16,24,unsafe_unpinned_baseline,5,4,1,23012471,22657560
4096,same_object,16,24,unsafe_unpinned_baseline,5,4,2,21579258,21300750
4096,same_object,16,24,unsafe_unpinned_baseline,5,4,3,3592823,3401250
4096,same_object,16,24,unsafe_unpinned_baseline,5,5,0,16742120,16327304
4096,same_object,16,24,unsafe_unpinned_baseline,5,5,1,9846493,9612861
4096,same_object,16,24,unsafe_unpinned_baseline,5,5,2,26540402,26212050
4096,same_object,16,24,unsafe_unpinned_baseline,5,5,3,9197535,8988248
4096,same_object,16,24,unsafe_unpinned_baseline,5,6,0,16664443,16284062
4096,same_object,16,24,unsafe_unpinned_baseline,5,6,1,9851803,9608723
4096,same_object,16,24,unsafe_unpinned_baseline,5,6,2,15304137,15048964
4096,same_object,16,24,unsafe_unpinned_baseline,5,6,3,15724383,15529924
4096,same_object,16,24,unsafe_unpinned_baseline,5,7,0,16783208,15894996
4096,same_object,16,24,unsafe_unpinned_baseline,5,7,1,23036517,22826029
4096,same_object,16,24,unsafe_unpinned_baseline,5,7,2,11613048,11310024
4096,same_object,16,24,unsafe_unpinned_baseline,5,7,3,10897693,10703196
4096,same_object,16,24,unsafe_unpinned_baseline,5,8,0,14984942,14587219
4096,same_object,16,24,unsafe_unpinned_baseline,5,8,1,10440468,10218458
4096,same_object,16,24,unsafe_unpinned_baseline,5,8,2,14529310,14278185
4096,same_object,16,24,unsafe_unpinned_baseline,5,8,3,20771348,20469627
4096,same_object,16,24,unsafe_unpinned_baseline,5,9,0,16760204,16342522
4096,same_object,16,24,unsafe_unpinned_baseline,5,9,1,23076402,22864061
4096,same_object,16,24,unsafe_unpinned_baseline,5,9,2,23473144,23086793
4096,same_object,16,24,unsafe_unpinned_baseline,5,9,3,2622325,2438036
4096,same_object,16,24,unsafe_unpinned_baseline,5,10,0,16653361,16273693
4096,same_object,16,24,unsafe_unpinned_baseline,5,10,1,9873515,9639121
4096,same_object,16,24,unsafe_unpinned_baseline,5,10,2,15154643,14903919
4096,same_object,16,24,unsafe_unpinned_baseline,5,10,3,15927948,15696249
4096,same_object,16,24,unsafe_unpinned_baseline,5,11,0,16663280,16249016
4096,same_object,16,24,unsafe_unpinned_baseline,5,11,1,9920604,9672974
4096,same_object,16,24,unsafe_unpinned_baseline,5,11,2,15250506,14979492
4096,same_object,16,24,unsafe_unpinned_baseline,5,11,3,15888433,15727107
4096,same_object,16,24,unsafe_unpinned_baseline,5,12,0,14426756,14047447
4096,same_object,16,24,unsafe_unpinned_baseline,5,12,1,7579400,7355577
4096,same_object,16,24,unsafe_unpinned_baseline,5,12,2,17372884,17106229
4096,same_object,16,24,unsafe_unpinned_baseline,5,12,3,13236071,12691099
4096,same_object,16,24,unsafe_unpinned_baseline,5,13,0,16640597,16259055
4096,same_object,16,24,unsafe_unpinned_baseline,5,13,1,9943146,9687602
4096,same_object,16,24,unsafe_unpinned_baseline,5,13,2,15105922,14825591
4096,same_object,16,24,unsafe_unpinned_baseline,5,13,3,16545628,16305282
4096,same_object,16,24,unsafe_unpinned_baseline,5,14,0,15079361,14685606
4096,same_object,16,24,unsafe_unpinned_baseline,5,14,1,17789703,17539790
4096,same_object,16,24,unsafe_unpinned_baseline,5,14,2,12084010,11615312
4096,same_object,16,24,unsafe_unpinned_baseline,5,14,3,14662161,14432907
4096,same_object,16,24,unsafe_unpinned_baseline,5,15,0,19501735,18970268
4096,same_object,16,24,unsafe_unpinned_baseline,5,15,1,20288234,19890381
4096,same_object,16,24,unsafe_unpinned_baseline,5,15,2,13209100,12868705
4096,same_object,16,24,unsafe_unpinned_baseline,5,15,3,9347548,9153902
4096,same_object,16,24,pinned,5,0,0,28078474,25670825
4096,same_object,16,24,pinned,5,0,1,14644518,12864608
4096,same_object,16,24,pinned,5,0,2,16261329,14993108
4096,same_object,16,24,pinned,5,0,3,8433047,7467680
4096,same_object,16,24,pinned,5,1,0,26976067,24617752
4096,same_object,16,24,pinned,5,1,1,8902886,7159215
4096,same_object,16,24,pinned,5,1,2,11018512,9876310
4096,same_object,16,24,pinned,5,1,3,11290277,10184614
4096,same_object,16,24,pinned,5,2,0,10470234,7878447
4096,same_object,16,24,pinned,5,2,1,21641576,19880031
4096,same_object,16,24,pinned,5,2,2,23315235,22083642
4096,same_object,16,24,pinned,5,2,3,6649741,5675847
4096,same_object,16,24,pinned,5,3,0,10467309,7980481
4096,same_object,16,24,pinned,5,3,1,29472924,27893835
4096,same_object,16,24,pinned,5,3,2,20158307,18772885
4096,same_object,16,24,pinned,5,3,3,7380354,6386332
4096,same_object,16,24,pinned,5,4,0,27961131,25559875
4096,same_object,16,24,pinned,5,4,1,12974977,11448476
4096,same_object,16,24,pinned,5,4,2,12610757,11253768
4096,same_object,16,24,pinned,5,4,3,7274994,5722465
4096,same_object,16,24,pinned,5,5,0,10452361,8001911
4096,same_object,16,24,pinned,5,5,1,21740223,19951506
4096,same_object,16,24,pinned,5,5,2,24845833,23575037
4096,same_object,16,24,pinned,5,5,3,7827591,6539482
4096,same_object,16,24,pinned,5,6,0,8427467,5843414
4096,same_object,16,24,pinned,5,6,1,22657129,21043143
4096,same_object,16,24,pinned,5,6,2,10071499,8870506
4096,same_object,16,24,pinned,5,6,3,11869664,10421612
4096,same_object,16,24,pinned,5,7,0,28164116,25820709
4096,same_object,16,24,pinned,5,7,1,12402603,11082564
4096,same_object,16,24,pinned,5,7,2,18637669,17175820
4096,same_object,16,24,pinned,5,7,3,8704501,7643453
4096,same_object,16,24,pinned,5,8,0,9358049,6690548
4096,same_object,16,24,pinned,5,8,1,22726450,20946460
4096,same_object,16,24,pinned,5,8,2,24974607,23667191
4096,same_object,16,24,pinned,5,8,3,10614547,9325046
4096,same_object,16,24,pinned,5,9,0,19678970,17388463
4096,same_object,16,24,pinned,5,9,1,9913470,8871748
4096,same_object,16,24,pinned,5,9,2,11517457,9936694
4096,same_object,16,24,pinned,5,9,3,12032362,10789148
4096,same_object,16,24,pinned,5,10,0,27634994,25212197
4096,same_object,16,24,pinned,5,10,1,7022256,5872208
4096,same_object,16,24,pinned,5,10,2,13312476,12206271
4096,same_object,16,24,pinned,5,10,3,10198109,9064232
4096,same_object,16,24,pinned,5,11,0,27489288,25261150
4096,same_object,16,24,pinned,5,11,1,14237236,12712139
4096,same_object,16,24,pinned,5,11,2,16544656,15082938
4096,same_object,16,24,pinned,5,11,3,7392647,6635614
4096,same_object,16,24,pinned,5,12,0,19692446,17596347
4096,same_object,16,24,pinned,5,12,1,9853366,8529410
4096,same_object,16,24,pinned,5,12,2,27423303,26195287
4096,same_object,16,24,pinned,5,12,3,7961564,6877792
4096,same_object,16,24,pinned,5,13,0,10383420,7881633
4096,same_object,16,24,pinned,5,13,1,21724022,20150253
4096,same_object,16,24,pinned,5,13,2,24815686,23579265
4096,same_object,16,24,pinned,5,13,3,7944442,6741254
4096,same_object,16,24,pinned,5,14,0,6552126,3775118
4096,same_object,16,24,pinned,5,14,1,12341858,9946072
4096,same_object,16,24,pinned,5,14,2,10688066,9195260
4096,same_object,16,24,pinned,5,14,3,12703523,11458025
4096,same_object,16,24,pinned,5,15,0,19760775,17530152
4096,same_object,16,24,pinned,5,15,1,9828659,8678652
4096,same_object,16,24,pinned,5,15,2,11185939,9939029
4096,same_object,16,24,pinned,5,15,3,12667154,11545200
262144,disjoint,1,24,pinned,-2,0,0,10615258,8204875
262144,disjoint,1,24,pinned,-2,0,1,5644407,3709063
262144,disjoint,1,24,pinned,-2,0,2,5227257,3570260
262144,disjoint,1,24,pinned,-2,0,3,3989153,2516465
262144,disjoint,1,24,unsafe_unpinned_baseline,-2,0,0,2506115,2222057
262144,disjoint,1,24,unsafe_unpinned_baseline,-2,0,1,2584103,2260750
262144,disjoint,1,24,unsafe_unpinned_baseline,-2,0,2,1765883,1472569
262144,disjoint,1,24,unsafe_unpinned_baseline,-2,0,3,2700323,2392891
262144,disjoint,1,24,unsafe_unpinned_baseline,-1,0,0,3388265,2962800
262144,disjoint,1,24,unsafe_unpinned_baseline,-1,0,1,2850246,2496647
262144,disjoint,1,24,unsafe_unpinned_baseline,-1,0,2,2418069,2065952
262144,disjoint,1,24,unsafe_unpinned_baseline,-1,0,3,2179927,1846336
262144,disjoint,1,24,pinned,-1,0,0,3820584,1983405
262144,disjoint,1,24,pinned,-1,0,1,3339092,1942659
262144,disjoint,1,24,pinned,-1,0,2,3336197,2020516
262144,disjoint,1,24,pinned,-1,0,3,3511018,2333368
262144,disjoint,1,24,pinned,0,0,0,3635103,2452343
262144,disjoint,1,24,pinned,0,0,1,4068774,1984437
262144,disjoint,1,24,pinned,0,0,2,4643762,1851466
262144,disjoint,1,24,pinned,0,0,3,4422113,2284476
262144,disjoint,1,24,unsafe_unpinned_baseline,0,0,0,2834346,2479084
262144,disjoint,1,24,unsafe_unpinned_baseline,0,0,1,2005468,1581294
262144,disjoint,1,24,unsafe_unpinned_baseline,0,0,2,1698807,1407605
262144,disjoint,1,24,unsafe_unpinned_baseline,0,0,3,2391207,2118351
262144,disjoint,1,24,unsafe_unpinned_baseline,1,0,0,1967966,1681574
262144,disjoint,1,24,unsafe_unpinned_baseline,1,0,1,1849381,1510260
262144,disjoint,1,24,unsafe_unpinned_baseline,1,0,2,2206498,1874809
262144,disjoint,1,24,unsafe_unpinned_baseline,1,0,3,1939592,1636158
262144,disjoint,1,24,pinned,1,0,0,5285808,2516705
262144,disjoint,1,24,pinned,1,0,1,3917568,1939803
262144,disjoint,1,24,pinned,1,0,2,5701004,3067999
262144,disjoint,1,24,pinned,1,0,3,4944923,2889141
262144,disjoint,1,24,pinned,2,0,0,3309496,1737279
262144,disjoint,1,24,pinned,2,0,1,3052099,1911058
262144,disjoint,1,24,pinned,2,0,2,2491899,1310882
262144,disjoint,1,24,pinned,2,0,3,2192140,1146841
262144,disjoint,1,24,unsafe_unpinned_baseline,2,0,0,2447825,2178956
262144,disjoint,1,24,unsafe_unpinned_baseline,2,0,1,1706471,1314518
262144,disjoint,1,24,unsafe_unpinned_baseline,2,0,2,1419638,1142823
262144,disjoint,1,24,unsafe_unpinned_baseline,2,0,3,2685604,2442344
262144,disjoint,1,24,unsafe_unpinned_baseline,3,0,0,2333439,1913513
262144,disjoint,1,24,unsafe_unpinned_baseline,3,0,1,3840361,3199257
262144,disjoint,1,24,unsafe_unpinned_baseline,3,0,2,3159402,2533367
262144,disjoint,1,24,unsafe_unpinned_baseline,3,0,3,1843881,1488248
262144,disjoint,1,24,pinned,3,0,0,4339246,1814726
262144,disjoint,1,24,pinned,3,0,1,3219516,1552990
262144,disjoint,1,24,pinned,3,0,2,4005755,2304463
262144,disjoint,1,24,pinned,3,0,3,4464974,2433588
262144,disjoint,1,24,pinned,4,0,0,4619817,1830055
262144,disjoint,1,24,pinned,4,0,1,3653577,2188484
262144,disjoint,1,24,pinned,4,0,2,2723076,1567688
262144,disjoint,1,24,pinned,4,0,3,2848885,1397025
262144,disjoint,1,24,unsafe_unpinned_baseline,4,0,0,2197561,1894056
262144,disjoint,1,24,unsafe_unpinned_baseline,4,0,1,1574411,1311072
262144,disjoint,1,24,unsafe_unpinned_baseline,4,0,2,1570524,1265336
262144,disjoint,1,24,unsafe_unpinned_baseline,4,0,3,2652642,2323940
262144,disjoint,1,24,unsafe_unpinned_baseline,5,0,0,2047416,1687795
262144,disjoint,1,24,unsafe_unpinned_baseline,5,0,1,2015155,1675282
262144,disjoint,1,24,unsafe_unpinned_baseline,5,0,2,2198172,1858749
262144,disjoint,1,24,unsafe_unpinned_baseline,5,0,3,1701602,1396655
262144,disjoint,1,24,pinned,5,0,0,3438140,1558501
262144,disjoint,1,24,pinned,5,0,1,2944475,1521060
262144,disjoint,1,24,pinned,5,0,2,2614210,1267330
262144,disjoint,1,24,pinned,5,0,3,3464931,2079057
262144,disjoint,4,24,pinned,-2,0,0,10511392,6705205
262144,disjoint,4,24,pinned,-2,0,1,8013332,6108306
262144,disjoint,4,24,pinned,-2,0,2,8476038,6280481
262144,disjoint,4,24,pinned,-2,0,3,9014107,6871902
262144,disjoint,4,24,pinned,-2,1,0,11016739,8707987
262144,disjoint,4,24,pinned,-2,1,1,7477357,5529700
262144,disjoint,4,24,pinned,-2,1,2,7853019,5917504
262144,disjoint,4,24,pinned,-2,1,3,9886359,7382739
262144,disjoint,4,24,pinned,-2,2,0,11010938,6672163
262144,disjoint,4,24,pinned,-2,2,1,7437723,5242146
262144,disjoint,4,24,pinned,-2,2,2,7875361,5897476
262144,disjoint,4,24,pinned,-2,2,3,10156270,7945694
262144,disjoint,4,24,pinned,-2,3,0,11052346,6971059
262144,disjoint,4,24,pinned,-2,3,1,7478019,3429423
262144,disjoint,4,24,pinned,-2,3,2,8325664,6540925
262144,disjoint,4,24,pinned,-2,3,3,9797090,7370545
262144,disjoint,4,24,unsafe_unpinned_baseline,-2,0,0,6967492,6350093
262144,disjoint,4,24,unsafe_unpinned_baseline,-2,0,1,4190665,3793041
262144,disjoint,4,24,unsafe_unpinned_baseline,-2,0,2,6398625,5356853
262144,disjoint,4,24,unsafe_unpinned_baseline,-2,0,3,2998627,2590826
262144,disjoint,4,24,unsafe_unpinned_baseline,-2,1,0,6832827,6497523
262144,disjoint,4,24,unsafe_unpinned_baseline,-2,1,1,4306304,3882732
262144,disjoint,4,24,unsafe_unpinned_baseline,-2,1,2,7189292,6465251
262144,disjoint,4,24,unsafe_unpinned_baseline,-2,1,3,2188103,1855373
262144,disjoint,4,24,unsafe_unpinned_baseline,-2,2,0,6656984,6311700
262144,disjoint,4,24,unsafe_unpinned_baseline,-2,2,1,4087038,3800536
262144,disjoint,4,24,unsafe_unpinned_baseline,-2,2,2,2893659,2563774
262144,disjoint,4,24,unsafe_unpinned_baseline,-2,2,3,5976756,5338057
262144,disjoint,4,24,unsafe_unpinned_baseline,-2,3,0,6371714,5931681
262144,disjoint,4,24,unsafe_unpinned_baseline,-2,3,1,4311714,3945039
262144,disjoint,4,24,unsafe_unpinned_baseline,-2,3,2,2492859,2164107
262144,disjoint,4,24,unsafe_unpinned_baseline,-2,3,3,5446893,5122228
262144,disjoint,4,24,unsafe_unpinned_baseline,-1,0,0,5411987,5030745
262144,disjoint,4,24,unsafe_unpinned_baseline,-1,0,1,5263476,4957206
262144,disjoint,4,24,unsafe_unpinned_baseline,-1,0,2,4405190,4102367
262144,disjoint,4,24,unsafe_unpinned_baseline,-1,0,3,4528164,4199672
262144,disjoint,4,24,unsafe_unpinned_baseline,-1,1,0,5233630,4878918
262144,disjoint,4,24,unsafe_unpinned_baseline,-1,1,1,5436904,5210535
262144,disjoint,4,24,unsafe_unpinned_baseline,-1,1,2,4417284,4128437
262144,disjoint,4,24,unsafe_unpinned_baseline,-1,1,3,4366277,4079565
262144,disjoint,4,24,unsafe_unpinned_baseline,-1,2,0,5008192,4649864
262144,disjoint,4,24,unsafe_unpinned_baseline,-1,2,1,5331034,5032849
262144,disjoint,4,24,unsafe_unpinned_baseline,-1,2,2,4908234,4582266
262144,disjoint,4,24,unsafe_unpinned_baseline,-1,2,3,4656938,4403298
262144,disjoint,4,24,unsafe_unpinned_baseline,-1,3,0,5478493,5124102
262144,disjoint,4,24,unsafe_unpinned_baseline,-1,3,1,5041917,4725908
262144,disjoint,4,24,unsafe_unpinned_baseline,-1,3,2,4497014,4220410
262144,disjoint,4,24,unsafe_unpinned_baseline,-1,3,3,4729415,4435859
262144,disjoint,4,24,pinned,-1,0,0,8553766,5544598
262144,disjoint,4,24,pinned,-1,0,1,6945450,3837146
262144,disjoint,4,24,pinned,-1,0,2,7724285,6499776
262144,disjoint,4,24,pinned,-1,0,3,3712910,2412538
262144,disjoint,4,24,pinned,-1,1,0,8568404,5768562
262144,disjoint,4,24,pinned,-1,1,1,6772743,3930031
262144,disjoint,4,24,pinned,-1,1,2,7775692,6512682
262144,disjoint,4,24,pinned,-1,1,3,3614444,2370639
262144,disjoint,4,24,pinned,-1,2,0,7643302,4983987
262144,disjoint,4,24,pinned,-1,2,1,3399767,1825596
262144,disjoint,4,24,pinned,-1,2,2,4230510,3055225
262144,disjoint,4,24,pinned,-1,2,3,7821619,6611338
262144,disjoint,4,24,pinned,-1,3,0,8238338,5299444
262144,disjoint,4,24,pinned,-1,3,1,6938377,3750341
262144,disjoint,4,24,pinned,-1,3,2,7554935,6232831
262144,disjoint,4,24,pinned,-1,3,3,4023609,2827203
262144,disjoint,4,24,pinned,0,0,0,10266288,7083852
262144,disjoint,4,24,pinned,0,0,1,7531991,5409161
262144,disjoint,4,24,pinned,0,0,2,7564031,5170039
262144,disjoint,4,24,pinned,0,0,3,6714654,5066082
262144,disjoint,4,24,pinned,0,1,0,8447564,6842646
262144,disjoint,4,24,pinned,0,1,1,9214196,6607100
262144,disjoint,4,24,pinned,0,1,2,7615148,6130898
262144,disjoint,4,24,pinned,0,1,3,7004342,4727672
262144,disjoint,4,24,pinned,0,2,0,8127268,6514104
262144,disjoint,4,24,pinned,0,2,1,9254903,7445537
262144,disjoint,4,24,pinned,0,2,2,8145743,6061036
262144,disjoint,4,24,pinned,0,2,3,6510707,4729405
262144,disjoint,4,24,pinned,0,3,0,7436500,5699532
262144,disjoint,4,24,pinned,0,3,1,9975387,8093664
262144,disjoint,4,24,pinned,0,3,2,7815618,6183468
262144,disjoint,4,24,pinned,0,3,3,7096115,4574211
262144,disjoint,4,24,unsafe_unpinned_baseline,0,0,0,6465803,6000661
262144,disjoint,4,24,unsafe_unpinned_baseline,0,0,1,5555389,5196459
262144,disjoint,4,24,unsafe_unpinned_baseline,0,0,2,5049531,4722451
262144,disjoint,4,24,unsafe_unpinned_baseline,0,0,3,3865188,3558958
262144,disjoint,4,24,unsafe_unpinned_baseline,0,1,0,6619333,6251166
262144,disjoint,4,24,unsafe_unpinned_baseline,0,1,1,5154700,4730838
262144,disjoint,4,24,unsafe_unpinned_baseline,0,1,2,5282582,4863829
262144,disjoint,4,24,unsafe_unpinned_baseline,0,1,3,3931614,3559610
262144,disjoint,4,24,unsafe_unpinned_baseline,0,2,0,6074662,5603269
262144,disjoint,4,24,unsafe_unpinned_baseline,0,2,1,5636272,5055712
262144,disjoint,4,24,unsafe_unpinned_baseline,0,2,2,5079377,4630688
262144,disjoint,4,24,unsafe_unpinned_baseline,0,2,3,3882200,3341256
262144,disjoint,4,24,unsafe_unpinned_baseline,0,3,0,6537459,6194870
262144,disjoint,4,24,unsafe_unpinned_baseline,0,3,1,5257755,4976433
262144,disjoint,4,24,unsafe_unpinned_baseline,0,3,2,5208822,4819876
262144,disjoint,4,24,unsafe_unpinned_baseline,0,3,3,3482524,3216249
262144,disjoint,4,24,unsafe_unpinned_baseline,1,0,0,6543249,6149733
262144,disjoint,4,24,unsafe_unpinned_baseline,1,0,1,4725027,4422413
262144,disjoint,4,24,unsafe_unpinned_baseline,1,0,2,3531276,3231438
262144,disjoint,4,24,unsafe_unpinned_baseline,1,0,3,3478286,3174210
262144,disjoint,4,24,unsafe_unpinned_baseline,1,1,0,6294187,5956848
262144,disjoint,4,24,unsafe_unpinned_baseline,1,1,1,4612744,4312315
262144,disjoint,4,24,unsafe_unpinned_baseline,1,1,2,3520816,3188487
262144,disjoint,4,24,unsafe_unpinned_baseline,1,1,3,3558788,3215609
262144,disjoint,4,24,unsafe_unpinned_baseline,1,2,0,6399878,6037982
262144,disjoint,4,24,unsafe_unpinned_baseline,1,2,1,4726479,4421742
262144,disjoint,4,24,unsafe_unpinned_baseline,1,2,2,3758286,3457546
262144,disjoint,4,24,unsafe_unpinned_baseline,1,2,3,3396081,3094009
262144,disjoint,4,24,unsafe_unpinned_baseline,1,3,0,5932242,5604311
262144,disjoint,4,24,unsafe_unpinned_baseline,1,3,1,5084257,4656126
262144,disjoint,4,24,unsafe_unpinned_baseline,1,3,2,3628962,3311290
262144,disjoint,4,24,unsafe_unpinned_baseline,1,3,3,3694415,3355282
262144,disjoint,4,24,pinned,1,0,0,7341681,5384535
262144,disjoint,4,24,pinned,1,0,1,6316851,4965943
262144,disjoint,4,24,pinned,1,0,2,4639524,3332409
262144,disjoint,4,24,pinned,1,0,3,4767337,3540264
262144,disjoint,4,24,pinned,1,1,0,7269274,5443306
262144,disjoint,4,24,pinned,1,1,1,6231318,4812092
262144,disjoint,4,24,pinned,1,1,2,4992293,3717929
262144,disjoint,4,24,pinned,1,1,3,4449835,3331999
262144,disjoint,4,24,pinned,1,2,0,7135340,5287572
262144,disjoint,4,24,pinned,1,2,1,6805416,5467482
262144,disjoint,4,24,pinned,1,2,2,4434857,3258009
262144,disjoint,4,24,pinned,1,2,3,4438003,3229575
262144,disjoint,4,24,pinned,1,3,0,7609878,5734198
262144,disjoint,4,24,pinned,1,3,1,6334985,4929513
262144,disjoint,4,24,pinned,1,3,2,4630798,3274871
262144,disjoint,4,24,pinned,1,3,3,4258373,2945988
262144,disjoint,4,24,pinned,2,0,0,7518575,6150055
262144,disjoint,4,24,pinned,2,0,1,6799585,5299884
262144,disjoint,4,24,pinned,2,0,2,6173038,4247622
262144,disjoint,4,24,pinned,2,0,3,9404366,7221323
262144,disjoint,4,24,pinned,2,1,0,7733954,6375351
262144,disjoint,4,24,pinned,2,1,1,6572374,5300115
262144,disjoint,4,24,pinned,2,1,2,6171705,4532632
262144,disjoint,4,24,pinned,2,1,3,9406189,7175807
262144,disjoint,4,24,pinned,2,2,0,7788086,6376994
262144,disjoint,4,24,pinned,2,2,1,6269390,4815407
262144,disjoint,4,24,pinned,2,2,2,6412903,4504649
262144,disjoint,4,24,pinned,2,2,3,9412241,7179714
262144,disjoint,4,24,pinned,2,3,0,7666356,6103717
262144,disjoint,4,24,pinned,2,3,1,6288447,4838952
262144,disjoint,4,24,pinned,2,3,2,6516248,4332644
262144,disjoint,4,24,pinned,2,3,3,9411419,7169575
262144,disjoint,4,24,unsafe_unpinned_baseline,2,0,0,5656810,5299835
262144,disjoint,4,24,unsafe_unpinned_baseline,2,0,1,5396919,5079288
262144,disjoint,4,24,unsafe_unpinned_baseline,2,0,2,4954110,4623835
262144,disjoint,4,24,unsafe_unpinned_baseline,2,0,3,4608666,3807529
262144,disjoint,4,24,unsafe_unpinned_baseline,2,1,0,5555599,5218561
262144,disjoint,4,24,unsafe_unpinned_baseline,2,1,1,4915998,4601262
262144,disjoint,4,24,unsafe_unpinned_baseline,2,1,2,5582259,5270148
262144,disjoint,4,24,unsafe_unpinned_baseline,2,1,3,4240970,3905194
262144,disjoint,4,24,unsafe_unpinned_baseline,2,2,0,5513489,5172594
262144,disjoint,4,24,unsafe_unpinned_baseline,2,2,1,5556180,5234621
262144,disjoint,4,24,unsafe_unpinned_baseline,2,2,2,5605524,5309433
262144,disjoint,4,24,unsafe_unpinned_baseline,2,2,3,3960118,3490209
262144,disjoint,4,24,unsafe_unpinned_baseline,2,3,0,5223911,4853129
262144,disjoint,4,24,unsafe_unpinned_baseline,2,3,1,5671559,5318129
262144,disjoint,4,24,unsafe_unpinned_baseline,2,3,2,5441714,5140262
262144,disjoint,4,24,unsafe_unpinned_baseline,2,3,3,4097748,3781630
262144,disjoint,4,24,unsafe_unpinned_baseline,3,0,0,5172133,4736898
262144,disjoint,4,24,unsafe_unpinned_baseline,3,0,1,5870946,5622175
262144,disjoint,4,24,unsafe_unpinned_baseline,3,0,2,3685599,3383747
262144,disjoint,4,24,unsafe_unpinned_baseline,3,0,3,4194813,3911025
262144,disjoint,4,24,unsafe_unpinned_baseline,3,1,0,4874950,4318687
262144,disjoint,4,24,unsafe_unpinned_baseline,3,1,1,5824518,5509451
262144,disjoint,4,24,unsafe_unpinned_baseline,3,1,2,3836003,3502301
262144,disjoint,4,24,unsafe_unpinned_baseline,3,1,3,4909876,4604418
262144,disjoint,4,24,unsafe_unpinned_baseline,3,2,0,4774450,4433404
262144,disjoint,4,24,unsafe_unpinned_baseline,3,2,1,5091721,4743641
262144,disjoint,4,24,unsafe_unpinned_baseline,3,2,2,4354454,4072361
262144,disjoint,4,24,unsafe_unpinned_baseline,3,2,3,5117981,4824685
262144,disjoint,4,24,unsafe_unpinned_baseline,3,3,0,4950343,4617363
262144,disjoint,4,24,unsafe_unpinned_baseline,3,3,1,5410013,5086341
262144,disjoint,4,24,unsafe_unpinned_baseline,3,3,2,4265547,3912999
262144,disjoint,4,24,unsafe_unpinned_baseline,3,3,3,4856946,4596493
262144,disjoint,4,24,pinned,3,0,0,5725080,3789344
262144,disjoint,4,24,pinned,3,0,1,5292972,3327491
262144,disjoint,4,24,pinned,3,0,2,5388222,3768866
262144,disjoint,4,24,pinned,3,0,3,4793215,3372155
262144,disjoint,4,24,pinned,3,1,0,5627845,3853777
262144,disjoint,4,24,pinned,3,1,1,4415991,3237780
262144,disjoint,4,24,pinned,3,1,2,6486001,4501283
262144,disjoint,4,24,pinned,3,1,3,5796965,3627238
262144,disjoint,4,24,pinned,3,2,0,5628447,3835953
262144,disjoint,4,24,pinned,3,2,1,4411994,3043483
262144,disjoint,4,24,pinned,3,2,2,5879743,4161570
262144,disjoint,4,24,pinned,3,2,3,5118962,3754428
262144,disjoint,4,24,pinned,3,3,0,5717395,3875688
262144,disjoint,4,24,pinned,3,3,1,4379452,3239444
262144,disjoint,4,24,pinned,3,3,2,6438631,4140370
262144,disjoint,4,24,pinned,3,3,3,4907401,2456081
262144,disjoint,4,24,pinned,4,0,0,6378427,3655341
262144,disjoint,4,24,pinned,4,0,1,7454895,5069409
262144,disjoint,4,24,pinned,4,0,2,8280549,5803198
262144,disjoint,4,24,pinned,4,0,3,6446556,4486004
262144,disjoint,4,24,pinned,4,1,0,6371985,2982166
262144,disjoint,4,24,pinned,4,1,1,7434186,4716741
262144,disjoint,4,24,pinned,4,1,2,8224382,5524750
262144,disjoint,4,24,pinned,4,1,3,4245368,1956083
262144,disjoint,4,24,pinned,4,2,0,5436153,3588213
262144,disjoint,4,24,pinned,4,2,1,8293242,5844836
262144,disjoint,4,24,pinned,4,2,2,8338258,5962089
262144,disjoint,4,24,pinned,4,2,3,6274901,3743748
262144,disjoint,4,24,pinned,4,3,0,6308113,3852875
262144,disjoint,4,24,pinned,4,3,1,7458953,5229451
262144,disjoint,4,24,pinned,4,3,2,8321075,5472241
262144,disjoint,4,24,pinned,4,3,3,6589677,4380845
262144,disjoint,4,24,unsafe_unpinned_baseline,4,0,0,4691633,4097057
262144,disjoint,4,24,unsafe_unpinned_baseline,4,0,1,4811399,4265527
262144,disjoint,4,24,unsafe_unpinned_baseline,4,0,2,4930055,4444315
262144,disjoint,4,24,unsafe_unpinned_baseline,4,0,3,5903728,5371079
262144,disjoint,4,24,unsafe_unpinned_baseline,4,1,0,4529446,3923008
262144,disjoint,4,24,unsafe_unpinned_baseline,4,1,1,5048469,4584621
262144,disjoint,4,24,unsafe_unpinned_baseline,4,1,2,4929694,4527743
262144,disjoint,4,24,unsafe_unpinned_baseline,4,1,3,5916563,5459347
262144,disjoint,4,24,unsafe_unpinned_baseline,4,2,0,4909776,4331281
262144,disjoint,4,24,unsafe_unpinned_baseline,4,2,1,4991190,4567929
262144,disjoint,4,24,unsafe_unpinned_baseline,4,2,2,5020916,4649694
262144,disjoint,4,24,unsafe_unpinned_baseline,4,2,3,5865466,5306407
262144,disjoint,4,24,unsafe_unpinned_baseline,4,3,0,5034673,4472478
262144,disjoint,4,24,unsafe_unpinned_baseline,4,3,1,4943199,4561557
262144,disjoint,4,24,unsafe_unpinned_baseline,4,3,2,4763009,4424217
262144,disjoint,4,24,unsafe_unpinned_baseline,4,3,3,5694032,5295196
262144,disjoint,4,24,unsafe_unpinned_baseline,5,0,0,4768979,4264725
262144,disjoint,4,24,unsafe_unpinned_baseline,5,0,1,4767687,4435107
262144,disjoint,4,24,unsafe_unpinned_baseline,5,0,2,5083675,4651587
262144,disjoint,4,24,unsafe_unpinned_baseline,5,0,3,4939864,4491464
262144,disjoint,4,24,unsafe_unpinned_baseline,5,1,0,4573870,3876179
262144,disjoint,4,24,unsafe_unpinned_baseline,5,1,1,4470064,4107707
262144,disjoint,4,24,unsafe_unpinned_baseline,5,1,2,5699892,5372362
262144,disjoint,4,24,unsafe_unpinned_baseline,5,1,3,5094446,4499078
262144,disjoint,4,24,unsafe_unpinned_baseline,5,2,0,4694148,4116634
262144,disjoint,4,24,unsafe_unpinned_baseline,5,2,1,4833291,4482838
262144,disjoint,4,24,unsafe_unpinned_baseline,5,2,2,4955723,4189903
262144,disjoint,4,24,unsafe_unpinned_baseline,5,2,3,5266061,4638713
262144,disjoint,4,24,unsafe_unpinned_baseline,5,3,0,4611251,4146381
262144,disjoint,4,24,unsafe_unpinned_baseline,5,3,1,5698740,5335613
262144,disjoint,4,24,unsafe_unpinned_baseline,5,3,2,4839733,4550776
262144,disjoint,4,24,unsafe_unpinned_baseline,5,3,3,4577918,4157161
262144,disjoint,4,24,pinned,5,0,0,9096453,5179677
262144,disjoint,4,24,pinned,5,0,1,8476249,5460248
262144,disjoint,4,24,pinned,5,0,2,6860049,4738021
262144,disjoint,4,24,pinned,5,0,3,7267580,5067225
262144,disjoint,4,24,pinned,5,1,0,9086645,5578843
262144,disjoint,4,24,pinned,5,1,1,8473584,5042949
262144,disjoint,4,24,pinned,5,1,2,6749640,4649152
262144,disjoint,4,24,pinned,5,1,3,7076739,4547992
262144,disjoint,4,24,pinned,5,2,0,9108215,5623507
262144,disjoint,4,24,pinned,5,2,1,8409122,5664976
262144,disjoint,4,24,pinned,5,2,2,6840011,4740175
262144,disjoint,4,24,pinned,5,2,3,7107377,5037708
262144,disjoint,4,24,pinned,5,3,0,9092906,5459928
262144,disjoint,4,24,pinned,5,3,1,8497790,5918747
262144,disjoint,4,24,pinned,5,3,2,6664860,4688277
262144,disjoint,4,24,pinned,5,3,3,7447120,5299534
262144,disjoint,16,24,pinned,-2,0,0,19878658,16833623
262144,disjoint,16,24,pinned,-2,0,1,26807066,23271432
262144,disjoint,16,24,pinned,-2,0,2,24291894,19239869
262144,disjoint,16,24,pinned,-2,0,3,10925827,5553886
262144,disjoint,16,24,pinned,-2,1,0,23046717,18917889
262144,disjoint,16,24,pinned,-2,1,1,26892989,20607548
262144,disjoint,16,24,pinned,-2,1,2,27798394,20645309
262144,disjoint,16,24,pinned,-2,1,3,18824282,14234612
262144,disjoint,16,24,pinned,-2,2,0,23992347,19089564
262144,disjoint,16,24,pinned,-2,2,1,25934353,20377503
262144,disjoint,16,24,pinned,-2,2,2,23079860,19211635
262144,disjoint,16,24,pinned,-2,2,3,24874748,17406487
262144,disjoint,16,24,pinned,-2,3,0,19013340,15775490
262144,disjoint,16,24,pinned,-2,3,1,30747578,24237692
262144,disjoint,16,24,pinned,-2,3,2,26319985,20512418
262144,disjoint,16,24,pinned,-2,3,3,21996458,16617613
262144,disjoint,16,24,pinned,-2,4,0,24350345,20414653
262144,disjoint,16,24,pinned,-2,4,1,25495753,19654043
262144,disjoint,16,24,pinned,-2,4,2,28137816,21400380
262144,disjoint,16,24,pinned,-2,4,3,18203336,14384746
262144,disjoint,16,24,pinned,-2,5,0,19925937,16624777
262144,disjoint,16,24,pinned,-2,5,1,26742403,23287012
262144,disjoint,16,24,pinned,-2,5,2,31251050,22779230
262144,disjoint,16,24,pinned,-2,5,3,18352178,15645323
262144,disjoint,16,24,pinned,-2,6,0,23010067,19066280
262144,disjoint,16,24,pinned,-2,6,1,26890645,20646713
262144,disjoint,16,24,pinned,-2,6,2,19849493,16616091
262144,disjoint,16,24,pinned,-2,6,3,11591487,8748304
262144,disjoint,16,24,pinned,-2,7,0,19796452,16417344
262144,disjoint,16,24,pinned,-2,7,1,26884212,23827625
262144,disjoint,16,24,pinned,-2,7,2,31876114,22159908
262144,disjoint,16,24,pinned,-2,7,3,19754263,16115192
262144,disjoint,16,24,pinned,-2,8,0,24273540,20740370
262144,disjoint,16,24,pinned,-2,8,1,25376447,19705680
262144,disjoint,16,24,pinned,-2,8,2,20515945,17064671
262144,disjoint,16,24,pinned,-2,8,3,10520048,6375832
262144,disjoint,16,24,pinned,-2,9,0,24302955,19346831
262144,disjoint,16,24,pinned,-2,9,1,25566788,20691046
262144,disjoint,16,24,pinned,-2,9,2,25223779,20337426
262144,disjoint,16,24,pinned,-2,9,3,21035378,15653528
262144,disjoint,16,24,pinned,-2,10,0,24298587,20652804
262144,disjoint,16,24,pinned,-2,10,1,25504640,19718454
262144,disjoint,16,24,pinned,-2,10,2,27970239,20647685
262144,disjoint,16,24,pinned,-2,10,3,20492771,16883848
262144,disjoint,16,24,pinned,-2,11,0,19805620,16722983
262144,disjoint,16,24,pinned,-2,11,1,26795684,23253037
262144,disjoint,16,24,pinned,-2,11,2,28608497,22149418
262144,disjoint,16,24,pinned,-2,11,3,22764031,16879560
262144,disjoint,16,24,pinned,-2,12,0,22948952,18636837
262144,disjoint,16,24,pinned,-2,12,1,26906875,20570237
262144,disjoint,16,24,pinned,-2,12,2,21419486,18371695
262144,disjoint,16,24,pinned,-2,12,3,10352011,5308161
262144,disjoint,16,24,pinned,-2,13,0,20910141,17939807
262144,disjoint,16,24,pinned,-2,13,1,28818936,21540304
262144,disjoint,16,24,pinned,-2,13,2,26229002,20526324
262144,disjoint,16,24,pinned,-2,13,3,22217136,16869080
262144,disjoint,16,24,pinned,-2,14,0,24257840,20630902
262144,disjoint,16,24,pinned,-2,14,1,25685573,20194096
262144,disjoint,16,24,pinned,-2,14,2,27944621,21029146
262144,disjoint,16,24,pinned,-2,14,3,20036217,15555363
262144,disjoint,16,24,pinned,-2,15,0,22975171,18868876
262144,disjoint,16,24,pinned,-2,15,1,26872770,20588522
262144,disjoint,16,24,pinned,-2,15,2,21577916,18219857
262144,disjoint,16,24,pinned,-2,15,3,23978721,15654340
262144,disjoint,16,24,unsafe_unpinned_baseline,-2,0,0,25026344,24187957
262144,disjoint,16,24,unsafe_unpinned_baseline,-2,0,1,24973384,23850729
262144,disjoint,16,24,unsafe_unpinned_baseline,-2,0,2,19368152,18843528
262144,disjoint,16,24,unsafe_unpinned_baseline,-2,0,3,20614371,20189357
262144,disjoint,16,24,unsafe_unpinned_baseline,-2,1,0,22190254,21378828
262144,disjoint,16,24,unsafe_unpinned_baseline,-2,1,1,20652353,19842379
262144,disjoint,16,24,unsafe_unpinned_baseline,-2,1,2,26718679,25702936
262144,disjoint,16,24,unsafe_unpinned_baseline,-2,1,3,20305456,19900770
262144,disjoint,16,24,unsafe_unpinned_baseline,-2,2,0,22296105,21441768
262144,disjoint,16,24,unsafe_unpinned_baseline,-2,2,1,20617066,19778879
262144,disjoint,16,24,unsafe_unpinned_baseline,-2,2,2,26642184,25696033
262144,disjoint,16,24,unsafe_unpinned_baseline,-2,2,3,20072695,19578109
262144,disjoint,16,24,unsafe_unpinned_baseline,-2,3,0,25033819,22936808
262144,disjoint,16,24,unsafe_unpinned_baseline,-2,3,1,24949830,23897377
262144,disjoint,16,24,unsafe_unpinned_baseline,-2,3,2,19395894,18928650
262144,disjoint,16,24,unsafe_unpinned_baseline,-2,3,3,20517929,20020837
262144,disjoint,16,24,unsafe_unpinned_baseline,-2,4,0,25048547,24243492
262144,disjoint,16,24,unsafe_unpinned_baseline,-2,4,1,23103855,22126134
262144,disjoint,16,24,unsafe_unpinned_baseline,-2,4,2,21070675,20552614
262144,disjoint,16,24,unsafe_unpinned_baseline,-2,4,3,20603140,20052507
262144,disjoint,16,24,unsafe_unpinned_baseline,-2,5,0,24769609,23934918
262144,disjoint,16,24,unsafe_unpinned_baseline,-2,5,1,19554725,18896729
262144,disjoint,16,24,unsafe_unpinned_baseline,-2,5,2,23132629,22509720
262144,disjoint,16,24,unsafe_unpinned_baseline,-2,5,3,21370824,20737243
262144,disjoint,16,24,unsafe_unpinned_baseline,-2,6,0,22061771,21339785
262144,disjoint,16,24,unsafe_unpinned_baseline,-2,6,1,20710804,19779280
262144,disjoint,16,24,unsafe_unpinned_baseline,-2,6,2,25137305,24127383
262144,disjoint,16,24,unsafe_unpinned_baseline,-2,6,3,20885043,20181141
262144,disjoint,16,24,unsafe_unpinned_baseline,-2,7,0,24882562,24134847
262144,disjoint,16,24,unsafe_unpinned_baseline,-2,7,1,20318351,19198070
262144,disjoint,16,24,unsafe_unpinned_baseline,-2,7,2,22483370,21891009
262144,disjoint,16,24,unsafe_unpinned_baseline,-2,7,3,21209718,20374517
262144,disjoint,16,24,unsafe_unpinned_baseline,-2,8,0,24936134,24161256
262144,disjoint,16,24,unsafe_unpinned_baseline,-2,8,1,19431331,18845983
262144,disjoint,16,24,unsafe_unpinned_baseline,-2,8,2,25696253,25059207
262144,disjoint,16,24,unsafe_unpinned_baseline,-2,8,3,19853510,19475575
262144,disjoint,16,24,unsafe_unpinned_baseline,-2,9,0,24974386,24265775
262144,disjoint,16,24,unsafe_unpinned_baseline,-2,9,1,19447702,18472646
262144,disjoint,16,24,unsafe_unpinned_baseline,-2,9,2,25567779,25018590
262144,disjoint,16,24,unsafe_unpinned_baseline,-2,9,3,20324072,19898526
262144,disjoint,16,24,unsafe_unpinned_baseline,-2,10,0,22380826,21707781
262144,disjoint,16,24,unsafe_unpinned_baseline,-2,10,1,20412489,19798907
262144,disjoint,16,24,unsafe_unpinned_baseline,-2,10,2,24917208,23926873
262144,disjoint,16,24,unsafe_unpinned_baseline,-2,10,3,21159363,20748905
262144,disjoint,16,24,unsafe_unpinned_baseline,-2,11,0,24862094,24191133
262144,disjoint,16,24,unsafe_unpinned_baseline,-2,11,1,20526174,19453273
262144,disjoint,16,24,unsafe_unpinned_baseline,-2,11,2,24654961,24103437
262144,disjoint,16,24,unsafe_unpinned_baseline,-2,11,3,20752492,20389145
262144,disjoint,16,24,unsafe_unpinned_baseline,-2,12,0,24894536,23133100
262144,disjoint,16,24,unsafe_unpinned_baseline,-2,12,1,19653442,19108210
262144,disjoint,16,24,unsafe_unpinned_baseline,-2,12,2,22881985,22402206
262144,disjoint,16,24,unsafe_unpinned_baseline,-2,12,3,21247009,20685605
262144,disjoint,16,24,unsafe_unpinned_baseline,-2,13,0,24951754,24309026
262144,disjoint,16,24,unsafe_unpinned_baseline,-2,13,1,24919482,23900984
262144,disjoint,16,24,unsafe_unpinned_baseline,-2,13,2,19384743,18954719
262144,disjoint,16,24,unsafe_unpinned_baseline,-2,13,3,20537666,20154711
262144,disjoint,16,24,unsafe_unpinned_baseline,-2,14,0,22126855,21538341
262144,disjoint,16,24,unsafe_unpinned_baseline,-2,14,1,20608971,19892454
262144,disjoint,16,24,unsafe_unpinned_baseline,-2,14,2,24925494,23990443
262144,disjoint,16,24,unsafe_unpinned_baseline,-2,14,3,21034276,20434761
262144,disjoint,16,24,unsafe_unpinned_baseline,-2,15,0,24918962,23022200
262144,disjoint,16,24,unsafe_unpinned_baseline,-2,15,1,20725742,19687316
262144,disjoint,16,24,unsafe_unpinned_baseline,-2,15,2,24414446,23923497
262144,disjoint,16,24,unsafe_unpinned_baseline,-2,15,3,20719972,20344350
262144,disjoint,16,24,unsafe_unpinned_baseline,-1,0,0,23905793,23340773
262144,disjoint,16,24,unsafe_unpinned_baseline,-1,0,1,23827104,23173546
262144,disjoint,16,24,unsafe_unpinned_baseline,-1,0,2,18020270,17556200
262144,disjoint,16,24,unsafe_unpinned_baseline,-1,0,3,17824509,17225054
262144,disjoint,16,24,unsafe_unpinned_baseline,-1,1,0,23101821,22514779
262144,disjoint,16,24,unsafe_unpinned_baseline,-1,1,1,23870947,22852589
262144,disjoint,16,24,unsafe_unpinned_baseline,-1,1,2,21663648,21169903
262144,disjoint,16,24,unsafe_unpinned_baseline,-1,1,3,15574259,15190772
262144,disjoint,16,24,unsafe_unpinned_baseline,-1,2,0,19783748,19191878
262144,disjoint,16,24,unsafe_unpinned_baseline,-1,2,1,25866005,25213780
262144,disjoint,16,24,unsafe_unpinned_baseline,-1,2,2,22916129,21919763
262144,disjoint,16,24,unsafe_unpinned_baseline,-1,2,3,15825193,15444903
262144,disjoint,16,24,unsafe_unpinned_baseline,-1,3,0,19566126,19017407
262144,disjoint,16,24,unsafe_unpinned_baseline,-1,3,1,26068558,25230301
262144,disjoint,16,24,unsafe_unpinned_baseline,-1,3,2,22063976,21076546
262144,disjoint,16,24,unsafe_unpinned_baseline,-1,3,3,16443945,16026184
262144,disjoint,16,24,unsafe_unpinned_baseline,-1,4,0,24002356,23487922
262144,disjoint,16,24,unsafe_unpinned_baseline,-1,4,1,22847259,22389964
262144,disjoint,16,24,unsafe_unpinned_baseline,-1,4,2,21694907,21193418
262144,disjoint,16,24,unsafe_unpinned_baseline,-1,4,3,15726397,15366184
262144,disjoint,16,24,unsafe_unpinned_baseline,-1,5,0,24013356,23453006
262144,disjoint,16,24,unsafe_unpinned_baseline,-1,5,1,24312784,23280268
262144,disjoint,16,24,unsafe_unpinned_baseline,-1,5,2,29463807,29042449
262144,disjoint,16,24,unsafe_unpinned_baseline,-1,5,3,7097799,6520035
262144,disjoint,16,24,unsafe_unpinned_baseline,-1,6,0,23055092,22477839
262144,disjoint,16,24,unsafe_unpinned_baseline,-1,6,1,24592604,23563545
262144,disjoint,16,24,unsafe_unpinned_baseline,-1,6,2,29245032,28790582
262144,disjoint,16,24,unsafe_unpinned_baseline,-1,6,3,7959370,7443423
262144,disjoint,16,24,unsafe_unpinned_baseline,-1,7,0,19669933,19109030
262144,disjoint,16,24,unsafe_unpinned_baseline,-1,7,1,25937420,25120092
262144,disjoint,16,24,unsafe_unpinned_baseline,-1,7,2,20760869,19750546
262144,disjoint,16,24,unsafe_unpinned_baseline,-1,7,3,18522270,18081846
262144,disjoint,16,24,unsafe_unpinned_baseline,-1,8,0,23062406,22499751
262144,disjoint,16,24,unsafe_unpinned_baseline,-1,8,1,23824550,22802965
262144,disjoint,16,24,unsafe_unpinned_baseline,-1,8,2,21641726,21151568
262144,disjoint,16,24,unsafe_unpinned_baseline,-1,8,3,15690819,15319686
262144,disjoint,16,24,unsafe_unpinned_baseline,-1,9,0,23958112,23473655
262144,disjoint,16,24,unsafe_unpinned_baseline,-1,9,1,22925337,22417636
262144,disjoint,16,24,unsafe_unpinned_baseline,-1,9,2,18691360,18175363
262144,disjoint,16,24,unsafe_unpinned_baseline,-1,9,3,17819419,17195057
262144,disjoint,16,24,unsafe_unpinned_baseline,-1,10,0,19522303,19019321
262144,disjoint,16,24,unsafe_unpinned_baseline,-1,10,1,26035065,25176339
262144,disjoint,16,24,unsafe_unpinned_baseline,-1,10,2,23005008,22001578
262144,disjoint,16,24,unsafe_unpinned_baseline,-1,10,3,15582484,15204678
262144,disjoint,16,24,unsafe_unpinned_baseline,-1,11,0,23030877,22494541
262144,disjoint,16,24,unsafe_unpinned_baseline,-1,11,1,24648539,23619932
262144,disjoint,16,24,unsafe_unpinned_baseline,-1,11,2,17873902,17326276
262144,disjoint,16,24,unsafe_unpinned_baseline,-1,11,3,17708790,17076583
262144,disjoint,16,24,unsafe_unpinned_baseline,-1,12,0,19500281,18977753
262144,disjoint,16,24,unsafe_unpinned_baseline,-1,12,1,26029765,25199272
262144,disjoint,16,24,unsafe_unpinned_baseline,-1,12,2,21998923,21009419
262144,disjoint,16,24,unsafe_unpinned_baseline,-1,12,3,16538685,16172531
262144,disjoint,16,24,unsafe_unpinned_baseline,-1,13,0,23576600,22999006
262144,disjoint,16,24,unsafe_unpinned_baseline,-1,13,1,23356714,22858360
262144,disjoint,16,24,unsafe_unpinned_baseline,-1,13,2,21703293,21240466
262144,disjoint,16,24,unsafe_unpinned_baseline,-1,13,3,16239157,15855160
262144,disjoint,16,24,unsafe_unpinned_baseline,-1,14,0,23013895,22494301
262144,disjoint,16,24,unsafe_unpinned_baseline,-1,14,1,24636977,23596698
262144,disjoint,16,24,unsafe_unpinned_baseline,-1,14,2,17908899,17465729
262144,disjoint,16,24,unsafe_unpinned_baseline,-1,14,3,17877028,17263306
262144,disjoint,16,24,unsafe_unpinned_baseline,-1,15,0,23008464,22486726
262144,disjoint,16,24,unsafe_unpinned_baseline,-1,15,1,24396963,23379266
262144,disjoint,16,24,unsafe_unpinned_baseline,-1,15,2,18102595,17621294
262144,disjoint,16,24,unsafe_unpinned_baseline,-1,15,3,17858934,17209886
262144,disjoint,16,24,pinned,-1,0,0,26415695,22892093
262144,disjoint,16,24,pinned,-1,0,1,27070225,24785289
262144,disjoint,16,24,pinned,-1,0,2,23291190,21038224
262144,disjoint,16,24,pinned,-1,0,3,26675357,24472796
262144,disjoint,16,24,pinned,-1,1,0,26644869,23012562
262144,disjoint,16,24,pinned,-1,1,1,26569887,24336629
262144,disjoint,16,24,pinned,-1,1,2,22138778,19752649
262144,disjoint,16,24,pinned,-1,1,3,25766255,23307580
262144,disjoint,16,24,pinned,-1,2,0,24310399,20805523
262144,disjoint,16,24,pinned,-1,2,1,25289343,22542532
262144,disjoint,16,24,pinned,-1,2,2,24294789,21654280
262144,disjoint,16,24,pinned,-1,2,3,27185824,24525587
262144,disjoint,16,24,pinned,-1,3,0,25336883,22068143
262144,disjoint,16,24,pinned,-1,3,1,25986483,23011199
262144,disjoint,16,24,pinned,-1,3,2,24814463,22680112
262144,disjoint,16,24,pinned,-1,3,3,24891479,22738834
262144,disjoint,16,24,pinned,-1,4,0,23715773,19150340
262144,disjoint,16,24,pinned,-1,4,1,25652601,22693197
262144,disjoint,16,24,pinned,-1,4,2,24703944,22084945
262144,disjoint,16,24,pinned,-1,4,3,27036901,24783645
262144,disjoint,16,24,pinned,-1,5,0,25348414,22106386
262144,disjoint,16,24,pinned,-1,5,1,25919887,23101721
262144,disjoint,16,24,pinned,-1,5,2,24999173,22418216
262144,disjoint,16,24,pinned,-1,5,3,26445803,24467697
262144,disjoint,16,24,pinned,-1,6,0,23713930,19347171
262144,disjoint,16,24,pinned,-1,6,1,25822573,22961004
262144,disjoint,16,24,pinned,-1,6,2,24237040,21572164
262144,disjoint,16,24,pinned,-1,6,3,28560175,26463776
262144,disjoint,16,24,pinned,-1,7,0,25307937,22012839
262144,disjoint,16,24,pinned,-1,7,1,26010749,23073387
262144,disjoint,16,24,pinned,-1,7,2,25329529,22991752
262144,disjoint,16,24,pinned,-1,7,3,26078998,24099931
262144,disjoint,16,24,pinned,-1,8,0,26667162,23211478
262144,disjoint,16,24,pinned,-1,8,1,28098932,26010879
262144,disjoint,16,24,pinned,-1,8,2,22051933,19783317
262144,disjoint,16,24,pinned,-1,8,3,26251414,24285291
262144,disjoint,16,24,pinned,-1,9,0,24488636,21026742
262144,disjoint,16,24,pinned,-1,9,1,26380289,23560509
262144,disjoint,16,24,pinned,-1,9,2,23036818,20481760
262144,disjoint,16,24,pinned,-1,9,3,27155636,24722840
262144,disjoint,16,24,pinned,-1,10,0,26239672,22959912
262144,disjoint,16,24,pinned,-1,10,1,25805580,23478133
262144,disjoint,16,24,pinned,-1,10,2,24012345,21927357
262144,disjoint,16,24,pinned,-1,10,3,26307530,24351317
262144,disjoint,16,24,pinned,-1,11,0,23813388,19442092
262144,disjoint,16,24,pinned,-1,11,1,23041086,19364985
262144,disjoint,16,24,pinned,-1,11,2,25057323,21275814
262144,disjoint,16,24,pinned,-1,11,3,27453120,24428733
262144,disjoint,16,24,pinned,-1,12,0,24945542,21530336
262144,disjoint,16,24,pinned,-1,12,1,25873859,23306900
262144,disjoint,16,24,pinned,-1,12,2,23097552,20882278
262144,disjoint,16,24,pinned,-1,12,3,27084421,24714955
262144,disjoint,16,24,pinned,-1,13,0,24368429,19239989
262144,disjoint,16,24,pinned,-1,13,1,26485417,23740329
262144,disjoint,16,24,pinned,-1,13,2,23027089,20465569
262144,disjoint,16,24,pinned,-1,13,3,27733971,24532470
262144,disjoint,16,24,pinned,-1,14,0,25129249,22035051
262144,disjoint,16,24,pinned,-1,14,1,25951266,23268427
262144,disjoint,16,24,pinned,-1,14,2,25140130,22957447
262144,disjoint,16,24,pinned,-1,14,3,26068127,24090032
262144,disjoint,16,24,pinned,-1,15,0,23685566,19054598
262144,disjoint,16,24,pinned,-1,15,1,25784440,23254470
262144,disjoint,16,24,pinned,-1,15,2,24442229,21862384
262144,disjoint,16,24,pinned,-1,15,3,27094250,24617791
262144,disjoint,16,24,pinned,0,0,0,22189293,18212553
262144,disjoint,16,24,pinned,0,0,1,26073768,21592633
262144,disjoint,16,24,pinned,0,0,2,24169232,20014666
262144,disjoint,16,24,pinned,0,0,3,23488583,20488793
262144,disjoint,16,24,pinned,0,1,0,24263931,20462904
262144,disjoint,16,24,pinned,0,1,1,26109947,22171129
262144,disjoint,16,24,pinned,0,1,2,27170905,24231209
262144,disjoint,16,24,pinned,0,1,3,20323541,17569436
262144,disjoint,16,24,pinned,0,2,0,24915014,21164813
262144,disjoint,16,24,pinned,0,2,1,25467510,22195374
262144,disjoint,16,24,pinned,0,2,2,26006050,22560917
262144,disjoint,16,24,pinned,0,2,3,21497553,18864878
262144,disjoint,16,24,pinned,0,3,0,26370109,23075731
262144,disjoint,16,24,pinned,0,3,1,25234889,22122407
262144,disjoint,16,24,pinned,0,3,2,27226651,24918942
262144,disjoint,16,24,pinned,0,3,3,20210557,17588371
262144,disjoint,16,24,pinned,0,4,0,26401819,21575000
262144,disjoint,16,24,pinned,0,4,1,25414149,21947746
262144,disjoint,16,24,pinned,0,4,2,28265407,25548163
262144,disjoint,16,24,pinned,0,4,3,19264725,17137518
262144,disjoint,16,24,pinned,0,5,0,23603952,19361079
262144,disjoint,16,24,pinned,0,5,1,25520470,21592163
262144,disjoint,16,24,pinned,0,5,2,24724233,21658368
262144,disjoint,16,24,pinned,0,5,3,21923159,19586735
262144,disjoint,16,24,pinned,0,6,0,22232094,18152470
262144,disjoint,16,24,pinned,0,6,1,24946864,21550974
262144,disjoint,16,24,pinned,0,6,2,15365352,11534930
262144,disjoint,16,24,pinned,0,6,3,14446322,12205409
262144,disjoint,16,24,pinned,0,7,0,25006547,21085252
262144,disjoint,16,24,pinned,0,7,1,25274865,22167832
262144,disjoint,16,24,pinned,0,7,2,24711819,21693053
262144,disjoint,16,24,pinned,0,7,3,23871528,21410649
262144,disjoint,16,24,pinned,0,8,0,26310325,22750265
262144,disjoint,16,24,pinned,0,8,1,26107692,22916901
262144,disjoint,16,24,pinned,0,8,2,27586252,25124049
262144,disjoint,16,24,pinned,0,8,3,19542682,17242316
262144,disjoint,16,24,pinned,0,9,0,24356105,21133223
262144,disjoint,16,24,pinned,0,9,1,25878939,22379363
262144,disjoint,16,24,pinned,0,9,2,24725024,21538151
262144,disjoint,16,24,pinned,0,9,3,22913695,19886893
262144,disjoint,16,24,pinned,0,10,0,23588722,19528084
262144,disjoint,16,24,pinned,0,10,1,25482178,21738880
262144,disjoint,16,24,pinned,0,10,2,24809244,21634072
262144,disjoint,16,24,pinned,0,10,3,23903268,21144936
262144,disjoint,16,24,pinned,0,11,0,24658278,20453627
262144,disjoint,16,24,pinned,0,11,1,25375176,22294392
262144,disjoint,16,24,pinned,0,11,2,23882248,20635681
262144,disjoint,16,24,pinned,0,11,3,23926252,21069933
262144,disjoint,16,24,pinned,0,12,0,23573514,19751096
262144,disjoint,16,24,pinned,0,12,1,25444897,21714674
262144,disjoint,16,24,pinned,0,12,2,24856693,21678296
262144,disjoint,16,24,pinned,0,12,3,23848204,21067579
262144,disjoint,16,24,pinned,0,13,0,24861042,21225077
262144,disjoint,16,24,pinned,0,13,1,25258404,22143335
262144,disjoint,16,24,pinned,0,13,2,28472009,25284895
262144,disjoint,16,24,pinned,0,13,3,20233880,17803659
262144,disjoint,16,24,pinned,0,14,0,24179181,20756179
262144,disjoint,16,24,pinned,0,14,1,25993776,22460386
262144,disjoint,16,24,pinned,0,14,2,26101901,22681355
262144,disjoint,16,24,pinned,0,14,3,21511319,18811327
262144,disjoint,16,24,pinned,0,15,0,24262318,20427267
262144,disjoint,16,24,pinned,0,15,1,26660949,23585076
262144,disjoint,16,24,pinned,0,15,2,26561051,23853223
262144,disjoint,16,24,pinned,0,15,3,20365680,17313441
262144,disjoint,16,24,unsafe_unpinned_baseline,0,0,0,26774635,26172044
262144,disjoint,16,24,unsafe_unpinned_baseline,0,0,1,22123298,21666674
262144,disjoint,16,24,unsafe_unpinned_baseline,0,0,2,17119684,16674241
262144,disjoint,16,24,unsafe_unpinned_baseline,0,0,3,14983710,14087523
262144,disjoint,16,24,unsafe_unpinned_baseline,0,1,0,26859225,26183435
262144,disjoint,16,24,unsafe_unpinned_baseline,0,1,1,22893096,22447552
262144,disjoint,16,24,unsafe_unpinned_baseline,0,1,2,17285729,16902633
262144,disjoint,16,24,unsafe_unpinned_baseline,0,1,3,13974539,13526611
262144,disjoint,16,24,unsafe_unpinned_baseline,0,2,0,25223588,24574399
262144,disjoint,16,24,unsafe_unpinned_baseline,0,2,1,23528198,23029484
262144,disjoint,16,24,unsafe_unpinned_baseline,0,2,2,17128340,16636579
262144,disjoint,16,24,unsafe_unpinned_baseline,0,2,3,14242036,13667188
262144,disjoint,16,24,unsafe_unpinned_baseline,0,3,0,26028422,25408438
262144,disjoint,16,24,unsafe_unpinned_baseline,0,3,1,22781655,22180336
262144,disjoint,16,24,unsafe_unpinned_baseline,0,3,2,18304958,17645440
262144,disjoint,16,24,unsafe_unpinned_baseline,0,3,3,14044672,13500321
262144,disjoint,16,24,unsafe_unpinned_baseline,0,4,0,25777687,25153816
262144,disjoint,16,24,unsafe_unpinned_baseline,0,4,1,23147828,22625489
262144,disjoint,16,24,unsafe_unpinned_baseline,0,4,2,17058078,16574051
262144,disjoint,16,24,unsafe_unpinned_baseline,0,4,3,17147336,16178502
262144,disjoint,16,24,unsafe_unpinned_baseline,0,5,0,23937032,23263467
262144,disjoint,16,24,unsafe_unpinned_baseline,0,5,1,23586729,22306125
262144,disjoint,16,24,unsafe_unpinned_baseline,0,5,2,18567465,18137902
262144,disjoint,16,24,unsafe_unpinned_baseline,0,5,3,15069673,14106198
262144,disjoint,16,24,unsafe_unpinned_baseline,0,6,0,24924873,24279020
262144,disjoint,16,24,unsafe_unpinned_baseline,0,6,1,22609689,22035512
262144,disjoint,16,24,unsafe_unpinned_baseline,0,6,2,18645043,18246768
262144,disjoint,16,24,unsafe_unpinned_baseline,0,6,3,17078236,16224820
262144,disjoint,16,24,unsafe_unpinned_baseline,0,7,0,26075471,25372420
262144,disjoint,16,24,unsafe_unpinned_baseline,0,7,1,22800841,22306134
262144,disjoint,16,24,unsafe_unpinned_baseline,0,7,2,17100117,16677006
262144,disjoint,16,24,unsafe_unpinned_baseline,0,7,3,15151488,14248879
262144,disjoint,16,24,unsafe_unpinned_baseline,0,8,0,26782821,26170270
262144,disjoint,16,24,unsafe_unpinned_baseline,0,8,1,22123749,21681772
262144,disjoint,16,24,unsafe_unpinned_baseline,0,8,2,18180964,17520022
262144,disjoint,16,24,unsafe_unpinned_baseline,0,8,3,13818554,13336501
262144,disjoint,16,24,unsafe_unpinned_baseline,0,9,0,26569647,26042930
262144,disjoint,16,24,unsafe_unpinned_baseline,0,9,1,22016956,21494287
262144,disjoint,16,24,unsafe_unpinned_baseline,0,9,2,20891175,19990620
262144,disjoint,16,24,unsafe_unpinned_baseline,0,9,3,12817418,12115269
262144,disjoint,16,24,unsafe_unpinned_baseline,0,10,0,23828186,23095940
262144,disjoint,16,24,unsafe_unpinned_baseline,0,10,1,20502269,19221704
262144,disjoint,16,24,unsafe_unpinned_baseline,0,10,2,13471246,12995786
262144,disjoint,16,24,unsafe_unpinned_baseline,0,10,3,9438271,8659976
262144,disjoint,16,24,unsafe_unpinned_baseline,0,11,0,23849677,23114345
262144,disjoint,16,24,unsafe_unpinned_baseline,0,11,1,23658936,22363183
262144,disjoint,16,24,unsafe_unpinned_baseline,0,11,2,18611499,18251908
262144,disjoint,16,24,unsafe_unpinned_baseline,0,11,3,14855627,14135835
262144,disjoint,16,24,unsafe_unpinned_baseline,0,12,0,26736903,26174519
262144,disjoint,16,24,unsafe_unpinned_baseline,0,12,1,25971524,25428215
262144,disjoint,16,24,unsafe_unpinned_baseline,0,12,2,14233790,13509639
262144,disjoint,16,24,unsafe_unpinned_baseline,0,12,3,16331422,15765160
262144,disjoint,16,24,unsafe_unpinned_baseline,0,13,0,25063585,24525376
262144,disjoint,16,24,unsafe_unpinned_baseline,0,13,1,23558706,23066885
262144,disjoint,16,24,unsafe_unpinned_baseline,0,13,2,18642918,17773422
262144,disjoint,16,24,unsafe_unpinned_baseline,0,13,3,15964256,15529333
262144,disjoint,16,24,unsafe_unpinned_baseline,0,14,0,23835349,23142678
262144,disjoint,16,24,unsafe_unpinned_baseline,0,14,1,23624390,22335590
262144,disjoint,16,24,unsafe_unpinned_baseline,0,14,2,18520536,17917254
262144,disjoint,16,24,unsafe_unpinned_baseline,0,14,3,17579866,16613145
262144,disjoint,16,24,unsafe_unpinned_baseline,0,15,0,25956856,25419138
262144,disjoint,16,24,unsafe_unpinned_baseline,0,15,1,22692355,22236773
262144,disjoint,16,24,unsafe_unpinned_baseline,0,15,2,17210787,16704388
262144,disjoint,16,24,unsafe_unpinned_baseline,0,15,3,17018843,16032295
262144,disjoint,16,24,unsafe_unpinned_baseline,1,0,0,25704980,24804004
262144,disjoint,16,24,unsafe_unpinned_baseline,1,0,1,16831439,16038437
262144,disjoint,16,24,unsafe_unpinned_baseline,1,0,2,16203549,15778455
262144,disjoint,16,24,unsafe_unpinned_baseline,1,0,3,15410267,14851850
262144,disjoint,16,24,unsafe_unpinned_baseline,1,1,0,20752824,19894699
262144,disjoint,16,24,unsafe_unpinned_baseline,1,1,1,20780666,20176442
262144,disjoint,16,24,unsafe_unpinned_baseline,1,1,2,16067582,15640254
262144,disjoint,16,24,unsafe_unpinned_baseline,1,1,3,14952331,14456342
262144,disjoint,16,24,unsafe_unpinned_baseline,1,2,0,21766813,20854476
262144,disjoint,16,24,unsafe_unpinned_baseline,1,2,1,21828540,21060896
262144,disjoint,16,24,unsafe_unpinned_baseline,1,2,2,16433545,16008871
262144,disjoint,16,24,unsafe_unpinned_baseline,1,2,3,12316590,11967940
262144,disjoint,16,24,unsafe_unpinned_baseline,1,3,0,25451179,24610266
262144,disjoint,16,24,unsafe_unpinned_baseline,1,3,1,16941567,15827297
262144,disjoint,16,24,unsafe_unpinned_baseline,1,3,2,16077341,15325297
262144,disjoint,16,24,unsafe_unpinned_baseline,1,3,3,15542478,14564286
262144,disjoint,16,24,unsafe_unpinned_baseline,1,4,0,26189687,25322646
262144,disjoint,16,24,unsafe_unpinned_baseline,1,4,1,16394762,15838649
262144,disjoint,16,24,unsafe_unpinned_baseline,1,4,2,16127516,15688996
262144,disjoint,16,24,unsafe_unpinned_baseline,1,4,3,13597505,13099061
262144,disjoint,16,24,unsafe_unpinned_baseline,1,5,0,32441625,31542783
262144,disjoint,16,24,unsafe_unpinned_baseline,1,5,1,11037548,10617013
262144,disjoint,16,24,unsafe_unpinned_baseline,1,5,2,15107224,14735410
262144,disjoint,16,24,unsafe_unpinned_baseline,1,5,3,15553739,14808408
262144,disjoint,16,24,unsafe_unpinned_baseline,1,6,0,20903569,20030586
262144,disjoint,16,24,unsafe_unpinned_baseline,1,6,1,20534150,20020247
262144,disjoint,16,24,unsafe_unpinned_baseline,1,6,2,16224840,15744291
262144,disjoint,16,24,unsafe_unpinned_baseline,1,6,3,13671626,13178081
262144,disjoint,16,24,unsafe_unpinned_baseline,1,7,0,24230107,23422899
262144,disjoint,16,24,unsafe_unpinned_baseline,1,7,1,18192496,17512127
262144,disjoint,16,24,unsafe_unpinned_baseline,1,7,2,16272841,15797020
262144,disjoint,16,24,unsafe_unpinned_baseline,1,7,3,14646542,14180569
262144,disjoint,16,24,unsafe_unpinned_baseline,1,8,0,20780125,19779300
262144,disjoint,16,24,unsafe_unpinned_baseline,1,8,1,21825715,21395811
262144,disjoint,16,24,unsafe_unpinned_baseline,1,8,2,16072101,15597021
262144,disjoint,16,24,unsafe_unpinned_baseline,1,8,3,15320518,14809470
262144,disjoint,16,24,unsafe_unpinned_baseline,1,9,0,20469396,19755295
262144,disjoint,16,24,unsafe_unpinned_baseline,1,9,1,20441023,19656979
262144,disjoint,16,24,unsafe_unpinned_baseline,1,9,2,17885504,16685873
262144,disjoint,16,24,unsafe_unpinned_baseline,1,9,3,13437783,12492444
262144,disjoint,16,24,unsafe_unpinned_baseline,1,10,0,22053997,21240987
262144,disjoint,16,24,unsafe_unpinned_baseline,1,10,1,20551963,20082474
262144,disjoint,16,24,unsafe_unpinned_baseline,1,10,2,15877994,15362357
262144,disjoint,16,24,unsafe_unpinned_baseline,1,10,3,14028011,13439186
262144,disjoint,16,24,unsafe_unpinned_baseline,1,11,0,22431582,21658208
262144,disjoint,16,24,unsafe_unpinned_baseline,1,11,1,20995332,20587631
262144,disjoint,16,24,unsafe_unpinned_baseline,1,11,2,18349513,17910983
262144,disjoint,16,24,unsafe_unpinned_baseline,1,11,3,11563324,11129463
262144,disjoint,16,24,unsafe_unpinned_baseline,1,12,0,22151882,21324235
262144,disjoint,16,24,unsafe_unpinned_baseline,1,12,1,21284239,20795143
262144,disjoint,16,24,unsafe_unpinned_baseline,1,12,2,16222025,15772954
262144,disjoint,16,24,unsafe_unpinned_baseline,1,12,3,14376862,13734425
262144,disjoint,16,24,unsafe_unpinned_baseline,1,13,0,24625756,23628448
262144,disjoint,16,24,unsafe_unpinned_baseline,1,13,1,17726022,17226687
262144,disjoint,16,24,unsafe_unpinned_baseline,1,13,2,16203670,15755522
262144,disjoint,16,24,unsafe_unpinned_baseline,1,13,3,13870452,13338866
262144,disjoint,16,24,unsafe_unpinned_baseline,1,14,0,20364848,19636710
262144,disjoint,16,24,unsafe_unpinned_baseline,1,14,1,21318825,20391238
262144,disjoint,16,24,unsafe_unpinned_baseline,1,14,2,16834645,15792542
262144,disjoint,16,24,unsafe_unpinned_baseline,1,14,3,13678619,13154456
262144,disjoint,16,24,unsafe_unpinned_baseline,1,15,0,32773023,31262342
262144,disjoint,16,24,unsafe_unpinned_baseline,1,15,1,10636309,10259495
262144,disjoint,16,24,unsafe_unpinned_baseline,1,15,2,16478911,15955630
262144,disjoint,16,24,unsafe_unpinned_baseline,1,15,3,14074539,13653972
262144,disjoint,16,24,pinned,1,0,0,18247971,14385067
262144,disjoint,16,24,pinned,1,0,1,17719991,15086144
262144,disjoint,16,24,pinned,1,0,2,20971408,18662565
262144,disjoint,16,24,pinned,1,0,3,19430540,17505415
262144,disjoint,16,24,pinned,1,1,0,16313478,13129109
262144,disjoint,16,24,pinned,1,1,1,18519715,15351667
262144,disjoint,16,24,pinned,1,1,2,21921315,19617223
262144,disjoint,16,24,pinned,1,1,3,19414639,16846437
262144,disjoint,16,24,pinned,1,2,0,18090572,14633697
262144,disjoint,16,24,pinned,1,2,1,17873512,14327899
262144,disjoint,16,24,pinned,1,2,2,24016192,21560993
262144,disjoint,16,24,pinned,1,2,3,16306925,14252896
262144,disjoint,16,24,pinned,1,3,0,17933124,14597780
262144,disjoint,16,24,pinned,1,3,1,17067766,14177043
262144,disjoint,16,24,pinned,1,3,2,19645015,17320014
262144,disjoint,16,24,pinned,1,3,3,19895400,17228881
262144,disjoint,16,24,pinned,1,4,0,17971226,14902306
262144,disjoint,16,24,pinned,1,4,1,18184671,15427360
262144,disjoint,16,24,pinned,1,4,2,24225559,21872954
262144,disjoint,16,24,pinned,1,4,3,16987373,14443207
262144,disjoint,16,24,pinned,1,5,0,16186968,13068123
262144,disjoint,16,24,pinned,1,5,1,17446994,14308763
262144,disjoint,16,24,pinned,1,5,2,19697265,16761266
262144,disjoint,16,24,pinned,1,5,3,21339835,18979546
262144,disjoint,16,24,pinned,1,6,0,16967005,13706041
262144,disjoint,16,24,pinned,1,6,1,16684199,14158708
262144,disjoint,16,24,pinned,1,6,2,19656187,16625448
262144,disjoint,16,24,pinned,1,6,3,21336228,19110724
262144,disjoint,16,24,pinned,1,7,0,16631821,13137674
262144,disjoint,16,24,pinned,1,7,1,16969190,14318240
262144,disjoint,16,24,pinned,1,7,2,19666176,16664833
262144,disjoint,16,24,pinned,1,7,3,21376133,19014182
262144,disjoint,16,24,pinned,1,8,0,15877031,13105514
262144,disjoint,16,24,pinned,1,8,1,17781126,14722245
262144,disjoint,16,24,pinned,1,8,2,20031398,16789499
262144,disjoint,16,24,pinned,1,8,3,23232699,20681538
262144,disjoint,16,24,pinned,1,9,0,18211471,14928837
262144,disjoint,16,24,pinned,1,9,1,17613680,15045107
262144,disjoint,16,24,pinned,1,9,2,24093358,21509867
262144,disjoint,16,24,pinned,1,9,3,16427955,14029152
262144,disjoint,16,24,pinned,1,10,0,16602335,13444225
262144,disjoint,16,24,pinned,1,10,1,18095752,14606176
262144,disjoint,16,24,pinned,1,10,2,22077511,19697355
262144,disjoint,16,24,pinned,1,10,3,19481386,17542805
262144,disjoint,16,24,pinned,1,11,0,17702247,14616985
262144,disjoint,16,24,pinned,1,11,1,17020987,14162786
262144,disjoint,16,24,pinned,1,11,2,19816711,17111288
262144,disjoint,16,24,pinned,1,11,3,20142017,17330474
262144,disjoint,16,24,pinned,1,12,0,17772470,14666099
262144,disjoint,16,24,pinned,1,12,1,16988526,14202320
262144,disjoint,16,24,pinned,1,12,2,19807012,17338088
262144,disjoint,16,24,pinned,1,12,3,20000558,17330594
262144,disjoint,16,24,pinned,1,13,0,15822759,13117777
262144,disjoint,16,24,pinned,1,13,1,17781337,14284235
262144,disjoint,16,24,pinned,1,13,2,16724766,14280558
262144,disjoint,16,24,pinned,1,13,3,23671720,20459588
262144,disjoint,16,24,pinned,1,14,0,18167469,14766799
262144,disjoint,16,24,pinned,1,14,1,17754907,15012625
262144,disjoint,16,24,pinned,1,14,2,24276425,21803983
262144,disjoint,16,24,pinned,1,14,3,17004436,14647713
262144,disjoint,16,24,pinned,1,15,0,18087326,14709150
262144,disjoint,16,24,pinned,1,15,1,17139091,14406878
262144,disjoint,16,24,pinned,1,15,2,21444994,19410772
262144,disjoint,16,24,pinned,1,15,3,19529807,17448968
262144,disjoint,16,24,pinned,2,0,0,23856821,21387796
262144,disjoint,16,24,pinned,2,0,1,23494374,20210427
262144,disjoint,16,24,pinned,2,0,2,24031230,22096006
262144,disjoint,16,24,pinned,2,0,3,24425867,21959829
262144,disjoint,16,24,pinned,2,1,0,23640381,20385177
262144,disjoint,16,24,pinned,2,1,1,22107107,18663738
262144,disjoint,16,24,pinned,2,1,2,22187360,19486867
262144,disjoint,16,24,pinned,2,1,3,24726206,22043907
262144,disjoint,16,24,pinned,2,2,0,23623509,20564427
262144,disjoint,16,24,pinned,2,2,1,24993813,21813451
262144,disjoint,16,24,pinned,2,2,2,20526896,18651996
262144,disjoint,16,24,pinned,2,2,3,23495255,21123315
262144,disjoint,16,24,pinned,2,3,0,25985581,22955864
262144,disjoint,16,24,pinned,2,3,1,25145861,22384924
262144,disjoint,16,24,pinned,2,3,2,25836028,24054284
262144,disjoint,16,24,pinned,2,3,3,18001795,16157563
262144,disjoint,16,24,pinned,2,4,0,26515684,23824328
262144,disjoint,16,24,pinned,2,4,1,24639723,21792672
262144,disjoint,16,24,pinned,2,4,2,25917052,23968772
262144,disjoint,16,24,pinned,2,4,3,17863432,16132685
262144,disjoint,16,24,pinned,2,5,0,23601386,20485377
262144,disjoint,16,24,pinned,2,5,1,23728958,20606376
262144,disjoint,16,24,pinned,2,5,2,24061929,22145480
262144,disjoint,16,24,pinned,2,5,3,23510735,21349293
262144,disjoint,16,24,pinned,2,6,0,23578373,20342246
262144,disjoint,16,24,pinned,2,6,1,24193237,20603821
262144,disjoint,16,24,pinned,2,6,2,21279842,19448323
262144,disjoint,16,24,pinned,2,6,3,24732929,22587928
262144,disjoint,16,24,pinned,2,7,0,26213903,22882846
262144,disjoint,16,24,pinned,2,7,1,27930674,24832317
262144,disjoint,16,24,pinned,2,7,2,19200424,17078216
262144,disjoint,16,24,pinned,2,7,3,22207387,20416416
262144,disjoint,16,24,pinned,2,8,0,26698330,23889812
262144,disjoint,16,24,pinned,2,8,1,22921610,20543096
262144,disjoint,16,24,pinned,2,8,2,20704132,18696550
262144,disjoint,16,24,pinned,2,8,3,22663230,20453416
262144,disjoint,16,24,pinned,2,9,0,23551653,20522497
262144,disjoint,16,24,pinned,2,9,1,22466488,18985767
262144,disjoint,16,24,pinned,2,9,2,20357093,18421619
262144,disjoint,16,24,pinned,2,9,3,24073972,21719494
262144,disjoint,16,24,pinned,2,10,0,25710240,22647501
262144,disjoint,16,24,pinned,2,10,1,24603334,21615106
262144,disjoint,16,24,pinned,2,10,2,19614458,18040067
262144,disjoint,16,24,pinned,2,10,3,23882058,21873806
262144,disjoint,16,24,pinned,2,11,0,25985391,22670244
262144,disjoint,16,24,pinned,2,11,1,25079926,22431231
262144,disjoint,16,24,pinned,2,11,2,20242578,18289720
262144,disjoint,16,24,pinned,2,11,3,22071901,19932300
262144,disjoint,16,24,pinned,2,12,0,25773580,22297889
262144,disjoint,16,24,pinned,2,12,1,22837250,19937119
262144,disjoint,16,24,pinned,2,12,2,20488763,18464471
262144,disjoint,16,24,pinned,2,12,3,24402573,22564444
262144,disjoint,16,24,pinned,2,13,0,26134172,22761987
262144,disjoint,16,24,pinned,2,13,1,24372357,21439383
262144,disjoint,16,24,pinned,2,13,2,20781096,18621568
262144,disjoint,16,24,pinned,2,13,3,23732455,21552758
262144,disjoint,16,24,pinned,2,14,0,25954021,22988006
262144,disjoint,16,24,pinned,2,14,1,25060659,22335960
262144,disjoint,16,24,pinned,2,14,2,20229232,18289540
262144,disjoint,16,24,pinned,2,14,3,22595622,20459568
262144,disjoint,16,24,pinned,2,15,0,26695966,22389563
262144,disjoint,16,24,pinned,2,15,1,27531719,24698894
262144,disjoint,16,24,pinned,2,15,2,18453529,16463351
262144,disjoint,16,24,pinned,2,15,3,22956536,21026181
262144,disjoint,16,24,unsafe_unpinned_baseline,2,0,0,24379400,23872931
262144,disjoint,16,24,unsafe_unpinned_baseline,2,0,1,26070231,25665705
262144,disjoint,16,24,unsafe_unpinned_baseline,2,0,2,24221110,23820001
262144,disjoint,16,24,unsafe_unpinned_baseline,2,0,3,26266613,25827722
262144,disjoint,16,24,unsafe_unpinned_baseline,2,1,0,39137934,38545682
262144,disjoint,16,24,unsafe_unpinned_baseline,2,1,1,22830958,22415972
262144,disjoint,16,24,unsafe_unpinned_baseline,2,1,2,21375181,20963933
262144,disjoint,16,24,unsafe_unpinned_baseline,2,1,3,20398893,19859492
262144,disjoint,16,24,unsafe_unpinned_baseline,2,2,0,38516938,37909598
262144,disjoint,16,24,unsafe_unpinned_baseline,2,2,1,23592971,23205487
262144,disjoint,16,24,unsafe_unpinned_baseline,2,2,2,21235066,20858554
262144,disjoint,16,24,unsafe_unpinned_baseline,2,2,3,19686293,19277871
262144,disjoint,16,24,unsafe_unpinned_baseline,2,3,0,22244597,21699415
262144,disjoint,16,24,unsafe_unpinned_baseline,2,3,1,27051920,26614592
262144,disjoint,16,24,unsafe_unpinned_baseline,2,3,2,23962911,23568475
262144,disjoint,16,24,unsafe_unpinned_baseline,2,3,3,27575692,27094611
262144,disjoint,16,24,unsafe_unpinned_baseline,2,4,0,23536785,22995500
262144,disjoint,16,24,unsafe_unpinned_baseline,2,4,1,27031401,26623840
262144,disjoint,16,24,unsafe_unpinned_baseline,2,4,2,24027824,23423660
262144,disjoint,16,24,unsafe_unpinned_baseline,2,4,3,28912783,28343526
262144,disjoint,16,24,unsafe_unpinned_baseline,2,5,0,24639212,24071937
262144,disjoint,16,24,unsafe_unpinned_baseline,2,5,1,26560740,26032310
262144,disjoint,16,24,unsafe_unpinned_baseline,2,5,2,22948410,22554835
262144,disjoint,16,24,unsafe_unpinned_baseline,2,5,3,26903759,26275730
262144,disjoint,16,24,unsafe_unpinned_baseline,2,6,0,39005473,38499414
262144,disjoint,16,24,unsafe_unpinned_baseline,2,6,1,23140624,22730327
262144,disjoint,16,24,unsafe_unpinned_baseline,2,6,2,21057309,20514542
262144,disjoint,16,24,unsafe_unpinned_baseline,2,6,3,19647220,19269394
262144,disjoint,16,24,unsafe_unpinned_baseline,2,7,0,23469557,22991061
262144,disjoint,16,24,unsafe_unpinned_baseline,2,7,1,27096985,26626956
262144,disjoint,16,24,unsafe_unpinned_baseline,2,7,2,24087908,23590887
262144,disjoint,16,24,unsafe_unpinned_baseline,2,7,3,28418658,27759600
262144,disjoint,16,24,unsafe_unpinned_baseline,2,8,0,22272200,21745172
262144,disjoint,16,24,unsafe_unpinned_baseline,2,8,1,29774154,29334973
262144,disjoint,16,24,unsafe_unpinned_baseline,2,8,2,27850481,27451176
262144,disjoint,16,24,unsafe_unpinned_baseline,2,8,3,23032129,22381527
262144,disjoint,16,24,unsafe_unpinned_baseline,2,9,0,24541837,23889102
262144,disjoint,16,24,unsafe_unpinned_baseline,2,9,1,37652430,37106577
262144,disjoint,16,24,unsafe_unpinned_baseline,2,9,2,21079592,20532296
262144,disjoint,16,24,unsafe_unpinned_baseline,2,9,3,19386386,18855291
262144,disjoint,16,24,unsafe_unpinned_baseline,2,10,0,39159344,38550761
262144,disjoint,16,24,unsafe_unpinned_baseline,2,10,1,21990376,21442629
262144,disjoint,16,24,unsafe_unpinned_baseline,2,10,2,20556292,20191461
262144,disjoint,16,24,unsafe_unpinned_baseline,2,10,3,20989682,20586088
262144,disjoint,16,24,unsafe_unpinned_baseline,2,11,0,24453230,23917836
262144,disjoint,16,24,unsafe_unpinned_baseline,2,11,1,25914076,25498438
262144,disjoint,16,24,unsafe_unpinned_baseline,2,11,2,24376093,23956569
262144,disjoint,16,24,unsafe_unpinned_baseline,2,11,3,27391433,26988740
262144,disjoint,16,24,unsafe_unpinned_baseline,2,12,0,24277587,23736743
262144,disjoint,16,24,unsafe_unpinned_baseline,2,12,1,26342407,25982585
262144,disjoint,16,24,unsafe_unpinned_baseline,2,12,2,24264822,23825662
262144,disjoint,16,24,unsafe_unpinned_baseline,2,12,3,27209668,26831643
262144,disjoint,16,24,unsafe_unpinned_baseline,2,13,0,32437657,31864041
262144,disjoint,16,24,unsafe_unpinned_baseline,2,13,1,25339037,24978113
262144,disjoint,16,24,unsafe_unpinned_baseline,2,13,2,19323917,18918530
262144,disjoint,16,24,unsafe_unpinned_baseline,2,13,3,24621058,24211462
262144,disjoint,16,24,unsafe_unpinned_baseline,2,14,0,39106234,38477232
262144,disjoint,16,24,unsafe_unpinned_baseline,2,14,1,23121709,22635137
262144,disjoint,16,24,unsafe_unpinned_baseline,2,14,2,20895804,20037309
262144,disjoint,16,24,unsafe_unpinned_baseline,2,14,3,19902944,19436842
262144,disjoint,16,24,unsafe_unpinned_baseline,2,15,0,21974476,21354542
262144,disjoint,16,24,unsafe_unpinned_baseline,2,15,1,30168171,29349120
262144,disjoint,16,24,unsafe_unpinned_baseline,2,15,2,31285526,30835714
262144,disjoint,16,24,unsafe_unpinned_baseline,2,15,3,19432564,19020433
262144,disjoint,16,24,unsafe_unpinned_baseline,3,0,0,25330180,24631437
262144,disjoint,16,24,unsafe_unpinned_baseline,3,0,1,18741706,18315088
262144,disjoint,16,24,unsafe_unpinned_baseline,3,0,2,18762736,18372486
262144,disjoint,16,24,unsafe_unpinned_baseline,3,0,3,19739445,19204591
262144,disjoint,16,24,unsafe_unpinned_baseline,3,1,0,23805763,23196911
262144,disjoint,16,24,unsafe_unpinned_baseline,3,1,1,21043433,20530903
262144,disjoint,16,24,unsafe_unpinned_baseline,3,1,2,24343652,24000783
262144,disjoint,16,24,unsafe_unpinned_baseline,3,1,3,15582584,15169261
262144,disjoint,16,24,unsafe_unpinned_baseline,3,2,0,22206255,21565693
262144,disjoint,16,24,unsafe_unpinned_baseline,3,2,1,21947285,21202244
262144,disjoint,16,24,unsafe_unpinned_baseline,3,2,2,18444372,17970545
262144,disjoint,16,24,unsafe_unpinned_baseline,3,2,3,22340149,21764920
262144,disjoint,16,24,unsafe_unpinned_baseline,3,3,0,22189334,21542949
262144,disjoint,16,24,unsafe_unpinned_baseline,3,3,1,21938108,21235166
262144,disjoint,16,24,unsafe_unpinned_baseline,3,3,2,25107048,24587434
262144,disjoint,16,24,unsafe_unpinned_baseline,3,3,3,15802471,15336999
262144,disjoint,16,24,unsafe_unpinned_baseline,3,4,0,22154727,21524395
262144,disjoint,16,24,unsafe_unpinned_baseline,3,4,1,20698811,19971954
262144,disjoint,16,24,unsafe_unpinned_baseline,3,4,2,18236369,17843184
262144,disjoint,16,24,unsafe_unpinned_baseline,3,4,3,19372890,18854379
262144,disjoint,16,24,unsafe_unpinned_baseline,3,5,0,25231062,24580320
262144,disjoint,16,24,unsafe_unpinned_baseline,3,5,1,18615897,18103177
262144,disjoint,16,24,unsafe_unpinned_baseline,3,5,2,25301917,24697653
262144,disjoint,16,24,unsafe_unpinned_baseline,3,5,3,15100320,14562252
262144,disjoint,16,24,unsafe_unpinned_baseline,3,6,0,25309601,24782433
262144,disjoint,16,24,unsafe_unpinned_baseline,3,6,1,19491164,19075938
262144,disjoint,16,24,unsafe_unpinned_baseline,3,6,2,17813638,17475658
262144,disjoint,16,24,unsafe_unpinned_baseline,3,6,3,19919225,19378682
262144,disjoint,16,24,unsafe_unpinned_baseline,3,7,0,24325979,23675067
262144,disjoint,16,24,unsafe_unpinned_baseline,3,7,1,19779390,19399972
262144,disjoint,16,24,unsafe_unpinned_baseline,3,7,2,18727819,18377335
262144,disjoint,16,24,unsafe_unpinned_baseline,3,7,3,19648763,19191587
262144,disjoint,16,24,unsafe_unpinned_baseline,3,8,0,24009339,23590987
262144,disjoint,16,24,unsafe_unpinned_baseline,3,8,1,19880050,19392327
262144,disjoint,16,24,unsafe_unpinned_baseline,3,8,2,18809504,18364111
262144,disjoint,16,24,unsafe_unpinned_baseline,3,8,3,19797675,19336672
262144,disjoint,16,24,unsafe_unpinned_baseline,3,9,0,25193050,24564079
262144,disjoint,16,24,unsafe_unpinned_baseline,3,9,1,18679648,18244965
262144,disjoint,16,24,unsafe_unpinned_baseline,3,9,2,18740654,18361505
262144,disjoint,16,24,unsafe_unpinned_baseline,3,9,3,22231833,21552668
262144,disjoint,16,24,unsafe_unpinned_baseline,3,10,0,24227342,23617037
262144,disjoint,16,24,unsafe_unpinned_baseline,3,10,1,19818625,19364996
262144,disjoint,16,24,unsafe_unpinned_baseline,3,10,2,20821653,20451633
262144,disjoint,16,24,unsafe_unpinned_baseline,3,10,3,20179077,19626060
262144,disjoint,16,24,unsafe_unpinned_baseline,3,11,0,22107328,21534663
262144,disjoint,16,24,unsafe_unpinned_baseline,3,11,1,20737614,19844884
262144,disjoint,16,24,unsafe_unpinned_baseline,3,11,2,20001361,19643303
262144,disjoint,16,24,unsafe_unpinned_baseline,3,11,3,22993686,22525249
262144,disjoint,16,24,unsafe_unpinned_baseline,3,12,0,24114609,22974590
262144,disjoint,16,24,unsafe_unpinned_baseline,3,12,1,20608440,20148749
262144,disjoint,16,24,unsafe_unpinned_baseline,3,12,2,17820150,17491519
262144,disjoint,16,24,unsafe_unpinned_baseline,3,12,3,23245263,22583880
262144,disjoint,16,24,unsafe_unpinned_baseline,3,13,0,22057924,21474940
262144,disjoint,16,24,unsafe_unpinned_baseline,3,13,1,20779854,19997994
262144,disjoint,16,24,unsafe_unpinned_baseline,3,13,2,18229004,17826512
262144,disjoint,16,24,unsafe_unpinned_baseline,3,13,3,21303636,20500936
262144,disjoint,16,24,unsafe_unpinned_baseline,3,14,0,24159834,23617468
262144,disjoint,16,24,unsafe_unpinned_baseline,3,14,1,20646622,20237507
262144,disjoint,16,24,unsafe_unpinned_baseline,3,14,2,17581458,17229533
262144,disjoint,16,24,unsafe_unpinned_baseline,3,14,3,23392351,22742090
262144,disjoint,16,24,unsafe_unpinned_baseline,3,15,0,25128398,24579409
262144,disjoint,16,24,unsafe_unpinned_baseline,3,15,1,18771712,18287686
262144,disjoint,16,24,unsafe_unpinned_baseline,3,15,2,18785578,18359091
262144,disjoint,16,24,unsafe_unpinned_baseline,3,15,3,22222887,21678296
262144,disjoint,16,24,pinned,3,0,0,24242270,17679784
262144,disjoint,16,24,pinned,3,0,1,22302277,19247483
262144,disjoint,16,24,pinned,3,0,2,21362688,18982041
262144,disjoint,16,24,pinned,3,0,3,24933569,22763591
262144,disjoint,16,24,pinned,3,1,0,26037609,22135611
262144,disjoint,16,24,pinned,3,1,1,22699760,20212711
262144,disjoint,16,24,pinned,3,1,2,21195512,18874457
262144,disjoint,16,24,pinned,3,1,3,24139786,22140531
262144,disjoint,16,24,pinned,3,2,0,26182373,22226113
262144,disjoint,16,24,pinned,3,2,1,22787756,20411647
262144,disjoint,16,24,pinned,3,2,2,23717126,21581131
262144,disjoint,16,24,pinned,3,2,3,21361085,19818023
262144,disjoint,16,24,pinned,3,3,0,25813856,21719714
262144,disjoint,16,24,pinned,3,3,1,23191311,20833105
262144,disjoint,16,24,pinned,3,3,2,21335497,19086950
262144,disjoint,16,24,pinned,3,3,3,24989204,23192843
262144,disjoint,16,24,pinned,3,4,0,25619928,21720756
262144,disjoint,16,24,pinned,3,4,1,23134613,20200948
262144,disjoint,16,24,pinned,3,4,2,21328162,19066170
262144,disjoint,16,24,pinned,3,4,3,25273612,23387462
262144,disjoint,16,24,pinned,3,5,0,24289088,17682179
262144,disjoint,16,24,pinned,3,5,1,24579910,21285341
262144,disjoint,16,24,pinned,3,5,2,21405028,19127817
262144,disjoint,16,24,pinned,3,5,3,24386363,22711932
262144,disjoint,16,24,pinned,3,6,0,26046075,22630408
262144,disjoint,16,24,pinned,3,6,1,23474176,20563014
262144,disjoint,16,24,pinned,3,6,2,23335784,21160846
262144,disjoint,16,24,pinned,3,6,3,21067880,19523566
262144,disjoint,16,24,pinned,3,7,0,26078897,22140861
262144,disjoint,16,24,pinned,3,7,1,21504397,18985447
262144,disjoint,16,24,pinned,3,7,2,21407463,19055850
262144,disjoint,16,24,pinned,3,7,3,24989225,22878568
262144,disjoint,16,24,pinned,3,8,0,25665585,21757605
262144,disjoint,16,24,pinned,3,8,1,24001405,21032633
262144,disjoint,16,24,pinned,3,8,2,23976286,22164446
262144,disjoint,16,24,pinned,3,8,3,20389185,18749370
262144,disjoint,16,24,pinned,3,9,0,25652390,21798443
262144,disjoint,16,24,pinned,3,9,1,20868703,18468548
262144,disjoint,16,24,pinned,3,9,2,20184677,17073256
262144,disjoint,16,24,pinned,3,9,3,26395427,24077608
262144,disjoint,16,24,pinned,3,10,0,26017922,21826547
262144,disjoint,16,24,pinned,3,10,1,22746448,20368957
262144,disjoint,16,24,pinned,3,10,2,21421970,19082050
262144,disjoint,16,24,pinned,3,10,3,24492594,22728033
262144,disjoint,16,24,pinned,3,11,0,24218525,18017514
262144,disjoint,16,24,pinned,3,11,1,22507365,19428737
262144,disjoint,16,24,pinned,3,11,2,19926739,17222379
262144,disjoint,16,24,pinned,3,11,3,26138219,23954936
262144,disjoint,16,24,pinned,3,12,0,25579812,22152985
262144,disjoint,16,24,pinned,3,12,1,20921994,18548860
262144,disjoint,16,24,pinned,3,12,2,20133811,17071032
262144,disjoint,16,24,pinned,3,12,3,26166865,24091965
262144,disjoint,16,24,pinned,3,13,0,25991883,22127696
262144,disjoint,16,24,pinned,3,13,1,21736817,19352031
262144,disjoint,16,24,pinned,3,13,2,22656378,20402350
262144,disjoint,16,24,pinned,3,13,3,24884356,23214854
262144,disjoint,16,24,pinned,3,14,0,24359221,17674895
262144,disjoint,16,24,pinned,3,14,1,22111145,19112057
262144,disjoint,16,24,pinned,3,14,2,21495280,18670541
262144,disjoint,16,24,pinned,3,14,3,24823861,22496525
262144,disjoint,16,24,pinned,3,15,0,26108884,21975177
262144,disjoint,16,24,pinned,3,15,1,21726066,19361489
262144,disjoint,16,24,pinned,3,15,2,21266727,19036584
262144,disjoint,16,24,pinned,3,15,3,24964016,22878729
262144,disjoint,16,24,pinned,4,0,0,24437159,20227218
262144,disjoint,16,24,pinned,4,0,1,25149598,21078750
262144,disjoint,16,24,pinned,4,0,2,26868563,23588763
262144,disjoint,16,24,pinned,4,0,3,23746080,19779761
262144,disjoint,16,24,pinned,4,1,0,24430777,21403065
262144,disjoint,16,24,pinned,4,1,1,23108133,19763210
262144,disjoint,16,24,pinned,4,1,2,24914242,20667582
262144,disjoint,16,24,pinned,4,1,3,24837788,21033886
262144,disjoint,16,24,pinned,4,2,0,23452675,20190037
262144,disjoint,16,24,pinned,4,2,1,25987214,20808408
262144,disjoint,16,24,pinned,4,2,2,27904625,24872994
262144,disjoint,16,24,pinned,4,2,3,23490296,20121698
262144,disjoint,16,24,pinned,4,3,0,22074155,19220522
262144,disjoint,16,24,pinned,4,3,1,23898259,20643026
262144,disjoint,16,24,pinned,4,3,2,26850859,22685442
262144,disjoint,16,24,pinned,4,3,3,24322693,20731363
262144,disjoint,16,24,pinned,4,4,0,23441383,20192713
262144,disjoint,16,24,pinned,4,4,1,23511767,20241486
262144,disjoint,16,24,pinned,4,4,2,27644071,23229603
262144,disjoint,16,24,pinned,4,4,3,23822666,20430804
262144,disjoint,16,24,pinned,4,5,0,22044579,18945280
262144,disjoint,16,24,pinned,4,5,1,23925490,20430814
262144,disjoint,16,24,pinned,4,5,2,26983160,21753047
262144,disjoint,16,24,pinned,4,5,3,24168931,20723517
262144,disjoint,16,24,pinned,4,6,0,22038007,18994394
262144,disjoint,16,24,pinned,4,6,1,23937844,20675297
262144,disjoint,16,24,pinned,4,6,2,28594391,23758675
262144,disjoint,16,24,pinned,4,6,3,23770567,20399183
262144,disjoint,16,24,pinned,4,7,0,22033889,18086645
262144,disjoint,16,24,pinned,4,7,1,23906885,20688552
262144,disjoint,16,24,pinned,4,7,2,26852963,22796683
262144,disjoint,16,24,pinned,4,7,3,24306201,20690526
262144,disjoint,16,24,pinned,4,8,0,23752002,19247824
262144,disjoint,16,24,pinned,4,8,1,23778853,20588843
262144,disjoint,16,24,pinned,4,8,2,27376204,23069831
262144,disjoint,16,24,pinned,4,8,3,23407089,20283164
262144,disjoint,16,24,pinned,4,9,0,23396859,19933542
262144,disjoint,16,24,pinned,4,9,1,24304818,20642654
262144,disjoint,16,24,pinned,4,9,2,26708169,22738934
262144,disjoint,16,24,pinned,4,9,3,23028161,20429621
262144,disjoint,16,24,pinned,4,10,0,23392330,20466131
262144,disjoint,16,24,pinned,4,10,1,24320108,20783712
262144,disjoint,16,24,pinned,4,10,2,26772561,22647971
262144,disjoint,16,24,pinned,4,10,3,23698731,20290137
262144,disjoint,16,24,pinned,4,11,0,24547748,21278889
262144,disjoint,16,24,pinned,4,11,1,24903212,20488663
262144,disjoint,16,24,pinned,4,11,2,27685780,24371935
262144,disjoint,16,24,pinned,4,11,3,23871809,21590059
262144,disjoint,16,24,pinned,4,12,0,24304899,20908929
262144,disjoint,16,24,pinned,4,12,1,23402169,19834585
262144,disjoint,16,24,pinned,4,12,2,28051903,24280362
262144,disjoint,16,24,pinned,4,12,3,22562210,19587848
262144,disjoint,16,24,pinned,4,13,0,25104393,21805736
262144,disjoint,16,24,pinned,4,13,1,24429635,20753584
262144,disjoint,16,24,pinned,4,13,2,27501912,24893373
262144,disjoint,16,24,pinned,4,13,3,23019636,19677117
262144,disjoint,16,24,pinned,4,14,0,25137224,21642568
262144,disjoint,16,24,pinned,4,14,1,24587383,20840439
262144,disjoint,16,24,pinned,4,14,2,27430728,24760853
262144,disjoint,16,24,pinned,4,14,3,23819530,21775550
262144,disjoint,16,24,pinned,4,15,0,22029591,18478006
262144,disjoint,16,24,pinned,4,15,1,23905963,20397471
262144,disjoint,16,24,pinned,4,15,2,26850939,22777567
262144,disjoint,16,24,pinned,4,15,3,24326800,20642023
262144,disjoint,16,24,unsafe_unpinned_baseline,4,0,0,35687320,35077536
262144,disjoint,16,24,unsafe_unpinned_baseline,4,0,1,24260816,23764446
262144,disjoint,16,24,unsafe_unpinned_baseline,4,0,2,17649027,17220295
262144,disjoint,16,24,unsafe_unpinned_baseline,4,0,3,10168152,9525145
262144,disjoint,16,24,unsafe_unpinned_baseline,4,1,0,21937977,21324606
262144,disjoint,16,24,unsafe_unpinned_baseline,4,1,1,15635344,15098728
262144,disjoint,16,24,unsafe_unpinned_baseline,4,1,2,20886126,20526455
262144,disjoint,16,24,unsafe_unpinned_baseline,4,1,3,18061507,17544889
262144,disjoint,16,24,unsafe_unpinned_baseline,4,2,0,22013591,21451857
262144,disjoint,16,24,unsafe_unpinned_baseline,4,2,1,15709184,15249112
262144,disjoint,16,24,unsafe_unpinned_baseline,4,2,2,20656150,20296459
262144,disjoint,16,24,unsafe_unpinned_baseline,4,2,3,18285020,17652654
262144,disjoint,16,24,unsafe_unpinned_baseline,4,3,0,29122451,28624638
262144,disjoint,16,24,unsafe_unpinned_baseline,4,3,1,19840215,19424398
262144,disjoint,16,24,unsafe_unpinned_baseline,4,3,2,11291820,10575704
262144,disjoint,16,24,unsafe_unpinned_baseline,4,3,3,17767742,17429721
262144,disjoint,16,24,unsafe_unpinned_baseline,4,4,0,35856831,35320395
262144,disjoint,16,24,unsafe_unpinned_baseline,4,4,1,23024995,22468782
262144,disjoint,16,24,unsafe_unpinned_baseline,4,4,2,17636342,17091872
262144,disjoint,16,24,unsafe_unpinned_baseline,4,4,3,10816871,10428546
262144,disjoint,16,24,unsafe_unpinned_baseline,4,5,0,35824851,35265441
262144,disjoint,16,24,unsafe_unpinned_baseline,4,5,1,24106433,23695525
262144,disjoint,16,24,unsafe_unpinned_baseline,4,5,2,17656461,17265090
262144,disjoint,16,24,unsafe_unpinned_baseline,4,5,3,11815231,11316657
262144,disjoint,16,24,unsafe_unpinned_baseline,4,6,0,21989404,21463589
262144,disjoint,16,24,unsafe_unpinned_baseline,4,6,1,15547508,15120419
262144,disjoint,16,24,unsafe_unpinned_baseline,4,6,2,22339026,21843858
262144,disjoint,16,24,unsafe_unpinned_baseline,4,6,3,17556391,17172374
262144,disjoint,16,24,unsafe_unpinned_baseline,4,7,0,35664056,35145635
262144,disjoint,16,24,unsafe_unpinned_baseline,4,7,1,21597543,21147861
262144,disjoint,16,24,unsafe_unpinned_baseline,4,7,2,20878021,19946496
262144,disjoint,16,24,unsafe_unpinned_baseline,4,7,3,9488796,9126901
262144,disjoint,16,24,unsafe_unpinned_baseline,4,8,0,29065573,28558302
262144,disjoint,16,24,unsafe_unpinned_baseline,4,8,1,19824976,19437162
262144,disjoint,16,24,unsafe_unpinned_baseline,4,8,2,11320985,10733112
262144,disjoint,16,24,unsafe_unpinned_baseline,4,8,3,24057951,23720292
262144,disjoint,16,24,unsafe_unpinned_baseline,4,9,0,37106617,36645845
262144,disjoint,16,24,unsafe_unpinned_baseline,4,9,1,21372316,20926432
262144,disjoint,16,24,unsafe_unpinned_baseline,4,9,2,17965386,17457844
262144,disjoint,16,24,unsafe_unpinned_baseline,4,9,3,10779119,10380404
262144,disjoint,16,24,unsafe_unpinned_baseline,4,10,0,35587511,35049452
262144,disjoint,16,24,unsafe_unpinned_baseline,4,10,1,23223031,22715009
262144,disjoint,16,24,unsafe_unpinned_baseline,4,10,2,17722265,17334812
262144,disjoint,16,24,unsafe_unpinned_baseline,4,10,3,10954501,10526200
262144,disjoint,16,24,unsafe_unpinned_baseline,4,11,0,27468439,26986015
262144,disjoint,16,24,unsafe_unpinned_baseline,4,11,1,18531117,18125328
262144,disjoint,16,24,unsafe_unpinned_baseline,4,11,2,13778447,13043076
262144,disjoint,16,24,unsafe_unpinned_baseline,4,11,3,17454678,17016268
262144,disjoint,16,24,unsafe_unpinned_baseline,4,12,0,35633088,35171804
262144,disjoint,16,24,unsafe_unpinned_baseline,4,12,1,23107612,22683259
262144,disjoint,16,24,unsafe_unpinned_baseline,4,12,2,17848514,17397050
262144,disjoint,16,24,unsafe_unpinned_baseline,4,12,3,10650245,10318246
262144,disjoint,16,24,unsafe_unpinned_baseline,4,13,0,35653857,35152357
262144,disjoint,16,24,unsafe_unpinned_baseline,4,13,1,23158979,22757468
262144,disjoint,16,24,unsafe_unpinned_baseline,4,13,2,19279974,18787302
262144,disjoint,16,24,unsafe_unpinned_baseline,4,13,3,9559430,9214737
262144,disjoint,16,24,unsafe_unpinned_baseline,4,14,0,29167095,28663942
262144,disjoint,16,24,unsafe_unpinned_baseline,4,14,1,19691714,19272150
262144,disjoint,16,24,unsafe_unpinned_baseline,4,14,2,11325022,10662639
262144,disjoint,16,24,unsafe_unpinned_baseline,4,14,3,23448978,23123011
262144,disjoint,16,24,unsafe_unpinned_baseline,4,15,0,21843098,21366385
262144,disjoint,16,24,unsafe_unpinned_baseline,4,15,1,15842055,15295189
262144,disjoint,16,24,unsafe_unpinned_baseline,4,15,2,20528679,20161684
262144,disjoint,16,24,unsafe_unpinned_baseline,4,15,3,19722092,18999263
262144,disjoint,16,24,unsafe_unpinned_baseline,5,0,0,23399495,21937796
262144,disjoint,16,24,unsafe_unpinned_baseline,5,0,1,32046888,31317656
262144,disjoint,16,24,unsafe_unpinned_baseline,5,0,2,28242374,27618743
262144,disjoint,16,24,unsafe_unpinned_baseline,5,0,3,11858172,11475208
262144,disjoint,16,24,unsafe_unpinned_baseline,5,1,0,25960313,25181448
262144,disjoint,16,24,unsafe_unpinned_baseline,5,1,1,28711562,28307356
262144,disjoint,16,24,unsafe_unpinned_baseline,5,1,2,21307253,20770908
262144,disjoint,16,24,unsafe_unpinned_baseline,5,1,3,18230006,17864936
262144,disjoint,16,24,unsafe_unpinned_baseline,5,2,0,26000269,25235040
262144,disjoint,16,24,unsafe_unpinned_baseline,5,2,1,29370730,28950064
262144,disjoint,16,24,unsafe_unpinned_baseline,5,2,2,28453974,28075569
262144,disjoint,16,24,unsafe_unpinned_baseline,5,2,3,11741211,11373635
262144,disjoint,16,24,unsafe_unpinned_baseline,5,3,0,25886754,25329379
262144,disjoint,16,24,unsafe_unpinned_baseline,5,3,1,29522528,29067556
262144,disjoint,16,24,unsafe_unpinned_baseline,5,3,2,19592837,19047444
262144,disjoint,16,24,unsafe_unpinned_baseline,5,3,3,19006808,18602693
262144,disjoint,16,24,unsafe_unpinned_baseline,5,4,0,28381157,27794666
262144,disjoint,16,24,unsafe_unpinned_baseline,5,4,1,19735387,19348444
262144,disjoint,16,24,unsafe_unpinned_baseline,5,4,2,35793962,35123864
262144,disjoint,16,24,unsafe_unpinned_baseline,5,4,3,12042722,11664205
262144,disjoint,16,24,unsafe_unpinned_baseline,5,5,0,25666257,24939490
262144,disjoint,16,24,unsafe_unpinned_baseline,5,5,1,20436094,19969781
262144,disjoint,16,24,unsafe_unpinned_baseline,5,5,2,25263714,24435606
262144,disjoint,16,24,unsafe_unpinned_baseline,5,5,3,21397103,20970074
262144,disjoint,16,24,unsafe_unpinned_baseline,5,6,0,23341806,22806101
262144,disjoint,16,24,unsafe_unpinned_baseline,5,6,1,23258869,22579542
262144,disjoint,16,24,unsafe_unpinned_baseline,5,6,2,37305915,36853558
262144,disjoint,16,24,unsafe_unpinned_baseline,5,6,3,12011693,11662692
262144,disjoint,16,24,unsafe_unpinned_baseline,5,7,0,23386630,22805700
262144,disjoint,16,24,unsafe_unpinned_baseline,5,7,1,23125034,22492026
262144,disjoint,16,24,unsafe_unpinned_baseline,5,7,2,24772795,24273199
262144,disjoint,16,24,unsafe_unpinned_baseline,5,7,3,21460382,21047602
262144,disjoint,16,24,unsafe_unpinned_baseline,5,8,0,25276088,24753018
262144,disjoint,16,24,unsafe_unpinned_baseline,5,8,1,20934046,20494364
262144,disjoint,16,24,unsafe_unpinned_baseline,5,8,2,20536153,19860694
262144,disjoint,16,24,unsafe_unpinned_baseline,5,8,3,20963563,20477342
262144,disjoint,16,24,unsafe_unpinned_baseline,5,9,0,23443187,22846548
262144,disjoint,16,24,unsafe_unpinned_baseline,5,9,1,23085710,22467119
262144,disjoint,16,24,unsafe_unpinned_baseline,5,9,2,21797842,21170284
262144,disjoint,16,24,unsafe_unpinned_baseline,5,9,3,24374701,23986346
262144,disjoint,16,24,unsafe_unpinned_baseline,5,10,0,25710139,25038548
262144,disjoint,16,24,unsafe_unpinned_baseline,5,10,1,24777384,24330026
262144,disjoint,16,24,unsafe_unpinned_baseline,5,10,2,18202755,17850367
262144,disjoint,16,24,unsafe_unpinned_baseline,5,10,3,23915331,23488613
262144,disjoint,16,24,unsafe_unpinned_baseline,5,11,0,29095920,28564855
262144,disjoint,16,24,unsafe_unpinned_baseline,5,11,1,18883794,18506490
262144,disjoint,16,24,unsafe_unpinned_baseline,5,11,2,35901325,35535823
262144,disjoint,16,24,unsafe_unpinned_baseline,5,11,3,11441083,11073056
262144,disjoint,16,24,unsafe_unpinned_baseline,5,12,0,24486422,24028185
262144,disjoint,16,24,unsafe_unpinned_baseline,5,12,1,21233093,20766239
262144,disjoint,16,24,unsafe_unpinned_baseline,5,12,2,21158661,20638377
262144,disjoint,16,24,unsafe_unpinned_baseline,5,12,3,20727826,20158889
262144,disjoint,16,24,unsafe_unpinned_baseline,5,13,0,24270364,23770256
262144,disjoint,16,24,unsafe_unpinned_baseline,5,13,1,22102448,21651274
262144,disjoint,16,24,unsafe_unpinned_baseline,5,13,2,20445031,19886313
262144,disjoint,16,24,unsafe_unpinned_baseline,5,13,3,27261727,26438379
262144,disjoint,16,24,unsafe_unpinned_baseline,5,14,0,23281612,22811251
262144,disjoint,16,24,unsafe_unpinned_baseline,5,14,1,23215086,22494401
262144,disjoint,16,24,unsafe_unpinned_baseline,5,14,2,21455163,20903258
262144,disjoint,16,24,unsafe_unpinned_baseline,5,14,3,24614135,24099139
262144,disjoint,16,24,unsafe_unpinned_baseline,5,15,0,25754794,25303430
262144,disjoint,16,24,unsafe_unpinned_baseline,5,15,1,24845713,24394538
262144,disjoint,16,24,unsafe_unpinned_baseline,5,15,2,33166568,32550030
262144,disjoint,16,24,unsafe_unpinned_baseline,5,15,3,11354699,10977024
262144,disjoint,16,24,pinned,5,0,0,34469725,30983694
262144,disjoint,16,24,pinned,5,0,1,15772193,14058938
262144,disjoint,16,24,pinned,5,0,2,21312584,19255959
262144,disjoint,16,24,pinned,5,0,3,20131567,18739120
262144,disjoint,16,24,pinned,5,1,0,34368173,30786911
262144,disjoint,16,24,pinned,5,1,1,15933939,14432958
262144,disjoint,16,24,pinned,5,1,2,21166125,19147263
262144,disjoint,16,24,pinned,5,1,3,18568107,17119675
262144,disjoint,16,24,pinned,5,2,0,31639846,28124571
262144,disjoint,16,24,pinned,5,2,1,20272945,18523803
262144,disjoint,16,24,pinned,5,2,2,31094394,29727385
262144,disjoint,16,24,pinned,5,2,3,8581297,7079834
262144,disjoint,16,24,pinned,5,3,0,31607606,28169716
262144,disjoint,16,24,pinned,5,3,1,19178302,17477933
262144,disjoint,16,24,pinned,5,3,2,20371631,18570341
262144,disjoint,16,24,pinned,5,3,3,16282680,14905332
262144,disjoint,16,24,pinned,5,4,0,34433356,30798213
262144,disjoint,16,24,pinned,5,4,1,16263082,14385567
262144,disjoint,16,24,pinned,5,4,2,20511516,18586391
262144,disjoint,16,24,pinned,5,4,3,16290013,15117533
262144,disjoint,16,24,pinned,5,5,0,31832061,28079655
262144,disjoint,16,24,pinned,5,5,1,28105184,26462183
262144,disjoint,16,24,pinned,5,5,2,16252342,14476039
262144,disjoint,16,24,pinned,5,5,3,15207384,13691404
262144,disjoint,16,24,pinned,5,6,0,23452886,19982124
262144,disjoint,16,24,pinned,5,6,1,23498532,22052344
262144,disjoint,16,24,pinned,5,6,2,22166761,19896963
262144,disjoint,16,24,pinned,5,6,3,18076356,16287689
262144,disjoint,16,24,pinned,5,7,0,34532624,30916687
262144,disjoint,16,24,pinned,5,7,1,15746223,14204644
262144,disjoint,16,24,pinned,5,7,2,21208536,19009642
262144,disjoint,16,24,pinned,5,7,3,18548159,17071062
262144,disjoint,16,24,pinned,5,8,0,23162606,19565395
262144,disjoint,16,24,pinned,5,8,1,23876457,22381587
262144,disjoint,16,24,pinned,5,8,2,23094296,21165495
262144,disjoint,16,24,pinned,5,8,3,18234595,16857427
262144,disjoint,16,24,pinned,5,9,0,23388083,19875732
262144,disjoint,16,24,pinned,5,9,1,21534343,20203654
262144,disjoint,16,24,pinned,5,9,2,20874533,18945191
262144,disjoint,16,24,pinned,5,9,3,16402347,14399584
262144,disjoint,16,24,pinned,5,10,0,31622203,28160279
262144,disjoint,16,24,pinned,5,10,1,20165251,18389278
262144,disjoint,16,24,pinned,5,10,2,26754647,25061632
262144,disjoint,16,24,pinned,5,10,3,12017975,10309139
262144,disjoint,16,24,pinned,5,11,0,25915227,22648774
262144,disjoint,16,24,pinned,5,11,1,22144488,20653465
262144,disjoint,16,24,pinned,5,11,2,23624381,22257873
262144,disjoint,16,24,pinned,5,11,3,19650295,18212514
262144,disjoint,16,24,pinned,5,12,0,24242691,20845188
262144,disjoint,16,24,pinned,5,12,1,22678439,21239004
262144,disjoint,16,24,pinned,5,12,2,23118883,21444313
262144,disjoint,16,24,pinned,5,12,3,18193858,16899036
262144,disjoint,16,24,pinned,5,13,0,23328209,20074228
262144,disjoint,16,24,pinned,5,13,1,21496361,19973128
262144,disjoint,16,24,pinned,5,13,2,20827595,18978954
262144,disjoint,16,24,pinned,5,13,3,16426502,14523579
262144,disjoint,16,24,pinned,5,14,0,24904213,21502924
262144,disjoint,16,24,pinned,5,14,1,21989815,20619441
262144,disjoint,16,24,pinned,5,14,2,22626341,20796876
262144,disjoint,16,24,pinned,5,14,3,17934577,16311224
262144,disjoint,16,24,pinned,5,15,0,34461019,30919603
262144,disjoint,16,24,pinned,5,15,1,28705471,27124037
262144,disjoint,16,24,pinned,5,15,2,15387104,13732741
262144,disjoint,16,24,pinned,5,15,3,12283628,10515641
262144,same_object,1,24,pinned,-2,0,0,2312979,1324197
262144,same_object,1,24,pinned,-2,0,1,3144083,2254469
262144,same_object,1,24,pinned,-2,0,2,3308834,2066463
262144,same_object,1,24,pinned,-2,0,3,2311356,1327744
262144,same_object,1,24,unsafe_unpinned_baseline,-2,0,0,1973997,1745305
262144,same_object,1,24,unsafe_unpinned_baseline,-2,0,1,2023180,1509158
262144,same_object,1,24,unsafe_unpinned_baseline,-2,0,2,2056874,1746717
262144,same_object,1,24,unsafe_unpinned_baseline,-2,0,3,1526921,1206464
262144,same_object,1,24,unsafe_unpinned_baseline,-1,0,0,1349115,1106445
262144,same_object,1,24,unsafe_unpinned_baseline,-1,0,1,1238264,1020452
262144,same_object,1,24,unsafe_unpinned_baseline,-1,0,2,1485363,1261970
262144,same_object,1,24,unsafe_unpinned_baseline,-1,0,3,1883315,1666365
262144,same_object,1,24,pinned,-1,0,0,2561390,1171929
262144,same_object,1,24,pinned,-1,0,1,1893966,988331
262144,same_object,1,24,pinned,-1,0,2,1844272,992950
262144,same_object,1,24,pinned,-1,0,3,2018632,1199591
262144,same_object,1,24,pinned,0,0,0,2487801,1552028
262144,same_object,1,24,pinned,0,0,1,1914685,1029149
262144,same_object,1,24,pinned,0,0,2,3414335,2319702
262144,same_object,1,24,pinned,0,0,3,2175910,1218518
262144,same_object,1,24,unsafe_unpinned_baseline,0,0,0,2200797,1967826
262144,same_object,1,24,unsafe_unpinned_baseline,0,0,1,2213200,1583488
262144,same_object,1,24,unsafe_unpinned_baseline,0,0,2,2337316,1761856
262144,same_object,1,24,unsafe_unpinned_baseline,0,0,3,1723173,1405230
262144,same_object,1,24,unsafe_unpinned_baseline,1,0,0,1789198,1510721
262144,same_object,1,24,unsafe_unpinned_baseline,1,0,1,1718794,1497265
262144,same_object,1,24,unsafe_unpinned_baseline,1,0,2,1647049,1441890
262144,same_object,1,24,unsafe_unpinned_baseline,1,0,3,1716220,1499539
262144,same_object,1,24,pinned,1,0,0,2353636,1390653
262144,same_object,1,24,pinned,1,0,1,2068226,1033867
262144,same_object,1,24,pinned,1,0,2,1861965,1016915
262144,same_object,1,24,pinned,1,0,3,1876513,1017367
262144,same_object,1,24,pinned,2,0,0,2080620,1174483
262144,same_object,1,24,pinned,2,0,1,2255370,1236571
262144,same_object,1,24,pinned,2,0,2,3487814,2445570
262144,same_object,1,24,pinned,2,0,3,2214733,1151570
262144,same_object,1,24,unsafe_unpinned_baseline,2,0,0,2406246,2166783
262144,same_object,1,24,unsafe_unpinned_baseline,2,0,1,1990038,1727932
262144,same_object,1,24,unsafe_unpinned_baseline,2,0,2,1807041,1544073
262144,same_object,1,24,unsafe_unpinned_baseline,2,0,3,1338965,1081978
262144,same_object,1,24,unsafe_unpinned_baseline,3,0,0,1726970,1466336
262144,same_object,1,24,unsafe_unpinned_baseline,3,0,1,1657639,1398368
262144,same_object,1,24,unsafe_unpinned_baseline,3,0,2,1596403,1337492
262144,same_object,1,24,unsafe_unpinned_baseline,3,0,3,1757939,1463611
262144,same_object,1,24,pinned,3,0,0,2531333,1190624
262144,same_object,1,24,pinned,3,0,1,1936025,951902
262144,same_object,1,24,pinned,3,0,2,2229140,1329016
262144,same_object,1,24,pinned,3,0,3,2201989,1270195
262144,same_object,1,24,pinned,4,0,0,2088224,983612
262144,same_object,1,24,pinned,4,0,1,1991440,1046792
262144,same_object,1,24,pinned,4,0,2,3798252,2540810
262144,same_object,1,24,pinned,4,0,3,2138058,1203539
262144,same_object,1,24,unsafe_unpinned_baseline,4,0,0,1828212,1591484
262144,same_object,1,24,unsafe_unpinned_baseline,4,0,1,1854642,1576374
262144,same_object,1,24,unsafe_unpinned_baseline,4,0,2,1932799,1677686
262144,same_object,1,24,unsafe_unpinned_baseline,4,0,3,1618926,1327494
262144,same_object,1,24,unsafe_unpinned_baseline,5,0,0,1696823,1426100
262144,same_object,1,24,unsafe_unpinned_baseline,5,0,1,1703024,1470945
262144,same_object,1,24,unsafe_unpinned_baseline,5,0,2,2087663,1736918
262144,same_object,1,24,unsafe_unpinned_baseline,5,0,3,1658890,1348593
262144,same_object,1,24,pinned,5,0,0,2526113,1253624
262144,same_object,1,24,pinned,5,0,1,2610412,1509588
262144,same_object,1,24,pinned,5,0,2,2230894,1288260
262144,same_object,1,24,pinned,5,0,3,2274126,1302476
262144,same_object,4,24,pinned,-2,0,0,7784339,4590281
262144,same_object,4,24,pinned,-2,0,1,7692525,6255094
262144,same_object,4,24,pinned,-2,0,2,8942743,7426742
262144,same_object,4,24,pinned,-2,0,3,3335376,2119754
262144,same_object,4,24,pinned,-2,1,0,7814345,5660317
262144,same_object,4,24,pinned,-2,1,1,7718675,6370552
262144,same_object,4,24,pinned,-2,1,2,8289024,6709684
262144,same_object,4,24,pinned,-2,1,3,3896567,2596225
262144,same_object,4,24,pinned,-2,2,0,7778698,5187101
262144,same_object,4,24,pinned,-2,2,1,7414348,5952049
262144,same_object,4,24,pinned,-2,2,2,3938928,2498761
262144,same_object,4,24,pinned,-2,2,3,5411236,3581121
262144,same_object,4,24,pinned,-2,3,0,7860183,4445908
262144,same_object,4,24,pinned,-2,3,1,7319609,5869784
262144,same_object,4,24,pinned,-2,3,2,3938086,2485065
262144,same_object,4,24,pinned,-2,3,3,5284676,3680118
262144,same_object,4,24,unsafe_unpinned_baseline,-2,0,0,5277653,5010006
262144,same_object,4,24,unsafe_unpinned_baseline,-2,0,1,5801825,5518919
262144,same_object,4,24,unsafe_unpinned_baseline,-2,0,2,5010317,4684510
262144,same_object,4,24,unsafe_unpinned_baseline,-2,0,3,4708344,4435178
262144,same_object,4,24,unsafe_unpinned_baseline,-2,1,0,5056724,4739444
262144,same_object,4,24,unsafe_unpinned_baseline,-2,1,1,6387334,6088277
262144,same_object,4,24,unsafe_unpinned_baseline,-2,1,2,4924814,4604458
262144,same_object,4,24,unsafe_unpinned_baseline,-2,1,3,4699448,4420409
262144,same_object,4,24,unsafe_unpinned_baseline,-2,2,0,5109805,4820227
262144,same_object,4,24,unsafe_unpinned_baseline,-2,2,1,6540414,6266495
262144,same_object,4,24,unsafe_unpinned_baseline,-2,2,2,4717502,4459654
262144,same_object,4,24,unsafe_unpinned_baseline,-2,2,3,4783087,4498528
262144,same_object,4,24,unsafe_unpinned_baseline,-2,3,0,5342525,5008132
262144,same_object,4,24,unsafe_unpinned_baseline,-2,3,1,4859651,4458231
262144,same_object,4,24,unsafe_unpinned_baseline,-2,3,2,5759555,4724706
262144,same_object,4,24,unsafe_unpinned_baseline,-2,3,3,4712883,4415159
262144,same_object,4,24,unsafe_unpinned_baseline,-1,0,0,5726743,5400485
262144,same_object,4,24,unsafe_unpinned_baseline,-1,0,1,5268866,4619667
262144,same_object,4,24,unsafe_unpinned_baseline,-1,0,2,5211948,4631900
262144,same_object,4,24,unsafe_unpinned_baseline,-1,0,3,4406103,4039358
262144,same_object,4,24,unsafe_unpinned_baseline,-1,1,0,7028628,6760921
262144,same_object,4,24,unsafe_unpinned_baseline,-1,1,1,3740743,3430456
262144,same_object,4,24,unsafe_unpinned_baseline,-1,1,2,5378002,5013251
262144,same_object,4,24,unsafe_unpinned_baseline,-1,1,3,4468972,4178331
262144,same_object,4,24,unsafe_unpinned_baseline,-1,2,0,5550970,5257585
262144,same_object,4,24,unsafe_unpinned_baseline,-1,2,1,5009094,4713194
262144,same_object,4,24,unsafe_unpinned_baseline,-1,2,2,5493321,5143268
262144,same_object,4,24,unsafe_unpinned_baseline,-1,2,3,4338514,4048455
262144,same_object,4,24,unsafe_unpinned_baseline,-1,3,0,4956224,4669241
262144,same_object,4,24,unsafe_unpinned_baseline,-1,3,1,5668793,5338568
262144,same_object,4,24,unsafe_unpinned_baseline,-1,3,2,4961293,4652248
262144,same_object,4,24,unsafe_unpinned_baseline,-1,3,3,4615870,4289051
262144,same_object,4,24,pinned,-1,0,0,7621731,5470729
262144,same_object,4,24,pinned,-1,0,1,7414950,5569575
262144,same_object,4,24,pinned,-1,0,2,7549494,5051043
262144,same_object,4,24,pinned,-1,0,3,6538149,4310982
262144,same_object,4,24,pinned,-1,1,0,7681184,5339951
262144,same_object,4,24,pinned,-1,1,1,7402927,5397931
262144,same_object,4,24,pinned,-1,1,2,7485803,5255100
262144,same_object,4,24,pinned,-1,1,3,6462065,4280254
262144,same_object,4,24,pinned,-1,2,0,7499430,5070180
262144,same_object,4,24,pinned,-1,2,1,7219850,5250541
262144,same_object,4,24,pinned,-1,2,2,7811350,5492880
262144,same_object,4,24,pinned,-1,2,3,6203796,4067752
262144,same_object,4,24,pinned,-1,3,0,7612022,5399403
262144,same_object,4,24,pinned,-1,3,1,7092740,5216387
262144,same_object,4,24,pinned,-1,3,2,7831418,5295376
262144,same_object,4,24,pinned,-1,3,3,6564570,4263442
262144,same_object,4,24,pinned,0,0,0,8704791,6249933
262144,same_object,4,24,pinned,0,0,1,8468244,6397493
262144,same_object,4,24,pinned,0,0,2,7894978,5771348
262144,same_object,4,24,pinned,0,0,3,6348370,4514288
262144,same_object,4,24,pinned,0,1,0,8717526,5057346
262144,same_object,4,24,pinned,0,1,1,8531965,6619353
262144,same_object,4,24,pinned,0,1,2,7822260,5838234
262144,same_object,4,24,pinned,0,1,3,6309546,4276828
262144,same_object,4,24,pinned,0,2,0,8724078,5443868
262144,same_object,4,24,pinned,0,2,1,9161226,6951161
262144,same_object,4,24,pinned,0,2,2,6919622,4850935
262144,same_object,4,24,pinned,0,2,3,6050396,4243385
262144,same_object,4,24,pinned,0,3,0,8710843,5522016
262144,same_object,4,24,pinned,0,3,1,7824354,6164241
262144,same_object,4,24,pinned,0,3,2,8360490,5717576
262144,same_object,4,24,pinned,0,3,3,6467466,4850314
262144,same_object,4,24,unsafe_unpinned_baseline,0,0,0,5071633,4746076
262144,same_object,4,24,unsafe_unpinned_baseline,0,0,1,5496637,5034772
262144,same_object,4,24,unsafe_unpinned_baseline,0,0,2,5247876,4466567
262144,same_object,4,24,unsafe_unpinned_baseline,0,0,3,4359464,3896537
262144,same_object,4,24,unsafe_unpinned_baseline,0,1,0,4986261,4668910
262144,same_object,4,24,unsafe_unpinned_baseline,0,1,1,5366320,4861014
262144,same_object,4,24,unsafe_unpinned_baseline,0,1,2,5097912,4729555
262144,same_object,4,24,unsafe_unpinned_baseline,0,1,3,4244036,3903110
262144,same_object,4,24,unsafe_unpinned_baseline,0,2,0,5182953,4850584
262144,same_object,4,24,unsafe_unpinned_baseline,0,2,1,5681888,5364697
262144,same_object,4,24,unsafe_unpinned_baseline,0,2,2,5269778,4734985
262144,same_object,4,24,unsafe_unpinned_baseline,0,2,3,3920874,3605447
262144,same_object,4,24,unsafe_unpinned_baseline,0,3,0,4960442,4671135
262144,same_object,4,24,unsafe_unpinned_baseline,0,3,1,5905662,5546692
262144,same_object,4,24,unsafe_unpinned_baseline,0,3,2,5413450,4987874
262144,same_object,4,24,unsafe_unpinned_baseline,0,3,3,3780408,3493294
262144,same_object,4,24,unsafe_unpinned_baseline,1,0,0,5823356,5466570
262144,same_object,4,24,unsafe_unpinned_baseline,1,0,1,5719389,5407358
262144,same_object,4,24,unsafe_unpinned_baseline,1,0,2,5656029,5369296
262144,same_object,4,24,unsafe_unpinned_baseline,1,0,3,4345097,4036593
262144,same_object,4,24,unsafe_unpinned_baseline,1,1,0,5445210,4907782
262144,same_object,4,24,unsafe_unpinned_baseline,1,1,1,6256516,5441382
262144,same_object,4,24,unsafe_unpinned_baseline,1,1,2,5582059,5297410
262144,same_object,4,24,unsafe_unpinned_baseline,1,1,3,4639485,4362940
262144,same_object,4,24,unsafe_unpinned_baseline,1,2,0,5895112,5534519
262144,same_object,4,24,unsafe_unpinned_baseline,1,2,1,5509452,5026718
262144,same_object,4,24,unsafe_unpinned_baseline,1,2,2,5578112,5312108
262144,same_object,4,24,unsafe_unpinned_baseline,1,2,3,4543583,4161810
262144,same_object,4,24,unsafe_unpinned_baseline,1,3,0,5692849,5343527
262144,same_object,4,24,unsafe_unpinned_baseline,1,3,1,5479405,5213802
262144,same_object,4,24,unsafe_unpinned_baseline,1,3,2,5838174,5592900
262144,same_object,4,24,unsafe_unpinned_baseline,1,3,3,4445998,4060759
262144,same_object,4,24,pinned,1,0,0,9914753,7562549
262144,same_object,4,24,pinned,1,0,1,10007729,7677186
262144,same_object,4,24,pinned,1,0,2,9210389,6311701
262144,same_object,4,24,pinned,1,0,3,6313805,4250448
262144,same_object,4,24,pinned,1,1,0,10032816,7560525
262144,same_object,4,24,pinned,1,1,1,9986078,8094927
262144,same_object,4,24,pinned,1,1,2,8752903,6401821
262144,same_object,4,24,pinned,1,1,3,7028267,4796352
262144,same_object,4,24,pinned,1,2,0,10103049,7615128
262144,same_object,4,24,pinned,1,2,1,10018909,7948189
262144,same_object,4,24,pinned,1,2,2,9202373,6188116
262144,same_object,4,24,pinned,1,2,3,6577253,4751516
262144,same_object,4,24,pinned,1,3,0,8512407,5835639
262144,same_object,4,24,pinned,1,3,1,10865323,8501546
262144,same_object,4,24,pinned,1,3,2,9887701,7154797
262144,same_object,4,24,pinned,1,3,3,7230069,4989658
262144,same_object,4,24,pinned,2,0,0,8783551,5765235
262144,same_object,4,24,pinned,2,0,1,9312182,7104652
262144,same_object,4,24,pinned,2,0,2,10035921,7646508
262144,same_object,4,24,pinned,2,0,3,6391662,4349346
262144,same_object,4,24,pinned,2,1,0,8751741,5218711
262144,same_object,4,24,pinned,2,1,1,9260193,7016916
262144,same_object,4,24,pinned,2,1,2,10087890,7439326
262144,same_object,4,24,pinned,2,1,3,6349903,4115743
262144,same_object,4,24,pinned,2,2,0,8689112,5158988
262144,same_object,4,24,pinned,2,2,1,9386472,7247012
262144,same_object,4,24,pinned,2,2,2,10131142,7904336
262144,same_object,4,24,pinned,2,2,3,6418923,4467199
262144,same_object,4,24,pinned,2,3,0,8737243,5986875
262144,same_object,4,24,pinned,2,3,1,3937164,1829474
262144,same_object,4,24,pinned,2,3,2,5907635,3770459
262144,same_object,4,24,pinned,2,3,3,9423091,7198549
262144,same_object,4,24,unsafe_unpinned_baseline,2,0,0,9543920,9094329
262144,same_object,4,24,unsafe_unpinned_baseline,2,0,1,4781433,4452871
262144,same_object,4,24,unsafe_unpinned_baseline,2,0,2,5048398,4798074
262144,same_object,4,24,unsafe_unpinned_baseline,2,0,3,6187506,5666569
262144,same_object,4,24,unsafe_unpinned_baseline,2,1,0,9350284,8978841
262144,same_object,4,24,unsafe_unpinned_baseline,2,1,1,4753360,4452671
262144,same_object,4,24,unsafe_unpinned_baseline,2,1,2,5040273,4770653
262144,same_object,4,24,unsafe_unpinned_baseline,2,1,3,6418563,5945597
262144,same_object,4,24,unsafe_unpinned_baseline,2,2,0,9330476,8866197
262144,same_object,4,24,unsafe_unpinned_baseline,2,2,1,4872055,4531290
262144,same_object,4,24,unsafe_unpinned_baseline,2,2,2,5205296,4955242
262144,same_object,4,24,unsafe_unpinned_baseline,2,2,3,6541005,6063120
262144,same_object,4,24,unsafe_unpinned_baseline,2,3,0,9258621,8929386
262144,same_object,4,24,unsafe_unpinned_baseline,2,3,1,4650245,4337052
262144,same_object,4,24,unsafe_unpinned_baseline,2,3,2,5217699,4932620
262144,same_object,4,24,unsafe_unpinned_baseline,2,3,3,6791850,6329504
262144,same_object,4,24,unsafe_unpinned_baseline,3,0,0,7495622,7062201
262144,same_object,4,24,unsafe_unpinned_baseline,3,0,1,5024593,4664481
262144,same_object,4,24,unsafe_unpinned_baseline,3,0,2,4609728,4374794
262144,same_object,4,24,unsafe_unpinned_baseline,3,0,3,3950469,3643559
262144,same_object,4,24,unsafe_unpinned_baseline,3,1,0,7449395,6745662
262144,same_object,4,24,unsafe_unpinned_baseline,3,1,1,5072514,4663390
262144,same_object,4,24,unsafe_unpinned_baseline,3,1,2,4821830,4519297
262144,same_object,4,24,unsafe_unpinned_baseline,3,1,3,4343735,4082560
262144,same_object,4,24,unsafe_unpinned_baseline,3,2,0,7383239,6681711
262144,same_object,4,24,unsafe_unpinned_baseline,3,2,1,4523205,4034178
262144,same_object,4,24,unsafe_unpinned_baseline,3,2,2,5204194,4860583
262144,same_object,4,24,unsafe_unpinned_baseline,3,2,3,4230470,3925833
262144,same_object,4,24,unsafe_unpinned_baseline,3,3,0,6845612,6380161
262144,same_object,4,24,unsafe_unpinned_baseline,3,3,1,5595605,4832340
262144,same_object,4,24,unsafe_unpinned_baseline,3,3,2,4856996,4531130
262144,same_object,4,24,unsafe_unpinned_baseline,3,3,3,4220161,4003771
262144,same_object,4,24,pinned,3,0,0,7359234,4978426
262144,same_object,4,24,pinned,3,0,1,7385213,5386949
262144,same_object,4,24,pinned,3,0,2,7340548,5464076
262144,same_object,4,24,pinned,3,0,3,7190655,5561030
262144,same_object,4,24,pinned,3,1,0,7379773,4941536
262144,same_object,4,24,pinned,3,1,1,6959276,4890840
262144,same_object,4,24,pinned,3,1,2,7639334,5648645
262144,same_object,4,24,pinned,3,1,3,7444385,5620411
262144,same_object,4,24,pinned,3,2,0,7277529,4639845
262144,same_object,4,24,pinned,3,2,1,7030111,4600500
262144,same_object,4,24,pinned,3,2,2,7925696,6035517
262144,same_object,4,24,pinned,3,2,3,7540046,5750128
262144,same_object,4,24,pinned,3,3,0,7186487,5026908
262144,same_object,4,24,pinned,3,3,1,7400141,5497138
262144,same_object,4,24,pinned,3,3,2,8002733,5805712
262144,same_object,4,24,pinned,3,3,3,7000725,5634789
262144,same_object,4,24,pinned,4,0,0,5863472,3820383
262144,same_object,4,24,pinned,4,0,1,8724419,6250344
262144,same_object,4,24,pinned,4,0,2,7735617,5986515
262144,same_object,4,24,pinned,4,0,3,6442949,5130233
262144,same_object,4,24,pinned,4,1,0,5660417,3855059
262144,same_object,4,24,pinned,4,1,1,8320313,6604565
262144,same_object,4,24,pinned,4,1,2,8028862,5494914
262144,same_object,4,24,pinned,4,1,3,6560431,5181912
262144,same_object,4,24,pinned,4,2,0,5465648,3858235
262144,same_object,4,24,pinned,4,2,1,9328002,6686781
262144,same_object,4,24,pinned,4,2,2,7350678,5509793
262144,same_object,4,24,pinned,4,2,3,5809109,4243615
262144,same_object,4,24,pinned,4,3,0,5337176,3657485
262144,same_object,4,24,pinned,4,3,1,8624630,4780542
262144,same_object,4,24,pinned,4,3,2,7918593,5279997
262144,same_object,4,24,pinned,4,3,3,6643008,5145653
262144,same_object,4,24,unsafe_unpinned_baseline,4,0,0,4732911,4366077
262144,same_object,4,24,unsafe_unpinned_baseline,4,0,1,4242462,3957413
262144,same_object,4,24,unsafe_unpinned_baseline,4,0,2,4241741,3935712
262144,same_object,4,24,unsafe_unpinned_baseline,4,0,3,4828682,4517874
262144,same_object,4,24,unsafe_unpinned_baseline,4,1,0,4293500,3940862
262144,same_object,4,24,unsafe_unpinned_baseline,4,1,1,4592004,4305723
262144,same_object,4,24,unsafe_unpinned_baseline,4,1,2,4377248,4062843
262144,same_object,4,24,unsafe_unpinned_baseline,4,1,3,4661427,4376687
262144,same_object,4,24,unsafe_unpinned_baseline,4,2,0,4625207,4253374
262144,same_object,4,24,unsafe_unpinned_baseline,4,2,1,4605490,4331511
262144,same_object,4,24,unsafe_unpinned_baseline,4,2,2,4501323,4241090
262144,same_object,4,24,unsafe_unpinned_baseline,4,2,3,4483830,4202237
262144,same_object,4,24,unsafe_unpinned_baseline,4,3,0,4864340,4502655
262144,same_object,4,24,unsafe_unpinned_baseline,4,3,1,4297667,4028427
262144,same_object,4,24,unsafe_unpinned_baseline,4,3,2,4338414,4074925
262144,same_object,4,24,unsafe_unpinned_baseline,4,3,3,4761315,4461146
262144,same_object,4,24,unsafe_unpinned_baseline,5,0,0,3555672,3225086
262144,same_object,4,24,unsafe_unpinned_baseline,5,0,1,5397880,5034021
262144,same_object,4,24,unsafe_unpinned_baseline,5,0,2,5381078,4925346
262144,same_object,4,24,unsafe_unpinned_baseline,5,0,3,5684182,5124462
262144,same_object,4,24,unsafe_unpinned_baseline,5,1,0,3807298,3474409
262144,same_object,4,24,unsafe_unpinned_baseline,5,1,1,5189696,4883156
262144,same_object,4,24,unsafe_unpinned_baseline,5,1,2,5144982,4724806
262144,same_object,4,24,unsafe_unpinned_baseline,5,1,3,6027282,5409953
262144,same_object,4,24,unsafe_unpinned_baseline,5,2,0,4054257,3659579
262144,same_object,4,24,unsafe_unpinned_baseline,5,2,1,4663790,4376566
262144,same_object,4,24,unsafe_unpinned_baseline,5,2,2,5356101,4737611
262144,same_object,4,24,unsafe_unpinned_baseline,5,2,3,5661730,5281419
262144,same_object,4,24,unsafe_unpinned_baseline,5,3,0,3912989,3605577
262144,same_object,4,24,unsafe_unpinned_baseline,5,3,1,4851145,4546669
262144,same_object,4,24,unsafe_unpinned_baseline,5,3,2,5530542,5114704
262144,same_object,4,24,unsafe_unpinned_baseline,5,3,3,5854004,5242506
262144,same_object,4,24,pinned,5,0,0,5646501,3243290
262144,same_object,4,24,pinned,5,0,1,6421388,4725026
262144,same_object,4,24,pinned,5,0,2,9151307,7161479
262144,same_object,4,24,pinned,5,0,3,6224645,4640275
262144,same_object,4,24,pinned,5,1,0,5842672,3667484
262144,same_object,4,24,pinned,5,1,1,6601790,5018843
262144,same_object,4,24,pinned,5,1,2,8245351,6684467
262144,same_object,4,24,pinned,5,1,3,6464290,4917170
262144,same_object,4,24,pinned,5,2,0,5851850,3573877
262144,same_object,4,24,pinned,5,2,1,6492673,4927329
262144,same_object,4,24,pinned,5,2,2,8622556,7358703
262144,same_object,4,24,pinned,5,2,3,7192328,5135323
262144,same_object,4,24,pinned,5,3,0,5870715,3499416
262144,same_object,4,24,pinned,5,3,1,6982140,5209523
262144,same_object,4,24,pinned,5,3,2,7910548,6535694
262144,same_object,4,24,pinned,5,3,3,7393899,4902102
262144,same_object,16,24,pinned,-2,0,0,20414092,17928736
262144,same_object,16,24,pinned,-2,0,1,21122654,18603103
262144,same_object,16,24,pinned,-2,0,2,16380164,14054260
262144,same_object,16,24,pinned,-2,0,3,12090883,10541148
262144,same_object,16,24,pinned,-2,1,0,18081004,15222282
262144,same_object,16,24,pinned,-2,1,1,23527176,19961636
262144,same_object,16,24,pinned,-2,1,2,25484252,23142458
262144,same_object,16,24,pinned,-2,1,3,17130014,15066186
262144,same_object,16,24,pinned,-2,2,0,22548032,20013474
262144,same_object,16,24,pinned,-2,2,1,21576482,19204091
262144,same_object,16,24,pinned,-2,2,2,24812200,22742741
262144,same_object,16,24,pinned,-2,2,3,15594656,14089097
262144,same_object,16,24,pinned,-2,3,0,21362197,18439042
262144,same_object,16,24,pinned,-2,3,1,20222900,17725541
262144,same_object,16,24,pinned,-2,3,2,24842737,22542572
262144,same_object,16,24,pinned,-2,3,3,17693280,15461534
262144,same_object,16,24,pinned,-2,4,0,22617013,19577267
262144,same_object,16,24,pinned,-2,4,1,21231400,19160509
262144,same_object,16,24,pinned,-2,4,2,23199947,21374280
262144,same_object,16,24,pinned,-2,4,3,18239444,16169004
262144,same_object,16,24,pinned,-2,5,0,20358817,17668954
262144,same_object,16,24,pinned,-2,5,1,21180322,18684387
262144,same_object,16,24,pinned,-2,5,2,21145456,18923790
262144,same_object,16,24,pinned,-2,5,3,17969623,15930392
262144,same_object,16,24,pinned,-2,6,0,17406607,14555209
262144,same_object,16,24,pinned,-2,6,1,23430082,19584511
262144,same_object,16,24,pinned,-2,6,2,18767625,16571086
262144,same_object,16,24,pinned,-2,6,3,21037682,19374183
262144,same_object,16,24,pinned,-2,7,0,20369898,17514181
262144,same_object,16,24,pinned,-2,7,1,21237651,18706128
262144,same_object,16,24,pinned,-2,7,2,16277329,13822091
262144,same_object,16,24,pinned,-2,7,3,12015731,10678289
262144,same_object,16,24,pinned,-2,8,0,21325538,18563498
262144,same_object,16,24,pinned,-2,8,1,21663568,19304211
262144,same_object,16,24,pinned,-2,8,2,23952963,21868987
262144,same_object,16,24,pinned,-2,8,3,17146795,14980794
262144,same_object,16,24,pinned,-2,9,0,20315245,17427958
262144,same_object,16,24,pinned,-2,9,1,21297194,18909954
262144,same_object,16,24,pinned,-2,9,2,20879734,18975488
262144,same_object,16,24,pinned,-2,9,3,21263760,18534052
262144,same_object,16,24,pinned,-2,10,0,22515120,19468031
262144,same_object,16,24,pinned,-2,10,1,21225287,19051522
262144,same_object,16,24,pinned,-2,10,2,23231577,21378618
262144,same_object,16,24,pinned,-2,10,3,16762388,15001023
262144,same_object,16,24,pinned,-2,11,0,21533652,18669398
262144,same_object,16,24,pinned,-2,11,1,21407132,19217276
262144,same_object,16,24,pinned,-2,11,2,21396132,19144658
262144,same_object,16,24,pinned,-2,11,3,18378939,16759662
262144,same_object,16,24,pinned,-2,12,0,21611309,18710957
262144,same_object,16,24,pinned,-2,12,1,21404818,19288340
262144,same_object,16,24,pinned,-2,12,2,23917004,21762224
262144,same_object,16,24,pinned,-2,12,3,17030715,15020420
262144,same_object,16,24,pinned,-2,13,0,22462190,19658501
262144,same_object,16,24,pinned,-2,13,1,20595485,18438531
262144,same_object,16,24,pinned,-2,13,2,24097946,21784005
262144,same_object,16,24,pinned,-2,13,3,17488442,15624834
262144,same_object,16,24,pinned,-2,14,0,22289442,19682476
262144,same_object,16,24,pinned,-2,14,1,21408985,19221805
262144,same_object,16,24,pinned,-2,14,2,23180259,21407794
262144,same_object,16,24,pinned,-2,14,3,18410158,16384783
262144,same_object,16,24,pinned,-2,15,0,22343676,19489872
262144,same_object,16,24,pinned,-2,15,1,21416099,19238115
262144,same_object,16,24,pinned,-2,15,2,25059838,22862097
262144,same_object,16,24,pinned,-2,15,3,15320047,13682867
262144,same_object,16,24,unsafe_unpinned_baseline,-2,0,0,16802464,16355557
262144,same_object,16,24,unsafe_unpinned_baseline,-2,0,1,18406170,17773171
262144,same_object,16,24,unsafe_unpinned_baseline,-2,0,2,16391585,16055950
262144,same_object,16,24,unsafe_unpinned_baseline,-2,0,3,22520130,22156391
262144,same_object,16,24,unsafe_unpinned_baseline,-2,1,0,17991766,17568373
262144,same_object,16,24,unsafe_unpinned_baseline,-2,1,1,17410766,16876164
262144,same_object,16,24,unsafe_unpinned_baseline,-2,1,2,16157543,15721908
262144,same_object,16,24,unsafe_unpinned_baseline,-2,1,3,26231266,25824867
262144,same_object,16,24,unsafe_unpinned_baseline,-2,2,0,27850723,27429345
262144,same_object,16,24,unsafe_unpinned_baseline,-2,2,1,22956226,22529818
262144,same_object,16,24,unsafe_unpinned_baseline,-2,2,2,22732502,22353634
262144,same_object,16,24,unsafe_unpinned_baseline,-2,2,3,13396726,13038858
262144,same_object,16,24,unsafe_unpinned_baseline,-2,3,0,26743255,26342336
262144,same_object,16,24,unsafe_unpinned_baseline,-2,3,1,24135598,23617968
262144,same_object,16,24,unsafe_unpinned_baseline,-2,3,2,22281878,21878394
262144,same_object,16,24,unsafe_unpinned_baseline,-2,3,3,13697645,13251220
262144,same_object,16,24,unsafe_unpinned_baseline,-2,4,0,30042933,29687139
262144,same_object,16,24,unsafe_unpinned_baseline,-2,4,1,20643346,20042298
262144,same_object,16,24,unsafe_unpinned_baseline,-2,4,2,23340873,22943230
262144,same_object,16,24,unsafe_unpinned_baseline,-2,4,3,13441059,13073614
262144,same_object,16,24,unsafe_unpinned_baseline,-2,5,0,33623392,33243663
262144,same_object,16,24,unsafe_unpinned_baseline,-2,5,1,18806928,18437469
262144,same_object,16,24,unsafe_unpinned_baseline,-2,5,2,21704615,21336188
262144,same_object,16,24,unsafe_unpinned_baseline,-2,5,3,13817052,13437643
262144,same_object,16,24,unsafe_unpinned_baseline,-2,6,0,18620506,18231530
262144,same_object,16,24,unsafe_unpinned_baseline,-2,6,1,16770212,16247462
262144,same_object,16,24,unsafe_unpinned_baseline,-2,6,2,16041913,15567014
262144,same_object,16,24,unsafe_unpinned_baseline,-2,6,3,22396185,22058506
262144,same_object,16,24,unsafe_unpinned_baseline,-2,7,0,27770100,27369511
262144,same_object,16,24,unsafe_unpinned_baseline,-2,7,1,21673376,21352639
262144,same_object,16,24,unsafe_unpinned_baseline,-2,7,2,22840727,22363072
262144,same_object,16,24,unsafe_unpinned_baseline,-2,7,3,14618599,13906090
262144,same_object,16,24,unsafe_unpinned_baseline,-2,8,0,18825113,18452247
262144,same_object,16,24,unsafe_unpinned_baseline,-2,8,1,16435729,16058515
262144,same_object,16,24,unsafe_unpinned_baseline,-2,8,2,16063645,15737007
262144,same_object,16,24,unsafe_unpinned_baseline,-2,8,3,22488630,22071841
262144,same_object,16,24,unsafe_unpinned_baseline,-2,9,0,20065412,19712353
262144,same_object,16,24,unsafe_unpinned_baseline,-2,9,1,20416647,20068909
262144,same_object,16,24,unsafe_unpinned_baseline,-2,9,2,16159446,15444923
262144,same_object,16,24,unsafe_unpinned_baseline,-2,9,3,18366295,17633798
262144,same_object,16,24,unsafe_unpinned_baseline,-2,10,0,27685920,27307634
262144,same_object,16,24,unsafe_unpinned_baseline,-2,10,1,24777634,24331800
262144,same_object,16,24,unsafe_unpinned_baseline,-2,10,2,21470622,21130278
262144,same_object,16,24,unsafe_unpinned_baseline,-2,10,3,12985356,12617951
262144,same_object,16,24,unsafe_unpinned_baseline,-2,11,0,27749912,27284921
262144,same_object,16,24,unsafe_unpinned_baseline,-2,11,1,21688966,21350144
262144,same_object,16,24,unsafe_unpinned_baseline,-2,11,2,24679188,24144706
262144,same_object,16,24,unsafe_unpinned_baseline,-2,11,3,13815519,13246721
262144,same_object,16,24,unsafe_unpinned_baseline,-2,12,0,27785719,27190683
262144,same_object,16,24,unsafe_unpinned_baseline,-2,12,1,21598314,21217012
262144,same_object,16,24,unsafe_unpinned_baseline,-2,12,2,22872306,22311073
262144,same_object,16,24,unsafe_unpinned_baseline,-2,12,3,14556241,14000789
262144,same_object,16,24,unsafe_unpinned_baseline,-2,13,0,18800797,18437299
262144,same_object,16,24,unsafe_unpinned_baseline,-2,13,1,24394138,23863052
262144,same_object,16,24,unsafe_unpinned_baseline,-2,13,2,16684380,16063345
262144,same_object,16,24,unsafe_unpinned_baseline,-2,13,3,16162071,15531918
262144,same_object,16,24,unsafe_unpinned_baseline,-2,14,0,26585356,26208964
262144,same_object,16,24,unsafe_unpinned_baseline,-2,14,1,22803506,22385103
262144,same_object,16,24,unsafe_unpinned_baseline,-2,14,2,24692132,24130780
262144,same_object,16,24,unsafe_unpinned_baseline,-2,14,3,13383179,13038026
262144,same_object,16,24,unsafe_unpinned_baseline,-2,15,0,33487795,33137573
262144,same_object,16,24,unsafe_unpinned_baseline,-2,15,1,18910315,18416610
262144,same_object,16,24,unsafe_unpinned_baseline,-2,15,2,21574389,21215058
262144,same_object,16,24,unsafe_unpinned_baseline,-2,15,3,12849339,12508894
262144,same_object,16,24,unsafe_unpinned_baseline,-1,0,0,16895490,16454665
262144,same_object,16,24,unsafe_unpinned_baseline,-1,0,1,20765297,20091020
262144,same_object,16,24,unsafe_unpinned_baseline,-1,0,2,18584257,18278228
262144,same_object,16,24,unsafe_unpinned_baseline,-1,0,3,17479275,17150302
262144,same_object,16,24,unsafe_unpinned_baseline,-1,1,0,23213022,22611232
262144,same_object,16,24,unsafe_unpinned_baseline,-1,1,1,15668026,15328303
262144,same_object,16,24,unsafe_unpinned_baseline,-1,1,2,17270410,16742250
262144,same_object,16,24,unsafe_unpinned_baseline,-1,1,3,17579696,17232628
262144,same_object,16,24,unsafe_unpinned_baseline,-1,2,0,18324776,17503651
262144,same_object,16,24,unsafe_unpinned_baseline,-1,2,1,26923587,26393964
262144,same_object,16,24,unsafe_unpinned_baseline,-1,2,2,11489214,11143098
262144,same_object,16,24,unsafe_unpinned_baseline,-1,2,3,16016776,15731025
262144,same_object,16,24,unsafe_unpinned_baseline,-1,3,0,22098402,21277717
262144,same_object,16,24,unsafe_unpinned_baseline,-1,3,1,16609157,16064807
262144,same_object,16,24,unsafe_unpinned_baseline,-1,3,2,17448667,17109885
262144,same_object,16,24,unsafe_unpinned_baseline,-1,3,3,17523920,17018172
262144,same_object,16,24,unsafe_unpinned_baseline,-1,4,0,17757602,17337637
262144,same_object,16,24,unsafe_unpinned_baseline,-1,4,1,20955457,20635211
262144,same_object,16,24,unsafe_unpinned_baseline,-1,4,2,18173870,17794662
262144,same_object,16,24,unsafe_unpinned_baseline,-1,4,3,15771762,15489759
262144,same_object,16,24,unsafe_unpinned_baseline,-1,5,0,16864231,16375014
262144,same_object,16,24,unsafe_unpinned_baseline,-1,5,1,20735220,20061274
262144,same_object,16,24,unsafe_unpinned_baseline,-1,5,2,18605828,18322702
262144,same_object,16,24,unsafe_unpinned_baseline,-1,5,3,17406237,17065462
262144,same_object,16,24,unsafe_unpinned_baseline,-1,6,0,17590505,17152357
262144,same_object,16,24,unsafe_unpinned_baseline,-1,6,1,19791313,19423066
262144,same_object,16,24,unsafe_unpinned_baseline,-1,6,2,18725545,18267287
262144,same_object,16,24,unsafe_unpinned_baseline,-1,6,3,16694799,16469614
262144,same_object,16,24,unsafe_unpinned_baseline,-1,7,0,16837670,16436261
262144,same_object,16,24,unsafe_unpinned_baseline,-1,7,1,28116796,27438923
262144,same_object,16,24,unsafe_unpinned_baseline,-1,7,2,11945748,11504433
262144,same_object,16,24,unsafe_unpinned_baseline,-1,7,3,16686725,16395583
262144,same_object,16,24,unsafe_unpinned_baseline,-1,8,0,23010578,22185396
262144,same_object,16,24,unsafe_unpinned_baseline,-1,8,1,15681652,15290612
262144,same_object,16,24,unsafe_unpinned_baseline,-1,8,2,16389452,16088632
262144,same_object,16,24,unsafe_unpinned_baseline,-1,8,3,17788501,17478884
262144,same_object,16,24,unsafe_unpinned_baseline,-1,9,0,19619057,18858095
262144,same_object,16,24,unsafe_unpinned_baseline,-1,9,1,18992870,18231710
262144,same_object,16,24,unsafe_unpinned_baseline,-1,9,2,16188571,15846584
262144,same_object,16,24,unsafe_unpinned_baseline,-1,9,3,18060445,17483543
262144,same_object,16,24,unsafe_unpinned_baseline,-1,10,0,22822262,22106236
262144,same_object,16,24,unsafe_unpinned_baseline,-1,10,1,15838639,15504536
262144,same_object,16,24,unsafe_unpinned_baseline,-1,10,2,17336415,17046516
262144,same_object,16,24,unsafe_unpinned_baseline,-1,10,3,16825197,16556357
262144,same_object,16,24,unsafe_unpinned_baseline,-1,11,0,18522851,17768954
262144,same_object,16,24,unsafe_unpinned_baseline,-1,11,1,26490426,26156905
262144,same_object,16,24,unsafe_unpinned_baseline,-1,11,2,11734768,11409853
262144,same_object,16,24,unsafe_unpinned_baseline,-1,11,3,15678465,15280602
262144,same_object,16,24,unsafe_unpinned_baseline,-1,12,0,17291249,16864191
262144,same_object,16,24,unsafe_unpinned_baseline,-1,12,1,20237969,19459164
262144,same_object,16,24,unsafe_unpinned_baseline,-1,12,2,18546165,18245155
262144,same_object,16,24,unsafe_unpinned_baseline,-1,12,3,17509081,17233570
262144,same_object,16,24,unsafe_unpinned_baseline,-1,13,0,18419826,17697167
262144,same_object,16,24,unsafe_unpinned_baseline,-1,13,1,26780436,26398694
262144,same_object,16,24,unsafe_unpinned_baseline,-1,13,2,11440531,10842519
262144,same_object,16,24,unsafe_unpinned_baseline,-1,13,3,17231436,16824726
262144,same_object,16,24,unsafe_unpinned_baseline,-1,14,0,23280088,22778499
262144,same_object,16,24,unsafe_unpinned_baseline,-1,14,1,21443932,21065876
262144,same_object,16,24,unsafe_unpinned_baseline,-1,14,2,12039956,11698389
262144,same_object,16,24,unsafe_unpinned_baseline,-1,14,3,15942926,15575571
262144,same_object,16,24,unsafe_unpinned_baseline,-1,15,0,18525997,17789572
262144,same_object,16,24,unsafe_unpinned_baseline,-1,15,1,26274728,25946678
262144,same_object,16,24,unsafe_unpinned_baseline,-1,15,2,11953462,11608669
262144,same_object,16,24,unsafe_unpinned_baseline,-1,15,3,15905014,15529814
262144,same_object,16,24,pinned,-1,0,0,20053970,17295958
262144,same_object,16,24,pinned,-1,0,1,21816056,19740747
262144,same_object,16,24,pinned,-1,0,2,11418910,9868876
262144,same_object,16,24,pinned,-1,0,3,24491903,22953310
262144,same_object,16,24,pinned,-1,1,0,19822702,17327047
262144,same_object,16,24,pinned,-1,1,1,20037048,17828747
262144,same_object,16,24,pinned,-1,1,2,13152884,10918503
262144,same_object,16,24,pinned,-1,1,3,19788237,18156778
262144,same_object,16,24,pinned,-1,2,0,21121691,18327110
262144,same_object,16,24,pinned,-1,2,1,27665983,25661397
262144,same_object,16,24,pinned,-1,2,2,26582071,24059474
262144,same_object,16,24,pinned,-1,2,3,13846657,11970014
262144,same_object,16,24,pinned,-1,3,0,27134927,24272136
262144,same_object,16,24,pinned,-1,3,1,21554842,19572819
262144,same_object,16,24,pinned,-1,3,2,24967563,22721040
262144,same_object,16,24,pinned,-1,3,3,14841090,12337309
262144,same_object,16,24,pinned,-1,4,0,21090753,18315348
262144,same_object,16,24,pinned,-1,4,1,17748255,15696009
262144,same_object,16,24,pinned,-1,4,2,11844697,9834771
262144,same_object,16,24,pinned,-1,4,3,21675140,19822101
262144,same_object,16,24,pinned,-1,5,0,20363707,17260981
262144,same_object,16,24,pinned,-1,5,1,28527464,25637792
262144,same_object,16,24,pinned,-1,5,2,24817520,22511704
262144,same_object,16,24,pinned,-1,5,3,14775977,12373358
262144,same_object,16,24,pinned,-1,6,0,20411016,17469437
262144,same_object,16,24,pinned,-1,6,1,28290966,25516012
262144,same_object,16,24,pinned,-1,6,2,25017828,22748843
262144,same_object,16,24,pinned,-1,6,3,14869274,12379980
262144,same_object,16,24,pinned,-1,7,0,26944887,24078009
262144,same_object,16,24,pinned,-1,7,1,23247907,21234725
262144,same_object,16,24,pinned,-1,7,2,25135761,23089898
262144,same_object,16,24,pinned,-1,7,3,12602391,10764512
262144,same_object,16,24,pinned,-1,8,0,21157539,18551726
262144,same_object,16,24,pinned,-1,8,1,18214227,16476717
262144,same_object,16,24,pinned,-1,8,2,11322648,9770881
262144,same_object,16,24,pinned,-1,8,3,24761683,22476768
262144,same_object,16,24,pinned,-1,9,0,27262839,24218916
262144,same_object,16,24,pinned,-1,9,1,21311170,19517585
262144,same_object,16,24,pinned,-1,9,2,26841361,24418674
262144,same_object,16,24,pinned,-1,9,3,13750105,11889761
262144,same_object,16,24,pinned,-1,10,0,27327321,24312092
262144,same_object,16,24,pinned,-1,10,1,21265504,19633765
262144,same_object,16,24,pinned,-1,10,2,23114966,20728517
262144,same_object,16,24,pinned,-1,10,3,16255067,13653592
262144,same_object,16,24,pinned,-1,11,0,19738834,17337707
262144,same_object,16,24,pinned,-1,11,1,19721401,17764645
262144,same_object,16,24,pinned,-1,11,2,11360660,9618091
262144,same_object,16,24,pinned,-1,11,3,26915312,24709815
262144,same_object,16,24,pinned,-1,12,0,21111683,18302905
262144,same_object,16,24,pinned,-1,12,1,27404297,25248425
262144,same_object,16,24,pinned,-1,12,2,26659668,23732464
262144,same_object,16,24,pinned,-1,12,3,13001497,10916129
262144,same_object,16,24,pinned,-1,13,0,21098989,18272177
262144,same_object,16,24,pinned,-1,13,1,27584458,25603998
262144,same_object,16,24,pinned,-1,13,2,25016827,22865814
262144,same_object,16,24,pinned,-1,13,3,14678483,12484478
262144,same_object,16,24,pinned,-1,14,0,18486652,16062533
262144,same_object,16,24,pinned,-1,14,1,16494901,14819800
262144,same_object,16,24,pinned,-1,14,2,14706165,12647066
262144,same_object,16,24,pinned,-1,14,3,25605381,23122651
262144,same_object,16,24,pinned,-1,15,0,20925049,18180744
262144,same_object,16,24,pinned,-1,15,1,27864057,25589370
262144,same_object,16,24,pinned,-1,15,2,22548934,20425143
262144,same_object,16,24,pinned,-1,15,3,15225417,13252653
262144,same_object,16,24,pinned,0,0,0,24416059,19832781
262144,same_object,16,24,pinned,0,0,1,17405204,14940218
262144,same_object,16,24,pinned,0,0,2,17476530,15569168
262144,same_object,16,24,pinned,0,0,3,21487664,19711982
262144,same_object,16,24,pinned,0,1,0,21592192,18320578
262144,same_object,16,24,pinned,0,1,1,18935782,15188898
262144,same_object,16,24,pinned,0,1,2,17947101,15771492
262144,same_object,16,24,pinned,0,1,3,20829499,18683325
262144,same_object,16,24,pinned,0,2,0,23874153,19150079
262144,same_object,16,24,pinned,0,2,1,17416256,14851059
262144,same_object,16,24,pinned,0,2,2,18229455,15663497
262144,same_object,16,24,pinned,0,2,3,20824500,19143085
262144,same_object,16,24,pinned,0,3,0,23444951,18822538
262144,same_object,16,24,pinned,0,3,1,17540010,15134655
262144,same_object,16,24,pinned,0,3,2,17546893,15429153
262144,same_object,16,24,pinned,0,3,3,20722346,18195811
262144,same_object,16,24,pinned,0,4,0,23388564,18981119
262144,same_object,16,24,pinned,0,4,1,16894478,14558464
262144,same_object,16,24,pinned,0,4,2,16932470,14179106
262144,same_object,16,24,pinned,0,4,3,21990737,20135895
262144,same_object,16,24,pinned,0,5,0,22143426,19092600
262144,same_object,16,24,pinned,0,5,1,17996314,14654436
262144,same_object,16,24,pinned,0,5,2,16650986,14477282
262144,same_object,16,24,pinned,0,5,3,21606028,19656748
262144,same_object,16,24,pinned,0,6,0,20142197,17024644
262144,same_object,16,24,pinned,0,6,1,19138196,16930236
262144,same_object,16,24,pinned,0,6,2,17241225,14805242
262144,same_object,16,24,pinned,0,6,3,21712981,19697385
262144,same_object,16,24,pinned,0,7,0,23942994,19220863
262144,same_object,16,24,pinned,0,7,1,16997653,14838555
262144,same_object,16,24,pinned,0,7,2,18479740,16058135
262144,same_object,16,24,pinned,0,7,3,21230437,19485914
262144,same_object,16,24,pinned,0,8,0,21098848,18359231
262144,same_object,16,24,pinned,0,8,1,19305282,15470873
262144,same_object,16,24,pinned,0,8,2,18025199,15754970
262144,same_object,16,24,pinned,0,8,3,20802868,18925303
262144,same_object,16,24,pinned,0,9,0,24278719,19852538
262144,same_object,16,24,pinned,0,9,1,17649607,15090502
262144,same_object,16,24,pinned,0,9,2,23930680,21823591
262144,same_object,16,24,pinned,0,9,3,14107351,11965636
262144,same_object,16,24,pinned,0,10,0,23825200,19841648
262144,same_object,16,24,pinned,0,10,1,16920427,14883510
262144,same_object,16,24,pinned,0,10,2,16770523,14883170
262144,same_object,16,24,pinned,0,10,3,21527871,19825127
262144,same_object,16,24,pinned,0,11,0,23341114,18662465
262144,same_object,16,24,pinned,0,11,1,18403926,15787752
262144,same_object,16,24,pinned,0,11,2,25619327,23365379
262144,same_object,16,24,pinned,0,11,3,13128618,11212620
262144,same_object,16,24,pinned,0,12,0,20097573,17129273
262144,same_object,16,24,pinned,0,12,1,18738119,16988747
262144,same_object,16,24,pinned,0,12,2,17681238,14853343
262144,same_object,16,24,pinned,0,12,3,21662977,19637341
262144,same_object,16,24,pinned,0,13,0,23351954,18695608
262144,same_object,16,24,pinned,0,13,1,17079388,14588492
262144,same_object,16,24,pinned,0,13,2,17830109,15742417
262144,same_object,16,24,pinned,0,13,3,20852241,18568106
262144,same_object,16,24,pinned,0,14,0,24193227,19271489
262144,same_object,16,24,pinned,0,14,1,17198193,14827625
262144,same_object,16,24,pinned,0,14,2,18113226,15723862
262144,same_object,16,24,pinned,0,14,3,20779063,19018209
262144,same_object,16,24,pinned,0,15,0,20150703,17081633
262144,same_object,16,24,pinned,0,15,1,18495679,15982120
262144,same_object,16,24,pinned,0,15,2,8421485,6533059
262144,same_object,16,24,pinned,0,15,3,12367416,10454674
262144,same_object,16,24,unsafe_unpinned_baseline,0,0,0,25802845,25277691
262144,same_object,16,24,unsafe_unpinned_baseline,0,0,1,26584716,26232890
262144,same_object,16,24,unsafe_unpinned_baseline,0,0,2,20505986,20166223
262144,same_object,16,24,unsafe_unpinned_baseline,0,0,3,7235540,6828559
262144,same_object,16,24,unsafe_unpinned_baseline,0,1,0,21211151,20694603
262144,same_object,16,24,unsafe_unpinned_baseline,0,1,1,24040699,23739288
262144,same_object,16,24,unsafe_unpinned_baseline,0,1,2,18494929,18190051
262144,same_object,16,24,unsafe_unpinned_baseline,0,1,3,14553726,14028582
262144,same_object,16,24,unsafe_unpinned_baseline,0,2,0,21073690,20481850
262144,same_object,16,24,unsafe_unpinned_baseline,0,2,1,18035067,17737514
262144,same_object,16,24,unsafe_unpinned_baseline,0,2,2,20447375,20190839
262144,same_object,16,24,unsafe_unpinned_baseline,0,2,3,17785615,17470819
262144,same_object,16,24,unsafe_unpinned_baseline,0,3,0,20224423,19566096
262144,same_object,16,24,unsafe_unpinned_baseline,0,3,1,18928129,18201322
262144,same_object,16,24,unsafe_unpinned_baseline,0,3,2,20193905,19798737
262144,same_object,16,24,unsafe_unpinned_baseline,0,3,3,17895644,17551091
262144,same_object,16,24,unsafe_unpinned_baseline,0,4,0,25853591,25310893
262144,same_object,16,24,unsafe_unpinned_baseline,0,4,1,18878815,18571112
262144,same_object,16,24,unsafe_unpinned_baseline,0,4,2,18927767,18626557
262144,same_object,16,24,unsafe_unpinned_baseline,0,4,3,14670798,14310906
262144,same_object,16,24,unsafe_unpinned_baseline,0,5,0,21031571,20439560
262144,same_object,16,24,unsafe_unpinned_baseline,0,5,1,24875229,24547428
262144,same_object,16,24,unsafe_unpinned_baseline,0,5,2,18802009,18461755
262144,same_object,16,24,unsafe_unpinned_baseline,0,5,3,15601660,15201733
262144,same_object,16,24,unsafe_unpinned_baseline,0,6,0,18771872,18180643
262144,same_object,16,24,unsafe_unpinned_baseline,0,6,1,19091878,18613452
262144,same_object,16,24,unsafe_unpinned_baseline,0,6,2,19495573,19123688
262144,same_object,16,24,unsafe_unpinned_baseline,0,6,3,18214377,17829879
262144,same_object,16,24,unsafe_unpinned_baseline,0,7,0,20448547,19891763
262144,same_object,16,24,unsafe_unpinned_baseline,0,7,1,18723762,18363549
262144,same_object,16,24,unsafe_unpinned_baseline,0,7,2,20201700,19821390
262144,same_object,16,24,unsafe_unpinned_baseline,0,7,3,17916443,17575297
262144,same_object,16,24,unsafe_unpinned_baseline,0,8,0,20965576,20419743
262144,same_object,16,24,unsafe_unpinned_baseline,0,8,1,18546876,18211622
262144,same_object,16,24,unsafe_unpinned_baseline,0,8,2,19795491,19513908
262144,same_object,16,24,unsafe_unpinned_baseline,0,8,3,18028856,17678894
262144,same_object,16,24,unsafe_unpinned_baseline,0,9,0,20100949,19497296
262144,same_object,16,24,unsafe_unpinned_baseline,0,9,1,18810135,18433912
262144,same_object,16,24,unsafe_unpinned_baseline,0,9,2,20497249,20180731
262144,same_object,16,24,unsafe_unpinned_baseline,0,9,3,19021044,18609746
262144,same_object,16,24,unsafe_unpinned_baseline,0,10,0,18812259,17509643
262144,same_object,16,24,unsafe_unpinned_baseline,0,10,1,21538311,21147751
262144,same_object,16,24,unsafe_unpinned_baseline,0,10,2,19691063,19336171
262144,same_object,16,24,unsafe_unpinned_baseline,0,10,3,19548143,19229810
262144,same_object,16,24,unsafe_unpinned_baseline,0,11,0,24304237,23749858
262144,same_object,16,24,unsafe_unpinned_baseline,0,11,1,27487184,27138454
262144,same_object,16,24,unsafe_unpinned_baseline,0,11,2,14679013,14349239
262144,same_object,16,24,unsafe_unpinned_baseline,0,11,3,12849730,12456805
262144,same_object,16,24,unsafe_unpinned_baseline,0,12,0,25800661,25286448
262144,same_object,16,24,unsafe_unpinned_baseline,0,12,1,26595176,26255512
262144,same_object,16,24,unsafe_unpinned_baseline,0,12,2,14843394,14510223
262144,same_object,16,24,unsafe_unpinned_baseline,0,12,3,12244975,11898158
262144,same_object,16,24,unsafe_unpinned_baseline,0,13,0,20041857,19507766
262144,same_object,16,24,unsafe_unpinned_baseline,0,13,1,20219303,19847419
262144,same_object,16,24,unsafe_unpinned_baseline,0,13,2,19787095,19450127
262144,same_object,16,24,unsafe_unpinned_baseline,0,13,3,18316921,17995011
262144,same_object,16,24,unsafe_unpinned_baseline,0,14,0,25240300,24737347
262144,same_object,16,24,unsafe_unpinned_baseline,0,14,1,18853116,18542608
262144,same_object,16,24,unsafe_unpinned_baseline,0,14,2,19525930,19193661
262144,same_object,16,24,unsafe_unpinned_baseline,0,14,3,14607809,14004376
262144,same_object,16,24,unsafe_unpinned_baseline,0,15,0,21724133,21221771
262144,same_object,16,24,unsafe_unpinned_baseline,0,15,1,30693876,30316882
262144,same_object,16,24,unsafe_unpinned_baseline,0,15,2,23342477,22925717
262144,same_object,16,24,unsafe_unpinned_baseline,0,15,3,4858530,4319669
262144,same_object,16,24,unsafe_unpinned_baseline,1,0,0,19237214,18674839
262144,same_object,16,24,unsafe_unpinned_baseline,1,0,1,17432757,17048500
262144,same_object,16,24,unsafe_unpinned_baseline,1,0,2,22848942,22464073
262144,same_object,16,24,unsafe_unpinned_baseline,1,0,3,19705791,19293941
262144,same_object,16,24,unsafe_unpinned_baseline,1,1,0,19168394,18566063
262144,same_object,16,24,unsafe_unpinned_baseline,1,1,1,17298754,16823995
262144,same_object,16,24,unsafe_unpinned_baseline,1,1,2,22956315,22528906
262144,same_object,16,24,unsafe_unpinned_baseline,1,1,3,19606493,19104242
262144,same_object,16,24,unsafe_unpinned_baseline,1,2,0,19985581,19468692
262144,same_object,16,24,unsafe_unpinned_baseline,1,2,1,19279604,18915775
262144,same_object,16,24,unsafe_unpinned_baseline,1,2,2,21323414,20889111
262144,same_object,16,24,unsafe_unpinned_baseline,1,2,3,19707484,19297939
262144,same_object,16,24,unsafe_unpinned_baseline,1,3,0,19659383,19173774
262144,same_object,16,24,unsafe_unpinned_baseline,1,3,1,16904397,16612584
262144,same_object,16,24,unsafe_unpinned_baseline,1,3,2,22970673,22627683
262144,same_object,16,24,unsafe_unpinned_baseline,1,3,3,19584692,19241011
262144,same_object,16,24,unsafe_unpinned_baseline,1,4,0,19245289,18728720
262144,same_object,16,24,unsafe_unpinned_baseline,1,4,1,17402099,16988246
262144,same_object,16,24,unsafe_unpinned_baseline,1,4,2,22934224,22544475
262144,same_object,16,24,unsafe_unpinned_baseline,1,4,3,19606162,19190305
262144,same_object,16,24,unsafe_unpinned_baseline,1,5,0,20080971,19518987
262144,same_object,16,24,unsafe_unpinned_baseline,1,5,1,19144157,18826225
262144,same_object,16,24,unsafe_unpinned_baseline,1,5,2,21333583,20966708
262144,same_object,16,24,unsafe_unpinned_baseline,1,5,3,20384085,19998766
262144,same_object,16,24,unsafe_unpinned_baseline,1,6,0,18954488,18492894
262144,same_object,16,24,unsafe_unpinned_baseline,1,6,1,17622787,17327177
262144,same_object,16,24,unsafe_unpinned_baseline,1,6,2,22771194,22423767
262144,same_object,16,24,unsafe_unpinned_baseline,1,6,3,19619207,19231593
262144,same_object,16,24,unsafe_unpinned_baseline,1,7,0,19167872,18548620
262144,same_object,16,24,unsafe_unpinned_baseline,1,7,1,17727966,17231827
262144,same_object,16,24,unsafe_unpinned_baseline,1,7,2,21249965,20497730
262144,same_object,16,24,unsafe_unpinned_baseline,1,7,3,19571516,18848888
262144,same_object,16,24,unsafe_unpinned_baseline,1,8,0,23916253,23269859
262144,same_object,16,24,unsafe_unpinned_baseline,1,8,1,13856966,13532433
262144,same_object,16,24,unsafe_unpinned_baseline,1,8,2,22826029,22483760
262144,same_object,16,24,unsafe_unpinned_baseline,1,8,3,20288384,19906571
262144,same_object,16,24,unsafe_unpinned_baseline,1,9,0,20190930,19546730
262144,same_object,16,24,unsafe_unpinned_baseline,1,9,1,24414837,24070365
262144,same_object,16,24,unsafe_unpinned_baseline,1,9,2,15524133,15058522
262144,same_object,16,24,unsafe_unpinned_baseline,1,9,3,18984455,18641947
262144,same_object,16,24,unsafe_unpinned_baseline,1,10,0,20197672,19573991
262144,same_object,16,24,unsafe_unpinned_baseline,1,10,1,24071647,23733938
262144,same_object,16,24,unsafe_unpinned_baseline,1,10,2,16213298,15871711
262144,same_object,16,24,unsafe_unpinned_baseline,1,10,3,20401137,20023262
262144,same_object,16,24,unsafe_unpinned_baseline,1,11,0,20091411,19595923
262144,same_object,16,24,unsafe_unpinned_baseline,1,11,1,19058145,18733711
262144,same_object,16,24,unsafe_unpinned_baseline,1,11,2,21320959,20959164
262144,same_object,16,24,unsafe_unpinned_baseline,1,11,3,18095482,17709220
262144,same_object,16,24,unsafe_unpinned_baseline,1,12,0,27080945,26491940
262144,same_object,16,24,unsafe_unpinned_baseline,1,12,1,11372052,11026778
262144,same_object,16,24,unsafe_unpinned_baseline,1,12,2,20767992,20372353
262144,same_object,16,24,unsafe_unpinned_baseline,1,12,3,19859502,19491615
262144,same_object,16,24,unsafe_unpinned_baseline,1,13,0,20148169,19567439
262144,same_object,16,24,unsafe_unpinned_baseline,1,13,1,24060416,23704532
262144,same_object,16,24,unsafe_unpinned_baseline,1,13,2,16087470,15685760
262144,same_object,16,24,unsafe_unpinned_baseline,1,13,3,18367998,17918557
262144,same_object,16,24,unsafe_unpinned_baseline,1,14,0,20051575,19610490
262144,same_object,16,24,unsafe_unpinned_baseline,1,14,1,24680921,24347840
262144,same_object,16,24,unsafe_unpinned_baseline,1,14,2,15524284,15122493
262144,same_object,16,24,unsafe_unpinned_baseline,1,14,3,18798493,18454411
262144,same_object,16,24,unsafe_unpinned_baseline,1,15,0,20119324,19542291
262144,same_object,16,24,unsafe_unpinned_baseline,1,15,1,24146469,23764916
262144,same_object,16,24,unsafe_unpinned_baseline,1,15,2,16150148,15814633
262144,same_object,16,24,unsafe_unpinned_baseline,1,15,3,18491322,18086174
262144,same_object,16,24,pinned,1,0,0,23390828,20467913
262144,same_object,16,24,pinned,1,0,1,19318709,17110597
262144,same_object,16,24,pinned,1,0,2,24066658,22105815
262144,same_object,16,24,pinned,1,0,3,17239100,14912495
262144,same_object,16,24,pinned,1,1,0,21708503,18632819
262144,same_object,16,24,pinned,1,1,1,20410816,17806835
262144,same_object,16,24,pinned,1,1,2,22862678,19816421
262144,same_object,16,24,pinned,1,1,3,17187052,14562533
262144,same_object,16,24,pinned,1,2,0,28093502,25180326
262144,same_object,16,24,pinned,1,2,1,16642110,14975254
262144,same_object,16,24,pinned,1,2,2,23405726,21008818
262144,same_object,16,24,pinned,1,2,3,16250318,13993245
262144,same_object,16,24,pinned,1,3,0,22120854,18825885
262144,same_object,16,24,pinned,1,3,1,19615790,17421616
262144,same_object,16,24,pinned,1,3,2,23321877,20813157
262144,same_object,16,24,pinned,1,3,3,18318364,15485731
262144,same_object,16,24,pinned,1,4,0,21739912,18758807
262144,same_object,16,24,pinned,1,4,1,20153980,17765187
262144,same_object,16,24,pinned,1,4,2,23127440,21023115
262144,same_object,16,24,pinned,1,4,3,19290435,17006790
262144,same_object,16,24,pinned,1,5,0,24304638,21115800
262144,same_object,16,24,pinned,1,5,1,20832023,18414736
262144,same_object,16,24,pinned,1,5,2,24959097,22779100
262144,same_object,16,24,pinned,1,5,3,14362463,12653999
262144,same_object,16,24,pinned,1,6,0,24367227,21377386
262144,same_object,16,24,pinned,1,6,1,17871818,15500018
262144,same_object,16,24,pinned,1,6,2,22717763,20053649
262144,same_object,16,24,pinned,1,6,3,16895670,13988175
262144,same_object,16,24,pinned,1,7,0,28027717,25370567
262144,same_object,16,24,pinned,1,7,1,16717873,14812786
262144,same_object,16,24,pinned,1,7,2,23163016,20840870
262144,same_object,16,24,pinned,1,7,3,16269916,14345472
262144,same_object,16,24,pinned,1,8,0,22909267,20392961
262144,same_object,16,24,pinned,1,8,1,21836856,19466738
262144,same_object,16,24,pinned,1,8,2,22226353,20224563
262144,same_object,16,24,pinned,1,8,3,16954432,14368565
262144,same_object,16,24,pinned,1,9,0,24199750,21282326
262144,same_object,16,24,pinned,1,9,1,20534170,18223143
262144,same_object,16,24,pinned,1,9,2,23159891,20878501
262144,same_object,16,24,pinned,1,9,3,16508598,14399334
262144,same_object,16,24,pinned,1,10,0,26885786,24092857
262144,same_object,16,24,pinned,1,10,1,15662024,13595141
262144,same_object,16,24,pinned,1,10,2,24232060,21945702
262144,same_object,16,24,pinned,1,10,3,16841718,14781447
262144,same_object,16,24,pinned,1,11,0,23325434,20522286
262144,same_object,16,24,pinned,1,11,1,19273352,17208422
262144,same_object,16,24,pinned,1,11,2,22357873,19866736
262144,same_object,16,24,pinned,1,11,3,17648205,15331448
262144,same_object,16,24,pinned,1,12,0,22105494,18935603
262144,same_object,16,24,pinned,1,12,1,19682587,17314653
262144,same_object,16,24,pinned,1,12,2,24981690,22802003
262144,same_object,16,24,pinned,1,12,3,16622844,14801394
262144,same_object,16,24,pinned,1,13,0,24443622,21422721
262144,same_object,16,24,pinned,1,13,1,20134222,17751301
262144,same_object,16,24,pinned,1,13,2,23331395,21026812
262144,same_object,16,24,pinned,1,13,3,14611074,12565992
262144,same_object,16,24,pinned,1,14,0,21677313,18922477
262144,same_object,16,24,pinned,1,14,1,19962276,17858293
262144,same_object,16,24,pinned,1,14,2,23568664,20888560
262144,same_object,16,24,pinned,1,14,3,16631050,14370919
262144,same_object,16,24,pinned,1,15,0,24272989,21219747
262144,same_object,16,24,pinned,1,15,1,20444049,18314286
262144,same_object,16,24,pinned,1,15,2,23092443,21084311
262144,same_object,16,24,pinned,1,15,3,16478189,13952638
262144,same_object,16,24,pinned,2,0,0,21960090,17664866
262144,same_object,16,24,pinned,2,0,1,17743926,15616929
262144,same_object,16,24,pinned,2,0,2,20604783,18795056
262144,same_object,16,24,pinned,2,0,3,20699843,18934331
262144,same_object,16,24,pinned,2,1,0,21173650,18262087
262144,same_object,16,24,pinned,2,1,1,16215432,14112821
262144,same_object,16,24,pinned,2,1,2,21053773,19053115
262144,same_object,16,24,pinned,2,1,3,21014308,19370295
262144,same_object,16,24,pinned,2,2,0,18400690,14744657
262144,same_object,16,24,pinned,2,2,1,15305900,13306344
262144,same_object,16,24,pinned,2,2,2,23768082,20966949
262144,same_object,16,24,pinned,2,2,3,20560379,18822178
262144,same_object,16,24,pinned,2,3,0,22238446,18062619
262144,same_object,16,24,pinned,2,3,1,16126784,14147206
262144,same_object,16,24,pinned,2,3,2,21725835,19641799
262144,same_object,16,24,pinned,2,3,3,20400376,19068223
262144,same_object,16,24,pinned,2,4,0,21011814,16730067
262144,same_object,16,24,pinned,2,4,1,16653231,14173476
262144,same_object,16,24,pinned,2,4,2,20948383,18537259
262144,same_object,16,24,pinned,2,4,3,20884142,18905155
262144,same_object,16,24,pinned,2,5,0,20176331,17440572
262144,same_object,16,24,pinned,2,5,1,15666293,13201125
262144,same_object,16,24,pinned,2,5,2,22053295,19961084
262144,same_object,16,24,pinned,2,5,3,21592533,19394271
262144,same_object,16,24,pinned,2,6,0,19268663,16512003
262144,same_object,16,24,pinned,2,6,1,16607825,13845905
262144,same_object,16,24,pinned,2,6,2,22411955,20137759
262144,same_object,16,24,pinned,2,6,3,21136169,19065759
262144,same_object,16,24,pinned,2,7,0,21602442,17650599
262144,same_object,16,24,pinned,2,7,1,16099944,14053579
262144,same_object,16,24,pinned,2,7,2,20780125,18629714
262144,same_object,16,24,pinned,2,7,3,21168781,19390754
262144,same_object,16,24,pinned,2,8,0,21199148,16870102
262144,same_object,16,24,pinned,2,8,1,18520256,16081649
262144,same_object,16,24,pinned,2,8,2,20528078,18877332
262144,same_object,16,24,pinned,2,8,3,21133924,19016215
262144,same_object,16,24,pinned,2,9,0,21603814,19259897
262144,same_object,16,24,pinned,2,9,1,17707196,15566003
262144,same_object,16,24,pinned,2,9,2,20731273,18614975
262144,same_object,16,24,pinned,2,9,3,20471511,19064216
262144,same_object,16,24,pinned,2,10,0,18993913,16648032
262144,same_object,16,24,pinned,2,10,1,8360790,5993749
262144,same_object,16,24,pinned,2,10,2,10774891,8802015
262144,same_object,16,24,pinned,2,10,3,20540431,18458519
262144,same_object,16,24,pinned,2,11,0,21118676,16800861
262144,same_object,16,24,pinned,2,11,1,16486195,14153197
262144,same_object,16,24,pinned,2,11,2,21106483,18828530
262144,same_object,16,24,pinned,2,11,3,20754136,19057724
262144,same_object,16,24,pinned,2,12,0,18340306,14673753
262144,same_object,16,24,pinned,2,12,1,16445868,14192743
262144,same_object,16,24,pinned,2,12,2,22592146,19878798
262144,same_object,16,24,pinned,2,12,3,20603821,18951403
262144,same_object,16,24,pinned,2,13,0,21116682,16908535
262144,same_object,16,24,pinned,2,13,1,15490409,13331863
262144,same_object,16,24,pinned,2,13,2,21912589,19978957
262144,same_object,16,24,pinned,2,13,3,21424355,19154296
262144,same_object,16,24,pinned,2,14,0,21582614,17628988
262144,same_object,16,24,pinned,2,14,1,17904320,15945190
262144,same_object,16,24,pinned,2,14,2,20715272,18551655
262144,same_object,16,24,pinned,2,14,3,20307661,18768686
262144,same_object,16,24,pinned,2,15,0,21138914,16718995
262144,same_object,16,24,pinned,2,15,1,16915487,14154079
262144,same_object,16,24,pinned,2,15,2,22062603,19745967
262144,same_object,16,24,pinned,2,15,3,20455300,18803523
262144,same_object,16,24,unsafe_unpinned_baseline,2,0,0,20342356,18765540
262144,same_object,16,24,unsafe_unpinned_baseline,2,0,1,14436374,14028150
262144,same_object,16,24,unsafe_unpinned_baseline,2,0,2,15732017,15246077
262144,same_object,16,24,unsafe_unpinned_baseline,2,0,3,15787783,15316540
262144,same_object,16,24,unsafe_unpinned_baseline,2,1,0,26163208,25796102
262144,same_object,16,24,unsafe_unpinned_baseline,2,1,1,17345041,16904807
262144,same_object,16,24,unsafe_unpinned_baseline,2,1,2,19577719,19230741
262144,same_object,16,24,unsafe_unpinned_baseline,2,1,3,12128013,11855858
262144,same_object,16,24,unsafe_unpinned_baseline,2,2,0,18409576,17991214
262144,same_object,16,24,unsafe_unpinned_baseline,2,2,1,24005392,23658705
262144,same_object,16,24,unsafe_unpinned_baseline,2,2,2,17608019,17249991
262144,same_object,16,24,unsafe_unpinned_baseline,2,2,3,13381276,13047925
262144,same_object,16,24,unsafe_unpinned_baseline,2,3,0,20221136,19686554
262144,same_object,16,24,unsafe_unpinned_baseline,2,3,1,15182596,14707417
262144,same_object,16,24,unsafe_unpinned_baseline,2,3,2,14653615,14347025
262144,same_object,16,24,unsafe_unpinned_baseline,2,3,3,16572778,16023780
262144,same_object,16,24,unsafe_unpinned_baseline,2,4,0,18334915,17849095
262144,same_object,16,24,unsafe_unpinned_baseline,2,4,1,14158257,13776274
262144,same_object,16,24,unsafe_unpinned_baseline,2,4,2,13666747,13211775
262144,same_object,16,24,unsafe_unpinned_baseline,2,4,3,17396599,16901892
262144,same_object,16,24,unsafe_unpinned_baseline,2,5,0,18350554,18015391
262144,same_object,16,24,unsafe_unpinned_baseline,2,5,1,14194937,13868509
262144,same_object,16,24,unsafe_unpinned_baseline,2,5,2,13635096,13175326
262144,same_object,16,24,unsafe_unpinned_baseline,2,5,3,18272347,17712256
262144,same_object,16,24,unsafe_unpinned_baseline,2,6,0,26127540,25826289
262144,same_object,16,24,unsafe_unpinned_baseline,2,6,1,17309684,16928392
262144,same_object,16,24,unsafe_unpinned_baseline,2,6,2,24162549,23770837
262144,same_object,16,24,unsafe_unpinned_baseline,2,6,3,8029173,7462951
262144,same_object,16,24,unsafe_unpinned_baseline,2,7,0,26278906,24664550
262144,same_object,16,24,unsafe_unpinned_baseline,2,7,1,20052146,19661857
262144,same_object,16,24,unsafe_unpinned_baseline,2,7,2,18163180,17829889
262144,same_object,16,24,unsafe_unpinned_baseline,2,7,3,10364975,10019902
262144,same_object,16,24,unsafe_unpinned_baseline,2,8,0,26336806,25828313
262144,same_object,16,24,unsafe_unpinned_baseline,2,8,1,17129714,16770524
262144,same_object,16,24,unsafe_unpinned_baseline,2,8,2,24775109,24390591
262144,same_object,16,24,unsafe_unpinned_baseline,2,8,3,7686183,7278170
262144,same_object,16,24,unsafe_unpinned_baseline,2,9,0,18419115,18124206
262144,same_object,16,24,unsafe_unpinned_baseline,2,9,1,14304474,14007241
262144,same_object,16,24,unsafe_unpinned_baseline,2,9,2,13540137,13008630
262144,same_object,16,24,unsafe_unpinned_baseline,2,9,3,18445915,17975856
262144,same_object,16,24,unsafe_unpinned_baseline,2,10,0,20325394,18787352
262144,same_object,16,24,unsafe_unpinned_baseline,2,10,1,15700457,15350184
262144,same_object,16,24,unsafe_unpinned_baseline,2,10,2,14448307,14155402
262144,same_object,16,24,unsafe_unpinned_baseline,2,10,3,16100765,15721928
262144,same_object,16,24,unsafe_unpinned_baseline,2,11,0,26097794,24566724
262144,same_object,16,24,unsafe_unpinned_baseline,2,11,1,17354649,16930336
262144,same_object,16,24,unsafe_unpinned_baseline,2,11,2,19519818,19188240
262144,same_object,16,24,unsafe_unpinned_baseline,2,11,3,11439119,11131536
262144,same_object,16,24,unsafe_unpinned_baseline,2,12,0,25990981,24479129
262144,same_object,16,24,unsafe_unpinned_baseline,2,12,1,17472472,17072826
262144,same_object,16,24,unsafe_unpinned_baseline,2,12,2,19587456,19235550
262144,same_object,16,24,unsafe_unpinned_baseline,2,12,3,11945558,11550439
262144,same_object,16,24,unsafe_unpinned_baseline,2,13,0,18484518,18155646
262144,same_object,16,24,unsafe_unpinned_baseline,2,13,1,23884914,23367083
262144,same_object,16,24,unsafe_unpinned_baseline,2,13,2,17571159,17007051
262144,same_object,16,24,unsafe_unpinned_baseline,2,13,3,13217526,12829893
262144,same_object,16,24,unsafe_unpinned_baseline,2,14,0,26318482,24787893
262144,same_object,16,24,unsafe_unpinned_baseline,2,14,1,19994868,19651638
262144,same_object,16,24,unsafe_unpinned_baseline,2,14,2,18428363,18060957
262144,same_object,16,24,unsafe_unpinned_baseline,2,14,3,11051034,10398479
262144,same_object,16,24,unsafe_unpinned_baseline,2,15,0,19527884,19193661
262144,same_object,16,24,unsafe_unpinned_baseline,2,15,1,16546459,16104031
262144,same_object,16,24,unsafe_unpinned_baseline,2,15,2,14385638,13892023
262144,same_object,16,24,unsafe_unpinned_baseline,2,15,3,16067141,15613513
262144,same_object,16,24,unsafe_unpinned_baseline,3,0,0,25191718,24506781
262144,same_object,16,24,unsafe_unpinned_baseline,3,0,1,26857361,26199486
262144,same_object,16,24,unsafe_unpinned_baseline,3,0,2,15016973,14530141
262144,same_object,16,24,unsafe_unpinned_baseline,3,0,3,17549378,17143469
262144,same_object,16,24,unsafe_unpinned_baseline,3,1,0,25205384,24280562
262144,same_object,16,24,unsafe_unpinned_baseline,3,1,1,27369541,26740220
262144,same_object,16,24,unsafe_unpinned_baseline,3,1,2,14432707,14099355
262144,same_object,16,24,unsafe_unpinned_baseline,3,1,3,17724910,17294525
262144,same_object,16,24,unsafe_unpinned_baseline,3,2,0,22802053,21838299
262144,same_object,16,24,unsafe_unpinned_baseline,3,2,1,21365223,20388453
262144,same_object,16,24,unsafe_unpinned_baseline,3,2,2,20510545,19747319
262144,same_object,16,24,unsafe_unpinned_baseline,3,2,3,19006296,18248732
262144,same_object,16,24,unsafe_unpinned_baseline,3,3,0,23401418,22444366
262144,same_object,16,24,unsafe_unpinned_baseline,3,3,1,20965796,20402430
262144,same_object,16,24,unsafe_unpinned_baseline,3,3,2,20719160,20110878
262144,same_object,16,24,unsafe_unpinned_baseline,3,3,3,18727529,18309758
262144,same_object,16,24,unsafe_unpinned_baseline,3,4,0,22850856,21895216
262144,same_object,16,24,unsafe_unpinned_baseline,3,4,1,21423443,20541333
262144,same_object,16,24,unsafe_unpinned_baseline,3,4,2,20620312,19959431
262144,same_object,16,24,unsafe_unpinned_baseline,3,4,3,18866783,18286674
262144,same_object,16,24,unsafe_unpinned_baseline,3,5,0,24911588,24018487
262144,same_object,16,24,unsafe_unpinned_baseline,3,5,1,20863904,20336986
262144,same_object,16,24,unsafe_unpinned_baseline,3,5,2,21464911,20895534
262144,same_object,16,24,unsafe_unpinned_baseline,3,5,3,18948367,18557997
262144,same_object,16,24,unsafe_unpinned_baseline,3,6,0,30200431,28634827
262144,same_object,16,24,unsafe_unpinned_baseline,3,6,1,15514836,14948964
262144,same_object,16,24,unsafe_unpinned_baseline,3,6,2,21450204,20872139
262144,same_object,16,24,unsafe_unpinned_baseline,3,6,3,18987110,18586121
262144,same_object,16,24,unsafe_unpinned_baseline,3,7,0,22757028,21778305
262144,same_object,16,24,unsafe_unpinned_baseline,3,7,1,21440446,20463886
262144,same_object,16,24,unsafe_unpinned_baseline,3,7,2,20550931,19839314
262144,same_object,16,24,unsafe_unpinned_baseline,3,7,3,18969477,18252118
262144,same_object,16,24,unsafe_unpinned_baseline,3,8,0,24899655,23997587
262144,same_object,16,24,unsafe_unpinned_baseline,3,8,1,20864084,20344881
262144,same_object,16,24,unsafe_unpinned_baseline,3,8,2,29399886,28803807
262144,same_object,16,24,unsafe_unpinned_baseline,3,8,3,10420500,10017978
262144,same_object,16,24,unsafe_unpinned_baseline,3,9,0,24858657,23983300
262144,same_object,16,24,unsafe_unpinned_baseline,3,9,1,20922154,20385007
262144,same_object,16,24,unsafe_unpinned_baseline,3,9,2,21407813,20854967
262144,same_object,16,24,unsafe_unpinned_baseline,3,9,3,17197372,16847148
262144,same_object,16,24,unsafe_unpinned_baseline,3,10,0,25049528,24468409
262144,same_object,16,24,unsafe_unpinned_baseline,3,10,1,25356550,24688455
262144,same_object,16,24,unsafe_unpinned_baseline,3,10,2,16593408,16200755
262144,same_object,16,24,unsafe_unpinned_baseline,3,10,3,17559597,17196370
262144,same_object,16,24,unsafe_unpinned_baseline,3,11,0,24712060,24134185
262144,same_object,16,24,unsafe_unpinned_baseline,3,11,1,24110420,23446663
262144,same_object,16,24,unsafe_unpinned_baseline,3,11,2,17427908,17053609
262144,same_object,16,24,unsafe_unpinned_baseline,3,11,3,18414786,18091474
262144,same_object,16,24,unsafe_unpinned_baseline,3,12,0,23448748,22551118
262144,same_object,16,24,unsafe_unpinned_baseline,3,12,1,20846631,20309664
262144,same_object,16,24,unsafe_unpinned_baseline,3,12,2,20397030,19723725
262144,same_object,16,24,unsafe_unpinned_baseline,3,12,3,19965242,19226854
262144,same_object,16,24,unsafe_unpinned_baseline,3,13,0,25123288,24292846
262144,same_object,16,24,unsafe_unpinned_baseline,3,13,1,27442400,26797197
262144,same_object,16,24,unsafe_unpinned_baseline,3,13,2,25803797,25409159
262144,same_object,16,24,unsafe_unpinned_baseline,3,13,3,7599348,7004412
262144,same_object,16,24,unsafe_unpinned_baseline,3,14,0,24934281,24118856
262144,same_object,16,24,unsafe_unpinned_baseline,3,14,1,22179695,21723421
262144,same_object,16,24,unsafe_unpinned_baseline,3,14,2,19069236,18624654
262144,same_object,16,24,unsafe_unpinned_baseline,3,14,3,18467546,18128595
262144,same_object,16,24,unsafe_unpinned_baseline,3,15,0,24881640,24029718
262144,same_object,16,24,unsafe_unpinned_baseline,3,15,1,20818177,20311016
262144,same_object,16,24,unsafe_unpinned_baseline,3,15,2,21355544,20749307
262144,same_object,16,24,unsafe_unpinned_baseline,3,15,3,17433719,17095519
262144,same_object,16,24,pinned,3,0,0,27361186,23179048
262144,same_object,16,24,pinned,3,0,1,22998405,20430703
262144,same_object,16,24,pinned,3,0,2,25911490,23733837
262144,same_object,16,24,pinned,3,0,3,16281748,14108213
262144,same_object,16,24,pinned,3,1,0,22959752,17944837
262144,same_object,16,24,pinned,3,1,1,25555547,23203152
262144,same_object,16,24,pinned,3,1,2,23757993,21650172
262144,same_object,16,24,pinned,3,1,3,19179705,16884308
262144,same_object,16,24,pinned,3,2,0,23848074,20498252
262144,same_object,16,24,pinned,3,2,1,23120426,20499403
262144,same_object,16,24,pinned,3,2,2,19257292,17441343
262144,same_object,16,24,pinned,3,2,3,17044482,15008848
262144,same_object,16,24,pinned,3,3,0,23032310,19950645
262144,same_object,16,24,pinned,3,3,1,23884463,21101353
262144,same_object,16,24,pinned,3,3,2,21216772,19366027
262144,same_object,16,24,pinned,3,3,3,20333028,18795938
262144,same_object,16,24,pinned,3,4,0,23792047,20463575
262144,same_object,16,24,pinned,3,4,1,23170941,20465379
262144,same_object,16,24,pinned,3,4,2,21665802,19405031
262144,same_object,16,24,pinned,3,4,3,22935396,21153773
262144,same_object,16,24,pinned,3,5,0,27294069,24045317
262144,same_object,16,24,pinned,3,5,1,22808615,19785552
262144,same_object,16,24,pinned,3,5,2,25741940,23926292
262144,same_object,16,24,pinned,3,5,3,17328830,15318313
262144,same_object,16,24,pinned,3,6,0,22987995,19471006
262144,same_object,16,24,pinned,3,6,1,24598154,22384222
262144,same_object,16,24,pinned,3,6,2,20265030,18140657
262144,same_object,16,24,pinned,3,6,3,22751267,21315128
262144,same_object,16,24,pinned,3,7,0,24649311,21236208
262144,same_object,16,24,pinned,3,7,1,24325197,20796616
262144,same_object,16,24,pinned,3,7,2,23269068,21124437
262144,same_object,16,24,pinned,3,7,3,19094533,17053890
262144,same_object,16,24,pinned,3,8,0,27085314,23195929
262144,same_object,16,24,pinned,3,8,1,22741719,20116749
262144,same_object,16,24,pinned,3,8,2,26227369,23804832
262144,same_object,16,24,pinned,3,8,3,16627022,14138980
262144,same_object,16,24,pinned,3,9,0,26783662,22831730
262144,same_object,16,24,pinned,3,9,1,23124795,20180099
262144,same_object,16,24,pinned,3,9,2,25982465,23842874
262144,same_object,16,24,pinned,3,9,3,16451740,14010026
262144,same_object,16,24,pinned,3,10,0,22859652,19435269
262144,same_object,16,24,pinned,3,10,1,25569514,23037769
262144,same_object,16,24,pinned,3,10,2,23731824,21343431
262144,same_object,16,24,pinned,3,10,3,19038126,17656721
262144,same_object,16,24,pinned,3,11,0,26987027,23141435
262144,same_object,16,24,pinned,3,11,1,22981233,20008113
262144,same_object,16,24,pinned,3,11,2,26097483,23922154
262144,same_object,16,24,pinned,3,11,3,16421712,14153759
262144,same_object,16,24,pinned,3,12,0,24660432,21638580
262144,same_object,16,24,pinned,3,12,1,24105591,20818367
262144,same_object,16,24,pinned,3,12,2,26466492,23885144
262144,same_object,16,24,pinned,3,12,3,17115416,14957660
262144,same_object,16,24,pinned,3,13,0,22829856,19443484
262144,same_object,16,24,pinned,3,13,1,24596000,22151732
262144,same_object,16,24,pinned,3,13,2,22085466,19860784
262144,same_object,16,24,pinned,3,13,3,21167939,19584311
262144,same_object,16,24,pinned,3,14,0,24690830,21387504
262144,same_object,16,24,pinned,3,14,1,23319143,20959435
262144,same_object,16,24,pinned,3,14,2,19611532,17436514
262144,same_object,16,24,pinned,3,14,3,20686538,18995175
262144,same_object,16,24,pinned,3,15,0,26789333,22743031
262144,same_object,16,24,pinned,3,15,1,21905125,19395354
262144,same_object,16,24,pinned,3,15,2,22595502,20607378
262144,same_object,16,24,pinned,3,15,3,19306184,17605694
262144,same_object,16,24,pinned,4,0,0,24658939,21718322
262144,same_object,16,24,pinned,4,0,1,18482625,16303048
262144,same_object,16,24,pinned,4,0,2,30032003,27428503
262144,same_object,16,24,pinned,4,0,3,13557861,11944536
262144,same_object,16,24,pinned,4,1,0,24379219,21620477
262144,same_object,16,24,pinned,4,1,1,18171446,15637798
262144,same_object,16,24,pinned,4,1,2,22175988,19898877
262144,same_object,16,24,pinned,4,1,3,19916460,17921723
262144,same_object,16,24,pinned,4,2,0,19741338,17352155
262144,same_object,16,24,pinned,4,2,1,21208656,19142956
262144,same_object,16,24,pinned,4,2,2,22443274,19919826
262144,same_object,16,24,pinned,4,2,3,21457638,19153374
262144,same_object,16,24,pinned,4,3,0,24574600,21826035
262144,same_object,16,24,pinned,4,3,1,18361726,15712359
262144,same_object,16,24,pinned,4,3,2,30176857,27821027
262144,same_object,16,24,pinned,4,3,3,13276367,11637004
262144,same_object,16,24,pinned,4,4,0,24510558,21764198
262144,same_object,16,24,pinned,4,4,1,18001854,15717609
262144,same_object,16,24,pinned,4,4,2,23278445,20614211
262144,same_object,16,24,pinned,4,4,3,20042699,17929899
262144,same_object,16,24,pinned,4,5,0,20767080,18460002
262144,same_object,16,24,pinned,4,5,1,20053679,18363419
262144,same_object,16,24,pinned,4,5,2,21552798,19255749
262144,same_object,16,24,pinned,4,5,3,22794399,20656260
262144,same_object,16,24,pinned,4,6,0,24196283,21571994
262144,same_object,16,24,pinned,4,6,1,18514365,16034270
262144,same_object,16,24,pinned,4,6,2,22978527,20818518
262144,same_object,16,24,pinned,4,6,3,20374787,18360023
262144,same_object,16,24,pinned,4,7,0,24281214,21601300
262144,same_object,16,24,pinned,4,7,1,18613122,15848407
262144,same_object,16,24,pinned,4,7,2,25380165,23185500
262144,same_object,16,24,pinned,4,7,3,17764575,15788414
262144,same_object,16,24,pinned,4,8,0,24616058,21703132
262144,same_object,16,24,pinned,4,8,1,18338422,16302196
262144,same_object,16,24,pinned,4,8,2,22875783,20594554
262144,same_object,16,24,pinned,4,8,3,20323791,18030629
262144,same_object,16,24,pinned,4,9,0,20770386,18372066
262144,same_object,16,24,pinned,4,9,1,22065769,19682998
262144,same_object,16,24,pinned,4,9,2,26940008,24636917
262144,same_object,16,24,pinned,4,9,3,16875061,15290821
262144,same_object,16,24,pinned,4,10,0,19494811,17201359
262144,same_object,16,24,pinned,4,10,1,21301061,19490563
262144,same_object,16,24,pinned,4,10,2,21989404,19166960
262144,same_object,16,24,pinned,4,10,3,22283161,20474917
262144,same_object,16,24,pinned,4,11,0,19484221,17139482
262144,same_object,16,24,pinned,4,11,1,19840055,18238743
262144,same_object,16,24,pinned,4,11,2,18686981,16747519
262144,same_object,16,24,pinned,4,11,3,13521552,11868001
262144,same_object,16,24,pinned,4,12,0,24546035,21571463
262144,same_object,16,24,pinned,4,12,1,18115861,15680519
262144,same_object,16,24,pinned,4,12,2,23141646,20615614
262144,same_object,16,24,pinned,4,12,3,20349720,18094741
262144,same_object,16,24,pinned,4,13,0,19793787,17307389
262144,same_object,16,24,pinned,4,13,1,20925380,19090646
262144,same_object,16,24,pinned,4,13,2,21573798,19667438
262144,same_object,16,24,pinned,4,13,3,22873549,20601035
262144,same_object,16,24,pinned,4,14,0,24270032,21678446
262144,same_object,16,24,pinned,4,14,1,18593575,16031564
262144,same_object,16,24,pinned,4,14,2,26280710,23823908
262144,same_object,16,24,pinned,4,14,3,17149230,14793931
262144,same_object,16,24,pinned,4,15,0,24280863,21678346
262144,same_object,16,24,pinned,4,15,1,18502373,15861622
262144,same_object,16,24,pinned,4,15,2,22999216,20647154
262144,same_object,16,24,pinned,4,15,3,21013717,19104051
262144,same_object,16,24,unsafe_unpinned_baseline,4,0,0,33981440,33522531
262144,same_object,16,24,unsafe_unpinned_baseline,4,0,1,24364251,23982248
262144,same_object,16,24,unsafe_unpinned_baseline,4,0,2,22864071,22332113
262144,same_object,16,24,unsafe_unpinned_baseline,4,0,3,14911583,14544308
262144,same_object,16,24,unsafe_unpinned_baseline,4,1,0,24806768,24357729
262144,same_object,16,24,unsafe_unpinned_baseline,4,1,1,22902693,22348585
262144,same_object,16,24,unsafe_unpinned_baseline,4,1,2,17054260,16567979
262144,same_object,16,24,unsafe_unpinned_baseline,4,1,3,18123174,17574485
262144,same_object,16,24,unsafe_unpinned_baseline,4,2,0,24311161,23868853
262144,same_object,16,24,unsafe_unpinned_baseline,4,2,1,13997122,13447582
262144,same_object,16,24,unsafe_unpinned_baseline,4,2,2,20686548,20283254
262144,same_object,16,24,unsafe_unpinned_baseline,4,2,3,21895747,21505107
262144,same_object,16,24,unsafe_unpinned_baseline,4,3,0,33927919,33519465
262144,same_object,16,24,unsafe_unpinned_baseline,4,3,1,24450635,24056708
262144,same_object,16,24,unsafe_unpinned_baseline,4,3,2,22682197,22307657
262144,same_object,16,24,unsafe_unpinned_baseline,4,3,3,16111405,15671342
262144,same_object,16,24,unsafe_unpinned_baseline,4,4,0,32520784,32093625
262144,same_object,16,24,unsafe_unpinned_baseline,4,4,1,23112632,22551599
262144,same_object,16,24,unsafe_unpinned_baseline,4,4,2,22553162,22016867
262144,same_object,16,24,unsafe_unpinned_baseline,4,4,3,16788377,16104663
262144,same_object,16,24,unsafe_unpinned_baseline,4,5,0,34007790,33601100
262144,same_object,16,24,unsafe_unpinned_baseline,4,5,1,25654474,25232565
262144,same_object,16,24,unsafe_unpinned_baseline,4,5,2,23592560,23237417
262144,same_object,16,24,unsafe_unpinned_baseline,4,5,3,13541129,13244977
262144,same_object,16,24,unsafe_unpinned_baseline,4,6,0,33984306,33583316
262144,same_object,16,24,unsafe_unpinned_baseline,4,6,1,24334345,23958564
262144,same_object,16,24,unsafe_unpinned_baseline,4,6,2,22538013,22001377
262144,same_object,16,24,unsafe_unpinned_baseline,4,6,3,15224276,14626163
262144,same_object,16,24,unsafe_unpinned_baseline,4,7,0,32616035,31836419
262144,same_object,16,24,unsafe_unpinned_baseline,4,7,1,22796763,22352192
262144,same_object,16,24,unsafe_unpinned_baseline,4,7,2,25746097,25197629
262144,same_object,16,24,unsafe_unpinned_baseline,4,7,3,14936851,14543947
262144,same_object,16,24,unsafe_unpinned_baseline,4,8,0,33956583,33581183
262144,same_object,16,24,unsafe_unpinned_baseline,4,8,1,24396392,23998989
262144,same_object,16,24,unsafe_unpinned_baseline,4,8,2,22751798,22388871
262144,same_object,16,24,unsafe_unpinned_baseline,4,8,3,14707537,14330583
262144,same_object,16,24,unsafe_unpinned_baseline,4,9,0,24870459,24493065
262144,same_object,16,24,unsafe_unpinned_baseline,4,9,1,22845395,22421403
262144,same_object,16,24,unsafe_unpinned_baseline,4,9,2,17095639,16610230
262144,same_object,16,24,unsafe_unpinned_baseline,4,9,3,18027934,17546722
262144,same_object,16,24,unsafe_unpinned_baseline,4,10,0,33768437,33400250
262144,same_object,16,24,unsafe_unpinned_baseline,4,10,1,24493225,24064634
262144,same_object,16,24,unsafe_unpinned_baseline,4,10,2,22549806,22141062
262144,same_object,16,24,unsafe_unpinned_baseline,4,10,3,16232545,15637748
262144,same_object,16,24,unsafe_unpinned_baseline,4,11,0,33961131,33552899
262144,same_object,16,24,unsafe_unpinned_baseline,4,11,1,25639014,25253275
262144,same_object,16,24,unsafe_unpinned_baseline,4,11,2,23348829,23049812
262144,same_object,16,24,unsafe_unpinned_baseline,4,11,3,13820438,13457299
262144,same_object,16,24,unsafe_unpinned_baseline,4,12,0,32475609,32100139
262144,same_object,16,24,unsafe_unpinned_baseline,4,12,1,25927621,25422825
262144,same_object,16,24,unsafe_unpinned_baseline,4,12,2,22608617,22238527
262144,same_object,16,24,unsafe_unpinned_baseline,4,12,3,14655970,14209264
262144,same_object,16,24,unsafe_unpinned_baseline,4,13,0,22444707,22039730
262144,same_object,16,24,unsafe_unpinned_baseline,4,13,1,15752275,14979341
262144,same_object,16,24,unsafe_unpinned_baseline,4,13,2,21143183,20748164
262144,same_object,16,24,unsafe_unpinned_baseline,4,13,3,21548489,21140707
262144,same_object,16,24,unsafe_unpinned_baseline,4,14,0,32581490,32189527
262144,same_object,16,24,unsafe_unpinned_baseline,4,14,1,22899588,22452040
262144,same_object,16,24,unsafe_unpinned_baseline,4,14,2,25658221,25152092
262144,same_object,16,24,unsafe_unpinned_baseline,4,14,3,15616949,15240256
262144,same_object,16,24,unsafe_unpinned_baseline,4,15,0,22428456,22031725
262144,same_object,16,24,unsafe_unpinned_baseline,4,15,1,15716317,14931431
262144,same_object,16,24,unsafe_unpinned_baseline,4,15,2,21205601,20811043
262144,same_object,16,24,unsafe_unpinned_baseline,4,15,3,21527831,21195932
262144,same_object,16,24,unsafe_unpinned_baseline,5,0,0,26464367,25979590
262144,same_object,16,24,unsafe_unpinned_baseline,5,0,1,16912903,16505572
262144,same_object,16,24,unsafe_unpinned_baseline,5,0,2,19620229,19207568
262144,same_object,16,24,unsafe_unpinned_baseline,5,0,3,20264038,19646448
262144,same_object,16,24,unsafe_unpinned_baseline,5,1,0,26661370,26103123
262144,same_object,16,24,unsafe_unpinned_baseline,5,1,1,17864113,17518109
262144,same_object,16,24,unsafe_unpinned_baseline,5,1,2,24105712,23742003
262144,same_object,16,24,unsafe_unpinned_baseline,5,1,3,15949598,15497543
262144,same_object,16,24,unsafe_unpinned_baseline,5,2,0,20554398,20085841
262144,same_object,16,24,unsafe_unpinned_baseline,5,2,1,20677060,20265290
262144,same_object,16,24,unsafe_unpinned_baseline,5,2,2,18827738,18317633
262144,same_object,16,24,unsafe_unpinned_baseline,5,2,3,19336772,18951392
262144,same_object,16,24,unsafe_unpinned_baseline,5,3,0,33734302,33212745
262144,same_object,16,24,unsafe_unpinned_baseline,5,3,1,14827655,14344841
262144,same_object,16,24,unsafe_unpinned_baseline,5,3,2,16578429,16212356
262144,same_object,16,24,unsafe_unpinned_baseline,5,3,3,20013824,19622974
262144,same_object,16,24,unsafe_unpinned_baseline,5,4,0,26502219,26000980
262144,same_object,16,24,unsafe_unpinned_baseline,5,4,1,22793407,22415601
262144,same_object,16,24,unsafe_unpinned_baseline,5,4,2,15881280,15399448
262144,same_object,16,24,unsafe_unpinned_baseline,5,4,3,19431031,19028609
262144,same_object,16,24,unsafe_unpinned_baseline,5,5,0,20724580,20305487
262144,same_object,16,24,unsafe_unpinned_baseline,5,5,1,20341173,20021458
262144,same_object,16,24,unsafe_unpinned_baseline,5,5,2,22007238,21568978
262144,same_object,16,24,unsafe_unpinned_baseline,5,5,3,20487821,20145323
262144,same_object,16,24,unsafe_unpinned_baseline,5,6,0,26435844,25998726
262144,same_object,16,24,unsafe_unpinned_baseline,5,6,1,18106533,17734188
262144,same_object,16,24,unsafe_unpinned_baseline,5,6,2,20668313,20359438
262144,same_object,16,24,unsafe_unpinned_baseline,5,6,3,19331522,18993803
262144,same_object,16,24,unsafe_unpinned_baseline,5,7,0,26441654,25956205
262144,same_object,16,24,unsafe_unpinned_baseline,5,7,1,18080754,17559627
262144,same_object,16,24,unsafe_unpinned_baseline,5,7,2,24022724,23634209
262144,same_object,16,24,unsafe_unpinned_baseline,5,7,3,15985416,15594406
262144,same_object,16,24,unsafe_unpinned_baseline,5,8,0,20632916,20143289
262144,same_object,16,24,unsafe_unpinned_baseline,5,8,1,24036521,23653064
262144,same_object,16,24,unsafe_unpinned_baseline,5,8,2,20481440,20124454
262144,same_object,16,24,unsafe_unpinned_baseline,5,8,3,19427474,18919181
262144,same_object,16,24,unsafe_unpinned_baseline,5,9,0,26566030,26081042
262144,same_object,16,24,unsafe_unpinned_baseline,5,9,1,22086348,21762695
262144,same_object,16,24,unsafe_unpinned_baseline,5,9,2,15817949,15449432
262144,same_object,16,24,unsafe_unpinned_baseline,5,9,3,18819543,18443010
262144,same_object,16,24,unsafe_unpinned_baseline,5,10,0,20570959,20129172
262144,same_object,16,24,unsafe_unpinned_baseline,5,10,1,20656110,20300366
262144,same_object,16,24,unsafe_unpinned_baseline,5,10,2,21765621,21260094
262144,same_object,16,24,unsafe_unpinned_baseline,5,10,3,20534981,20101370
262144,same_object,16,24,unsafe_unpinned_baseline,5,11,0,20522878,20072325
262144,same_object,16,24,unsafe_unpinned_baseline,5,11,1,24156607,23688442
262144,same_object,16,24,unsafe_unpinned_baseline,5,11,2,22571918,22215403
262144,same_object,16,24,unsafe_unpinned_baseline,5,11,3,17236786,16715389
262144,same_object,16,24,unsafe_unpinned_baseline,5,12,0,26522197,25910629
262144,same_object,16,24,unsafe_unpinned_baseline,5,12,1,16874390,16443664
262144,same_object,16,24,unsafe_unpinned_baseline,5,12,2,18594727,18157249
262144,same_object,16,24,unsafe_unpinned_baseline,5,12,3,18589407,17967138
262144,same_object,16,24,unsafe_unpinned_baseline,5,13,0,22129570,21680570
262144,same_object,16,24,unsafe_unpinned_baseline,5,13,1,19688037,19138277
262144,same_object,16,24,unsafe_unpinned_baseline,5,13,2,21205992,20876076
262144,same_object,16,24,unsafe_unpinned_baseline,5,13,3,20420794,20020417
262144,same_object,16,24,unsafe_unpinned_baseline,5,14,0,26500866,26062586
262144,same_object,16,24,unsafe_unpinned_baseline,5,14,1,23289596,22853861
262144,same_object,16,24,unsafe_unpinned_baseline,5,14,2,14610965,14264468
262144,same_object,16,24,unsafe_unpinned_baseline,5,14,3,18868656,18436157
262144,same_object,16,24,unsafe_unpinned_baseline,5,15,0,26344049,25886693
262144,same_object,16,24,unsafe_unpinned_baseline,5,15,1,23460560,23044152
262144,same_object,16,24,unsafe_unpinned_baseline,5,15,2,18693695,18351687
262144,same_object,16,24,unsafe_unpinned_baseline,5,15,3,15996147,15612290
262144,same_object,16,24,pinned,5,0,0,25433996,21570762
262144,same_object,16,24,pinned,5,0,1,25285545,21577846
262144,same_object,16,24,pinned,5,0,2,23722907,20727195
262144,same_object,16,24,pinned,5,0,3,21031180,18822017
262144,same_object,16,24,pinned,5,1,0,25622583,21850292
262144,same_object,16,24,pinned,5,1,1,25004794,21513574
262144,same_object,16,24,pinned,5,1,2,22264155,19522554
262144,same_object,16,24,pinned,5,1,3,21489598,18714855
262144,same_object,16,24,pinned,5,2,0,22206055,17783882
262144,same_object,16,24,pinned,5,2,1,25782517,23247717
262144,same_object,16,24,pinned,5,2,2,23740821,20853213
262144,same_object,16,24,pinned,5,2,3,22335611,18461535
262144,same_object,16,24,pinned,5,3,0,25231232,21647607
262144,same_object,16,24,pinned,5,3,1,25179726,22115874
262144,same_object,16,24,pinned,5,3,2,22511794,19591996
262144,same_object,16,24,pinned,5,3,3,23159910,20262504
262144,same_object,16,24,pinned,5,4,0,25359896,22058175
262144,same_object,16,24,pinned,5,4,1,25257051,22179935
262144,same_object,16,24,pinned,5,4,2,23524301,20427788
262144,same_object,16,24,pinned,5,4,3,21902209,19006897
262144,same_object,16,24,pinned,5,5,0,25533144,22400803
262144,same_object,16,24,pinned,5,5,1,25098421,21551575
262144,same_object,16,24,pinned,5,5,2,23876187,20934347
262144,same_object,16,24,pinned,5,5,3,21024317,18972953
262144,same_object,16,24,pinned,5,6,0,25428876,21702422
262144,same_object,16,24,pinned,5,6,1,25277540,21581974
262144,same_object,16,24,pinned,5,6,2,23724651,20668113
262144,same_object,16,24,pinned,5,6,3,21507251,19438885
262144,same_object,16,24,pinned,5,7,0,25314099,21702872
262144,same_object,16,24,pinned,5,7,1,25289273,22361439
262144,same_object,16,24,pinned,5,7,2,23565408,20278145
262144,same_object,16,24,pinned,5,7,3,21892000,19601043
262144,same_object,16,24,pinned,5,8,0,22864742,19284162
262144,same_object,16,24,pinned,5,8,1,25040903,21374670
262144,same_object,16,24,pinned,5,8,2,23734178,20748294
262144,same_object,16,24,pinned,5,8,3,19982505,16185695
262144,same_object,16,24,pinned,5,9,0,23448798,20493753
262144,same_object,16,24,pinned,5,9,1,25519047,22758761
262144,same_object,16,24,pinned,5,9,2,23911714,20985875
262144,same_object,16,24,pinned,5,9,3,22456078,19369845
262144,same_object,16,24,pinned,5,10,0,25546910,21950141
262144,same_object,16,24,pinned,5,10,1,24877182,20924198
262144,same_object,16,24,pinned,5,10,2,22442874,19659082
262144,same_object,16,24,pinned,5,10,3,23331556,20669235
262144,same_object,16,24,pinned,5,11,0,25306445,22007168
262144,same_object,16,24,pinned,5,11,1,25121705,21467587
262144,same_object,16,24,pinned,5,11,2,23927184,20753955
262144,same_object,16,24,pinned,5,11,3,21399037,18817679
262144,same_object,16,24,pinned,5,12,0,22489090,19462791
262144,same_object,16,24,pinned,5,12,1,26912365,24854108
262144,same_object,16,24,pinned,5,12,2,22246331,19240831
262144,same_object,16,24,pinned,5,12,3,20772240,16989137
262144,same_object,16,24,pinned,5,13,0,25183191,21655032
262144,same_object,16,24,pinned,5,13,1,25068815,22233637
262144,same_object,16,24,pinned,5,13,2,24268770,21039997
262144,same_object,16,24,pinned,5,13,3,20848365,18468408
262144,same_object,16,24,pinned,5,14,0,22359315,19513717
262144,same_object,16,24,pinned,5,14,1,26741863,24900085
262144,same_object,16,24,pinned,5,14,2,22269695,19450578
262144,same_object,16,24,pinned,5,14,3,20984442,17052738
262144,same_object,16,24,pinned,5,15,0,22261931,19422684
262144,same_object,16,24,pinned,5,15,1,25612755,22990260
262144,same_object,16,24,pinned,5,15,2,23791938,20951028
262144,same_object,16,24,pinned,5,15,3,22298891,18622449
